point_id,x,y,assigned_slot_id,assigned_layer_id,assigned_layer_name
0,52.29375644523242,90.31371895049605,108,0,outer_ring
1,51.06358666526551,90.9314915649077,129,0,outer_ring
2,43.19913908603267,88.62073635435584,288,0,outer_ring
3,47.12670400009208,89.86136981545752,221,0,outer_ring
4,41.24006984969041,88.61449944679038,307,0,outer_ring
5,45.143972514977264,88.58959652408855,267,0,outer_ring
6,45.880066204502974,88.26636306338968,255,0,outer_ring
7,43.48368966087956,73.15083309258165,1241,2,octagram
8,26.87782354244913,78.40757672619678,331,0,outer_ring
9,25.023873629654727,71.37708135564876,2363,5,text_en_1919
10,21.40913384654663,64.70162571613086,2409,5,text_en_1919
11,19.817344891392132,61.94067953722004,2435,5,text_en_1919
12,15.718748473628484,62.22804988272632,337,0,outer_ring
13,19.896680737617732,49.010396143138614,2547,5,text_en_1919
14,22.338167938419407,52.08105014410959,2537,5,text_en_1919
15,24.326969516457982,51.20845973545488,949,1,inner_ring
16,29.553828716628622,59.438516972030484,1303,2,octagram
17,30.691149496424234,56.58823076536954,1313,2,octagram
18,43.51118384815602,52.949558913740276,1709,3,stroke_nan
19,41.719910493731604,71.74819276001884,902,1,inner_ring
20,58.963434897272116,36.90534982136851,2131,4,stroke_kai
21,45.348785606549974,57.219940581052725,1665,3,stroke_nan
22,54.97970162574553,74.6765920190332,879,1,inner_ring
23,63.565372272721746,48.39246792288562,2008,4,stroke_kai
24,59.500573441799276,52.909860787513665,1965,4,stroke_kai
25,72.37688405916983,73.46636988576724,2350,5,text_en_1919
26,60.379562153637714,77.54201167105539,2313,5,text_en_1919
27,63.86983368972277,78.25464466139739,2316,5,text_en_1919
28,62.37988044500678,54.46699611358462,1951,4,stroke_kai
29,52.157921070068966,48.41142383878018,1752,3,stroke_nan
30,56.55375403556668,45.304711055692714,2049,4,stroke_kai
31,52.44492405538878,42.52431433765936,1819,3,stroke_nan
32,47.681621491310835,47.110027016443766,1770,3,stroke_nan
33,45.89849603950164,40.76422969303405,1843,3,stroke_nan
34,45.61054501791185,41.160854780717024,1842,3,stroke_nan
35,45.97305370573342,35.459360070155356,1887,3,stroke_nan
36,52.62917104975492,44.490704193045694,1804,3,stroke_nan
37,39.5907846824119,45.73616759451031,1795,3,stroke_nan
38,29.19353028091643,46.99030049626879,959,1,inner_ring
39,15.584809085031656,35.36382651869903,2691,5,text_en_1919
40,33.30493939400518,35.673230422157516,1386,2,octagram
41,39.00107108002284,49.582400972796925,1737,3,stroke_nan
42,42.44637208254869,49.998720459367334,1741,3,stroke_nan
43,23.863087929771183,42.04621190125123,2648,5,text_en_1919
44,28.0120589888756,33.181122409443475,977,1,inner_ring
45,14.83218114741295,38.14585700339496,2666,5,text_en_1919
46,31.71287063212631,8.428819543082604,360,0,outer_ring
47,46.17390190020653,22.940315195844846,1452,2,octagram
48,38.8834174887702,24.131480517703203,1003,1,inner_ring
49,47.2100564573372,23.841305302953323,1454,2,octagram
50,39.82865343170461,18.236279260274635,2719,5,text_en_1919
51,45.91500707033576,34.590628343579866,1892,3,stroke_nan
52,51.52748230744041,40.395223489614764,1847,3,stroke_nan
53,57.179377383802574,37.95110157201046,2123,4,stroke_kai
54,57.057588148703815,40.5959323209996,2081,4,stroke_kai
55,62.6900291862111,56.54011321897543,1927,4,stroke_kai
56,63.56237574989328,51.90055859509526,1983,4,stroke_kai
57,58.68845839789709,55.17387456055755,1941,4,stroke_kai
58,77.63661019854753,42.26986556926906,1592,2,octagram
59,66.89330143071626,50.911705270685,1982,4,stroke_kai
60,67.03825493590008,53.82320108659072,1959,4,stroke_kai
61,76.96935362650441,60.470122037774914,1114,2,octagram
62,70.78945754727427,61.085397972371986,1129,2,octagram
63,67.45360509018877,72.358094616252,1167,2,octagram
64,42.920817147447586,83.43760915515873,2183,5,text_en_1919
65,48.00042803568458,88.7108062947018,202,0,outer_ring
66,47.50992065780429,85.99094215527784,227,0,outer_ring
67,50.57200945672975,89.60804931658116,144,0,outer_ring
68,53.762383085209976,92.50373325821543,76,0,outer_ring
69,57.903652781501755,80.21105534914982,2247,5,text_en_1919
70,49.300539416939486,89.03472869505141,178,0,outer_ring
71,58.425260096874474,78.51751757480716,2286,5,text_en_1919
72,52.92366894283828,81.74254396974048,2220,5,text_en_1919
73,45.638593793582594,90.29797077628214,251,0,outer_ring
74,43.55112329587218,73.05027735275446,1239,2,octagram
75,27.282290736588102,62.66764396303199,2433,5,text_en_1919
76,31.13379531826825,58.62264013458838,1300,2,octagram
77,34.580826837907615,61.53687142024883,1287,2,octagram
78,50.66814710368362,84.04350833893179,2173,5,text_en_1919
79,53.467734141234956,90.1710116894106,84,0,outer_ring
80,63.420571818387394,82.37430282781939,2198,5,text_en_1919
81,67.85066069683258,82.43528209515489,2230,5,text_en_1919
82,63.71388345582402,79.2752919746758,2284,5,text_en_1919
83,68.93001614318068,83.9449631190847,2205,5,text_en_1919
84,72.19926814025312,75.11000403628572,2349,5,text_en_1919
85,68.37698741240366,78.88520251728436,2311,5,text_en_1919
86,73.53105731817081,60.94593889951249,1124,2,octagram
87,74.64699221548472,68.22921025182745,842,1,inner_ring
88,84.60210723391464,61.830761633235625,2451,5,text_en_1919
89,79.50602067709887,62.65532418020599,829,1,inner_ring
90,86.77487424129204,60.97087339232001,2455,5,text_en_1919
91,92.05505450396078,53.156185747738604,2519,5,text_en_1919
92,86.11292963157187,48.27288092120898,2577,5,text_en_1919
93,90.4322353987691,52.16836636042577,2526,5,text_en_1919
94,85.63146256730239,41.745592639577914,2660,5,text_en_1919
95,93.48540743837314,47.782881606125855,2589,5,text_en_1919
96,94.85783952707526,50.05394134223325,2555,5,text_en_1919
97,93.04262919753937,45.294255949918664,2625,5,text_en_1919
98,64.45290602629287,44.390725957898674,2062,4,stroke_kai
99,64.07410863839316,40.30917748113638,2104,4,stroke_kai
100,74.22488348203295,48.85060691929882,1614,2,octagram
101,67.01819415661417,34.016409851216736,1543,2,octagram
102,77.16297689869774,40.954809532813,1588,2,octagram
103,65.72644287144853,22.196629158237297,1049,1,inner_ring
104,78.52964106127347,33.954603164074804,1080,1,inner_ring
105,74.61991225219013,42.84294354474902,1595,2,octagram
106,69.96130336753875,34.217273826077694,1549,2,octagram
107,62.581559336168965,24.921969282881435,1499,2,octagram
108,59.77629871397399,15.811468194940131,2766,5,text_en_1919
109,61.41511897384538,16.80843713301445,2749,5,text_en_1919
110,60.16805391404998,20.401180398966726,1040,1,inner_ring
111,54.905636305331896,6.1465773776168735,561,0,outer_ring
112,53.487779438395506,9.044619542370611,511,0,outer_ring
113,49.506206922755545,13.316526542845608,2806,5,text_en_1919
114,46.32945798601881,6.217619314413968,378,0,outer_ring
115,45.68444536526222,7.455864837583313,372,0,outer_ring
116,48.37172629310768,7.162395450214102,399,0,outer_ring
117,58.402482162337755,7.214075319294936,655,0,outer_ring
118,65.48105353785928,7.8396250951495,784,0,outer_ring
119,54.920733603460135,6.135827381210218,562,0,outer_ring
120,52.611847509977856,6.730651832096821,483,0,outer_ring
121,46.96924802214506,7.688540443699505,380,0,outer_ring
122,54.91166505617355,4.795344689811566,557,0,outer_ring
123,49.65569327214949,5.909131767157783,415,0,outer_ring
124,53.53395190757597,13.26770729536669,2782,5,text_en_1919
125,54.20930196729281,5.143987954624869,532,0,outer_ring
126,58.85547637537768,7.0817007408109705,664,0,outer_ring
127,52.88215416019726,2.4211608189336333,496,0,outer_ring
128,56.169314700131494,6.927269178184503,593,0,outer_ring
129,56.306260797971184,8.783377237035308,600,0,outer_ring
130,58.798856621709554,4.791594721259914,660,0,outer_ring
131,61.70046455701881,6.232667414793398,723,0,outer_ring
132,81.70218483107058,27.30342903027691,2702,5,text_en_1919
133,59.103234868398154,17.610362755781555,2745,5,text_en_1919
134,57.48632430472244,6.40333214621798,627,0,outer_ring
135,67.33507190113498,7.267812679734334,792,0,outer_ring
136,40.189182033125384,29.914736824628577,1417,2,octagram
137,45.019613375314655,15.242661238170802,2773,5,text_en_1919
138,90.95149934419096,48.28318419566001,2579,5,text_en_1919
139,49.23173897610121,81.65206142060022,2208,5,text_en_1919
140,50.493626308710326,88.13618603126729,148,0,outer_ring
141,41.729033585202956,88.32010618684552,302,0,outer_ring
142,50.248933563471056,89.44137218663575,151,0,outer_ring
143,48.54895675602986,90.6064323324867,192,0,outer_ring
144,49.29933551596341,90.01639017351592,174,0,outer_ring
145,57.14968552550053,88.93524820484275,27,0,outer_ring
146,46.13644822102849,89.34928852529407,244,0,outer_ring
147,37.66716914888086,88.37201583172462,323,0,outer_ring
148,43.645564151023684,88.19477631878591,284,0,outer_ring
149,39.97097237132069,88.70884751939032,312,0,outer_ring
150,31.06724420078806,75.21880526897468,2338,5,text_en_1919
151,29.920216603251202,69.60283733544195,2401,5,text_en_1919
152,23.324893862600316,68.00520316233633,2402,5,text_en_1919
153,15.405493687030246,64.1275260310263,336,0,outer_ring
154,21.035223121923917,48.519026520184525,2585,5,text_en_1919
155,15.00106487099658,58.17437244032113,342,0,outer_ring
156,20.064577237308452,51.03966966322875,2538,5,text_en_1919
157,20.95022215196597,46.9858151018971,2617,5,text_en_1919
158,32.001898052664714,59.53467058641822,1295,2,octagram
159,39.544356855508596,47.71236419964416,1765,3,stroke_nan
160,46.02290736676989,61.83696940536497,1646,3,stroke_nan
161,40.85996259228028,54.77186267404406,1685,3,stroke_nan
162,42.01082279085083,51.930816397421765,1715,3,stroke_nan
163,51.76294628206333,58.35042201371468,1663,3,stroke_nan
164,52.18700465294822,68.6099805939519,1210,2,octagram
165,59.788423919453415,56.70964594503822,1930,4,stroke_kai
166,59.506375796371,56.4614469298542,1934,4,stroke_kai
167,66.62409917917552,68.10908968480638,1155,2,octagram
168,53.92482162101386,65.8968460400609,1206,2,octagram
169,58.55093941391685,69.89639994508934,1192,2,octagram
170,59.1260822263542,48.59674679799236,2005,4,stroke_kai
171,62.18596555192667,48.62413523727792,1999,4,stroke_kai
172,57.3256631643006,53.723949214365376,1964,4,stroke_kai
173,44.34241366690971,35.419391978370015,1882,3,stroke_nan
174,44.45199448705641,47.36077014308752,1779,3,stroke_nan
175,48.19034749860484,51.61484695628652,1725,3,stroke_nan
176,40.968365478242546,40.699636594536436,1841,3,stroke_nan
177,40.02937409241844,33.33093060436247,1409,2,octagram
178,34.02961206160567,34.65426451206128,1391,2,octagram
179,27.549868536679757,36.13617902675421,974,1,inner_ring
180,20.00602068340851,47.53413086194404,2594,5,text_en_1919
181,17.462679243742244,42.517134571224176,2655,5,text_en_1919
182,39.61307868945343,45.54850670224237,1796,3,stroke_nan
183,41.78946613536005,44.59516553960744,1809,3,stroke_nan
184,39.659024711037524,48.744732023383094,1742,3,stroke_nan
185,26.92974169217471,41.72609583219676,964,1,inner_ring
186,26.20973856635593,39.70313591870035,969,1,inner_ring
187,19.87258108311205,39.82548345128385,2663,5,text_en_1919
188,34.45166461772866,26.288144937077053,995,1,inner_ring
189,38.92452432634993,23.668533134598203,1004,1,inner_ring
190,46.33854665472577,17.189412522351315,2729,5,text_en_1919
191,46.06432201965508,43.63585969630049,1825,3,stroke_nan
192,50.71623594198595,14.769168906945506,2798,5,text_en_1919
193,47.97923265610792,17.680016073954427,2731,5,text_en_1919
194,51.378245750881156,34.44143615216206,1889,3,stroke_nan
195,61.175490675137404,42.11564020758112,2069,4,stroke_kai
196,62.63227094844325,42.7753963342251,2073,4,stroke_kai
197,48.71653070652107,47.88308157207745,1749,3,stroke_nan
198,66.86445130534864,30.088594011297953,1533,2,octagram
199,68.9597577277798,47.633754709990626,2016,4,stroke_kai
200,74.4006516014145,50.36386019662348,1616,2,octagram
201,63.412755132478566,47.544804723375364,2015,4,stroke_kai
202,72.68006369935065,48.36205212342191,1612,2,octagram
203,79.75755737656567,56.404358869024804,822,1,inner_ring
204,70.44432238127203,61.32773317988916,1130,2,octagram
205,66.84182728223367,70.09943448111574,1160,2,octagram
206,50.088387484215666,79.63574036508038,2273,5,text_en_1919
207,48.33546814951524,90.01969141269831,196,0,outer_ring
208,49.055163192359956,91.01335497747978,179,0,outer_ring
209,51.318364992997274,88.96732774503388,128,0,outer_ring
210,54.43058031927194,87.15072223910373,66,0,outer_ring
211,55.69123692496284,89.02720212657302,46,0,outer_ring
212,52.9986037411342,90.53158871521337,89,0,outer_ring
213,53.30713230749431,84.48807980904317,2146,5,text_en_1919
214,51.58682572870163,78.9675618423897,2261,5,text_en_1919
215,43.52160030055277,81.21570643198025,2231,5,text_en_1919
216,48.24075698936579,74.82332646007869,891,1,inner_ring
217,25.099575480304836,60.51962903270761,2461,5,text_en_1919
218,33.180145567889404,57.727015597438616,1293,2,octagram
219,29.701199435086586,67.97473951937893,2406,5,text_en_1919
220,52.94007300535195,88.82148059802807,92,0,outer_ring
221,63.780105664636075,92.27798225785097,0,0,outer_ring
222,60.2027367638152,81.08230630017808,2241,5,text_en_1919
223,56.58805423772252,90.00615533461048,33,0,outer_ring
224,61.48394656100763,83.32607763211283,2193,5,text_en_1919
225,68.70180324341307,78.44869245625108,2323,5,text_en_1919
226,68.91887525680148,84.5281644246043,2199,5,text_en_1919
227,68.1073938202975,75.02968375226459,860,1,inner_ring
228,79.28573060253747,67.63338753049742,2375,5,text_en_1919
229,73.44498342924233,70.6609221984954,849,1,inner_ring
230,79.04665076404424,64.89613753982212,832,1,inner_ring
231,86.31332806324686,57.427875979399936,2493,5,text_en_1919
232,84.0154094343871,56.75151997790302,2490,5,text_en_1919
233,86.86619527593055,58.6118577013222,2469,5,text_en_1919
234,85.7231842946252,54.58476974346809,2520,5,text_en_1919
235,81.59000286557387,48.90316225588554,809,1,inner_ring
236,88.40778497817762,40.34754288687494,2670,5,text_en_1919
237,92.09921677140267,46.689468306914975,2612,5,text_en_1919
238,78.53464763568071,46.22781036641738,1602,2,octagram
239,81.57064086833128,45.562117213054165,1102,1,inner_ring
240,58.58063047239065,48.569845120289,2012,4,stroke_kai
241,60.50722034796776,37.35627449084078,2114,4,stroke_kai
242,62.072008722782336,34.5592518122561,2138,4,stroke_kai
243,70.08767551190817,35.37221773612021,1552,2,octagram
244,68.46149138233542,33.6757210901407,1544,2,octagram
245,63.989641580517834,21.129849858052808,1046,1,inner_ring
246,78.66718687446136,41.239021203124175,1586,2,octagram
247,63.89214940754778,22.653590663692736,1505,2,octagram
248,72.84916598506052,33.62279781465723,1557,2,octagram
249,65.21627185025469,22.98952365920275,1513,2,octagram
250,57.793733446384095,13.892398437398105,2801,5,text_en_1919
251,56.06544236476848,6.753286026433911,590,0,outer_ring
252,59.89885427140663,6.345057509460359,690,0,outer_ring
253,51.72174829831429,19.268386325914776,1025,1,inner_ring
254,56.79666797128026,21.319129212943906,1035,1,inner_ring
255,51.655658035409665,15.340893826727793,2776,5,text_en_1919
256,47.55142293934789,13.915018659109244,2802,5,text_en_1919
257,51.52126968393758,6.716649484370779,452,0,outer_ring
258,47.99881446870513,6.618612670163,392,0,outer_ring
259,51.85566928731999,6.612443660590936,459,0,outer_ring
260,56.74331840923809,6.27806363394813,605,0,outer_ring
261,51.724007154007616,6.26429336532003,456,0,outer_ring
262,53.6783003678463,6.948837689207056,516,0,outer_ring
263,49.529426570756705,5.616530406976758,413,0,outer_ring
264,52.11929703339766,5.720386812756645,468,0,outer_ring
265,55.366826353582596,6.070645251653759,572,0,outer_ring
266,52.65041504569672,6.785108000336378,485,0,outer_ring
267,57.23532642317899,8.043135508377814,620,0,outer_ring
268,55.07459348217794,6.396369390263837,565,0,outer_ring
269,57.48977771025521,6.571568357070998,630,0,outer_ring
270,64.2811972810367,5.361775095299987,764,0,outer_ring
271,58.4899131065114,5.818769287636269,654,0,outer_ring
272,57.80312206822531,7.113520790331109,640,0,outer_ring
273,62.265097496828666,5.628928475687391,733,0,outer_ring
274,62.08148877374382,6.3587571320041665,729,0,outer_ring
275,56.747514063020674,5.210665490693779,603,0,outer_ring
276,60.409782100333096,6.1353672780442166,700,0,outer_ring
277,63.29457378708813,6.6732202557090465,754,0,outer_ring
278,40.26339606582199,31.022188765742836,1414,2,octagram
279,41.30542122017428,22.0066602791879,1010,1,inner_ring
280,88.87678494085824,47.932420050283895,2611,5,text_en_1919
281,51.50092541519307,91.57087858903172,123,0,outer_ring
282,46.992316902660434,89.29793706244185,225,0,outer_ring
283,39.143365774190464,87.37961607820704,319,0,outer_ring
284,53.99164749830789,89.71039413033931,74,0,outer_ring
285,52.559945643258835,90.4926378791229,100,0,outer_ring
286,45.55902031359357,90.02350456241942,254,0,outer_ring
287,46.30031435886389,89.16664440354472,241,0,outer_ring
288,45.123883955805084,89.0718363146684,265,0,outer_ring
289,46.78993714872618,87.19959102163459,236,0,outer_ring
290,38.192928128534916,78.90154309051536,2321,5,text_en_1919
291,36.26979377964894,73.28143523764855,2352,5,text_en_1919
292,29.37280873322764,61.83153580961465,932,1,inner_ring
293,42.962266659013125,74.59984826666042,899,1,inner_ring
294,29.144120770456475,75.46120537065677,2331,5,text_en_1919
295,15.307303737179817,59.26340008220016,341,0,outer_ring
296,22.20168285791917,56.17827804998388,2487,5,text_en_1919
297,28.52830486331602,47.1634265511903,957,1,inner_ring
298,26.99353604629042,50.16849973740552,952,1,inner_ring
299,25.861838470132188,50.943736014552435,951,1,inner_ring
300,32.18174120326656,46.95322486381648,1346,2,octagram
301,30.935754603525567,50.686450896911346,1329,2,octagram
302,43.03180060847944,57.11225368011359,1672,3,stroke_nan
303,42.864282890990815,55.16876248696256,1691,3,stroke_nan
304,42.45357948054122,70.45125078031455,1248,2,octagram
305,50.56808500109884,47.12741620678993,1778,3,stroke_nan
306,53.290248101762096,53.305792418984836,1717,3,stroke_nan
307,50.04292381513496,52.79195976373664,1699,3,stroke_nan
308,59.5201638077818,54.87141183737996,1949,4,stroke_kai
309,62.78011157518878,72.0292682630753,1179,2,octagram
310,69.2309350455443,72.34949699761364,855,1,inner_ring
311,66.57425925117558,76.85263458025148,2327,5,text_en_1919
312,67.91346329474537,62.81469012554047,1143,2,octagram
313,46.70250148962858,47.23049998634578,1768,3,stroke_nan
314,57.693677444585184,47.033578999564334,2017,4,stroke_kai
315,58.11939009130813,45.708199344964214,2031,4,stroke_kai
316,48.3426140651022,46.6462100555999,1766,3,stroke_nan
317,49.503478142858285,46.22122716591775,1782,3,stroke_nan
318,40.19460279351195,47.059196134247166,1769,3,stroke_nan
319,38.33629396728961,47.03442834746632,1774,3,stroke_nan
320,40.26379539069096,32.08315516702802,1413,2,octagram
321,50.775703562826585,26.750763558632684,1467,2,octagram
322,37.49646280017028,34.9712638604301,1399,2,octagram
323,17.224701850182743,48.34314989650792,2560,5,text_en_1919
324,31.33178819511921,41.79650116106491,1360,2,octagram
325,38.71726246189363,49.38225444146801,1738,3,stroke_nan
326,42.72522292760582,71.59854411907327,1245,2,octagram
327,24.112985874140147,39.036952991332655,2680,5,text_en_1919
328,20.59207669020488,42.17466841247766,2657,5,text_en_1919
329,31.970027424833063,41.04223821491228,1363,2,octagram
330,34.60068375965761,28.449556267327104,993,1,inner_ring
331,44.093236779883895,28.812884181412294,1425,2,octagram
332,39.53589965898153,24.601738689124687,1005,1,inner_ring
333,43.47924949713328,22.330826436886785,1446,2,octagram
334,52.659585477738055,25.8144822177493,1470,2,octagram
335,54.5541437933173,29.453049628756848,1477,2,octagram
336,59.0517611587219,39.14318081493595,2105,4,stroke_kai
337,56.6485330185333,36.59973398019224,2129,4,stroke_kai
338,64.80549627079485,45.14792839986498,2046,4,stroke_kai
339,52.74539615565093,42.47608017334159,1816,3,stroke_nan
340,56.96937187808213,47.12606426191686,2013,4,stroke_kai
341,65.89576703422524,59.52305892757286,1914,4,stroke_kai
342,66.32130817785821,49.04982820541988,2002,4,stroke_kai
343,77.53948081852714,41.80189349164869,1589,2,octagram
344,78.05363055975826,59.63159797605471,1111,2,octagram
345,74.96020513287597,60.7394590556326,1120,2,octagram
346,79.41383156024166,59.716498641658625,1107,2,octagram
347,78.13969649780702,66.98461863435602,2399,5,text_en_1919
348,49.99245105330641,83.66965475929968,2181,5,text_en_1919
349,48.18644457760091,89.95972502933367,200,0,outer_ring
350,51.868926432705564,89.94033563815252,118,0,outer_ring
351,49.488642848348896,89.03878179000793,172,0,outer_ring
352,51.94832030181938,89.96289344047422,117,0,outer_ring
353,52.35631962959259,90.49759153450655,106,0,outer_ring
354,48.023686571728454,91.15352089661684,199,0,outer_ring
355,51.90331926847394,77.47543141834848,2304,5,text_en_1919
356,48.77568665686882,84.87895045106767,2155,5,text_en_1919
357,46.8653027525573,78.6254277374856,2303,5,text_en_1919
358,48.41003144855604,81.80198068081134,2203,5,text_en_1919
359,24.37008244297839,56.16746817417329,2501,5,text_en_1919
360,30.00305861472363,63.25942835448888,928,1,inner_ring
361,39.66932310293948,65.19854961364811,1265,2,octagram
362,52.95834355851154,89.07180935388364,91,0,outer_ring
363,57.297443658491645,89.13542112225699,25,0,outer_ring
364,57.779662732183475,87.79657730097857,22,0,outer_ring
365,64.0758495414711,83.57058564641538,2174,5,text_en_1919
366,71.37197118641792,77.71234325272077,2317,5,text_en_1919
367,68.49224441645666,81.41411757917913,2254,5,text_en_1919
368,65.2133565067519,77.41933399206698,2325,5,text_en_1919
369,76.5834510592791,79.27448573067004,2306,5,text_en_1919
370,76.23305123758412,60.094690730654726,1116,2,octagram
371,85.0213434753097,60.551524288831935,2460,5,text_en_1919
372,81.04285058758094,64.96658728237689,2425,5,text_en_1919
373,83.88713579997,54.75295365628959,2517,5,text_en_1919
374,77.89059765884768,59.61758603137916,1113,2,octagram
375,93.54978546388834,48.39152391042533,2571,5,text_en_1919
376,90.77876029388045,54.48407124506314,2508,5,text_en_1919
377,85.14441278891972,48.876264526437225,2586,5,text_en_1919
378,88.57100527177253,49.14049243265419,2578,5,text_en_1919
379,87.07329838377585,40.14176078526835,2671,5,text_en_1919
380,93.07394373030989,53.193530158111116,2522,5,text_en_1919
381,92.94666667410888,44.602905369270836,2631,5,text_en_1919
382,65.54544815515192,35.13547804043603,2132,4,stroke_kai
383,59.61492485457963,48.220723601085105,1998,4,stroke_kai
384,67.51658483762391,29.949758624948764,1534,2,octagram
385,78.30881222114529,35.41115730541371,1575,2,octagram
386,59.492269256850236,24.913429551903313,1492,2,octagram
387,65.08238660480734,23.004829619698377,1512,2,octagram
388,80.29591133386172,37.77867547146953,1581,2,octagram
389,73.86290890849543,28.74092940367641,1069,1,inner_ring
390,66.48404887354768,27.804825392382615,1527,2,octagram
391,65.67835112595078,23.560093840666823,1515,2,octagram
392,59.5959516403223,20.688730329146434,1039,1,inner_ring
393,57.15385360402432,14.528595293034368,2774,5,text_en_1919
394,51.003723009220614,5.406587616749924,439,0,outer_ring
395,59.01393402603583,3.9112439239436476,662,0,outer_ring
396,57.915200881242065,10.154953286062302,651,0,outer_ring
397,48.8835688611582,6.150348361646732,406,0,outer_ring
398,47.62789907836135,6.983452307110575,385,0,outer_ring
399,46.80224287814117,12.40833593482882,2808,5,text_en_1919
400,57.42570709767072,7.3717291692903935,628,0,outer_ring
401,52.61297197229917,7.424077231891668,482,0,outer_ring
402,54.37139222252464,6.285591424069736,539,0,outer_ring
403,60.7833625684702,4.2582510299492435,702,0,outer_ring
404,47.30943687171249,6.210384499242551,384,0,outer_ring
405,52.749902934540785,6.220400695062928,490,0,outer_ring
406,53.856625526855716,5.177051021881983,524,0,outer_ring
407,44.75234782912838,5.886807753464284,367,0,outer_ring
408,52.19763474343589,7.802452460702476,469,0,outer_ring
409,54.67087936082096,6.000326023395914,547,0,outer_ring
410,57.69282866364751,6.904879517282604,636,0,outer_ring
411,62.69309019354244,7.787386997409166,749,0,outer_ring
412,60.10178165385635,4.602720218917961,691,0,outer_ring
413,64.0773957016276,7.832738564240058,767,0,outer_ring
414,61.10949977521904,6.632086865429022,714,0,outer_ring
415,70.04104318381705,13.418729283304208,2791,5,text_en_1919
416,81.77916343190041,26.304990961072523,2704,5,text_en_1919
417,59.652884530591784,7.244457837158518,687,0,outer_ring
418,62.3454743748354,4.886911988327817,732,0,outer_ring
419,61.75133410154827,4.7725896841137585,721,0,outer_ring
420,43.371025981320344,21.950754131319865,1443,2,octagram
421,45.19551806676813,23.137260217165153,1450,2,octagram
422,88.12232564522779,38.87319799901699,2675,5,text_en_1919
423,49.345514310779485,89.12460119968773,177,0,outer_ring
424,45.327472162371194,90.81812748764057,258,0,outer_ring
425,52.10540981433314,92.02845244465347,111,0,outer_ring
426,53.424153253122775,91.7150520903236,83,0,outer_ring
427,52.76546915978732,87.83252315084219,99,0,outer_ring
428,46.10200581001032,89.42601600467151,245,0,outer_ring
429,45.402984637556806,90.5731122735463,256,0,outer_ring
430,44.04428540143351,90.39979694001256,275,0,outer_ring
431,39.506712456998805,86.55981186992828,317,0,outer_ring
432,32.86160263974002,87.38659682771278,329,0,outer_ring
433,32.47511591698446,67.52761534616829,921,1,inner_ring
434,41.04917875061121,65.15729557180262,1263,2,octagram
435,25.105493294743827,71.78347666252957,2360,5,text_en_1919
436,23.658422102890516,70.24220474809064,2371,5,text_en_1919
437,18.883520919177187,62.16180176645743,2432,5,text_en_1919
438,13.703641691436886,54.27231823803312,350,0,outer_ring
439,13.893729916444622,54.16691440931238,351,0,outer_ring
440,22.35800167174029,48.01975392919079,2576,5,text_en_1919
441,28.366235889822484,57.91124772374485,938,1,inner_ring
442,36.41787215477597,53.24802387523544,1708,3,stroke_nan
443,37.376826191124714,65.06976435794654,1268,2,octagram
444,43.58842534640671,51.14495636094501,1721,3,stroke_nan
445,45.59191054125338,59.24077649637189,1652,3,stroke_nan
446,46.38923091937271,61.668882365335705,1648,3,stroke_nan
447,44.62977178379429,57.46007194394614,1670,3,stroke_nan
448,50.5937035308128,59.80684832975608,1655,3,stroke_nan
449,57.83558287722772,69.23962907307467,1193,2,octagram
450,52.60477658783434,53.789693509490945,1702,3,stroke_nan
451,62.41926154508312,75.98240282232155,867,1,inner_ring
452,64.76869623908858,58.190716537966935,1911,4,stroke_kai
453,65.02474967389124,73.9734993662587,862,1,inner_ring
454,58.02525027670495,62.36140985748456,1895,4,stroke_kai
455,62.20417046901263,58.96260189086274,1905,4,stroke_kai
456,52.17941318077674,40.13320157766744,1851,3,stroke_nan
457,52.39915164887667,60.27700995151857,1654,3,stroke_nan
458,53.23167131153836,46.716041746600986,1780,3,stroke_nan
459,65.24503139157558,51.76097575425282,1980,4,stroke_kai
460,43.99494540681932,38.4478094449609,1862,3,stroke_nan
461,37.8670674543726,43.20996819866552,1812,3,stroke_nan
462,42.10391083569458,18.952201353112233,1011,1,inner_ring
463,42.04402437217178,28.341499205529868,1423,2,octagram
464,31.203916781612232,41.24833884674878,1365,2,octagram
465,18.75126068574804,42.20755977770872,2649,5,text_en_1919
466,34.82219954209574,46.38223639025362,1342,2,octagram
467,39.23794529378299,47.558413789778825,1763,3,stroke_nan
468,39.42773282091277,53.47304988576465,1705,3,stroke_nan
469,29.21004340045899,33.64639128630124,979,1,inner_ring
470,20.311520171747382,37.563106072724366,2677,5,text_en_1919
471,26.266115957719663,24.815359325259127,2712,5,text_en_1919
472,34.27716491424386,28.243392335549856,992,1,inner_ring
473,46.381080766009866,22.31205398726495,1016,1,inner_ring
474,41.80445664977156,22.641829737036282,1440,2,octagram
475,53.603813839791805,24.47160520057844,1482,2,octagram
476,45.61905822310871,37.578911469747894,1867,3,stroke_nan
477,50.70054894966983,38.693328758581295,1866,3,stroke_nan
478,55.957970385982236,38.449931242966,2116,4,stroke_kai
479,58.28636608875182,26.428472518219056,1488,2,octagram
480,64.31199309742658,51.503857155305354,1978,4,stroke_kai
481,71.00496508311484,34.25196159639095,1555,2,octagram
482,67.21609844745676,43.746531194685204,2063,4,stroke_kai
483,68.54790510737477,44.51798711690028,2042,4,stroke_kai
484,62.97948181728699,42.27093017906226,2087,4,stroke_kai
485,75.11093460743514,43.45972630342889,1599,2,octagram
486,75.93551567312971,49.60169210128073,1618,2,octagram
487,67.17668790606093,46.531533416105276,2025,4,stroke_kai
488,72.02153266419347,47.8189065323845,1611,2,octagram
489,58.696868374005305,71.53740823314992,1191,2,octagram
490,45.224035633897344,73.18785000229742,1234,2,octagram
491,49.5318833498768,87.87221790032788,176,0,outer_ring
492,52.799809777355534,88.52979325403882,96,0,outer_ring
493,51.65767146277791,88.09781039459298,124,0,outer_ring
494,52.67980237152379,84.04260954326271,2164,5,text_en_1919
495,53.82469052879715,89.81554092957977,77,0,outer_ring
496,60.26708508721351,70.8303312939504,1188,2,octagram
497,58.66841688670915,85.60522053859893,2156,5,text_en_1919
498,54.415349716610976,89.5582882089012,65,0,outer_ring
499,51.86541625284045,75.20688684846563,884,1,inner_ring
500,48.25647672939496,71.25302294461932,1225,2,octagram
501,26.19584363936231,66.62751677154715,2405,5,text_en_1919
502,32.37300604937005,60.74661799290246,1291,2,octagram
503,32.897686722555285,58.582575580693934,1292,2,octagram
504,56.8347473488943,90.08591354985474,30,0,outer_ring
505,62.181706667118235,91.14022197622329,2,0,outer_ring
506,57.334444266003906,90.53435930993705,26,0,outer_ring
507,60.82512278172695,88.6311351530498,5,0,outer_ring
508,68.09272659061384,84.7043438620282,2178,5,text_en_1919
509,58.35303211464398,78.12561660246274,2297,5,text_en_1919
510,63.55825388331281,80.69845976575522,2265,5,text_en_1919
511,77.81437448904158,68.77793261783474,2384,5,text_en_1919
512,67.84507828887672,83.64957890543481,2210,5,text_en_1919
513,84.44210786638446,63.57851715828974,2434,5,text_en_1919
514,79.03061821316399,59.21001142743696,1108,2,octagram
515,78.59646771132789,59.56373296922974,1109,2,octagram
516,83.49593361572148,49.959431955267384,810,1,inner_ring
517,81.48805984040436,54.10861183404895,817,1,inner_ring
518,86.06892534279284,62.974763093355214,2438,5,text_en_1919
519,84.66115667182402,40.56400347320901,1091,1,inner_ring
520,94.06083641773989,50.71533024840003,2548,5,text_en_1919
521,91.87458285662086,49.0787729062483,2561,5,text_en_1919
522,91.92417242925816,46.893478747654584,2616,5,text_en_1919
523,90.91750696679233,38.04501475511861,2686,5,text_en_1919
524,63.518038663857254,39.18888915908884,2107,4,stroke_kai
525,52.683667878084115,52.86160451931522,1727,3,stroke_nan
526,64.08830472801331,41.828650009696396,2092,4,stroke_kai
527,70.85407044213984,34.47578414810682,1553,2,octagram
528,65.52862726788513,19.77543946993524,1510,2,octagram
529,66.88826012775993,32.11065654490213,1538,2,octagram
530,81.2523198482475,25.319061198569663,2709,5,text_en_1919
531,74.44379509807959,35.2077727927782,1564,2,octagram
532,67.53580854325506,31.506130996981668,1535,2,octagram
533,63.921207390251006,22.371453928536123,1506,2,octagram
534,66.76654150313199,17.926417736219722,2722,5,text_en_1919
535,59.77361784550229,8.879110541332025,694,0,outer_ring
536,56.369995589718314,14.043287255285822,2792,5,text_en_1919
537,54.64323847489878,7.6288706834633295,546,0,outer_ring
538,51.28492221244248,7.467952621485664,445,0,outer_ring
539,51.77764091263327,7.109902477334927,457,0,outer_ring
540,50.960587388693725,6.345862771160336,437,0,outer_ring
541,49.503799034431424,6.57444316186955,411,0,outer_ring
542,52.92402226886522,7.9732150102831465,493,0,outer_ring
543,56.07725923822699,3.87496459637981,586,0,outer_ring
544,54.75742634769415,6.575106397949398,551,0,outer_ring
545,56.32522909901269,6.482228753885708,599,0,outer_ring
546,55.295721943689806,6.211840945231335,571,0,outer_ring
547,56.28737449955653,5.319357055199232,594,0,outer_ring
548,50.90790530040395,7.071274261458715,435,0,outer_ring
549,54.5720018847075,5.637684050201328,544,0,outer_ring
550,49.35272019051625,5.472382516191372,410,0,outer_ring
551,52.64576903750121,6.896913576925315,484,0,outer_ring
552,55.91656675427593,6.538090136533063,584,0,outer_ring
553,57.28920195030249,7.243008622985287,621,0,outer_ring
554,57.4738040858846,5.991916676733695,624,0,outer_ring
555,61.42292804244027,7.18521534310443,720,0,outer_ring
556,61.596747160582204,7.398126885055938,724,0,outer_ring
557,67.87838749851483,6.524471219777931,795,0,outer_ring
558,71.70363897541002,16.401793857621286,2757,5,text_en_1919
559,63.06324682718473,5.42442790404474,747,0,outer_ring
560,62.89491867991625,5.9594785956231915,744,0,outer_ring
561,57.79426849690361,6.316864572233802,638,0,outer_ring
562,41.22971919744366,17.66722327483847,2718,5,text_en_1919
563,35.754372992388504,26.979348540974037,996,1,inner_ring
564,89.61860981265882,53.081642657479286,2521,5,text_en_1919
565,45.36642466099856,89.503102279966,261,0,outer_ring
566,47.8403191465731,88.32778451661659,210,0,outer_ring
567,48.75885510939117,88.36982760659458,193,0,outer_ring
568,46.8267622781221,90.27718472727521,226,0,outer_ring
569,56.27593308900568,88.94330767735138,35,0,outer_ring
570,48.63877294904647,90.07375600980231,191,0,outer_ring
571,49.32237341469044,90.13521443749028,173,0,outer_ring
572,43.0603781057739,88.6872537875493,291,0,outer_ring
573,43.10498602652521,78.33260252534396,2269,5,text_en_1919
574,33.00617265698143,83.5429056766519,330,0,outer_ring
575,41.1365185409893,70.20828862700533,1250,2,octagram
576,28.135020918617407,68.18591904092902,2398,5,text_en_1919
577,32.59343899650642,74.51633215619998,2347,5,text_en_1919
578,26.968205881226055,66.10332522181179,2412,5,text_en_1919
579,13.12988914531681,57.92896608123121,344,0,outer_ring
580,13.424708947984563,49.89939576479738,357,0,outer_ring
581,26.586772963515454,53.91760169497564,944,1,inner_ring
582,19.687484229669288,50.808059685866155,2544,5,text_en_1919
583,20.9249156734066,48.75900957258043,2565,5,text_en_1919
584,28.06739421821886,55.12454108150308,943,1,inner_ring
585,32.52245493691103,57.38156545484219,1296,2,octagram
586,40.584469406852065,46.73206345360327,1785,3,stroke_nan
587,42.18790251155371,46.987521923765904,1762,3,stroke_nan
588,44.72567581905488,62.98442070748422,1645,3,stroke_nan
589,44.60721894682565,55.73034850964122,1688,3,stroke_nan
590,47.78913975726557,60.90393080913998,1649,3,stroke_nan
591,60.63678190214846,55.404225538646266,1948,4,stroke_kai
592,67.99210367252579,53.02721654643755,1967,4,stroke_kai
593,49.9268604728639,69.93807638278571,1221,2,octagram
594,59.96319108142117,77.99265303017152,2294,5,text_en_1919
595,62.727612841029895,71.63120085341808,1180,2,octagram
596,58.887333071724825,55.0658311264246,1946,4,stroke_kai
597,60.199183765456745,41.01800472690942,2097,4,stroke_kai
598,53.553599130585845,49.396925694185946,1745,3,stroke_nan
599,49.5565639768858,46.63551393034267,1773,3,stroke_nan
600,50.11101111799579,42.598902558718265,1830,3,stroke_nan
601,44.783294000368514,52.59484562300382,1703,3,stroke_nan
602,59.66007377387073,44.57106553028479,2047,4,stroke_kai
603,42.89732533083831,43.86989044071207,1811,3,stroke_nan
604,34.134033952618175,35.16215607634226,1390,2,octagram
605,28.58349919004051,41.36203835052135,967,1,inner_ring
606,32.86765723572978,35.90443479147186,1385,2,octagram
607,27.492262011405845,39.977258080913025,970,1,inner_ring
608,43.20905713776653,42.14042469971487,1831,3,stroke_nan
609,32.26568130940381,49.18926274918202,1336,2,octagram
610,32.98565020220296,51.583900615069815,1330,2,octagram
611,19.658559737945904,43.24815195590749,2647,5,text_en_1919
612,35.566882657411846,34.765703869108215,1396,2,octagram
613,27.65925254738415,42.222266831535215,963,1,inner_ring
614,27.83443256627157,40.05606830629056,1370,2,octagram
615,37.3727703468105,14.874510728399088,2786,5,text_en_1919
616,46.58120528729596,20.59273027494806,1018,1,inner_ring
617,47.38538155447778,24.23697307143313,1456,2,octagram
618,43.277269020306306,25.00288162421318,1435,2,octagram
619,52.58609665375189,38.14483511833597,1869,3,stroke_nan
620,60.29982840290937,39.35326503563703,2112,4,stroke_kai
621,52.217724162335564,48.19942449105176,1753,3,stroke_nan
622,53.47784800570347,48.05648966177966,1751,3,stroke_nan
623,66.8417219217645,38.846218690825566,2096,4,stroke_kai
624,59.6150200996374,43.58071225131382,2050,4,stroke_kai
625,67.31852027090065,49.37680480263924,2004,4,stroke_kai
626,74.18418528477679,53.542527916404715,1625,2,octagram
627,68.3409651813148,42.74123522766677,2074,4,stroke_kai
628,75.10041576803545,49.59830296603862,1617,2,octagram
629,66.17779896217083,67.11959867544137,1153,2,octagram
630,72.4977183182472,69.4613775348389,848,1,inner_ring
631,65.15144260907272,72.19189500510856,1169,2,octagram
632,46.58467276545584,88.16601141678348,239,0,outer_ring
633,47.65074586556318,89.91947894913254,207,0,outer_ring
634,50.362144184490745,89.7019745485183,147,0,outer_ring
635,46.797133511370205,89.5132903904541,229,0,outer_ring
636,55.2400129509507,90.18609855866809,54,0,outer_ring
637,59.22259477498494,83.35239358285871,2187,5,text_en_1919
638,54.82618030314398,82.10528383245645,2206,5,text_en_1919
639,49.12312571776448,82.27929451605293,2200,5,text_en_1919
640,52.01449196971593,69.23152591125609,1212,2,octagram
641,48.67329269864197,70.77974953198232,1224,2,octagram
642,44.2130391921448,74.89475166930617,898,1,inner_ring
643,34.118088104400094,68.40272151445625,917,1,inner_ring
644,28.913025887989974,55.64017343567413,942,1,inner_ring
645,35.489912774903814,69.34244334782052,914,1,inner_ring
646,57.92804251416021,89.74638645062733,21,0,outer_ring
647,55.53462059078471,93.54246242964977,50,0,outer_ring
648,59.82015508667208,85.41077922593213,2158,5,text_en_1919
649,67.28267361200402,81.20007171922757,2251,5,text_en_1919
650,63.777804972482286,73.23466461307378,1175,2,octagram
651,69.29517538026211,78.38136180947343,2322,5,text_en_1919
652,72.17820423976308,79.48675660110153,2283,5,text_en_1919
653,83.93846857431478,70.54973217398678,2365,5,text_en_1919
654,71.09527783221748,71.15770461360853,852,1,inner_ring
655,86.15552514744017,60.513229910149704,2462,5,text_en_1919
656,82.83663820891238,67.36630715553034,2396,5,text_en_1919
657,78.98066325746521,55.504221920775514,1637,2,octagram
658,79.50162058359855,57.74824767490461,1642,2,octagram
659,87.44300899823388,55.038591050448176,2513,5,text_en_1919
660,87.48714236951865,52.7562383326924,2529,5,text_en_1919
661,81.94015099773748,42.736359188263464,1096,1,inner_ring
662,85.50167987948763,47.221179976285164,2609,5,text_en_1919
663,86.60366241675935,48.488012157296524,2591,5,text_en_1919
664,92.54512965864937,44.99129853341397,2626,5,text_en_1919
665,93.83760675103721,49.810942540795786,2563,5,text_en_1919
666,64.42568757900213,37.90882383073183,2110,4,stroke_kai
667,63.4886980964826,53.00082570730755,1963,4,stroke_kai
668,62.37523619099398,46.520539018963134,2027,4,stroke_kai
669,66.0224941813484,27.024686847091903,1523,2,octagram
670,49.61704742496128,12.717780596416121,2814,5,text_en_1919
671,62.97326818343192,25.141202131569063,1501,2,octagram
672,68.03101525385908,26.27597584554856,1521,2,octagram
673,77.26396024510925,36.248542569479426,1573,2,octagram
674,72.64587233459699,35.90096762778276,1560,2,octagram
675,70.55740241578438,25.829495891074995,1063,1,inner_ring
676,61.23427796771646,19.79825933946056,1041,1,inner_ring
677,57.599562442628674,16.86021187519638,2741,5,text_en_1919
678,56.50590594432331,6.11456006576609,601,0,outer_ring
679,56.253661924109,17.72876697675889,2738,5,text_en_1919
680,49.036541512555345,17.209581804342108,2750,5,text_en_1919
681,52.453574191134294,14.560156645204565,2779,5,text_en_1919
682,54.42706355404261,4.930645250029713,540,0,outer_ring
683,56.0231233337042,6.417167460726172,589,0,outer_ring
684,50.63008436841197,8.135933902555823,426,0,outer_ring
685,55.243151827918936,3.6105040956832646,568,0,outer_ring
686,55.9358411284923,7.82754568348217,587,0,outer_ring
687,55.4504145864281,6.351503277393446,574,0,outer_ring
688,52.65459347652815,4.462291872531817,488,0,outer_ring
689,52.741178558100614,8.518235217824877,487,0,outer_ring
690,48.27832389576599,6.3800929308632774,397,0,outer_ring
691,53.6064235618382,6.297146384279422,515,0,outer_ring
692,52.12778838060951,6.667207868960204,466,0,outer_ring
693,55.784025164312006,6.748604048607165,580,0,outer_ring
694,59.600015324697786,23.980881873362055,1494,2,octagram
695,54.88609235945683,6.670826269583051,560,0,outer_ring
696,57.61488442461917,3.4817223281423204,623,0,outer_ring
697,55.84977288964397,7.339334937517255,582,0,outer_ring
698,56.08593787534594,7.560830978748603,591,0,outer_ring
699,64.27759622689658,8.038077734425725,771,0,outer_ring
700,60.59258247531893,6.183679824819078,703,0,outer_ring
701,62.57257454084126,6.653413177298042,741,0,outer_ring
702,63.70017423672021,6.704146075394955,758,0,outer_ring
703,67.00686391790097,8.105088104757998,791,0,outer_ring
704,42.682271799819766,15.935881540440567,2778,5,text_en_1919
705,45.091686297210025,7.7119639633245605,366,0,outer_ring
706,94.9861190105847,47.06192404904342,2618,5,text_en_1919
707,54.82748648728693,90.70563857146313,59,0,outer_ring
708,47.63979700488902,90.94316111679399,203,0,outer_ring
709,47.928937741472346,87.87386211140388,209,0,outer_ring
710,60.07850824585685,86.46822629267601,2147,5,text_en_1919
711,52.03514757657824,92.39309775088215,112,0,outer_ring
712,45.174505037541756,88.24560227525167,269,0,outer_ring
713,44.46367075930287,88.35370001038383,276,0,outer_ring
714,42.6820851058492,87.80564807301971,294,0,outer_ring
715,43.753489744530754,89.72340074739051,281,0,outer_ring
716,36.84576116941464,78.90452921431886,2279,5,text_en_1919
717,42.26271468448282,74.42057972797348,900,1,inner_ring
718,35.505478909994864,72.44744496502159,2355,5,text_en_1919
719,23.415869026308677,68.7176820456908,2379,5,text_en_1919
720,25.001956320108505,60.61856668167229,2459,5,text_en_1919
721,23.78759575421303,55.23416295828855,2500,5,text_en_1919
722,14.598128679911861,56.479858279882336,346,0,outer_ring
723,20.12316856810234,56.857910604338436,2485,5,text_en_1919
724,12.731673554454598,56.28076510146334,347,0,outer_ring
725,30.41106886876568,58.516505581882186,1302,2,octagram
726,29.43824865153823,55.099021643515776,1315,2,octagram
727,29.083946306597003,57.656175860529885,1310,2,octagram
728,42.338990359262766,68.3736606873543,1253,2,octagram
729,42.49331340960779,51.904972769973575,1718,3,stroke_nan
730,50.50308093439312,51.29386061696995,1707,3,stroke_nan
731,52.0965705536479,56.08492446157782,1682,3,stroke_nan
732,54.01228378832465,69.18252204361269,1202,2,octagram
733,56.337509348780955,55.400258305420785,1936,4,stroke_kai
734,57.33568282447984,77.7889203628873,2299,5,text_en_1919
735,66.77945309867403,66.54096483442616,1152,2,octagram
736,74.03374485714194,59.72179860657976,1121,2,octagram
737,66.20001490484096,66.02861984749327,1151,2,octagram
738,49.635305975285064,69.10006724437399,1219,2,octagram
739,57.89650623200768,50.75988426445681,1990,4,stroke_kai
740,54.35849430461112,59.73907655537523,1908,4,stroke_kai
741,43.306973267300194,46.360228995118845,1772,3,stroke_nan
742,49.53942498995405,55.762450192710816,1676,3,stroke_nan
743,51.573801161016,51.23541428063931,1732,3,stroke_nan
744,48.044294778021474,45.67835163103687,1786,3,stroke_nan
745,39.27698939928114,30.03877580334335,1416,2,octagram
746,39.563927282545436,46.60899761847881,1767,3,stroke_nan
747,36.57693419698329,35.354098958054166,1397,2,octagram
748,32.35402150483338,31.269805314197068,986,1,inner_ring
749,28.469874454401992,37.991536622273934,1373,2,octagram
750,22.010621510381604,54.669332324250504,2498,5,text_en_1919
751,38.074112942275804,46.1486337815029,1790,3,stroke_nan
752,41.17488996246564,55.94227283963032,1668,3,stroke_nan
753,29.760855656637286,36.978567030574304,1379,2,octagram
754,29.016046682409293,27.03149452951052,2705,5,text_en_1919
755,22.08906425541872,42.5543979513573,2650,5,text_en_1919
756,28.86103502790371,26.113783046459947,2707,5,text_en_1919
757,40.66564224296106,19.105875316088706,2714,5,text_en_1919
758,45.63703974483403,24.458955596917107,1453,2,octagram
759,57.977135273939275,12.722124197503959,2815,5,text_en_1919
760,52.07643883104024,16.845044211196093,2761,5,text_en_1919
761,52.24763870972954,37.58973400216257,1875,3,stroke_nan
762,50.589911026447666,40.20668155031763,1850,3,stroke_nan
763,56.68433926722641,42.34036717387716,2065,4,stroke_kai
764,66.62083713460329,36.871088977733294,2121,4,stroke_kai
765,56.05520516345468,52.1906703848096,1973,4,stroke_kai
766,60.839417658779716,52.19288309105336,1966,4,stroke_kai
767,68.5248797212438,50.40977570049851,1991,4,stroke_kai
768,67.59104205157384,49.97574408865586,1984,4,stroke_kai
769,72.33623420551513,48.719779855630605,1613,2,octagram
770,81.9634830397942,54.77790935879751,818,1,inner_ring
771,74.66636684510951,53.02703611065785,1626,2,octagram
772,72.34632545485685,61.203085562888944,1128,2,octagram
773,67.4299317156639,69.21358919283783,1159,2,octagram
774,46.649215967685784,76.95072035410564,2312,5,text_en_1919
775,47.14290534892021,89.17864824672095,223,0,outer_ring
776,49.7871727994796,89.37388168983021,163,0,outer_ring
777,51.7413075903191,89.35989523297312,121,0,outer_ring
778,55.83728600220361,88.12213113862883,44,0,outer_ring
779,58.86316680804553,83.28895671173836,2204,5,text_en_1919
780,53.69177088158533,88.11259840357603,82,0,outer_ring
781,53.391713200687775,81.28343314282623,2226,5,text_en_1919
782,62.72342425795492,75.44233412216349,866,1,inner_ring
783,52.17311071442654,75.79889688617008,883,1,inner_ring
784,43.64898613971265,73.01894936334877,1238,2,octagram
785,30.878536833141734,58.57953803323594,1301,2,octagram
786,31.491346555305743,60.55584739183311,1298,2,octagram
787,25.598293895615075,61.37252439936383,2454,5,text_en_1919
788,52.87510916835035,85.47226988327793,2145,5,text_en_1919
789,55.90456423865722,91.82167908370025,41,0,outer_ring
790,63.54947981035636,83.53600511731875,2172,5,text_en_1919
791,67.27009617307755,80.35043820845368,2292,5,text_en_1919
792,66.79398570528431,77.62688021421569,2326,5,text_en_1919
793,66.80408727604623,82.38849499919385,2224,5,text_en_1919
794,74.90564389998342,75.854758321472,2337,5,text_en_1919
795,75.04915663292795,71.25264013601102,2362,5,text_en_1919
796,73.85061926274876,69.14075620849,845,1,inner_ring
797,85.54208914859917,70.2497202387368,2373,5,text_en_1919
798,79.65035643568557,61.00194251647733,827,1,inner_ring
799,78.90736849584712,57.13693519870881,1641,2,octagram
800,82.54380138415705,61.7800921415149,2449,5,text_en_1919
801,82.22667560389658,51.710993429529694,2533,5,text_en_1919
802,85.48189426792621,57.51800055293351,2492,5,text_en_1919
803,91.46863424514898,44.72128875656111,2628,5,text_en_1919
804,89.52320977865571,60.731268433515595,2450,5,text_en_1919
805,82.00195135553508,41.888564119913525,1093,1,inner_ring
806,93.76710008509426,48.455851937376536,2566,5,text_en_1919
807,86.82691404120378,47.29038259224453,2605,5,text_en_1919
808,56.72654446849897,43.452551223911534,2061,4,stroke_kai
809,64.89329693740584,44.848143412782456,2053,4,stroke_kai
810,68.22973394149763,41.65626634392339,2083,4,stroke_kai
811,77.16975391672783,31.844196283740217,1074,1,inner_ring
812,63.20734160935402,23.918484983538683,1503,2,octagram
813,62.54907627368439,23.81686313109625,1502,2,octagram
814,75.57113031723524,34.775746756641276,1568,2,octagram
815,77.1446071651266,41.61238793456745,1590,2,octagram
816,69.94529533487459,33.6209723049638,1548,2,octagram
817,75.9281349920883,33.930434991377545,1078,1,inner_ring
818,61.157505103140686,23.751206370704573,1497,2,octagram
819,59.16383145639195,7.547236758910172,673,0,outer_ring
820,57.902362009715965,4.611536986611763,637,0,outer_ring
821,59.00094998295266,10.654786197521465,2833,5,text_en_1919
822,55.130902555673316,21.474095497839876,1033,1,inner_ring
823,57.57767334526619,5.082311295288969,629,0,outer_ring
824,43.0647103958279,16.25159963817186,2752,5,text_en_1919
825,47.86514897019558,5.403538872464058,394,0,outer_ring
826,43.169612815004015,7.790279388034276,362,0,outer_ring
827,55.7266633586935,5.737958423358554,579,0,outer_ring
828,51.26007982761689,7.466520345397441,443,0,outer_ring
829,58.354450334249165,6.055779771846268,652,0,outer_ring
830,52.007440942360894,5.7187288300062935,464,0,outer_ring
831,48.16830813687788,8.166040817634508,391,0,outer_ring
832,47.993058892387666,11.152812088684072,2835,5,text_en_1919
833,46.8363017939867,6.642121600118053,381,0,outer_ring
834,53.31697892328105,4.495099693181302,506,0,outer_ring
835,54.23083810218312,6.248944663458694,533,0,outer_ring
836,58.0572168193832,6.911154847495515,647,0,outer_ring
837,64.8068241390547,6.135927633657807,772,0,outer_ring
838,59.2108856529664,7.687057460757216,677,0,outer_ring
839,60.67900937996592,5.9663288679936235,705,0,outer_ring
840,65.31830422376134,5.864092694272878,778,0,outer_ring
841,66.8000799367268,5.315654789028881,788,0,outer_ring
842,71.09992809899609,7.425593897476445,802,0,outer_ring
843,61.31320323422086,6.62016572314105,718,0,outer_ring
844,57.85260932624332,6.325876125377507,639,0,outer_ring
845,65.20580902287253,7.617440381688759,781,0,outer_ring
846,42.28152001388239,28.359741159913906,1424,2,octagram
847,43.3077394131266,21.060510029290604,1012,1,inner_ring
848,89.4505624322941,54.06502822127564,2509,5,text_en_1919
849,50.04872685969188,86.38787721007036,166,0,outer_ring
850,48.29057753792175,89.5127904625959,197,0,outer_ring
851,44.64645037478125,89.7574648468035,271,0,outer_ring
852,53.72327591170825,90.33946212858966,80,0,outer_ring
853,46.10865809610607,89.79197244163473,242,0,outer_ring
854,51.97460969179105,90.99028601241204,115,0,outer_ring
855,43.895205931457475,87.84331484554177,283,0,outer_ring
856,45.64543480503078,80.04461217374521,2258,5,text_en_1919
857,44.165699123744126,89.04817970640019,278,0,outer_ring
858,42.231622063315676,86.64556384469695,301,0,outer_ring
859,36.27906269382243,78.06980932203429,2285,5,text_en_1919
860,52.091954118703306,70.9624164989049,1215,2,octagram
861,26.257789394321744,60.23393871977328,2458,5,text_en_1919
862,28.094622959562223,68.14402501578756,2403,5,text_en_1919
863,16.51626760023531,59.874853694720976,339,0,outer_ring
864,14.92367620574364,59.96173174988741,340,0,outer_ring
865,15.902058186743123,51.644072689479586,355,0,outer_ring
866,25.821382735741,58.96673476477627,2473,5,text_en_1919
867,17.59890964600769,48.764439978439846,2562,5,text_en_1919
868,30.886929603287527,52.808430503232955,1321,2,octagram
869,30.00597639949097,55.17191325924434,1316,2,octagram
870,44.49800840987183,68.48504035797764,1251,2,octagram
871,45.16994956035953,57.46261582502219,1658,3,stroke_nan
872,48.708897224638875,57.62520088311371,1671,3,stroke_nan
873,51.431697315080314,52.01639234232871,1711,3,stroke_nan
874,59.081219987075194,70.91444381799755,1190,2,octagram
875,61.61502251024359,49.60658032578881,2003,4,stroke_kai
876,56.399973278243586,54.44724785287231,1952,4,stroke_kai
877,60.33093942767077,81.93672291948708,2233,5,text_en_1919
878,64.1664705032633,73.42127428976056,1174,2,octagram
879,77.43548825355612,55.36122200207193,1635,2,octagram
880,59.513882284816766,62.61841613439027,1894,4,stroke_kai
881,56.33339997845551,51.74215102503781,1981,4,stroke_kai
882,52.27737994592924,50.141564717637486,1743,3,stroke_nan
883,45.637416040731544,49.36473573370073,1755,3,stroke_nan
884,47.51310838329252,51.846786514997945,1722,3,stroke_nan
885,44.81588560328514,51.63693647312894,1706,3,stroke_nan
886,42.530212395905,48.181878997942846,1764,3,stroke_nan
887,39.14474860921461,41.01177261871829,1837,3,stroke_nan
888,39.59666973506132,41.26884616023901,1826,3,stroke_nan
889,26.665203383369686,39.36757414192824,971,1,inner_ring
890,24.808175993550922,45.122752557793994,2635,5,text_en_1919
891,21.564353384816947,50.25523207662002,2554,5,text_en_1919
892,51.78407668049026,37.974178594948924,1868,3,stroke_nan
893,45.83168282868652,52.97859577567423,1695,3,stroke_nan
894,40.45810870917551,51.544858334496226,1726,3,stroke_nan
895,22.745536476555074,43.166232203537945,2641,5,text_en_1919
896,24.88089816195396,35.962089971997386,2689,5,text_en_1919
897,21.489440557180394,37.540847891808504,2685,5,text_en_1919
898,28.926627118556286,25.522780085024582,2711,5,text_en_1919
899,46.647122146411554,6.293408900170306,379,0,outer_ring
900,50.941528879324125,19.254681142532352,1024,1,inner_ring
901,51.438402676752965,27.53784919369823,1469,2,octagram
902,49.354844491443885,24.872615355236714,1463,2,octagram
903,51.37572216670033,37.05632921901887,1873,3,stroke_nan
904,48.458219022148945,26.06922134985386,1460,2,octagram
905,57.24509753249231,39.820121132489774,2101,4,stroke_kai
906,50.30184523992242,44.157141442650385,1813,3,stroke_nan
907,61.17399868474659,39.900481103836356,2098,4,stroke_kai
908,61.56518178048479,46.059139722850894,2036,4,stroke_kai
909,63.349231388609745,39.382486014860014,2106,4,stroke_kai
910,67.61650935787434,44.45637515490843,2051,4,stroke_kai
911,64.74712335374612,46.486409389667934,2026,4,stroke_kai
912,82.8925586455568,58.85678498598092,2470,5,text_en_1919
913,75.86917411152328,54.434908128171855,1631,2,octagram
914,73.34970458286402,69.22782884598624,846,1,inner_ring
915,66.38834864616722,78.79593296226483,2320,5,text_en_1919
916,45.95927732573948,86.59895724416454,263,0,outer_ring
917,48.914742802577145,83.24424585117168,2186,5,text_en_1919
918,48.175601978968466,91.30365003286876,195,0,outer_ring
919,47.14401744508606,89.11581737741406,224,0,outer_ring
920,52.91006032735989,83.51470156524623,2171,5,text_en_1919
921,50.830255861723515,89.39046483904544,137,0,outer_ring
922,51.38913317795421,80.37237017612662,2243,5,text_en_1919
923,53.40669097905648,80.93737185630059,2237,5,text_en_1919
924,52.02936219198254,78.47805236705868,2293,5,text_en_1919
925,45.56161662155761,80.09868105457694,2255,5,text_en_1919
926,47.202922847501966,72.07273136340984,1228,2,octagram
927,27.70022629955381,59.53543787105225,935,1,inner_ring
928,28.586105643709097,57.903345266196126,1309,2,octagram
929,36.762345487699186,69.32250471989889,913,1,inner_ring
930,51.97025795541053,92.96443487947688,113,0,outer_ring
931,57.19924114911401,82.35015640928033,2201,5,text_en_1919
932,52.348853344686745,90.26108036120375,107,0,outer_ring
933,55.669883759874295,89.951761752393,47,0,outer_ring
934,69.48700246253773,78.91713370850374,2314,5,text_en_1919
935,67.1527065302783,78.84542628227257,2308,5,text_en_1919
936,67.09248733318127,81.85963960340685,2248,5,text_en_1919
937,76.67865475211572,79.28083638438558,2298,5,text_en_1919
938,83.68886245042772,70.25779253426516,2367,5,text_en_1919
939,73.20778034305391,72.81534308417392,2356,5,text_en_1919
940,85.66149012420016,67.45418238661901,2382,5,text_en_1919
941,79.37180570065496,55.815883869911964,1639,2,octagram
942,87.36531483973273,54.09302310056092,2523,5,text_en_1919
943,85.37160123694476,60.84472811679119,2453,5,text_en_1919
944,85.4066254123769,47.675244255829455,2600,5,text_en_1919
945,79.90473385166814,39.08885543679344,1582,2,octagram
946,87.28572561509665,43.14495079068533,2662,5,text_en_1919
947,94.00580811177932,51.13073960396899,2540,5,text_en_1919
948,92.95042784368732,55.786296441742095,2503,5,text_en_1919
949,92.96703458145093,45.7078284565176,2624,5,text_en_1919
950,56.25604074331602,45.93691047254611,2032,4,stroke_kai
951,63.74010886098137,37.63058108684538,2120,4,stroke_kai
952,59.20033238669454,48.486100306268206,2009,4,stroke_kai
953,62.69946594480898,20.651526473795865,1043,1,inner_ring
954,66.59160552041696,25.201859374338028,1519,2,octagram
955,68.83264971918021,33.237451981759094,1546,2,octagram
956,76.94793981157257,36.754456713533244,1571,2,octagram
957,79.54344981001225,35.11216231094275,1083,1,inner_ring
958,73.28571060070755,36.170495273208076,1563,2,octagram
959,73.72436141065403,34.40202809367937,1561,2,octagram
960,67.89426327102503,16.947328327306444,2721,5,text_en_1919
961,63.91207444992385,22.280455137132403,1507,2,octagram
962,56.78236526798355,7.2280722429268645,607,0,outer_ring
963,53.725894058755706,15.947723469365648,2763,5,text_en_1919
964,50.86351098058112,6.940716289269753,434,0,outer_ring
965,56.96011158553183,7.6891346036265915,615,0,outer_ring
966,48.28070922367714,16.448025773808077,2755,5,text_en_1919
967,48.01482545586948,5.581864327566613,396,0,outer_ring
968,52.41555937598935,7.2216781724434975,478,0,outer_ring
969,57.72087757264977,10.24397384783955,2839,5,text_en_1919
970,56.60508888435313,5.866977845774545,602,0,outer_ring
971,56.01342481814086,6.21082776846074,588,0,outer_ring
972,55.939435361835216,7.104648903778677,585,0,outer_ring
973,52.337084952132294,6.122413985579914,475,0,outer_ring
974,43.95072870161287,5.001865048009884,365,0,outer_ring
975,48.81108191874141,7.001267021819141,404,0,outer_ring
976,52.01065241672269,6.757055347721141,463,0,outer_ring
977,55.619404500184736,4.943983888426316,577,0,outer_ring
978,53.316314083933385,6.834382790989188,505,0,outer_ring
979,57.71020382047856,6.362973830467046,635,0,outer_ring
980,62.648767952804064,6.853138303519026,742,0,outer_ring
981,65.2798638350592,7.298812577905876,782,0,outer_ring
982,69.04035025361128,14.744032082731948,2772,5,text_en_1919
983,64.03361902835624,8.07513071709285,768,0,outer_ring
984,68.2477084942739,9.823438380484458,798,0,outer_ring
985,63.02157698486806,8.3557310259368,755,0,outer_ring
986,62.080021008676106,6.387488568714544,731,0,outer_ring
987,57.11338190181537,14.02370961886512,2787,5,text_en_1919
988,40.28698453487128,22.035541351464406,1008,1,inner_ring
989,40.95554417179532,22.61034460784396,1009,1,inner_ring
990,90.43124151392668,59.32266888378745,2452,5,text_en_1919
991,49.1106545393426,88.89934593884512,185,0,outer_ring
992,52.53655967020062,89.80532200651602,102,0,outer_ring
993,46.95039722257468,90.46379002783934,222,0,outer_ring
994,46.04565358376958,86.70642117406773,259,0,outer_ring
995,49.49250188164956,89.41690441335093,170,0,outer_ring
996,47.54620870938909,89.94869848856456,211,0,outer_ring
997,42.75323881732874,89.98773155858184,290,0,outer_ring
998,46.063578962182326,87.90414286510314,253,0,outer_ring
999,41.204035893020176,85.32418687571625,311,0,outer_ring
1000,39.00055472048865,86.45007192540676,322,0,outer_ring
1001,36.89092051241887,70.72868790037441,911,1,inner_ring
1002,30.725757853767515,74.4021896736215,2346,5,text_en_1919
1003,26.917558299935674,62.60571285579605,2431,5,text_en_1919
1004,26.579710881438565,67.32698774862199,2397,5,text_en_1919
1005,25.067532864227523,60.35362896715215,2463,5,text_en_1919
1006,14.389089424559947,57.87358324538926,343,0,outer_ring
1007,27.26825077266664,47.25621261875392,956,1,inner_ring
1008,28.56856877061739,58.333569752271224,1306,2,octagram
1009,33.47300335328669,51.15578042324642,1332,2,octagram
1010,29.776524235896876,56.11752364354161,1312,2,octagram
1011,33.72691278857371,46.40072015236024,1345,2,octagram
1012,40.80320503254414,56.81138829421045,1666,3,stroke_nan
1013,40.56425862015122,40.79004690358745,1838,3,stroke_nan
1014,45.111009236581964,59.3048242577817,1650,3,stroke_nan
1015,46.00642869618235,54.950270097714174,1692,3,stroke_nan
1016,54.020738779642485,67.86327043259334,1204,2,octagram
1017,60.26111174249322,57.61667515283213,1919,4,stroke_kai
1018,52.21905359929044,70.20509241528352,1213,2,octagram
1019,66.21693034972071,64.34785495475525,1147,2,octagram
1020,56.90462053066303,69.15906344316979,1196,2,octagram
1021,58.45193196195195,60.8073406306928,1904,4,stroke_kai
1022,64.65906215488249,49.62609444098829,1995,4,stroke_kai
1023,47.67009614956571,61.17014166339239,1647,3,stroke_nan
1024,55.04392065835948,52.53006925593013,1975,4,stroke_kai
1025,47.81006350425384,55.56692442288227,1679,3,stroke_nan
1026,58.543647085809134,57.06642300340691,1915,4,stroke_kai
1027,46.081509134801614,47.43016929235959,1775,3,stroke_nan
1028,45.24734487038202,43.222640504460266,1829,3,stroke_nan
1029,40.642365658163975,33.636538500152774,1410,2,octagram
1030,38.56127766265858,34.005475452754496,1404,2,octagram
1031,31.843100178037457,41.275700327502136,1361,2,octagram
1032,21.195619204901664,36.18834041342891,2690,5,text_en_1919
1033,24.18050362286186,42.338934755719436,2646,5,text_en_1919
1034,32.04872816943984,43.933012892177146,1354,2,octagram
1035,42.803755988731226,49.58380136112605,1744,3,stroke_nan
1036,39.126415375264294,60.992798268621165,1276,2,octagram
1037,19.505284070672207,43.05862694551294,2642,5,text_en_1919
1038,23.04606869730005,36.48511372056702,2694,5,text_en_1919
1039,22.910587869431893,37.989455594431284,2682,5,text_en_1919
1040,47.50280483318299,3.4051798490515055,390,0,outer_ring
1041,39.643864547388105,40.31383573472518,1845,3,stroke_nan
1042,40.49513320562724,24.746439600698363,1432,2,octagram
1043,47.10948306032579,34.37826720744929,1891,3,stroke_nan
1044,55.22377065032955,28.092135941426157,1480,2,octagram
1045,54.32966135539024,42.8511993742249,2066,4,stroke_kai
1046,55.46441121306177,45.30292631225581,2048,4,stroke_kai
1047,53.610098169446005,35.11723388287553,2139,4,stroke_kai
1048,52.439255355142485,47.34242752463023,1760,3,stroke_nan
1049,62.422558210435035,44.99355458524488,2041,4,stroke_kai
1050,60.522413565970126,45.56520039310285,2037,4,stroke_kai
1051,60.4779562411679,46.187757713679424,2021,4,stroke_kai
1052,67.16662431298955,47.31946752076265,2019,4,stroke_kai
1053,74.49368009809349,46.453158972940095,1606,2,octagram
1054,72.84267770150583,47.90793178210466,1610,2,octagram
1055,80.08148193628757,52.518025950334234,815,1,inner_ring
1056,68.66871988950712,61.09914966131811,1135,2,octagram
1057,64.67852993525388,74.94835165842429,864,1,inner_ring
1058,50.54877891394577,69.60421676016757,1217,2,octagram
1059,46.688523202844664,88.55301094896998,234,0,outer_ring
1060,47.28125906405052,88.99523016832637,220,0,outer_ring
1061,54.308849730414515,90.76145250407735,68,0,outer_ring
1062,56.7771553168102,90.43129503984318,31,0,outer_ring
1063,54.534881460513986,89.17946078066768,62,0,outer_ring
1064,56.046424983095314,90.6116096038197,39,0,outer_ring
1065,54.44998858429093,78.8795863520851,2288,5,text_en_1919
1066,54.90705558300667,75.84362704511173,880,1,inner_ring
1067,52.52011877339719,82.3226294760135,2197,5,text_en_1919
1068,51.907016133607335,68.85397660388116,1211,2,octagram
1069,33.49670935843879,45.151405948537544,1348,2,octagram
1070,30.549183491832622,67.2286747364983,2404,5,text_en_1919
1071,37.63370018042464,62.49410136392739,1279,2,octagram
1072,59.05681431824813,90.15801658989062,17,0,outer_ring
1073,61.26017150831706,75.58807212965849,869,1,inner_ring
1074,60.42674882287384,84.18290152753985,2190,5,text_en_1919
1075,58.64187414595439,90.11388805419526,19,0,outer_ring
1076,65.42981914558602,83.57897155311557,2188,5,text_en_1919
1077,61.65671115988656,71.78477441165487,1182,2,octagram
1078,69.28880260942158,79.00064311003062,2300,5,text_en_1919
1079,71.77099034617201,77.74270242461442,2287,5,text_en_1919
1080,72.5800451082689,69.51651873543064,847,1,inner_ring
1081,76.36588789633822,64.26692573407595,835,1,inner_ring
1082,80.54561231159711,59.08755874368581,1104,2,octagram
1083,86.05026626948568,60.06154648736867,2465,5,text_en_1919
1084,81.41077614521895,53.61341006322274,816,1,inner_ring
1085,89.60721358702122,47.3476832519388,2602,5,text_en_1919
1086,81.63671421493481,45.19568706169258,1101,1,inner_ring
1087,88.26328436290648,47.701904748581036,2601,5,text_en_1919
1088,81.10351232747134,44.95307682291054,1099,1,inner_ring
1089,86.46936255723897,40.903907175773064,2672,5,text_en_1919
1090,94.06857611501404,47.837468973603904,2580,5,text_en_1919
1091,82.35356838900279,50.738788508955466,812,1,inner_ring
1092,56.86549921308385,38.154880994596226,2119,4,stroke_kai
1093,68.14872964037502,42.415723931016416,2075,4,stroke_kai
1094,57.521804290293986,39.197054993481906,2109,4,stroke_kai
1095,67.894100461246,41.67012176043617,2086,4,stroke_kai
1096,53.72059337185209,27.98722854683406,1475,2,octagram
1097,64.58649343622902,21.14153182979134,1508,2,octagram
1098,78.13362877163529,26.43580610095945,2703,5,text_en_1919
1099,74.93068704778811,30.556301469249256,1070,1,inner_ring
1100,69.98154629616606,24.24767610110696,1057,1,inner_ring
1101,58.60799887458399,15.450263469164877,2777,5,text_en_1919
1102,64.74623355920664,23.568795218055495,1514,2,octagram
1103,59.526766917486995,24.667171667397675,1493,2,octagram
1104,59.62578264584446,4.9069419107625585,680,0,outer_ring
1105,57.136962989822486,12.99541584944029,2810,5,text_en_1919
1106,54.61431371157507,5.531440462258094,545,0,outer_ring
1107,47.8462212019507,16.453381350732226,2743,5,text_en_1919
1108,54.01656419737061,5.539620707007854,526,0,outer_ring
1109,53.76814892310318,4.74556448097694,521,0,outer_ring
1110,58.20285924816403,6.1486112636220716,649,0,outer_ring
1111,49.720562376233964,19.153837010226347,1022,1,inner_ring
1112,56.759974542825105,5.1713364674947915,604,0,outer_ring
1113,57.3054267451595,7.683456641005812,622,0,outer_ring
1114,55.50775371325197,5.96707416334107,575,0,outer_ring
1115,47.74038564875997,7.06132272790567,387,0,outer_ring
1116,53.11251256712049,6.2214684411976755,499,0,outer_ring
1117,49.11245517903619,14.54255216131361,2800,5,text_en_1919
1118,51.27861457288455,8.654582977437018,441,0,outer_ring
1119,52.2034341164083,6.06647538518123,472,0,outer_ring
1120,59.62095957004797,6.808280778356512,685,0,outer_ring
1121,55.8770610098743,7.17295972696529,583,0,outer_ring
1122,62.12357467227525,7.615834223281169,735,0,outer_ring
1123,59.06291376848238,6.8735902597148195,668,0,outer_ring
1124,63.920827151692215,7.685347867576803,765,0,outer_ring
1125,61.39628836619411,5.667624305403664,717,0,outer_ring
1126,65.80537063998909,6.164683029010647,783,0,outer_ring
1127,60.8664631690213,7.4331341073953965,711,0,outer_ring
1128,62.2307024932725,6.951497528309748,736,0,outer_ring
1129,62.43882754024637,6.193565383492895,737,0,outer_ring
1130,39.99789771948774,29.041467593951975,1421,2,octagram
1131,39.273720922841434,17.404925525881765,2767,5,text_en_1919
1132,91.09428137353487,45.289816482879075,2627,5,text_en_1919
1133,47.34524034502577,90.02620819922872,215,0,outer_ring
1134,50.07150952671706,89.89238087442926,154,0,outer_ring
1135,46.14132507503922,89.1931795319892,246,0,outer_ring
1136,53.849999549184346,90.4388691887592,75,0,outer_ring
1137,51.75110037735359,91.12867179387307,119,0,outer_ring
1138,50.48346574356326,84.82386094099564,2152,5,text_en_1919
1139,47.88043667582833,78.66002142437772,2307,5,text_en_1919
1140,44.5489023371978,87.41504427956933,277,0,outer_ring
1141,43.27733756625147,89.10262713321622,285,0,outer_ring
1142,40.74171401666043,67.66663823608104,1257,2,octagram
1143,38.0168769534808,70.69826991859533,908,1,inner_ring
1144,41.94669493763992,71.9909135532523,901,1,inner_ring
1145,25.600132902657148,65.71247604537143,2422,5,text_en_1919
1146,17.29893001093955,66.16364797723519,333,0,outer_ring
1147,25.146596903865237,65.84401348885554,2419,5,text_en_1919
1148,20.182931574815445,62.08758731645592,2436,5,text_en_1919
1149,22.88819460406723,51.114145120152024,2546,5,text_en_1919
1150,21.460383236120023,46.98954711702691,2621,5,text_en_1919
1151,22.34301562093181,50.987592665064206,2549,5,text_en_1919
1152,27.013831645264293,52.33268358682762,947,1,inner_ring
1153,31.454319708006725,53.94178235696411,1319,2,octagram
1154,41.916463620476385,68.99335708220354,1252,2,octagram
1155,44.51154527207131,66.81252767263302,1256,2,octagram
1156,46.206307374073674,58.702196787462256,1657,3,stroke_nan
1157,43.78719361646386,58.085678473760915,1662,3,stroke_nan
1158,46.73306331050707,72.58928537592212,1229,2,octagram
1159,59.76418453810383,57.62639075691679,1925,4,stroke_kai
1160,61.10685213699318,59.99932503905547,1902,4,stroke_kai
1161,56.438481814816086,67.99802049189282,1197,2,octagram
1162,67.58022886884777,54.6096650934636,1944,4,stroke_kai
1163,65.57362142956836,72.38117458966119,1170,2,octagram
1164,59.275332289538156,58.69803076157796,1912,4,stroke_kai
1165,57.19303481070112,50.074720324954306,1992,4,stroke_kai
1166,60.609470156598846,47.262788825320854,2014,4,stroke_kai
1167,50.06176308795122,37.1318680658483,1874,3,stroke_nan
1168,44.707195376706274,41.75219581354428,1839,3,stroke_nan
1169,51.1936535387754,45.303499692677256,1797,3,stroke_nan
1170,41.51019819608803,53.23621953065069,1698,3,stroke_nan
1171,40.339455846680465,41.620008025486456,1822,3,stroke_nan
1172,41.41254766031113,50.91460245472815,1735,3,stroke_nan
1173,39.342504584043965,46.12591703179216,1792,3,stroke_nan
1174,30.751936752250884,35.642685936239886,1381,2,octagram
1175,16.78021898584674,41.734394924880725,2653,5,text_en_1919
1176,33.84440753396754,47.54317666587788,1340,2,octagram
1177,40.31833291307804,51.13404774641105,1730,3,stroke_nan
1178,41.90557819570113,70.53051040288311,1249,2,octagram
1179,18.48825961326603,32.491518797986934,2699,5,text_en_1919
1180,30.497462996593022,36.34576382562047,1380,2,octagram
1181,33.107340625866264,31.194156278143417,987,1,inner_ring
1182,32.88034065301873,29.380692817625352,990,1,inner_ring
1183,46.26528701606243,15.002440670367209,2795,5,text_en_1919
1184,45.29957223460081,7.06617761860876,370,0,outer_ring
1185,52.77631936539124,18.849724992179443,1029,1,inner_ring
1186,54.968174028904464,15.288950259578037,2758,5,text_en_1919
1187,53.724123802882886,28.38648189969688,1476,2,octagram
1188,51.97647545215221,40.76076771974377,1844,3,stroke_nan
1189,61.244264437400155,43.83961016820034,2060,4,stroke_kai
1190,61.1592613570674,43.224202186834155,2068,4,stroke_kai
1191,63.694182225249385,37.03148539581062,2124,4,stroke_kai
1192,64.11295727167193,45.02600937706597,2033,4,stroke_kai
1193,65.43156712289787,45.79381729686481,2038,4,stroke_kai
1194,63.50062061888408,58.70696533456809,1909,4,stroke_kai
1195,67.97894927116441,53.87637979112454,1957,4,stroke_kai
1196,69.08280183056215,54.53708141454522,1955,4,stroke_kai
1197,76.37413311505237,65.76463382156766,838,1,inner_ring
1198,76.32215084520611,65.51193727525936,837,1,inner_ring
1199,66.15844135252853,68.15212109136638,1156,2,octagram
1200,49.72564278332566,90.00557321669373,162,0,outer_ring
1201,51.341952530833105,89.76911727206719,127,0,outer_ring
1202,40.02138415014525,90.66203286927313,309,0,outer_ring
1203,51.03363320938355,90.00082481836631,130,0,outer_ring
1204,52.64889404357347,78.47405358752947,2282,5,text_en_1919
1205,55.99653389681875,75.0867422964056,877,1,inner_ring
1206,56.87079874979269,82.13598921593754,2215,5,text_en_1919
1207,47.77432424854362,68.69486975826305,1223,2,octagram
1208,53.35630182867992,81.32563338125,2223,5,text_en_1919
1209,45.11750829434002,80.14705246626578,2246,5,text_en_1919
1210,46.25455839305337,84.05187684283915,2161,5,text_en_1919
1211,28.8415263980184,60.68682890358842,933,1,inner_ring
1212,33.06570963488027,68.51020528333117,919,1,inner_ring
1213,30.228101560872297,62.453871029219094,929,1,inner_ring
1214,57.01952681435619,89.8867525366177,28,0,outer_ring
1215,59.30527750620476,89.16392102395265,13,0,outer_ring
1216,58.67618768973491,88.29215323171346,18,0,outer_ring
1217,59.040954749888996,86.37226108276403,2148,5,text_en_1919
1218,60.011044337790885,81.36355744395979,2238,5,text_en_1919
1219,73.02821390779326,80.82843685403506,2236,5,text_en_1919
1220,74.15958605337595,81.48949639962609,2252,5,text_en_1919
1221,75.94115963807663,78.18389791927976,2319,5,text_en_1919
1222,76.58465154462394,74.92904729618921,2344,5,text_en_1919
1223,75.59308058934886,67.0557713791165,839,1,inner_ring
1224,86.62464811097718,62.78200806522407,2440,5,text_en_1919
1225,89.17343498467072,59.14811724740487,2466,5,text_en_1919
1226,78.36725603760283,60.4451671915783,1110,2,octagram
1227,86.31686230314573,58.66670338239214,2477,5,text_en_1919
1228,84.32327200443129,41.77130759069326,1095,1,inner_ring
1229,87.0279781687619,46.62718017909209,2610,5,text_en_1919
1230,90.13692417779716,47.506126661745945,2607,5,text_en_1919
1231,93.19764681273313,53.17038787789562,2512,5,text_en_1919
1232,93.44098244153969,42.33278589521046,2637,5,text_en_1919
1233,93.33065964061116,49.631696024254744,2558,5,text_en_1919
1234,62.19879402077604,41.18796020576957,2094,4,stroke_kai
1235,74.36248786624266,51.376508183013975,1622,2,octagram
1236,64.51313185683196,28.436833904449593,1528,2,octagram
1237,67.30596518620203,32.181871463966,1539,2,octagram
1238,70.37138168820157,23.982294070618654,1058,1,inner_ring
1239,64.36522025113257,17.513228918071345,2726,5,text_en_1919
1240,70.71023236032471,8.211638384443567,801,0,outer_ring
1241,79.77861201369242,37.34376355546104,1579,2,octagram
1242,69.46137052783503,24.043880931583438,1056,1,inner_ring
1243,74.78252824666798,30.706595560782283,1071,1,inner_ring
1244,59.13179655645059,7.211285273857371,670,0,outer_ring
1245,57.13309722109952,4.942076644082659,616,0,outer_ring
1246,65.09545750416474,7.489587039893141,780,0,outer_ring
1247,59.0145551927974,10.606690654313294,2836,5,text_en_1919
1248,59.29271316465112,11.410797462568006,2828,5,text_en_1919
1249,51.63044765360974,6.530862607180642,454,0,outer_ring
1250,46.76099587732606,14.416006964852441,2797,5,text_en_1919
1251,53.11906633663178,5.99957888861583,501,0,outer_ring
1252,55.04953791351038,6.148098685607679,564,0,outer_ring
1253,50.515465396094896,5.6781855901718234,428,0,outer_ring
1254,58.04227474306179,5.672808620921369,644,0,outer_ring
1255,57.50369873123448,6.080664301827237,626,0,outer_ring
1256,55.140612774385936,7.175431283094774,569,0,outer_ring
1257,49.60157789821766,5.873280579612909,414,0,outer_ring
1258,49.34682081693602,5.791642242832639,409,0,outer_ring
1259,53.325542468192666,5.062191180736432,507,0,outer_ring
1260,45.12121828018943,7.264958675958564,368,0,outer_ring
1261,50.367886895844556,6.76393760206439,421,0,outer_ring
1262,58.22088509124426,5.039219318052761,648,0,outer_ring
1263,52.12498604946616,6.580051585130668,467,0,outer_ring
1264,59.28448340683688,6.848146174471549,676,0,outer_ring
1265,64.21268813111223,6.858155731495575,766,0,outer_ring
1266,59.60065115952396,11.264340719005556,2832,5,text_en_1919
1267,70.78152912123792,13.083753915766655,2793,5,text_en_1919
1268,76.00524389198371,4.879040227031718,805,0,outer_ring
1269,63.193335238995545,5.9290022506443,752,0,outer_ring
1270,65.0235848170366,6.271205587081184,774,0,outer_ring
1271,61.123720900310595,5.980247808697745,713,0,outer_ring
1272,42.35788607091708,24.336114984543748,1437,2,octagram
1273,43.126338970198944,27.356315330993862,1427,2,octagram
1274,81.34342272902154,37.88146486542081,1087,1,inner_ring
1275,54.4967623503894,89.75895908358288,63,0,outer_ring
1276,49.75130109576577,88.31545314262053,167,0,outer_ring
1277,47.23718362192951,89.71385957523933,219,0,outer_ring
1278,59.590007968688454,85.09826344595079,2160,5,text_en_1919
1279,49.76206303359944,92.3590459559659,155,0,outer_ring
1280,47.115079292979374,86.78062333092781,230,0,outer_ring
1281,47.524701010757404,88.5226912940183,216,0,outer_ring
1282,46.19910945614101,88.20718565055255,249,0,outer_ring
1283,34.933357547094076,79.73416604183474,2249,5,text_en_1919
1284,44.160537216371004,88.07795083919702,279,0,outer_ring
1285,36.30744144895586,85.65748632638318,326,0,outer_ring
1286,31.20319320973077,74.34351934855263,2342,5,text_en_1919
1287,28.642669903487285,75.47542945767694,2341,5,text_en_1919
1288,34.9898203774286,69.01564870243618,915,1,inner_ring
1289,21.574487747721086,62.61258916829119,2442,5,text_en_1919
1290,23.277677181968635,56.90229670533528,2484,5,text_en_1919
1291,13.408576118693034,52.05520051420602,354,0,outer_ring
1292,21.72360522457227,51.84760853322772,2539,5,text_en_1919
1293,31.91424536167248,52.58193793897437,1322,2,octagram
1294,31.040743826151918,54.76862533855371,1317,2,octagram
1295,33.16338253945328,44.12414811022422,1352,2,octagram
1296,46.75617629253459,53.38798310144921,1693,3,stroke_nan
1297,46.468815710849356,45.148011142834505,1818,3,stroke_nan
1298,49.25346911367159,69.57482175950987,1220,2,octagram
1299,42.037133379119744,65.58511113758507,1262,2,octagram
1300,51.524449094458944,58.14302750401502,1661,3,stroke_nan
1301,61.222635948160494,52.93386905812935,1961,4,stroke_kai
1302,68.002292146959,56.24865236411392,1942,4,stroke_kai
1303,62.67666077078987,58.823256501158,1907,4,stroke_kai
1304,55.74259701530164,68.44049304592681,1198,2,octagram
1305,63.94667650966674,70.56874892696145,1163,2,octagram
1306,63.62183097059756,59.16573461436815,1910,4,stroke_kai
1307,51.03999414905054,58.23437700293481,1659,3,stroke_nan
1308,50.02967253073539,51.93144694801682,1714,3,stroke_nan
1309,52.453873894104966,42.258708397275406,1832,3,stroke_nan
1310,52.00323391170343,49.36119295528456,1746,3,stroke_nan
1311,47.097925766014356,51.95068449902387,1719,3,stroke_nan
1312,38.90667899237174,41.377413672673796,1834,3,stroke_nan
1313,48.27093495209533,45.10010011903732,1815,3,stroke_nan
1314,22.486471666015603,42.24931038719861,2654,5,text_en_1919
1315,30.981012778214673,30.37280096340696,985,1,inner_ring
1316,33.837273603555886,48.708496235235295,1339,2,octagram
1317,26.20658546039145,43.73889786768089,961,1,inner_ring
1318,34.25396521567659,46.275531238124245,1344,2,octagram
1319,40.99481354707013,62.243286267290145,1272,2,octagram
1320,37.451981352429385,54.865730948223785,1689,3,stroke_nan
1321,14.25676126726179,40.73499083317769,2651,5,text_en_1919
1322,24.10843820539359,39.284641427587474,2678,5,text_en_1919
1323,21.673255892606413,42.706276200144686,2645,5,text_en_1919
1324,36.679763464589136,26.305530097979243,999,1,inner_ring
1325,40.65977632114438,26.374755108067152,1429,2,octagram
1326,44.400616688662886,18.704968851631552,2730,5,text_en_1919
1327,46.66831446248776,20.35133778585199,1019,1,inner_ring
1328,47.9416780653355,24.49452495719498,1457,2,octagram
1329,51.15786957832248,27.59813196049724,1468,2,octagram
1330,52.68323116748695,36.66892286608114,1877,3,stroke_nan
1331,46.31889705571783,37.904485709648476,1865,3,stroke_nan
1332,52.20649536992247,43.98693320689774,1807,3,stroke_nan
1333,61.060150460299646,48.012325062169154,2011,4,stroke_kai
1334,54.74797369921551,28.70815846198775,1478,2,octagram
1335,68.45588337296967,60.94224597142483,1136,2,octagram
1336,74.1269856534071,46.626021296456365,1608,2,octagram
1337,74.30944999843656,47.59388538449142,1607,2,octagram
1338,69.96275107117854,61.25040657737725,1133,2,octagram
1339,68.11090464188567,65.19855720523633,1148,2,octagram
1340,68.5924844172256,62.24705474565115,1140,2,octagram
1341,65.13977517303056,73.7540218999386,1172,2,octagram
1342,52.47875903198777,76.05137944478034,882,1,inner_ring
1343,54.36136629020694,89.93506145304232,67,0,outer_ring
1344,48.425514793493754,84.70074705453582,2150,5,text_en_1919
1345,54.07426604398683,84.69775510275923,2154,5,text_en_1919
1346,55.26405042070207,90.33796499566179,53,0,outer_ring
1347,54.85013168391642,84.46707773623598,2167,5,text_en_1919
1348,49.81955470860317,74.73510425590733,887,1,inner_ring
1349,60.685695159885924,79.95828269999753,2268,5,text_en_1919
1350,48.98902656449352,74.64111114974601,890,1,inner_ring
1351,52.49405357007836,78.81001910239485,2270,5,text_en_1919
1352,47.986118629861274,80.97728817569796,2225,5,text_en_1919
1353,28.3631540582065,58.29082863788716,1308,2,octagram
1354,37.59843907383858,62.263602120980416,1280,2,octagram
1355,32.24080327564152,63.08835944205201,924,1,inner_ring
1356,55.498629249047575,90.70894311594743,51,0,outer_ring
1357,59.83023072925138,92.8798418568077,12,0,outer_ring
1358,64.24146668739472,78.9973950703615,2278,5,text_en_1919
1359,55.541165403962935,89.6243242808243,49,0,outer_ring
1360,60.04407494688384,90.23316209453486,9,0,outer_ring
1361,68.6701128913007,83.47455928501908,2202,5,text_en_1919
1362,68.62544944671711,71.9827929599568,857,1,inner_ring
1363,79.89467038762369,70.53370223181685,2374,5,text_en_1919
1364,82.27057858068856,68.82878426081658,2376,5,text_en_1919
1365,79.34452314615409,59.11596983839978,1106,2,octagram
1366,78.05394095365146,62.38123159477379,831,1,inner_ring
1367,83.55668821152194,58.850800314275986,2489,5,text_en_1919
1368,87.30581703570438,59.564252988468596,2464,5,text_en_1919
1369,89.01153721702124,62.58478579750841,2445,5,text_en_1919
1370,89.77902375510466,58.77815528742817,2472,5,text_en_1919
1371,91.41560261865139,54.20122978109394,2507,5,text_en_1919
1372,81.97130052964472,36.272260137388336,1577,2,octagram
1373,86.2716685514771,41.26947779978497,2667,5,text_en_1919
1374,92.10299288712417,49.87465357195408,2556,5,text_en_1919
1375,91.99532367936052,35.45677041329147,2696,5,text_en_1919
1376,61.713133968552455,53.68566987696026,1962,4,stroke_kai
1377,64.13837015960951,37.72657284803048,2117,4,stroke_kai
1378,66.64390407939302,37.654342707168745,2118,4,stroke_kai
1379,68.53837797470719,43.9088506970845,2055,4,stroke_kai
1380,63.74585753056909,39.17521123134501,2108,4,stroke_kai
1381,65.74346911498758,26.069591942410717,1520,2,octagram
1382,79.37419572927124,36.50054229892482,1576,2,octagram
1383,71.78375889406927,26.571832596726395,1066,1,inner_ring
1384,67.67711901687264,23.679091147013423,1055,1,inner_ring
1385,64.78557217054646,20.907575565616764,1048,1,inner_ring
1386,65.66237353868966,27.356934899810554,1524,2,octagram
1387,59.52961383795235,7.8091847580583,686,0,outer_ring
1388,57.75989766169774,4.305186875271315,633,0,outer_ring
1389,58.67253609455364,20.763142175189678,1038,1,inner_ring
1390,55.94115411984714,13.769560628667874,2796,5,text_en_1919
1391,51.504109544160904,6.374177538930239,451,0,outer_ring
1392,50.021396354967294,9.985949552838727,416,0,outer_ring
1393,45.957414327003,5.847767445172948,375,0,outer_ring
1394,47.96627090905801,6.325989206032111,393,0,outer_ring
1395,54.47251694791661,5.258464990542255,541,0,outer_ring
1396,58.76266395369649,6.113694898618608,661,0,outer_ring
1397,56.28611522001151,12.999753415157581,2817,5,text_en_1919
1398,51.41468564946967,6.4701643476302975,449,0,outer_ring
1399,50.85144493797651,4.179076877796715,438,0,outer_ring
1400,52.91588272119938,4.862571882938247,495,0,outer_ring
1401,54.291961452831316,5.333637876770686,534,0,outer_ring
1402,50.436917936132176,5.036913721043204,427,0,outer_ring
1403,55.5986972827546,8.083482698106712,578,0,outer_ring
1404,59.520969426845525,12.27606390729705,2822,5,text_en_1919
1405,57.009544574534715,6.643351360615632,614,0,outer_ring
1406,60.90171094438019,6.462272497533101,710,0,outer_ring
1407,62.96723682182329,6.113200451871962,748,0,outer_ring
1408,64.57816343520192,6.2485032121126975,770,0,outer_ring
1409,70.82609272002323,24.175677575754467,1061,1,inner_ring
1410,68.13623684065732,18.43644994471592,2716,5,text_en_1919
1411,64.85961636205118,6.6216305649842795,773,0,outer_ring
1412,63.05965461966304,6.793105820603957,753,0,outer_ring
1413,64.02478989116148,6.25661632589687,763,0,outer_ring
1414,38.014860135278745,24.111405434509102,1001,1,inner_ring
1415,43.05264878012857,20.09367705436624,1013,1,inner_ring
1416,91.6117994095172,51.617637797421,2524,5,text_en_1919
1417,46.6265427961279,88.08707451141997,237,0,outer_ring
1418,47.33136233109793,93.00413061864262,204,0,outer_ring
1419,42.21202439346906,89.30390050047787,296,0,outer_ring
1420,53.279795968824295,91.77699368938701,86,0,outer_ring
1421,47.20945382817027,90.13838340235013,218,0,outer_ring
1422,46.38355258148265,89.43289108222977,238,0,outer_ring
1423,46.40136236598379,90.44433365506127,233,0,outer_ring
1424,44.352461885758586,89.19687368155536,274,0,outer_ring
1425,38.48269406362201,87.984880490876,321,0,outer_ring
1426,43.89805855784688,73.18378557792684,1237,2,octagram
1427,40.24636078538249,73.24932685009743,904,1,inner_ring
1428,26.427868159864232,68.92844403354175,2386,5,text_en_1919
1429,24.857183827561474,68.85770888076586,2378,5,text_en_1919
1430,24.341589838724417,69.30501174184275,2372,5,text_en_1919
1431,21.142726096311915,51.069847636841445,2542,5,text_en_1919
1432,18.62574045386607,63.509842233569735,334,0,outer_ring
1433,20.346519000728037,63.41844665233905,2430,5,text_en_1919
1434,13.295727948044538,49.37813329130094,358,0,outer_ring
1435,23.27671048694544,50.52048947784021,2551,5,text_en_1919
1436,24.15321861610034,52.364376524571306,2536,5,text_en_1919
1437,37.355802374870834,61.22894468691431,1281,2,octagram
1438,40.827345411915,65.05234608101318,1264,2,octagram
1439,43.47385358831074,72.51172209199048,1242,2,octagram
1440,40.13083522649578,66.92498474226946,1258,2,octagram
1441,46.33142550227964,72.83976954120828,1231,2,octagram
1442,51.33806582568648,69.29635291489836,1214,2,octagram
1443,44.42598678087969,64.32265893048951,1644,3,stroke_nan
1444,57.063402618879444,58.54399408277293,1916,4,stroke_kai
1445,69.52245413068866,61.15490814904793,1134,2,octagram
1446,57.25842445345024,76.43686292492981,2310,5,text_en_1919
1447,57.1648325909228,75.89572068176115,875,1,inner_ring
1448,56.74466675644497,54.80316520971725,1950,4,stroke_kai
1449,58.36961281219681,50.748736335845734,1979,4,stroke_kai
1450,51.775977608835824,58.50962976089436,1660,3,stroke_nan
1451,47.74735230427872,36.36796278627337,1883,3,stroke_nan
1452,44.407244046547326,44.727662899938515,1806,3,stroke_nan
1453,51.2045109379391,47.84167997236589,1758,3,stroke_nan
1454,46.83004246680239,52.06540063131466,1713,3,stroke_nan
1455,51.79010892848726,19.990554083410768,1026,1,inner_ring
1456,45.706707090539446,38.53116538270793,1863,3,stroke_nan
1457,34.91657346423129,34.29555111346559,1394,2,octagram
1458,29.780860232247168,39.240313122272454,1369,2,octagram
1459,27.995040116879817,41.75394906682967,965,1,inner_ring
1460,30.81399751453612,43.20894727136436,1357,2,octagram
1461,27.46916808292285,53.48556479771024,945,1,inner_ring
1462,41.79112972117865,56.04945638701529,1680,3,stroke_nan
1463,32.56213928545485,48.772119726559524,1337,2,octagram
1464,39.345451492130735,44.61619891725617,1801,3,stroke_nan
1465,29.023626839924738,38.385718200559054,1372,2,octagram
1466,30.929349582913385,32.58159488169373,981,1,inner_ring
1467,39.3692273952806,14.21374108347676,2799,5,text_en_1919
1468,39.10231810120097,31.938587997508197,1412,2,octagram
1469,42.09893039073382,29.18295685757906,1422,2,octagram
1470,45.933569988817396,19.858121086330765,1017,1,inner_ring
1471,55.24877416979263,28.30432923414618,1479,2,octagram
1472,59.14234101715402,24.629901029557704,1491,2,octagram
1473,60.715907943493214,41.826344900362045,2084,4,stroke_kai
1474,59.85001759308192,42.00876595873938,2080,4,stroke_kai
1475,52.179274930866576,46.326519923520635,1788,3,stroke_nan
1476,62.81325098520517,55.70143175932659,1943,4,stroke_kai
1477,61.78616484637926,47.306882049114954,2010,4,stroke_kai
1478,68.58349853411599,43.62042907813351,2067,4,stroke_kai
1479,76.35530669809329,43.848462486681505,1596,2,octagram
1480,74.63848948095762,51.071629114663104,1621,2,octagram
1481,77.92010994318798,54.71469263710369,1633,2,octagram
1482,77.1577481294525,59.366438632701566,1112,2,octagram
1483,65.39786237792221,73.51783829436549,1171,2,octagram
1484,49.63868885637343,78.57594852253455,2276,5,text_en_1919
1485,42.18388633863825,88.92540784094065,299,0,outer_ring
1486,50.69930603451909,91.13628995269431,136,0,outer_ring
1487,53.6466818607708,89.98198464407585,81,0,outer_ring
1488,52.55880835460685,81.842725131972,2217,5,text_en_1919
1489,56.52666113600871,85.07881939778348,2144,5,text_en_1919
1490,55.16331726524138,79.64816679987312,2256,5,text_en_1919
1491,57.44070629365164,76.32498571926033,874,1,inner_ring
1492,53.38915588033096,75.70245550767245,881,1,inner_ring
1493,52.71952374224331,80.84438887750565,2232,5,text_en_1919
1494,45.73195663548174,75.18256805640648,895,1,inner_ring
1495,30.275329141950177,55.60971126812072,1314,2,octagram
1496,31.372591996099334,64.6709527100628,922,1,inner_ring
1497,34.02463296572101,59.30776487143991,1289,2,octagram
1498,45.65383331686576,92.09921436978198,243,0,outer_ring
1499,61.074276661414586,86.79635975338947,2153,5,text_en_1919
1500,56.444516332147074,90.90567471981744,34,0,outer_ring
1501,63.173575774299955,82.9121131875152,2180,5,text_en_1919
1502,67.3767854662821,76.10223654862406,2334,5,text_en_1919
1503,61.831969060342075,85.23586801267608,2168,5,text_en_1919
1504,67.79902197589315,76.75869047594789,2329,5,text_en_1919
1505,75.36650371998574,74.1806465509038,2340,5,text_en_1919
1506,80.59148427495484,68.00996860181718,2390,5,text_en_1919
1507,85.71724632971396,68.53754030815881,2381,5,text_en_1919
1508,80.24296542197567,56.16228519738552,821,1,inner_ring
1509,78.76297970206535,62.62635704163218,830,1,inner_ring
1510,84.63402790983174,66.32729824142694,2415,5,text_en_1919
1511,91.12228009687327,53.719227390514355,2516,5,text_en_1919
1512,86.44122750640015,53.82444044091058,2525,5,text_en_1919
1513,81.89998683131726,41.36978687204413,1092,1,inner_ring
1514,82.00835415593174,48.37581118315522,807,1,inner_ring
1515,93.13576982063621,46.71523625541578,2622,5,text_en_1919
1516,92.14871569527742,40.92774501329008,2656,5,text_en_1919
1517,91.71594910310482,47.192948227589554,2598,5,text_en_1919
1518,57.03490845871402,39.50066380541751,2102,4,stroke_kai
1519,58.010906843508565,33.213645371707536,2142,4,stroke_kai
1520,66.57511791674865,42.76178265089386,2076,4,stroke_kai
1521,78.54028917312976,33.6143885295984,1079,1,inner_ring
1522,64.73317611125333,21.831030187478316,1509,2,octagram
1523,81.89862614305046,38.90836290002483,1088,1,inner_ring
1524,75.51452936618811,36.09354441417477,1569,2,octagram
1525,75.52273123680123,36.40162780389544,1570,2,octagram
1526,71.22617695533528,25.34140282983695,1064,1,inner_ring
1527,56.038818258073846,14.153089607363075,2788,5,text_en_1919
1528,63.12817378676732,23.363446871766342,1504,2,octagram
1529,51.08815868106967,6.616898253189889,440,0,outer_ring
1530,58.29707576544727,15.967910951340155,2768,5,text_en_1919
1531,55.101307247395354,6.41261677062291,566,0,outer_ring
1532,54.84262825727279,5.901220693185819,553,0,outer_ring
1533,55.652348965919856,13.649631270143097,2807,5,text_en_1919
1534,49.06528181960228,12.030989161055487,2816,5,text_en_1919
1535,44.29140517817945,14.135928957671556,2781,5,text_en_1919
1536,56.28265607697862,6.458396465511717,596,0,outer_ring
1537,54.746233819295455,5.506473507290801,549,0,outer_ring
1538,54.54282572931921,5.925299225957539,543,0,outer_ring
1539,57.311650098440126,6.312203963153912,619,0,outer_ring
1540,54.36571426495408,4.9584199065696835,537,0,outer_ring
1541,54.03701223138286,5.025563757955497,529,0,outer_ring
1542,50.80569962815871,7.280370051595072,431,0,outer_ring
1543,45.87052148674654,6.049819327751987,374,0,outer_ring
1544,48.68783845532714,6.875424518026291,402,0,outer_ring
1545,52.19180570257738,4.6847727918971085,473,0,outer_ring
1546,57.56989491415129,6.852854979023272,632,0,outer_ring
1547,57.556251063926204,6.5459299644022275,631,0,outer_ring
1548,59.60245918103781,6.017589717131136,682,0,outer_ring
1549,59.436825228669605,6.561675150751867,679,0,outer_ring
1550,69.02910974720847,12.234657723711056,2823,5,text_en_1919
1551,69.94790964532557,8.443730404495907,800,0,outer_ring
1552,73.45718489781926,5.462858679676081,804,0,outer_ring
1553,60.60786121233996,8.243427703532722,709,0,outer_ring
1554,60.28580828805608,6.437121171861681,698,0,outer_ring
1555,59.51716892682728,6.646391817559347,681,0,outer_ring
1556,44.44260096834819,20.603033505490707,1014,1,inner_ring
1557,41.25588643624748,27.091215787043883,1426,2,octagram
1558,94.04484097252808,50.98053965980058,2545,5,text_en_1919
1559,49.76430931860643,89.97684169721012,160,0,outer_ring
1560,52.765156917274204,90.3863339473072,94,0,outer_ring
1561,42.51646825395561,89.73252833343504,292,0,outer_ring
1562,50.166559839376255,90.2483955825546,152,0,outer_ring
1563,50.139705841339286,90.02366205534473,153,0,outer_ring
1564,44.542669211848704,74.60486240971085,897,1,inner_ring
1565,44.81672337499383,87.3872211618266,273,0,outer_ring
1566,41.6399337931793,87.52907616154083,306,0,outer_ring
1567,43.40105257512969,88.21142519893749,286,0,outer_ring
1568,36.27821894722795,80.95869993113719,2272,5,text_en_1919
1569,36.559105945183866,70.82427823709634,912,1,inner_ring
1570,34.18831068689586,85.36108663933234,328,0,outer_ring
1571,20.17449252036808,67.86116427941126,2411,5,text_en_1919
1572,14.194141605451328,54.264016742792435,349,0,outer_ring
1573,16.468295367195825,60.020131056199176,338,0,outer_ring
1574,20.115355451148556,47.03103341783267,2608,5,text_en_1919
1575,20.41911448348875,56.45332490325653,2486,5,text_en_1919
1576,22.661551182252488,44.82926003519653,2636,5,text_en_1919
1577,28.34868566918324,59.70032112613019,934,1,inner_ring
1578,38.98468195460203,49.770589766701384,1733,3,stroke_nan
1579,38.96496352077003,61.17443482231823,1277,2,octagram
1580,44.04046292482423,72.43750459658862,1236,2,octagram
1581,47.677443548252725,54.376925729747796,1696,3,stroke_nan
1582,42.3168037897127,46.64138129796213,1777,3,stroke_nan
1583,54.67525106160763,54.22643395658984,1960,4,stroke_kai
1584,45.46337093528534,59.61730212756284,1651,3,stroke_nan
1585,58.37322156696555,61.61922424505604,1897,4,stroke_kai
1586,55.83002625201023,58.52254321192686,1922,4,stroke_kai
1587,60.56576442532925,71.85047269774579,1185,2,octagram
1588,65.49333908302759,65.46552802436112,1150,2,octagram
1589,60.67189747878424,71.75426051335734,1184,2,octagram
1590,56.331745910060086,57.35732860056046,1926,4,stroke_kai
1591,63.79741721203247,49.470358089972144,1997,4,stroke_kai
1592,51.450155818981756,45.15220920657859,1798,3,stroke_nan
1593,52.57980118448107,39.35018109849552,1861,3,stroke_nan
1594,50.76004033966235,46.541020994579384,1771,3,stroke_nan
1595,56.792174376788346,49.64160418690121,1994,4,stroke_kai
1596,42.25312552348895,52.16177679285215,1712,3,stroke_nan
1597,44.419194181973026,40.463266137154115,1846,3,stroke_nan
1598,39.684080332407895,33.878986588800615,1407,2,octagram
1599,30.609369195365307,40.52935635527462,1366,2,octagram
1600,32.214450139067445,36.42736524500619,1382,2,octagram
1601,23.572354252546717,44.78473565653671,2634,5,text_en_1919
1602,30.02360749753057,40.77255898345677,1367,2,octagram
1603,44.520548168451896,51.96927116750287,1724,3,stroke_nan
1604,41.42095887552278,63.9543688739458,1267,2,octagram
1605,28.368729995503887,37.34160894978284,1376,2,octagram
1606,32.03132339796774,37.54518729902485,1383,2,octagram
1607,26.923724600611234,32.56010508194385,978,1,inner_ring
1608,30.171852417577572,31.174878566330584,983,1,inner_ring
1609,36.2112703327793,25.908617843584334,998,1,inner_ring
1610,37.38760469838194,10.7337059857222,2820,5,text_en_1919
1611,44.80402258365936,21.26453644150221,1015,1,inner_ring
1612,49.5528140053605,17.148139147463294,2740,5,text_en_1919
1613,53.415537149138636,27.154022147035363,1473,2,octagram
1614,52.53807672626182,44.95326298792127,1800,3,stroke_nan
1615,61.00724986286842,23.34108531475841,1498,2,octagram
1616,52.163061635451136,39.97329868249037,1854,3,stroke_nan
1617,56.80108567909804,45.21899118637699,2035,4,stroke_kai
1618,65.33275739848955,45.233694343982975,2043,4,stroke_kai
1619,66.27119193958336,44.437130301508866,2056,4,stroke_kai
1620,75.25317310268561,44.37366551574436,1601,2,octagram
1621,75.97276925753188,44.57198590514022,1600,2,octagram
1622,73.9900532279738,59.91792200399855,1122,2,octagram
1623,76.7959533357367,52.86597806898161,1629,2,octagram
1624,67.68445649811649,68.78029844558436,1158,2,octagram
1625,74.59516271123213,67.31223576176113,841,1,inner_ring
1626,47.586322883966325,72.11175410490537,1227,2,octagram
1627,50.96337652896971,90.75737281663562,131,0,outer_ring
1628,45.856716133176995,88.26837169351349,257,0,outer_ring
1629,48.992658542016876,88.6504876345511,188,0,outer_ring
1630,50.30789111389531,89.04031910813414,150,0,outer_ring
1631,58.74324769993824,78.75001417426279,2280,5,text_en_1919
1632,53.30661246483267,79.57830637315385,2264,5,text_en_1919
1633,53.30866618051864,83.28535427402258,2175,5,text_en_1919
1634,61.91824905675802,74.36804631692387,868,1,inner_ring
1635,50.16938958163156,79.98834310461498,2239,5,text_en_1919
1636,46.77479569868009,74.07232451723024,893,1,inner_ring
1637,28.907935151402324,62.79962367627226,930,1,inner_ring
1638,27.396577794076066,58.62010185830301,937,1,inner_ring
1639,28.113410502293142,58.592457533965266,1307,2,octagram
1640,60.99885401080362,89.58252936644678,4,0,outer_ring
1641,59.29827402377102,90.38730387026227,14,0,outer_ring
1642,60.54913782372789,90.46903816903706,6,0,outer_ring
1643,56.02388157695367,84.5273356949804,2162,5,text_en_1919
1644,62.73430979768975,78.47992615493315,2305,5,text_en_1919
1645,63.49020464431444,78.64347420700426,2289,5,text_en_1919
1646,59.16882953434113,90.21118616163906,15,0,outer_ring
1647,75.06509805667088,80.22273114199699,2290,5,text_en_1919
1648,76.30876962830237,71.2921641060359,2364,5,text_en_1919
1649,75.80652523091285,52.8549899396659,1628,2,octagram
1650,80.2915039638192,60.33784027599589,826,1,inner_ring
1651,78.60363848110528,61.255767972098006,828,1,inner_ring
1652,85.72313810421646,56.498671306835355,2496,5,text_en_1919
1653,81.79989570717485,63.065333259107405,2437,5,text_en_1919
1654,86.76684147952157,49.21370030501259,2582,5,text_en_1919
1655,87.35980253348481,48.061978535767395,2596,5,text_en_1919
1656,89.5924730277108,49.346630869033056,2574,5,text_en_1919
1657,88.437154794498,49.16199234264682,2587,5,text_en_1919
1658,83.4999317010987,43.00627925564455,1097,1,inner_ring
1659,87.92630834448117,41.87910150439432,2664,5,text_en_1919
1660,62.91908679049424,38.81166977446293,2111,4,stroke_kai
1661,60.537308624156175,41.65389351832726,2082,4,stroke_kai
1662,62.99699404991217,38.48826377994775,2113,4,stroke_kai
1663,71.311306515825,34.91215411334349,1556,2,octagram
1664,59.22936549453936,25.766579840384225,1490,2,octagram
1665,70.04085212117927,31.959421275704205,1547,2,octagram
1666,81.26712724364768,39.49555197461088,1089,1,inner_ring
1667,69.9247028767128,16.62441705560092,2733,5,text_en_1919
1668,68.77939203685033,21.75724335548784,1054,1,inner_ring
1669,65.24257283313602,23.84149805905431,1516,2,octagram
1670,58.59938136103354,24.960705417593704,1489,2,octagram
1671,59.5478222097176,6.847397696174135,684,0,outer_ring
1672,57.27548523728892,5.811731245246601,617,0,outer_ring
1673,52.70258170234533,20.24926248564549,1028,1,inner_ring
1674,50.6792868757036,13.655148118347274,2809,5,text_en_1919
1675,46.170536026339306,22.79504329721051,1451,2,octagram
1676,51.95136683644129,6.935848409288129,462,0,outer_ring
1677,48.67642884024376,7.7456416471137155,401,0,outer_ring
1678,45.86621413609527,4.494875555826257,376,0,outer_ring
1679,53.04477165311447,7.52158426859257,498,0,outer_ring
1680,52.87874653600383,5.302175962585741,494,0,outer_ring
1681,54.456503834381266,6.4921640448787326,542,0,outer_ring
1682,53.730627748240664,14.71720270636797,2770,5,text_en_1919
1683,54.34689564045497,7.308535700648017,538,0,outer_ring
1684,52.4872545657087,5.55674610829952,480,0,outer_ring
1685,51.40076414734117,7.422236964879303,447,0,outer_ring
1686,47.68225862305338,6.024460584514843,388,0,outer_ring
1687,52.74280858141011,6.205036453170793,489,0,outer_ring
1688,59.93574463976609,6.317829133858477,692,0,outer_ring
1689,58.97089962739429,6.612455932588726,666,0,outer_ring
1690,62.87801852002147,6.194083594145177,745,0,outer_ring
1691,57.07401413149638,4.741680498136718,613,0,outer_ring
1692,70.47521503868394,15.191921449177551,2769,5,text_en_1919
1693,66.59698002437696,7.761775337680016,790,0,outer_ring
1694,56.90510001859286,7.444308665676176,612,0,outer_ring
1695,57.92408137647577,6.102099724225865,641,0,outer_ring
1696,66.6871406641391,7.334966259612066,789,0,outer_ring
1697,65.05493248348573,6.346668107701913,776,0,outer_ring
1698,40.448432292496534,30.45810051454486,1415,2,octagram
1699,44.81440290021336,5.329040960090784,369,0,outer_ring
1700,81.33975467576465,35.07202304100923,1084,1,inner_ring
1701,45.84353882123691,89.4170032768162,250,0,outer_ring
1702,50.40165121119522,90.00630213187206,146,0,outer_ring
1703,49.15772401180796,88.97870707275202,183,0,outer_ring
1704,52.75619724133039,89.67093717817782,95,0,outer_ring
1705,44.895283279573604,89.81198819561439,266,0,outer_ring
1706,47.6435140956715,89.90923974852527,208,0,outer_ring
1707,45.92233225512694,90.10148261746139,247,0,outer_ring
1708,42.390529833881196,87.76346157421706,300,0,outer_ring
1709,40.280015337111585,79.93434039664464,2234,5,text_en_1919
1710,45.01146786233325,74.81177702534735,896,1,inner_ring
1711,37.08957888507624,70.50002155710634,910,1,inner_ring
1712,32.57075091623823,62.97883513195276,923,1,inner_ring
1713,18.491430262980867,69.08499304896415,332,0,outer_ring
1714,27.913244255203942,68.77438561664334,2392,5,text_en_1919
1715,12.059201106846144,53.37772288769327,352,0,outer_ring
1716,23.897461688870358,59.09173082765763,2471,5,text_en_1919
1717,18.972727782824926,49.068074115497886,2552,5,text_en_1919
1718,27.874642975574723,41.42806000286425,966,1,inner_ring
1719,33.835633378870696,48.94329995726418,1338,2,octagram
1720,35.250101971618584,61.50443382240578,1286,2,octagram
1721,32.63705412529396,52.6203237059093,1324,2,octagram
1722,41.62107369111972,54.9372123254882,1687,3,stroke_nan
1723,32.36564586019676,57.72439381455253,1297,2,octagram
1724,49.599552806348555,55.49110320868139,1686,3,stroke_nan
1725,40.7473600111865,66.18066450023979,1259,2,octagram
1726,53.115368801368334,64.6345810239222,1207,2,octagram
1727,45.76128019527897,73.27781187322971,1233,2,octagram
1728,60.53607894034471,57.17487004104825,1931,4,stroke_kai
1729,52.47378213468379,68.65708966044592,1209,2,octagram
1730,65.97140648120674,71.90001411279339,1166,2,octagram
1731,64.07218268901185,72.77848262913064,1176,2,octagram
1732,62.581309016435895,55.74367177708727,1937,4,stroke_kai
1733,55.09514008414536,66.79775368348554,1203,2,octagram
1734,56.258459221798596,46.4415320219859,2029,4,stroke_kai
1735,46.55525371498527,42.81961529319369,1836,3,stroke_nan
1736,44.846607663769,52.83269111937875,1701,3,stroke_nan
1737,51.243474460724954,38.23399412735585,1870,3,stroke_nan
1738,45.86797474980903,39.37055117481347,1856,3,stroke_nan
1739,43.69966184306602,39.14484325159596,1853,3,stroke_nan
1740,41.59780727996175,42.84838713187561,1820,3,stroke_nan
1741,34.88080116097263,35.063668463980754,1393,2,octagram
1742,32.13908408882384,43.17530924504639,1356,2,octagram
1743,19.310733821637903,35.29018391802144,2697,5,text_en_1919
1744,34.97746575389741,46.7520152950623,1341,2,octagram
1745,32.644360571030234,44.59546778494658,1351,2,octagram
1746,39.55677324492545,62.23003417189053,1274,2,octagram
1747,26.423269215372603,46.96616430557864,958,1,inner_ring
1748,33.7228470900982,30.53179814347583,989,1,inner_ring
1749,21.959533287108023,38.062842219587914,2687,5,text_en_1919
1750,33.677319227011715,27.722173952272467,991,1,inner_ring
1751,42.6448867867392,23.181909486321988,1439,2,octagram
1752,33.2109988293126,30.598716946941696,988,1,inner_ring
1753,59.01640666480598,17.71114882258947,2735,5,text_en_1919
1754,48.434302467567846,25.03685495299811,1459,2,octagram
1755,52.07055653230549,35.31263443505337,1888,3,stroke_nan
1756,56.1195033887343,26.54992168169422,1484,2,octagram
1757,57.072466585011455,47.704554366003464,2007,4,stroke_kai
1758,58.44140261612325,55.05812919772736,1939,4,stroke_kai
1759,53.62732369560309,45.23618548047745,1803,3,stroke_nan
1760,65.63857060738842,54.41865541666051,1947,4,stroke_kai
1761,63.62775129419969,47.39374182345242,2020,4,stroke_kai
1762,61.45029699189231,60.00817673136621,1903,4,stroke_kai
1763,65.02637601367589,41.00971544040452,2095,4,stroke_kai
1764,78.98315925909534,54.760958475002816,1634,2,octagram
1765,82.84595899082014,48.590373029154655,808,1,inner_ring
1766,66.63830729171579,57.03061641860863,1935,4,stroke_kai
1767,78.39896423615019,55.52004811205703,1636,2,octagram
1768,48.44580130198061,81.11589648215198,2214,5,text_en_1919
1769,48.91528787940956,89.51456814061017,187,0,outer_ring
1770,53.08775957796199,90.69400805718035,88,0,outer_ring
1771,50.08704850996171,89.00361815989105,156,0,outer_ring
1772,52.697551310473244,89.9067988921289,97,0,outer_ring
1773,57.50962938482597,88.22920368940875,24,0,outer_ring
1774,60.788175828650395,83.01743147804329,2221,5,text_en_1919
1775,53.735129129884115,79.89904199365644,2250,5,text_en_1919
1776,49.395647032567545,75.18138003763038,889,1,inner_ring
1777,48.44185136318148,83.97375684707741,2157,5,text_en_1919
1778,46.814999894171535,74.27796724322927,892,1,inner_ring
1779,29.613776104923108,53.147735030636134,1318,2,octagram
1780,34.86692670172775,68.53420078586024,916,1,inner_ring
1781,30.009522892127904,62.0251696086111,931,1,inner_ring
1782,57.84026269458162,89.7426647711171,23,0,outer_ring
1783,54.5058196346857,89.1013620980938,64,0,outer_ring
1784,54.91763944880314,93.27832848206054,56,0,outer_ring
1785,62.29534030848817,88.92449095923753,1,0,outer_ring
1786,55.392392639670014,88.97966578444405,52,0,outer_ring
1787,63.32976483736983,82.08261514645778,2213,5,text_en_1919
1788,59.11260420666213,90.91169348011229,16,0,outer_ring
1789,73.94240475932926,71.98507732520484,2358,5,text_en_1919
1790,74.93810247221177,74.39265862458502,2345,5,text_en_1919
1791,77.43762442902957,73.05331835409977,2348,5,text_en_1919
1792,79.45685019714253,57.90571843466675,1643,2,octagram
1793,80.63339641063637,58.91377580926004,1105,2,octagram
1794,81.19217642877446,57.99565711820388,823,1,inner_ring
1795,85.6721240497164,62.559001571407016,2441,5,text_en_1919
1796,91.74014272443465,48.07119937963613,2593,5,text_en_1919
1797,86.24213423379402,53.51502318758438,2527,5,text_en_1919
1798,85.64951438660133,40.028435158349595,2673,5,text_en_1919
1799,94.68007984058033,46.60315499042813,2620,5,text_en_1919
1800,89.97479605763976,54.151513869786314,2511,5,text_en_1919
1801,91.8773979695722,36.50596170777316,2695,5,text_en_1919
1802,57.48055324576461,27.602331236253427,1486,2,octagram
1803,67.40048153461295,45.28966474889147,2045,4,stroke_kai
1804,60.5022666540089,36.67143101140463,2128,4,stroke_kai
1805,69.90208453809939,34.52986520428618,1551,2,octagram
1806,67.00779233777841,18.77705351561547,2715,5,text_en_1919
1807,67.04406939334024,33.22909383103168,1541,2,octagram
1808,73.8844969202105,28.376382184117542,1068,1,inner_ring
1809,70.05485577751001,33.97209665871188,1550,2,octagram
1810,77.81975634921311,31.90352909866439,1075,1,inner_ring
1811,66.0837072284736,24.90775854663734,1518,2,octagram
1812,62.820689253867556,7.869264682390202,750,0,outer_ring
1813,59.858405771607245,6.023825146197611,689,0,outer_ring
1814,59.446780819505264,12.154570556150428,2825,5,text_en_1919
1815,50.509780503693584,6.759953969679726,425,0,outer_ring
1816,53.40033187665354,20.991934314693996,1031,1,inner_ring
1817,51.85591919137249,5.9317298667351475,460,0,outer_ring
1818,52.404990835303785,6.489928017510268,479,0,outer_ring
1819,48.423821683447294,9.647239890353635,2837,5,text_en_1919
1820,53.75597975114199,7.023225604248268,519,0,outer_ring
1821,52.56610976367985,7.94995767748248,481,0,outer_ring
1822,54.14765464518058,5.224595999068088,531,0,outer_ring
1823,56.79954807118673,5.944873562786326,606,0,outer_ring
1824,52.374510577614636,7.267596952309988,476,0,outer_ring
1825,53.547118384464575,6.872258549713003,513,0,outer_ring
1826,51.407425155203164,4.5626741088969816,450,0,outer_ring
1827,55.189767664738014,6.427634163091242,570,0,outer_ring
1828,54.72081578561124,8.270091491942672,550,0,outer_ring
1829,56.98001307335814,5.766188195181272,611,0,outer_ring
1830,48.98520037964874,18.46238407403432,1020,1,inner_ring
1831,53.775059933012585,10.44019915313909,523,0,outer_ring
1832,60.957690038094796,5.213328413971372,708,0,outer_ring
1833,59.20517558250471,6.95044667901619,672,0,outer_ring
1834,67.60884233315157,10.11977147295679,797,0,outer_ring
1835,64.4223560432679,9.235865337037634,775,0,outer_ring
1836,66.18825598262312,6.7755018751466345,787,0,outer_ring
1837,61.835018304585326,5.755523646537271,725,0,outer_ring
1838,65.77954959096299,6.683989436633253,785,0,outer_ring
1839,61.288337371829954,5.456370256135928,715,0,outer_ring
1840,50.85467112390179,16.152267627818325,2765,5,text_en_1919
1841,40.3965193069726,29.653227838217827,1420,2,octagram
1842,90.6094109080112,44.5455980349342,2630,5,text_en_1919
1843,48.028016549486914,90.297912470543,201,0,outer_ring
1844,47.711614003036175,90.27035548047934,205,0,outer_ring
1845,45.78141991208755,89.53638843267895,252,0,outer_ring
1846,52.89126729632965,89.84573005156741,93,0,outer_ring
1847,43.82408057299451,89.14295986617671,282,0,outer_ring
1848,49.7283587038793,91.5121627987391,157,0,outer_ring
1849,44.880157372234315,88.95653010003781,270,0,outer_ring
1850,42.951404575523426,87.98783017215244,293,0,outer_ring
1851,45.53552208921265,87.66935693979104,264,0,outer_ring
1852,37.18704629303313,86.17549533103637,325,0,outer_ring
1853,31.352627190439705,74.15808177852712,2343,5,text_en_1919
1854,39.59316839128895,72.69843419061787,905,1,inner_ring
1855,26.721029063773788,68.43724626990902,2389,5,text_en_1919
1856,24.1851195134765,70.20026124591647,2369,5,text_en_1919
1857,14.14596304733739,55.98257101330222,348,0,outer_ring
1858,20.39426349493915,59.066109404575045,2474,5,text_en_1919
1859,17.941962044103196,49.789555084927756,2557,5,text_en_1919
1860,26.87464555209979,56.4345137971547,941,1,inner_ring
1861,23.180566496479404,60.035552732398834,2468,5,text_en_1919
1862,36.223323246119755,59.063358064158415,1285,2,octagram
1863,32.721866484303845,51.194286471892234,1331,2,octagram
1864,41.04220312410409,66.03165170601729,1260,2,octagram
1865,39.45107441665903,64.72721061020883,1266,2,octagram
1866,43.643566813636625,71.5666745556269,1244,2,octagram
1867,54.64084108597501,68.89120470250484,1200,2,octagram
1868,63.826167778827916,58.44691257503249,1923,4,stroke_kai
1869,60.33103121183493,70.98292725901455,1187,2,octagram
1870,60.55994388045871,70.84145513300071,1186,2,octagram
1871,59.79725755270562,57.10188377010949,1929,4,stroke_kai
1872,65.73645380242829,67.54699963130808,1154,2,octagram
1873,64.39755163199601,73.26350798189893,1173,2,octagram
1874,63.40972818273094,52.26876145398248,1976,4,stroke_kai
1875,52.56549633028827,44.04007505982091,1810,3,stroke_nan
1876,48.622210822251006,53.209562811188526,1704,3,stroke_nan
1877,52.041346809969774,45.68784333925329,1789,3,stroke_nan
1878,51.83199763803127,42.568579781131966,1828,3,stroke_nan
1879,56.16841184937828,50.16930128079462,1989,4,stroke_kai
1880,45.211781821970185,35.79943549087478,1880,3,stroke_nan
1881,45.38804121155948,35.313075911244326,1885,3,stroke_nan
1882,32.30467059489582,41.93068481003874,1358,2,octagram
1883,32.4419762452406,50.40548280142069,1334,2,octagram
1884,37.491118508677026,33.618631142099844,1402,2,octagram
1885,25.253160524440787,39.10794393648495,2679,5,text_en_1919
1886,31.64121551955023,42.76542500527388,1355,2,octagram
1887,39.91454267663506,51.439067523757565,1723,3,stroke_nan
1888,40.045360621368374,51.135229537509716,1731,3,stroke_nan
1889,28.810222525109577,35.55521600892515,975,1,inner_ring
1890,19.76745678809979,35.54215286998623,2693,5,text_en_1919
1891,20.934079165374605,35.06413785874059,2698,5,text_en_1919
1892,27.35089547603867,40.12951981373213,968,1,inner_ring
1893,40.16943493705648,17.88590981725007,2728,5,text_en_1919
1894,39.95168919635669,18.006626562669904,2717,5,text_en_1919
1895,44.82411233314353,22.732254100624942,1449,2,octagram
1896,53.20064928713038,20.64783386537048,1030,1,inner_ring
1897,45.221239637610026,36.58013875966309,1876,3,stroke_nan
1898,56.05965321007414,42.14199051483847,2077,4,stroke_kai
1899,54.85043155665546,34.808260988854286,2135,4,stroke_kai
1900,55.46265315089373,44.2557841050359,2058,4,stroke_kai
1901,53.24833431268454,40.0663494424729,1852,3,stroke_nan
1902,67.08966466087574,45.54810446465707,2040,4,stroke_kai
1903,67.85266815200858,47.49488641456248,2022,4,stroke_kai
1904,74.87466757597713,45.16658198041897,1603,2,octagram
1905,75.61567835192368,50.86845675256484,1623,2,octagram
1906,75.59746626383246,59.8887925407402,1118,2,octagram
1907,80.91525308124457,47.62519668315716,806,1,inner_ring
1908,73.20655036251836,68.03938956758803,843,1,inner_ring
1909,67.9951956345623,63.82602974618323,1146,2,octagram
1910,47.36384735689282,90.16380403494536,214,0,outer_ring
1911,44.83662307298878,92.13850269119347,260,0,outer_ring
1912,59.71640068614134,70.75946649770268,1189,2,octagram
1913,54.210442685610325,90.84906796411454,71,0,outer_ring
1914,52.58206147821617,88.4695997153962,103,0,outer_ring
1915,60.47325355106362,80.40240098736757,2271,5,text_en_1919
1916,54.32134803807432,89.72243678000156,69,0,outer_ring
1917,56.24017514892591,75.2272645080982,876,1,inner_ring
1918,45.16818474880219,81.40905261092787,2242,5,text_en_1919
1919,53.313187632587486,79.16207348163775,2267,5,text_en_1919
1920,47.34638211045204,71.5810471951754,1226,2,octagram
1921,30.431816284320142,63.44108722248303,927,1,inner_ring
1922,30.375839362329184,63.6217006248461,926,1,inner_ring
1923,34.4575327849299,67.85066288564667,918,1,inner_ring
1924,52.46623561539186,89.13767294492688,105,0,outer_ring
1925,55.91749339210252,87.21427883478053,40,0,outer_ring
1926,59.71180454743362,90.75915269759622,11,0,outer_ring
1927,63.1676130271598,81.73695488634422,2227,5,text_en_1919
1928,68.55021071906555,73.39586374896115,858,1,inner_ring
1929,66.54508199800763,80.06287415234056,2295,5,text_en_1919
1930,68.54965013581955,81.35602188753836,2257,5,text_en_1919
1931,84.99487137940893,69.94469473936914,2380,5,text_en_1919
1932,86.49475782336451,57.46831810066811,2481,5,text_en_1919
1933,86.4031077039937,61.948566218798646,2443,5,text_en_1919
1934,87.06045485820893,64.17379437063339,2429,5,text_en_1919
1935,80.3743057678283,55.788263185707194,820,1,inner_ring
1936,84.61853832106404,48.17290859519015,2590,5,text_en_1919
1937,85.9688651999215,48.244087607885746,2595,5,text_en_1919
1938,86.61456716831623,57.98097063764288,2479,5,text_en_1919
1939,88.66602367433131,53.198205945866974,2518,5,text_en_1919
1940,84.59560508555666,48.10489506411212,2604,5,text_en_1919
1941,93.16232543403038,55.58333227649354,2506,5,text_en_1919
1942,90.30980118839967,48.86767962898925,2588,5,text_en_1919
1943,89.90465130483261,39.75699446332039,2659,5,text_en_1919
1944,61.69702315784534,57.39276816490167,1921,4,stroke_kai
1945,58.43082571432528,50.519820090861664,1988,4,stroke_kai
1946,66.72366156122061,34.02852954003632,2137,4,stroke_kai
1947,68.47496450286953,33.275120273166976,1545,2,octagram
1948,60.17536904599843,24.257496327772166,1495,2,octagram
1949,66.74724808827968,30.07768982435789,1532,2,octagram
1950,77.32452467775046,32.97391057176339,1077,1,inner_ring
1951,78.06871313682052,30.580369813658415,1073,1,inner_ring
1952,68.17571426260756,18.3904423750704,2720,5,text_en_1919
1953,65.54888102568033,22.665201949366686,1511,2,octagram
1954,65.77792818368404,28.159237532326003,1529,2,octagram
1955,58.41468467674374,20.889508593107976,1037,1,inner_ring
1956,58.19373372170306,14.532319430612217,2780,5,text_en_1919
1957,51.18318628439259,5.92731152847291,444,0,outer_ring
1958,55.8490165364078,5.2538025566940485,581,0,outer_ring
1959,42.96208298626396,25.235493245976578,1433,2,octagram
1960,49.02511934101748,5.812739073276184,407,0,outer_ring
1961,47.2156674137904,15.911402990293272,2747,5,text_en_1919
1962,53.33231634636122,4.371277314096204,509,0,outer_ring
1963,50.6927350398805,7.063397560609237,429,0,outer_ring
1964,56.25287698761148,6.683865408793161,595,0,outer_ring
1965,60.422636099378984,8.097687865712773,704,0,outer_ring
1966,50.816854134609734,7.153683251083638,433,0,outer_ring
1967,47.99880695559809,9.730556662794736,2838,5,text_en_1919
1968,48.276229620088536,6.342181707268365,398,0,outer_ring
1969,61.25053237996829,6.618494155151039,716,0,outer_ring
1970,50.46898825699974,8.07763746205151,420,0,outer_ring
1971,56.30354110684101,6.421395787217292,598,0,outer_ring
1972,59.331059922056745,6.043803279652427,674,0,outer_ring
1973,54.319957765284464,4.658280938624122,535,0,outer_ring
1974,61.84581680363553,7.7532227893115895,728,0,outer_ring
1975,60.10847545235943,7.487424054266137,696,0,outer_ring
1976,64.09759254212219,5.63939455124929,760,0,outer_ring
1977,62.4976372438526,4.893446549580568,734,0,outer_ring
1978,60.22009588121196,8.17665381248726,701,0,outer_ring
1979,61.51158545816446,7.168292774754062,722,0,outer_ring
1980,58.08131668690186,5.308576339530171,645,0,outer_ring
1981,60.30517043655748,6.92433542337572,699,0,outer_ring
1982,41.37205590077692,30.111509662936445,1419,2,octagram
1983,42.9706322082259,7.97376794211345,361,0,outer_ring
1984,85.761077314352,50.104222764158365,2570,5,text_en_1919
1985,49.57716068972525,90.71880879859016,165,0,outer_ring
1986,44.55665255893728,84.010121473511,2166,5,text_en_1919
1987,48.294238298939284,90.62209973429847,194,0,outer_ring
1988,53.44006831622961,89.4239666780322,85,0,outer_ring
1989,47.66064543734354,90.01218603413308,206,0,outer_ring
1990,48.705923669592764,89.75168220331835,190,0,outer_ring
1991,43.78210958718103,83.52629440897529,2176,5,text_en_1919
1992,44.524884489368944,89.00118142577138,272,0,outer_ring
1993,41.374265305911486,89.24798051505721,303,0,outer_ring
1994,40.825088779237696,88.83308861871707,308,0,outer_ring
1995,30.41485033090807,72.45441733478332,2359,5,text_en_1919
1996,36.559882604916616,74.01909064723999,2351,5,text_en_1919
1997,28.09005124020009,75.2669728418819,2332,5,text_en_1919
1998,28.725301688272218,67.87078708379725,2408,5,text_en_1919
1999,18.46647909725242,63.38446688945796,335,0,outer_ring
2000,14.249231968932559,52.74643875191047,353,0,outer_ring
2001,26.143895765682245,50.95724575275194,950,1,inner_ring
2002,19.860152968028984,50.446544223126,2543,5,text_en_1919
2003,32.82097756436439,52.171776746638535,1327,2,octagram
2004,27.278756111973546,47.66306745052242,955,1,inner_ring
2005,32.73888617656792,52.83843259098329,1323,2,octagram
2006,40.640117105274584,51.536495795670774,1728,3,stroke_nan
2007,44.010466729604026,56.307058884614065,1678,3,stroke_nan
2008,36.241635839911595,61.900784918768196,1282,2,octagram
2009,52.1124173126664,58.84433187475467,1656,3,stroke_nan
2010,55.04046351538758,65.63844032861329,1205,2,octagram
2011,67.04296135281936,62.20399762742856,1142,2,octagram
2012,54.9873313303961,58.90590330845676,1913,4,stroke_kai
2013,61.51875547614433,61.106209600676195,1899,4,stroke_kai
2014,64.67526292239633,74.89494500613365,863,1,inner_ring
2015,56.648109244077595,82.73957786274963,2195,5,text_en_1919
2016,59.84680273818675,55.428879534572026,1938,4,stroke_kai
2017,51.888606522091095,47.38247306551102,1759,3,stroke_nan
2018,52.82896389558253,45.57564996052236,1794,3,stroke_nan
2019,46.746065904215136,39.27091460982023,1858,3,stroke_nan
2020,45.990966325185404,47.51579168581133,1757,3,stroke_nan
2021,52.21508300926429,45.70998133653268,1791,3,stroke_nan
2022,40.65811976334235,37.79589783844474,1857,3,stroke_nan
2023,41.09362958281971,30.076263424138567,1418,2,octagram
2024,43.82412975494136,37.343490024891736,1871,3,stroke_nan
2025,37.33213981645607,34.1734916477755,1400,2,octagram
2026,27.839690708849357,37.25497173475727,1374,2,octagram
2027,29.10027646829951,40.01686440890483,1368,2,octagram
2028,26.894629736228538,45.392172817174085,960,1,inner_ring
2029,44.359250470514915,44.69628843161816,1808,3,stroke_nan
2030,35.66344071730893,62.627392975199626,1284,2,octagram
2031,22.41350139647106,37.179912395932625,2692,5,text_en_1919
2032,30.601170915698553,31.782856389881076,982,1,inner_ring
2033,30.471576172477352,32.48768629957718,980,1,inner_ring
2034,27.934324456764156,23.593925367804815,2713,5,text_en_1919
2035,46.4047605576943,7.520759502668937,377,0,outer_ring
2036,42.41451451722904,24.15225093594276,1436,2,octagram
2037,48.90624383681502,25.30572162467731,1461,2,octagram
2038,43.7529516750698,25.33941360883503,1434,2,octagram
2039,52.2540910086549,35.79485189214781,1884,3,stroke_nan
2040,50.46091599086379,36.39513262311495,1878,3,stroke_nan
2041,57.01293356818528,35.96143060590036,2134,4,stroke_kai
2042,66.29857813558102,46.412593757213685,2030,4,stroke_kai
2043,56.00687725037934,41.366264719617035,2078,4,stroke_kai
2044,67.29810996987484,43.31733680990596,2064,4,stroke_kai
2045,63.89204695167885,40.45273494283668,2099,4,stroke_kai
2046,75.02845698898419,52.01407627486883,1624,2,octagram
2047,74.70716263980081,50.321250353293934,1619,2,octagram
2048,82.32109005436473,58.32969835093715,2475,5,text_en_1919
2049,77.97814785871535,56.92279597727108,1640,2,octagram
2050,67.42682912572809,61.008114879219114,1138,2,octagram
2051,57.751083193547146,69.64229555478934,1194,2,octagram
2052,46.303957336973994,75.26246509787104,894,1,inner_ring
2053,44.60147647545621,81.24831891140254,2228,5,text_en_1919
2054,52.587772565512594,83.31643344894431,2169,5,text_en_1919
2055,58.34032362817779,82.99951185420638,2209,5,text_en_1919
2056,53.90059957880018,86.05369413947732,79,0,outer_ring
2057,55.094164187887316,83.14920004807203,2189,5,text_en_1919
2058,57.57975063215979,81.99272620804336,2212,5,text_en_1919
2059,58.92091999978019,82.61536772453402,2218,5,text_en_1919
2060,53.74620510576062,80.50675927901834,2240,5,text_en_1919
2061,42.186571419450914,75.59007936373716,1240,2,octagram
2062,50.276021516757545,76.38067996312084,886,1,inner_ring
2063,31.550240487192543,63.20240142209171,925,1,inner_ring
2064,31.78822441368968,59.1138790948905,1299,2,octagram
2065,34.00655081068,58.82341580504479,1290,2,octagram
2066,56.1734080840035,91.31170114646955,37,0,outer_ring
2067,57.395590161146885,85.66287119446899,2151,5,text_en_1919
2068,62.65906639691089,81.10336337122628,2262,5,text_en_1919
2069,70.62816767809018,80.15508528764086,2281,5,text_en_1919
2070,56.23070949070069,89.40130491741373,36,0,outer_ring
2071,69.83403673964139,69.97965823436644,853,1,inner_ring
2072,81.83852930431748,73.19346824115796,2361,5,text_en_1919
2073,68.83149166126107,71.81648603289324,856,1,inner_ring
2074,71.8563139702827,70.20092757016192,851,1,inner_ring
2075,77.60728254374547,65.49696804562818,836,1,inner_ring
2076,81.60499590434021,67.7026945463839,2393,5,text_en_1919
2077,86.52409697705374,56.459047546905474,2494,5,text_en_1919
2078,84.29831670047987,57.228314496358614,2491,5,text_en_1919
2079,85.99159572646765,52.13473067001835,2532,5,text_en_1919
2080,88.2665010625197,47.20950248596173,2606,5,text_en_1919
2081,92.4321315546963,45.472197622368554,2623,5,text_en_1919
2082,80.03044103781814,39.28195413111883,1583,2,octagram
2083,93.13407969421256,54.65930778740788,2510,5,text_en_1919
2084,92.13289209914538,42.99606597818052,2633,5,text_en_1919
2085,92.2541549124427,48.018460921019795,2584,5,text_en_1919
2086,61.14786144955883,40.360029555004246,2090,4,stroke_kai
2087,63.20621376467101,49.19751301873205,2001,4,stroke_kai
2088,57.630634166900734,44.63964190279945,2057,4,stroke_kai
2089,63.89864061188146,36.200971178005666,2130,4,stroke_kai
2090,68.98044135910688,42.541826318756264,2079,4,stroke_kai
2091,63.23668793493587,20.250559190653174,1044,1,inner_ring
2092,76.24486642184728,42.67175107834833,1594,2,octagram
2093,66.66422491813398,23.89698451981492,1052,1,inner_ring
2094,70.09619080516285,24.640118808201812,1059,1,inner_ring
2095,64.47787795607293,17.31027156859472,2725,5,text_en_1919
2096,59.00312365960069,17.269898887501284,2760,5,text_en_1919
2097,58.0715392086496,7.959661612093255,650,0,outer_ring
2098,54.189329896025406,15.23197913242174,2748,5,text_en_1919
2099,56.88103026050294,35.22938978053255,2141,4,stroke_kai
2100,53.25713280366408,4.670860712932288,504,0,outer_ring
2101,54.86935565156489,5.793530659934289,555,0,outer_ring
2102,49.32437155540924,16.185207908693034,2753,5,text_en_1919
2103,52.352347406205276,6.028959406853307,477,0,outer_ring
2104,56.869733007979605,6.18574079107061,609,0,outer_ring
2105,57.91468190964472,6.582986560792663,642,0,outer_ring
2106,53.245846670220025,5.91889491899829,503,0,outer_ring
2107,56.885844053553626,6.686857912593454,610,0,outer_ring
2108,56.36394872885805,13.842211188274517,2794,5,text_en_1919
2109,53.75825669230726,5.0648651851020725,520,0,outer_ring
2110,52.26494682279488,5.721538825581512,474,0,outer_ring
2111,55.41993120626604,6.199296391027355,573,0,outer_ring
2112,52.68207738808011,6.443953624752831,486,0,outer_ring
2113,47.915847259670564,6.8264142052190895,389,0,outer_ring
2114,56.14524251841403,6.412568715804311,592,0,outer_ring
2115,58.17589365032968,12.638061425727695,2824,5,text_en_1919
2116,58.26182656185829,15.64787820977738,2771,5,text_en_1919
2117,59.20094553398832,6.135409636480586,669,0,outer_ring
2118,63.041720073684964,5.187191512503084,746,0,outer_ring
2119,67.87755269106552,6.425990964716954,794,0,outer_ring
2120,80.21146777552568,22.97740220769577,2710,5,text_en_1919
2121,68.47351013786287,6.777954219375953,796,0,outer_ring
2122,62.1395662151175,8.79021127597928,739,0,outer_ring
2123,60.41979090669326,4.928928142521254,697,0,outer_ring
2124,37.17059922255972,34.6385672877161,1398,2,octagram
2125,39.268597618529036,35.29289713247806,1405,2,octagram
2126,94.76398622625983,47.4077632060168,2599,5,text_en_1919
2127,48.65206790400821,90.71704932867573,189,0,outer_ring
2128,46.16183990007254,88.62366593634626,248,0,outer_ring
2129,42.42426861961751,88.38878306853648,297,0,outer_ring
2130,54.2673576764757,91.26980849972782,70,0,outer_ring
2131,48.955420690338784,89.92659568291407,186,0,outer_ring
2132,42.279584501148726,88.77383642503105,298,0,outer_ring
2133,41.89557533880576,90.6786048673486,295,0,outer_ring
2134,41.2768391700724,88.93240380094184,305,0,outer_ring
2135,40.787684572526636,87.44463405306921,310,0,outer_ring
2136,39.185037123573586,87.8041159107293,316,0,outer_ring
2137,35.75848746737419,72.87061481582808,2353,5,text_en_1919
2138,32.24821417078378,68.90556004690804,2370,5,text_en_1919
2139,26.34400660794927,66.96435145237312,2394,5,text_en_1919
2140,23.082246660479573,65.20541656805158,2424,5,text_en_1919
2141,22.014248786730516,59.680245328685245,2476,5,text_en_1919
2142,28.214061864041454,59.277583339962376,936,1,inner_ring
2143,15.324376754908887,51.528480593352796,356,0,outer_ring
2144,25.940104128991084,49.95523989061806,953,1,inner_ring
2145,24.274469037793843,55.218894891595134,2502,5,text_en_1919
2146,22.443655639857745,48.282866351606366,2568,5,text_en_1919
2147,40.7613534515017,63.60286773424186,1269,2,octagram
2148,40.1980526421839,63.18390253116722,1271,2,octagram
2149,40.56694231207608,61.51275715825448,1275,2,octagram
2150,44.91492534133944,56.650007167235756,1674,3,stroke_nan
2151,50.0217292924448,55.85157266439665,1684,3,stroke_nan
2152,49.36848250126673,70.91953659991614,1222,2,octagram
2153,61.04956164466974,54.96146304615013,1956,4,stroke_kai
2154,63.85560906694529,50.936876778414174,1986,4,stroke_kai
2155,63.766724598173944,70.18650115866426,1162,2,octagram
2156,54.88661972103889,68.73132607069226,1199,2,octagram
2157,68.3302320633078,63.61762767673989,1145,2,octagram
2158,56.35574041143124,56.48751665593143,1932,4,stroke_kai
2159,49.40780484145664,49.40753309106431,1736,3,stroke_nan
2160,42.336638094879014,45.772598103976804,1781,3,stroke_nan
2161,45.09089910887314,42.59107814445325,1833,3,stroke_nan
2162,49.87376276307087,38.64496055073916,1860,3,stroke_nan
2163,51.717942239951256,56.37183733938839,1673,3,stroke_nan
2164,45.62431526628961,36.22628356678757,1879,3,stroke_nan
2165,39.349081865569445,39.94031773498858,1849,3,stroke_nan
2166,39.75978398550094,47.838471018802,1747,3,stroke_nan
2167,37.844099546708314,35.33526829497755,1401,2,octagram
2168,33.30316623358662,45.46869673501405,1347,2,octagram
2169,32.56462059512727,41.55822536679196,1359,2,octagram
2170,42.41916361448099,56.527645800806035,1675,3,stroke_nan
2171,33.67892214732392,36.80066760647199,1387,2,octagram
2172,35.85854566761883,61.17658715478694,1283,2,octagram
2173,32.51812045484677,44.9651158126056,1350,2,octagram
2174,29.13773558874396,36.271709433182465,1378,2,octagram
2175,35.302228957208264,34.99332048763553,1395,2,octagram
2176,41.525695010394465,26.894753899287707,1428,2,octagram
2177,41.40411011511177,25.760049297484983,1431,2,octagram
2178,48.90665610304079,25.31115179905717,1462,2,octagram
2179,39.25781512246994,32.33432363931044,1411,2,octagram
2180,62.96149672649133,35.43790394119116,2133,4,stroke_kai
2181,50.1407419577496,25.661576539438126,1465,2,octagram
2182,52.72808033958653,26.214270305130476,1471,2,octagram
2183,55.10688526396411,37.20554552376412,2125,4,stroke_kai
2184,60.954839137689866,44.501766701708746,2044,4,stroke_kai
2185,60.49501737152495,41.01958638044042,2085,4,stroke_kai
2186,67.92472715620937,46.20352368339996,2028,4,stroke_kai
2187,76.87956311217846,41.7170810051364,1591,2,octagram
2188,74.96339422041436,35.508361132895466,1566,2,octagram
2189,74.55104935021814,42.88036749448963,1597,2,octagram
2190,77.10242886000216,53.80328509057189,1632,2,octagram
2191,68.35691242721249,62.15802665464451,1139,2,octagram
2192,68.37051143510595,62.54486199739726,1141,2,octagram
2193,69.88844075042756,72.88759830798038,854,1,inner_ring
2194,53.81598563599743,88.88626141593319,78,0,outer_ring
2195,49.24318540550949,88.66845805624007,180,0,outer_ring
2196,60.23754591811855,75.60452388429783,870,1,inner_ring
2197,50.83069153038379,90.51582268448139,135,0,outer_ring
2198,45.347507518342105,87.55386877435801,268,0,outer_ring
2199,54.83614679240162,90.38141069370971,58,0,outer_ring
2200,56.883041231472305,90.65954432870222,29,0,outer_ring
2201,52.831326662260004,84.36327237898996,2159,5,text_en_1919
2202,50.980000592743075,89.87629166223746,132,0,outer_ring
2203,51.8279348729936,88.85428852107047,120,0,outer_ring
2204,49.879584537349984,88.36953438238346,164,0,outer_ring
2205,24.579290152681395,64.96179785792506,2420,5,text_en_1919
2206,28.192698096483465,56.42384097062297,940,1,inner_ring
2207,42.987220515004246,67.50318590383918,1255,2,octagram
2208,51.42941361937072,89.69592021970507,125,0,outer_ring
2209,55.87755668525097,90.99226658230481,43,0,outer_ring
2210,62.28983239194607,92.34196491923137,3,0,outer_ring
2211,62.969467330498624,72.78485145742897,1177,2,octagram
2212,68.09397307275545,82.35739235845763,2219,5,text_en_1919
2213,67.08208427832948,73.0061660992662,861,1,inner_ring
2214,68.69609807098774,81.91701252809779,2245,5,text_en_1919
2215,72.59896603928263,72.87982574769862,2354,5,text_en_1919
2216,73.22900039839983,68.21204426645686,844,1,inner_ring
2217,78.83886992694417,65.24085947775238,2426,5,text_en_1919
2218,73.08036492657526,62.877349982488006,1127,2,octagram
2219,82.44652622505647,61.7102274473194,2456,5,text_en_1919
2220,82.271353308511,56.56879142956072,2488,5,text_en_1919
2221,82.85004416765206,59.09544025654474,2467,5,text_en_1919
2222,88.63725519152774,64.63422462496487,2428,5,text_en_1919
2223,80.88513673169889,52.350725026273786,814,1,inner_ring
2224,81.69535652151343,42.10842978580498,1094,1,inner_ring
2225,93.5154808909905,41.80621369409041,2640,5,text_en_1919
2226,88.97919696391074,49.032898854936406,2592,5,text_en_1919
2227,92.76026207508272,50.106492821903124,2553,5,text_en_1919
2228,53.40838790954172,39.814024601813244,1855,3,stroke_nan
2229,55.14351076500089,36.24813955180355,2126,4,stroke_kai
2230,68.03947077833512,31.420720449917802,1537,2,octagram
2231,64.59176601304503,25.06381587135179,1517,2,octagram
2232,72.52291933713212,35.31225972242343,1559,2,octagram
2233,60.40207195278324,23.538583108829013,1496,2,octagram
2234,68.27830085495566,15.28066999459659,2762,5,text_en_1919
2235,76.95913748480494,37.711110254629226,1584,2,octagram
2236,58.54256322945474,6.8549697325321395,659,0,outer_ring
2237,65.43424629806233,13.895102270137356,2789,5,text_en_1919
2238,56.936063831527534,27.400909482178694,1485,2,octagram
2239,60.585659750502685,14.124012197767131,2783,5,text_en_1919
2240,59.66855866637776,15.937754132458863,2764,5,text_en_1919
2241,54.0900126237759,5.814904829512816,530,0,outer_ring
2242,53.34844693836314,6.900833530138046,508,0,outer_ring
2243,43.38410248105026,22.259179850337926,1444,2,octagram
2244,50.08286089763953,14.64796635503996,2803,5,text_en_1919
2245,51.53709428099334,6.92007654074417,453,0,outer_ring
2246,46.69310782013119,16.16714657676819,2736,5,text_en_1919
2247,47.15420142732215,12.787349588293727,2811,5,text_en_1919
2248,54.90402822738496,4.777183420378756,556,0,outer_ring
2249,48.596086498578224,7.666489710753949,400,0,outer_ring
2250,54.9626463818778,6.538504951542444,563,0,outer_ring
2251,50.189455023394096,8.71309308134661,418,0,outer_ring
2252,51.77495615607976,6.769635814910553,458,0,outer_ring
2253,52.17292827810022,6.112055953508914,471,0,outer_ring
2254,50.43772714483018,6.431533059533455,424,0,outer_ring
2255,53.74789001399764,6.224694003674454,517,0,outer_ring
2256,52.82867807517788,7.072582731235119,492,0,outer_ring
2257,58.126462979939305,5.659496298752019,646,0,outer_ring
2258,61.02897819170307,6.3344634727484115,712,0,outer_ring
2259,63.675113795703176,7.99985278547922,761,0,outer_ring
2260,58.59295829638319,5.401517711039834,657,0,outer_ring
2261,79.91821261309894,25.907561077424578,2701,5,text_en_1919
2262,70.84009149719812,25.27561180777533,1062,1,inner_ring
2263,62.52400509337298,5.864649203504546,738,0,outer_ring
2264,62.013082016630484,6.470059289195152,727,0,outer_ring
2265,58.657548335576706,5.4011686072968645,658,0,outer_ring
2266,39.19135494083355,12.453738418983527,2818,5,text_en_1919
2267,50.84559218545598,19.372991924591634,1023,1,inner_ring
2268,84.2411263839833,47.373908366463084,2613,5,text_en_1919
2269,49.88427925267952,88.79944623012446,161,0,outer_ring
2270,55.13214208569225,89.31910429846539,55,0,outer_ring
2271,50.50951175270122,89.67388282982209,145,0,outer_ring
2272,60.26964456942721,90.75368451107154,8,0,outer_ring
2273,50.52515599802274,90.23770411502004,143,0,outer_ring
2274,49.62417413434945,89.27297006674725,168,0,outer_ring
2275,43.2607962039166,88.5815126412031,287,0,outer_ring
2276,39.07342402022123,87.58494602554958,318,0,outer_ring
2277,46.9065013243643,87.1553096325146,235,0,outer_ring
2278,38.43596273621834,88.51240250196466,320,0,outer_ring
2279,38.20078365106758,69.18978819248993,909,1,inner_ring
2280,42.75158737193461,71.02762800505346,1247,2,octagram
2281,24.205614230155298,71.08145754339033,2366,5,text_en_1919
2282,25.75229290646343,67.10795822965511,2391,5,text_en_1919
2283,25.464005427793275,55.05530090686016,2505,5,text_en_1919
2284,17.44196194534198,58.54225670548251,2483,5,text_en_1919
2285,21.845350238827447,47.779802509058136,2619,5,text_en_1919
2286,24.685203742720454,52.861518021987855,2534,5,text_en_1919
2287,18.818553060453773,49.3543076573319,2550,5,text_en_1919
2288,26.90842216141644,52.91956403017464,946,1,inner_ring
2289,40.807227278156034,66.0627780203472,1261,2,octagram
2290,40.81052497977646,60.95903901597586,1273,2,octagram
2291,42.11392489986028,42.979784241783065,1817,3,stroke_nan
2292,46.00948200010606,58.65370172177366,1653,3,stroke_nan
2293,50.97861351005531,54.29499234324043,1697,3,stroke_nan
2294,54.028824501794716,69.4339811717341,1201,2,octagram
2295,63.261557624047605,58.37950078618791,1920,4,stroke_kai
2296,53.355847876386264,68.85833731663908,1208,2,octagram
2297,61.05010328323746,60.31219138020263,1900,4,stroke_kai
2298,67.70871824091735,76.9713538294646,2328,5,text_en_1919
2299,61.978560512737864,71.9428993193847,1181,2,octagram
2300,63.174216561547645,54.39283547608962,1945,4,stroke_kai
2301,56.25851417997506,53.568004598152086,1968,4,stroke_kai
2302,53.16055195703439,45.11020054840527,1799,3,stroke_nan
2303,50.96642925595292,44.83405545030954,1802,3,stroke_nan
2304,47.0649225729793,48.05788795988137,1761,3,stroke_nan
2305,50.83199561328987,46.26571529548785,1787,3,stroke_nan
2306,49.14797155777737,43.65898608118322,1823,3,stroke_nan
2307,42.68108497327485,45.86722191170506,1783,3,stroke_nan
2308,38.035879132984086,40.35638996137844,1840,3,stroke_nan
2309,37.87297354462957,31.88321582558474,1403,2,octagram
2310,29.39498987824879,34.2235969454645,976,1,inner_ring
2311,23.269168866727824,41.43141779228857,2665,5,text_en_1919
2312,33.29033301662461,50.00601693798926,1335,2,octagram
2313,28.729955170016556,56.349125382891124,1311,2,octagram
2314,40.40844089617779,52.891598012563,1720,3,stroke_nan
2315,32.4704548803026,35.58526965073489,1384,2,octagram
2316,30.70793998303656,41.61842991370263,1364,2,octagram
2317,27.23383911770854,39.2167696252584,972,1,inner_ring
2318,20.432979228186944,38.3231427424016,2676,5,text_en_1919
2319,39.847120606495466,23.59514344716875,1006,1,inner_ring
2320,46.70303743132251,23.456333113474546,1455,2,octagram
2321,48.39474013508688,24.904185322614488,1458,2,octagram
2322,49.39882450988517,27.56182395693729,1466,2,octagram
2323,52.53551823791821,39.696484039917515,1859,3,stroke_nan
2324,44.31926919904899,38.0916886242467,1864,3,stroke_nan
2325,52.28641081296002,47.256180551781085,1776,3,stroke_nan
2326,56.43272843168665,44.580947473440204,2054,4,stroke_kai
2327,53.38584001955414,50.312467866609246,1740,3,stroke_nan
2328,56.32214565475939,57.5948615544706,1924,4,stroke_kai
2329,63.8696903311067,47.54791155702358,2023,4,stroke_kai
2330,78.37921991461045,38.80853237105824,1585,2,octagram
2331,64.74815767606957,49.49876881726164,2006,4,stroke_kai
2332,76.66358170754461,53.194458320649154,1630,2,octagram
2333,82.64361251880271,50.48345669338425,811,1,inner_ring
2334,67.48687661997236,63.139346219410484,1144,2,octagram
2335,68.66416536551168,79.6507395463936,2275,5,text_en_1919
2336,40.90759873688451,83.0473968742024,315,0,outer_ring
2337,50.77423669795397,88.73780590852904,140,0,outer_ring
2338,52.496683361945,89.29641017807151,104,0,outer_ring
2339,51.28370232951251,90.74207955952696,126,0,outer_ring
2340,44.00304440744933,88.7266791193548,280,0,outer_ring
2341,58.82095961131249,79.8135007491203,2274,5,text_en_1919
2342,54.11372979453625,83.127821126961,2179,5,text_en_1919
2343,58.20262693804399,79.19594999013675,2277,5,text_en_1919
2344,54.48525514853884,79.00750730481187,2259,5,text_en_1919
2345,49.39530428314808,77.82528283396758,2296,5,text_en_1919
2346,51.342321818515686,70.37135052422823,1216,2,octagram
2347,40.76400861811076,68.24051423278723,1254,2,octagram
2348,28.057801583337753,65.37691575856806,2414,5,text_en_1919
2349,28.60443500820185,56.60666718296249,939,1,inner_ring
2350,55.71768576277649,89.88942929903706,45,0,outer_ring
2351,60.09316833280384,83.04026884628564,2207,5,text_en_1919
2352,55.555106823848504,90.33230550244089,48,0,outer_ring
2353,58.45597082681022,90.1982715274464,20,0,outer_ring
2354,62.43456305340643,77.94848100997294,2302,5,text_en_1919
2355,63.942686404376346,82.55730680086674,2185,5,text_en_1919
2356,69.57057072804899,76.64164162035273,2333,5,text_en_1919
2357,67.97677486241014,80.56529114928904,2260,5,text_en_1919
2358,86.94624248231939,68.03142155349066,2385,5,text_en_1919
2359,83.48997904343248,65.23988378200552,2421,5,text_en_1919
2360,73.78054897240473,66.01705933450367,840,1,inner_ring
2361,86.51343819483311,61.670837177494654,2447,5,text_en_1919
2362,81.85055611746466,51.89481256212019,813,1,inner_ring
2363,82.62768986438073,45.05874588296046,1100,1,inner_ring
2364,88.24436224955018,52.619678408042354,2531,5,text_en_1919
2365,82.8164156746626,47.08054815554664,1103,1,inner_ring
2366,83.11276924861188,37.10125371530611,1086,1,inner_ring
2367,90.00141755340614,48.395191456691414,2597,5,text_en_1919
2368,92.40494298638545,48.77088867130856,2567,5,text_en_1919
2369,85.53978935409852,40.82282250556914,2669,5,text_en_1919
2370,56.149512610409964,36.85832324579427,2127,4,stroke_kai
2371,60.210987057159954,51.91758870076833,1972,4,stroke_kai
2372,76.27224344705968,42.37417930112034,1593,2,octagram
2373,74.34695834413196,36.548760025088086,1565,2,octagram
2374,66.87231508516042,27.405830430212912,1525,2,octagram
2375,61.26824290472651,23.373658816954098,1500,2,octagram
2376,78.00139586846423,35.02570924723082,1574,2,octagram
2377,80.35027175870773,25.459690987474595,2706,5,text_en_1919
2378,71.01190426687111,26.103657799362985,1065,1,inner_ring
2379,60.648298735828156,7.044702180285937,706,0,outer_ring
2380,61.62322326765998,20.633784008487403,1042,1,inner_ring
2381,67.15300420733587,23.84667454682419,1053,1,inner_ring
2382,61.63826055268108,12.10445727025708,2827,5,text_en_1919
2383,57.751021938847096,20.921113163348785,1036,1,inner_ring
2384,50.77391858841007,8.012997434202484,430,0,outer_ring
2385,57.395773988345965,7.257761657505688,625,0,outer_ring
2386,45.25943492494648,5.798107260515347,371,0,outer_ring
2387,47.98651562857845,6.370471427308121,395,0,outer_ring
2388,49.79487649578398,3.6314185947546016,419,0,outer_ring
2389,51.16853511514171,6.0252973879050495,442,0,outer_ring
2390,46.18890750174065,8.579348233187096,373,0,outer_ring
2391,60.015881354613946,5.9297377741209685,693,0,outer_ring
2392,52.20154201971084,7.349254613704078,470,0,outer_ring
2393,54.02430845132296,5.551086376922229,528,0,outer_ring
2394,48.71821553620777,5.716864549258851,405,0,outer_ring
2395,50.803475107657626,7.132161814408941,432,0,outer_ring
2396,55.51188575762515,6.046402235049667,576,0,outer_ring
2397,53.48086118555015,6.101951250550255,512,0,outer_ring
2398,58.38069535293068,6.728598549075986,653,0,outer_ring
2399,53.560297639150235,4.917463244591442,514,0,outer_ring
2400,61.815476526101975,7.5466559655044385,726,0,outer_ring
2401,60.0491703200597,6.495790759781383,695,0,outer_ring
2402,71.00091362213968,13.79131342428253,2775,5,text_en_1919
2403,65.80568298973145,7.7925936349618965,786,0,outer_ring
2404,70.95271157612463,8.199064052440313,803,0,outer_ring
2405,57.937845103181786,16.49714687696633,2756,5,text_en_1919
2406,70.65080405910368,15.516026869347769,2759,5,text_en_1919
2407,69.47276130935448,7.408756589434848,799,0,outer_ring
2408,40.396116947433555,14.053947511293833,2784,5,text_en_1919
2409,49.47849513736945,11.222389857638642,2834,5,text_en_1919
2410,91.94417240962898,48.917182857936155,2575,5,text_en_1919
2411,54.097475289144114,88.86936896745095,72,0,outer_ring
2412,49.7238540191491,91.34668835126749,158,0,outer_ring
2413,47.114504419893656,90.94428376391049,217,0,outer_ring
2414,52.577229540190416,91.90306817130015,98,0,outer_ring
2415,49.26050975077272,91.35335809248518,171,0,outer_ring
2416,50.637393801789074,89.60176490715506,142,0,outer_ring
2417,50.40562813060812,76.20229109099905,885,1,inner_ring
2418,47.473294701998306,89.54491875574844,213,0,outer_ring
2419,40.00841451108578,85.99935061185953,314,0,outer_ring
2420,37.73276378995993,85.85666541683102,324,0,outer_ring
2421,25.27327521131378,70.5015293154682,2368,5,text_en_1919
2422,39.01406985224934,72.25314613591623,907,1,inner_ring
2423,24.798139567106965,65.71564096463842,2418,5,text_en_1919
2424,29.29058741851876,58.51671416200275,1305,2,octagram
2425,24.50937452774366,66.15360278836144,2407,5,text_en_1919
2426,21.650908139960038,48.7510803527016,2569,5,text_en_1919
2427,22.816197280706692,50.41510652190533,2559,5,text_en_1919
2428,26.713740914989284,47.816003848202385,954,1,inner_ring
2429,30.716727250516914,53.47730654188959,1320,2,octagram
2430,31.86878991024326,52.13371447346241,1325,2,octagram
2431,33.22614680944244,50.905415510503744,1333,2,octagram
2432,46.09406895918056,70.79325980969332,1230,2,octagram
2433,46.012249543397296,56.580202626913994,1681,3,stroke_nan
2434,45.92474842305805,54.0472255601914,1694,3,stroke_nan
2435,58.658401525340906,76.15397730635587,872,1,inner_ring
2436,52.4242233583649,51.13407505071944,1734,3,stroke_nan
2437,61.57159647002393,54.22082593130374,1958,4,stroke_kai
2438,61.71526303908466,62.747126974273286,1898,4,stroke_kai
2439,63.47928151814832,70.50397769261693,1164,2,octagram
2440,58.683533605781925,76.22318553474645,871,1,inner_ring
2441,60.808002361730715,72.59813238101385,1183,2,octagram
2442,63.017464085240825,53.60889404447204,1970,4,stroke_kai
2443,60.500620958390705,56.19817300776961,1933,4,stroke_kai
2444,55.524617147165266,51.011107556454824,1987,4,stroke_kai
2445,46.49752955677095,56.86976945094385,1664,3,stroke_nan
2446,48.49740570252624,52.62784622218109,1710,3,stroke_nan
2447,56.80518669605853,40.59458806727371,2100,4,stroke_kai
2448,42.03898320525279,34.764312756232066,1408,2,octagram
2449,38.9729629705098,42.5734174148491,1814,3,stroke_nan
2450,44.522315153380845,36.678273787985795,1872,3,stroke_nan
2451,24.32807881011324,38.03126080673275,2681,5,text_en_1919
2452,25.153967682697388,38.72578494369912,2684,5,text_en_1919
2453,17.173959261875364,41.4052471181364,2658,5,text_en_1919
2454,33.48064976744051,47.028301216071256,1343,2,octagram
2455,44.67338625246039,49.20825004930005,1754,3,stroke_nan
2456,38.249758372598876,51.14159050566265,1729,3,stroke_nan
2457,21.4121886733555,42.939161791662016,2638,5,text_en_1919
2458,29.981310923972273,42.260977809026336,1362,2,octagram
2459,21.884405187908186,42.656533936325076,2652,5,text_en_1919
2460,34.83177420843981,26.93415975119194,994,1,inner_ring
2461,37.75069215587017,23.31687506127471,1002,1,inner_ring
2462,49.38873937568246,20.136574596102275,1021,1,inner_ring
2463,42.84320656592671,21.258249341311323,1442,2,octagram
2464,52.02937429551729,19.336138123712693,1027,1,inner_ring
2465,49.90504537152539,34.351085437030335,1881,3,stroke_nan
2466,46.6738208152163,46.414298432184445,1784,3,stroke_nan
2467,55.3394859002932,44.03631885504577,2059,4,stroke_kai
2468,55.792566803444586,34.18338133597762,2140,4,stroke_kai
2469,56.898957202237554,41.730030653975575,2070,4,stroke_kai
2470,65.48594066549887,43.99793451060033,2071,4,stroke_kai
2471,57.78333936897405,49.25379395098206,1993,4,stroke_kai
2472,73.99225112557946,49.30964193977774,1615,2,octagram
2473,63.679077514090764,50.58279442637757,1985,4,stroke_kai
2474,76.20129393223627,49.80512836548898,1620,2,octagram
2475,78.53577086633952,56.136431762149066,1638,2,octagram
2476,76.03151122576517,58.98332313477988,1115,2,octagram
2477,65.43293717284439,71.51274522636858,1165,2,octagram
2478,46.83230841717234,77.78358738980162,2309,5,text_en_1919
2479,43.55744261962447,82.04373622043981,2196,5,text_en_1919
2480,48.84786377343777,91.82654911575229,181,0,outer_ring
2481,48.06802807960478,91.0464043592802,198,0,outer_ring
2482,52.40830250975728,88.42208323298496,109,0,outer_ring
2483,56.76599073588207,80.70562778006435,2253,5,text_en_1919
2484,52.88952266228235,92.88856185534736,90,0,outer_ring
2485,55.75102343291532,75.70426514717771,878,1,inner_ring
2486,52.83178652652615,80.8084295593864,2229,5,text_en_1919
2487,47.18695898075603,77.5342075049691,2315,5,text_en_1919
2488,49.224319023347746,81.48599935265989,2211,5,text_en_1919
2489,31.930066083192724,60.32959535453296,1294,2,octagram
2490,23.697976886347845,55.302810714976204,2499,5,text_en_1919
2491,39.540817616833294,72.7753241793583,906,1,inner_ring
2492,54.576419049414845,92.71228520230646,61,0,outer_ring
2493,54.849528997797414,91.71241556870262,57,0,outer_ring
2494,64.46655758802237,84.53090861005376,2163,5,text_en_1919
2495,60.42351210336615,90.41210814477185,7,0,outer_ring
2496,68.7223693608,84.71481872277614,2191,5,text_en_1919
2497,68.20036023309554,83.71627926096666,2216,5,text_en_1919
2498,64.8115007052445,75.42302315637983,865,1,inner_ring
2499,73.15051864251907,61.12002658850559,1125,2,octagram
2500,72.37912940235015,60.380567035739304,1126,2,octagram
2501,84.05879471253034,68.56231019830665,2383,5,text_en_1919
2502,84.90182164915014,66.44952381085554,2417,5,text_en_1919
2503,87.69449639564586,45.095176917335806,2615,5,text_en_1919
2504,85.05410157039192,48.859160905911395,2572,5,text_en_1919
2505,78.13951361385213,64.87135029324091,833,1,inner_ring
2506,79.73565580591193,57.57733425651292,824,1,inner_ring
2507,87.31562713158499,49.23105203092116,2573,5,text_en_1919
2508,89.53633591845094,51.906874344530294,2528,5,text_en_1919
2509,79.96236163189958,34.10391265862955,1081,1,inner_ring
2510,91.64331059676485,53.84507743497671,2514,5,text_en_1919
2511,92.8462589030112,46.90437262924342,2603,5,text_en_1919
2512,59.78932739562798,44.94795269347369,2039,4,stroke_kai
2513,73.65655261017626,45.59215367245338,1605,2,octagram
2514,74.88897167497892,43.73028452270229,1598,2,octagram
2515,66.83538693556552,28.94675900609962,1530,2,octagram
2516,66.1569212808578,27.685764647260026,1526,2,octagram
2517,65.84800015764039,30.898908935044012,1536,2,octagram
2518,76.49335572992693,36.64016447719802,1572,2,octagram
2519,80.16782318898584,37.01569181938656,1578,2,octagram
2520,78.96031182438028,31.24327310651778,1076,1,inner_ring
2521,58.044842767268456,11.271156628671216,2830,5,text_en_1919
2522,61.49068534210065,6.537955391616328,719,0,outer_ring
2523,58.428548055251476,28.257900364868092,1487,2,octagram
2524,57.50453935344186,16.67285244114252,2751,5,text_en_1919
2525,55.64452800658881,11.461135699158824,2829,5,text_en_1919
2526,58.51646036209353,13.727094689173386,2790,5,text_en_1919
2527,51.377167692437396,6.0011388656754265,448,0,outer_ring
2528,51.81175791088026,13.924398769338444,2812,5,text_en_1919
2529,49.540541972282824,17.298968760844062,2737,5,text_en_1919
2530,47.22718818687166,6.462614462016049,383,0,outer_ring
2531,53.75559578971286,7.193862393165226,518,0,outer_ring
2532,56.42122196014952,19.681333195948145,1034,1,inner_ring
2533,59.32493723527847,7.082382711087758,678,0,outer_ring
2534,63.547615769454524,8.81243272697302,762,0,outer_ring
2535,53.76820153571458,6.612959958145669,522,0,outer_ring
2536,48.53519259632816,13.348313025181511,2805,5,text_en_1919
2537,49.05695381040694,5.931115873353598,408,0,outer_ring
2538,53.12819452184584,4.711028380289728,502,0,outer_ring
2539,54.877295497678276,6.508171311935672,559,0,outer_ring
2540,51.87881624128587,5.844612809960549,461,0,outer_ring
2541,65.2432627833196,5.4961088493672765,777,0,outer_ring
2542,59.15013098613109,7.185968474782013,671,0,outer_ring
2543,62.45440484559922,6.9844219140385375,740,0,outer_ring
2544,63.68764619283797,7.437456272326694,759,0,outer_ring
2545,69.03134140899728,15.694034249453727,2746,5,text_en_1919
2546,70.02972420087072,11.582246472779119,2819,5,text_en_1919
2547,57.29259533671931,6.427684562149366,618,0,outer_ring
2548,62.82235421187518,6.311689624696467,743,0,outer_ring
2549,56.79238976127709,7.265368470902763,608,0,outer_ring
2550,41.9687603555223,23.831179370787762,1438,2,octagram
2551,53.03404989487521,28.77325935159604,1474,2,octagram
2552,81.66069613330991,43.57319239131637,1098,1,inner_ring
2553,53.10944919680039,91.2096568421311,87,0,outer_ring
2554,51.672806931716785,89.2730595880061,122,0,outer_ring
2555,46.2466497306831,89.63696030209582,240,0,outer_ring
2556,52.5369946280449,90.25413785305852,101,0,outer_ring
2557,49.50115614872003,90.30765157603183,169,0,outer_ring
2558,46.46918243142254,90.14531601997857,231,0,outer_ring
2559,40.172491980775746,87.59273772477795,313,0,outer_ring
2560,43.58572365447219,82.25210287319015,2194,5,text_en_1919
2561,38.22055865142617,76.54380163285227,2324,5,text_en_1919
2562,42.152179661962286,86.4989739294729,304,0,outer_ring
2563,30.307374714555483,76.30955003078282,2336,5,text_en_1919
2564,27.14406518641238,66.81093592485793,2400,5,text_en_1919
2565,26.222966718445857,68.29931449993171,2387,5,text_en_1919
2566,20.538694260871104,57.28716470294518,2482,5,text_en_1919
2567,24.476473384230694,68.93928092341984,2377,5,text_en_1919
2568,11.31380168039573,46.189449086674735,359,0,outer_ring
2569,23.07088197185369,58.41746439950849,2478,5,text_en_1919
2570,21.43010369694847,42.71846296526407,2639,5,text_en_1919
2571,24.088285486491728,52.842418844332066,2535,5,text_en_1919
2572,30.405274005943543,51.00135961663004,1326,2,octagram
2573,29.300670781598694,58.743901437563885,1304,2,octagram
2574,46.36073680556709,51.472211258839835,1716,3,stroke_nan
2575,45.08609137899729,56.067114628851094,1683,3,stroke_nan
2576,47.35815663260954,55.964609007156255,1690,3,stroke_nan
2577,50.02392508297922,56.279473677842226,1667,3,stroke_nan
2578,63.051458701391525,59.71533234412184,1901,4,stroke_kai
2579,59.56442450627976,58.93332509394489,1906,4,stroke_kai
2580,59.74897502596761,52.24090077340969,1971,4,stroke_kai
2581,64.02882586103654,57.805156426430344,1928,4,stroke_kai
2582,64.95094495479081,70.2828896335844,1161,2,octagram
2583,62.541066770731916,73.18643661540234,1178,2,octagram
2584,64.36905354082246,56.50427995604721,1940,4,stroke_kai
2585,64.79452795834509,43.43471997742526,2089,4,stroke_kai
2586,52.58745037623755,49.423596942646434,1748,3,stroke_nan
2587,44.92250354670064,44.962843227521276,1793,3,stroke_nan
2588,44.68225162246689,49.91436151306659,1750,3,stroke_nan
2589,60.45444527343273,47.40023784867251,2018,4,stroke_kai
2590,46.13173554113632,42.00437478185618,1835,3,stroke_nan
2591,57.43821892621812,38.77206051508498,2122,4,stroke_kai
2592,33.275402156843896,33.10821444734285,1388,2,octagram
2593,34.33436293093407,36.171412320899236,1389,2,octagram
2594,29.00089758364758,37.54079251797812,1377,2,octagram
2595,15.222114825950381,39.52459167461522,2661,5,text_en_1919
2596,28.03660050193882,43.29962662317219,962,1,inner_ring
2597,33.373897901489194,44.564530997098984,1349,2,octagram
2598,34.94679617821175,59.859126847158045,1288,2,octagram
2599,25.449959227573167,36.14465033856163,2688,5,text_en_1919
2600,32.59158411422536,43.970817533117064,1353,2,octagram
2601,21.232386591604143,36.76919832553403,2683,5,text_en_1919
2602,26.200669477991084,37.74067320458616,973,1,inner_ring
2603,39.86026173045357,23.536623298908673,1007,1,inner_ring
2604,45.1167729702321,16.766768113090592,2739,5,text_en_1919
2605,43.690895883104695,22.603827359181526,1445,2,octagram
2606,59.55240034698241,32.346652732725424,2143,4,stroke_kai
2607,53.25170039055071,27.87188496484377,1472,2,octagram
2608,48.241712749747855,16.973634692478605,2734,5,text_en_1919
2609,52.768183322074485,44.34185043851762,1805,3,stroke_nan
2610,60.05979264308378,38.44613313788231,2115,4,stroke_kai
2611,52.500887892284815,40.62476039804298,1848,3,stroke_nan
2612,68.77688904513535,41.55340065093636,2091,4,stroke_kai
2613,68.73013525900072,50.37251253904641,1996,4,stroke_kai
2614,66.76857692559526,44.287528527096384,2052,4,stroke_kai
2615,70.56454997063652,61.50132419730185,1131,2,octagram
2616,73.72805633616287,47.44991767156849,1609,2,octagram
2617,68.35399550729211,61.05302323356871,1137,2,octagram
2618,74.64435481220517,59.2407369859601,1119,2,octagram
2619,76.23349313001692,60.29956413415949,1117,2,octagram
2620,58.86957508478013,81.20206488649664,2244,5,text_en_1919
2621,54.7571944146616,78.46011044424131,2291,5,text_en_1919
2622,47.433812673013314,89.97569165368847,212,0,outer_ring
2623,53.98921436429811,90.67608059293742,73,0,outer_ring
2624,50.86543978613288,90.18987450125593,134,0,outer_ring
2625,54.749926524792684,89.63309925575804,60,0,outer_ring
2626,57.34184642920215,83.99022444304555,2184,5,text_en_1919
2627,54.170067806750524,78.12587042622827,2301,5,text_en_1919
2628,49.55211577872453,87.81039519446885,175,0,outer_ring
2629,56.10534574640509,81.08818823819223,2235,5,text_en_1919
2630,55.596211001662624,83.14215029342925,2192,5,text_en_1919
2631,29.25013458355751,66.99906809061586,2416,5,text_en_1919
2632,38.9361769713927,60.90769545426795,1278,2,octagram
2633,45.407349448224636,71.61105354778887,1232,2,octagram
2634,58.99098087308548,84.21599604563625,2182,5,text_en_1919
2635,59.860642616786826,88.67320119939792,10,0,outer_ring
2636,56.638536321006434,89.33137850271143,32,0,outer_ring
2637,64.0227322575735,77.65025854416974,2318,5,text_en_1919
2638,66.90871664606344,76.55663289070019,2330,5,text_en_1919
2639,64.85612983817731,71.80912352351233,1168,2,octagram
2640,67.41785360882653,73.37203756575842,859,1,inner_ring
2641,84.57334450103782,66.85478594995749,2413,5,text_en_1919
2642,71.57442198144183,69.72765507870186,850,1,inner_ring
2643,78.28646534309537,51.3657200520117,1627,2,octagram
2644,79.8973413426626,59.17551361802094,825,1,inner_ring
2645,89.31748892674933,61.328951092749904,2446,5,text_en_1919
2646,82.98471038062588,59.47995898506803,2457,5,text_en_1919
2647,87.36060068171113,56.07233539356377,2495,5,text_en_1919
2648,82.25420476828383,35.30567333431575,1085,1,inner_ring
2649,86.51596896768804,53.93310501833273,2515,5,text_en_1919
2650,84.06253051548772,48.755984471770894,2581,5,text_en_1919
2651,89.18919909185146,48.90688088893398,2583,5,text_en_1919
2652,92.45404583922526,44.19407984642829,2632,5,text_en_1919
2653,79.67326635848843,38.50725677801783,1580,2,octagram
2654,56.676755329677185,35.37699735970759,2136,4,stroke_kai
2655,63.374133958571626,43.4734379470754,2072,4,stroke_kai
2656,72.16456108862793,36.46035896158118,1558,2,octagram
2657,70.69178016155614,33.59686176798485,1554,2,octagram
2658,63.37955226158209,20.25324944735312,1045,1,inner_ring
2659,75.33635440475616,35.448751046645796,1567,2,octagram
2660,76.91511981353824,30.73968072027953,1072,1,inner_ring
2661,79.37864776490729,26.21674019133144,2708,5,text_en_1919
2662,67.48149716000873,33.369827242839435,1542,2,octagram
2663,66.23303843491207,26.797297582297077,1522,2,octagram
2664,65.62044688160643,22.701537018824506,1050,1,inner_ring
2665,58.34021497628793,16.90547957003341,2754,5,text_en_1919
2666,57.259547988169885,13.572227439979562,2804,5,text_en_1919
2667,54.9037863763771,5.273062903859351,558,0,outer_ring
2668,54.144251099946196,19.485403811085195,1032,1,inner_ring
2669,47.7223482119008,16.777039913990787,2732,5,text_en_1919
2670,53.11094301264597,5.823480733425773,500,0,outer_ring
2671,52.062639893505434,6.571759404561232,465,0,outer_ring
2672,54.30178661809525,6.595852446519538,536,0,outer_ring
2673,56.33811105168465,5.620857136852615,597,0,outer_ring
2674,60.11049923884454,11.443703790763008,2826,5,text_en_1919
2675,54.7792658612444,6.59368798774348,552,0,outer_ring
2676,53.42133399007892,4.879919660352415,510,0,outer_ring
2677,48.181373884111366,1.3021214900830291,403,0,outer_ring
2678,49.90684435160641,5.773294186780926,417,0,outer_ring
2679,50.4065113426228,6.738349867404567,423,0,outer_ring
2680,51.653252118969164,6.320457596845539,455,0,outer_ring
2681,51.34458188738723,7.062795809893992,446,0,outer_ring
2682,52.80598716667871,7.232040096393561,491,0,outer_ring
2683,54.75422824767062,4.5672822650809435,548,0,outer_ring
2684,61.97095106958852,7.134387540992674,730,0,outer_ring
2685,59.00620897508192,6.529089626738587,667,0,outer_ring
2686,57.86590826951047,7.650371100422878,643,0,outer_ring
2687,65.95668705926516,18.391218850030793,2723,5,text_en_1919
2688,67.28680713337647,8.468165828937538,793,0,outer_ring
2689,59.4704106697408,13.22711794294209,2821,5,text_en_1919
2690,58.525084941246654,6.102803860525999,656,0,outer_ring
2691,64.0221101939766,8.872118574861688,769,0,outer_ring
2692,41.77703826969826,26.309566040222016,1430,2,octagram
2693,43.74122812103183,23.365194148867364,1447,2,octagram
2694,86.16980393158573,45.05358637430679,2614,5,text_en_1919
2695,50.841777922538185,88.79181558836977,138,0,outer_ring
2696,46.43670665063938,90.26737194001318,232,0,outer_ring
2697,50.21442738202795,90.67771405712732,149,0,outer_ring
2698,51.22643976385525,84.55356312359491,2149,5,text_en_1919
2699,50.66223596866224,89.70891836170372,141,0,outer_ring
2700,46.94773344061032,89.04312757069623,228,0,outer_ring
2701,43.37179378774199,87.93062613321086,289,0,outer_ring
2702,45.43713754055368,89.10706501785461,262,0,outer_ring
2703,35.10410551585309,86.55185353082935,327,0,outer_ring
2704,43.00174822291804,72.61305771984938,1243,2,octagram
2705,43.09316244372825,71.04969506078095,1246,2,octagram
2706,33.46432255279523,66.71141091862293,920,1,inner_ring
2707,29.150942181410446,70.61375295138834,2395,5,text_en_1919
2708,21.619861715524262,60.80939456397304,2444,5,text_en_1919
2709,13.585529508824713,56.72483473619273,345,0,outer_ring
2710,21.297270682482928,59.7913146538,2480,5,text_en_1919
2711,23.89158307392509,54.689014965680144,2504,5,text_en_1919
2712,20.74061324414183,53.8660194124693,2497,5,text_en_1919
2713,24.87320430012986,46.44844989379809,2629,5,text_en_1919
2714,25.952744434424652,52.35809151926968,948,1,inner_ring
2715,32.79994739403746,51.83983305839055,1328,2,octagram
2716,42.92253430361925,52.930808046082944,1700,3,stroke_nan
2717,43.33093382316697,55.78093909874041,1677,3,stroke_nan
2718,49.86574870829107,56.08357835656663,1669,3,stroke_nan
2719,40.692529323462004,72.95233185600468,903,1,inner_ring
2720,56.18647350077406,58.64942949982109,1917,4,stroke_kai
2721,60.357594600619045,58.91395907236893,1918,4,stroke_kai
2722,59.23889650477493,62.442769106934556,1896,4,stroke_kai
2723,65.4853677473246,64.65705665715205,1149,2,octagram
2724,57.049339616930126,70.36230681303302,1195,2,octagram
2725,70.22197875380867,61.51317610938647,1132,2,octagram
2726,60.279135925660235,54.59909217272682,1954,4,stroke_kai
2727,56.93845157767191,54.25942583586718,1953,4,stroke_kai
2728,61.18433247338271,46.88358202097492,2024,4,stroke_kai
2729,48.54621126672813,44.306920838801716,1821,3,stroke_nan
2730,46.56621062927294,49.66527943529902,1756,3,stroke_nan
2731,55.73729551797466,52.56806297809746,1969,4,stroke_kai
2732,46.956345310796266,34.860569373076906,1890,3,stroke_nan
2733,42.97243717813582,41.92900792384266,1827,3,stroke_nan
2734,34.3423498477994,34.38322851409502,1392,2,octagram
2735,39.55597619783099,34.92356666319314,1406,2,octagram
2736,31.728404900911514,32.16972657392411,984,1,inner_ring
2737,22.266010368984205,42.942789663620005,2643,5,text_en_1919
2738,24.86862046518632,43.22831210959316,2644,5,text_en_1919
2739,39.46800199256265,48.967141378305044,1739,3,stroke_nan
2740,41.338949894025525,63.24060510655332,1270,2,octagram
2741,25.569502728907043,36.00700270774257,1375,2,octagram
2742,26.63240719843662,27.095648251792642,2700,5,text_en_1919
2743,29.102190719186893,38.42410582449307,1371,2,octagram
2744,36.25694187908153,14.490721816349867,2813,5,text_en_1919
2745,35.756554012437185,26.001236331933313,997,1,inner_ring
2746,41.89717645634,21.995211095670776,1441,2,octagram
2747,48.858020688541565,30.63532420855123,1893,3,stroke_nan
2748,55.77061761913231,26.82274827188128,1483,2,octagram
2749,49.83448515149958,25.56703365622594,1464,2,octagram
2750,56.18633975793743,27.6586223348642,1481,2,octagram
2751,51.54634260293269,35.0410984954674,1886,3,stroke_nan
2752,56.8214845253659,48.28633726384652,2000,4,stroke_kai
2753,60.350518572247466,51.51778158008756,1974,4,stroke_kai
2754,60.45322786650123,45.84871486160856,2034,4,stroke_kai
2755,59.03599610264368,51.40962180040265,1977,4,stroke_kai
2756,67.14548019611561,40.44443392559205,2093,4,stroke_kai
2757,70.26284490362119,41.19439240523473,2088,4,stroke_kai
2758,74.00104441387572,45.061006021645234,1604,2,octagram
2759,75.90746083081588,63.84931766871824,834,1,inner_ring
2760,73.83305989510097,60.03717343665308,1123,2,octagram
2761,65.95299978977101,68.38730665353981,1157,2,octagram
2762,45.57914822965057,74.19993629320038,1235,2,octagram
2763,52.13414962804084,87.34798567330546,116,0,outer_ring
2764,52.043070512625874,90.57812505729285,114,0,outer_ring
2765,49.05075199059205,90.18646886747929,182,0,outer_ring
2766,58.59328960853424,75.77785712014804,873,1,inner_ring
2767,55.88206624980139,90.52239053756813,42,0,outer_ring
2768,50.761873842384624,89.34603172685568,139,0,outer_ring
2769,52.280309458086904,89.31085708455876,110,0,outer_ring
2770,54.27249463081241,83.49855404557691,2177,5,text_en_1919
2771,49.439511453675934,75.30795104351138,888,1,inner_ring
2772,50.073178234826976,69.76131707668998,1218,2,octagram
2773,26.26121532681892,63.61669696111569,2423,5,text_en_1919
2774,28.390251130139657,67.94734272629975,2410,5,text_en_1919
2775,31.757183178324034,72.24449474443719,2357,5,text_en_1919
2776,61.67800339629017,85.11281596363877,2170,5,text_en_1919
2777,56.098762608867446,90.22609541906928,38,0,outer_ring
2778,58.66594330544366,84.77098552807512,2165,5,text_en_1919
2779,70.8614877278159,82.14843178798223,2222,5,text_en_1919
2780,68.5142032595311,75.90967476450483,2339,5,text_en_1919
2781,72.85229402267544,79.40630654710307,2263,5,text_en_1919
2782,68.37400573780185,76.70760059637468,2335,5,text_en_1919
2783,70.09067159660563,80.25706942429478,2266,5,text_en_1919
2784,81.18796163608688,67.93295885748395,2388,5,text_en_1919
2785,83.23709659967065,62.75730523823743,2439,5,text_en_1919
2786,85.77448635890569,61.28462657917455,2448,5,text_en_1919
2787,87.18378898752637,64.57825545772172,2427,5,text_en_1919
2788,81.33602907452185,54.964319487169504,819,1,inner_ring
2789,84.33694197956784,52.804721643908984,2530,5,text_en_1919
2790,85.65470833321645,41.02516394361602,2668,5,text_en_1919
2791,79.3250171944331,34.438718623135316,1082,1,inner_ring
2792,76.86283609131769,40.54584325009233,1587,2,octagram
2793,87.86226144555856,39.81167397483724,2674,5,text_en_1919
2794,93.07884574187415,48.91387578027587,2564,5,text_en_1919
2795,91.82460935276156,51.46834729747321,2541,5,text_en_1919
2796,53.17569725310045,41.76821994353934,1824,3,stroke_nan
2797,63.248756337917015,39.942111078698424,2103,4,stroke_kai
2798,66.93759545861329,33.13145433443912,1540,2,octagram
2799,66.09007320677284,29.294551457064884,1531,2,octagram
2800,74.56339527258974,27.482963215098586,1067,1,inner_ring
2801,63.809692561180796,17.0877300844517,2727,5,text_en_1919
2802,73.9897286452037,35.70246831442449,1562,2,octagram
2803,59.68709812460552,6.975806179252993,688,0,outer_ring
2804,66.04542175277585,17.495284987789947,2724,5,text_en_1919
2805,63.07098905944032,16.307148561455943,2742,5,text_en_1919
2806,63.44209048582186,7.299004817633959,757,0,outer_ring
2807,64.35668950150283,20.88055593975267,1047,1,inner_ring
2808,56.714677434957196,14.438755127375652,2785,5,text_en_1919
2809,58.88927180597821,7.121511997954336,665,0,outer_ring
2810,56.099254526457734,16.691136810839023,2744,5,text_en_1919
2811,53.01486959963107,6.175181465151315,497,0,outer_ring
2812,59.582350998359914,6.2945790055693545,683,0,outer_ring
2813,43.98224617938527,5.32604458106087,364,0,outer_ring
2814,47.594993153143875,6.314420031481328,386,0,outer_ring
2815,51.03533805346001,8.367770835678794,436,0,outer_ring
2816,53.96230743918655,5.765572522260282,525,0,outer_ring
2817,55.08864427977505,6.8930369889567205,567,0,outer_ring
2818,50.38265085332707,6.9213129012345025,422,0,outer_ring
2819,43.09520410266923,6.973588584424385,363,0,outer_ring
2820,54.861450095957,5.070354308524739,554,0,outer_ring
2821,46.95959028742995,5.918771797145909,382,0,outer_ring
2822,49.528915373501675,5.9518966295158,412,0,outer_ring
2823,54.025620642651624,4.170785259362641,527,0,outer_ring
2824,56.99623192806755,10.964218001729591,2831,5,text_en_1919
2825,60.74853274558208,6.620105140369594,707,0,outer_ring
2826,65.22505808180064,6.347501724719587,779,0,outer_ring
2827,59.31090418329885,6.531743538959809,675,0,outer_ring
2828,71.83468953401055,22.611053609501795,1060,1,inner_ring
2829,57.69996845704126,6.1772487794768915,634,0,outer_ring
2830,67.33191273090253,21.157472414714775,1051,1,inner_ring
2831,59.09578007168272,3.432648442833254,663,0,outer_ring
2832,63.39177531952081,6.584052055831415,756,0,outer_ring
2833,62.96781123376798,7.1120031308331395,751,0,outer_ring
2834,37.28676473327749,25.71181844160319,1000,1,inner_ring
2835,43.524676790248115,23.785887512277995,1448,2,octagram
2836,82.17064457556252,41.28339533607069,1090,1,inner_ring
2837,49.80888085400451,90.08182298403509,159,0,outer_ring
2838,49.01251934106697,89.77043070024092,184,0,outer_ring
2839,50.93713293179761,90.12931945618553,133,0,outer_ring
