point_id,x,y,assigned_slot_id,assigned_layer_id,assigned_layer_name
0,43.70140986091449,82.64384496495592,8867,5,text_en_1919
1,47.439935517223134,88.66478835613076,762,0,outer_ring
2,50.888088218904436,90.43319297705393,510,0,outer_ring
3,36.895874075609306,60.75748557009628,5131,2,octagram
4,45.857360689668766,79.54124072265977,9033,5,text_en_1919
5,46.633189320067935,77.6954759550858,9271,5,text_en_1919
6,26.756282872538613,58.72170817665141,3748,1,inner_ring
7,38.535609663335734,88.71313140143792,1212,0,outer_ring
8,23.08747939129113,48.13811652177552,10326,5,text_en_1919
9,27.653936921443847,67.03705789714556,9623,5,text_en_1919
10,26.23568941019725,46.80501198059817,3827,1,inner_ring
11,21.449941680321245,38.007597358578785,10758,5,text_en_1919
12,29.28190338558851,34.109582724354496,3920,1,inner_ring
13,12.085214696580973,37.87999572652911,1404,0,outer_ring
14,23.817544979140532,42.26467372236618,10569,5,text_en_1919
15,30.106426467236453,38.22913390065918,5520,2,octagram
16,21.594598685271205,47.32454152393009,10505,5,text_en_1919
17,26.799526682798398,64.5643023341289,9711,5,text_en_1919
18,25.557640386081648,49.60932307732162,3811,1,inner_ring
19,41.73595904435645,27.24261243708843,5721,2,octagram
20,66.78423593797534,5.443875482745124,3073,0,outer_ring
21,63.442608677582896,37.08783067605767,8459,4,stroke_kai
22,63.75443180350276,57.966052023174676,7700,4,stroke_kai
23,51.42009982439612,69.8893384167132,4868,2,octagram
24,64.65205485547916,89.72586691370248,26,0,outer_ring
25,49.74767554270245,57.023893876022974,6728,3,stroke_nan
26,52.462130268109654,91.1903767316023,398,0,outer_ring
27,49.74400189511054,89.83293121871039,584,0,outer_ring
28,51.56531639861958,89.7784213867036,460,0,outer_ring
29,62.81656058936226,89.00570752866993,41,0,outer_ring
30,48.68546758292913,69.99503782138235,4896,2,octagram
31,45.90786340159906,13.451204632535145,11105,5,text_en_1919
32,44.605566129959634,22.900002421671644,5779,2,octagram
33,44.53524265394348,49.59452093806122,6960,3,stroke_nan
34,50.885111724201586,7.532728509493361,1886,0,outer_ring
35,62.97136344020925,7.532031915846331,2930,0,outer_ring
36,43.8829882653897,52.71712840103006,6874,3,stroke_nan
37,36.791178458288584,9.773822836093847,1444,0,outer_ring
38,46.677276222555385,7.426302297673011,1638,0,outer_ring
39,26.537782669227852,51.912665760287034,3800,1,inner_ring
40,37.51933228646103,16.907657299326605,10958,5,text_en_1919
41,48.19681734949066,47.304160253522795,7111,3,stroke_nan
42,22.695091009663418,55.91056327426185,10002,5,text_en_1919
43,62.55524995687685,22.87708165819113,6025,2,octagram
44,37.9207169668124,23.443873409318435,4015,1,inner_ring
45,22.736786793599478,40.58130141399099,10631,5,text_en_1919
46,64.87161291763337,23.31865174778754,6054,2,octagram
47,41.649069398000485,24.06612593855589,5760,2,octagram
48,43.747889286389444,20.31576827905042,4054,1,inner_ring
49,55.820232310932454,3.5483320148656072,2350,0,outer_ring
50,55.477741032306156,5.483927305299229,2317,0,outer_ring
51,64.75868094578199,6.980959077831783,3018,0,outer_ring
52,63.00198565355425,72.25871791596774,4710,2,octagram
53,63.613285665044266,36.33514730709371,8499,4,stroke_kai
54,52.503694283126485,6.0299486589237015,2043,0,outer_ring
55,58.59511757067458,79.31101054394573,9111,5,text_en_1919
56,84.01754292452118,41.23797480383461,10669,5,text_en_1919
57,84.0142717630541,28.818414503426744,10802,5,text_en_1919
58,52.39588064797131,37.21684698531787,7481,3,stroke_nan
59,69.4401914464353,51.52651623308825,7889,4,stroke_kai
60,66.92079436006269,23.764588707713507,4216,1,inner_ring
61,55.17239629636584,50.033913457587914,7848,4,stroke_kai
62,54.039187594442005,50.82936256241898,4827,2,octagram
63,59.79025131383969,49.89215126544976,8004,4,stroke_kai
64,57.47993589681025,66.5732450125048,4789,2,octagram
65,29.618948229461544,77.02797404426303,9330,5,text_en_1919
66,41.37487822421124,86.99370402230073,1126,0,outer_ring
67,51.158495023171,88.40080124475617,501,0,outer_ring
68,47.8063982082512,69.48513288107954,4906,2,octagram
69,51.78245821488189,87.77310713333846,456,0,outer_ring
70,42.81228419192021,88.06440816210353,1060,0,outer_ring
71,46.5915370654187,76.20809311521245,3575,1,inner_ring
72,38.1684440388401,53.282337257436964,5325,2,octagram
73,51.48676636627041,89.27060038582997,475,0,outer_ring
74,46.029205574369534,74.26748777130457,3584,1,inner_ring
75,34.32878388601132,46.79097232300585,5382,2,octagram
76,40.14094860315737,53.19021509309271,6822,3,stroke_nan
77,16.801876490125533,29.074620560118202,1408,0,outer_ring
78,52.83167527088583,83.45910434099356,8685,5,text_en_1919
79,53.38607069772496,83.52042715042968,8678,5,text_en_1919
80,62.419867029302104,75.46917342411392,3467,1,inner_ring
81,50.00987005807111,86.28838787888202,596,0,outer_ring
82,70.8947689816089,69.73789741431025,3404,1,inner_ring
83,66.21376262933708,75.40390472840735,9341,5,text_en_1919
84,69.73534997257289,77.63295810325138,9277,5,text_en_1919
85,45.461932543503295,88.05247948179523,904,0,outer_ring
86,61.16235497346228,56.6992842626929,7739,4,stroke_kai
87,48.68241733620433,70.78590153222032,4900,2,octagram
88,76.52824101830579,64.726893401096,3351,1,inner_ring
89,60.947457958461186,42.260306486373075,8301,4,stroke_kai
90,68.84905025856928,57.19941701616368,7763,4,stroke_kai
91,68.03062905190656,43.69766182749555,8254,4,stroke_kai
92,76.2435595515004,53.968395332242046,6513,2,octagram
93,61.64302818169852,74.45864919718117,3470,1,inner_ring
94,71.2223461890523,70.1145668811442,3403,1,inner_ring
95,76.182161363209,40.59789634174022,6352,2,octagram
96,68.4824271379102,72.8580635220331,3426,1,inner_ring
97,89.47131405213118,54.30859055180207,10064,5,text_en_1919
98,62.95835364888908,6.704487444561034,2921,0,outer_ring
99,56.07282593624371,39.55450261002099,8435,4,stroke_kai
100,54.564328791689505,84.83882949814806,8639,5,text_en_1919
101,61.24619349789393,16.737006075860574,10984,5,text_en_1919
102,85.80445494958506,49.10924948282368,10311,5,text_en_1919
103,79.745396603379,36.33200397916999,6308,2,octagram
104,84.37511009887587,48.78587583656446,10346,5,text_en_1919
105,82.09449344231126,52.185590879790134,3259,1,inner_ring
106,75.62838733007429,60.901353775785076,4487,2,octagram
107,82.24894172508999,60.69027572395248,9818,5,text_en_1919
108,55.14790029499683,3.4000684938449646,2276,0,outer_ring
109,67.25329586454434,28.01246957913369,6125,2,octagram
110,58.25293107505239,5.145498958884784,2585,0,outer_ring
111,47.49003614630463,5.571293537685392,1694,0,outer_ring
112,69.38901615477741,8.25912953327438,3164,0,outer_ring
113,44.26203003145855,7.641709019557457,1565,0,outer_ring
114,64.02829356592952,8.959809686458124,3007,0,outer_ring
115,55.95055214067606,5.0094146933629,2373,0,outer_ring
116,54.96982169181692,34.64512478847239,8550,4,stroke_kai
117,62.15308570372516,6.999425674217613,2868,0,outer_ring
118,54.118474030408706,6.407345352070221,2195,0,outer_ring
119,68.01616853654478,8.881821413717446,3142,0,outer_ring
120,45.522809785861,24.04057012705972,5821,2,octagram
121,51.60206337951012,5.935809509909012,1966,0,outer_ring
122,62.36542171821146,6.19416765302231,2874,0,outer_ring
123,54.347070099473335,13.728489106724862,2215,0,outer_ring
124,50.05832049197983,7.104986176124591,1817,0,outer_ring
125,42.55260341216877,6.79099919871928,1515,0,outer_ring
126,65.68666309506027,8.416596355130787,3061,0,outer_ring
127,60.22519968329892,7.145936691571432,2761,0,outer_ring
128,60.13728990711063,20.43030752879582,4163,1,inner_ring
129,92.12810333786454,36.77824689166138,10761,5,text_en_1919
130,64.0460651874058,47.22757822849797,8106,4,stroke_kai
131,75.12027314300471,67.57025404522035,3372,1,inner_ring
132,57.54873180833306,57.94108423186059,7671,4,stroke_kai
133,69.73032502130116,24.38797602182339,4234,1,inner_ring
134,77.61809618955726,36.65806538896469,6287,2,octagram
135,92.37244913405841,48.41466993270079,10304,5,text_en_1919
136,57.03688802435595,11.309887304583656,11305,5,text_en_1919
137,45.69852281095731,43.398601441407756,7319,3,stroke_nan
138,66.90163904598577,56.81841014673235,7748,4,stroke_kai
139,51.77055972584632,92.53102677239889,436,0,outer_ring
140,36.403268293825185,85.44250589497635,1294,0,outer_ring
141,40.88147990417836,86.02179662804869,1165,0,outer_ring
142,44.276863092448394,88.14088462971868,987,0,outer_ring
143,57.63612503239777,84.65122572489697,8599,5,text_en_1919
144,52.72156071779649,81.99208812419526,8802,5,text_en_1919
145,46.05744903946441,90.4709575188321,837,0,outer_ring
146,45.51368333889356,79.35779510187656,9079,5,text_en_1919
147,44.1489375856589,92.95852649038855,920,0,outer_ring
148,41.38979929767036,87.86715680397148,1115,0,outer_ring
149,29.234172863309265,67.84251287264512,9581,5,text_en_1919
150,28.381128608913905,66.66503348684905,9614,5,text_en_1919
151,41.12113767104843,71.91398322120719,4988,2,octagram
152,31.771954616117732,59.507294181455066,5195,2,octagram
153,16.922309485239175,55.29346335322999,9979,5,text_en_1919
154,25.59320588167311,46.47305067176547,3830,1,inner_ring
155,34.599117626174625,68.78358745379468,3671,1,inner_ring
156,24.09662211709084,38.17506352089927,10728,5,text_en_1919
157,35.74185038398994,48.5490486657862,5364,2,octagram
158,39.94913286248461,71.7866885754218,3625,1,inner_ring
159,31.383153116319413,58.398927245344844,5203,2,octagram
160,22.5050835293817,50.314154645799704,10245,5,text_en_1919
161,34.45328454056533,69.34119614856421,3670,1,inner_ring
162,41.74843550408969,22.241869337104745,4043,1,inner_ring
163,43.25785900154024,51.000019354053805,6932,3,stroke_nan
164,49.20384297265861,47.34694506205443,7068,3,stroke_nan
165,45.17910077851616,74.68480090809888,3590,1,inner_ring
166,61.30331286388771,79.81430969068668,9100,5,text_en_1919
167,63.587763805465904,78.79135154924859,9146,5,text_en_1919
168,57.079758711228656,51.60971559365011,7902,4,stroke_kai
169,69.50804301691608,78.56146707984709,9201,5,text_en_1919
170,65.13807241702752,65.59853071828309,7591,4,stroke_kai
171,53.87021081142652,88.23297221325332,314,0,outer_ring
172,55.461790784289825,89.63013157926639,241,0,outer_ring
173,45.415336587838325,40.650638869175836,7394,3,stroke_nan
174,53.75535689667273,6.359436478954743,2156,0,outer_ring
175,61.52409252771419,49.24000481035904,8041,4,stroke_kai
176,46.426835279539844,40.738381298645706,7393,3,stroke_nan
177,50.650518980675926,44.4233803006422,7195,3,stroke_nan
178,40.603596514665995,29.075953927913215,5694,2,octagram
179,52.01464320032014,50.12756916831324,6974,3,stroke_nan
180,39.35642067214335,38.77689637713739,5624,2,octagram
181,21.35383600591768,37.90946096990549,10752,5,text_en_1919
182,42.973943357233296,47.47601226005411,7064,3,stroke_nan
183,59.39462930247475,7.054394354913273,2698,0,outer_ring
184,63.422820284442835,44.59812007874189,8233,4,stroke_kai
185,47.67890406214246,20.049511444166413,4078,1,inner_ring
186,42.44276809179419,48.21189445584004,7050,3,stroke_nan
187,46.53946567446786,6.8670168206753415,1637,0,outer_ring
188,27.038775188886692,24.49882405478496,10857,5,text_en_1919
189,55.816199507566736,14.289755883464395,11187,5,text_en_1919
190,58.0046231598499,16.259110081637324,11027,5,text_en_1919
191,57.74777600940055,11.269224283193232,11319,5,text_en_1919
192,52.868871807278786,11.715864789153617,2048,0,outer_ring
193,62.453807421338375,29.303778110926082,6092,2,octagram
194,58.15224196360463,12.688145426292994,11284,5,text_en_1919
195,44.57368931643373,47.35156380801985,7118,3,stroke_nan
196,70.6896367475386,24.398746225031783,4239,1,inner_ring
197,83.01242186248233,40.84073409755237,10668,5,text_en_1919
198,68.77317899996773,53.11744842954711,7868,4,stroke_kai
199,56.53639949094424,88.96292195684168,184,0,outer_ring
200,89.98123581204216,53.15342404503308,10086,5,text_en_1919
201,88.16396693259797,39.141860512532205,10707,5,text_en_1919
202,67.99187195844132,40.37154852373492,8377,4,stroke_kai
203,81.38904279711771,41.27366750480678,4376,1,inner_ring
204,32.66524309112984,76.36635280358955,9346,5,text_en_1919
205,59.05122994159803,70.94653116119088,4753,2,octagram
206,41.749880867408265,81.51589162528491,8946,5,text_en_1919
207,44.218369289242936,88.79701612304765,981,0,outer_ring
208,42.825943010870034,69.13872449483453,5021,2,octagram
209,27.655663806072937,56.58921301840497,3759,1,inner_ring
210,44.79632187503705,88.5444286842389,944,0,outer_ring
211,45.42610302801776,88.04867244604624,909,0,outer_ring
212,49.6804714025506,89.51735481058068,593,0,outer_ring
213,67.71546136042248,81.67692516711082,8935,5,text_en_1919
214,33.553110137125536,49.42799071192025,5339,2,octagram
215,57.59996521737347,82.55605179764106,8817,5,text_en_1919
216,34.48773833957846,66.32436309240585,3681,1,inner_ring
217,22.275130433806485,55.63875588937135,9998,5,text_en_1919
218,47.717172524682404,89.30668973247491,730,0,outer_ring
219,34.71234282597633,68.53339502023132,3672,1,inner_ring
220,58.98147691296739,82.79685195428333,8838,5,text_en_1919
221,65.39330822454876,72.64130796516284,4679,2,octagram
222,62.358161694583735,84.34962402557613,8722,5,text_en_1919
223,31.697662859688347,64.72641978721524,3699,1,inner_ring
224,67.3977974331453,64.36391538710669,4578,2,octagram
225,66.67212046187564,77.07996576928258,9302,5,text_en_1919
226,66.91405260614812,84.86911399261845,8732,5,text_en_1919
227,80.87133448060274,51.94636952982839,3258,1,inner_ring
228,48.2963973309298,71.05438291105236,4907,2,octagram
229,70.58074770794116,78.8683543893057,9193,5,text_en_1919
230,59.94755823361706,62.93455787782642,7578,4,stroke_kai
231,74.92083225407,67.35588120881462,3370,1,inner_ring
232,69.26213623714997,52.10886406502081,7888,4,stroke_kai
233,77.95295645919833,73.24584397732713,9403,5,text_en_1919
234,50.42598686215748,59.114217904168015,6645,3,stroke_nan
235,78.31399574608432,62.295452237427625,3333,1,inner_ring
236,52.703909982333066,71.44855086258478,3538,1,inner_ring
237,79.8727868951719,61.51606082703115,3321,1,inner_ring
238,85.28537851834766,53.45120801453234,10115,5,text_en_1919
239,90.01770596352553,41.71093115730014,10604,5,text_en_1919
240,65.98036505472078,20.23749956146683,4198,1,inner_ring
241,74.50569106982277,60.366316782576526,4500,2,octagram
242,90.97355308031422,46.268243219642414,10506,5,text_en_1919
243,56.06429212790695,6.236645621678204,2388,0,outer_ring
244,62.37641509189537,20.645861749704764,4183,1,inner_ring
245,59.799997686663126,14.576093206875635,11198,5,text_en_1919
246,84.04423168545908,51.184431612183104,3249,1,inner_ring
247,72.71575045579978,35.43443083052005,6224,2,octagram
248,48.12826862982453,22.436795845879782,5849,2,octagram
249,65.48504776522884,28.73194002395364,6130,2,octagram
250,81.86965094156056,46.87619931206028,4417,1,inner_ring
251,48.23007544123231,15.604637358347157,10939,5,text_en_1919
252,46.48518271273628,14.696941757589592,10959,5,text_en_1919
253,68.93399369912873,6.492933075506315,3146,0,outer_ring
254,66.848486170632,7.89585023563241,3104,0,outer_ring
255,52.797964214950476,5.394986452277416,2066,0,outer_ring
256,59.72876489184872,5.2849791290705275,2704,0,outer_ring
257,40.298948367822796,16.20808232467167,11045,5,text_en_1919
258,61.14486536569054,6.7545495033010665,2809,0,outer_ring
259,53.544286996361684,4.574844331164478,2138,0,outer_ring
260,54.070576571108866,5.426746429846862,2189,0,outer_ring
261,47.09828187878704,22.573436714371155,5830,2,octagram
262,50.48605375336279,5.8232939476535535,1865,0,outer_ring
263,67.26721835123548,29.343342296423433,6138,2,octagram
264,62.36405665083546,6.066076444774311,2871,0,outer_ring
265,57.2187399207809,21.36739992408507,4142,1,inner_ring
266,67.6517351625034,45.756751736163,8121,4,stroke_kai
267,60.65583757115149,5.611649066020646,2773,0,outer_ring
268,48.49627029606665,11.874628556636228,11225,5,text_en_1919
269,59.2727971358124,7.33647305449934,2695,0,outer_ring
270,72.53845609088782,10.230405515062042,3206,0,outer_ring
271,53.6876538932359,4.898119828778685,2150,0,outer_ring
272,66.95334277894345,51.37917502270205,7930,4,stroke_kai
273,70.89270192315728,25.366875707772675,4244,1,inner_ring
274,79.4039758229305,66.94445858723381,9572,5,text_en_1919
275,84.51190003582467,57.7006735397256,9947,5,text_en_1919
276,74.61943574382734,28.091664556605622,4274,1,inner_ring
277,71.78969424110186,29.53469650417492,6157,2,octagram
278,55.42247577677491,6.7910503726776765,2315,0,outer_ring
279,50.874689214257224,43.69273306801317,7212,3,stroke_nan
280,92.62169094748434,53.34343079558557,10059,5,text_en_1919
281,59.40934159979306,81.78195028942804,8884,5,text_en_1919
282,48.96733028826409,88.64629270137405,662,0,outer_ring
283,43.969435043965724,89.0531931605076,990,0,outer_ring
284,65.52282339948161,79.7263264381196,9132,5,text_en_1919
285,51.11205180886665,88.93860338713995,502,0,outer_ring
286,40.74176502020557,85.76155532786329,1174,0,outer_ring
287,40.27602150043018,72.75273520959921,3618,1,inner_ring
288,32.18005400207016,75.49626143369638,9348,5,text_en_1919
289,45.181440066400164,70.59195423825922,4929,2,octagram
290,49.19401101880755,90.18460119138636,624,0,outer_ring
291,69.1991967054985,48.9061287997664,6450,2,octagram
292,44.60104953495531,52.08888472448891,6863,3,stroke_nan
293,21.258246464890465,43.368233778112575,10561,5,text_en_1919
294,29.14828312585203,66.6324490409513,9625,5,text_en_1919
295,17.55412385358691,40.98025064823804,10647,5,text_en_1919
296,29.01485475986097,40.65272273640139,5475,2,octagram
297,16.943450935398662,36.58250065367786,10787,5,text_en_1919
298,30.586866253713072,59.18674199567505,5211,2,octagram
299,27.298394193268596,39.334222443989255,3886,1,inner_ring
300,35.72950503818712,61.77775768328736,5143,2,octagram
301,28.778030391620717,57.80744848305116,5237,2,octagram
302,33.37045949862403,53.50662783430504,5300,2,octagram
303,60.417787431246694,70.02155112859107,4742,2,octagram
304,50.86162082723228,88.56542276323746,517,0,outer_ring
305,45.854994656839416,58.97057119055132,6613,3,stroke_nan
306,34.94821522394835,66.14432287641363,3679,1,inner_ring
307,55.78883313343431,90.55748035293092,222,0,outer_ring
308,53.341060777995644,43.05507397594794,7330,3,stroke_nan
309,64.24063389372296,59.6056596576195,7668,4,stroke_kai
310,61.324748380417915,72.68924368212765,4722,2,octagram
311,63.247181221616515,80.63676595114995,9050,5,text_en_1919
312,68.01925022938141,64.79208594331928,4583,2,octagram
313,56.64557847946211,20.198564038354966,10954,5,text_en_1919
314,56.25859293157396,5.833852408898135,2416,0,outer_ring
315,51.1718448788316,4.829748459723575,1931,0,outer_ring
316,50.51488410019813,40.47337723902315,7369,3,stroke_nan
317,81.1026962568403,24.06506425060153,10847,5,text_en_1919
318,51.599160755141085,6.758977410855998,1959,0,outer_ring
319,54.02555471560612,82.55612501383769,8768,5,text_en_1919
320,39.87622093171269,17.96008999024874,10912,5,text_en_1919
321,51.594008994416754,41.75823796616987,7332,3,stroke_nan
322,43.13630739286134,29.75304683650511,5697,2,octagram
323,37.769203286921666,35.75179324364987,5617,2,octagram
324,14.18837354632967,36.47566457450887,10772,5,text_en_1919
325,40.43238620850894,47.66555634112026,7078,3,stroke_nan
326,58.16499232317014,74.66183919301,3499,1,inner_ring
327,51.68843630342745,35.33717828603109,7512,3,stroke_nan
328,37.146119669010666,41.70855022729756,7363,3,stroke_nan
329,36.19368711867807,26.878071742164714,3990,1,inner_ring
330,57.4858817127836,6.5922308472793585,2532,0,outer_ring
331,54.501061635288096,6.46704270495707,2234,0,outer_ring
332,59.08309710066574,6.1202172449476295,2672,0,outer_ring
333,55.155845522194724,6.533261749880306,2282,0,outer_ring
334,66.90685998660146,7.243507159264551,3099,0,outer_ring
335,66.34206273153745,6.506382529519535,3065,0,outer_ring
336,40.980305509401404,44.63889161083281,7226,3,stroke_nan
337,60.84790827814277,5.215264376799351,2779,0,outer_ring
338,86.9496602777753,42.35112219929282,10659,5,text_en_1919
339,55.730312589794245,20.98535681339683,4133,1,inner_ring
340,56.670580675179856,46.913488922310066,8119,4,stroke_kai
341,61.14142486837277,47.81475165760128,8099,4,stroke_kai
342,61.56318848404845,44.547895087517084,8197,4,stroke_kai
343,77.5160832054861,34.293778699973764,6273,2,octagram
344,62.50267157455929,61.392348472861364,7600,4,stroke_kai
345,64.26447117808405,52.89662715825317,7877,4,stroke_kai
346,60.545810540446254,44.97440803577423,8192,4,stroke_kai
347,67.3805190953442,80.26607169462184,9088,5,text_en_1919
348,30.692505576301915,63.45739077035472,3711,1,inner_ring
349,52.09222733313188,90.00712032816553,425,0,outer_ring
350,58.757820153726996,90.70156555009136,116,0,outer_ring
351,49.1228973482369,88.64244365655843,646,0,outer_ring
352,48.438175820179495,82.72291138812761,8745,5,text_en_1919
353,50.23177199779238,89.3552849711765,557,0,outer_ring
354,50.1703543266195,90.57549762585937,552,0,outer_ring
355,30.611084906604248,83.01043502540514,1360,0,outer_ring
356,38.934862123908715,61.25131334340037,5111,2,octagram
357,39.77558036392874,64.03573135379987,5078,2,octagram
358,28.35545688263577,53.701365115260806,3781,1,inner_ring
359,27.52902254655806,58.53595186763915,5232,2,octagram
360,22.487233836014358,50.34573576495098,10238,5,text_en_1919
361,51.72190438942335,55.763797753443086,6738,3,stroke_nan
362,61.94468850377049,81.62971198272137,8954,5,text_en_1919
363,53.63120255146724,90.96994141527706,328,0,outer_ring
364,71.40289385167684,68.63888496835692,3397,1,inner_ring
365,67.07583401134079,66.95576248727649,4605,2,octagram
366,78.60786982725767,34.352688022491684,4329,1,inner_ring
367,69.07300658336109,78.02641003472867,9211,5,text_en_1919
368,60.48704397324099,54.97786940762955,7800,4,stroke_kai
369,66.55027211369416,78.50707287165739,9224,5,text_en_1919
370,49.51928618562057,90.37255378034529,598,0,outer_ring
371,63.029659637422185,48.77420155246051,8033,4,stroke_kai
372,85.85011598135769,48.05521575714737,10385,5,text_en_1919
373,46.52384942003846,78.59740000317782,9227,5,text_en_1919
374,88.63095166376303,61.091913456580535,9790,5,text_en_1919
375,67.74065236117188,64.16729601325996,4579,2,octagram
376,50.8835336066421,71.55394192870331,4881,2,octagram
377,74.3276384277146,62.93723660648644,4505,2,octagram
378,86.47648959466787,64.04002044956304,9738,5,text_en_1919
379,77.19658228475141,59.62838067047175,4468,2,octagram
380,77.55885438851271,67.6130375454921,9539,5,text_en_1919
381,78.82663485367507,64.19979459089338,9705,5,text_en_1919
382,57.529989529032804,38.13700269437384,8438,4,stroke_kai
383,66.68442092152989,26.87465392190183,6110,2,octagram
384,70.00996937269315,10.6812493793898,3182,0,outer_ring
385,79.08511539421029,54.15392742394952,6538,2,octagram
386,79.83743900083637,57.61896228572901,6572,2,octagram
387,74.09663053331394,48.731254087345505,6455,2,octagram
388,62.52435360203994,54.624537512219355,7819,4,stroke_kai
389,80.97947074207275,57.19970101170267,3293,1,inner_ring
390,76.98855525984725,52.50101871492137,6501,2,octagram
391,79.10643298591286,36.555432379395185,6300,2,octagram
392,56.71709772212225,42.74222291364589,8327,4,stroke_kai
393,39.79395182006388,23.665783471221374,4027,1,inner_ring
394,56.01144013067238,7.581012091762533,2389,0,outer_ring
395,66.4122107376078,6.064930995827643,3064,0,outer_ring
396,69.7786837389798,11.180176903133352,11279,5,text_en_1919
397,61.811006843011675,16.65872271978832,10970,5,text_en_1919
398,51.65665618649192,20.218702592491493,4101,1,inner_ring
399,46.86724241275942,23.025127557399806,5829,2,octagram
400,74.94535675634542,28.668047139805683,4278,1,inner_ring
401,60.11587249824128,5.44430085673904,2732,0,outer_ring
402,67.47776920452975,16.665367829830352,10922,5,text_en_1919
403,57.67754161197042,5.623344678116699,2540,0,outer_ring
404,64.29788239850615,6.880343979595253,2999,0,outer_ring
405,54.43745234010339,4.952461114792525,2224,0,outer_ring
406,53.553852920205614,7.442243178544794,2131,0,outer_ring
407,61.66921810016871,7.144704661536508,2840,0,outer_ring
408,54.77628432354017,6.835201998416516,2260,0,outer_ring
409,44.00636333004614,6.807175485049084,1561,0,outer_ring
410,58.621702490187275,5.427896284718643,2620,0,outer_ring
411,46.993195702301,39.46345672294733,7415,3,stroke_nan
412,55.91833442507358,27.417862655637663,5924,2,octagram
413,84.82391673058291,40.33269856526653,10685,5,text_en_1919
414,60.02305581983542,8.531663540168854,2760,0,outer_ring
415,90.69970986425305,42.30206577353509,10587,5,text_en_1919
416,84.80821993456203,46.21870000730966,10457,5,text_en_1919
417,66.56805043094064,7.349873811430484,3087,0,outer_ring
418,65.53235092388316,55.65777907194522,7761,4,stroke_kai
419,59.23557500013487,7.080216842284366,2688,0,outer_ring
420,42.576856104358164,22.774288872309356,5768,2,octagram
421,41.30157375970397,8.963008939376776,1487,0,outer_ring
422,60.574686957927774,60.64948694249389,7588,4,stroke_kai
423,44.72689917562042,88.10353501853939,956,0,outer_ring
424,29.479450265855625,80.75731402826328,1371,0,outer_ring
425,41.4327549675413,89.48204539743223,1091,0,outer_ring
426,50.68611355867488,89.99541378277213,520,0,outer_ring
427,43.67227053200053,89.19142398731984,1008,0,outer_ring
428,30.306387363513274,82.54280643785505,1363,0,outer_ring
429,51.30127970954547,65.63748682040375,6606,3,stroke_nan
430,49.0577989883345,89.07484915718791,647,0,outer_ring
431,25.999558790794275,70.63390817357093,9486,5,text_en_1919
432,21.429165659759295,58.56874655879967,9943,5,text_en_1919
433,29.387064340844226,67.31750757603454,9594,5,text_en_1919
434,42.531136981687474,70.18895387561592,5003,2,octagram
435,27.952113389568876,54.335847407024566,3777,1,inner_ring
436,33.61793378750014,60.20095361590482,5168,2,octagram
437,30.52381543133192,43.1241439052626,5432,2,octagram
438,28.399321803653503,25.215060270817077,10851,5,text_en_1919
439,16.939800337855917,55.88372801193316,9975,5,text_en_1919
440,25.68323155054595,41.530184328078946,3866,1,inner_ring
441,25.75174614614098,46.976917475575426,3825,1,inner_ring
442,44.45841038845033,56.836492541223215,6683,3,stroke_nan
443,24.128842457170254,60.38314720540134,9867,5,text_en_1919
444,38.34496665356461,71.03555132831394,3639,1,inner_ring
445,59.69217266209565,24.25551451843596,5988,2,octagram
446,56.810026375852964,90.06147783105446,173,0,outer_ring
447,44.97527628545033,58.069649388861556,6648,3,stroke_nan
448,43.02191371053655,52.48562260028045,6836,3,stroke_nan
449,54.85186456164204,90.83875473240234,268,0,outer_ring
450,67.36741671170886,80.90022936814078,9053,5,text_en_1919
451,41.669890138337635,67.55306560678086,5039,2,octagram
452,44.32262111749606,67.29626326405301,5034,2,octagram
453,66.36690699400297,74.2810574597837,9361,5,text_en_1919
454,69.28019115564815,50.52053026922048,7938,4,stroke_kai
455,74.12538605685151,49.3618546216837,6462,2,octagram
456,55.0124920371734,39.8544637615697,8467,4,stroke_kai
457,48.31435414271012,51.154081000748455,6891,3,stroke_nan
458,58.017948460403275,78.70999916739855,9155,5,text_en_1919
459,39.70611123408768,31.933448946315078,5661,2,octagram
460,64.26372323606653,22.50449389726193,6045,2,octagram
461,41.538644812093445,23.2034365930881,4037,1,inner_ring
462,31.17060605819221,44.18117871348123,5426,2,octagram
463,40.25773511780469,19.18961690007361,10868,5,text_en_1919
464,53.74366865606072,5.950382882131147,2155,0,outer_ring
465,31.611274434034105,38.33614625856493,5543,2,octagram
466,28.210790067594253,57.08066403976779,3756,1,inner_ring
467,40.467027004367345,36.449835601444185,5638,2,octagram
468,33.252200733960834,43.69911461051239,5417,2,octagram
469,44.579018738167214,21.91979846056025,5800,2,octagram
470,28.964368599552937,34.730277665297315,3914,1,inner_ring
471,41.5299718794251,7.3477586609637555,1497,0,outer_ring
472,57.49157649405901,42.1170612238167,8283,4,stroke_kai
473,49.14166679150322,89.84938647896011,636,0,outer_ring
474,52.412179718703,4.909576805472643,2037,0,outer_ring
475,48.80701708616092,19.314200406772517,4085,1,inner_ring
476,44.47713370039709,23.871691923217757,5787,2,octagram
477,48.52054934452261,19.876845659295526,4082,1,inner_ring
478,62.208373164288005,45.60018366350225,8167,4,stroke_kai
479,56.331866740255826,7.588874293606472,2433,0,outer_ring
480,52.90546253866576,6.620298095835368,2072,0,outer_ring
481,68.24663475327746,7.485720618833324,3133,0,outer_ring
482,46.76430532111327,24.22988878106626,5842,2,octagram
483,46.71485095232792,6.443161707491576,1654,0,outer_ring
484,74.8463648859686,58.812738938175315,4479,2,octagram
485,45.08004796874693,70.70571743440489,4930,2,octagram
486,76.34684699138101,52.194457828508675,6498,2,octagram
487,78.82069153343893,38.08501500992504,6327,2,octagram
488,51.33035006746518,48.3223857348157,7043,3,stroke_nan
489,44.96986980591961,89.63887880345281,917,0,outer_ring
490,54.36222918286741,79.75732575265988,9037,5,text_en_1919
491,61.568511102261546,81.04151822279285,9039,5,text_en_1919
492,45.82591068522743,76.94457526600102,3580,1,inner_ring
493,44.38129919016488,87.89869941035181,984,0,outer_ring
494,59.78768878444327,87.56048788963732,8589,5,text_en_1919
495,42.23422799181269,86.95149386204456,1090,0,outer_ring
496,49.980425456042944,89.59093008561568,571,0,outer_ring
497,48.055994452042135,90.65969959548109,704,0,outer_ring
498,48.959091360562915,88.73639438123915,661,0,outer_ring
499,41.859437719282475,87.64482407859728,1095,0,outer_ring
500,43.42660888064909,87.79996791178841,1035,0,outer_ring
501,18.188366242727167,38.6795895388371,10756,5,text_en_1919
502,41.83597619827572,41.97680282083213,7356,3,stroke_nan
503,26.16550004099962,65.91184419113723,9664,5,text_en_1919
504,56.12779844078164,68.82623237650535,4795,2,octagram
505,58.74179888987199,89.13338387518648,114,0,outer_ring
506,69.99715757048887,75.57238707807358,9300,5,text_en_1919
507,67.85418441585097,63.41227487587727,4574,2,octagram
508,65.35936502289458,73.53337214147362,4689,2,octagram
509,59.68063236329984,55.55205390683242,7779,4,stroke_kai
510,52.10963784568335,89.30477080140646,428,0,outer_ring
511,71.37723772806653,50.058970737768135,7985,4,stroke_kai
512,64.15969482539779,72.90666207932807,4700,2,octagram
513,79.52171145128365,65.32695323756553,9687,5,text_en_1919
514,58.95446242138923,52.30215914481543,7926,4,stroke_kai
515,80.56519238822332,59.52026064401035,3306,1,inner_ring
516,82.92676871845443,67.26318013090513,9628,5,text_en_1919
517,90.48161787185927,53.33518606342632,10066,5,text_en_1919
518,92.45777370721818,45.225982453884924,10523,5,text_en_1919
519,73.74551516559126,50.46410386490955,6473,2,octagram
520,85.38286963406783,53.432838706364265,10091,5,text_en_1919
521,84.65578102068365,56.424528996382165,9980,5,text_en_1919
522,70.12705362285728,61.965975863373345,4553,2,octagram
523,88.35810626654307,60.87374612904921,9795,5,text_en_1919
524,47.314289356131596,39.89215054463441,7414,3,stroke_nan
525,57.39065160724433,75.47899507206482,3503,1,inner_ring
526,78.8389623144358,37.5245825450677,6305,2,octagram
527,58.08329214952883,83.63950579908906,8718,5,text_en_1919
528,83.52088219277086,39.294218819726254,10694,5,text_en_1919
529,48.90034156921402,22.76338846368752,5860,2,octagram
530,88.19854465634407,70.8563588010686,9531,5,text_en_1919
531,91.0839633674268,47.622383195203085,10396,5,text_en_1919
532,73.29095005947553,60.686608928345535,4513,2,octagram
533,78.58163448913614,33.476423629336125,4322,1,inner_ring
534,58.37275971633463,5.133573693652055,2599,0,outer_ring
535,59.32284213799922,6.609226702164752,2690,0,outer_ring
536,57.471152580074815,7.359892078381765,2537,0,outer_ring
537,45.84667456745869,15.268003762061047,10989,5,text_en_1919
538,53.29060641288955,6.222167499826751,2108,0,outer_ring
539,70.85195451678483,24.639388772859984,4241,1,inner_ring
540,53.58698411453151,19.697452751646903,4117,1,inner_ring
541,52.67411142203005,16.6483733225194,11083,5,text_en_1919
542,49.491614187737596,17.60675182856826,4090,1,inner_ring
543,57.68902170991486,5.650142572891531,2542,0,outer_ring
544,45.02468239544243,38.61160710002173,7444,3,stroke_nan
545,56.06725536360773,14.401338033165349,11155,5,text_en_1919
546,52.98787407600826,7.016774192096712,2077,0,outer_ring
547,48.68957365415494,34.51488994240568,7563,3,stroke_nan
548,64.59110066284349,6.096464719424838,3002,0,outer_ring
549,47.352607966240946,23.875877685626378,5850,2,octagram
550,65.77482081969879,24.626611573740828,6073,2,octagram
551,66.3137546481037,28.321029740626784,6129,2,octagram
552,43.564163025577564,6.602180565437038,1548,0,outer_ring
553,55.571362477017324,5.388846742454364,2329,0,outer_ring
554,59.41473792126262,5.972082000916872,2692,0,outer_ring
555,56.486230462149706,15.428603533386756,11034,5,text_en_1919
556,64.12100209495136,35.646143798300756,8527,4,stroke_kai
557,81.06282287150829,41.81396921212034,4382,1,inner_ring
558,80.66812070550235,38.84214850940281,4357,1,inner_ring
559,65.73991966424941,40.66095860741983,8372,4,stroke_kai
560,90.78993728347959,47.338790695208324,10468,5,text_en_1919
561,54.698687465588044,5.402717307195762,2249,0,outer_ring
562,53.10886761138956,6.36997128211484,2089,0,outer_ring
563,52.60559787624487,27.909176119568286,5880,2,octagram
564,81.60411511514812,63.94431165900943,9691,5,text_en_1919
565,26.8764894910773,66.35935522263134,9640,5,text_en_1919
566,51.774952490267516,89.79469940670724,445,0,outer_ring
567,34.42257107457926,83.80055716709296,1328,0,outer_ring
568,39.814095860895016,86.76687882354574,1195,0,outer_ring
569,52.87674978214373,88.57387138814566,382,0,outer_ring
570,45.96008013037798,73.13977346424554,4938,2,octagram
571,42.70483256985502,81.05059955916308,8984,5,text_en_1919
572,30.708143150578977,73.5728843601928,9404,5,text_en_1919
573,37.698356876062554,79.14751556954434,9134,5,text_en_1919
574,50.465459108397596,52.4870916617972,6819,3,stroke_nan
575,28.74258895141271,66.44549169740078,9642,5,text_en_1919
576,21.499777527898082,61.48944105594642,9778,5,text_en_1919
577,47.34861858853825,60.56647889373343,6684,3,stroke_nan
578,22.74695631312007,55.0391381054659,10010,5,text_en_1919
579,34.83757657361288,44.759693507986015,5396,2,octagram
580,44.83066389975268,38.4104914941878,7458,3,stroke_nan
581,31.605744695176508,48.815608503517765,5335,2,octagram
582,20.31317186785488,48.51756948174653,10324,5,text_en_1919
583,19.294914363591552,61.806415588874046,9763,5,text_en_1919
584,32.27619847052355,75.45942399240339,9363,5,text_en_1919
585,29.421771767286838,58.15928192656465,5223,2,octagram
586,31.40074716208864,32.211112155115394,3941,1,inner_ring
587,44.0607146571086,57.68608608828755,6689,3,stroke_nan
588,49.68880724955978,51.04618736793098,6880,3,stroke_nan
589,66.99300773001696,30.049943132162095,6143,2,octagram
590,30.707068007032795,53.94994607863789,5277,2,octagram
591,68.17295504224218,65.20457037983867,4589,2,octagram
592,53.11843276021163,81.14194189114382,8881,5,text_en_1919
593,53.36268045459797,80.00165028744709,9000,5,text_en_1919
594,44.45846293492701,53.164513059636995,6839,3,stroke_nan
595,62.893975358561754,72.71360645235275,4711,2,octagram
596,45.37326093223999,74.88832773758163,3588,1,inner_ring
597,59.79888086929392,88.7212845000864,84,0,outer_ring
598,42.64442379696705,32.08960669815538,5664,2,octagram
599,66.13402768542774,20.029255217553413,10863,5,text_en_1919
600,25.572512081369716,66.70100721205192,9621,5,text_en_1919
601,45.07410630748574,23.343795767017017,5792,2,octagram
602,41.20343358679571,66.50337940203566,5047,2,octagram
603,61.040994853915144,6.657076772459271,2800,0,outer_ring
604,44.331614553000016,9.074158475687952,1553,0,outer_ring
605,56.080880662684095,6.386470622636253,2392,0,outer_ring
606,18.85350190673364,35.63912905948108,10796,5,text_en_1919
607,25.5685002546,40.930103635565864,3869,1,inner_ring
608,74.04071990991932,52.180731572757686,6485,2,octagram
609,22.384534926079503,38.40735498688894,10726,5,text_en_1919
610,32.49223928461769,41.94872565795742,5436,2,octagram
611,22.829228110385127,51.30056521464215,10199,5,text_en_1919
612,39.22095149895417,21.753064770245178,10858,5,text_en_1919
613,51.3638433627639,7.417443826470612,1928,0,outer_ring
614,33.0598575531792,28.961987931650604,3965,1,inner_ring
615,68.349489823636,31.749007416124165,6166,2,octagram
616,44.72226076988291,20.52031064482641,4058,1,inner_ring
617,56.517674180793165,6.4130276140911,2443,0,outer_ring
618,52.2802220363056,5.645270465822688,2025,0,outer_ring
619,54.72404770373303,27.38932108863128,4126,1,inner_ring
620,48.23682403387819,5.763289797770998,1730,0,outer_ring
621,49.87904352486209,18.303812706355494,4093,1,inner_ring
622,44.527807054856524,12.029351577313484,11127,5,text_en_1919
623,77.66982291176946,59.64335814577093,4457,2,octagram
624,81.21776637139878,46.532016292416735,4414,1,inner_ring
625,85.9329638997252,39.783835645870965,10698,5,text_en_1919
626,87.12979927476728,59.06864272010896,9857,5,text_en_1919
627,51.68981625110165,25.112650178327495,7558,3,stroke_nan
628,79.69411022425132,36.232355567593935,4338,1,inner_ring
629,48.89417062160387,89.94178533525888,650,0,outer_ring
630,80.17586050432968,40.26734021723104,4369,1,inner_ring
631,53.99703768577876,90.31949650945761,304,0,outer_ring
632,52.29524834342026,89.87562926602803,409,0,outer_ring
633,48.68377963439185,60.14933501989857,6621,3,stroke_nan
634,46.11207992297884,88.94913627256261,853,0,outer_ring
635,60.39315471591568,85.58371907840574,8642,5,text_en_1919
636,66.97796133904573,83.9808771677958,8774,5,text_en_1919
637,44.29710615630973,88.91967461680223,975,0,outer_ring
638,48.763315455312835,89.68496209884218,666,0,outer_ring
639,43.857027303035444,85.07866546435989,8706,5,text_en_1919
640,55.85398893714574,68.60131430087206,4798,2,octagram
641,52.156408576352504,89.28752584285286,421,0,outer_ring
642,40.80101853170894,61.85281887477946,5096,2,octagram
643,37.38737056160292,61.70378791045062,5125,2,octagram
644,28.378284428917944,57.20284041430561,5243,2,octagram
645,51.860551076444764,83.55358914877114,8677,5,text_en_1919
646,62.379841301009066,85.96620877152246,8653,5,text_en_1919
647,66.6191372679259,68.67033738758516,4627,2,octagram
648,54.181406429868446,86.05100024444195,299,0,outer_ring
649,62.269054123250285,61.39836662161635,7598,4,stroke_kai
650,72.71582166660579,75.44588778596426,9372,5,text_en_1919
651,57.87024394075512,51.80606097596498,7925,4,stroke_kai
652,68.8019683156378,83.39370875176213,8784,5,text_en_1919
653,66.23445561796645,69.46296213867545,4639,2,octagram
654,73.73997439205682,50.18047044851556,6470,2,octagram
655,55.41770268754371,89.22071596322758,246,0,outer_ring
656,65.48635333254579,45.983201125746795,8156,4,stroke_kai
657,59.35885976464089,50.297263609737996,7996,4,stroke_kai
658,60.89433326932621,71.99916878413772,4730,2,octagram
659,80.73652756885576,55.41962734540766,3284,1,inner_ring
660,55.384010978392325,67.95732739426487,4808,2,octagram
661,92.02787488020063,46.05565985851075,10507,5,text_en_1919
662,64.74687123851751,42.17287212346622,8314,4,stroke_kai
663,85.42437197514207,58.56792162937021,9917,5,text_en_1919
664,62.535871063466075,56.700910925349355,7737,4,stroke_kai
665,86.99088098393052,53.94684662587396,10092,5,text_en_1919
666,64.08916171053349,39.39312155078738,8415,4,stroke_kai
667,74.2165583100361,45.93880388393516,6420,2,octagram
668,84.12980974607486,42.01635317391056,10657,5,text_en_1919
669,55.771253049139865,44.17160494085177,8268,4,stroke_kai
670,55.05230913030759,5.666024180313928,2274,0,outer_ring
671,46.90354351586291,45.67111038755016,7181,3,stroke_nan
672,89.42884599891228,48.71785447042508,10337,5,text_en_1919
673,74.04907829720035,59.38638921096837,4499,2,octagram
674,80.52919743008303,45.51318574117396,4406,1,inner_ring
675,67.12332759807077,41.100850059823884,8346,4,stroke_kai
676,64.92370061226059,42.57067235494509,8312,4,stroke_kai
677,67.42744720780674,39.24573692560886,8387,4,stroke_kai
678,56.55412451002549,35.88077676152769,8573,4,stroke_kai
679,47.55224115069306,5.534447871784395,1698,0,outer_ring
680,46.368297857413275,24.610580643161168,5839,2,octagram
681,39.80413420257367,33.78462710043708,5642,2,octagram
682,55.63457280052478,5.653657592216139,2335,0,outer_ring
683,47.150298914830415,44.35220657745598,7276,3,stroke_nan
684,55.6034312317594,7.066242585452978,2337,0,outer_ring
685,53.4330536200242,27.736199382479203,5883,2,octagram
686,44.77150981675143,6.9760633553851745,1578,0,outer_ring
687,60.33421328080351,55.35294691029707,7787,4,stroke_kai
688,60.29098363330979,36.23026858389444,8516,4,stroke_kai
689,56.01038844556529,5.508003184462759,2381,0,outer_ring
690,60.54986445096345,7.980955787217006,2787,0,outer_ring
691,60.21543822699378,19.717809748641788,4161,1,inner_ring
692,57.707375221681815,15.040999584924034,11133,5,text_en_1919
693,46.67926645812317,6.659992730315361,1648,0,outer_ring
694,66.21349720041661,8.789875744225105,3091,0,outer_ring
695,57.010419209503176,5.963989641427368,2486,0,outer_ring
696,58.541156717359335,14.801189403064908,11162,5,text_en_1919
697,60.06409546373171,7.800232814380304,2756,0,outer_ring
698,66.52820294869647,8.030898668565426,3094,0,outer_ring
699,86.61940317988643,42.18011158246113,10671,5,text_en_1919
700,85.64992553892199,48.2903738448048,10364,5,text_en_1919
701,68.10567661978824,32.67576098545686,6168,2,octagram
702,49.81870980884336,25.50974914882084,7557,3,stroke_nan
703,80.53007775654461,40.692497888058945,4371,1,inner_ring
704,62.778096145322685,20.419260048155937,4186,1,inner_ring
705,60.8291942479072,20.006323983809768,4170,1,inner_ring
706,90.56456658934509,60.105017315902465,9852,5,text_en_1919
707,58.88335241970202,86.31546327109271,8626,5,text_en_1919
708,37.82201253482082,87.82000683320493,1237,0,outer_ring
709,49.37091086965603,89.23739435569517,619,0,outer_ring
710,53.463167064112056,88.93545175349557,342,0,outer_ring
711,41.35450231258615,89.17475142152587,1101,0,outer_ring
712,43.64334821959544,89.07378128248843,1012,0,outer_ring
713,50.993290966974726,59.86669841445464,6619,3,stroke_nan
714,64.49672460717635,89.22737645168472,27,0,outer_ring
715,32.4933694712421,61.372003766620615,5179,2,octagram
716,46.5739372681212,89.92091564357906,803,0,outer_ring
717,26.38673296259761,61.23217636301505,9839,5,text_en_1919
718,26.65111563002853,52.41824870563161,3796,1,inner_ring
719,33.20706682043112,61.87283322114459,5169,2,octagram
720,23.957916462489674,52.32829786291367,10148,5,text_en_1919
721,26.910857563402754,53.57217768245613,3784,1,inner_ring
722,36.56996139146016,34.34848701370864,5605,2,octagram
723,17.984859611093245,41.337658922029746,10635,5,text_en_1919
724,26.95791373199158,41.75343724814263,3867,1,inner_ring
725,26.85709628612113,43.5774489780038,3852,1,inner_ring
726,23.208126484923113,68.52927264639216,9522,5,text_en_1919
727,51.447064691241856,6.616452000402241,1945,0,outer_ring
728,39.43007846943328,34.20367399956947,5634,2,octagram
729,40.756237706067736,57.4033925056078,6672,3,stroke_nan
730,39.60337125019365,45.99247792734817,7171,3,stroke_nan
731,46.27169244254629,53.18425796589008,6827,3,stroke_nan
732,42.29109394098793,64.56266060681253,5070,2,octagram
733,52.108091566484156,50.141162870687296,6975,3,stroke_nan
734,54.10194992870877,80.66461769331136,8941,5,text_en_1919
735,57.230382533848,46.7297205570324,8118,4,stroke_kai
736,32.80361044289713,83.44610931919524,1346,0,outer_ring
737,47.207041533715056,84.73146163364343,8595,5,text_en_1919
738,43.793404351055706,89.07376414273992,1002,0,outer_ring
739,51.18576418898393,48.233081419822675,7035,3,stroke_nan
740,49.58131671590907,23.442486495168666,5864,2,octagram
741,51.28654197467729,5.062743195226145,1943,0,outer_ring
742,55.215939667430526,5.366372330117634,2286,0,outer_ring
743,46.145564632722255,49.45951549591247,7022,3,stroke_nan
744,49.900533236405,24.204835813727474,5865,2,octagram
745,57.73812754082233,7.421875763354562,2560,0,outer_ring
746,66.97606992634205,7.208703954675941,3102,0,outer_ring
747,30.339647679917075,42.077261944531756,5449,2,octagram
748,46.92045396800524,40.460470700645,7397,3,stroke_nan
749,29.442784044083048,36.847348101693406,5519,2,octagram
750,34.80285909008225,26.1065457551721,3985,1,inner_ring
751,52.606444485549424,44.526693555072875,7200,3,stroke_nan
752,41.85413619947223,49.8373933921254,6942,3,stroke_nan
753,34.42753093949354,46.474059733521905,5385,2,octagram
754,46.679648363419325,11.447123848764534,11246,5,text_en_1919
755,52.0020355488747,16.1860507200288,11107,5,text_en_1919
756,28.366364882584623,35.05450417383245,3909,1,inner_ring
757,51.36052221678125,7.095753534213414,1934,0,outer_ring
758,60.20391898478572,25.78547880450828,5985,2,octagram
759,39.035264164419004,14.037236805821962,11233,5,text_en_1919
760,50.06101601035847,35.489674187708964,7507,3,stroke_nan
761,65.48660809002169,8.238038417346631,3055,0,outer_ring
762,68.20304371118047,8.424175129105901,3145,0,outer_ring
763,56.95060808754127,10.923032716893498,11327,5,text_en_1919
764,59.573082783754465,69.97975287625441,4755,2,octagram
765,60.15155607619578,23.768715204243087,5995,2,octagram
766,54.37089377340372,75.702123393783,3525,1,inner_ring
767,31.318333967456045,59.89687069137627,5196,2,octagram
768,60.88701180597727,53.95448144957386,7835,4,stroke_kai
769,52.317757820610474,44.83573703390263,7199,3,stroke_nan
770,45.72241004847058,73.53941958722015,4945,2,octagram
771,82.1257007777518,46.359368459426754,10454,5,text_en_1919
772,55.92270359474057,67.08717325998414,4807,2,octagram
773,81.39002798017208,43.75877309628854,4394,1,inner_ring
774,47.644278106922386,88.56197435133912,753,0,outer_ring
775,62.85275497947281,80.74717905141198,9040,5,text_en_1919
776,62.073441153572126,83.64226463341821,8793,5,text_en_1919
777,40.16529170671197,86.03997753635787,1193,0,outer_ring
778,48.94711676998786,82.36878793644009,8833,5,text_en_1919
779,46.477978978676376,90.41181404709322,804,0,outer_ring
780,37.15951716268138,86.40302883042756,1269,0,outer_ring
781,62.383815507576614,88.49143841667058,42,0,outer_ring
782,39.84375289129089,87.81168727988393,1180,0,outer_ring
783,39.27942423169003,72.49758998221812,3629,1,inner_ring
784,27.194848882122155,70.13041413915178,9545,5,text_en_1919
785,41.56884923847087,65.09268936310784,5063,2,octagram
786,18.618663002025876,39.83149125635594,10712,5,text_en_1919
787,46.56531146756789,49.0684275171636,7023,3,stroke_nan
788,51.548372963755774,88.14749413910855,476,0,outer_ring
789,49.296670664538,90.49096053200161,613,0,outer_ring
790,58.772440330843445,81.5160193860991,8919,5,text_en_1919
791,71.56879540567405,83.77934324249372,2,0,outer_ring
792,77.74100679475708,78.15016932348908,9285,5,text_en_1919
793,72.41285088062702,67.14485787097792,3386,1,inner_ring
794,63.18609483987428,55.27418446143063,7805,4,stroke_kai
795,53.01890988794648,20.975572728038916,4111,1,inner_ring
796,62.44110159403205,71.2535858676693,4718,2,octagram
797,63.45151666350905,77.70711158458427,9223,5,text_en_1919
798,62.78584403559275,73.33494399258204,4705,2,octagram
799,69.23745225141755,62.43421859386153,4556,2,octagram
800,79.66944529935537,58.1691106655102,4431,2,octagram
801,89.43919468344222,62.57520729223468,9721,5,text_en_1919
802,92.78900954387206,43.107295407190485,10550,5,text_en_1919
803,84.82329316555592,68.71244997168606,9525,5,text_en_1919
804,75.74363279673307,58.76913194964116,4476,2,octagram
805,73.4356106010825,64.48194080521652,4530,2,octagram
806,87.71415665223437,55.62705407674994,9987,5,text_en_1919
807,74.4516281040148,49.89646197273171,6472,2,octagram
808,76.8633950750378,33.268685251722225,4316,1,inner_ring
809,71.40202600216584,8.638033937052052,3186,0,outer_ring
810,91.14558535323312,48.79616913515228,10264,5,text_en_1919
811,60.523435110185346,42.148409514398764,8323,4,stroke_kai
812,60.53293978160995,21.30315527944445,4173,1,inner_ring
813,87.5535406599103,39.47781711317433,10704,5,text_en_1919
814,92.1550081996362,49.85135947050232,10207,5,text_en_1919
815,66.31348931787102,44.10468819014453,8227,4,stroke_kai
816,90.99717462774558,48.57014848404268,10303,5,text_en_1919
817,92.62594676333984,41.87579242833333,10596,5,text_en_1919
818,86.2689340441526,40.48129109334929,10696,5,text_en_1919
819,70.98839956646337,33.94047373432417,6204,2,octagram
820,76.6090041014946,30.899595311500367,4296,1,inner_ring
821,47.003393278248396,42.31440390206595,7313,3,stroke_nan
822,58.59140592973675,6.209114732716932,2622,0,outer_ring
823,55.60320621868931,5.465605687929626,2331,0,outer_ring
824,48.436754290828105,7.818428898378313,1726,0,outer_ring
825,58.01021117482948,6.738331530854032,2576,0,outer_ring
826,55.73252900676233,5.752025419612551,2349,0,outer_ring
827,58.20951027707092,25.842434146583464,5957,2,octagram
828,69.1991527762565,23.953194614777928,4230,1,inner_ring
829,51.02032885305929,5.898745598128131,1908,0,outer_ring
830,63.62771789146869,6.813424915915836,2963,0,outer_ring
831,66.3623264828318,7.550641477186788,3083,0,outer_ring
832,45.25699639783173,7.311227554593436,1587,0,outer_ring
833,61.720775652259604,8.81030628857223,2864,0,outer_ring
834,62.99562820146481,7.945717844300924,2935,0,outer_ring
835,46.682760500781,6.2830785892867045,1653,0,outer_ring
836,57.17238617415703,7.107420870548599,2513,0,outer_ring
837,67.79627852659662,26.15399520357317,6107,2,octagram
838,64.33532219502291,8.610620251956684,3015,0,outer_ring
839,49.30992557002074,46.44764081706863,7121,3,stroke_nan
840,92.55897829627037,48.118732701605296,10415,5,text_en_1919
841,72.87115089425232,50.44609536677818,7965,4,stroke_kai
842,85.46704653866107,58.21615862055327,9958,5,text_en_1919
843,62.39205024693708,7.062231954644693,2893,0,outer_ring
844,64.17522690636685,49.529633711344545,8016,4,stroke_kai
845,55.653693771117155,6.612327836147782,2342,0,outer_ring
846,48.85088091704658,15.066261584223103,10976,5,text_en_1919
847,40.93142094554266,42.923892127676716,7354,3,stroke_nan
848,77.88360601821262,64.68890664605723,3347,1,inner_ring
849,61.3782271446152,89.00556757902967,54,0,outer_ring
850,40.62381356250345,88.36043005155932,1143,0,outer_ring
851,42.92397089232805,89.01860749439703,1044,0,outer_ring
852,51.7159100296934,89.23388442063917,453,0,outer_ring
853,56.73051885278492,90.08931120680208,178,0,outer_ring
854,47.60923400437436,88.85614814133883,749,0,outer_ring
855,59.94204252151361,83.36053831951781,8761,5,text_en_1919
856,32.456749975543154,72.2857448459109,9438,5,text_en_1919
857,44.47097910441954,80.9476995367759,8969,5,text_en_1919
858,60.21154501365859,81.64331556150924,8933,5,text_en_1919
859,23.830737213464072,55.94969898411637,10006,5,text_en_1919
860,15.652924648487922,46.362512602759374,10589,5,text_en_1919
861,30.088063007159104,64.208059503413,9671,5,text_en_1919
862,31.45529600207049,61.39989280913672,5184,2,octagram
863,16.817585004264497,43.044020965598236,10580,5,text_en_1919
864,18.95889033967584,41.48834568045531,10617,5,text_en_1919
865,27.169386931995096,38.103489244282855,3891,1,inner_ring
866,25.869114915930105,48.16940100180049,3820,1,inner_ring
867,38.1823644138948,29.902453835802397,5677,2,octagram
868,19.365841908876984,48.366812561371454,10360,5,text_en_1919
869,43.81726237403678,25.305066618330954,5748,2,octagram
870,38.41319472553634,46.958698835093415,7062,3,stroke_nan
871,56.5719118180679,25.57335345059294,5946,2,octagram
872,62.165336007480285,89.30914699617995,44,0,outer_ring
873,55.84827341780734,49.29327876918716,7976,4,stroke_kai
874,69.02972973706898,63.32311205451947,4569,2,octagram
875,33.19432832885028,48.55479551188795,5343,2,octagram
876,47.186419979613525,88.98591477397882,773,0,outer_ring
877,62.157183599474,77.07712098304417,9281,5,text_en_1919
878,71.29445534594694,34.939337560053914,6210,2,octagram
879,50.11868020183779,75.1533166115765,3554,1,inner_ring
880,40.63173191772297,64.00904511770355,5079,2,octagram
881,42.4308878992106,72.51606071066603,4981,2,octagram
882,37.289167246233234,9.890115146346059,1446,0,outer_ring
883,48.19417911101108,47.11166700036882,7113,3,stroke_nan
884,45.506015178338515,58.05625549762716,6647,3,stroke_nan
885,59.013073995256605,49.65894406671508,8022,4,stroke_kai
886,59.13802467745207,70.4266758594276,4759,2,octagram
887,58.033154979902335,5.504683835916612,2570,0,outer_ring
888,44.085342432162065,22.504100713090686,5783,2,octagram
889,54.12933193530133,20.793026854859104,4120,1,inner_ring
890,44.03787878609095,48.85929270089044,7007,3,stroke_nan
891,34.44125120352614,33.53427814462761,5587,2,octagram
892,47.844709865420825,41.3544076473718,7323,3,stroke_nan
893,65.57668836324581,50.75336809396172,7982,4,stroke_kai
894,51.171459791151534,49.823684390030074,6986,3,stroke_nan
895,47.223618442570185,21.836664524666944,5824,2,octagram
896,50.01453815341904,12.560550142062718,11195,5,text_en_1919
897,57.49977950038796,26.69943963796796,5954,2,octagram
898,59.69828448266807,7.356276201041484,2723,0,outer_ring
899,49.95658852991436,9.5159868130398,11316,5,text_en_1919
900,63.45063908365493,7.267255273000069,2957,0,outer_ring
901,57.59520084371908,45.61821514536095,8126,4,stroke_kai
902,45.43563879402068,7.939648442038774,1590,0,outer_ring
903,51.92878676624234,5.786672167843162,1995,0,outer_ring
904,51.21910715585776,15.978969594096668,11140,5,text_en_1919
905,58.76489026762564,4.641818252489113,2623,0,outer_ring
906,52.22231078065452,35.58613181523799,7505,3,stroke_nan
907,46.83702323317349,9.439897803977274,11343,5,text_en_1919
908,68.8477389679721,48.1046374063965,6449,2,octagram
909,43.56016584585224,54.170256465864995,6761,3,stroke_nan
910,48.226539807474786,89.84356191265775,700,0,outer_ring
911,74.08558839319178,27.94285195591595,4270,1,inner_ring
912,53.19759218359025,67.61959003341266,4841,2,octagram
913,51.8749839494098,44.83190402443883,7205,3,stroke_nan
914,40.20037465724135,75.56047108836177,9371,5,text_en_1919
915,61.392881048375756,52.56148043154411,7898,4,stroke_kai
916,45.3212139200663,59.71976050523795,6608,3,stroke_nan
917,51.469430414388555,89.5854848434801,473,0,outer_ring
918,44.021575507398346,87.93975624558156,1006,0,outer_ring
919,34.74846553916135,84.42307287550936,1322,0,outer_ring
920,45.47201556588701,89.78375074648001,884,0,outer_ring
921,44.74318381400624,89.75900449421493,928,0,outer_ring
922,65.89606854003185,70.43070175266485,4645,2,octagram
923,46.208297759248254,89.43923001641448,840,0,outer_ring
924,21.318996135074123,69.59415945765723,1387,0,outer_ring
925,39.2457417948312,50.19783282181622,6958,3,stroke_nan
926,51.94527173923674,75.30274924558277,3541,1,inner_ring
927,19.543621085958744,50.95937425779257,10184,5,text_en_1919
928,33.51479583637179,35.725351350564665,5569,2,octagram
929,19.451093786237156,40.41012990392285,10636,5,text_en_1919
930,58.64894004909087,84.58463043634296,8704,5,text_en_1919
931,47.88677980687126,89.99297682001506,714,0,outer_ring
932,52.05745725069973,89.40355603155365,434,0,outer_ring
933,65.78779298612382,79.60372764589678,9139,5,text_en_1919
934,61.95466677972606,60.24217516735358,7611,4,stroke_kai
935,65.65053736933493,70.36656816599255,4655,2,octagram
936,51.88465155844172,88.91965289520267,441,0,outer_ring
937,49.528650990487336,85.21105358642997,8609,5,text_en_1919
938,67.32168096000342,47.13686671164922,8074,4,stroke_kai
939,64.5042243217163,73.92775358391252,4696,2,octagram
940,32.537539558072545,82.54283072587599,1354,0,outer_ring
941,84.53770269196791,69.19882500050441,9521,5,text_en_1919
942,62.46509394668122,54.77402897806538,7794,4,stroke_kai
943,83.57352693096058,73.17212689838935,9424,5,text_en_1919
944,82.19342998625545,51.1199291640518,3250,1,inner_ring
945,61.89976245367685,49.307913894144995,7998,4,stroke_kai
946,88.0049498875794,47.59527743957009,10427,5,text_en_1919
947,89.8556472208703,48.470917187310455,10356,5,text_en_1919
948,68.70697909957705,40.44362819396133,8367,4,stroke_kai
949,73.31108536137961,61.179393518601366,4514,2,octagram
950,40.71795894973996,10.044354936788043,1476,0,outer_ring
951,45.053172246866986,55.50270085079064,6767,3,stroke_nan
952,93.51901994150188,44.64556126163464,10529,5,text_en_1919
953,68.62520571979238,44.062180634903186,8224,4,stroke_kai
954,89.85782532181574,40.928969555259386,10620,5,text_en_1919
955,88.4171955628988,40.77850967534892,10672,5,text_en_1919
956,83.16678750935702,68.71747154899502,9586,5,text_en_1919
957,81.91080450545064,54.15994188784805,3272,1,inner_ring
958,59.98204189825488,68.78167427085614,4765,2,octagram
959,77.6272049669823,59.68387734979757,4460,2,octagram
960,59.35091295157174,4.377093098066207,2678,0,outer_ring
961,53.44588736200559,5.007203698177889,2122,0,outer_ring
962,64.16883538607125,35.66722311798602,8515,4,stroke_kai
963,56.50132618408237,10.386213112410493,11334,5,text_en_1919
964,65.85990794641242,23.617453724563312,6063,2,octagram
965,53.85226541772509,6.623758793390544,2165,0,outer_ring
966,40.39193646267633,35.51193645673826,5639,2,octagram
967,55.038359676095205,75.88422345620826,3521,1,inner_ring
968,61.15906272721734,6.921020037676081,2813,0,outer_ring
969,41.48342770771336,30.451507645308418,5680,2,octagram
970,51.441682847290586,6.200436816337029,1947,0,outer_ring
971,44.44499181951182,22.197924686699228,4055,1,inner_ring
972,46.693329842843156,7.145453288821765,1645,0,outer_ring
973,43.14961552458843,45.918545873868666,7136,3,stroke_nan
974,60.2476171992167,5.522301792061682,2741,0,outer_ring
975,50.837157543773934,10.825620121180938,1854,0,outer_ring
976,45.499432587471574,39.304185621765996,7438,3,stroke_nan
977,60.54689929825742,7.703607860435463,2783,0,outer_ring
978,51.752555796382225,5.342251918363886,1980,0,outer_ring
979,66.61118564613092,6.980648324931115,3085,0,outer_ring
980,69.52925712346631,8.673640155878163,3170,0,outer_ring
981,77.35120461854298,31.811706390798225,4308,1,inner_ring
982,76.5999993725918,35.879067287751575,6267,2,octagram
983,86.77230266705952,47.41776285401405,10425,5,text_en_1919
984,80.1979944004485,37.03326666689676,6311,2,octagram
985,65.4860817909657,7.614393176904394,3049,0,outer_ring
986,69.00730018275922,33.447738993648976,6177,2,octagram
987,62.91708308297189,16.956673508543062,10917,5,text_en_1919
988,46.245493361622245,4.953218198178266,1643,0,outer_ring
989,68.01758395896061,31.58573804650322,6160,2,octagram
990,76.16995056386179,65.00348371867608,3354,1,inner_ring
991,46.673482442889814,88.17094387181852,822,0,outer_ring
992,67.6810509019839,77.06665962768689,9296,5,text_en_1919
993,36.14461455075908,85.90064695549128,1297,0,outer_ring
994,50.574783616874434,89.90288177122545,532,0,outer_ring
995,41.14328705927359,71.03505368531701,4998,2,octagram
996,29.61870264245726,76.05106785055825,9335,5,text_en_1919
997,51.9103519955782,48.91615060263852,7019,3,stroke_nan
998,45.64938466454961,53.817426261105695,6777,3,stroke_nan
999,43.127878781157946,72.43925996084221,4976,2,octagram
1000,20.9939773954933,59.941384381251964,9906,5,text_en_1919
1001,22.647405201555447,58.14981720915283,9915,5,text_en_1919
1002,18.74452899125487,42.25757816265539,10600,5,text_en_1919
1003,27.7305992530026,57.981447307263544,3750,1,inner_ring
1004,24.274929931995185,64.73498111227708,9699,5,text_en_1919
1005,15.646452078067027,51.96987186230371,10209,5,text_en_1919
1006,19.92368324690033,60.195601407006855,9913,5,text_en_1919
1007,21.199883416746776,50.24183596965214,10225,5,text_en_1919
1008,10.528208490346367,44.749125167972075,1401,0,outer_ring
1009,30.93444175509209,40.4484087858502,5461,2,octagram
1010,30.484307682010154,36.30189806620418,5535,2,octagram
1011,26.18820111241629,66.08349707684305,9630,5,text_en_1919
1012,51.51435412330993,14.378162976150024,11241,5,text_en_1919
1013,50.42755614752996,70.53981786318263,4882,2,octagram
1014,58.895934551626425,84.37179673136657,8738,5,text_en_1919
1015,40.3500558060463,33.28735793756532,5645,2,octagram
1016,48.7363146345235,88.04444957731369,679,0,outer_ring
1017,45.15025674665925,73.60522880680153,4953,2,octagram
1018,60.26960988128045,86.91115437646627,8613,5,text_en_1919
1019,39.95927461864711,25.55622624454749,4020,1,inner_ring
1020,60.06373188162212,56.61816106346124,7764,4,stroke_kai
1021,51.49208043131456,89.41516727282146,472,0,outer_ring
1022,69.61643445433542,62.505614518042144,4552,2,octagram
1023,53.216147916879734,82.66003671412965,8747,5,text_en_1919
1024,52.02258456385525,53.1011439889914,6870,3,stroke_nan
1025,39.54626249989027,65.89088469412978,5067,2,octagram
1026,65.87770547517584,35.91924681632948,8523,4,stroke_kai
1027,42.37662127823935,43.53859162548268,7281,3,stroke_nan
1028,43.599918599640056,19.811862182203445,4056,1,inner_ring
1029,45.69019625034237,37.60196524857759,7484,3,stroke_nan
1030,47.98588355686282,42.660261609039324,7265,3,stroke_nan
1031,45.09320698918567,8.200703343387776,1580,0,outer_ring
1032,39.8889064135465,16.485356739070518,11039,5,text_en_1919
1033,14.95017968645129,40.2729487154282,10661,5,text_en_1919
1034,42.539477761431506,43.628297437970616,7283,3,stroke_nan
1035,42.53400338786192,47.17127197793311,7109,3,stroke_nan
1036,29.009079546005527,50.18722237042884,3805,1,inner_ring
1037,37.51528965426883,35.82330203271848,5610,2,octagram
1038,19.295442273919726,37.91072227511901,10762,5,text_en_1919
1039,26.516981930570573,36.55826146899644,3898,1,inner_ring
1040,43.505433062660515,12.802543129252305,11139,5,text_en_1919
1041,60.69297748295796,5.828404191470288,2777,0,outer_ring
1042,42.48177441249304,26.32331928572951,5731,2,octagram
1043,60.21686360074512,5.086291098831498,2736,0,outer_ring
1044,68.89825429820745,19.113661763633235,10864,5,text_en_1919
1045,65.34971847304529,54.479395049594714,7817,4,stroke_kai
1046,46.606633816748875,30.365428652272,5706,2,octagram
1047,49.31444729084338,8.774353968472367,11338,5,text_en_1919
1048,57.582152956140504,58.20248864555702,7639,4,stroke_kai
1049,59.641147335619955,80.86430631844071,8965,5,text_en_1919
1050,48.10809906465292,82.13622488308576,8813,5,text_en_1919
1051,47.08313161425425,47.304155943711336,7075,3,stroke_nan
1052,72.20918733812637,24.756742564161524,4252,1,inner_ring
1053,57.490751130241954,75.25683004508679,3502,1,inner_ring
1054,85.29030460740205,46.17479552949193,10458,5,text_en_1919
1055,57.557777214994296,89.58014952789428,142,0,outer_ring
1056,44.78375474555453,87.39230881645894,962,0,outer_ring
1057,67.74505434697666,64.95844371585817,4586,2,octagram
1058,52.12771474656521,76.84597501355239,9216,5,text_en_1919
1059,54.04055657831465,89.77443230426233,302,0,outer_ring
1060,50.58642682561374,89.73526433751967,533,0,outer_ring
1061,49.29765801609407,89.2914642397717,625,0,outer_ring
1062,46.76336951139392,89.23530208776202,800,0,outer_ring
1063,69.75890635622667,71.52634203942479,3415,1,inner_ring
1064,38.1332972974988,86.53155995646034,1240,0,outer_ring
1065,39.34790055492338,86.8714481610576,1206,0,outer_ring
1066,36.24898314711748,86.8423439685969,1284,0,outer_ring
1067,22.729339292209495,60.18585832965907,9880,5,text_en_1919
1068,43.75890576425859,74.2176054126773,4961,2,octagram
1069,29.93176890475254,39.12281595751612,5478,2,octagram
1070,35.245716581898755,60.59958439081779,5157,2,octagram
1071,29.361190246739046,50.723058828039775,3803,1,inner_ring
1072,53.56457460074289,87.50109821707231,337,0,outer_ring
1073,50.29939513876006,89.50515310124756,551,0,outer_ring
1074,68.0866599950495,62.81917608012948,4570,2,octagram
1075,63.98237852610926,80.80637655371545,9051,5,text_en_1919
1076,58.20001289672529,90.71980683054335,129,0,outer_ring
1077,54.594539384922065,85.82268784069218,8580,5,text_en_1919
1078,57.49745411796067,68.5047867848931,4786,2,octagram
1079,43.01817195935619,78.85770592794077,9090,5,text_en_1919
1080,63.733263173650776,49.33950598483981,8007,4,stroke_kai
1081,85.96156113122805,48.489704313186955,10366,5,text_en_1919
1082,51.68486097567206,71.72371990367513,4870,2,octagram
1083,78.00260456363584,53.97847164198987,6527,2,octagram
1084,76.06408598716239,75.05493740564488,9380,5,text_en_1919
1085,89.35999813195006,52.947569144435334,10113,5,text_en_1919
1086,68.2940976870515,48.98395425492767,8011,4,stroke_kai
1087,89.76509600552933,58.24493225031893,9904,5,text_en_1919
1088,70.41345245190028,73.57253980681867,9414,5,text_en_1919
1089,63.41351045065252,53.158526717862905,7892,4,stroke_kai
1090,82.96087179693143,55.54919955224702,3280,1,inner_ring
1091,85.2845643708594,66.62711979461265,9662,5,text_en_1919
1092,55.93547007551582,6.2724225615741265,2378,0,outer_ring
1093,76.09981040802333,35.45404964428488,6258,2,octagram
1094,63.33197534825212,74.18658677984008,3458,1,inner_ring
1095,89.45294968293064,46.54085426655213,10466,5,text_en_1919
1096,90.69752438528467,57.52456133929149,9897,5,text_en_1919
1097,75.72871640402896,45.38613974489764,6400,2,octagram
1098,77.5531768967548,53.77114633619155,6526,2,octagram
1099,81.64811938768571,38.65621916031285,4358,1,inner_ring
1100,79.26012753786756,37.64835904906423,6316,2,octagram
1101,72.9485036185771,35.667065511695455,6222,2,octagram
1102,89.89462971295755,36.35045913013171,10779,5,text_en_1919
1103,85.5820159209502,39.23217850562887,10700,5,text_en_1919
1104,68.33837266994954,7.899424974734063,3138,0,outer_ring
1105,47.738788658855356,6.104596746604234,1703,0,outer_ring
1106,68.31999686745893,37.90908166531989,8388,4,stroke_kai
1107,54.38513191710917,39.17751444731582,5907,2,octagram
1108,56.700832983958556,34.90871086411607,8548,4,stroke_kai
1109,45.85311788805134,7.5944929587624435,1609,0,outer_ring
1110,59.82276346775494,14.612007031154889,11181,5,text_en_1919
1111,51.679882076445125,7.16030477579431,1965,0,outer_ring
1112,53.73390676221558,5.375293139301762,2154,0,outer_ring
1113,64.07386620820564,6.77395692870219,2983,0,outer_ring
1114,46.37911129503464,5.781225363718653,1639,0,outer_ring
1115,47.5250759055055,13.079063696909962,11191,5,text_en_1919
1116,66.47930781332995,38.30523991094922,8444,4,stroke_kai
1117,63.153211790001,5.65238841215235,2919,0,outer_ring
1118,53.68083643589787,6.431674532583257,2148,0,outer_ring
1119,49.33873816585686,15.967382896189259,10940,5,text_en_1919
1120,55.832305649183496,4.571239877143826,2357,0,outer_ring
1121,79.69098457772677,31.806448231031634,4318,1,inner_ring
1122,57.146129456067676,7.274484428332936,2509,0,outer_ring
1123,81.12594545340217,27.222535266606137,10800,5,text_en_1919
1124,88.48347368515756,49.64051040690297,10298,5,text_en_1919
1125,88.2489695995219,56.998470684675866,9933,5,text_en_1919
1126,80.29724994138992,57.745420044708865,6573,2,octagram
1127,79.89572237324103,42.9397185660731,4386,1,inner_ring
1128,69.07024964809696,33.706474605275126,6176,2,octagram
1129,65.32057135635507,6.506095303646003,3035,0,outer_ring
1130,50.97263642415971,39.0059301050105,7443,3,stroke_nan
1131,47.27458125850216,15.421646451042397,10949,5,text_en_1919
1132,61.370081655193914,53.487992774407815,7887,4,stroke_kai
1133,28.685448577877896,78.91839605250605,9308,5,text_en_1919
1134,55.145706344799585,83.10330279944856,8758,5,text_en_1919
1135,32.4880474904529,83.53464061250281,1350,0,outer_ring
1136,45.15836122437158,89.660866948658,900,0,outer_ring
1137,52.61001273131808,87.8598787018608,396,0,outer_ring
1138,66.83879227196458,84.1542146554635,8764,5,text_en_1919
1139,35.15537117133912,84.14701530663241,1318,0,outer_ring
1140,47.601958368510175,89.23586648014968,742,0,outer_ring
1141,33.17479779770844,70.61336521741987,9484,5,text_en_1919
1142,39.58672938189297,52.25941364355012,6926,3,stroke_nan
1143,27.143381338638914,51.17548514432892,3802,1,inner_ring
1144,42.51273069036714,73.2391380433063,4971,2,octagram
1145,29.07232967047328,57.72596795898832,5242,2,octagram
1146,15.338162367884022,36.68512964848335,10766,5,text_en_1919
1147,29.745416708321684,54.66104776726022,5273,2,octagram
1148,31.595241952161537,64.02564632502273,3704,1,inner_ring
1149,20.956945143609058,41.654325237651506,10603,5,text_en_1919
1150,28.521737763880015,34.36707073451205,3915,1,inner_ring
1151,47.590852919730374,48.17263832450056,7027,3,stroke_nan
1152,19.03451923467899,49.30195988414696,10278,5,text_en_1919
1153,29.93463861369954,13.773887498296565,1416,0,outer_ring
1154,34.82769509171347,58.88757736177592,5160,2,octagram
1155,51.24868894979787,7.740003838283314,1915,0,outer_ring
1156,44.582367388059545,88.31663558700554,959,0,outer_ring
1157,54.26669972351652,88.97770990828737,289,0,outer_ring
1158,49.7181450958714,80.36939936594479,9044,5,text_en_1919
1159,57.44156448584678,88.4152436889218,144,0,outer_ring
1160,59.97448832732316,75.62701810581552,3488,1,inner_ring
1161,48.39053550646013,88.84569037036565,696,0,outer_ring
1162,56.92020211939112,88.50911453563296,162,0,outer_ring
1163,54.46597514528399,83.23827481207333,8695,5,text_en_1919
1164,47.49657735304989,62.014308234611796,6589,3,stroke_nan
1165,59.99787249548149,41.7564059004505,8333,4,stroke_kai
1166,47.639180094092566,56.15613046479085,6715,3,stroke_nan
1167,43.27960502148038,24.320894025283412,5758,2,octagram
1168,46.99227066875289,52.22470915133655,6867,3,stroke_nan
1169,48.820156338502656,90.37376540557871,652,0,outer_ring
1170,45.37597354104947,6.476469623684395,1599,0,outer_ring
1171,61.000774355579324,24.978610769910993,5991,2,octagram
1172,43.591787450558606,7.50820450411014,1540,0,outer_ring
1173,43.27179515069488,45.88976755203622,7144,3,stroke_nan
1174,40.95312731840562,27.913952837032028,5711,2,octagram
1175,35.68374903888665,34.713738046559676,5596,2,octagram
1176,28.906621351372557,40.99714285976387,5467,2,octagram
1177,34.5518822063865,47.047489625406804,5377,2,octagram
1178,49.97644230937278,55.55099443082404,6737,3,stroke_nan
1179,20.14928043053182,40.89979761845739,10618,5,text_en_1919
1180,48.70951708861883,22.32723159973572,5851,2,octagram
1181,41.162605406473546,31.59209655983168,5668,2,octagram
1182,42.62862862461109,6.651418189379567,1518,0,outer_ring
1183,49.33839297029266,81.90567838281154,8903,5,text_en_1919
1184,48.265623568411975,7.027873765656346,1722,0,outer_ring
1185,65.49235368295498,8.28975952707594,3057,0,outer_ring
1186,48.90897468332709,53.78835929236583,6786,3,stroke_nan
1187,52.790804270991416,4.790457288731928,2067,0,outer_ring
1188,55.231071445865695,6.42677537993778,2290,0,outer_ring
1189,55.76479652885975,5.184974496171663,2351,0,outer_ring
1190,47.40052339796553,5.45308890089394,1686,0,outer_ring
1191,53.32717981175139,6.214720963406447,2110,0,outer_ring
1192,49.251271639930195,78.22714858799131,9253,5,text_en_1919
1193,81.89008485581392,50.808356930320784,3246,1,inner_ring
1194,60.62800948546747,71.86421550156395,4732,2,octagram
1195,82.85382662410586,41.43084313904788,10656,5,text_en_1919
1196,46.56114536424963,57.38100368173964,6661,3,stroke_nan
1197,56.33583918239589,46.06730670041158,8136,4,stroke_kai
1198,53.61736950669072,6.206895608104423,2143,0,outer_ring
1199,87.55857716861232,56.52832771716112,9957,5,text_en_1919
1200,60.282829924271155,71.45878738453335,4736,2,octagram
1201,48.11896645954124,89.0786450462857,712,0,outer_ring
1202,37.09729072710054,85.21532943191633,1282,0,outer_ring
1203,50.49646318571702,89.71668076538042,537,0,outer_ring
1204,43.75016416694734,84.99028558297992,8705,5,text_en_1919
1205,34.388673110884895,83.28614104588074,1334,0,outer_ring
1206,67.56028188238477,86.66880534658287,10,0,outer_ring
1207,49.17526339478731,71.32418569131565,4899,2,octagram
1208,39.76404338083866,57.253779719343186,6668,3,stroke_nan
1209,47.46461072910614,87.62879789674048,769,0,outer_ring
1210,52.25166765316962,90.41864927795783,410,0,outer_ring
1211,22.51471674538051,46.47246249401408,10516,5,text_en_1919
1212,31.14819444912613,41.58638097309057,5448,2,octagram
1213,44.83407336012044,47.94155341052711,7040,3,stroke_nan
1214,41.088164633385944,87.95429019080645,1125,0,outer_ring
1215,69.8440994934712,78.2181139300726,9311,5,text_en_1919
1216,56.03297806009452,90.08478160698513,205,0,outer_ring
1217,81.45476678520605,68.5268050202624,9554,5,text_en_1919
1218,76.05077126422547,78.68288496582733,9236,5,text_en_1919
1219,44.44052627002395,87.22278471866252,989,0,outer_ring
1220,66.34851855331678,65.92538385539616,4597,2,octagram
1221,63.49825265483595,75.00800485024142,3459,1,inner_ring
1222,78.41486206622722,76.92049879729161,9315,5,text_en_1919
1223,62.95542417910517,72.49738344869685,4708,2,octagram
1224,56.471546744340664,56.81382798392489,7696,4,stroke_kai
1225,55.70416764991127,74.38824483737454,3515,1,inner_ring
1226,85.73638066183938,57.21160379795498,9970,5,text_en_1919
1227,76.29885534132957,55.11787057209576,6528,2,octagram
1228,90.10074958580091,52.82351271525634,10114,5,text_en_1919
1229,81.25100326655719,67.82112946916061,9563,5,text_en_1919
1230,80.27899824312415,58.73065328187024,4428,2,octagram
1231,77.6606204424419,67.23793642668787,9546,5,text_en_1919
1232,90.59019136638743,53.07226200853349,10105,5,text_en_1919
1233,85.80065441059145,61.76692833301279,9766,5,text_en_1919
1234,40.819843551566215,23.067941357801228,4034,1,inner_ring
1235,59.55247421798931,51.56743660287308,7953,4,stroke_kai
1236,57.18017209540763,74.30144092265589,3506,1,inner_ring
1237,43.24721166742812,6.778649479371788,1535,0,outer_ring
1238,46.6915086931141,12.714812521942251,11200,5,text_en_1919
1239,69.53774844383105,23.343077278503166,4229,1,inner_ring
1240,71.84170236890746,61.08763213340642,4533,2,octagram
1241,62.47292953402557,85.56869807168972,8663,5,text_en_1919
1242,47.6388276177489,33.7208578487767,7572,3,stroke_nan
1243,74.73302369887621,49.19860923490013,6465,2,octagram
1244,57.495750972062986,10.05782754260137,11340,5,text_en_1919
1245,76.53329148690993,49.31668715503984,3239,1,inner_ring
1246,50.66375785475646,6.029588427304207,1878,0,outer_ring
1247,57.43250698459449,6.712172105613625,2529,0,outer_ring
1248,63.692003026416145,14.002578979480669,11145,5,text_en_1919
1249,51.719684700991785,7.201303965590578,1970,0,outer_ring
1250,57.08183598817224,5.268520140190666,2488,0,outer_ring
1251,48.293680268298196,12.661002096145415,11192,5,text_en_1919
1252,53.299014350330914,7.984222957549505,2101,0,outer_ring
1253,44.76121630042092,16.863168264556464,10918,5,text_en_1919
1254,65.02985647227739,7.508536525341758,3034,0,outer_ring
1255,58.6519047056252,7.036793658721707,2641,0,outer_ring
1256,66.79991116725805,18.33374904003937,10896,5,text_en_1919
1257,62.40366758592082,5.814393858320952,2870,0,outer_ring
1258,47.087041191455995,15.198466697883406,10960,5,text_en_1919
1259,54.466197564291086,5.589100537025838,2227,0,outer_ring
1260,58.05002584128704,7.589962870778274,2592,0,outer_ring
1261,61.42874163005884,4.905918912026871,2807,0,outer_ring
1262,62.442779431020504,16.30990793264017,10999,5,text_en_1919
1263,62.06458699081975,5.41669726192978,2845,0,outer_ring
1264,68.32155269160344,36.04881102259435,8472,4,stroke_kai
1265,48.70210530229967,11.786546540366537,11237,5,text_en_1919
1266,75.38862740050092,49.243747733285566,6466,2,octagram
1267,60.9081835123154,57.993891409730026,7711,4,stroke_kai
1268,89.37193360988057,48.93349192012612,10300,5,text_en_1919
1269,80.78839066839477,25.066888708775473,10816,5,text_en_1919
1270,73.33422954362135,35.68676953439127,6227,2,octagram
1271,65.9468926459472,25.141423067795767,6081,2,octagram
1272,52.06073979461237,5.899333364400945,2008,0,outer_ring
1273,55.70124670933276,76.72175841788307,3516,1,inner_ring
1274,61.95182732643307,55.38725805104619,7795,4,stroke_kai
1275,47.92434495047189,88.0099813987635,729,0,outer_ring
1276,49.366214374175655,89.28068430373274,618,0,outer_ring
1277,41.58832083558078,86.96658145059939,1119,0,outer_ring
1278,65.51017687410574,81.91292773014887,8887,5,text_en_1919
1279,56.9120711685427,89.59381374313276,166,0,outer_ring
1280,40.64453511448674,87.67410276927274,1153,0,outer_ring
1281,45.7697997531523,88.94078875659194,875,0,outer_ring
1282,35.93034700153737,85.6887310482003,1303,0,outer_ring
1283,51.17040835578636,77.29277769721952,3547,1,inner_ring
1284,24.30404965611484,68.15523151006356,9535,5,text_en_1919
1285,44.042002354372414,78.76098640096967,9127,5,text_en_1919
1286,17.734685294804354,55.3370769969511,9991,5,text_en_1919
1287,30.4827235950041,41.23663907783156,5455,2,octagram
1288,18.825361610987297,47.090741613443356,10476,5,text_en_1919
1289,21.084087860798544,54.83322387728825,10003,5,text_en_1919
1290,17.52363099177866,37.660251196629055,10774,5,text_en_1919
1291,33.10113651206853,37.099108459387686,5556,2,octagram
1292,29.25123553546268,39.144898994294174,5482,2,octagram
1293,24.30594768589537,65.1424843753854,9695,5,text_en_1919
1294,33.84044022350958,27.415220487410018,3979,1,inner_ring
1295,42.873700020241046,43.05150076404371,7318,3,stroke_nan
1296,14.343184928140351,55.014729066242374,1395,0,outer_ring
1297,52.16086770426942,79.04940371978857,9129,5,text_en_1919
1298,55.23886908095735,56.04573826264885,7723,4,stroke_kai
1299,44.05063902825737,27.784352571349636,5722,2,octagram
1300,66.3248375438848,69.13665232361674,4631,2,octagram
1301,41.452609472557235,65.76369100784444,5054,2,octagram
1302,75.49194387337334,78.60100029040818,9235,5,text_en_1919
1303,87.16251288295095,53.66843153497743,10102,5,text_en_1919
1304,52.72986812279118,47.64533596425079,7108,3,stroke_nan
1305,48.947555034506834,89.7957132809877,648,0,outer_ring
1306,55.17327419074095,88.66534935699117,255,0,outer_ring
1307,67.6388135450648,72.71388107451973,3433,1,inner_ring
1308,52.088646977991246,7.478720599234206,2002,0,outer_ring
1309,55.22362897344122,6.454541099496421,2289,0,outer_ring
1310,49.12400631318245,16.759441090966316,10933,5,text_en_1919
1311,44.38206343917616,73.09006120320174,4957,2,octagram
1312,65.89529896078888,41.35805485582921,8358,4,stroke_kai
1313,53.9686912648461,6.576277440875547,2176,0,outer_ring
1314,40.10742079039432,45.66240891208502,7192,3,stroke_nan
1315,43.86401600795581,23.635610856525798,5782,2,octagram
1316,59.91455558621622,19.900178432565657,4158,1,inner_ring
1317,20.771820388579908,41.62998948273424,10611,5,text_en_1919
1318,39.522230314928294,23.435737436878316,4026,1,inner_ring
1319,30.87138900477758,55.8869362404147,5269,2,octagram
1320,41.9668219899739,46.634840825828505,7101,3,stroke_nan
1321,14.847621448717597,50.049596761634206,10242,5,text_en_1919
1322,46.88233448347998,14.859543058223368,10937,5,text_en_1919
1323,32.36718174692674,9.992073175687837,1425,0,outer_ring
1324,51.35548241115717,41.956420392923256,7290,3,stroke_nan
1325,48.77255968027363,13.877402467721819,11014,5,text_en_1919
1326,45.2304809673608,14.82029888839867,11000,5,text_en_1919
1327,47.19898453935848,6.997552655347718,1665,0,outer_ring
1328,45.51001866395294,13.99669499033985,11081,5,text_en_1919
1329,69.9623662998374,32.24645406894885,6180,2,octagram
1330,66.52634376141164,19.232409443446073,10876,5,text_en_1919
1331,81.03592871216529,21.500878589480646,10850,5,text_en_1919
1332,66.8669892099883,9.38552364264092,3116,0,outer_ring
1333,48.538417967793244,38.433796117846825,7450,3,stroke_nan
1334,47.92858029285676,55.85984868548227,6762,3,stroke_nan
1335,65.50498560968136,50.118607586048185,7984,4,stroke_kai
1336,73.10435422737376,60.307810388511676,4518,2,octagram
1337,93.53502592709292,48.42126047844131,10378,5,text_en_1919
1338,45.35672346836387,73.35603314146552,4950,2,octagram
1339,52.60591277318222,86.7389766850971,402,0,outer_ring
1340,77.01749554356705,52.80377320788435,6506,2,octagram
1341,40.89342342690251,51.05266434959315,6949,3,stroke_nan
1342,55.828600218297325,90.1043257620775,221,0,outer_ring
1343,46.431871084179164,89.41981767039717,823,0,outer_ring
1344,45.61562102996524,87.25290790690829,907,0,outer_ring
1345,66.66634777057575,84.16692110202244,8742,5,text_en_1919
1346,40.56611260142662,73.96692056256633,3610,1,inner_ring
1347,57.145949679153276,87.59644799705279,155,0,outer_ring
1348,51.749389076893756,85.48958605077499,8610,5,text_en_1919
1349,47.360753217868385,89.72664577331587,756,0,outer_ring
1350,65.47378988260466,73.45076602509478,4687,2,octagram
1351,45.14071597090903,72.55877384121897,4943,2,octagram
1352,61.294185031966435,84.36886734817342,8731,5,text_en_1919
1353,54.07141083421958,5.715782430710953,2188,0,outer_ring
1354,27.12084930992672,50.07604042087088,3808,1,inner_ring
1355,35.791844627380115,69.14683274182853,3663,1,inner_ring
1356,54.82207419352448,82.34377168865997,8804,5,text_en_1919
1357,32.28404729789185,86.22779938643772,1340,0,outer_ring
1358,47.093071445259945,88.61736736342412,783,0,outer_ring
1359,56.70020985629348,89.65091921172666,179,0,outer_ring
1360,66.05834724586205,78.8632072557639,9169,5,text_en_1919
1361,63.54379023438035,73.586477649681,4702,2,octagram
1362,73.62208727747363,68.78694006140033,3387,1,inner_ring
1363,62.422866175700214,53.811893281874504,7845,4,stroke_kai
1364,90.13958182398342,62.03108140145337,9735,5,text_en_1919
1365,54.46065930889221,84.50939656393761,8659,5,text_en_1919
1366,66.88692186551205,70.43442015753685,4642,2,octagram
1367,83.0212869307552,80.2415857134432,0,0,outer_ring
1368,55.55196346408865,67.86589829676704,4809,2,octagram
1369,57.10283673842281,57.3801722268217,7690,4,stroke_kai
1370,88.25517298688929,60.55939952988128,9815,5,text_en_1919
1371,81.09068102576173,56.61627625872034,3289,1,inner_ring
1372,48.2897936916658,70.67034015036589,4908,2,octagram
1373,88.45072314924671,54.85897726611922,10037,5,text_en_1919
1374,79.94606828043108,57.27723678328104,6570,2,octagram
1375,89.93371476408765,53.32709895156127,10076,5,text_en_1919
1376,81.7213634451658,50.61244556451994,3244,1,inner_ring
1377,56.810985822475736,47.96777391192696,8084,4,stroke_kai
1378,79.99467595223112,47.80702241622216,3230,1,inner_ring
1379,48.756269298202376,23.207216013234735,5856,2,octagram
1380,54.04528357133309,5.622604371519933,2186,0,outer_ring
1381,81.32129402317823,65.51436166827445,9667,5,text_en_1919
1382,53.534677622667495,19.256567125516877,4116,1,inner_ring
1383,90.80302638505384,44.831202385231066,10530,5,text_en_1919
1384,63.04980358326872,46.81249699496136,8111,4,stroke_kai
1385,65.43045584350413,46.65605446856013,8123,4,stroke_kai
1386,54.39148158727225,6.030637257343907,2219,0,outer_ring
1387,89.3934744721849,46.16684699827642,10472,5,text_en_1919
1388,47.911966326575765,50.742187861195056,6957,3,stroke_nan
1389,51.721261969867236,58.71873408837998,6628,3,stroke_nan
1390,63.47423061250334,7.134150423356736,2956,0,outer_ring
1391,58.725942477760285,6.274650162856565,2639,0,outer_ring
1392,38.54850844797709,8.627730290374842,1457,0,outer_ring
1393,52.911404713793026,38.50466163364439,7440,3,stroke_nan
1394,46.778892785310184,24.438944212727964,5845,2,octagram
1395,57.72467754475726,6.211818806517563,2552,0,outer_ring
1396,52.66112961107391,5.759910199933112,2053,0,outer_ring
1397,65.76192808998908,6.4000294752658755,3047,0,outer_ring
1398,52.55365283663211,3.744821747809507,2049,0,outer_ring
1399,53.79684692721317,11.782490484817787,2151,0,outer_ring
1400,65.98734927636146,21.924194388268155,4203,1,inner_ring
1401,48.477307489786035,7.499980392777809,1729,0,outer_ring
1402,64.07574030186214,5.369301517691368,2969,0,outer_ring
1403,58.432955914591105,13.37364104416517,11264,5,text_en_1919
1404,50.09919539552225,6.915399644889724,1824,0,outer_ring
1405,71.48674716773581,11.112030691697083,3199,0,outer_ring
1406,45.726865223604584,38.65559129811872,7471,3,stroke_nan
1407,55.71201191335471,17.449603593848952,10979,5,text_en_1919
1408,71.88382978235676,36.040230926825174,6218,2,octagram
1409,74.87504828953509,50.0468469776887,6474,2,octagram
1410,61.371546034712416,58.385773612020316,7703,4,stroke_kai
1411,59.74243624712679,5.4174605588280755,2707,0,outer_ring
1412,60.027381560797544,5.9912425256237,2729,0,outer_ring
1413,70.7570864792677,7.748749553445236,3178,0,outer_ring
1414,52.32969364923583,8.026017246231984,2016,0,outer_ring
1415,56.91081007799017,5.847538544548097,2473,0,outer_ring
1416,78.4901664123844,55.700515392692886,6546,2,octagram
1417,62.05619759007589,84.77133061820963,8721,5,text_en_1919
1418,55.1857799230117,91.95784213024531,257,0,outer_ring
1419,31.584977581575956,65.48787555760153,3696,1,inner_ring
1420,45.59604451615415,88.5119535580696,890,0,outer_ring
1421,40.32404237293347,89.31167589026583,1141,0,outer_ring
1422,43.94556322208849,87.92564029302066,1013,0,outer_ring
1423,50.31221762281788,75.54384117435087,3551,1,inner_ring
1424,42.0350622216937,88.88130159582035,1076,0,outer_ring
1425,40.03119394176191,71.56458216352519,3626,1,inner_ring
1426,32.9404913606703,28.994455548225382,3964,1,inner_ring
1427,21.976628992957288,65.78712152676458,9681,5,text_en_1919
1428,33.710820971802,74.53727780637884,9392,5,text_en_1919
1429,22.873510322584,68.74326532720026,9507,5,text_en_1919
1430,36.13658752515461,61.86782149793553,5138,2,octagram
1431,31.454308386551382,36.895642853934795,5547,2,octagram
1432,19.95569044998964,47.46356404996287,10490,5,text_en_1919
1433,33.997167214315596,44.59331371537268,5405,2,octagram
1434,52.09040510620858,35.74820780172266,7504,3,stroke_nan
1435,35.381733251540396,25.173496941885002,3993,1,inner_ring
1436,21.18077666147216,51.96861869084593,10158,5,text_en_1919
1437,44.97701720685343,43.78963047775413,7284,3,stroke_nan
1438,38.742192489977704,23.540235094371504,4019,1,inner_ring
1439,52.23166589497522,59.96793235895773,6616,3,stroke_nan
1440,56.090484419227494,90.51371380478662,203,0,outer_ring
1441,48.47848741541501,57.66323163730106,6718,3,stroke_nan
1442,52.75225177647155,41.395115963471085,7374,3,stroke_nan
1443,47.646505552439834,47.869240204135075,7045,3,stroke_nan
1444,59.181453285513726,48.272888563342654,8050,4,stroke_kai
1445,49.27222437860699,89.78688897154267,621,0,outer_ring
1446,48.27914457360614,89.6019159471539,698,0,outer_ring
1447,53.00701103477127,75.92068845546568,3533,1,inner_ring
1448,45.847401813690176,46.261583709761034,7161,3,stroke_nan
1449,62.22178660402069,52.874348989503375,7891,4,stroke_kai
1450,57.340683977714235,5.348156820637703,2515,0,outer_ring
1451,54.73762063286846,68.56872027156837,4812,2,octagram
1452,73.4214868342689,72.23753251319245,9430,5,text_en_1919
1453,52.12884476511998,40.6505311692703,7407,3,stroke_nan
1454,41.94754254362113,56.263632435115014,6741,3,stroke_nan
1455,39.18445196010333,49.65698689757791,5362,2,octagram
1456,77.57371745144866,32.40648636494397,4311,1,inner_ring
1457,39.4642419206922,45.66706736236138,7188,3,stroke_nan
1458,27.792680887840667,35.67032754781532,3904,1,inner_ring
1459,39.567374104608895,13.27276981000721,11245,5,text_en_1919
1460,41.93729420589896,22.82305847503467,4041,1,inner_ring
1461,67.91717617134228,14.035841939092139,11090,5,text_en_1919
1462,48.993887825828864,41.06335299189095,7335,3,stroke_nan
1463,55.45324413604456,33.882065957084535,8561,4,stroke_kai
1464,37.413327307805154,34.72565910474961,5616,2,octagram
1465,30.348214618865686,42.94501794131772,5434,2,octagram
1466,55.61782081913594,4.494410755658173,2330,0,outer_ring
1467,57.782595929011336,10.399057995064169,11330,5,text_en_1919
1468,54.41157245017551,5.417655006895549,2222,0,outer_ring
1469,51.81464545402938,47.11325418649362,7086,3,stroke_nan
1470,63.75717589416716,7.1584767957330975,2975,0,outer_ring
1471,66.6776024020541,26.697094180132982,6109,2,octagram
1472,49.35157704289355,14.143212816705026,11024,5,text_en_1919
1473,61.36823914577099,5.2913648446941925,2808,0,outer_ring
1474,55.651415151349646,21.31803343645084,4131,1,inner_ring
1475,64.13997371571716,36.934517627459606,8483,4,stroke_kai
1476,59.957675883772225,89.18813362484532,81,0,outer_ring
1477,80.53577863848122,64.97691636200878,9688,5,text_en_1919
1478,85.46731601526015,57.29218598731577,9965,5,text_en_1919
1479,56.661550018550436,50.266784980582884,7968,4,stroke_kai
1480,80.31475021944114,66.33656199677156,9643,5,text_en_1919
1481,78.32727761142588,55.034137152159836,6543,2,octagram
1482,48.429716780461604,89.93452381137186,683,0,outer_ring
1483,56.331237320131265,67.80962176897744,4801,2,octagram
1484,41.69455548802914,70.33933282735204,5005,2,octagram
1485,47.79091367960902,80.43647658145231,9203,5,text_en_1919
1486,48.58840561233878,53.458147112509735,6789,3,stroke_nan
1487,29.141413999395937,58.715954072513924,5225,2,octagram
1488,46.43453892545825,89.89663808571207,818,0,outer_ring
1489,50.728566774044644,88.6009103220288,527,0,outer_ring
1490,59.04153118248292,88.42673460235667,101,0,outer_ring
1491,39.964244644318015,87.51023641073712,1179,0,outer_ring
1492,37.21248725067138,70.17736291513825,3650,1,inner_ring
1493,33.190829430786586,65.13838418771411,3691,1,inner_ring
1494,27.81234542990046,61.800989699172725,3728,1,inner_ring
1495,30.403192921283882,61.48810564619574,3725,1,inner_ring
1496,26.392693943385453,71.7684453824191,9454,5,text_en_1919
1497,30.380661519562864,53.585320899836944,5283,2,octagram
1498,47.250574726172594,87.63403462366684,784,0,outer_ring
1499,58.80157588153143,82.3160660237874,8850,5,text_en_1919
1500,57.878887431792236,78.05216800190135,9207,5,text_en_1919
1501,66.93566071617988,80.21198814065612,9052,5,text_en_1919
1502,57.773534143839036,70.66225478087115,4772,2,octagram
1503,51.77192124342005,89.91851617947529,444,0,outer_ring
1504,89.91550848735686,63.14249568814751,9725,5,text_en_1919
1505,76.77772018094414,73.55518638858415,9398,5,text_en_1919
1506,63.11575594830001,88.25718425697576,38,0,outer_ring
1507,63.26162337501238,45.8184811140906,8160,4,stroke_kai
1508,62.177130895741,56.72698137999945,7735,4,stroke_kai
1509,61.43263333618029,64.63824095319303,4767,2,octagram
1510,92.30859752074414,48.21343444665071,10377,5,text_en_1919
1511,88.17438729519563,61.56270446296013,9768,5,text_en_1919
1512,62.26412540420631,57.74413759975498,7694,4,stroke_kai
1513,59.48287930426159,59.14842854395601,7631,4,stroke_kai
1514,63.75063057059191,57.58193141561653,7730,4,stroke_kai
1515,81.12231946455225,68.05752169219951,9547,5,text_en_1919
1516,77.62496111617783,61.72640970669103,3332,1,inner_ring
1517,78.9545890134207,59.61834608460609,4446,2,octagram
1518,55.870548369709205,6.665309827694583,2371,0,outer_ring
1519,57.34504929725233,47.32854933322771,8097,4,stroke_kai
1520,69.10272082066246,46.881728216701205,6443,2,octagram
1521,86.72735836005451,49.49185295049834,10294,5,text_en_1919
1522,59.8908816061208,14.767410941671429,11163,5,text_en_1919
1523,63.59778960188414,22.929309477983757,6039,2,octagram
1524,87.58320571203149,58.69504613564437,9889,5,text_en_1919
1525,56.69844206618091,58.46213455024057,7654,4,stroke_kai
1526,86.28639867717902,54.4578972836999,10071,5,text_en_1919
1527,48.83355492264256,5.678536776168089,1762,0,outer_ring
1528,67.67494374786246,30.906756136400748,6155,2,octagram
1529,52.32630544446431,5.733696399810923,2030,0,outer_ring
1530,69.53452536535083,20.931685848590625,4221,1,inner_ring
1531,56.64940650012061,20.244431142273015,4139,1,inner_ring
1532,51.846931748972345,42.05265118813179,7280,3,stroke_nan
1533,62.65032128243111,7.0110538572084415,2907,0,outer_ring
1534,41.9487080608291,44.67153795905686,7270,3,stroke_nan
1535,67.40488133570796,9.616944444614328,3132,0,outer_ring
1536,45.36155157445247,7.341642121513061,1591,0,outer_ring
1537,58.10431887467781,16.711150610349044,11018,5,text_en_1919
1538,65.29053145825894,14.439129740481347,11113,5,text_en_1919
1539,41.628414420964226,6.754418288308334,1502,0,outer_ring
1540,62.80476063165599,6.868195789959925,2912,0,outer_ring
1541,48.588950823717084,6.715773599873747,1744,0,outer_ring
1542,48.44151304134488,15.316322783083674,10961,5,text_en_1919
1543,59.72205342545378,11.301946801554239,11311,5,text_en_1919
1544,54.20450239540285,5.776127958135515,2202,0,outer_ring
1545,68.13650112473412,8.514151095086268,3140,0,outer_ring
1546,59.12136143165886,15.722001210718886,11066,5,text_en_1919
1547,72.81881056098374,9.50321862658867,3203,0,outer_ring
1548,68.69291317561256,8.429699630083164,3153,0,outer_ring
1549,66.38544281964026,7.26695521570856,3076,0,outer_ring
1550,79.5414683738859,37.855854495683936,6321,2,octagram
1551,86.6464797291052,62.10742443883654,9777,5,text_en_1919
1552,66.54608441298369,40.24969784536518,8392,4,stroke_kai
1553,74.64173579786258,47.00354213089809,6426,2,octagram
1554,56.924395285783625,6.365784688576191,2481,0,outer_ring
1555,70.85244862130644,23.12268930947666,4236,1,inner_ring
1556,52.87151805783393,46.76044172880153,7154,3,stroke_nan
1557,55.99863565594702,22.068432599534606,4134,1,inner_ring
1558,90.32904784118672,58.95190083185465,9890,5,text_en_1919
1559,53.718564145101425,89.82934732842575,324,0,outer_ring
1560,38.26779676704834,86.06601128870719,1241,0,outer_ring
1561,47.20085680279347,88.85922289214564,774,0,outer_ring
1562,46.7406068190053,87.8865597484803,820,0,outer_ring
1563,47.383085505985676,87.97074350990324,771,0,outer_ring
1564,40.71757686223496,88.70631460733729,1131,0,outer_ring
1565,45.021553861791446,73.10991511989546,4949,2,octagram
1566,39.767157236155754,68.32870709146606,5042,2,octagram
1567,63.48493813505014,14.452319398331337,11136,5,text_en_1919
1568,33.526785156658974,47.86998480463689,5352,2,octagram
1569,53.52723345809637,68.00519767747329,4839,2,octagram
1570,36.58706573445367,46.67809878940918,7163,3,stroke_nan
1571,32.48155624202571,29.41025067739122,3961,1,inner_ring
1572,22.066135049809738,37.61723770601599,10753,5,text_en_1919
1573,17.67019066546969,42.88940497575735,10599,5,text_en_1919
1574,18.606502292269028,47.600065750841104,10435,5,text_en_1919
1575,40.72259607521258,27.01550833604535,5720,2,octagram
1576,30.894496739756715,36.96399372188163,5540,2,octagram
1577,28.210747635352284,57.20827413898966,3755,1,inner_ring
1578,27.65980605247408,56.480364560117586,3760,1,inner_ring
1579,41.427130686252525,24.462407034185137,5754,2,octagram
1580,51.80462850158152,90.50871106089846,440,0,outer_ring
1581,44.348032664485984,47.61224382731797,7081,3,stroke_nan
1582,41.02761518126074,56.94543634740854,6700,3,stroke_nan
1583,53.97836495623526,28.002909183912706,5890,2,octagram
1584,39.50730474947271,57.775466785573585,6669,3,stroke_nan
1585,60.18085327131224,74.74120718002209,3483,1,inner_ring
1586,72.93052881908089,62.29187623508629,4524,2,octagram
1587,56.561684680648796,74.69471373342003,3510,1,inner_ring
1588,61.15438952623712,71.47678866012491,4733,2,octagram
1589,46.26690826904493,90.84783610460143,816,0,outer_ring
1590,78.2807534347299,59.42339124687279,4453,2,octagram
1591,79.94977646980836,36.55531451345484,4344,1,inner_ring
1592,45.209554842355054,55.2060963419292,6766,3,stroke_nan
1593,60.76550994701935,8.738108256422887,2804,0,outer_ring
1594,48.47707392593102,60.08271637851011,6638,3,stroke_nan
1595,56.96985964653267,44.23365095398435,8235,4,stroke_kai
1596,44.915285958884944,73.14232603008936,4954,2,octagram
1597,51.38868809106011,12.64235304304573,1895,0,outer_ring
1598,40.912993164598724,27.568462130618236,5709,2,octagram
1599,53.0663074446466,83.41959564052299,8694,5,text_en_1919
1600,50.34770997108218,7.879000360247105,1841,0,outer_ring
1601,34.12105756737066,46.07384143664263,5387,2,octagram
1602,34.641818818702596,49.338011932105054,5345,2,octagram
1603,47.23474632000399,21.852040963738723,5832,2,octagram
1604,36.677145499710086,46.90391133325786,7098,3,stroke_nan
1605,29.351257061610376,40.35667356005399,5473,2,octagram
1606,41.92574152676621,24.219941625009724,5755,2,octagram
1607,29.988983192341266,11.889297533504326,1419,0,outer_ring
1608,56.234775990329496,5.09940533760363,2405,0,outer_ring
1609,44.2120165461723,8.908633474879615,1552,0,outer_ring
1610,45.32302498054472,36.19836895347369,7532,3,stroke_nan
1611,46.270628883338716,39.38069351107548,7422,3,stroke_nan
1612,56.77769314233679,41.50337421281237,8350,4,stroke_kai
1613,63.07081913031026,22.366149129546717,4191,1,inner_ring
1614,52.47701668447355,57.60639498474072,6641,3,stroke_nan
1615,51.48721362224081,37.47403824594541,7462,3,stroke_nan
1616,66.3159228518683,30.91717973299426,8557,4,stroke_kai
1617,66.75357675120435,7.0281401023443,3092,0,outer_ring
1618,55.66777640337283,18.27545874016098,10965,5,text_en_1919
1619,50.13653543817236,69.29455330056516,4878,2,octagram
1620,49.23043638143188,81.93952529931548,8880,5,text_en_1919
1621,65.24023503931639,24.276350112863884,6069,2,octagram
1622,50.39085545749348,90.01036210069013,540,0,outer_ring
1623,75.90688086448374,44.34276169232956,6390,2,octagram
1624,81.73148897568967,47.29096070428593,3226,1,inner_ring
1625,80.45334725534086,68.40416421426674,9520,5,text_en_1919
1626,37.86069159250601,70.21664772681534,3647,1,inner_ring
1627,32.79799849662802,84.68384792970978,1342,0,outer_ring
1628,47.930602501605016,91.39215838694476,705,0,outer_ring
1629,42.84346633135311,88.21658875875484,1057,0,outer_ring
1630,39.14565542980058,87.33250041753324,1207,0,outer_ring
1631,33.74583535291757,83.47102432402689,1341,0,outer_ring
1632,45.36748792274825,87.76847142333402,918,0,outer_ring
1633,43.65953234833247,89.89687554311111,997,0,outer_ring
1634,56.81970175419483,87.6143433138304,163,0,outer_ring
1635,39.96216639838408,40.505765177237976,7400,3,stroke_nan
1636,38.42280369288419,61.85168629604165,5116,2,octagram
1637,20.801672889618747,43.53625019136134,10566,5,text_en_1919
1638,43.161443433144875,65.91736000163803,6580,3,stroke_nan
1639,21.588560534978825,66.44856213828137,9638,5,text_en_1919
1640,47.65182842758838,87.77944596649557,758,0,outer_ring
1641,66.55523504369658,70.12901959129351,4643,2,octagram
1642,45.542715982155975,91.17287359643538,859,0,outer_ring
1643,59.953922227176825,70.6926103698371,4744,2,octagram
1644,70.71827109623494,79.29110378782069,9184,5,text_en_1919
1645,65.95169517684704,61.65627618485408,7619,4,stroke_kai
1646,65.56826459627925,54.18594705056398,7788,4,stroke_kai
1647,60.41128153677792,57.26444141145511,7712,4,stroke_kai
1648,49.90226355381786,70.28242597013163,4884,2,octagram
1649,64.75805241185071,44.62537099647103,8216,4,stroke_kai
1650,54.616833718020054,80.89862702512886,8918,5,text_en_1919
1651,56.53703642619459,48.726609699802545,8003,4,stroke_kai
1652,86.85022277043636,68.81941448186087,9530,5,text_en_1919
1653,64.2958882911478,73.11459330091468,4697,2,octagram
1654,92.44413342834969,49.32745372092787,10234,5,text_en_1919
1655,67.70429943053904,65.43623546563845,4591,2,octagram
1656,91.49594711500244,48.90361651593957,10265,5,text_en_1919
1657,84.49849017533667,71.98176625912033,9453,5,text_en_1919
1658,89.84771641690362,49.92589545618132,10220,5,text_en_1919
1659,79.39829361940367,60.54913891944518,3317,1,inner_ring
1660,42.99819138313019,62.230297475001855,6601,3,stroke_nan
1661,76.7961680539238,41.2148093960883,6356,2,octagram
1662,79.3016776223241,38.8212572645477,6333,2,octagram
1663,44.582685157173145,89.58294864526971,941,0,outer_ring
1664,90.57367215742352,47.46454724820721,10413,5,text_en_1919
1665,85.37569379988061,66.8267771088523,9574,5,text_en_1919
1666,91.13028776276495,55.83543365403127,10019,5,text_en_1919
1667,55.99141197342308,57.53144113468862,7676,4,stroke_kai
1668,80.60150039941057,41.56711709234113,4377,1,inner_ring
1669,58.203489055840144,30.089294042389252,5968,2,octagram
1670,46.44318091102023,14.79364793021515,10947,5,text_en_1919
1671,57.74869755225527,25.518182109609167,5955,2,octagram
1672,51.4506917351316,33.341505631426934,7540,3,stroke_nan
1673,49.31504291569564,5.566626271871757,1783,0,outer_ring
1674,41.158277416629126,7.5287371723122165,1490,0,outer_ring
1675,48.4089965981508,7.434694963001926,1727,0,outer_ring
1676,52.62643654116755,43.2605737563955,7358,3,stroke_nan
1677,53.231831144435716,39.858761554042076,7424,3,stroke_nan
1678,47.68552752119984,50.76799077667326,6900,3,stroke_nan
1679,50.11689488934957,5.676744020185072,1840,0,outer_ring
1680,60.08500769985423,38.40127207852653,8463,4,stroke_kai
1681,57.0648216667165,5.614770869925855,2490,0,outer_ring
1682,50.800521594701834,34.94492856860293,7506,3,stroke_nan
1683,54.10338856420642,5.506935204773235,2192,0,outer_ring
1684,56.45710964645413,17.32048349934179,10980,5,text_en_1919
1685,50.638568474056235,5.93657369828742,1877,0,outer_ring
1686,61.25843635290095,5.593790489737202,2803,0,outer_ring
1687,57.61328804788241,11.908875084771728,11299,5,text_en_1919
1688,70.78367282339254,25.109731180587378,4243,1,inner_ring
1689,81.29491560435706,26.340605488163238,10808,5,text_en_1919
1690,62.78587333394585,4.590179990167417,2886,0,outer_ring
1691,52.21987463815912,6.567351897143768,2015,0,outer_ring
1692,62.432943807154274,23.290540765344602,6018,2,octagram
1693,89.96149568714506,48.51173137625711,10338,5,text_en_1919
1694,84.63183290012141,59.9864684111003,9841,5,text_en_1919
1695,58.677528233549985,6.013263845918289,2633,0,outer_ring
1696,51.133228006762536,6.474344540430439,1914,0,outer_ring
1697,81.4550242914375,43.970550396287784,4396,1,inner_ring
1698,56.30100606499358,14.394033237074812,11161,5,text_en_1919
1699,50.809266624341994,42.024859877152764,7314,3,stroke_nan
1700,60.504483205644874,59.85998632550584,7648,4,stroke_kai
1701,42.29670047487445,87.87372509894256,1078,0,outer_ring
1702,49.604849684105936,87.18626511811514,620,0,outer_ring
1703,53.050642415941454,89.06885529861049,368,0,outer_ring
1704,71.17070996945922,79.75827370169841,9126,5,text_en_1919
1705,40.47090190674027,88.16168597171978,1154,0,outer_ring
1706,41.311189358416975,86.34373845441324,1142,0,outer_ring
1707,54.295697590491315,79.1609153610217,9083,5,text_en_1919
1708,43.082416787889905,58.33257028816323,6664,3,stroke_nan
1709,41.683307443386774,88.07986718291184,1102,0,outer_ring
1710,48.7217672179326,89.72136965101232,668,0,outer_ring
1711,27.861664389838733,66.38393668117835,9632,5,text_en_1919
1712,26.458184947730093,65.53142248964589,9690,5,text_en_1919
1713,41.591165578738824,72.57932767205976,3607,1,inner_ring
1714,19.721506683988512,53.16301549991452,10154,5,text_en_1919
1715,31.250497440770513,41.862104430951405,5445,2,octagram
1716,17.205454441100862,40.91311198705508,10662,5,text_en_1919
1717,34.60597052070568,47.06791444643721,5375,2,octagram
1718,31.223732347501667,52.826241965096074,5295,2,octagram
1719,24.684929356025393,60.12423918743594,9853,5,text_en_1919
1720,48.35193499567252,46.974047377361174,7122,3,stroke_nan
1721,32.62843327044027,50.72780553245627,5324,2,octagram
1722,63.39129995267999,74.72800554947203,3460,1,inner_ring
1723,55.39628326115628,36.99192632241428,8504,4,stroke_kai
1724,38.31412037679742,46.14011829498484,7165,3,stroke_nan
1725,47.59493884587021,57.00675823915437,6714,3,stroke_nan
1726,52.553282065708935,55.51202227066115,6687,3,stroke_nan
1727,52.643604284873,88.49532464189195,393,0,outer_ring
1728,67.90001066167156,63.68542520796131,4576,2,octagram
1729,51.61050219740592,87.10281167308958,477,0,outer_ring
1730,66.21597264175925,38.96355153832256,8420,4,stroke_kai
1731,51.56114145523706,86.97956049469798,480,0,outer_ring
1732,43.56453999090846,44.74018890058304,7247,3,stroke_nan
1733,51.30389689354755,89.69425479970259,484,0,outer_ring
1734,67.76514548702639,49.086198166440305,8010,4,stroke_kai
1735,50.96588438287558,50.900079057475466,6929,3,stroke_nan
1736,33.01974825752138,69.00023939268564,9503,5,text_en_1919
1737,66.78033250394894,57.15253011976801,7715,4,stroke_kai
1738,42.45549708017131,9.052888895005317,1506,0,outer_ring
1739,36.629098538242346,23.353834734131564,4009,1,inner_ring
1740,57.146483830276,7.179056306711095,2506,0,outer_ring
1741,43.55995756835917,24.400981702178367,5765,2,octagram
1742,28.245669517816214,55.305566109333725,3770,1,inner_ring
1743,31.380987306513035,40.92093239444569,5453,2,octagram
1744,40.602029339011146,51.47021377733241,6934,3,stroke_nan
1745,43.99392811182948,45.17055326251508,7235,3,stroke_nan
1746,57.85242833564274,52.68936340122344,7893,4,stroke_kai
1747,19.979448414265825,23.209834174713254,1410,0,outer_ring
1748,39.40557404085167,19.59106020490112,10862,5,text_en_1919
1749,26.319770153171916,40.48002664384384,3875,1,inner_ring
1750,58.28818916223023,16.03068977307251,11057,5,text_en_1919
1751,61.02442146709685,5.883728987287283,2792,0,outer_ring
1752,54.314369834740084,35.3437378862041,5913,2,octagram
1753,65.63808511911685,21.998491216268857,4200,1,inner_ring
1754,54.66424969957275,4.4858316196021235,2244,0,outer_ring
1755,51.157606185924145,7.372528466063887,1911,0,outer_ring
1756,51.39218008158115,34.18963522612141,7513,3,stroke_nan
1757,43.79364137223168,9.098965428456625,1533,0,outer_ring
1758,55.260844917648434,5.221988845281927,2291,0,outer_ring
1759,58.13815097881766,7.8798461021426665,2601,0,outer_ring
1760,86.97155962391057,60.34882571805364,9807,5,text_en_1919
1761,51.90599196755352,15.434197701017316,11148,5,text_en_1919
1762,69.95713617689889,48.937005664414116,6452,2,octagram
1763,67.2090966337667,29.461748916145083,6135,2,octagram
1764,45.83142116024822,77.52067520202934,9286,5,text_en_1919
1765,74.7505640375804,34.64042697625655,6236,2,octagram
1766,60.35189622579505,70.26109250719524,4743,2,octagram
1767,60.29212181933393,50.292961949591444,7988,4,stroke_kai
1768,51.46361084630742,91.57930306758956,459,0,outer_ring
1769,48.25772529502782,88.89881961793391,709,0,outer_ring
1770,54.32855837074607,89.92709331676416,285,0,outer_ring
1771,54.312348094291586,91.28154632371705,287,0,outer_ring
1772,55.96189955793863,89.54586316219462,210,0,outer_ring
1773,40.764646294318986,62.25403602906175,5090,2,octagram
1774,41.84481616428651,88.83857583217979,1084,0,outer_ring
1775,42.28751293359354,54.89729294359901,6764,3,stroke_nan
1776,45.81803427582942,90.19140447236485,854,0,outer_ring
1777,40.651255555805136,86.53180692568492,1167,0,outer_ring
1778,55.49742169585451,92.03572167591969,245,0,outer_ring
1779,24.207310314635954,62.312731159708065,9829,5,text_en_1919
1780,30.29616478471622,59.96848019073421,5210,2,octagram
1781,22.47513270136456,36.43429082636727,10771,5,text_en_1919
1782,41.934860011415346,88.78685466649375,1082,0,outer_ring
1783,53.739980236027506,89.0238439069137,323,0,outer_ring
1784,46.47484899382964,88.87359147753625,829,0,outer_ring
1785,67.33495294905276,50.35976133249099,7929,4,stroke_kai
1786,49.26341637880001,89.52008364204544,627,0,outer_ring
1787,61.56010446591137,81.82782742637907,8885,5,text_en_1919
1788,57.41951605081598,89.73290456266854,150,0,outer_ring
1789,79.33106615849596,65.37372084482998,9694,5,text_en_1919
1790,58.9005165538588,81.71876011042745,8907,5,text_en_1919
1791,53.160049259853245,85.01753028110133,8623,5,text_en_1919
1792,67.84064840514961,72.97278296740421,3432,1,inner_ring
1793,64.59593971879276,46.78260966093214,8128,4,stroke_kai
1794,78.19176053680549,55.79988581241663,6547,2,octagram
1795,77.31539282437866,53.72565229365054,6521,2,octagram
1796,85.23350932016533,61.50704566974648,9765,5,text_en_1919
1797,77.80466728319666,63.43690592913976,3342,1,inner_ring
1798,84.53016876995137,68.40841623101159,9533,5,text_en_1919
1799,63.42011746650559,59.63447577012794,7655,4,stroke_kai
1800,93.08329847123203,49.10653545132883,10260,5,text_en_1919
1801,73.72685922557949,60.6885634575333,4506,2,octagram
1802,51.70002661362263,46.48119268702256,7123,3,stroke_nan
1803,55.66693728506266,38.75337623815776,8486,4,stroke_kai
1804,77.2743214575466,41.207524702476384,6353,2,octagram
1805,71.17015777214401,25.756957593326685,4250,1,inner_ring
1806,64.4591007587198,51.332283932075086,7943,4,stroke_kai
1807,72.93601704446743,28.955921976304815,4269,1,inner_ring
1808,72.67573723943259,53.757011628228724,7870,4,stroke_kai
1809,64.00127235564882,43.292061871294386,8269,4,stroke_kai
1810,77.96806461788817,60.059004731305414,4455,2,octagram
1811,60.73694071371251,58.39558661720904,7661,4,stroke_kai
1812,56.47624254172875,27.51709643653944,5933,2,octagram
1813,64.34311009795184,14.373294166494448,11137,5,text_en_1919
1814,88.57008821926533,37.86953596808161,10747,5,text_en_1919
1815,63.410457009220266,6.199903285834769,2937,0,outer_ring
1816,63.41719102287834,10.511209364484198,2998,0,outer_ring
1817,58.71941256874897,10.766130298201665,11317,5,text_en_1919
1818,51.98140118747939,37.56515881906854,7473,3,stroke_nan
1819,39.90953062263045,13.563156648564602,11234,5,text_en_1919
1820,47.966543463252606,7.1582363181293385,1706,0,outer_ring
1821,58.748806130304374,9.06812690194263,2676,0,outer_ring
1822,61.669284381356825,6.696863765887997,2838,0,outer_ring
1823,66.81532592034345,8.275206089964534,3106,0,outer_ring
1824,49.510832007998154,10.314249820451924,11260,5,text_en_1919
1825,52.116243586912645,5.820209225557996,2010,0,outer_ring
1826,53.38536595807071,5.599951159411886,2115,0,outer_ring
1827,58.57518892704752,6.50721226005142,2626,0,outer_ring
1828,57.66781177436352,16.441111257144875,10997,5,text_en_1919
1829,67.00740933467746,15.503984944576722,11044,5,text_en_1919
1830,69.45340647331342,29.986707046844742,6151,2,octagram
1831,63.57411797768342,7.996979271104187,2976,0,outer_ring
1832,83.23861212308685,23.975144521075,10838,5,text_en_1919
1833,56.93957589748642,15.137709770840473,11048,5,text_en_1919
1834,69.31345897769,7.904969055555818,3161,0,outer_ring
1835,69.34759592097565,17.322641667685126,10988,5,text_en_1919
1836,91.53164839492983,54.19792451412376,10035,5,text_en_1919
1837,65.50516253010333,25.046011899427263,6079,2,octagram
1838,48.152191394699564,24.248353226961115,5857,2,octagram
1839,81.48774091928611,38.76773404688482,4359,1,inner_ring
1840,45.98610673129627,7.638592436932928,1614,0,outer_ring
1841,49.69910658063314,7.159737239117328,1798,0,outer_ring
1842,85.96270537440894,58.82177062533406,9871,5,text_en_1919
1843,56.56067959385347,89.28032100309117,183,0,outer_ring
1844,51.87424715508374,87.62557313982818,449,0,outer_ring
1845,34.617174343555675,69.37804589540285,3668,1,inner_ring
1846,38.29557013602737,88.52732308451975,1221,0,outer_ring
1847,38.23867955149591,78.08336002419435,9248,5,text_en_1919
1848,50.68336884076574,89.72934762815069,522,0,outer_ring
1849,37.68959296825022,86.39362561677298,1256,0,outer_ring
1850,35.725426512460466,54.62951611936137,5302,2,octagram
1851,31.350892573782183,53.25291708697244,5289,2,octagram
1852,44.34847953837288,74.05973191041844,3597,1,inner_ring
1853,22.82347593358998,51.81463456766987,10180,5,text_en_1919
1854,15.902062276822443,34.8328620895389,10799,5,text_en_1919
1855,22.718227642857943,62.950198073273995,9776,5,text_en_1919
1856,20.60816879033448,48.41410302692634,10306,5,text_en_1919
1857,20.421320933938745,60.89976436090023,9884,5,text_en_1919
1858,15.607993841946072,48.28110112706258,10267,5,text_en_1919
1859,23.061594203507134,37.02075654512072,10765,5,text_en_1919
1860,29.463471544957194,40.59789981716128,5469,2,octagram
1861,28.502272176467617,68.06625173240113,9580,5,text_en_1919
1862,25.88541626551879,45.080411444514816,3843,1,inner_ring
1863,40.20374094710024,41.86138139162531,7351,3,stroke_nan
1864,52.68100737483551,37.198135639080675,7474,3,stroke_nan
1865,42.045270881866095,27.17655193666636,5723,2,octagram
1866,50.282038474876686,71.03168111085819,4887,2,octagram
1867,38.246584492080956,30.682447588261407,5667,2,octagram
1868,53.930292513143094,68.663380444346,4842,2,octagram
1869,55.115271918315806,90.58194929239185,259,0,outer_ring
1870,60.56437973293865,45.85124516185935,8180,4,stroke_kai
1871,56.050438401029986,91.05673174713723,208,0,outer_ring
1872,54.06149611050738,87.99973343329343,301,0,outer_ring
1873,72.81019485460261,68.3008981867203,3388,1,inner_ring
1874,59.95317777721494,25.420123842674055,5984,2,octagram
1875,53.262260430767384,90.72908727212283,350,0,outer_ring
1876,49.667846275419734,12.290841574842824,11205,5,text_en_1919
1877,66.80705270929172,9.14336596134401,3113,0,outer_ring
1878,54.31017135863451,78.33457868115377,9154,5,text_en_1919
1879,61.82033792589676,75.24080425647553,3471,1,inner_ring
1880,55.08363249321765,21.231091783928658,4127,1,inner_ring
1881,37.57530660767501,14.957727057345005,11147,5,text_en_1919
1882,63.30193883239404,45.62355496992317,8161,4,stroke_kai
1883,48.456542879001255,6.20324648472992,1737,0,outer_ring
1884,34.74162699786252,27.39246918154282,3981,1,inner_ring
1885,28.838115493093266,26.107030614131254,10821,5,text_en_1919
1886,26.83176507059665,24.957166739814365,10845,5,text_en_1919
1887,49.301961995465554,43.63597321111897,7210,3,stroke_nan
1888,32.81341129803682,51.56884923613779,5314,2,octagram
1889,18.666499493088185,42.54356637904657,10582,5,text_en_1919
1890,25.285517328594292,45.28526296097913,3841,1,inner_ring
1891,11.795302845907022,42.870588414836256,1402,0,outer_ring
1892,47.89551636037287,44.671425118885146,7250,3,stroke_nan
1893,51.90394405408791,5.198286069568933,1997,0,outer_ring
1894,51.575166174891564,6.821664093350699,1955,0,outer_ring
1895,74.24089893246898,11.183855815605453,3214,0,outer_ring
1896,58.83811819621218,7.024557511889368,2659,0,outer_ring
1897,65.41973481044042,25.160317475379397,6078,2,octagram
1898,76.10990361983559,35.197249693219426,6255,2,octagram
1899,67.57317810997166,7.997393756690517,3122,0,outer_ring
1900,44.291746281959874,24.46770191659902,5791,2,octagram
1901,64.50552756855336,39.03817209576827,8431,4,stroke_kai
1902,55.457795954575175,48.189995661257115,8053,4,stroke_kai
1903,58.41627067789799,5.270583417142466,2603,0,outer_ring
1904,66.90835540867873,46.182456801540134,8147,4,stroke_kai
1905,81.33267640748954,70.93834870150889,9469,5,text_en_1919
1906,86.38775112001868,48.02037244299343,10386,5,text_en_1919
1907,55.08813212760989,79.65047824782812,9047,5,text_en_1919
1908,50.063825203881734,88.67407032585014,572,0,outer_ring
1909,36.95129161681866,72.4817738637673,9407,5,text_en_1919
1910,42.1173287085037,74.12709600670394,3603,1,inner_ring
1911,54.74615037322142,90.91944368743674,273,0,outer_ring
1912,45.160165114021105,89.08929165146392,914,0,outer_ring
1913,46.04181113165178,89.7990956202095,848,0,outer_ring
1914,57.87321207552067,89.8573671106188,137,0,outer_ring
1915,47.53085434843424,89.9880941835248,739,0,outer_ring
1916,60.5068898616437,88.22146051072808,66,0,outer_ring
1917,42.585649076931276,72.23651289418395,4980,2,octagram
1918,48.52693630556719,70.7361918009076,4897,2,octagram
1919,49.80749477239063,52.98971422603726,6831,3,stroke_nan
1920,32.40061425212402,66.40144930790284,3688,1,inner_ring
1921,34.24208155406106,60.10117992318939,5158,2,octagram
1922,33.741571509969006,73.35007224495082,9400,5,text_en_1919
1923,45.84567846753717,72.78704445288204,4941,2,octagram
1924,49.10213077944012,87.93452857864013,660,0,outer_ring
1925,63.46621959927723,74.37308409444849,3457,1,inner_ring
1926,48.12234319118254,88.52103628514021,713,0,outer_ring
1927,59.55642299282095,88.53451675968238,89,0,outer_ring
1928,58.9164576196092,84.40205026145141,8711,5,text_en_1919
1929,58.662856404397914,70.66996754727158,4763,2,octagram
1930,67.98122064769436,81.2384339061798,8995,5,text_en_1919
1931,61.37345418348918,53.4419043636898,7886,4,stroke_kai
1932,51.20175268774483,50.97863822542202,6939,3,stroke_nan
1933,47.439097487002705,71.15024503485473,4917,2,octagram
1934,57.69249703169439,52.44617849785166,7894,4,stroke_kai
1935,61.38934004575015,71.07263152457824,4731,2,octagram
1936,94.23121671083796,44.15279280291234,10534,5,text_en_1919
1937,62.47922254733228,62.88060126932775,7592,4,stroke_kai
1938,84.05801122333331,61.6003118293283,9779,5,text_en_1919
1939,75.1975408799036,42.52656268624295,6371,2,octagram
1940,82.71945406611354,62.81786340303723,9764,5,text_en_1919
1941,86.0770357544096,55.782703801183125,9982,5,text_en_1919
1942,76.8796584755795,52.922833563612194,6511,2,octagram
1943,73.43271644593175,62.040240467442416,4516,2,octagram
1944,49.595888233365926,16.030526521554695,10963,5,text_en_1919
1945,46.36522277322332,23.388386540569893,5826,2,octagram
1946,57.0301383273498,55.662113817082954,7729,4,stroke_kai
1947,83.82015376322101,48.26044428993168,10362,5,text_en_1919
1948,80.79818142125114,44.8302294329095,4402,1,inner_ring
1949,82.53727985455407,41.38236304874351,10655,5,text_en_1919
1950,64.76948654651483,47.60219590356276,8107,4,stroke_kai
1951,94.50596906115868,47.24411994435674,10475,5,text_en_1919
1952,68.66018028895358,40.556369971395156,8342,4,stroke_kai
1953,52.71641193635604,19.053535005082416,11063,5,text_en_1919
1954,72.04057266222364,34.300143635782014,6212,2,octagram
1955,73.8247978487267,35.62768290975126,6230,2,octagram
1956,53.86947894849291,4.943232415759929,2168,0,outer_ring
1957,41.791391054078865,24.910003095262724,5746,2,octagram
1958,63.94716885651781,5.3645546723561095,2962,0,outer_ring
1959,51.72187344659255,35.7829540500608,7511,3,stroke_nan
1960,64.70050010915489,6.791371985431202,3009,0,outer_ring
1961,54.78866173528479,5.050404338129058,2258,0,outer_ring
1962,53.302532834248176,19.191680412844278,11055,5,text_en_1919
1963,56.24410282493996,4.929110314476893,2406,0,outer_ring
1964,57.23856808015331,5.959298040514836,2507,0,outer_ring
1965,70.4094571620009,8.637518103335541,3179,0,outer_ring
1966,64.43407238487987,20.934766244731097,4193,1,inner_ring
1967,55.41373113387963,6.169084787254143,2312,0,outer_ring
1968,45.476519085957385,16.002469196237477,10923,5,text_en_1919
1969,50.54889425557256,8.492070105116685,1851,0,outer_ring
1970,61.67026240215418,6.3883128909891065,2835,0,outer_ring
1971,56.60407428717543,5.592288908872111,2447,0,outer_ring
1972,53.276367199082046,4.968591486918737,2109,0,outer_ring
1973,65.4101933839395,24.26226877164725,6076,2,octagram
1974,78.52909300239122,33.98792768959464,4324,1,inner_ring
1975,66.03148949579627,7.981591060564647,3070,0,outer_ring
1976,51.82092799434863,14.681902064921239,11252,5,text_en_1919
1977,93.34553837011914,46.346065394201204,10499,5,text_en_1919
1978,48.530461512086376,6.3298598027577135,1743,0,outer_ring
1979,59.77177800014471,45.08133382433205,8185,4,stroke_kai
1980,56.38816549538447,4.74108380904608,2421,0,outer_ring
1981,59.80463406545836,16.430975855114692,11058,5,text_en_1919
1982,51.34133579999676,8.885269557260807,1916,0,outer_ring
1983,44.04091279510776,8.336482580925042,1550,0,outer_ring
1984,72.05420298844378,63.055242367206574,4540,2,octagram
1985,39.806435346948625,86.49714136567857,1199,0,outer_ring
1986,53.72264272156911,85.56719742330395,8582,5,text_en_1919
1987,40.60506096056983,85.65169496334875,1181,0,outer_ring
1988,38.44835997634794,71.68114155757506,3636,1,inner_ring
1989,68.54403690406893,82.5376883912667,8831,5,text_en_1919
1990,68.25953193865332,81.79640007832182,8923,5,text_en_1919
1991,43.39497576059929,87.14128046780384,1049,0,outer_ring
1992,32.17112341890997,63.93748791081764,3701,1,inner_ring
1993,27.183360195393806,80.55547542505445,1374,0,outer_ring
1994,38.61859822373841,71.18658274138168,3637,1,inner_ring
1995,25.799834697262742,51.22587243644229,10149,5,text_en_1919
1996,45.57344657252614,56.51520086796984,6697,3,stroke_nan
1997,35.2102548920543,61.312271535471005,5152,2,octagram
1998,55.03244605302884,37.197416178287824,8506,4,stroke_kai
1999,22.366936345472823,41.84930572944975,10612,5,text_en_1919
2000,28.6047031345898,42.872670187163926,3859,1,inner_ring
2001,31.990095339394767,39.1806564457214,5542,2,octagram
2002,28.17670356492216,49.22055425560479,3813,1,inner_ring
2003,25.960139074124513,67.22118895994741,9577,5,text_en_1919
2004,14.147778541220967,49.42803042805426,10235,5,text_en_1919
2005,58.16140629172693,44.507760411700794,8213,4,stroke_kai
2006,32.20856229726001,51.886693149169126,5309,2,octagram
2007,60.421272893703595,90.09132207101635,75,0,outer_ring
2008,32.159766147996905,44.42014808623562,5410,2,octagram
2009,60.182896082852096,76.45274809859829,9232,5,text_en_1919
2010,50.82559374175262,77.08371222068983,9263,5,text_en_1919
2011,37.16960096422754,87.06735524596589,1263,0,outer_ring
2012,47.471304672222836,88.97210090540098,757,0,outer_ring
2013,60.041840366270286,55.631102353664886,7772,4,stroke_kai
2014,69.48617266646208,72.75734280087286,3420,1,inner_ring
2015,51.20561655614316,81.68217444822729,8939,5,text_en_1919
2016,47.82854557932934,88.50401869515005,733,0,outer_ring
2017,47.15007159348202,62.07619859228567,6588,3,stroke_nan
2018,49.09568957985976,83.68558200858268,8692,5,text_en_1919
2019,44.08546246304265,24.69649766670676,5790,2,octagram
2020,54.633738144174835,80.32133700311387,8975,5,text_en_1919
2021,61.80445785474448,52.85441488942739,7885,4,stroke_kai
2022,51.718803694530635,45.7792508465145,7158,3,stroke_nan
2023,55.19449642042459,69.25350854231895,4806,2,octagram
2024,43.197256774352056,25.624102274271426,5739,2,octagram
2025,44.29126779077367,38.04622412915862,7489,3,stroke_nan
2026,27.65446588639216,14.182295741239765,1414,0,outer_ring
2027,49.32589646538773,41.188592922708345,7333,3,stroke_nan
2028,38.936140346783056,17.540187742632025,10935,5,text_en_1919
2029,50.29906696944406,51.89341796558415,6846,3,stroke_nan
2030,27.125793972407372,53.3581621410234,3786,1,inner_ring
2031,32.2823950941558,35.1413022176128,5561,2,octagram
2032,49.55693107097305,50.8024245844034,6869,3,stroke_nan
2033,26.21325575549933,50.25718425127998,3807,1,inner_ring
2034,44.24604336134931,8.219642637700236,1558,0,outer_ring
2035,41.62659566835755,40.79567976008903,7401,3,stroke_nan
2036,55.359878294575296,6.307032379196517,2307,0,outer_ring
2037,61.95762793838198,5.871740815272006,2844,0,outer_ring
2038,46.232215541731094,6.285174865667686,1630,0,outer_ring
2039,45.757134802075036,42.67668064432214,7337,3,stroke_nan
2040,50.070305927775166,23.850008081282446,5868,2,octagram
2041,46.31862114928218,35.935332682277625,7538,3,stroke_nan
2042,79.95223638537031,40.13075422314809,4367,1,inner_ring
2043,84.35425313903022,49.908745770559946,10282,5,text_en_1919
2044,49.89279179059642,53.46705333862747,6797,3,stroke_nan
2045,92.93230913129764,47.36315970120757,10452,5,text_en_1919
2046,81.20730277964482,46.80311986742582,4416,1,inner_ring
2047,56.760929467170115,7.652020729826976,2469,0,outer_ring
2048,55.863345060935956,56.030279189434566,7706,4,stroke_kai
2049,56.77744624909807,76.02608901417106,3509,1,inner_ring
2050,68.88022977054486,33.55285389951713,6178,2,octagram
2051,59.53027607336481,90.40392267833836,95,0,outer_ring
2052,41.19185773920975,88.2393601268314,1118,0,outer_ring
2053,48.931761990168646,88.7466904575035,663,0,outer_ring
2054,42.77442013025508,89.10356493257633,1055,0,outer_ring
2055,53.369944538503205,79.80041202386182,9046,5,text_en_1919
2056,41.77952023722739,89.67575138265198,1077,0,outer_ring
2057,38.032466014928495,74.98235565860364,9377,5,text_en_1919
2058,53.04587644995238,80.34704040548459,8960,5,text_en_1919
2059,39.20859404833629,66.13426244669289,5060,2,octagram
2060,43.232969691379274,81.97993741188442,8938,5,text_en_1919
2061,50.7708238017284,51.21104848904621,6892,3,stroke_nan
2062,44.593149561195446,72.82207842949792,4951,2,octagram
2063,46.75924899385386,53.0584591051537,6804,3,stroke_nan
2064,37.905492284758445,46.60904341377747,7134,3,stroke_nan
2065,30.82914424471297,60.08402417816157,5206,2,octagram
2066,43.484242344233486,86.77381686962866,1050,0,outer_ring
2067,38.65605423910632,88.938077939395,1204,0,outer_ring
2068,49.861203558632454,90.07716529238915,575,0,outer_ring
2069,57.71182446184055,40.13276863939659,8408,4,stroke_kai
2070,58.15658984944372,88.89643932043558,126,0,outer_ring
2071,61.73591631305535,89.77751433330052,53,0,outer_ring
2072,52.519507106528316,82.72452807509607,8778,5,text_en_1919
2073,67.38028617782466,83.3720399009141,8783,5,text_en_1919
2074,60.12157518450724,45.24588599105969,8157,4,stroke_kai
2075,73.98144721623659,59.40297037318834,4503,2,octagram
2076,64.45488755068139,47.005316590758305,8134,4,stroke_kai
2077,77.26512394496196,47.45696319905509,3228,1,inner_ring
2078,79.0185239169308,38.00480488852541,6325,2,octagram
2079,79.72444191644963,60.27397275454089,3313,1,inner_ring
2080,64.15155502596373,54.44721287922734,7824,4,stroke_kai
2081,78.21485127168859,64.05915751201474,3343,1,inner_ring
2082,83.32821998471137,59.429275494079846,9868,5,text_en_1919
2083,72.20820411451486,61.4453259899542,4528,2,octagram
2084,82.18873334936187,60.66788717281963,3309,1,inner_ring
2085,84.6968543119306,62.320271357872464,9758,5,text_en_1919
2086,62.64888115878785,19.4262451207679,4181,1,inner_ring
2087,63.65815214051099,22.215392859555692,6038,2,octagram
2088,51.23427358591807,34.59152176562512,7515,3,stroke_nan
2089,87.8074734367043,48.91206244051306,10297,5,text_en_1919
2090,65.62876379350352,46.600585138594155,8090,4,stroke_kai
2091,64.14216464702913,36.56221790979924,8514,4,stroke_kai
2092,91.12390774076789,52.871640710331725,10097,5,text_en_1919
2093,55.75957094304977,69.25407830018406,4794,2,octagram
2094,77.94716181873207,34.65345662652132,4328,1,inner_ring
2095,93.99528709453134,45.52115497098991,10508,5,text_en_1919
2096,83.96389420459845,53.47441553015229,3267,1,inner_ring
2097,60.951666860911985,44.20427639910452,8225,4,stroke_kai
2098,56.769194833017536,6.305575645703128,2467,0,outer_ring
2099,61.766208847243824,5.595344943081365,2834,0,outer_ring
2100,67.79755689897256,9.899010937732422,3149,0,outer_ring
2101,56.991868181213164,7.600849098219477,2496,0,outer_ring
2102,56.90590401512461,6.192289774797647,2476,0,outer_ring
2103,47.94277374617183,42.837398590447854,7255,3,stroke_nan
2104,46.77629280572107,6.53223684373063,1658,0,outer_ring
2105,56.961349579556924,14.237376138696623,11171,5,text_en_1919
2106,60.9024029661934,9.32267543979828,2817,0,outer_ring
2107,54.762462618942386,7.196132266490076,2259,0,outer_ring
2108,51.648117613609955,5.76101976446959,1973,0,outer_ring
2109,47.17942053962973,45.310647093197964,7242,3,stroke_nan
2110,48.59842004092964,5.2623777474872675,1756,0,outer_ring
2111,47.5302333188342,7.686456190750654,1675,0,outer_ring
2112,57.44199023427111,21.109837872567446,4143,1,inner_ring
2113,46.541107413474776,7.090430673177292,1636,0,outer_ring
2114,59.75452603243371,3.130433670909669,2689,0,outer_ring
2115,77.39676180301772,36.20177132026308,6278,2,octagram
2116,53.749263673526066,27.167378961340795,4115,1,inner_ring
2117,80.77506349551702,27.0084616109595,10801,5,text_en_1919
2118,63.18593154963522,36.38089706862827,8502,4,stroke_kai
2119,87.89552387872531,63.16936884593865,9727,5,text_en_1919
2120,77.33516602193579,65.61443850078906,3352,1,inner_ring
2121,59.826353430009874,41.93531446544499,8332,4,stroke_kai
2122,45.22156955262162,23.71802389455733,5794,2,octagram
2123,63.04946796855821,8.423654947168489,2945,0,outer_ring
2124,56.5285682025691,3.9481696699830238,2432,0,outer_ring
2125,46.00976431436488,44.06167534363702,7241,3,stroke_nan
2126,57.40368419684431,52.722917868063035,7879,4,stroke_kai
2127,46.78214952578035,87.51416266616937,824,0,outer_ring
2128,52.74392241666257,90.94643362819788,386,0,outer_ring
2129,52.27215702123107,80.36672885989384,8948,5,text_en_1919
2130,60.95432175214561,89.0215648822265,60,0,outer_ring
2131,56.16327656445176,90.3351428972886,199,0,outer_ring
2132,44.71959128576355,82.70060921523871,8868,5,text_en_1919
2133,47.22275533100316,58.8424251189126,6691,3,stroke_nan
2134,42.940189720799104,67.47577572608388,5035,2,octagram
2135,44.62298514778792,89.8865659034402,938,0,outer_ring
2136,24.641746949527292,70.42751797692262,9481,5,text_en_1919
2137,36.410426345721234,71.44758397285639,9425,5,text_en_1919
2138,26.037456117365462,68.86488667021263,9519,5,text_en_1919
2139,20.24286481476234,50.76560238339256,10204,5,text_en_1919
2140,28.22022360454037,36.173142599819954,3903,1,inner_ring
2141,24.177790412529255,68.67868469643525,9518,5,text_en_1919
2142,21.932231237914348,48.905063880777384,10275,5,text_en_1919
2143,28.62716871112612,36.624642568544765,5511,2,octagram
2144,29.22379862219833,58.68881609362434,5221,2,octagram
2145,42.35211931806584,26.46306719772406,5732,2,octagram
2146,33.1089011389905,51.343081244348554,5318,2,octagram
2147,34.86057954591412,35.66251119112484,5582,2,octagram
2148,49.77947248064386,44.70345865467359,7191,3,stroke_nan
2149,42.68299163524469,25.83561043637566,5735,2,octagram
2150,44.50141174318711,57.60282776514684,6649,3,stroke_nan
2151,68.82922074589267,42.609499193935044,8299,4,stroke_kai
2152,41.61973219024861,88.40821641597478,1097,0,outer_ring
2153,48.67149821770653,78.33562443948779,9262,5,text_en_1919
2154,60.27616488249924,60.00846968946467,7596,4,stroke_kai
2155,60.85068276520714,52.184757334341725,7939,4,stroke_kai
2156,49.2456725179107,89.44510844517666,629,0,outer_ring
2157,63.776319064061234,72.29082892230919,4707,2,octagram
2158,49.01224016792941,47.34310819835125,7066,3,stroke_nan
2159,51.27649565093998,48.21915675044,7038,3,stroke_nan
2160,40.961549274287286,23.888070890495182,4033,1,inner_ring
2161,49.27716838936701,26.15671369297426,7555,3,stroke_nan
2162,41.73349668129487,24.877234247387516,5751,2,octagram
2163,22.92259720621177,65.47135566028277,9686,5,text_en_1919
2164,51.1159772585416,41.56100674025474,7331,3,stroke_nan
2165,47.4630171699822,11.970121028264117,11235,5,text_en_1919
2166,51.58046890089669,2.983011397924115,1977,0,outer_ring
2167,64.25836030455623,14.714355051068841,11101,5,text_en_1919
2168,55.24836091030862,42.745227089424205,8315,4,stroke_kai
2169,31.159212654512388,39.81058025421318,5464,2,octagram
2170,31.376508068359602,56.9800051799787,5205,2,octagram
2171,39.22733189330909,14.156679947621388,11221,5,text_en_1919
2172,40.898421482620364,51.12893871060628,6950,3,stroke_nan
2173,19.744753166154954,42.25042213700819,10583,5,text_en_1919
2174,32.9425736184384,35.32498555089339,5563,2,octagram
2175,32.63915833645887,50.467698078781574,5323,2,octagram
2176,68.89681111305698,32.408055773106355,6170,2,octagram
2177,56.35156184507314,5.596668682808024,2422,0,outer_ring
2178,45.965689244399385,5.735455226933898,1623,0,outer_ring
2179,66.2645864071781,13.107058542289701,11146,5,text_en_1919
2180,52.5495687421278,7.962560320146946,2038,0,outer_ring
2181,40.95240070690859,65.0454607973669,5071,2,octagram
2182,56.578746506248216,26.416602629417927,5939,2,octagram
2183,66.45311729324426,15.44234238527992,11068,5,text_en_1919
2184,67.89966796655942,47.384636822318065,8073,4,stroke_kai
2185,59.142069970167114,48.04855341336598,8076,4,stroke_kai
2186,77.83342318288751,35.74870433738863,6279,2,octagram
2187,76.27276174174361,31.55434926222318,4301,1,inner_ring
2188,83.86687484967248,46.367732676494356,10438,5,text_en_1919
2189,84.97171606405497,56.331996645087614,9981,5,text_en_1919
2190,55.30844788170316,7.382342630809395,2302,0,outer_ring
2191,46.16099599012668,43.633613198032954,7304,3,stroke_nan
2192,55.693606193592764,89.61312674081532,226,0,outer_ring
2193,57.089167484810716,49.68936537080008,7971,4,stroke_kai
2194,42.268165018209984,74.88331732688127,3601,1,inner_ring
2195,35.72680593374414,84.58191493428731,1312,0,outer_ring
2196,48.04702395109506,86.61095100979514,741,0,outer_ring
2197,55.490054264025844,83.12775423021021,8770,5,text_en_1919
2198,58.25068325706475,90.79957217357618,128,0,outer_ring
2199,48.46028334463967,89.05234046363049,691,0,outer_ring
2200,49.74840663006773,90.10905281653788,581,0,outer_ring
2201,47.0676135862133,79.03577770116569,9238,5,text_en_1919
2202,24.275072721464337,72.91955556687194,9447,5,text_en_1919
2203,55.107737531615285,90.43166259495499,260,0,outer_ring
2204,48.38384961740209,84.25531286430645,8622,5,text_en_1919
2205,30.016996795429566,43.45643821574652,5429,2,octagram
2206,29.198083571738923,60.786496622744885,3731,1,inner_ring
2207,16.928179378991427,41.631269986834305,10646,5,text_en_1919
2208,66.17641635438724,85.1537068930771,8713,5,text_en_1919
2209,48.90686974962398,90.89873712521948,642,0,outer_ring
2210,66.19299828350533,73.10116812538281,3442,1,inner_ring
2211,56.38780228660866,89.86729114094264,189,0,outer_ring
2212,66.4686062488687,75.37935611155785,9337,5,text_en_1919
2213,61.72111980303543,57.20889209075778,7721,4,stroke_kai
2214,63.98133919247447,56.12142135719111,7775,4,stroke_kai
2215,56.04681720885489,40.49958918719062,8381,4,stroke_kai
2216,67.17279566558678,68.53689839970976,4623,2,octagram
2217,55.60333306892152,68.74760617300976,4804,2,octagram
2218,64.16577176325133,54.10267657481672,7823,4,stroke_kai
2219,60.700248402188706,46.102375689272094,8138,4,stroke_kai
2220,43.688323507856005,7.89451523602557,1539,0,outer_ring
2221,59.57484940394848,69.66070824128674,4758,2,octagram
2222,64.09274780554672,53.07553792310886,7872,4,stroke_kai
2223,80.50110373083963,48.55595734985749,3233,1,inner_ring
2224,84.01213303234637,59.87612775059088,9836,5,text_en_1919
2225,80.57382228757167,57.10626279875491,6575,2,octagram
2226,64.49564466168734,56.901370728596746,7751,4,stroke_kai
2227,84.6330846748229,45.55844476479998,10456,5,text_en_1919
2228,62.22341882650022,51.207211063582015,7935,4,stroke_kai
2229,54.63643656307184,77.73596186212215,9175,5,text_en_1919
2230,71.17124341931401,32.773390672423226,6200,2,octagram
2231,91.48968427833796,55.055175107238135,10030,5,text_en_1919
2232,79.18450677019317,49.980200565680335,6487,2,octagram
2233,52.11218719058671,51.73469707409744,6927,3,stroke_nan
2234,92.39968909810827,61.789134939609525,9786,5,text_en_1919
2235,85.36209897991822,58.22702835447356,9954,5,text_en_1919
2236,92.39655107747714,39.03347191199796,10740,5,text_en_1919
2237,77.66665317983224,40.16206328925905,6349,2,octagram
2238,61.13363776371789,15.243593420182393,11043,5,text_en_1919
2239,66.60878278661254,43.43426436456833,8260,4,stroke_kai
2240,65.94875416276935,19.13822199476795,10891,5,text_en_1919
2241,58.132701757953654,25.9040671394195,5959,2,octagram
2242,67.35460806089607,32.024615515429836,8554,4,stroke_kai
2243,58.65854140955516,6.649613145095172,2636,0,outer_ring
2244,63.05016294401476,7.022466591291123,2929,0,outer_ring
2245,53.727802927138406,6.389168562865242,2153,0,outer_ring
2246,53.00241905972485,6.967835971969845,2079,0,outer_ring
2247,82.30001343998246,23.462787627161372,10854,5,text_en_1919
2248,50.21171919590775,5.4499774578665185,1846,0,outer_ring
2249,48.385982313871686,4.654669029488208,1746,0,outer_ring
2250,53.02060657556304,15.852618506718532,11120,5,text_en_1919
2251,47.19257404276184,14.411327369969314,11001,5,text_en_1919
2252,54.10672115950337,7.121897132817744,2191,0,outer_ring
2253,48.34825886382253,51.177958946471755,6889,3,stroke_nan
2254,59.60438287405252,2.3533980935619647,2679,0,outer_ring
2255,54.55745116334255,6.800020027861281,2238,0,outer_ring
2256,56.93426235037393,7.053565374351711,2485,0,outer_ring
2257,49.878668699849214,8.52844364593894,11324,5,text_en_1919
2258,54.02743219822311,6.527407122229566,2180,0,outer_ring
2259,52.93038479773239,8.068484577685938,2068,0,outer_ring
2260,82.34552939728796,47.822305404086684,10400,5,text_en_1919
2261,83.39226905959137,70.93080085292036,9448,5,text_en_1919
2262,73.58407763227086,60.33163432838732,4508,2,octagram
2263,66.80331608482265,7.4837080921393415,3097,0,outer_ring
2264,65.38682120550244,20.99134038826333,4196,1,inner_ring
2265,61.8682919470886,6.571678165577286,2846,0,outer_ring
2266,42.62748827505106,25.32743055365925,5743,2,octagram
2267,45.06427321180381,13.741606231766395,11072,5,text_en_1919
2268,69.3438245966712,63.0489923265321,4566,2,octagram
2269,50.23456069320266,79.1138598211135,9105,5,text_en_1919
2270,50.50697982894361,89.0408573180522,539,0,outer_ring
2271,37.73814754378083,87.1877486175169,1244,0,outer_ring
2272,44.99070239933408,88.39506662830853,935,0,outer_ring
2273,58.05813759043687,80.06237165833993,8977,5,text_en_1919
2274,47.574082521758896,90.20457820433988,731,0,outer_ring
2275,40.2050369764311,86.55918896946314,1188,0,outer_ring
2276,45.41418113278796,74.06995569120362,3589,1,inner_ring
2277,40.08392496739268,71.16225868135977,3630,1,inner_ring
2278,29.857781790156277,67.21491430494147,9605,5,text_en_1919
2279,23.628896461257625,68.41599871822072,9523,5,text_en_1919
2280,26.01154610200709,64.91263644412807,9693,5,text_en_1919
2281,35.123204519078676,79.02457003605406,9066,5,text_en_1919
2282,24.04911414910174,59.10892151335101,9893,5,text_en_1919
2283,23.721097686159077,56.88917244949292,10004,5,text_en_1919
2284,26.651221892962994,52.58633980116837,3794,1,inner_ring
2285,18.03288291424784,42.34617955583104,10608,5,text_en_1919
2286,19.142304849869834,48.65419654218426,10323,5,text_en_1919
2287,31.069183552282688,61.647302755710555,3721,1,inner_ring
2288,37.6282399583842,35.32774466414593,5615,2,octagram
2289,45.18102340687087,36.953377906316035,7520,3,stroke_nan
2290,49.02721205180295,53.800634170003384,6785,3,stroke_nan
2291,65.04928993495089,74.20550594797393,4691,2,octagram
2292,37.365119339080906,60.66971407844263,5128,2,octagram
2293,42.36703480741332,23.013914891054224,5769,2,octagram
2294,79.8796362994066,34.18773493296595,4331,1,inner_ring
2295,67.31380484833684,77.89676285472088,9256,5,text_en_1919
2296,58.49638992504388,27.02015080523079,5965,2,octagram
2297,46.414207220116026,90.23742516637567,813,0,outer_ring
2298,50.071016979061305,58.857537504846306,6671,3,stroke_nan
2299,64.40412906283197,71.66612555086515,4670,2,octagram
2300,49.15076078407385,50.090425099341545,6946,3,stroke_nan
2301,47.19344952624261,54.156150721030635,6779,3,stroke_nan
2302,49.701840027948386,88.94390660947616,597,0,outer_ring
2303,59.25875458797878,3.177464579820282,2656,0,outer_ring
2304,49.254687742551354,9.699556493296525,11322,5,text_en_1919
2305,31.97164206013352,63.8944950022383,3702,1,inner_ring
2306,58.06025964295671,26.44831937052975,5953,2,octagram
2307,50.688220813320605,5.882762409156512,1880,0,outer_ring
2308,48.93255519694233,39.94497581686722,7370,3,stroke_nan
2309,46.22888402603673,42.853187125146334,7336,3,stroke_nan
2310,46.37065879024443,16.478603666847164,10919,5,text_en_1919
2311,41.98294052342509,52.89440826424088,6861,3,stroke_nan
2312,26.40601958516819,36.81756088027981,5504,2,octagram
2313,29.04382306913232,36.30440171661449,5516,2,octagram
2314,31.880225952486217,62.57794001231052,3712,1,inner_ring
2315,49.65414696559601,54.4847017508772,6791,3,stroke_nan
2316,26.642548699266918,42.41870919008454,3861,1,inner_ring
2317,36.20496812774775,35.27652420149071,5602,2,octagram
2318,44.849063860155184,22.43293838391208,5803,2,octagram
2319,48.608439391497726,7.102226421008875,1740,0,outer_ring
2320,44.70083722805022,12.574709518651838,11128,5,text_en_1919
2321,46.10543436672386,8.38948166669673,1611,0,outer_ring
2322,61.26496108966832,22.331973789641523,6012,2,octagram
2323,66.24741158703789,46.827308176152165,8089,4,stroke_kai
2324,78.70912519640505,35.09829849967325,4332,1,inner_ring
2325,80.19622699849964,23.004319315808345,10848,5,text_en_1919
2326,60.3873211311566,47.77211081845647,8087,4,stroke_kai
2327,57.10332867335833,4.1252685639627975,2483,0,outer_ring
2328,69.53025635369866,24.753835423474673,4235,1,inner_ring
2329,87.64161642730315,54.85266159207823,10044,5,text_en_1919
2330,86.32889011563645,39.72504414532174,10702,5,text_en_1919
2331,74.21129947261295,66.55979858691234,3369,1,inner_ring
2332,60.67617608373408,70.46872663518968,4740,2,octagram
2333,40.034444304711066,62.934706988777734,5087,2,octagram
2334,77.80466071747635,38.051173026792526,6292,2,octagram
2335,61.231888834181746,56.158778503570375,7752,4,stroke_kai
2336,42.5794373630943,87.06739542854923,1075,0,outer_ring
2337,38.83043738522655,63.483410408259104,5107,2,octagram
2338,55.917937039255875,82.04151613479046,8848,5,text_en_1919
2339,46.938542353514386,89.99257960298795,778,0,outer_ring
2340,48.99106032267004,89.02169140979112,655,0,outer_ring
2341,32.79146779730042,82.53535077455605,1352,0,outer_ring
2342,54.86221016433134,89.06670859522177,267,0,outer_ring
2343,30.79186145419758,73.14121915406949,9421,5,text_en_1919
2344,44.222357666840324,90.40571423421031,951,0,outer_ring
2345,57.45201560257459,88.93599872256685,146,0,outer_ring
2346,49.713617739784354,89.29210169597454,590,0,outer_ring
2347,18.60531063312588,48.32663570124925,10305,5,text_en_1919
2348,30.154899959137722,56.13865961597144,5259,2,octagram
2349,34.070874893294565,48.8700146500762,5350,2,octagram
2350,37.91550822722715,85.53594370779567,1260,0,outer_ring
2351,62.16587319717463,90.33884181408438,47,0,outer_ring
2352,57.698147487843244,91.6655417587554,145,0,outer_ring
2353,40.35548131768898,87.04543587037762,1170,0,outer_ring
2354,57.04413494172538,51.44108546842874,7944,4,stroke_kai
2355,77.05035726259119,81.14533687122923,9141,5,text_en_1919
2356,62.674665009841156,77.16067883280992,9265,5,text_en_1919
2357,79.08306380213281,68.77423890900651,9493,5,text_en_1919
2358,51.05564139442929,75.06930594676939,3548,1,inner_ring
2359,80.30857437691002,70.02999227719454,9485,5,text_en_1919
2360,40.42829703236729,88.54579195687128,1150,0,outer_ring
2361,90.184598833586,61.113533443112736,9802,5,text_en_1919
2362,66.41875563822659,72.99506764778661,3439,1,inner_ring
2363,69.13043189137065,62.204847631538456,4558,2,octagram
2364,63.79736911268497,53.469064921938525,7849,4,stroke_kai
2365,65.26694577868231,52.646442791368564,7895,4,stroke_kai
2366,61.632939826481724,59.223824382808765,7644,4,stroke_kai
2367,83.46776906406798,60.05529491360873,9835,5,text_en_1919
2368,78.16661759984235,55.47749011303668,6540,2,octagram
2369,86.54831759559167,58.850521176801834,9862,5,text_en_1919
2370,59.56812973066939,15.582675895568912,11100,5,text_en_1919
2371,72.09324384815817,33.948120421168,6215,2,octagram
2372,57.5367040240506,7.6963103857163215,2544,0,outer_ring
2373,88.69026013844498,55.284024843760896,10032,5,text_en_1919
2374,44.683558375471655,7.571328816388609,1570,0,outer_ring
2375,57.189577537896106,49.093114990644615,7981,4,stroke_kai
2376,91.03878439694842,49.19884527464515,10233,5,text_en_1919
2377,86.55329345145918,62.42505156997477,9760,5,text_en_1919
2378,51.571734182072625,6.188027771130149,1962,0,outer_ring
2379,86.48070362541426,41.16905786468691,10681,5,text_en_1919
2380,60.37101616519929,43.63648444931958,8258,4,stroke_kai
2381,66.40667524196452,6.507754475625162,3069,0,outer_ring
2382,63.61274130124647,6.089297195043013,2948,0,outer_ring
2383,69.62910373397118,33.414166398471316,6187,2,octagram
2384,40.65912074659063,9.729687241032213,1477,0,outer_ring
2385,63.6304021550756,5.641536099714902,2942,0,outer_ring
2386,41.55996029191827,8.213023908223953,1493,0,outer_ring
2387,41.953944638109064,49.86002083618857,6941,3,stroke_nan
2388,48.967964188331756,5.972063999856254,1769,0,outer_ring
2389,59.63813698432744,7.007452882957831,2715,0,outer_ring
2390,49.0251796831715,13.328025627037956,11193,5,text_en_1919
2391,63.80341434855636,7.996491097204985,2986,0,outer_ring
2392,49.6063444805107,6.633144383022152,1797,0,outer_ring
2393,53.86080870362862,5.289271020848872,2167,0,outer_ring
2394,52.41802560655477,4.8623040622452365,2039,0,outer_ring
2395,41.16264354743471,26.886349330272246,5728,2,octagram
2396,53.24333624564594,7.148220107937295,2098,0,outer_ring
2397,63.39974404214422,7.168014966765304,2949,0,outer_ring
2398,50.363824456312486,8.347939524110203,1836,0,outer_ring
2399,76.33895580109635,52.95542376326853,6505,2,octagram
2400,81.04842389465892,15.628416217638415,3224,0,outer_ring
2401,57.60754728627506,7.068860198768103,2547,0,outer_ring
2402,93.24386000851034,47.042721340459586,10479,5,text_en_1919
2403,80.17753384831911,58.34584688195123,4425,2,octagram
2404,66.48907251464097,55.081888066415225,7815,4,stroke_kai
2405,91.06661492761823,55.08444425516187,10024,5,text_en_1919
2406,84.6984970585873,47.861892506196654,10402,5,text_en_1919
2407,81.21634770349722,36.46057465747677,6312,2,octagram
2408,65.96204260690692,48.06258536127175,8049,4,stroke_kai
2409,56.43816223945828,14.50795585057313,11150,5,text_en_1919
2410,88.03575888560061,59.6852464654086,9863,5,text_en_1919
2411,26.147668938658683,79.39213446065777,1379,0,outer_ring
2412,44.364094720894364,72.27313908660564,4972,2,octagram
2413,48.985612748645934,48.392273510865685,7059,3,stroke_nan
2414,50.183511052649614,89.38916461402856,559,0,outer_ring
2415,52.327148460476906,88.75214732960808,411,0,outer_ring
2416,44.163286824131646,88.28063479181431,991,0,outer_ring
2417,44.07760310915311,6.545576793038585,1566,0,outer_ring
2418,33.24269712783901,66.5670897332357,3686,1,inner_ring
2419,60.65635013771091,82.55901722449222,8864,5,text_en_1919
2420,27.674113116384103,53.506215601634665,3782,1,inner_ring
2421,35.767579138964486,59.89245089591614,5149,2,octagram
2422,23.615905262954108,70.59178338626646,9470,5,text_en_1919
2423,33.49248448646768,58.37508335659354,5185,2,octagram
2424,22.79230624998569,44.378902334094015,10539,5,text_en_1919
2425,30.104654479159333,39.199495164492326,5481,2,octagram
2426,30.446626585927344,39.045275180022564,5480,2,octagram
2427,25.089813301043996,36.74945134000803,10739,5,text_en_1919
2428,37.540896280713824,26.411657359101152,4001,1,inner_ring
2429,20.951107976093816,46.85870532330627,10509,5,text_en_1919
2430,23.63652263176394,73.57246045525487,9444,5,text_en_1919
2431,46.47389721059482,57.26858126582346,6660,3,stroke_nan
2432,30.694936786794273,52.9150453166914,5287,2,octagram
2433,55.25626446381638,26.98370960538491,5922,2,octagram
2434,45.476080607793484,54.791155854222076,6770,3,stroke_nan
2435,67.67360724452793,82.02351015378991,8911,5,text_en_1919
2436,38.84915569400296,43.81169088249846,7259,3,stroke_nan
2437,50.94492951983773,89.99716133872113,506,0,outer_ring
2438,31.500408320092458,60.43282655703875,5181,2,octagram
2439,80.03280393972635,77.16121404665509,9329,5,text_en_1919
2440,56.154785140063986,91.24272759765111,202,0,outer_ring
2441,35.87576442249929,49.884019297271784,5348,2,octagram
2442,54.35405387886015,76.7102308143896,9196,5,text_en_1919
2443,54.755192040817235,89.29323346224636,272,0,outer_ring
2444,44.74367711498076,38.32663629117983,7459,3,stroke_nan
2445,44.21727820829961,37.47884928764487,7491,3,stroke_nan
2446,65.27681111476167,23.751114526360784,6061,2,octagram
2447,63.90317604431441,25.96306997988254,6083,2,octagram
2448,45.58569302067073,6.554434649391536,1606,0,outer_ring
2449,51.84302149273613,42.02879163881863,7289,3,stroke_nan
2450,45.85805554854736,39.86085689126574,7409,3,stroke_nan
2451,51.20287446480839,4.753059013056669,1936,0,outer_ring
2452,59.78147833643058,43.45612034440256,8257,4,stroke_kai
2453,22.500977566407254,67.81010634090798,9542,5,text_en_1919
2454,53.47237173960447,5.004915868032246,2126,0,outer_ring
2455,52.92202519428351,43.2471218462957,7329,3,stroke_nan
2456,25.477372873554007,51.28275416910991,10157,5,text_en_1919
2457,24.414387904894028,16.880080147236615,1412,0,outer_ring
2458,39.659313534892014,24.76190506985361,4021,1,inner_ring
2459,52.06620230357524,9.627480749065226,1989,0,outer_ring
2460,40.04514041803343,14.485346446810205,11199,5,text_en_1919
2461,54.03917122322438,6.285329274975115,2185,0,outer_ring
2462,66.0598119701233,5.953367068271045,3053,0,outer_ring
2463,48.17742901957923,4.988340407391595,1734,0,outer_ring
2464,50.35893716007115,15.940037473729515,10952,5,text_en_1919
2465,61.757239600258934,6.074268694210996,2837,0,outer_ring
2466,51.037736899806006,46.84103168789548,7115,3,stroke_nan
2467,50.33798675518324,11.785898565784127,11228,5,text_en_1919
2468,67.77189666095057,41.730858237304396,8307,4,stroke_kai
2469,50.88026464346606,7.050851079104011,1888,0,outer_ring
2470,88.19258172304798,48.796510757139394,10315,5,text_en_1919
2471,80.84336288170545,41.56308058067253,4379,1,inner_ring
2472,65.58775955133612,21.401592876263987,4199,1,inner_ring
2473,47.29235635055389,89.15691185660641,766,0,outer_ring
2474,56.6734762403111,6.685107463594333,2463,0,outer_ring
2475,53.794069037096214,78.63033560962447,9164,5,text_en_1919
2476,58.76567181455259,87.09906036219175,105,0,outer_ring
2477,79.48721648399012,37.94476686092479,6322,2,octagram
2478,41.19321662682051,70.67603983426731,5004,2,octagram
2479,41.87258686832965,84.06299043608281,8733,5,text_en_1919
2480,48.18125734868216,90.27684681941874,697,0,outer_ring
2481,43.81357576033771,83.95366570520616,8724,5,text_en_1919
2482,36.88720963655157,86.40206517465258,1277,0,outer_ring
2483,62.27629714773167,90.16600590071918,46,0,outer_ring
2484,53.62539490210542,89.21657877017594,330,0,outer_ring
2485,41.8201891733323,43.66423353469534,7269,3,stroke_nan
2486,41.53746277419296,72.67016076786042,3608,1,inner_ring
2487,55.22990577697847,85.9734832649543,251,0,outer_ring
2488,50.00252483130578,88.55859439593844,576,0,outer_ring
2489,31.442557449288344,63.283909302392416,3710,1,inner_ring
2490,51.91671410736711,53.74778127630445,6871,3,stroke_nan
2491,20.172505130117408,51.860252580024586,10161,5,text_en_1919
2492,39.89801343639666,87.87914948678409,1177,0,outer_ring
2493,46.91051530339163,73.86284729680803,3578,1,inner_ring
2494,46.82194531840282,89.3244396492088,796,0,outer_ring
2495,50.26963438314536,90.80522065750176,544,0,outer_ring
2496,76.98705748545768,79.91700682477563,9259,5,text_en_1919
2497,67.21421701938897,80.46678950111136,9064,5,text_en_1919
2498,67.74892171764823,82.06734126951194,8888,5,text_en_1919
2499,77.45248291548545,59.4807855001634,4462,2,octagram
2500,64.16026250661827,55.95488587118805,7767,4,stroke_kai
2501,55.51219627800956,56.89748566203016,7707,4,stroke_kai
2502,57.74833421520667,53.05807335439453,7873,4,stroke_kai
2503,65.77528507617208,50.39317153452576,7983,4,stroke_kai
2504,59.73444884524051,49.386411318791474,8031,4,stroke_kai
2505,71.15879507111805,63.806289919055864,4547,2,octagram
2506,47.010442063200756,88.8245163569955,789,0,outer_ring
2507,82.37555094053458,66.68002462030006,9619,5,text_en_1919
2508,61.124854397757915,41.36599448691306,8357,4,stroke_kai
2509,87.87330676748086,65.07821021436648,9708,5,text_en_1919
2510,66.69066606225392,58.07028495816139,7714,4,stroke_kai
2511,92.80605254793176,48.81208166848517,10272,5,text_en_1919
2512,74.26611753934243,38.63911282995144,8354,4,stroke_kai
2513,55.34954423274445,27.56968033145764,5923,2,octagram
2514,63.24841821663305,72.15862310256952,4706,2,octagram
2515,83.9402127253298,59.00015964576684,9876,5,text_en_1919
2516,64.79353377844745,57.27123360834309,7709,4,stroke_kai
2517,79.16744200942405,30.384700051734814,4307,1,inner_ring
2518,84.34370993233512,49.78690682068109,10291,5,text_en_1919
2519,87.82093225520056,52.62016353880614,10111,5,text_en_1919
2520,68.02484651649607,46.759407301094406,8115,4,stroke_kai
2521,58.04293157013538,49.05123705527614,8051,4,stroke_kai
2522,67.21081453345792,20.041233737725207,10860,5,text_en_1919
2523,57.821327859842434,5.906011540903476,2556,0,outer_ring
2524,62.13156399918716,35.872918403447336,8501,4,stroke_kai
2525,59.59614373540106,9.200507306599645,2731,0,outer_ring
2526,52.28242330832171,4.953726192595258,2029,0,outer_ring
2527,52.32926020941833,28.07708529390776,5882,2,octagram
2528,49.193465498163086,4.887653185969495,1781,0,outer_ring
2529,66.51116957963009,19.36986248862688,10869,5,text_en_1919
2530,52.20994204683577,5.478098648039511,2018,0,outer_ring
2531,56.270241793620066,5.364801834285264,2414,0,outer_ring
2532,48.8417875326737,24.4168504867712,5861,2,octagram
2533,81.97187414680786,26.27696487289164,10817,5,text_en_1919
2534,53.38898400715195,7.238641279486393,2111,0,outer_ring
2535,46.328347547877165,7.178590818142579,1627,0,outer_ring
2536,54.471119443842355,5.234348647697668,2229,0,outer_ring
2537,57.60446637502796,36.88575946206143,8528,4,stroke_kai
2538,55.20145397704,6.13012967941233,2287,0,outer_ring
2539,58.21747041344911,8.263102435306392,2608,0,outer_ring
2540,69.32320196372,8.017764078275153,3162,0,outer_ring
2541,61.956411135249915,7.115631000869728,2858,0,outer_ring
2542,67.15737962481207,10.090744814058002,11292,5,text_en_1919
2543,61.127501387007044,37.50481820125847,8460,4,stroke_kai
2544,86.36928856627628,52.85923659007048,10123,5,text_en_1919
2545,75.166061540578,59.62246618361128,4480,2,octagram
2546,84.3953075128467,52.27874626528009,3255,1,inner_ring
2547,70.51926149214654,35.02938663648304,6199,2,octagram
2548,68.74444347595094,7.603695146542675,3150,0,outer_ring
2549,79.53262556283539,36.99502394825515,6310,2,octagram
2550,45.24749254637649,5.551382547140509,1602,0,outer_ring
2551,65.89605107060386,6.481916276234872,3052,0,outer_ring
2552,66.98691011996391,66.75405223912426,4606,2,octagram
2553,37.692197766955175,85.83716834291535,1264,0,outer_ring
2554,28.170225315062186,63.79543558704291,9726,5,text_en_1919
2555,48.89288975184275,75.94436765222393,3563,1,inner_ring
2556,70.32352037322849,79.50201797282936,9149,5,text_en_1919
2557,51.862475966705006,90.692747155558,437,0,outer_ring
2558,45.26803644427001,70.96276218756894,4931,2,octagram
2559,52.87921144351139,89.36800297058015,380,0,outer_ring
2560,32.52598850576042,72.55068966180517,9433,5,text_en_1919
2561,32.51415485847001,56.21223326474528,5274,2,octagram
2562,52.05382397693544,81.55878444542728,8858,5,text_en_1919
2563,20.245386767281293,58.19114229421359,9937,5,text_en_1919
2564,23.926781561351802,67.39036772023327,9565,5,text_en_1919
2565,23.053724658888477,60.00973725378665,9875,5,text_en_1919
2566,28.20737625382798,57.72744903727736,5236,2,octagram
2567,30.53166505675156,58.36715231047623,5213,2,octagram
2568,19.856312390871704,34.030841191023875,10792,5,text_en_1919
2569,23.697617951535815,51.650528564962634,10186,5,text_en_1919
2570,20.034423797822946,36.37519685861963,10777,5,text_en_1919
2571,44.917682221319225,41.34748139755204,7372,3,stroke_nan
2572,35.185324697712126,68.94825557528512,3665,1,inner_ring
2573,28.46388279161467,58.87604531477473,5227,2,octagram
2574,36.84536294300585,25.471986561338262,4000,1,inner_ring
2575,56.57077917587046,49.41230560234081,7977,4,stroke_kai
2576,64.50216661341256,74.53280558255662,3452,1,inner_ring
2577,67.49990663759503,71.0578262476317,4653,2,octagram
2578,40.05331462210785,86.77341391978906,1190,0,outer_ring
2579,40.85580674680845,88.00911146250138,1135,0,outer_ring
2580,65.37814455271742,77.56459867923728,9298,5,text_en_1919
2581,85.95583248920212,42.23327062528654,10658,5,text_en_1919
2582,47.14362148655657,92.06139129298363,743,0,outer_ring
2583,56.28469285445824,84.41785034673113,8687,5,text_en_1919
2584,33.08933794905745,66.21695098941501,3687,1,inner_ring
2585,42.213222639746405,67.24496714653131,5037,2,octagram
2586,50.345588305099405,10.699975698246051,11240,5,text_en_1919
2587,50.934592882409085,49.0450326837051,7011,3,stroke_nan
2588,33.853774273740235,9.50077000304923,1430,0,outer_ring
2589,51.94300996056038,53.670767472117355,6872,3,stroke_nan
2590,47.005719961020446,54.843218138226185,6774,3,stroke_nan
2591,51.663051673421045,49.59471513962715,6994,3,stroke_nan
2592,52.16022454861223,8.41024327087331,2004,0,outer_ring
2593,42.001374455367284,18.360395011898568,10889,5,text_en_1919
2594,30.63053743724683,34.53125831087688,3921,1,inner_ring
2595,28.65568556446645,38.199818111731375,5491,2,octagram
2596,42.69867783354728,43.81018171170777,7271,3,stroke_nan
2597,41.44115346245437,45.868648321002794,7153,3,stroke_nan
2598,42.05735105673842,23.02309593876241,5767,2,octagram
2599,18.53058573794029,40.924663092442266,10641,5,text_en_1919
2600,42.465433514150476,5.692271869598654,1520,0,outer_ring
2601,40.842174921395035,24.586856855435492,4030,1,inner_ring
2602,21.209679310070157,45.08550894263604,10543,5,text_en_1919
2603,54.70487166826233,5.437270403311782,2250,0,outer_ring
2604,53.08061682128451,35.781672611159145,5904,2,octagram
2605,45.02856315514936,5.443150771088361,1595,0,outer_ring
2606,56.73644929703266,12.35753933043113,11293,5,text_en_1919
2607,45.99502261870503,7.311270107333726,1617,0,outer_ring
2608,49.75297207634388,21.11350391460706,5853,2,octagram
2609,57.14936633466569,44.7113246060786,8200,4,stroke_kai
2610,52.51431027002493,56.99712168727678,6642,3,stroke_nan
2611,55.12533453866851,5.475975569802025,2277,0,outer_ring
2612,46.261472194415816,40.98790910290264,7382,3,stroke_nan
2613,59.18761333120211,25.34249112008838,5973,2,octagram
2614,51.10749888691217,71.16362840272727,4874,2,octagram
2615,72.1490398679047,46.23657157201202,6434,2,octagram
2616,65.00884330858436,71.8909456412621,4672,2,octagram
2617,54.00345180364452,5.352813673932721,2178,0,outer_ring
2618,59.75106846818215,75.8028734486044,3491,1,inner_ring
2619,64.38413913545095,42.400381120211115,8330,4,stroke_kai
2620,55.4882613714324,88.74942085143837,238,0,outer_ring
2621,45.436963284123046,72.78298147895931,4942,2,octagram
2622,44.247723968872165,83.8224988711053,8766,5,text_en_1919
2623,67.59970868556796,63.899604017264544,4573,2,octagram
2624,44.270295100475046,89.24932146543985,968,0,outer_ring
2625,40.43658385874684,72.07711100277406,3621,1,inner_ring
2626,58.082317615881834,81.24931025586491,8849,5,text_en_1919
2627,45.62163341004756,89.31156858611945,879,0,outer_ring
2628,41.432282126829904,87.53992430927124,1117,0,outer_ring
2629,53.02373191701729,80.76714630116288,8929,5,text_en_1919
2630,68.29895448365899,71.24833803297396,3423,1,inner_ring
2631,38.559566300690925,42.10294047200809,7341,3,stroke_nan
2632,36.59772229159972,60.69151791095641,5139,2,octagram
2633,20.842912347137908,59.37820246797105,9930,5,text_en_1919
2634,40.78409043679926,87.67903609846849,1148,0,outer_ring
2635,50.600766659916076,89.76423292670722,531,0,outer_ring
2636,50.34992241839426,81.42826083421956,8987,5,text_en_1919
2637,47.942884234638825,89.12752482114874,718,0,outer_ring
2638,60.95772956350269,50.80538871914113,7987,4,stroke_kai
2639,67.33180982283324,79.2615973079151,9182,5,text_en_1919
2640,54.26497488644009,88.73982132012982,291,0,outer_ring
2641,55.69972594079329,76.83148603094112,9197,5,text_en_1919
2642,62.77275201859114,45.622127215709085,8159,4,stroke_kai
2643,90.39032511316462,46.887762678655314,10473,5,text_en_1919
2644,74.81533982200818,66.70132502704675,3367,1,inner_ring
2645,53.075612512348215,76.47052232514437,3531,1,inner_ring
2646,89.06599669384697,47.80718483075646,10391,5,text_en_1919
2647,50.06477768334842,83.36047071693478,8725,5,text_en_1919
2648,67.35546831289356,61.198821546771356,7646,4,stroke_kai
2649,88.0059377546153,64.63172344070168,9712,5,text_en_1919
2650,66.9162702320541,67.34962960442704,4611,2,octagram
2651,73.11417841479238,62.223505962854176,4522,2,octagram
2652,87.29583044872808,49.69422205366085,10296,5,text_en_1919
2653,81.05576428872541,37.95846053723951,4354,1,inner_ring
2654,70.39973600448585,6.812074434445945,3172,0,outer_ring
2655,80.28899649906346,52.08475503689509,3264,1,inner_ring
2656,48.85282771291844,49.93097750563187,6952,3,stroke_nan
2657,68.57875883428692,23.217046640485854,4223,1,inner_ring
2658,65.03165358703187,43.32899577791052,8286,4,stroke_kai
2659,87.00930282996906,47.90133028082265,10407,5,text_en_1919
2660,93.3613312261998,45.22779276840029,10512,5,text_en_1919
2661,88.95939565190038,46.41170998705106,10465,5,text_en_1919
2662,91.12992182370459,51.1098863665551,10166,5,text_en_1919
2663,89.90627253984856,54.350993316431456,10065,5,text_en_1919
2664,62.36561525658219,22.21701376588817,6030,2,octagram
2665,81.08817500678495,44.03054305665586,4397,1,inner_ring
2666,56.49631978896009,15.97088111609481,11026,5,text_en_1919
2667,46.11229604919832,21.06575944388172,4065,1,inner_ring
2668,56.657802342222745,4.333051880732686,2445,0,outer_ring
2669,54.61275129670997,6.593838733428516,2242,0,outer_ring
2670,63.06639246293473,6.021175764578308,2918,0,outer_ring
2671,45.71489451747366,4.190209887188022,1626,0,outer_ring
2672,56.53844887213816,6.22129409965669,2444,0,outer_ring
2673,58.38548612934257,7.258440538729568,2615,0,outer_ring
2674,65.65173060930078,39.42341718347204,8405,4,stroke_kai
2675,62.641492248811616,4.707556288652997,2875,0,outer_ring
2676,80.28334820038141,24.475550348256093,10824,5,text_en_1919
2677,35.87000946163672,12.57778010133659,1432,0,outer_ring
2678,61.27546491288764,5.4372360364093915,2802,0,outer_ring
2679,49.46601391929726,11.675909395929233,11250,5,text_en_1919
2680,57.41023319383194,6.009862895913919,2524,0,outer_ring
2681,55.16061435694313,18.136193443304045,11084,5,text_en_1919
2682,63.69804581310175,13.246504369307688,11164,5,text_en_1919
2683,65.84194689720465,7.11265655425318,3058,0,outer_ring
2684,68.39539389488989,29.6987223727568,6146,2,octagram
2685,65.53699379426409,19.229244340153702,10881,5,text_en_1919
2686,69.18497684154516,35.726132586361985,8442,4,stroke_kai
2687,56.64885869183468,48.483296077491744,8054,4,stroke_kai
2688,80.75515291272042,58.80615456149597,4419,2,octagram
2689,65.41793417934947,7.461886360142549,3045,0,outer_ring
2690,65.81073007037847,6.554370071780634,3050,0,outer_ring
2691,79.78009459633705,41.28017743758178,4373,1,inner_ring
2692,57.40502295794833,6.836385084938965,2528,0,outer_ring
2693,47.090841221745016,47.13716440338263,7129,3,stroke_nan
2694,92.9454954868292,55.74746900708874,10017,5,text_en_1919
2695,27.09741930720333,75.0346750179442,9432,5,text_en_1919
2696,36.623956564941565,85.93141985190299,1285,0,outer_ring
2697,52.352100645717975,88.93372382094053,407,0,outer_ring
2698,60.05538073081444,79.32377428154196,9099,5,text_en_1919
2699,39.835102285987574,89.1458607704603,1163,0,outer_ring
2700,44.00489536838255,85.711223728687,8676,5,text_en_1919
2701,35.42044029354426,85.67050057399473,1307,0,outer_ring
2702,48.15213634645006,82.79788207905261,8787,5,text_en_1919
2703,39.952182562097526,40.76679837527583,7399,3,stroke_nan
2704,37.67748272737146,60.26587919503659,5129,2,octagram
2705,22.436623198454274,60.90680618632031,9817,5,text_en_1919
2706,20.717691871116045,62.12998829124766,9770,5,text_en_1919
2707,29.25461801270964,55.148175594272516,5264,2,octagram
2708,20.06324991709325,63.18270379831023,9752,5,text_en_1919
2709,28.424615718605608,64.56559795577141,9657,5,text_en_1919
2710,40.35567347245391,42.78212898482125,7338,3,stroke_nan
2711,35.336147988702805,29.969759157843857,3974,1,inner_ring
2712,29.439786305130482,39.450754859491326,5479,2,octagram
2713,23.467664724706133,41.999325821602184,10586,5,text_en_1919
2714,33.48253448754378,62.56327825444907,5166,2,octagram
2715,20.577472476940702,47.826440295627826,10436,5,text_en_1919
2716,19.37352758104798,59.651519333665675,9912,5,text_en_1919
2717,15.819019542339122,42.16892507386339,10627,5,text_en_1919
2718,43.63025235001208,66.299230773287,6581,3,stroke_nan
2719,21.502105642050296,47.9799827778116,10343,5,text_en_1919
2720,56.21937291395135,88.58588292071607,193,0,outer_ring
2721,40.22504848888088,72.31797140551517,3622,1,inner_ring
2722,40.23298759412233,64.93759417211622,5076,2,octagram
2723,58.6165357954191,69.78676133800884,4768,2,octagram
2724,75.27103149651452,70.83114923990176,9458,5,text_en_1919
2725,44.735635709846214,88.88842694670123,943,0,outer_ring
2726,51.319756367342244,91.07566692222477,478,0,outer_ring
2727,81.54303051095296,44.554910444198235,4401,1,inner_ring
2728,49.89651736545101,82.61193509108337,8801,5,text_en_1919
2729,54.83603178699874,4.3367915655843685,2261,0,outer_ring
2730,41.09026811399482,51.89426562011744,6913,3,stroke_nan
2731,65.93656822337785,42.02485149939841,8326,4,stroke_kai
2732,56.846492954393085,70.86227099327583,3505,1,inner_ring
2733,47.35472816086673,49.452100099451656,6992,3,stroke_nan
2734,48.944396875099244,48.3726865068826,7054,3,stroke_nan
2735,36.21418025073697,10.897989989301148,1438,0,outer_ring
2736,30.40606081081081,30.26421773302805,3946,1,inner_ring
2737,39.16267228571388,45.83815654022477,7182,3,stroke_nan
2738,30.342966077996937,42.80200977451622,5440,2,octagram
2739,42.57970830883955,49.74540651148763,6933,3,stroke_nan
2740,30.588617758161476,53.72992661535902,5282,2,octagram
2741,41.71709290112431,22.39036764787646,4040,1,inner_ring
2742,37.280775493670845,35.37051503556223,5612,2,octagram
2743,45.61100357520804,40.101589130355336,7410,3,stroke_nan
2744,54.50206516727567,38.913984235362456,5908,2,octagram
2745,43.92945166796831,37.37848530636393,7495,3,stroke_nan
2746,53.06275560926232,5.904495258396626,2088,0,outer_ring
2747,45.28720214970397,21.266642041887792,4060,1,inner_ring
2748,48.889464250842074,8.060861520948254,11345,5,text_en_1919
2749,30.78632739474028,39.215229273330166,5474,2,octagram
2750,69.52725688609269,23.892858244692913,4232,1,inner_ring
2751,74.59976841345207,45.99695362267027,6416,2,octagram
2752,74.3770992885514,9.956585115060731,3212,0,outer_ring
2753,51.07827281078499,6.527835277620892,1909,0,outer_ring
2754,77.89116434828098,54.23652385481535,6529,2,octagram
2755,74.79693013349365,61.78344812774094,4496,2,octagram
2756,79.7396728969938,67.17326437284699,9562,5,text_en_1919
2757,79.25032361629039,61.6630703159304,3325,1,inner_ring
2758,74.24114820184435,47.38977839324904,6433,2,octagram
2759,74.44004952550951,47.15255890931455,6428,2,octagram
2760,47.11918542494585,70.06137018602111,4915,2,octagram
2761,55.4429717038753,83.87728198830804,8670,5,text_en_1919
2762,46.644189427361454,58.39647960480645,6630,3,stroke_nan
2763,36.32018775335615,85.47669870276194,1299,0,outer_ring
2764,53.05794836466123,85.50927190542755,8581,5,text_en_1919
2765,41.46404565844505,85.19783205390947,8675,5,text_en_1919
2766,40.30594919169752,88.35012589673444,1157,0,outer_ring
2767,47.722114211826636,88.14668834125825,750,0,outer_ring
2768,46.835631781907715,82.86087176871736,8799,5,text_en_1919
2769,56.763803903628,90.06809083339435,177,0,outer_ring
2770,52.68166572293998,69.90999297597384,3539,1,inner_ring
2771,37.663690840205916,61.626817185953314,5120,2,octagram
2772,28.216003491987472,51.801984557512164,3799,1,inner_ring
2773,19.097620323440403,41.21382494257757,10624,5,text_en_1919
2774,39.04538501740766,61.33345049075767,5112,2,octagram
2775,22.686958108813837,72.94713690078135,1385,0,outer_ring
2776,69.2395012646211,81.51678588272706,8912,5,text_en_1919
2777,46.02262347638675,88.5714810826814,863,0,outer_ring
2778,67.56214073375453,77.03888646747183,9306,5,text_en_1919
2779,49.42807179105156,91.80649523278532,592,0,outer_ring
2780,47.51748920056748,84.04135597272699,8629,5,text_en_1919
2781,55.77336226443794,52.870078446067964,7843,4,stroke_kai
2782,60.31261654517812,45.94666881182268,8173,4,stroke_kai
2783,53.17169173090765,80.96292939762405,8905,5,text_en_1919
2784,65.684383239289,48.46376471136862,8048,4,stroke_kai
2785,64.28288844026977,55.20763884396841,7783,4,stroke_kai
2786,84.9100483128779,64.53126301263366,9734,5,text_en_1919
2787,69.74025019217767,63.048822568962855,4561,2,octagram
2788,63.939222456135596,52.56503108147587,7905,4,stroke_kai
2789,67.09165000598641,49.620780619086915,8000,4,stroke_kai
2790,67.43765566165756,50.63180901585156,7937,4,stroke_kai
2791,56.79753815476206,54.75263390909872,7802,4,stroke_kai
2792,70.73859997325418,60.53429251605742,4545,2,octagram
2793,60.720218810724,44.13059911427477,8244,4,stroke_kai
2794,56.0516430351661,42.63768378096455,8310,4,stroke_kai
2795,73.60157712087702,59.21572476708867,4501,2,octagram
2796,87.99736507123914,51.20409030994871,10130,5,text_en_1919
2797,62.181882304007665,24.442164686813864,6009,2,octagram
2798,89.31463684401714,54.6228184245034,10054,5,text_en_1919
2799,67.91779561720246,22.614748291838815,4220,1,inner_ring
2800,51.31820818854203,6.329922089138946,1935,0,outer_ring
2801,76.65602739294049,30.786437286757963,4295,1,inner_ring
2802,86.18865579221176,62.88629375698165,9740,5,text_en_1919
2803,84.05311916497632,66.83372115951099,9654,5,text_en_1919
2804,55.19844533482434,45.109842708488976,8266,4,stroke_kai
2805,72.78503173746753,44.556753919925,6413,2,octagram
2806,50.93345022600563,6.319132748833275,1898,0,outer_ring
2807,74.32482006337887,28.095553915537963,4272,1,inner_ring
2808,55.2150783353236,4.188149547524975,2284,0,outer_ring
2809,56.94444359239836,13.77457179950322,11218,5,text_en_1919
2810,60.00539247190161,7.024183577847555,2739,0,outer_ring
2811,56.186839984749035,5.756925689187718,2402,0,outer_ring
2812,61.914897996672714,7.509544544514806,2859,0,outer_ring
2813,47.70962675402271,25.414508028303533,7566,3,stroke_nan
2814,54.4734739846259,23.26092332257891,4122,1,inner_ring
2815,46.207184781595686,6.729064458070036,1625,0,outer_ring
2816,50.66752161980423,7.308896097733601,1868,0,outer_ring
2817,59.29792427853105,6.550793886794395,2687,0,outer_ring
2818,52.27727076417188,5.322773318129872,2028,0,outer_ring
2819,45.58285994517078,7.1125229062178175,1603,0,outer_ring
2820,57.775698630305406,5.853805523269326,2553,0,outer_ring
2821,53.91879710194378,7.065837146917842,2172,0,outer_ring
2822,64.3655042253532,6.917792289736222,3001,0,outer_ring
2823,55.3912218353538,6.236236613344276,2309,0,outer_ring
2824,54.39365054280275,7.115553493492483,2220,0,outer_ring
2825,56.6587556657661,6.0901843422140045,2456,0,outer_ring
2826,66.55432998933162,6.18933020479527,3071,0,outer_ring
2827,54.497153521957905,5.725638069280804,2232,0,outer_ring
2828,67.9423546652924,16.68462169613935,10944,5,text_en_1919
2829,88.24732131138593,41.695187019692284,10652,5,text_en_1919
2830,78.89952357905173,62.678556175721575,3334,1,inner_ring
2831,81.01272318735155,43.7998671561548,4393,1,inner_ring
2832,63.012882764761954,3.719764431252178,2892,0,outer_ring
2833,60.485817847312255,37.86156283155172,8461,4,stroke_kai
2834,45.387851166947,13.16816472134122,11117,5,text_en_1919
2835,74.33255617839552,27.11870781461637,4268,1,inner_ring
2836,66.9432305212011,50.39663669932092,7951,4,stroke_kai
2837,43.365818139434225,85.42987247081957,8665,5,text_en_1919
2838,45.190122929708,45.09103473472731,7198,3,stroke_nan
2839,22.17379420713635,67.8180486586027,9564,5,text_en_1919
2840,56.15902302244454,89.26338478018533,195,0,outer_ring
2841,47.694501585599376,90.15194342155137,722,0,outer_ring
2842,35.33261628589426,75.6724819544181,9393,5,text_en_1919
2843,38.51175283498782,87.36229784268444,1226,0,outer_ring
2844,37.49583539730787,68.95706496356338,3655,1,inner_ring
2845,35.10571101385603,59.28192989001119,5161,2,octagram
2846,19.56435515529441,43.74707496193057,10555,5,text_en_1919
2847,40.990584754156274,52.28590703333174,6895,3,stroke_nan
2848,18.914447219813393,51.36354311697432,10190,5,text_en_1919
2849,25.780352850959073,67.17278962933582,9588,5,text_en_1919
2850,27.956805414000325,66.48254415998876,9641,5,text_en_1919
2851,34.066994150042426,35.940698709783625,5574,2,octagram
2852,38.29866680116745,46.995118832355104,7070,3,stroke_nan
2853,29.07834062585284,34.286657932685834,3918,1,inner_ring
2854,31.786901106040457,35.600156523819464,5545,2,octagram
2855,44.14086579276713,37.313724043011696,7494,3,stroke_nan
2856,31.04798713101894,52.12850258278845,5301,2,octagram
2857,39.13505327382911,8.489746893218495,1464,0,outer_ring
2858,48.35386230173056,70.35818486653287,4909,2,octagram
2859,51.29599099081565,83.07868393161853,8845,5,text_en_1919
2860,52.74534777216208,46.18592062423615,7167,3,stroke_nan
2861,56.872664081493674,35.290555724599635,8572,4,stroke_kai
2862,66.21078924515712,8.038830889362764,3080,0,outer_ring
2863,64.69247807427725,69.98322947628743,4656,2,octagram
2864,86.02842040964306,46.77090785885778,10441,5,text_en_1919
2865,57.00048941603547,85.16187720460445,154,0,outer_ring
2866,49.53359859529468,92.04217327633515,583,0,outer_ring
2867,63.18568501443703,81.66214548763529,8897,5,text_en_1919
2868,69.98642410953903,42.34656374386786,6401,2,octagram
2869,46.5741097879272,6.738134400571223,1642,0,outer_ring
2870,33.57356287878765,85.18123083941144,1329,0,outer_ring
2871,70.31519500697233,50.10425192842748,7986,4,stroke_kai
2872,32.14641367514754,45.52145489445746,5403,2,octagram
2873,47.12737809031964,44.45630569751331,7264,3,stroke_nan
2874,50.21843433819881,42.047016821412875,7316,3,stroke_nan
2875,47.90433765578416,53.130284074202955,6795,3,stroke_nan
2876,63.30417322253199,15.452454496780051,11020,5,text_en_1919
2877,40.11750510863323,9.397544565610058,1473,0,outer_ring
2878,32.54533356245712,58.90555810313416,5193,2,octagram
2879,28.017425530183708,42.65013893138992,3864,1,inner_ring
2880,53.09335235472627,42.9062007116631,7373,3,stroke_nan
2881,47.25096924080384,6.978853373048793,1667,0,outer_ring
2882,39.67064112321397,45.329979065315044,7206,3,stroke_nan
2883,42.27220841902928,25.01224335048464,5749,2,octagram
2884,35.13771607816018,33.097039594594875,5593,2,octagram
2885,26.65476188795232,37.83468257161373,3892,1,inner_ring
2886,34.640197001672746,7.993744696496427,1437,0,outer_ring
2887,58.71250267288889,70.46567394886891,4764,2,octagram
2888,74.5094654647538,28.366412367505973,4276,1,inner_ring
2889,63.96311535833263,7.301766279934573,2984,0,outer_ring
2890,60.70098964217305,46.75620457952789,8100,4,stroke_kai
2891,59.72029555559496,40.209528445643784,8374,4,stroke_kai
2892,74.16959476108558,46.272040022471685,6419,2,octagram
2893,46.7809533716695,36.93537450652279,7501,3,stroke_nan
2894,41.732975121573766,50.77646614345575,6924,3,stroke_nan
2895,77.80671151268596,43.33529953638506,6368,2,octagram
2896,66.02969911713943,19.747698517029605,10866,5,text_en_1919
2897,77.84851510607386,32.35282246552097,4312,1,inner_ring
2898,79.50140417082439,56.651284660740906,6560,2,octagram
2899,65.89476859777949,26.37042511503998,6105,2,octagram
2900,76.21670728165482,71.19255724854052,9461,5,text_en_1919
2901,64.2519695828903,52.609487614710275,7912,4,stroke_kai
2902,53.06335514120186,86.85445942616695,372,0,outer_ring
2903,68.15677048084665,67.22155305901856,4604,2,octagram
2904,47.615352136779286,73.59316494861396,3574,1,inner_ring
2905,50.68376147258045,79.95431700575757,9080,5,text_en_1919
2906,35.89097071552693,86.39303886685965,1298,0,outer_ring
2907,50.80938527785461,91.4740686095833,509,0,outer_ring
2908,79.3265075906868,74.6622295837776,9362,5,text_en_1919
2909,56.19813588093593,90.52266879079737,198,0,outer_ring
2910,58.17525936110639,84.09312336688987,8660,5,text_en_1919
2911,59.94089167218362,80.34145322736983,9014,5,text_en_1919
2912,31.96342736365761,56.90817188409517,5202,2,octagram
2913,41.71792129711941,67.29005347286645,5041,2,octagram
2914,40.51134497772298,55.244048253744076,6800,3,stroke_nan
2915,49.1186118616941,70.60994855652459,4895,2,octagram
2916,29.206693256514125,57.27863023143657,5239,2,octagram
2917,44.235697285219636,37.38170912968177,7492,3,stroke_nan
2918,39.64123193352612,87.141423809926,1197,0,outer_ring
2919,65.87234240384974,89.28862729681002,20,0,outer_ring
2920,54.543006169629706,87.87304110506183,279,0,outer_ring
2921,52.24812573109024,81.47977745415216,8869,5,text_en_1919
2922,64.19366879835214,77.38055988119203,9305,5,text_en_1919
2923,60.93158363579334,87.93203913407015,56,0,outer_ring
2924,66.59607945769685,78.32463147395339,9233,5,text_en_1919
2925,63.30064736438555,83.19231040780979,8807,5,text_en_1919
2926,58.40836318547376,77.25302057165501,9242,5,text_en_1919
2927,76.83660816936897,43.715688848684294,6376,2,octagram
2928,60.01126541047033,78.91769012663418,9123,5,text_en_1919
2929,68.11031508936998,47.436105929458876,8066,4,stroke_kai
2930,69.03015254079772,63.788934218658234,4575,2,octagram
2931,81.82306339109476,68.86083157401426,9543,5,text_en_1919
2932,89.20371405491915,53.639610189248835,10095,5,text_en_1919
2933,89.42045474412586,48.758937122151565,10318,5,text_en_1919
2934,62.861913257159934,70.9355219280009,4720,2,octagram
2935,68.69027027168832,58.599453703368525,7659,4,stroke_kai
2936,76.51046334683005,74.52167330511772,9385,5,text_en_1919
2937,93.32055295731605,49.54887165093198,10222,5,text_en_1919
2938,67.05830271479653,49.585093642511886,8027,4,stroke_kai
2939,54.373928655587854,28.104119004910995,5893,2,octagram
2940,66.55436060228587,8.744496592931608,3103,0,outer_ring
2941,83.93323035425382,46.201041336696214,10455,5,text_en_1919
2942,60.89718168412212,74.68269231562678,3480,1,inner_ring
2943,53.45060654250073,6.326970373958014,2121,0,outer_ring
2944,57.03011251320963,68.3008956678376,4785,2,octagram
2945,77.9496313247104,58.37013589170868,4454,2,octagram
2946,69.9136578082445,34.992264127992264,6193,2,octagram
2947,88.39116404360459,49.483449002459814,10316,5,text_en_1919
2948,67.30233927861559,34.358062592154916,8522,4,stroke_kai
2949,63.925704893234574,37.33502842864764,8455,4,stroke_kai
2950,62.524836692517866,6.228827026124126,2890,0,outer_ring
2951,58.17894676441038,6.207474958588604,2589,0,outer_ring
2952,56.232267280514,5.509135463081252,2411,0,outer_ring
2953,68.26240451760145,5.840523646279341,3121,0,outer_ring
2954,59.27151233064831,5.317253316045607,2680,0,outer_ring
2955,61.946912511869286,5.468489869685566,2839,0,outer_ring
2956,47.177479935112906,6.012727590433997,1671,0,outer_ring
2957,45.173384804174034,7.440314377601339,1583,0,outer_ring
2958,67.81473459794785,12.951323014578145,11189,5,text_en_1919
2959,49.35946568304152,5.826942448660518,1784,0,outer_ring
2960,49.1723201384714,7.4498066099286415,1771,0,outer_ring
2961,57.62969225291591,38.927209879357996,8429,4,stroke_kai
2962,68.36782398619872,9.196584542519275,3152,0,outer_ring
2963,45.10932085044043,51.70353909179289,6875,3,stroke_nan
2964,50.288889438940515,4.233517000812615,1862,0,outer_ring
2965,62.72288606683457,5.879896242243336,2898,0,outer_ring
2966,68.86641463396954,6.508943687062849,3144,0,outer_ring
2967,79.65319708209951,24.260416709511354,10835,5,text_en_1919
2968,67.14366466577258,15.480414630119519,11028,5,text_en_1919
2969,67.0404786617978,30.524687221189858,6150,2,octagram
2970,82.81531690531094,71.70219981023821,9437,5,text_en_1919
2971,90.07369722250652,46.75643682661212,10449,5,text_en_1919
2972,84.95614953107386,52.5263406419529,10127,5,text_en_1919
2973,55.90648117349433,58.41944106497176,7653,4,stroke_kai
2974,87.36154662114649,52.62544366418655,10118,5,text_en_1919
2975,66.5125896470044,43.388461822681705,8281,4,stroke_kai
2976,50.13492867656477,23.852380285955668,5871,2,octagram
2977,57.01685389155199,6.069782243419511,2487,0,outer_ring
2978,79.0753842131656,55.75552506329552,6550,2,octagram
2979,60.46133944542882,71.36427035917669,4735,2,octagram
2980,64.76224796050008,90.5753476059226,29,0,outer_ring
2981,27.846255546215556,68.12311318786865,9602,5,text_en_1919
2982,45.36507744457742,88.21435769418342,911,0,outer_ring
2983,50.21981950718018,84.03664519446158,8693,5,text_en_1919
2984,46.45079892598777,86.36523749319797,865,0,outer_ring
2985,57.92552533041168,82.89678736179926,8759,5,text_en_1919
2986,26.26277379458627,66.95891775292858,9612,5,text_en_1919
2987,33.62336819643061,84.82288453024476,1333,0,outer_ring
2988,36.47130261820298,69.0421125234331,3659,1,inner_ring
2989,36.378324408861104,50.268701226288535,5346,2,octagram
2990,19.294057803506817,58.76956109818913,9929,5,text_en_1919
2991,21.211525223717558,56.34130965022331,9994,5,text_en_1919
2992,32.945031995577985,70.08523331601957,9491,5,text_en_1919
2993,22.251323421057158,59.08216841432074,9907,5,text_en_1919
2994,20.1765622758363,41.72421556096845,10602,5,text_en_1919
2995,21.67192881638886,37.844763490774156,10764,5,text_en_1919
2996,21.27870715997274,53.29498829227619,10147,5,text_en_1919
2997,42.3712517281877,30.880162352262268,5682,2,octagram
2998,29.328171605343485,60.58295574789156,3732,1,inner_ring
2999,19.90292542790765,48.74014160166743,10379,5,text_en_1919
3000,54.940185305786926,76.17083825326559,3522,1,inner_ring
3001,52.69034133515622,4.876131701368889,2057,0,outer_ring
3002,44.67760813321789,51.74034599636895,6896,3,stroke_nan
3003,61.522080581162086,75.19271666976576,3473,1,inner_ring
3004,52.924178073222244,51.29174313336376,6936,3,stroke_nan
3005,49.00202872686377,57.91119358721604,6698,3,stroke_nan
3006,54.95766112864179,90.30275252049256,264,0,outer_ring
3007,46.39480986604489,88.74796304044135,836,0,outer_ring
3008,57.6554263972579,33.55453848363849,5961,2,octagram
3009,52.79975769793554,88.43985568447795,388,0,outer_ring
3010,61.28478031249186,75.29661082148039,3477,1,inner_ring
3011,51.143297762848334,15.958763158256867,11118,5,text_en_1919
3012,80.4840290472857,41.61453904161569,4378,1,inner_ring
3013,42.69279084639326,21.651772522368532,5770,2,octagram
3014,35.75339097995238,25.84435109622341,3992,1,inner_ring
3015,58.45515722478365,70.03591236141573,4766,2,octagram
3016,42.53351497422729,22.70606768716105,4046,1,inner_ring
3017,31.857540764965258,30.695788668496867,3951,1,inner_ring
3018,28.67003512221052,33.0946184285249,3924,1,inner_ring
3019,53.199313227130375,20.25891479073216,4112,1,inner_ring
3020,31.93681758053627,35.51117762306843,5548,2,octagram
3021,34.367951357183635,35.56689116182081,5578,2,octagram
3022,67.6447584683529,23.180838742744793,6093,2,octagram
3023,46.56819218496854,5.469763617067711,1657,0,outer_ring
3024,54.75819333025541,53.56980176021862,4825,2,octagram
3025,31.141517534914787,43.809636249611955,5427,2,octagram
3026,46.124687889657594,21.23438760022693,5809,2,octagram
3027,49.20918714457483,48.254852076090415,7060,3,stroke_nan
3028,53.90735180278335,6.100548448088752,2171,0,outer_ring
3029,49.1814898825616,23.116425900919246,5859,2,octagram
3030,55.46144598214364,7.348590506454893,2323,0,outer_ring
3031,50.89797560508014,24.693557902575417,5876,2,octagram
3032,39.93721728608387,17.80081089037458,10915,5,text_en_1919
3033,61.478488523311434,56.974115519046315,7717,4,stroke_kai
3034,59.74119405317084,19.204288724213825,4156,1,inner_ring
3035,61.76653472879427,5.475510263617721,2831,0,outer_ring
3036,61.28935188010658,57.81145354211671,7701,4,stroke_kai
3037,68.643468635116,22.817023776380548,4222,1,inner_ring
3038,77.99674770092375,15.481731706319213,10853,5,text_en_1919
3039,42.474700121623776,71.29977057444401,4991,2,octagram
3040,63.79488498225797,48.212086379063315,8067,4,stroke_kai
3041,42.36863292873725,9.445478127549075,1501,0,outer_ring
3042,68.56316250409499,33.082441613197844,6174,2,octagram
3043,84.89348710005795,46.89263543104957,10439,5,text_en_1919
3044,52.276777372379684,85.28148943463268,8616,5,text_en_1919
3045,51.00509252832663,89.11569414243769,508,0,outer_ring
3046,47.77907157241463,53.867244317726815,6780,3,stroke_nan
3047,47.39487635201776,90.32504614596367,747,0,outer_ring
3048,59.91570607656746,75.24106753875994,3487,1,inner_ring
3049,52.8135972357793,81.41214582551629,8846,5,text_en_1919
3050,51.18023171264935,88.6971938407417,496,0,outer_ring
3051,34.87681643846526,66.9571934771441,3677,1,inner_ring
3052,55.88320530682434,90.18038490767107,215,0,outer_ring
3053,52.761396580118976,81.94136625450359,8814,5,text_en_1919
3054,50.27374132642561,88.3521887710553,561,0,outer_ring
3055,53.772567661799116,91.4844953319155,322,0,outer_ring
3056,35.08126045909825,46.51400212535457,5374,2,octagram
3057,26.587360143802243,53.71106936425373,3783,1,inner_ring
3058,32.0009001033227,69.52045496679617,9505,5,text_en_1919
3059,19.904879353199906,25.58447298128945,1409,0,outer_ring
3060,53.93678248570777,90.26656703865707,309,0,outer_ring
3061,66.25207312595434,87.95330190210778,17,0,outer_ring
3062,59.530128119049756,83.41589163593962,8772,5,text_en_1919
3063,65.48615045049155,73.15522766601438,4686,2,octagram
3064,61.23941877644997,56.45472295839765,7738,4,stroke_kai
3065,63.07203515300004,57.510780961547304,7725,4,stroke_kai
3066,57.88638376777427,87.67474025260343,130,0,outer_ring
3067,80.46514494009841,67.15083034866933,9573,5,text_en_1919
3068,55.08243043689093,65.75673035215895,4824,2,octagram
3069,48.679978458718296,58.86311341341613,6677,3,stroke_nan
3070,64.52231751187216,49.608634640610305,8018,4,stroke_kai
3071,78.48913321358042,61.98966592291863,3330,1,inner_ring
3072,58.59685193082949,42.670407349815925,8263,4,stroke_kai
3073,66.07293949372684,77.8196832572528,9282,5,text_en_1919
3074,59.979488899936634,60.300098012875324,7595,4,stroke_kai
3075,82.03311364684707,47.01049111873266,10437,5,text_en_1919
3076,77.54233031831467,60.82744425006098,4466,2,octagram
3077,67.76464695282063,65.2343296898243,4588,2,octagram
3078,90.38425486700494,61.53561115492664,9774,5,text_en_1919
3079,86.46989147305216,58.92076943439421,9856,5,text_en_1919
3080,48.361456725323265,7.791942319283832,1719,0,outer_ring
3081,57.011196309835285,9.000361488636068,2508,0,outer_ring
3082,48.14467585510712,78.49630990685488,9240,5,text_en_1919
3083,83.98883935017079,49.33534787104345,10309,5,text_en_1919
3084,67.48048218273819,27.494353776416276,6119,2,octagram
3085,57.36435164795702,5.282775196877088,2517,0,outer_ring
3086,69.06646794241371,41.104882829049835,8341,4,stroke_kai
3087,91.66657715670792,42.5413326477353,10579,5,text_en_1919
3088,87.64900644106679,48.87226875762841,10314,5,text_en_1919
3089,90.61748721714619,46.333022349501114,10510,5,text_en_1919
3090,48.86740277946911,11.962598556775344,11238,5,text_en_1919
3091,74.31819120186393,47.50669790784305,6436,2,octagram
3092,68.7330500738767,32.286388621964086,6169,2,octagram
3093,56.32434759523949,6.5713246725941845,2426,0,outer_ring
3094,62.110040841595726,46.64324802175662,8153,4,stroke_kai
3095,65.60678651134107,7.803066994833336,3056,0,outer_ring
3096,62.98515850205509,5.461278255606953,2909,0,outer_ring
3097,57.683722614043845,15.668504827189805,11075,5,text_en_1919
3098,67.68947658894076,22.62600595450431,4218,1,inner_ring
3099,62.92808844418476,8.119737716393965,2934,0,outer_ring
3100,57.720488799878,13.459447045398385,11263,5,text_en_1919
3101,52.24156225956731,5.055947303492336,2023,0,outer_ring
3102,59.95072145480271,23.757579265494048,5993,2,octagram
3103,44.15583017502236,7.73645661700535,1559,0,outer_ring
3104,48.88778454018612,4.770033862334051,1776,0,outer_ring
3105,55.03599632139121,31.566718411121684,8563,4,stroke_kai
3106,59.89048843328361,5.3826472824745535,2718,0,outer_ring
3107,60.83164703981204,22.40378768300778,6006,2,octagram
3108,51.39346168065817,5.1569286301190775,1949,0,outer_ring
3109,62.02796578784648,6.306538868135889,2853,0,outer_ring
3110,57.16156209356483,4.990466650745255,2494,0,outer_ring
3111,80.4106875046759,62.31898572833317,3324,1,inner_ring
3112,85.09591411862709,51.167297195690246,10137,5,text_en_1919
3113,92.48743717805651,48.16554928444077,10359,5,text_en_1919
3114,81.01274210301544,67.00747267177364,9598,5,text_en_1919
3115,89.09220614657481,59.30177665413247,9864,5,text_en_1919
3116,57.25874258590741,47.49964471912315,8086,4,stroke_kai
3117,42.72934114657715,23.392304986710112,5762,2,octagram
3118,46.348639990073366,5.587826648430809,1640,0,outer_ring
3119,53.63723119946044,5.8841085587693325,2145,0,outer_ring
3120,86.5294333837439,57.720758370871756,9918,5,text_en_1919
3121,45.56603554339775,88.09787834901182,897,0,outer_ring
3122,41.96046069201036,68.91118293547504,5024,2,octagram
3123,47.78404199563334,89.25628091189937,726,0,outer_ring
3124,42.47000514207477,68.44067830646566,5025,2,octagram
3125,37.31473117151509,85.83351201371752,1272,0,outer_ring
3126,40.95649442156851,61.876921768773634,5097,2,octagram
3127,44.760461823042746,89.27471454645746,939,0,outer_ring
3128,48.6596403575742,87.97934660978324,688,0,outer_ring
3129,41.699738600776996,86.48065590373207,1121,0,outer_ring
3130,28.77494879164195,61.23995464374332,3729,1,inner_ring
3131,28.438918375518888,59.30298686826041,3745,1,inner_ring
3132,44.44157592287427,56.501818733925056,6688,3,stroke_nan
3133,23.591645073522805,46.421830921748736,3829,1,inner_ring
3134,24.252888708856208,55.22516196936861,10018,5,text_en_1919
3135,20.61163920779807,51.4108350848302,10197,5,text_en_1919
3136,26.30274192054309,42.208935455886916,3865,1,inner_ring
3137,27.46969989087457,40.79221387811878,3876,1,inner_ring
3138,30.790059226006402,35.997798795412876,5537,2,octagram
3139,33.96565668482775,35.31310257452961,5579,2,octagram
3140,26.78717564750687,39.72051762428485,3881,1,inner_ring
3141,45.35530206559164,22.60555728874338,5807,2,octagram
3142,28.916918917500563,54.68587867968274,3772,1,inner_ring
3143,39.88430040932864,47.182502839055495,7079,3,stroke_nan
3144,42.48009808340767,46.81081044903935,7127,3,stroke_nan
3145,46.03956043326831,38.89583698504788,7456,3,stroke_nan
3146,55.275460605915626,89.71722521831222,253,0,outer_ring
3147,51.436876328137444,90.01686850083546,474,0,outer_ring
3148,40.5320172162028,63.27221618070397,5084,2,octagram
3149,65.90803901501144,75.27463443887181,9344,5,text_en_1919
3150,62.27675831610299,80.7990229471261,9049,5,text_en_1919
3151,63.79070943269417,87.86458332344053,32,0,outer_ring
3152,32.16352397165357,63.03433044209496,3708,1,inner_ring
3153,36.35059570337126,51.31353183163674,5336,2,octagram
3154,43.5495186547541,17.015575445631555,4059,1,inner_ring
3155,47.57801541648526,43.27618390695951,7257,3,stroke_nan
3156,48.35740057182936,54.00420908074174,6788,3,stroke_nan
3157,69.7778792743159,41.880913311679286,8334,4,stroke_kai
3158,62.85403828817974,4.7255142290771595,2896,0,outer_ring
3159,39.813093958527936,41.28075263946334,7366,3,stroke_nan
3160,47.93013331374795,16.39108443058599,10932,5,text_en_1919
3161,51.08713281023297,6.417433750792701,1912,0,outer_ring
3162,33.763485247245896,47.70846259070346,5378,2,octagram
3163,27.873142800896773,39.73166420627402,3883,1,inner_ring
3164,37.331607971249255,34.52150177266571,5613,2,octagram
3165,20.468457561703723,48.759574013670566,10274,5,text_en_1919
3166,46.755779106633156,62.59322359861497,6583,3,stroke_nan
3167,51.9431105413641,46.06640541475067,7159,3,stroke_nan
3168,11.072193790437614,35.672232817490915,1405,0,outer_ring
3169,29.796085369484288,26.231955771889513,10822,5,text_en_1919
3170,53.24935316085719,19.165883009871067,11064,5,text_en_1919
3171,53.77300123195302,5.63416421084479,2157,0,outer_ring
3172,46.13626610990019,24.844073777327065,5835,2,octagram
3173,49.248409612875044,47.66925384393656,7067,3,stroke_nan
3174,62.55051192513148,22.546334902924617,6027,2,octagram
3175,57.91420273156034,7.87433357632829,2578,0,outer_ring
3176,66.48446567679497,7.0994937922483805,3081,0,outer_ring
3177,38.770955495507465,8.244035544615175,1461,0,outer_ring
3178,56.2700238782411,10.286418215174015,11346,5,text_en_1919
3179,78.4189307197956,42.0582685075134,6359,2,octagram
3180,61.556405727560495,22.16743675625083,6014,2,octagram
3181,81.89982383547263,50.92883264777275,3248,1,inner_ring
3182,43.68191043505759,84.31094438591072,8723,5,text_en_1919
3183,79.60957052960917,54.64050837201693,6542,2,octagram
3184,59.37604887801314,32.74291420837496,5964,2,octagram
3185,72.10937995961991,35.20034817409586,6216,2,octagram
3186,58.86357454367428,18.300909027334814,10956,5,text_en_1919
3187,29.202493846013294,56.24053278573625,5249,2,octagram
3188,59.61493164508819,91.00766839536234,94,0,outer_ring
3189,39.35824270702676,85.10947549487496,1229,0,outer_ring
3190,64.79376566495397,81.39490750392459,8934,5,text_en_1919
3191,52.39893658617615,88.12060253464372,406,0,outer_ring
3192,42.27799479693345,82.21777214782531,8843,5,text_en_1919
3193,36.735604176739066,80.56863723109768,8998,5,text_en_1919
3194,52.16196301752443,90.18637572147428,415,0,outer_ring
3195,71.02455404514554,78.32955498919091,9202,5,text_en_1919
3196,29.658472997388937,60.76673584543146,3730,1,inner_ring
3197,51.173564108853334,88.64516211808942,497,0,outer_ring
3198,44.988032002116796,54.7287803709688,6769,3,stroke_nan
3199,32.20763526385507,61.67931172484596,5180,2,octagram
3200,24.538001143848597,64.57165321951867,9700,5,text_en_1919
3201,24.780768779140992,67.88478093253842,9544,5,text_en_1919
3202,43.7736023513714,86.70607951614186,1032,0,outer_ring
3203,55.965126722027016,90.2265298979179,212,0,outer_ring
3204,53.414694416849414,89.84198587917459,344,0,outer_ring
3205,61.426197751979814,75.12742457174501,3474,1,inner_ring
3206,50.93168913685277,88.93820738729492,514,0,outer_ring
3207,85.63566206108227,72.01791637873684,9465,5,text_en_1919
3208,55.84552189151472,87.5449511646123,214,0,outer_ring
3209,75.19509502239961,45.413954548146755,6406,2,octagram
3210,79.17342959903827,69.54187093988068,9487,5,text_en_1919
3211,42.076031941277414,56.61175955319725,6722,3,stroke_nan
3212,87.10258090698399,63.36375513821588,9732,5,text_en_1919
3213,90.11981054602998,59.665108230141364,9859,5,text_en_1919
3214,76.1073604363473,47.90981262699709,6424,2,octagram
3215,70.22860192420089,49.377493933537,8019,4,stroke_kai
3216,60.540375791204035,52.87485570490604,7940,4,stroke_kai
3217,80.30058066676281,56.722618475726705,6565,2,octagram
3218,91.1556459706346,54.094954395779155,10047,5,text_en_1919
3219,85.04667154239135,56.93714726174744,9962,5,text_en_1919
3220,73.56402590086638,66.37656106645191,3374,1,inner_ring
3221,60.85608832168831,40.56491584926424,8390,4,stroke_kai
3222,66.85486584495001,24.905160768983038,6101,2,octagram
3223,58.17813096362196,26.455560136075945,5956,2,octagram
3224,75.23184727219657,36.089995537305136,6247,2,octagram
3225,64.37842181303944,47.19570070166062,8108,4,stroke_kai
3226,91.10506151462687,48.37349149565588,10321,5,text_en_1919
3227,89.00741369660179,42.208546861452525,10633,5,text_en_1919
3228,93.29154547322243,46.79228575561982,10482,5,text_en_1919
3229,58.602064663793165,16.29053689301576,11049,5,text_en_1919
3230,53.52905815933428,5.109612149655588,2132,0,outer_ring
3231,67.36818622676506,48.705191396388436,8036,4,stroke_kai
3232,65.3044582591991,40.073428863279304,8404,4,stroke_kai
3233,89.09977279328096,41.762891627157494,10639,5,text_en_1919
3234,56.14956542557726,7.107107689808504,2410,0,outer_ring
3235,61.02441934624105,6.111530423166507,2795,0,outer_ring
3236,56.19380654346423,4.979817911534159,2399,0,outer_ring
3237,50.424093660108134,7.4601007497500795,1848,0,outer_ring
3238,56.707998418111686,4.872314167163278,2453,0,outer_ring
3239,45.41029307126378,14.5498085323333,11012,5,text_en_1919
3240,55.91631095322223,7.606485521852154,2380,0,outer_ring
3241,45.411370050567506,6.975798591584783,1597,0,outer_ring
3242,58.51629213834666,14.993952883975746,11134,5,text_en_1919
3243,70.78647364797854,10.918917569274832,3193,0,outer_ring
3244,69.1767133106186,9.040574947569498,3165,0,outer_ring
3245,48.51241901071165,36.09569029804459,7531,3,stroke_nan
3246,50.15688960814845,5.359068661597741,1844,0,outer_ring
3247,47.71579117995827,7.796647479403381,1683,0,outer_ring
3248,57.15862255612122,6.958411277060011,2505,0,outer_ring
3249,50.347040299323545,5.612201933370361,1856,0,outer_ring
3250,53.793413621974246,6.470479424023869,2160,0,outer_ring
3251,70.9490033988532,30.670575640109696,6158,2,octagram
3252,54.940732092550626,39.87605254250982,8468,4,stroke_kai
3253,52.81077155061474,6.369066597163269,2064,0,outer_ring
3254,59.91430230709293,51.87589647750759,7933,4,stroke_kai
3255,90.39143209732171,60.86176215746281,9809,5,text_en_1919
3256,49.501434093786436,6.678135905781017,1788,0,outer_ring
3257,42.99953334622817,53.049594816741795,6803,3,stroke_nan
3258,68.38140531966386,32.60889524498392,6167,2,octagram
3259,81.69212983726278,43.816255209737854,4395,1,inner_ring
3260,56.20848609046032,44.67549638775071,8195,4,stroke_kai
3261,38.824534574923156,34.23945006692978,5627,2,octagram
3262,92.16136454222286,52.90967890785434,10089,5,text_en_1919
3263,45.7570470244709,87.96410225062162,888,0,outer_ring
3264,37.57108677248207,86.71529319829588,1255,0,outer_ring
3265,45.666648054502375,88.2442990450909,889,0,outer_ring
3266,76.19956376174537,72.46797691240573,9402,5,text_en_1919
3267,59.6722199097144,89.59881588822117,90,0,outer_ring
3268,36.59573318013741,72.60693493358863,9406,5,text_en_1919
3269,24.727839695257188,70.69124784354759,9477,5,text_en_1919
3270,30.428468645214547,72.83286782707728,9435,5,text_en_1919
3271,29.095969860167735,75.92028105654983,9353,5,text_en_1919
3272,40.44770894096043,67.58393464048568,5043,2,octagram
3273,38.74835794617736,62.59210462852773,5110,2,octagram
3274,45.130094707513514,70.66122934617614,4932,2,octagram
3275,29.365416344510702,72.87286266996881,9419,5,text_en_1919
3276,21.81011553265841,51.96685617592062,10159,5,text_en_1919
3277,19.477967779905473,42.46308575293302,10593,5,text_en_1919
3278,18.738855231209136,36.78454434151699,10784,5,text_en_1919
3279,23.210339773716406,38.64554066772813,10732,5,text_en_1919
3280,28.098499774829865,37.02629089791191,5508,2,octagram
3281,37.133086921174915,34.58337304030118,5611,2,octagram
3282,24.461763627010765,70.07705975384447,9489,5,text_en_1919
3283,40.99042674299085,57.69391414250355,6665,3,stroke_nan
3284,46.564857224350554,57.72678026213592,6662,3,stroke_nan
3285,59.03188418922648,59.97274375377854,7587,4,stroke_kai
3286,37.11782382343175,86.61753473989675,1268,0,outer_ring
3287,42.7188321521773,46.96680066162247,7110,3,stroke_nan
3288,47.70586900289725,48.76410404341508,7026,3,stroke_nan
3289,40.31175647419388,66.05548227844461,5055,2,octagram
3290,42.1522476567681,88.71329544617754,1072,0,outer_ring
3291,66.74117958378969,68.99656675903584,4629,2,octagram
3292,45.75852809726519,57.4864118445194,6658,3,stroke_nan
3293,55.339663986323245,90.34898528566323,250,0,outer_ring
3294,49.246661573595745,83.75253887884014,8684,5,text_en_1919
3295,49.44815265564267,36.47762092571783,7517,3,stroke_nan
3296,60.2969482888162,22.61239853520089,6000,2,octagram
3297,45.70598439734139,14.259954752187237,11094,5,text_en_1919
3298,43.55412435191726,24.22702654995817,5763,2,octagram
3299,48.99152028138494,57.932485709216394,6699,3,stroke_nan
3300,62.428592260154055,20.612122010485532,4184,1,inner_ring
3301,61.03171831771183,28.353967551715954,5974,2,octagram
3302,47.55489931264258,5.766974856818257,1696,0,outer_ring
3303,42.546753343133766,22.306183107429636,5771,2,octagram
3304,28.234958396501455,37.648703999408056,5498,2,octagram
3305,31.348771460296728,34.24805112397002,3928,1,inner_ring
3306,35.59205960042379,24.990960339940816,3995,1,inner_ring
3307,41.8703625127115,29.636345571161772,5689,2,octagram
3308,39.62516153973041,44.31545329020211,7258,3,stroke_nan
3309,35.550383505992926,26.78797758334705,3987,1,inner_ring
3310,30.92120423114227,58.23835690809685,5208,2,octagram
3311,29.11543053165987,35.804779902037495,3906,1,inner_ring
3312,46.534710458319516,16.922171148552604,10920,5,text_en_1919
3313,55.15351420253036,6.127295096708883,2281,0,outer_ring
3314,55.68885268391318,36.48190765570939,8505,4,stroke_kai
3315,49.00922292842339,5.64179256187977,1777,0,outer_ring
3316,45.3241322953642,6.831866560835254,1594,0,outer_ring
3317,72.53310494950193,9.096086910486417,3200,0,outer_ring
3318,65.44936995534079,7.245022090509378,3044,0,outer_ring
3319,57.64763881722,69.44378440236329,4783,2,octagram
3320,58.45642378411113,75.01686111689924,3498,1,inner_ring
3321,67.64578338383136,40.61599148740476,8375,4,stroke_kai
3322,81.26754994614149,48.097623831127294,3232,1,inner_ring
3323,47.852381930330786,77.13374983899453,9272,5,text_en_1919
3324,52.796687209077334,80.23217110098962,8973,5,text_en_1919
3325,71.34652593336695,61.32062428899199,4537,2,octagram
3326,56.76166223304271,89.44546546283289,174,0,outer_ring
3327,40.71453072175712,88.95948483045552,1128,0,outer_ring
3328,67.30879405671773,78.29834285380112,9234,5,text_en_1919
3329,40.994452408469776,72.48730260049473,3613,1,inner_ring
3330,57.34757898267615,80.24501633180499,8976,5,text_en_1919
3331,49.06881970453522,89.99584120085822,639,0,outer_ring
3332,54.7265699869178,77.17255113878117,9206,5,text_en_1919
3333,46.98131133037688,89.50964340290726,782,0,outer_ring
3334,49.282589095325996,93.31611231858948,588,0,outer_ring
3335,44.358896787102346,87.38323132093016,994,0,outer_ring
3336,59.171800239396,83.5573194906112,8760,5,text_en_1919
3337,44.98584038828522,55.99588999044023,6734,3,stroke_nan
3338,41.76860994496091,52.63223090131497,6862,3,stroke_nan
3339,42.539328290109836,83.36532276438938,8776,5,text_en_1919
3340,54.7795415567122,90.53889754782196,270,0,outer_ring
3341,36.780071946395765,60.58785790361778,5136,2,octagram
3342,22.73125440063985,45.03289661539262,10524,5,text_en_1919
3343,28.549757718066587,69.06960304533412,9569,5,text_en_1919
3344,44.28090534755666,89.0745589995716,972,0,outer_ring
3345,53.356039476900314,85.8529439312294,8578,5,text_en_1919
3346,52.83222095840874,89.35926344689102,385,0,outer_ring
3347,63.45366220000974,88.32163517528548,35,0,outer_ring
3348,53.62973006579505,88.31902165595828,331,0,outer_ring
3349,52.07200844578276,78.25398882305498,9163,5,text_en_1919
3350,30.786301000938423,85.45832544977029,1353,0,outer_ring
3351,79.31684072679356,77.19182274301215,9319,5,text_en_1919
3352,69.04233556951573,61.675513851440364,4555,2,octagram
3353,56.168694306234016,20.893863014905982,4135,1,inner_ring
3354,57.24215235642378,56.23476951911761,7704,4,stroke_kai
3355,48.218267270489584,75.46241734650658,3568,1,inner_ring
3356,55.94769829789482,89.84297351136452,213,0,outer_ring
3357,74.1316644881529,60.649917380689146,4504,2,octagram
3358,85.8239086479452,49.00444718296887,10365,5,text_en_1919
3359,61.6532249289287,53.89308788055965,7840,4,stroke_kai
3360,65.66284251329729,51.237960370110315,7946,4,stroke_kai
3361,75.75067119735463,76.2408566786864,9294,5,text_en_1919
3362,85.82805961025808,62.163310831994984,9753,5,text_en_1919
3363,58.15092590090344,72.08047854124212,3497,1,inner_ring
3364,55.443022508429195,6.332809276871209,2316,0,outer_ring
3365,46.00406226609674,53.11104575488736,6826,3,stroke_nan
3366,52.97711405985863,50.305825172113245,6945,3,stroke_nan
3367,80.39184834375618,41.21989698844801,4374,1,inner_ring
3368,90.47105795397147,45.89716983680257,10514,5,text_en_1919
3369,85.77495136396294,53.10931356752334,10128,5,text_en_1919
3370,74.25203523851461,52.10845152382004,6488,2,octagram
3371,54.03145971461289,73.33484674161613,3528,1,inner_ring
3372,82.6290170520533,44.03841340230505,4398,1,inner_ring
3373,52.8786176640184,38.11398793319262,7467,3,stroke_nan
3374,55.602054031719994,35.09598181533702,8544,4,stroke_kai
3375,58.17338062670576,27.684490245786275,5967,2,octagram
3376,68.91297479747723,23.98085666926848,4227,1,inner_ring
3377,64.82315015734564,7.388558298440957,3024,0,outer_ring
3378,57.32374280667796,4.960237504957625,2510,0,outer_ring
3379,61.48785223748513,44.15637622434207,8226,4,stroke_kai
3380,57.40385502044406,6.517681545827956,2527,0,outer_ring
3381,39.919068807528255,9.65337266356511,1470,0,outer_ring
3382,59.0426822442177,11.777310991471653,11313,5,text_en_1919
3383,53.20633996478262,5.344387224994786,2099,0,outer_ring
3384,59.816449265364405,10.67287726260318,11321,5,text_en_1919
3385,50.19853576156763,6.911559845133434,1834,0,outer_ring
3386,50.47635934784626,6.875250039026101,1857,0,outer_ring
3387,57.92650340581554,6.41234813135208,2567,0,outer_ring
3388,45.43513679044021,11.6941170499313,11168,5,text_en_1919
3389,47.31529481069621,5.39316653242691,1682,0,outer_ring
3390,55.585510156281295,11.787931525182238,2360,0,outer_ring
3391,58.12247486855361,6.731327903400065,2587,0,outer_ring
3392,73.08349396815598,8.006135523483625,3201,0,outer_ring
3393,57.25680148143595,5.012289431227368,2501,0,outer_ring
3394,70.36153982060253,24.184443933396967,4237,1,inner_ring
3395,81.1235948541425,39.552062472763126,4366,1,inner_ring
3396,91.17192142396051,53.23698546454019,10077,5,text_en_1919
3397,91.4567698355137,49.25577319284326,10240,5,text_en_1919
3398,92.38763909235745,55.158710376342015,10020,5,text_en_1919
3399,57.3682691504828,6.8967196263911195,2526,0,outer_ring
3400,68.73678380277545,33.69762347033371,6179,2,octagram
3401,67.56677966689034,7.406897382321409,3117,0,outer_ring
3402,69.63255938695393,34.99548332924654,8441,4,stroke_kai
3403,51.60621300809717,6.4699113177025644,1963,0,outer_ring
3404,78.58166122913202,59.527773131217124,4448,2,octagram
3405,67.94655346375805,79.66664573422277,9148,5,text_en_1919
3406,37.098147448065966,77.29722564613465,9291,5,text_en_1919
3407,52.88871050820852,89.31760811676119,379,0,outer_ring
3408,50.239659100362445,87.87574194164304,564,0,outer_ring
3409,51.245383606855505,88.37745531572249,493,0,outer_ring
3410,40.37735192114109,86.17166663631977,1185,0,outer_ring
3411,47.409996780052566,90.32399275106155,745,0,outer_ring
3412,37.150082198978694,85.11071349486994,1281,0,outer_ring
3413,25.994723383524697,62.05201749418869,9792,5,text_en_1919
3414,23.155706464140064,42.28114712480133,10568,5,text_en_1919
3415,30.388593142099772,76.31757398796006,9332,5,text_en_1919
3416,13.453878189185126,46.79519503974888,1399,0,outer_ring
3417,22.01854637784964,44.301741207916415,10553,5,text_en_1919
3418,25.643196946196408,48.852872500635144,3817,1,inner_ring
3419,16.020016966018854,51.77650350028812,10216,5,text_en_1919
3420,40.66139053159176,31.79126901847176,5666,2,octagram
3421,30.963846975236805,33.761424730683856,3929,1,inner_ring
3422,36.1266481597049,36.47371273357083,5595,2,octagram
3423,28.780375981360358,52.38206673760316,3792,1,inner_ring
3424,24.37080241104877,52.55794622285103,10141,5,text_en_1919
3425,16.317147376286922,49.66775016555657,10250,5,text_en_1919
3426,46.209474661394644,71.8109864054884,4925,2,octagram
3427,44.242216478420936,49.00446716863902,7009,3,stroke_nan
3428,51.774077075413956,53.11345572593171,6905,3,stroke_nan
3429,54.716700877605355,88.53525911327017,274,0,outer_ring
3430,50.136692233738884,57.46618996631646,6670,3,stroke_nan
3431,42.44778342445939,88.90517249432344,1062,0,outer_ring
3432,65.47946481874183,88.9076981034057,21,0,outer_ring
3433,67.75422276990443,20.82725082933949,10861,5,text_en_1919
3434,53.14282936963817,89.68597850478847,359,0,outer_ring
3435,58.4867579634325,80.20063723783899,8964,5,text_en_1919
3436,52.22231861780621,88.4559708842636,419,0,outer_ring
3437,38.779715867398394,42.37472213920328,7340,3,stroke_nan
3438,49.95294932366989,71.3485073956319,4888,2,octagram
3439,52.51976642940866,89.57576064471893,400,0,outer_ring
3440,29.085525831233657,45.665751627303955,3840,1,inner_ring
3441,70.23202682118587,34.787914538346236,6194,2,octagram
3442,59.74833556775002,9.368536202248944,2746,0,outer_ring
3443,40.13298570286882,50.81649958036401,6948,3,stroke_nan
3444,46.2703617228468,41.01736354283214,7381,3,stroke_nan
3445,45.92325346858573,21.86142169193974,5813,2,octagram
3446,29.307208528696506,39.24570515129716,5486,2,octagram
3447,29.188803057484506,31.168411032596133,3938,1,inner_ring
3448,39.740700399049885,25.300582418747975,4018,1,inner_ring
3449,36.27270201357741,60.80194531130482,5140,2,octagram
3450,23.38461133893109,42.05673137012307,10577,5,text_en_1919
3451,30.873144895897475,29.757185228948238,3953,1,inner_ring
3452,29.233002202135975,38.86153764843664,5485,2,octagram
3453,20.042884324126486,37.89535051913825,10763,5,text_en_1919
3454,47.24949751206927,21.20408757255769,5820,2,octagram
3455,67.55403832064161,24.482076354354053,6097,2,octagram
3456,45.41766028095075,41.118375473531316,7376,3,stroke_nan
3457,47.31721421739449,13.688827992591595,11176,5,text_en_1919
3458,49.441779291505746,5.4060890232346965,1796,0,outer_ring
3459,45.52408054724537,59.55021912422713,6612,3,stroke_nan
3460,69.46981388996286,34.35104947176451,6185,2,octagram
3461,43.209870581284704,49.369675960819826,6997,3,stroke_nan
3462,31.787398443979992,52.79551064547977,5298,2,octagram
3463,88.81864102395672,60.74977078811353,9822,5,text_en_1919
3464,56.316164182239795,21.066138361161904,4136,1,inner_ring
3465,86.13733465121969,67.83825385488299,9541,5,text_en_1919
3466,72.57844457956536,36.795781037020575,8397,4,stroke_kai
3467,77.67430623724003,37.146213151640815,6290,2,octagram
3468,68.08802397404749,47.848004634495574,8043,4,stroke_kai
3469,49.52115547819663,52.60209692706983,6808,3,stroke_nan
3470,60.09017380454836,90.11921629678929,82,0,outer_ring
3471,66.48696264062005,68.01102182782297,4619,2,octagram
3472,53.67258456889942,80.17112513830395,9001,5,text_en_1919
3473,41.595128813231845,74.32049785600915,3605,1,inner_ring
3474,51.678266492135364,90.37673520941833,452,0,outer_ring
3475,40.12117750063419,90.71217685873204,1130,0,outer_ring
3476,50.78675168683725,87.90369672190427,528,0,outer_ring
3477,43.53255183215972,88.41122421074733,1026,0,outer_ring
3478,43.961119253435285,88.07823570132902,1009,0,outer_ring
3479,62.838353041639124,86.65614923744874,8643,5,text_en_1919
3480,42.46839397897333,51.48948497560732,6916,3,stroke_nan
3481,39.520495928126095,87.05451024615788,1200,0,outer_ring
3482,57.140421949272664,84.99994236199102,8577,5,text_en_1919
3483,32.265376392930285,43.548954318101735,5425,2,octagram
3484,29.693455282647808,62.577547285914314,3720,1,inner_ring
3485,23.728659033957733,52.29187981634788,10151,5,text_en_1919
3486,56.93042752575437,90.72256224824065,171,0,outer_ring
3487,74.65222613941212,76.43659021063957,9334,5,text_en_1919
3488,42.513644427748496,72.75452885944416,4975,2,octagram
3489,58.73982068722551,71.19243500526088,4757,2,octagram
3490,65.31466408870018,67.83694005793583,4621,2,octagram
3491,63.65917263388162,81.86582265266024,8875,5,text_en_1919
3492,65.26932614119656,61.2395972579561,7636,4,stroke_kai
3493,72.83994912760367,71.91048860402412,9427,5,text_en_1919
3494,63.818830784144644,43.902869052034504,8251,4,stroke_kai
3495,58.722458246073046,83.07280498453892,8827,5,text_en_1919
3496,82.34227018553582,41.00979256768252,10673,5,text_en_1919
3497,63.68037236136122,58.53635982748756,7669,4,stroke_kai
3498,73.80727062372233,72.01242591703343,9436,5,text_en_1919
3499,76.46981281609446,67.38816629716487,3363,1,inner_ring
3500,79.21247452939039,38.88306999317718,6334,2,octagram
3501,76.59590615512704,52.87115280236058,6504,2,octagram
3502,76.23143618698613,59.18196174593123,4472,2,octagram
3503,86.8025840503405,40.609622845111694,10692,5,text_en_1919
3504,81.51165744821114,57.23792943736103,3291,1,inner_ring
3505,72.17270167759085,68.873980763108,3394,1,inner_ring
3506,59.43916217734311,43.56523890917484,8214,4,stroke_kai
3507,56.493726634098586,4.94645383953612,2434,0,outer_ring
3508,62.079106884863585,22.87844344493505,6016,2,octagram
3509,82.23598749437156,49.36368563743149,3236,1,inner_ring
3510,78.56300526176233,51.324928539406486,6500,2,octagram
3511,75.64721960169688,61.75444985177597,4490,2,octagram
3512,85.61393735415561,60.84079617677646,9788,5,text_en_1919
3513,86.52750575004968,52.35197902663444,10136,5,text_en_1919
3514,76.71705256003531,57.76240591004659,4467,2,octagram
3515,62.05006687384993,41.50087441330689,8340,4,stroke_kai
3516,64.5216451416387,8.008909678052408,3019,0,outer_ring
3517,49.85711856841983,23.247478949127455,5863,2,octagram
3518,62.218724542464315,6.582892824906349,2867,0,outer_ring
3519,54.113021544242976,5.253237948459765,2194,0,outer_ring
3520,64.1839088858041,6.899900321534254,2995,0,outer_ring
3521,53.949580657483594,8.25536708937404,2174,0,outer_ring
3522,51.83356732613471,46.844529124449416,7087,3,stroke_nan
3523,64.15306718104904,6.5310674523506105,2989,0,outer_ring
3524,56.727916503452,12.535698114843102,11289,5,text_en_1919
3525,49.98024064122515,5.732501154342254,1826,0,outer_ring
3526,66.29550914763114,34.14682536621387,8536,4,stroke_kai
3527,60.767863224710105,6.2633053018092335,2784,0,outer_ring
3528,55.77918412696234,7.923311311549563,2366,0,outer_ring
3529,62.632427313639866,5.320600233631506,2884,0,outer_ring
3530,58.56759000235784,5.588815570460528,2616,0,outer_ring
3531,57.76638875070998,8.112330992693018,2566,0,outer_ring
3532,48.24048784456392,7.363481194249018,1716,0,outer_ring
3533,59.20990688083369,4.851376716193986,2666,0,outer_ring
3534,62.738123638401646,27.915320692749262,6094,2,octagram
3535,68.86039712563507,32.744265740490874,6175,2,octagram
3536,64.51981734289596,16.23816825699265,10914,5,text_en_1919
3537,53.64033800655186,5.280003547933822,2147,0,outer_ring
3538,80.40217522361868,57.78676997209364,6576,2,octagram
3539,79.91865786057767,58.34428514260249,4427,2,octagram
3540,92.5195310948956,48.93366478089679,10259,5,text_en_1919
3541,82.54600714128816,23.986420580580162,10846,5,text_en_1919
3542,59.09405149925414,6.032991051044885,2673,0,outer_ring
3543,65.70232813994613,37.6490175431304,8471,4,stroke_kai
3544,42.8942399985034,6.5101752259446215,1526,0,outer_ring
3545,58.177883978512746,5.616270662675588,2581,0,outer_ring
3546,56.32900780535619,53.86349397420607,7814,4,stroke_kai
3547,33.99537886745358,86.29645496682862,1319,0,outer_ring
3548,43.10106345226306,88.26297409328062,1048,0,outer_ring
3549,35.415275492935415,81.34526997487197,8983,5,text_en_1919
3550,43.28407996942836,86.58484564139017,1058,0,outer_ring
3551,54.93527352952735,90.00790651175016,265,0,outer_ring
3552,59.59144841032972,84.3240851259151,8719,5,text_en_1919
3553,46.83381059492357,71.07063635073413,4921,2,octagram
3554,46.32656205436243,89.10633212275765,835,0,outer_ring
3555,25.256718595578956,70.29121797241719,9490,5,text_en_1919
3556,63.89315920241008,73.69371052526442,4699,2,octagram
3557,52.3544683320936,52.22586720272399,6921,3,stroke_nan
3558,38.36040006688096,75.06984743420514,9374,5,text_en_1919
3559,33.49549258507873,58.580420042427164,5188,2,octagram
3560,19.728335494655038,43.233940650783794,10560,5,text_en_1919
3561,22.778023974315033,66.21444898277527,9679,5,text_en_1919
3562,31.08984282977293,41.346992135449646,5451,2,octagram
3563,30.372835062947576,37.31738420046591,5530,2,octagram
3564,39.63151629036379,42.158708131184035,7345,3,stroke_nan
3565,34.603138882512894,35.709019356179084,5583,2,octagram
3566,35.013138041371604,45.29107264898232,5391,2,octagram
3567,26.886242905253404,57.78577600849606,3754,1,inner_ring
3568,30.652681578836773,52.78573381617236,5290,2,octagram
3569,42.81614756484869,53.37832650270121,6792,3,stroke_nan
3570,54.28319129633036,27.849547758559126,5894,2,octagram
3571,34.43943293203241,59.68675251432841,5159,2,octagram
3572,40.09117947559168,44.70194432804126,7233,3,stroke_nan
3573,66.55241393710436,64.72168045760289,4587,2,octagram
3574,68.9519918823781,45.90947084286572,6444,2,octagram
3575,68.14041167477768,66.23412029521735,4595,2,octagram
3576,63.83941425488563,48.87953839901117,8035,4,stroke_kai
3577,48.81868009060194,82.07499961241345,8902,5,text_en_1919
3578,75.42733170420398,65.38211081247621,3358,1,inner_ring
3579,60.14685206771649,20.200624245298208,4162,1,inner_ring
3580,17.72098350908623,50.882466587738115,10173,5,text_en_1919
3581,45.88692778168339,41.8856040558198,7344,3,stroke_nan
3582,54.36827656147718,7.617265981710089,2216,0,outer_ring
3583,51.137229397093016,47.762247283455714,7076,3,stroke_nan
3584,30.39755025647563,34.12013825627633,3925,1,inner_ring
3585,49.676946788201754,13.51729700230346,11033,5,text_en_1919
3586,52.12385119666785,5.5912407414466925,2012,0,outer_ring
3587,25.434048940169752,53.06505384112225,10142,5,text_en_1919
3588,51.45533401358495,9.754800659047307,1921,0,outer_ring
3589,27.483945901831753,34.73343709874248,3908,1,inner_ring
3590,16.711465662326074,59.96894369901597,9941,5,text_en_1919
3591,42.51691878985017,23.043027473204745,5766,2,octagram
3592,50.97797329317083,5.464359191989192,1906,0,outer_ring
3593,40.812389433411596,24.641102181034295,4029,1,inner_ring
3594,28.494539452917458,36.514166091768416,5510,2,octagram
3595,29.240080734083637,12.511261307786686,1417,0,outer_ring
3596,57.454402530134885,25.139882205365453,4145,1,inner_ring
3597,51.62262061848813,52.970872077569766,6912,3,stroke_nan
3598,68.62509112267546,14.089231170022185,11091,5,text_en_1919
3599,30.533312375782238,12.333021495441221,1420,0,outer_ring
3600,44.73347907553422,21.944503717136385,5798,2,octagram
3601,51.051824308882956,10.580886321402978,1876,0,outer_ring
3602,39.02459413089968,12.023681965082732,11265,5,text_en_1919
3603,48.0853301461308,24.161564296514868,5852,2,octagram
3604,58.66120339785767,6.3154032034459,2634,0,outer_ring
3605,46.20750677950272,23.88956728768123,5831,2,octagram
3606,45.72016454840344,7.010279321809275,1607,0,outer_ring
3607,58.31053495829023,86.15976593002068,115,0,outer_ring
3608,63.07134174636164,24.29504006515868,6026,2,octagram
3609,76.53989597763989,46.28492957792914,6409,2,octagram
3610,83.08632122840172,48.045971576866826,10361,5,text_en_1919
3611,52.568616876094254,79.42649655112174,9094,5,text_en_1919
3612,38.52026132326691,70.57574153400138,3641,1,inner_ring
3613,51.03937872105307,57.93235928241225,6707,3,stroke_nan
3614,49.398203349578985,90.00159138069027,608,0,outer_ring
3615,34.61783302432165,75.17110366662875,9388,5,text_en_1919
3616,43.50952613635548,67.93245115313351,5031,2,octagram
3617,50.64617330897223,90.02632391876386,525,0,outer_ring
3618,36.68337084609284,84.54131211850469,1302,0,outer_ring
3619,45.19801940364204,89.08359101148011,908,0,outer_ring
3620,58.2881185601189,79.18585873906481,9137,5,text_en_1919
3621,44.07159988282041,41.32222214576641,7371,3,stroke_nan
3622,47.70894246410555,90.50785433925957,719,0,outer_ring
3623,34.30436792235474,49.11778859635161,5344,2,octagram
3624,46.81560137694968,50.88368739020194,6887,3,stroke_nan
3625,34.6696690337212,49.26443534526995,5347,2,octagram
3626,30.76061855812015,60.01932019045054,5207,2,octagram
3627,55.460744921613326,35.47805760097733,8512,4,stroke_kai
3628,55.41976421123396,88.79507816257451,244,0,outer_ring
3629,53.98630205979945,88.20522964842655,305,0,outer_ring
3630,56.03123166326507,68.25582769937307,4800,2,octagram
3631,67.51922404376015,81.95226752700381,8922,5,text_en_1919
3632,64.96319457639896,74.6613125226509,3450,1,inner_ring
3633,66.8273204573289,51.97036503448568,7916,4,stroke_kai
3634,45.34605094317291,89.09704323904712,898,0,outer_ring
3635,62.16815305580237,58.55101875165494,7684,4,stroke_kai
3636,82.77331894646197,53.238974210345745,3268,1,inner_ring
3637,54.57971961843979,79.8410570544676,9025,5,text_en_1919
3638,48.7902544190095,81.50106906480725,8958,5,text_en_1919
3639,77.76925355595039,41.253248945935184,6355,2,octagram
3640,64.76359938503616,73.43993402689621,4694,2,octagram
3641,60.87765338999326,61.91763012315278,7582,4,stroke_kai
3642,59.26284180957297,79.35108811514745,9122,5,text_en_1919
3643,79.96802959225131,37.814606996375076,4348,1,inner_ring
3644,69.24996954130212,62.333195673524514,4557,2,octagram
3645,86.60504597374988,56.57602435169974,9967,5,text_en_1919
3646,78.38554656587536,52.85749461314392,6515,2,octagram
3647,56.39964839696349,54.906153083358426,7791,4,stroke_kai
3648,74.88473292849966,34.21890115758588,6234,2,octagram
3649,56.83458570562763,39.267972070606085,8433,4,stroke_kai
3650,47.35793983006658,41.783422386901854,7312,3,stroke_nan
3651,88.13839732512326,47.38842496594968,10446,5,text_en_1919
3652,66.82124853455738,33.71706418687827,8552,4,stroke_kai
3653,76.7474196602346,62.509598516033186,4485,2,octagram
3654,76.57653888438242,59.23576473834125,4473,2,octagram
3655,57.21549462475044,51.31551171221752,7948,4,stroke_kai
3656,88.2534860272005,54.7276131476173,10063,5,text_en_1919
3657,56.65732245917621,5.888704145949849,2454,0,outer_ring
3658,55.28973857736586,4.423354599669459,2292,0,outer_ring
3659,43.7528942053911,8.457257973299452,1536,0,outer_ring
3660,65.10446949404486,6.797517374260872,3029,0,outer_ring
3661,47.53579609112668,6.962335785347288,1680,0,outer_ring
3662,64.77379500494321,8.273654361893321,3031,0,outer_ring
3663,60.726290068310455,6.097296373007211,2781,0,outer_ring
3664,68.34120904574961,18.54217394627222,10878,5,text_en_1919
3665,47.2734415318816,45.3250093282941,7262,3,stroke_nan
3666,48.82909624859049,14.014751719600735,11003,5,text_en_1919
3667,53.28170074739029,7.16259785853266,2103,0,outer_ring
3668,44.33615046066463,8.149043928882095,1563,0,outer_ring
3669,65.17534008467167,45.03386915680419,8186,4,stroke_kai
3670,64.9606711303458,13.302798307637678,11153,5,text_en_1919
3671,72.35462417824962,8.904017521714195,3198,0,outer_ring
3672,50.12074238343885,7.365496697085835,1820,0,outer_ring
3673,44.562159492753366,7.276793534794826,1569,0,outer_ring
3674,59.75737728891239,9.687277545162539,2754,0,outer_ring
3675,60.24123757018787,5.91874066517579,2747,0,outer_ring
3676,50.68157452192616,12.978558246790131,1816,0,outer_ring
3677,74.12865438532103,27.238942184081587,4267,1,inner_ring
3678,60.42177630395789,6.530568943992452,2769,0,outer_ring
3679,45.74907334582379,6.692827463032174,1610,0,outer_ring
3680,56.48768675664765,24.05596916962334,4141,1,inner_ring
3681,89.01411937145595,47.24532560710332,10411,5,text_en_1919
3682,79.43065106764425,62.27144937236519,3328,1,inner_ring
3683,67.3319878839598,47.53098516325582,8061,4,stroke_kai
3684,58.3060928789951,8.293806856010693,2619,0,outer_ring
3685,68.11748884997652,34.696465915698774,8530,4,stroke_kai
3686,49.28553956623547,53.33987078893382,6817,3,stroke_nan
3687,48.177595352741186,47.400052505048826,7083,3,stroke_nan
3688,73.23092042620036,48.574928621789525,6454,2,octagram
3689,44.232247312034616,89.08344002274602,977,0,outer_ring
3690,30.743457183645994,83.29129638466408,1358,0,outer_ring
3691,42.357614098151636,88.20436558068471,1068,0,outer_ring
3692,45.33397107767143,84.69395846495898,976,0,outer_ring
3693,38.35450343784233,84.2298501288333,1266,0,outer_ring
3694,51.494932760557894,88.42279083406461,479,0,outer_ring
3695,42.94300533833989,72.75719135988129,4970,2,octagram
3696,46.425661202062514,89.97453396646199,817,0,outer_ring
3697,36.672525144579986,84.88282132721687,1293,0,outer_ring
3698,42.33378054680542,52.18616388083687,6915,3,stroke_nan
3699,38.11639602130026,63.09709004490747,5113,2,octagram
3700,48.57179114288762,75.16750365404069,3566,1,inner_ring
3701,14.92093790061049,42.80912077836635,10606,5,text_en_1919
3702,20.322343458883257,50.0366805898128,10237,5,text_en_1919
3703,32.621247476135586,64.91547666649268,3694,1,inner_ring
3704,26.49122878524399,25.85748488353236,10829,5,text_en_1919
3705,34.05297900367089,48.7423536048734,5351,2,octagram
3706,36.43769894064439,34.559711508799644,5604,2,octagram
3707,50.65455299091338,42.546421109400555,7288,3,stroke_nan
3708,25.05208407095215,42.78420386716236,3857,1,inner_ring
3709,49.119675962271565,70.18512436345273,4890,2,octagram
3710,51.937359542226396,44.81913212506802,7204,3,stroke_nan
3711,67.27187890373085,74.95492047942234,9358,5,text_en_1919
3712,65.80036196375623,68.90252131099457,4633,2,octagram
3713,63.79088617507064,19.228156500919123,10904,5,text_en_1919
3714,66.79026499378276,22.579875018018416,4208,1,inner_ring
3715,33.855582423304895,85.71991459470027,1326,0,outer_ring
3716,66.32252586643045,66.49750127520345,4608,2,octagram
3717,70.12711866521023,77.61499718418087,9269,5,text_en_1919
3718,32.92656878389114,46.300437338204155,5394,2,octagram
3719,47.62796239881145,72.15990020297421,4916,2,octagram
3720,41.82948510136834,54.60684350517975,6794,3,stroke_nan
3721,68.40705088651282,66.94185352610091,4601,2,octagram
3722,44.98320311163243,6.551000371405239,1584,0,outer_ring
3723,42.09261205505432,44.63646695532838,7240,3,stroke_nan
3724,55.527488879426656,41.306534860459514,8380,4,stroke_kai
3725,46.86199934504653,52.928793275425804,6805,3,stroke_nan
3726,43.13762174496519,49.44902097050597,6978,3,stroke_nan
3727,72.39336956463565,25.82797989092034,4256,1,inner_ring
3728,40.36898000076499,34.5753646660745,5636,2,octagram
3729,53.48222641676975,40.78496659077423,7413,3,stroke_nan
3730,34.01398943927994,47.545597344396406,5376,2,octagram
3731,40.176449562227226,22.943937441425216,4031,1,inner_ring
3732,43.277633902900476,52.78558580679376,6823,3,stroke_nan
3733,46.74069051291292,46.26047660167627,7176,3,stroke_nan
3734,53.128216908314215,66.9426769119086,4837,2,octagram
3735,32.849400637097276,36.103775518601275,5558,2,octagram
3736,34.119147840621004,9.736429593063628,1431,0,outer_ring
3737,26.419633459212093,25.418069164127434,10839,5,text_en_1919
3738,30.59787463717888,41.893338303350625,5446,2,octagram
3739,47.899476104785506,41.18620238187175,7321,3,stroke_nan
3740,47.04482106967909,37.733795276352105,7470,3,stroke_nan
3741,59.66650241383249,15.751161368643315,11087,5,text_en_1919
3742,66.66659625425898,7.02467628267098,3088,0,outer_ring
3743,50.318723126974305,6.562505477445375,1845,0,outer_ring
3744,62.29956519397923,61.37343311471452,7601,4,stroke_kai
3745,31.588129573270468,35.61427815678366,5546,2,octagram
3746,62.13699198769931,36.75030824837867,8479,4,stroke_kai
3747,86.19184580591308,58.86793996048601,9849,5,text_en_1919
3748,44.110672147666556,87.06127216423023,1016,0,outer_ring
3749,79.64387110224169,44.400924796455946,4399,1,inner_ring
3750,64.38457047770464,56.37787434313199,7750,4,stroke_kai
3751,57.250141176240334,50.421999747804314,7963,4,stroke_kai
3752,54.07150003635736,85.39888250387226,8586,5,text_en_1919
3753,45.93450604841727,44.419156078597766,7227,3,stroke_nan
3754,64.26772300921847,74.79315797610134,3454,1,inner_ring
3755,52.76802842563631,40.609768781605226,7408,3,stroke_nan
3756,24.86572457080122,66.37868794579768,9674,5,text_en_1919
3757,44.42702332291142,60.17411131016553,6605,3,stroke_nan
3758,39.01906536586962,72.61111346861671,3631,1,inner_ring
3759,53.38282988652751,92.4148661783301,343,0,outer_ring
3760,58.84939154219515,85.72009013206781,8633,5,text_en_1919
3761,59.487211461877514,88.34826007632877,92,0,outer_ring
3762,63.955142432019294,82.5171423617826,8794,5,text_en_1919
3763,59.38202604737291,81.01428450241694,8943,5,text_en_1919
3764,44.496190714087376,56.70899537143462,6681,3,stroke_nan
3765,41.33838583742715,65.24176395671917,5066,2,octagram
3766,47.60055639383618,74.55079360081332,3573,1,inner_ring
3767,26.582251030286656,40.64048119628944,3874,1,inner_ring
3768,27.09019661510054,66.72915702283309,9613,5,text_en_1919
3769,31.189767711236644,42.994239467161485,5431,2,octagram
3770,46.34494368929429,89.76580232906626,826,0,outer_ring
3771,49.68906307525916,82.03795581128291,8891,5,text_en_1919
3772,65.02746265898537,84.49089483905621,8683,5,text_en_1919
3773,57.99958501713253,84.4860598159365,8612,5,text_en_1919
3774,59.75210174381867,78.97527718709237,9112,5,text_en_1919
3775,73.14543847165244,72.27669355266171,9426,5,text_en_1919
3776,65.9654009670729,71.39315058951418,4665,2,octagram
3777,59.683753349640234,24.518588340056027,5982,2,octagram
3778,49.958579850095575,51.95087133852582,6845,3,stroke_nan
3779,83.29162591768107,60.51113436128147,9819,5,text_en_1919
3780,67.97437803235815,79.7723989822546,9102,5,text_en_1919
3781,73.30810093574419,67.13136767505335,3378,1,inner_ring
3782,74.28081844179879,35.57478531809173,6237,2,octagram
3783,58.21350609438331,50.20056709214032,7974,4,stroke_kai
3784,64.8944883684444,60.785005049196684,7629,4,stroke_kai
3785,81.94928960540877,52.32710440633337,3262,1,inner_ring
3786,86.25219750857339,55.31526814416505,9986,5,text_en_1919
3787,76.72157365955405,53.86873316499713,6520,2,octagram
3788,68.28505071461993,56.51070473515641,7756,4,stroke_kai
3789,79.84501503586415,56.41826483133516,6559,2,octagram
3790,50.73586097104772,50.541495046573765,6987,3,stroke_nan
3791,62.63359930267145,78.35223537097461,9200,5,text_en_1919
3792,39.36590348541341,16.52292076614593,11052,5,text_en_1919
3793,74.73715282762646,44.223784358039076,6391,2,octagram
3794,81.44940832453669,55.617406397134786,3283,1,inner_ring
3795,73.6472520907734,45.6382501112265,6422,2,octagram
3796,69.76435623737784,70.92594159518399,3413,1,inner_ring
3797,71.48943263922892,60.38997161450817,4535,2,octagram
3798,87.14442634386685,53.994207550900406,10093,5,text_en_1919
3799,58.014592224930155,45.426539991692536,8144,4,stroke_kai
3800,65.54353032970425,43.524807797556626,8264,4,stroke_kai
3801,67.81394099077224,27.159987688561568,6114,2,octagram
3802,50.83683275847058,6.224678803124027,1893,0,outer_ring
3803,47.4671321502168,7.345874823323853,1674,0,outer_ring
3804,52.13780689556863,9.895121441253206,1993,0,outer_ring
3805,54.08995587480302,35.60211758849171,5912,2,octagram
3806,53.97663030955474,20.17776911800835,4119,1,inner_ring
3807,61.57392693798485,5.958523328891458,2825,0,outer_ring
3808,68.84044731922138,11.01520513829209,11288,5,text_en_1919
3809,47.64490405634433,6.544133331604918,1693,0,outer_ring
3810,62.867528367689694,7.525949537188507,2926,0,outer_ring
3811,58.84686574186685,27.104901512234424,5970,2,octagram
3812,44.94373128133833,5.8624653632269474,1588,0,outer_ring
3813,56.75731017144757,25.946339357500356,5943,2,octagram
3814,51.267434837162625,7.910867079788901,1917,0,outer_ring
3815,49.5223068746909,6.737853227702637,1789,0,outer_ring
3816,49.129611014748264,9.23295745485562,11333,5,text_en_1919
3817,53.58209191445251,6.1258311740616715,2139,0,outer_ring
3818,52.52424706110961,41.98642185844768,7375,3,stroke_nan
3819,56.314080315843476,5.312381741722622,2419,0,outer_ring
3820,80.93147630304833,25.30487042496365,10825,5,text_en_1919
3821,54.98038479538745,5.855844820923103,2272,0,outer_ring
3822,73.34842009726168,35.354029477890144,6226,2,octagram
3823,76.97996992986612,33.01163192119068,4313,1,inner_ring
3824,90.01716518192504,60.653053969966976,9827,5,text_en_1919
3825,79.86276170300769,24.299871423687698,10841,5,text_en_1919
3826,82.83895890204546,23.98998029319938,10837,5,text_en_1919
3827,75.72009501406471,29.914144898190703,4287,1,inner_ring
3828,55.75928316306185,6.337874774598047,2354,0,outer_ring
3829,46.549632910776864,7.463190432685044,1634,0,outer_ring
3830,82.20846991162465,64.10132379918085,9660,5,text_en_1919
3831,46.47523780987419,88.64277943823578,833,0,outer_ring
3832,52.914237345640295,89.30978175563214,376,0,outer_ring
3833,48.226626716642784,89.00254781589996,710,0,outer_ring
3834,61.01404280257296,89.92015918968625,62,0,outer_ring
3835,44.886540468514966,90.45177197572015,910,0,outer_ring
3836,41.08224820559015,86.87444524988939,1145,0,outer_ring
3837,56.1671658280059,89.1004972831822,194,0,outer_ring
3838,43.63094912046165,59.17666851015328,6609,3,stroke_nan
3839,39.077363504154626,85.81362413465055,1228,0,outer_ring
3840,27.07650327515402,67.37505439429044,9591,5,text_en_1919
3841,16.636671963944814,55.13343117297483,9983,5,text_en_1919
3842,30.493065353190943,66.30804821656145,9627,5,text_en_1919
3843,23.02276131994197,52.334202459882356,10152,5,text_en_1919
3844,19.23417028021809,64.54572170261311,9733,5,text_en_1919
3845,30.84793743502267,53.70203888255791,5280,2,octagram
3846,20.526169730986137,46.09449161384828,10546,5,text_en_1919
3847,18.716222800178592,39.722249535763076,10714,5,text_en_1919
3848,35.40446373856247,34.88445009342282,5592,2,octagram
3849,20.618740644585834,42.786594842205965,10574,5,text_en_1919
3850,28.618555791022708,36.0024231227665,3905,1,inner_ring
3851,20.517306741366625,47.870265098812006,10417,5,text_en_1919
3852,48.04187350985011,41.68635763641462,7295,3,stroke_nan
3853,41.79695903866372,33.681588612268605,5644,2,octagram
3854,40.348147349573786,53.224296125837384,6882,3,stroke_nan
3855,60.55675983973975,60.13230507902252,7594,4,stroke_kai
3856,26.460667584275836,68.11292388851533,9578,5,text_en_1919
3857,57.574135895702206,81.31991204915242,8942,5,text_en_1919
3858,56.925420682826676,58.48631474672261,7634,4,stroke_kai
3859,50.594098480939124,89.84882683958092,530,0,outer_ring
3860,60.68745243433758,71.55320666113734,4737,2,octagram
3861,63.377763634552295,80.54827584633468,9062,5,text_en_1919
3862,52.244225701449906,51.15879878980026,6928,3,stroke_nan
3863,51.82803504798357,88.44156705343524,448,0,outer_ring
3864,35.968451164345815,48.597448729273864,5363,2,octagram
3865,45.94192572092251,6.441313330147146,1619,0,outer_ring
3866,72.67276947940793,47.30149780763692,6442,2,octagram
3867,48.300485403101035,50.00364411100289,6956,3,stroke_nan
3868,67.87755818385908,48.39776686894915,8037,4,stroke_kai
3869,53.2590452259933,46.47524693636585,7166,3,stroke_nan
3870,60.17144154516017,26.487644946702794,5980,2,octagram
3871,51.80260856032209,18.21881587941226,11096,5,text_en_1919
3872,40.961990962981275,23.295293150970785,4035,1,inner_ring
3873,42.99864280899478,25.930239040072408,5734,2,octagram
3874,41.30883428372761,14.057463949918294,11182,5,text_en_1919
3875,40.80108878961617,49.222405918854605,7025,3,stroke_nan
3876,44.25171692347084,49.60751439067722,6984,3,stroke_nan
3877,37.31854410629914,34.62822320883104,5614,2,octagram
3878,64.55706219764492,7.768318022773384,3017,0,outer_ring
3879,49.56537326265735,24.697625662741764,5866,2,octagram
3880,33.69652801230606,72.6789018679532,9417,5,text_en_1919
3881,43.40034182619771,15.170810586500247,11011,5,text_en_1919
3882,39.57547975356119,34.740051982958235,5631,2,octagram
3883,43.579490029139414,6.8502411691230565,1545,0,outer_ring
3884,55.757771043221794,4.1737760845149685,2345,0,outer_ring
3885,53.29287679709151,67.63438981609299,4840,2,octagram
3886,45.71105670640181,57.37355613120225,6675,3,stroke_nan
3887,60.277456069551185,5.959184040433474,2752,0,outer_ring
3888,78.9887909317325,43.45927136782557,4390,1,inner_ring
3889,68.34281843321448,46.744309249875464,8122,4,stroke_kai
3890,46.44659005013505,74.75071122395134,3581,1,inner_ring
3891,64.61125143787015,37.83197161452753,8446,4,stroke_kai
3892,50.61092731623711,6.255593228052003,1869,0,outer_ring
3893,73.08175653469189,67.16799111759367,3380,1,inner_ring
3894,89.2448511594094,48.69150137262844,10336,5,text_en_1919
3895,74.54642701092632,46.86761636814978,6427,2,octagram
3896,66.26235262780094,72.31211040944022,3437,1,inner_ring
3897,80.67395444720565,46.11370314421622,4409,1,inner_ring
3898,49.22957208013672,54.924367049649184,6756,3,stroke_nan
3899,49.83361726343586,89.65216386147232,578,0,outer_ring
3900,64.80929887722066,80.33126020971821,9015,5,text_en_1919
3901,42.38667445409622,88.12418785070507,1067,0,outer_ring
3902,47.33357666804033,77.51343813269294,9280,5,text_en_1919
3903,44.81836573894461,89.28666374134096,930,0,outer_ring
3904,53.22648194640739,86.25843523537945,360,0,outer_ring
3905,44.19628641125692,84.97450878330211,8699,5,text_en_1919
3906,44.43224090533403,66.9615931788879,6579,3,stroke_nan
3907,51.02259782875155,80.18870477395915,9068,5,text_en_1919
3908,29.7353257223852,63.214909907675825,3716,1,inner_ring
3909,40.57275939820355,63.293088291946,5083,2,octagram
3910,32.12646416612246,35.22785639716376,5553,2,octagram
3911,46.93992499886618,36.24197272679839,7508,3,stroke_nan
3912,68.19149107970007,77.25951697370519,9299,5,text_en_1919
3913,64.1460604315368,68.80687162459162,4654,2,octagram
3914,60.87571849652551,89.21693302188577,64,0,outer_ring
3915,67.95945051600097,81.78199033276876,8899,5,text_en_1919
3916,63.990688428726656,73.82854012000044,4698,2,octagram
3917,46.06979705202297,88.49418191347262,860,0,outer_ring
3918,64.30290936543152,51.84606407170558,7913,4,stroke_kai
3919,46.800926307928655,46.765936152743855,7093,3,stroke_nan
3920,63.1043251594819,48.12054456943369,8062,4,stroke_kai
3921,63.47053306184604,53.43505333946468,7850,4,stroke_kai
3922,76.4962286519662,72.23398809445725,9418,5,text_en_1919
3923,55.51197470052097,68.46034271719317,4802,2,octagram
3924,59.89273657939237,55.98575390547139,7771,4,stroke_kai
3925,81.56658039036138,39.15320260415305,4364,1,inner_ring
3926,57.318560997986395,44.06133157807708,8218,4,stroke_kai
3927,41.30934823948856,53.148447353045746,6884,3,stroke_nan
3928,49.901749156735846,79.22503489774773,9118,5,text_en_1919
3929,68.64526739104186,62.44460868249274,4560,2,octagram
3930,64.91771107490995,54.85795657624507,7812,4,stroke_kai
3931,87.4735846524447,41.1476399595877,10682,5,text_en_1919
3932,56.17210355392463,5.3205697510542995,2398,0,outer_ring
3933,74.34898104161952,36.52877852525618,6242,2,octagram
3934,61.07275646743953,41.934032622177924,8302,4,stroke_kai
3935,52.03471539909106,5.595248492368534,2007,0,outer_ring
3936,56.10016749600754,5.771281608921157,2391,0,outer_ring
3937,64.64007324296571,39.3238909081924,8410,4,stroke_kai
3938,71.87818226016364,59.23471358949562,4529,2,octagram
3939,79.74632582238509,58.50603688883502,4435,2,octagram
3940,85.65116829831538,48.78525008229792,10348,5,text_en_1919
3941,83.95663894333558,59.76613515485673,9840,5,text_en_1919
3942,79.04126101753387,33.862566747816,4327,1,inner_ring
3943,60.103873980214196,5.83011675868362,2734,0,outer_ring
3944,62.312152999201835,6.69232201114234,2880,0,outer_ring
3945,49.51765540339275,23.63587521253767,5862,2,octagram
3946,53.80610586751343,6.910108793436701,2161,0,outer_ring
3947,56.35365450009792,8.610060092273699,2439,0,outer_ring
3948,60.12745477004125,6.940050563367428,2749,0,outer_ring
3949,46.54206304719797,24.390045241294732,5841,2,octagram
3950,58.357204341919534,6.258015036842018,2606,0,outer_ring
3951,62.35498100479665,40.09529180824303,8395,4,stroke_kai
3952,52.61467877429411,5.16297258510457,2050,0,outer_ring
3953,52.99618698471045,6.243288372014086,2080,0,outer_ring
3954,55.31298379030926,4.511903160280736,2295,0,outer_ring
3955,49.9094707653652,5.881782866753442,1815,0,outer_ring
3956,65.75796259060861,47.33774871957284,8077,4,stroke_kai
3957,62.33559901068852,6.287812600533852,2872,0,outer_ring
3958,41.76706715241111,7.791899727843714,1500,0,outer_ring
3959,51.711313077340264,4.286501398599806,1982,0,outer_ring
3960,66.26892003126093,7.367042180441338,3074,0,outer_ring
3961,57.51447610870679,5.849203684034974,2530,0,outer_ring
3962,49.963211683496915,7.39048584201729,1808,0,outer_ring
3963,51.61623634036062,38.41020321584361,7455,3,stroke_nan
3964,88.31225040947085,47.531322162429475,10428,5,text_en_1919
3965,89.15624726676393,48.122959120645454,10373,5,text_en_1919
3966,91.61974851447214,42.779403009987796,10570,5,text_en_1919
3967,58.107574181021775,15.81640087063143,11065,5,text_en_1919
3968,64.7743325626732,22.921820855918444,6053,2,octagram
3969,50.542212119841516,13.980470900657094,11005,5,text_en_1919
3970,50.35553026709023,23.735225874940966,5872,2,octagram
3971,54.53473104287484,5.833412832286539,2235,0,outer_ring
3972,92.20219266051801,46.925720095019074,10477,5,text_en_1919
3973,46.12101001627896,86.85549786009612,881,0,outer_ring
3974,45.877499585744374,87.6808801756944,886,0,outer_ring
3975,48.751966129381586,87.8082800878003,681,0,outer_ring
3976,63.06337296232833,80.63049381604309,9074,5,text_en_1919
3977,45.07682285871323,88.48606818787901,924,0,outer_ring
3978,44.877815899368116,89.32975972256035,926,0,outer_ring
3979,40.10144558315356,85.44994781988163,1201,0,outer_ring
3980,27.27950833764187,68.38424363167599,9559,5,text_en_1919
3981,39.221000475120675,63.19770793758558,5103,2,octagram
3982,28.52588713679705,60.557804235467664,3736,1,inner_ring
3983,56.94775456679702,90.11900656421084,167,0,outer_ring
3984,29.30361434150575,67.97118170673325,9570,5,text_en_1919
3985,15.33879740738844,34.46025155952725,1406,0,outer_ring
3986,19.09203633350142,58.141086288085646,9953,5,text_en_1919
3987,25.672013768914095,59.30260131557878,9887,5,text_en_1919
3988,18.012658899972333,58.450775308700784,9945,5,text_en_1919
3989,39.813000414590455,25.888568527543132,4017,1,inner_ring
3990,33.16981761901598,44.59054907892089,5407,2,octagram
3991,23.435923463185013,42.47843725659847,10578,5,text_en_1919
3992,45.73687293178896,63.20973038184188,6586,3,stroke_nan
3993,19.712851047511702,62.56980040822842,9749,5,text_en_1919
3994,32.68924488530534,61.57329604898602,5172,2,octagram
3995,54.963314114447336,35.294182050042174,8507,4,stroke_kai
3996,55.238936944808664,85.5810148962032,8584,5,text_en_1919
3997,64.99617495652261,23.097600501220178,6056,2,octagram
3998,42.51431010567627,57.16600183548166,6710,3,stroke_nan
3999,52.78336754250214,69.686419143121,4844,2,octagram
4000,62.87469722099496,85.25884796101711,8690,5,text_en_1919
4001,60.62504814226622,81.8045442472825,8874,5,text_en_1919
4002,44.07483019065586,90.4053083386633,960,0,outer_ring
4003,64.70365887497421,74.1234069741701,3451,1,inner_ring
4004,58.9574063851244,82.85380416041866,8818,5,text_en_1919
4005,49.72036292042085,88.96095608545393,594,0,outer_ring
4006,45.82766773363817,23.38787746464966,5818,2,octagram
4007,50.99149327460865,80.31321603452432,9024,5,text_en_1919
4008,47.52248457906872,79.48089035441872,9228,5,text_en_1919
4009,67.2532586178347,46.84321830657022,8102,4,stroke_kai
4010,38.74006468777911,25.12110240998131,4014,1,inner_ring
4011,45.13574532400869,52.01646444186255,6865,3,stroke_nan
4012,45.363478200923,43.33502817492665,7320,3,stroke_nan
4013,41.41882359525354,34.42022202544327,5637,2,octagram
4014,48.810568564787516,52.05606076832359,6842,3,stroke_nan
4015,45.34987749184539,23.307415821920735,5811,2,octagram
4016,56.58190923562164,35.31496993201989,8518,4,stroke_kai
4017,50.65966854158889,6.447288520078758,1874,0,outer_ring
4018,34.79822526204912,47.559111325277904,5371,2,octagram
4019,30.0804649737138,35.486732273293796,5534,2,octagram
4020,42.11620044996605,9.853031025666445,1495,0,outer_ring
4021,52.60074788994098,7.9886083623346495,2045,0,outer_ring
4022,52.4021869165373,50.38923512953926,6963,3,stroke_nan
4023,48.05372783296134,41.85719101147492,7297,3,stroke_nan
4024,49.3068932302632,6.367973167739204,1779,0,outer_ring
4025,46.989689222073565,23.702674074327707,5840,2,octagram
4026,52.71967743804826,37.75755825276447,7465,3,stroke_nan
4027,55.32523169178183,6.267482879159335,2301,0,outer_ring
4028,42.93328118226269,25.197849495620552,5750,2,octagram
4029,46.46671029800743,15.139979081649868,10930,5,text_en_1919
4030,56.78331177685019,9.955164014860937,11356,5,text_en_1919
4031,85.40391511229927,42.636736857154965,10664,5,text_en_1919
4032,82.14644856525864,41.64413999550632,10637,5,text_en_1919
4033,43.08636555037542,85.92478395156782,8655,5,text_en_1919
4034,61.01718273741591,46.013937318521656,8179,4,stroke_kai
4035,78.44718838981879,37.58073622908255,6295,2,octagram
4036,64.00365489294539,48.24074445592361,8069,4,stroke_kai
4037,66.85850543065362,40.67422956453863,8383,4,stroke_kai
4038,79.85612170364918,58.274423172381475,4429,2,octagram
4039,68.59482745583723,81.06583956580425,9007,5,text_en_1919
4040,23.630892408534958,75.26595920004979,1383,0,outer_ring
4041,44.30447565822678,51.427023087577176,6885,3,stroke_nan
4042,48.165179692022235,90.16345791256518,701,0,outer_ring
4043,54.17620657709431,85.39489353047792,8598,5,text_en_1919
4044,53.55919533649303,88.59927027823173,335,0,outer_ring
4045,48.800449173855974,82.1906983444884,8844,5,text_en_1919
4046,56.87686596578558,90.00537424373687,172,0,outer_ring
4047,50.32426731513409,87.2027312095365,563,0,outer_ring
4048,36.78201395606567,60.69887010661021,5133,2,octagram
4049,41.32243361150539,63.03852623169613,5088,2,octagram
4050,37.80181966288635,70.87523976257054,3644,1,inner_ring
4051,30.746531174095896,30.114742587240045,3948,1,inner_ring
4052,19.93885681009313,52.066347989452176,10170,5,text_en_1919
4053,22.133782361325174,45.77778203312569,10521,5,text_en_1919
4054,47.94017375276096,87.73534554062776,735,0,outer_ring
4055,44.2778805140485,88.26372604145058,985,0,outer_ring
4056,54.52821108337851,90.29285118769933,282,0,outer_ring
4057,60.669440643433234,59.754370313079725,7649,4,stroke_kai
4058,66.80026443264397,81.0944679750655,9016,5,text_en_1919
4059,48.3655596535152,75.33609065980261,3567,1,inner_ring
4060,66.34197703682275,66.01854410791603,4600,2,octagram
4061,71.93690341139892,70.62697229489432,3400,1,inner_ring
4062,59.37015336544479,55.46937930386016,7858,4,stroke_kai
4063,68.14404227131949,50.86662966931297,7936,4,stroke_kai
4064,66.74986576124084,69.62495663304915,4636,2,octagram
4065,52.11346446243677,68.37478138619527,4855,2,octagram
4066,49.84876298361273,69.92128399187308,4879,2,octagram
4067,67.4954867735517,54.76639514317405,7803,4,stroke_kai
4068,63.84701989142334,51.929854177069885,7906,4,stroke_kai
4069,85.43469607685108,67.48520550402831,9536,5,text_en_1919
4070,94.04205328379196,44.430613705959935,10532,5,text_en_1919
4071,75.69418359655623,43.840596091054564,6379,2,octagram
4072,84.15533770441812,59.639447359816636,9869,5,text_en_1919
4073,90.79365919606491,49.32552753436099,10246,5,text_en_1919
4074,57.959279542866646,44.08974290255269,8231,4,stroke_kai
4075,47.98611174411657,14.444792412373635,10991,5,text_en_1919
4076,63.18584044847091,23.117886143983885,6029,2,octagram
4077,66.5896755392013,29.196779218343057,6132,2,octagram
4078,61.945401721015706,6.61807728229967,2850,0,outer_ring
4079,80.1617002381306,56.810821326496715,6566,2,octagram
4080,86.4660205206616,69.23364958180147,9517,5,text_en_1919
4081,57.24858941137006,44.095616564709296,8219,4,stroke_kai
4082,90.48289236835143,47.33900093310369,10432,5,text_en_1919
4083,44.95245358326242,49.26550027904929,7003,3,stroke_nan
4084,93.56060662965561,49.1954214996694,10254,5,text_en_1919
4085,62.65572736678601,49.6124656488112,7997,4,stroke_kai
4086,65.0594993916586,22.552995584906718,6051,2,octagram
4087,58.71618991622499,5.366555334082419,2628,0,outer_ring
4088,63.38943961139175,6.75891206861374,2941,0,outer_ring
4089,59.84110321147319,25.289911629527133,5983,2,octagram
4090,46.184009197941904,6.142396685154467,1629,0,outer_ring
4091,56.86254182710589,6.734223094794309,2475,0,outer_ring
4092,50.4937186240011,4.909672092091074,1870,0,outer_ring
4093,52.88428292252251,40.57529811462053,7411,3,stroke_nan
4094,54.25008645445229,5.477904219994811,2207,0,outer_ring
4095,47.477253340572275,11.371250946691934,11257,5,text_en_1919
4096,52.77059167690119,6.760815272022059,2058,0,outer_ring
4097,44.950581910120285,36.54288497700594,7522,3,stroke_nan
4098,67.31787192880617,7.893708837858533,3115,0,outer_ring
4099,40.56119347450967,33.803206329005405,5647,2,octagram
4100,48.894864196304084,5.905480419751915,1765,0,outer_ring
4101,58.094474722031066,7.177895715667992,2593,0,outer_ring
4102,57.58261005178056,14.82056664353339,11156,5,text_en_1919
4103,69.42953087414442,23.37200271679989,4228,1,inner_ring
4104,56.155943783174585,6.2142429353113275,2401,0,outer_ring
4105,74.68557030082593,34.5383478996805,6235,2,octagram
4106,58.009877620594956,35.87659153585307,8575,4,stroke_kai
4107,73.16314313616002,59.91924633888232,4510,2,octagram
4108,80.95745496167277,42.016671803107265,4384,1,inner_ring
4109,66.91587020459085,43.677360232181115,8259,4,stroke_kai
4110,77.35414060065561,36.956522803596044,6282,2,octagram
4111,50.535187784134344,30.963032424401547,7539,3,stroke_nan
4112,38.00932571055677,8.761002719160775,1453,0,outer_ring
4113,51.62221572042282,43.86723489320353,7224,3,stroke_nan
4114,90.71794609698166,54.42716436826971,10039,5,text_en_1919
4115,53.524359747353685,92.01459449933859,334,0,outer_ring
4116,29.296170309490307,65.87246071497952,9651,5,text_en_1919
4117,48.727692964246586,89.45959535612987,670,0,outer_ring
4118,47.88994155296985,74.85242793340193,3570,1,inner_ring
4119,59.458615119671094,85.98636238436445,8634,5,text_en_1919
4120,52.365412851230346,82.86699772751864,8716,5,text_en_1919
4121,49.64965084591309,89.8650003883955,591,0,outer_ring
4122,43.0005161410307,71.47654436635544,4982,2,octagram
4123,36.558397655109154,80.66803839087878,9010,5,text_en_1919
4124,25.848270496261602,65.46344470057701,9682,5,text_en_1919
4125,17.348950632930617,41.159168673925464,10654,5,text_en_1919
4126,23.86606178749918,65.79562492372433,9677,5,text_en_1919
4127,32.07369895391548,60.13562960346419,5178,2,octagram
4128,28.268102242080296,63.78334237523155,9723,5,text_en_1919
4129,42.126724165500164,31.324522137254256,5673,2,octagram
4130,44.05049369000787,73.80889113471494,4962,2,octagram
4131,27.19066867498339,37.94422981364393,3893,1,inner_ring
4132,50.3843871093595,52.34521267332079,6844,3,stroke_nan
4133,19.005883451867682,38.71587727281648,10749,5,text_en_1919
4134,40.570600596404404,33.17246624770517,5651,2,octagram
4135,19.50516420509128,50.793089926421224,10196,5,text_en_1919
4136,71.61617620326227,35.20340930546663,6214,2,octagram
4137,54.132146471991106,81.89749662321111,8835,5,text_en_1919
4138,45.03639446745634,47.42347359448941,7102,3,stroke_nan
4139,34.511221024767565,47.40062617833194,5370,2,octagram
4140,51.64310055351566,85.44316286270626,8637,5,text_en_1919
4141,63.19204838732301,54.71524183778012,7806,4,stroke_kai
4142,44.417632277846415,55.67959974013912,6754,3,stroke_nan
4143,68.63886870519025,44.771274448653365,8171,4,stroke_kai
4144,27.248652526094375,79.68158122757463,1377,0,outer_ring
4145,68.91952002570287,78.45165351899013,9192,5,text_en_1919
4146,60.588682764014806,90.5419111315913,71,0,outer_ring
4147,58.7950363604994,82.0052975868688,8873,5,text_en_1919
4148,42.5043415369916,7.340725136189126,1513,0,outer_ring
4149,48.331318856803,6.149794183552426,1733,0,outer_ring
4150,61.98126882112108,42.82288559814773,8280,4,stroke_kai
4151,41.3265480228508,54.380203370349825,6812,3,stroke_nan
4152,27.388772166263305,43.509278576103895,3853,1,inner_ring
4153,52.909650944996365,6.440387608118422,2073,0,outer_ring
4154,39.54584317997129,8.677416951675397,1469,0,outer_ring
4155,29.89992712068783,55.57113270803876,5265,2,octagram
4156,45.38903626302756,37.00979476033211,7509,3,stroke_nan
4157,34.984693026165665,45.39732194326701,5390,2,octagram
4158,36.708891126606005,35.1056469458706,5606,2,octagram
4159,53.01419963216732,5.970918500767546,2082,0,outer_ring
4160,35.14980120202372,47.41947508788855,5372,2,octagram
4161,31.54043180085402,44.70365392611367,5411,2,octagram
4162,15.478137090576642,41.864429724684584,10621,5,text_en_1919
4163,45.27991604400071,15.786916800079725,10929,5,text_en_1919
4164,48.626361699604175,6.0474629195335625,1750,0,outer_ring
4165,50.643761000824625,7.398854188719164,1866,0,outer_ring
4166,51.92833011418472,7.184030065072139,1990,0,outer_ring
4167,64.95730841933701,73.63149931654782,3449,1,inner_ring
4168,46.669264066469886,19.35454540876018,4072,1,inner_ring
4169,46.2654810072983,35.65322878441777,7536,3,stroke_nan
4170,58.315946122011056,6.196295560890372,2602,0,outer_ring
4171,57.64100969876141,14.952791151542295,11151,5,text_en_1919
4172,60.61899198263659,6.300977877591799,2776,0,outer_ring
4173,49.34010177528308,84.16067758509732,8646,5,text_en_1919
4174,78.78632195607535,54.49836884336299,6539,2,octagram
4175,81.43335235974084,36.68289981030771,4346,1,inner_ring
4176,46.22702310895555,31.623301810006865,5687,2,octagram
4177,75.08958945172685,46.22962411376494,6418,2,octagram
4178,67.60809252162532,58.906687451382346,7663,4,stroke_kai
4179,68.9060143126283,65.7513018017201,4594,2,octagram
4180,65.80899373512327,44.8807091743753,8229,4,stroke_kai
4181,67.65275599700341,81.99846032030575,8898,5,text_en_1919
4182,39.16235210139937,69.5615219493509,3642,1,inner_ring
4183,46.195880783370974,72.28311834785416,4928,2,octagram
4184,42.1810575895311,86.24999690321098,1105,0,outer_ring
4185,56.52623098394853,81.6658095351489,8861,5,text_en_1919
4186,70.0721872326424,81.54109067704186,8924,5,text_en_1919
4187,46.6374939079714,88.0162560772999,830,0,outer_ring
4188,46.5876259452343,89.62196808515462,807,0,outer_ring
4189,52.34016087686455,84.34717413813185,8647,5,text_en_1919
4190,65.75756206585801,75.69197666765962,9316,5,text_en_1919
4191,46.388753766228106,70.9852886335046,4922,2,octagram
4192,39.63950180152135,79.70750439147069,9226,5,text_en_1919
4193,14.457957497871119,49.62648887389276,10249,5,text_en_1919
4194,31.35498098092223,51.120178436052846,5312,2,octagram
4195,30.66873002347285,54.40071148178317,5278,2,octagram
4196,35.367589001142115,67.09804350548691,3676,1,inner_ring
4197,40.66445186511049,71.33442243577989,3623,1,inner_ring
4198,54.851032293746535,79.208531144062,9071,5,text_en_1919
4199,61.83202195846094,75.31107715941035,3472,1,inner_ring
4200,53.8068714063919,90.21653150661429,320,0,outer_ring
4201,42.9264340346192,88.60978988636286,1053,0,outer_ring
4202,58.25677729374358,83.83649588274989,8696,5,text_en_1919
4203,68.3024353206881,81.31343719122248,8982,5,text_en_1919
4204,74.3560834115537,74.28081327928041,9355,5,text_en_1919
4205,87.04419632886086,50.695411066166784,10133,5,text_en_1919
4206,57.2752295113012,57.25957539485683,7689,4,stroke_kai
4207,46.06258782943009,53.44506188075255,6783,3,stroke_nan
4208,78.0861452462736,59.86444436414837,4451,2,octagram
4209,81.50189574292247,57.674299848753385,3296,1,inner_ring
4210,74.53596257705397,68.9692110283559,3384,1,inner_ring
4211,67.30832550825913,55.45417023978128,7747,4,stroke_kai
4212,72.03055208172083,68.87252562551372,3395,1,inner_ring
4213,77.784327860524,64.82920582096732,3348,1,inner_ring
4214,86.73422922354567,52.95771503482532,10117,5,text_en_1919
4215,91.41585484407122,45.190896758316235,10528,5,text_en_1919
4216,73.67896203150366,28.55834994957827,4271,1,inner_ring
4217,47.09812089328827,53.227618496263105,6855,3,stroke_nan
4218,64.75429951436239,43.913966464630256,8249,4,stroke_kai
4219,57.80292928377407,80.61089440876493,8951,5,text_en_1919
4220,57.09696143373096,56.64401585790419,7697,4,stroke_kai
4221,87.08350155781923,57.27983522577577,9944,5,text_en_1919
4222,87.44025949559776,54.381341402531895,10073,5,text_en_1919
4223,67.30670921622894,52.56342847540206,7859,4,stroke_kai
4224,75.86003254349268,44.36159171012953,6389,2,octagram
4225,71.66223695670242,35.57787258916555,6213,2,octagram
4226,67.69298316820367,46.74495829894425,8114,4,stroke_kai
4227,62.464899992505565,23.378579142245453,6019,2,octagram
4228,58.699994805886014,11.884721099361368,11307,5,text_en_1919
4229,47.88242294424878,11.623010616227987,11247,5,text_en_1919
4230,50.75223813255781,6.538855879572031,1882,0,outer_ring
4231,50.62519765841956,45.088519388366635,7184,3,stroke_nan
4232,66.22146415657579,9.096669366249571,3095,0,outer_ring
4233,58.386734425693824,25.89344693531023,5958,2,octagram
4234,59.00812333332859,6.716961808048799,2671,0,outer_ring
4235,58.99770910262062,8.746937986747968,2686,0,outer_ring
4236,49.124506559022606,6.730093682274829,1775,0,outer_ring
4237,58.47555843686759,13.947008542365214,11188,5,text_en_1919
4238,59.56807516606605,4.901139581647975,2694,0,outer_ring
4239,47.278726498969384,7.059646547442813,1668,0,outer_ring
4240,52.22536371541178,25.9082096616361,4100,1,inner_ring
4241,48.71528957146761,6.404391821834726,1755,0,outer_ring
4242,55.338218790215564,6.508637258637415,2304,0,outer_ring
4243,48.07380836369234,42.32247685896185,7296,3,stroke_nan
4244,76.44080756936685,27.593136794447922,4279,1,inner_ring
4245,68.7240338452335,23.624450555653205,4225,1,inner_ring
4246,67.4113680352699,8.93660334234271,3127,0,outer_ring
4247,52.89127513569299,13.238077814566822,2047,0,outer_ring
4248,77.67745130890755,39.67750475195268,6344,2,octagram
4249,82.84410581406146,65.69634664322841,9653,5,text_en_1919
4250,74.92521519780465,37.87953095314515,6250,2,octagram
4251,65.7555984771963,36.58512948584164,8487,4,stroke_kai
4252,68.65263861584621,33.04377097296045,6172,2,octagram
4253,66.1386352528956,40.13476289709554,8394,4,stroke_kai
4254,64.4776380373401,8.80898012816896,3026,0,outer_ring
4255,51.51535554978093,6.176774219043396,1954,0,outer_ring
4256,77.90372167757887,61.54333609368408,3329,1,inner_ring
4257,51.52004486128542,89.3624211263543,469,0,outer_ring
4258,36.01557999528233,86.91546502394303,1287,0,outer_ring
4259,40.2560824908153,50.30425818737795,6971,3,stroke_nan
4260,67.05348839016497,88.96354567725525,14,0,outer_ring
4261,51.176372125043855,89.4986717539578,492,0,outer_ring
4262,46.0004240630107,89.6102427616992,852,0,outer_ring
4263,45.96737094828129,60.83597288882882,6595,3,stroke_nan
4264,41.65914836892826,88.2016173942929,1099,0,outer_ring
4265,25.77281837381325,69.75989843839439,9514,5,text_en_1919
4266,38.29437669273965,70.93170009395176,3640,1,inner_ring
4267,45.6605046657364,71.79798210015518,4935,2,octagram
4268,20.724179967875532,63.13003716695914,9736,5,text_en_1919
4269,44.597602963518966,56.40232863786355,6713,3,stroke_nan
4270,27.142742194150575,55.75157260404544,3768,1,inner_ring
4271,28.367340685033263,67.58907298797742,9592,5,text_en_1919
4272,30.020540657538497,59.14028739541697,5215,2,octagram
4273,39.877456174979116,26.58192033424339,5724,2,octagram
4274,28.881623229063027,36.88417787500149,5514,2,octagram
4275,27.516755711670637,64.7451983639964,9697,5,text_en_1919
4276,24.13978972780577,58.50600528214967,9916,5,text_en_1919
4277,30.990643708129035,50.783699717179616,5315,2,octagram
4278,45.17025100557717,42.15266186035929,7360,3,stroke_nan
4279,43.69315786997482,73.41994117602644,4968,2,octagram
4280,39.75971675820725,50.25339439423144,6959,3,stroke_nan
4281,50.2056764828003,47.366922085581365,7096,3,stroke_nan
4282,50.83315945050825,59.64873260879834,6637,3,stroke_nan
4283,64.48339628136009,86.53290535520392,8644,5,text_en_1919
4284,79.89293040510762,60.73161147377636,3316,1,inner_ring
4285,59.972506603361865,89.230141527952,79,0,outer_ring
4286,62.37607078983998,84.31886297537822,8763,5,text_en_1919
4287,63.81171042388007,57.43573448027425,7732,4,stroke_kai
4288,56.18678655971867,90.16607378363891,196,0,outer_ring
4289,68.05341733885658,81.1377970861195,9017,5,text_en_1919
4290,54.76643703727693,5.208527381898976,2255,0,outer_ring
4291,39.529845882346045,41.67979739247381,7350,3,stroke_nan
4292,19.764672952369793,48.76248947703588,10399,5,text_en_1919
4293,52.28707024567368,58.21771107994394,6634,3,stroke_nan
4294,44.59150580461802,25.567994668390046,5796,2,octagram
4295,49.8145558436824,5.896195453960484,1809,0,outer_ring
4296,43.29385495459137,52.90936346367686,6802,3,stroke_nan
4297,41.209365932398036,30.92716135147494,5675,2,octagram
4298,56.971036903050305,38.73550630453017,8434,4,stroke_kai
4299,24.25064309656513,37.722009109045906,10733,5,text_en_1919
4300,8.675854219377063,51.38520313972353,1397,0,outer_ring
4301,55.71025080302649,35.83167759047852,8511,4,stroke_kai
4302,46.49049550544786,40.33591635424688,7398,3,stroke_nan
4303,29.306567829484976,35.35109229642071,3911,1,inner_ring
4304,40.76731563949802,41.56529533606298,7367,3,stroke_nan
4305,27.763224278893883,24.54270473112616,10855,5,text_en_1919
4306,40.47172450819198,18.0081948344716,10908,5,text_en_1919
4307,37.581924931920085,8.790929577356735,1449,0,outer_ring
4308,51.55487920412719,4.996036592200563,1968,0,outer_ring
4309,48.78842059675676,10.085972401396836,11258,5,text_en_1919
4310,56.300020148206194,21.878923530782725,4138,1,inner_ring
4311,58.124812583422745,14.165470803459863,11207,5,text_en_1919
4312,44.13954548042298,9.86757209125848,1537,0,outer_ring
4313,64.3342942448661,20.975616715145065,4192,1,inner_ring
4314,44.42581830414888,23.321699835304596,5786,2,octagram
4315,61.490625264838506,60.38364239357672,7615,4,stroke_kai
4316,64.78885331594051,21.236475034460437,6043,2,octagram
4317,65.24470357845853,23.08356122598289,6055,2,octagram
4318,59.03109138375945,81.68711304839046,8895,5,text_en_1919
4319,32.78645967510981,60.366897675270685,5176,2,octagram
4320,57.809137631226946,39.374299357902665,8412,4,stroke_kai
4321,54.8750492208846,89.8083962592695,266,0,outer_ring
4322,88.86054515717653,41.47104145309827,10645,5,text_en_1919
4323,63.24564470641207,74.4265444039284,3461,1,inner_ring
4324,48.03980425609076,46.23119297747947,7147,3,stroke_nan
4325,41.79342491833739,87.92617523275155,1094,0,outer_ring
4326,50.0874055728783,88.7103906966933,570,0,outer_ring
4327,53.15049792380883,91.63054285943365,356,0,outer_ring
4328,56.144176125796605,90.28494123095541,200,0,outer_ring
4329,43.766325387207715,88.37873131216091,1015,0,outer_ring
4330,57.26951877108266,90.74996400269936,159,0,outer_ring
4331,43.01355646451137,87.42301151425512,1059,0,outer_ring
4332,32.16099498734905,51.22102122798092,5311,2,octagram
4333,54.068587290403066,87.48105363047833,300,0,outer_ring
4334,51.945137789769646,56.610844139075844,6729,3,stroke_nan
4335,31.720853997782292,65.23924589601872,3697,1,inner_ring
4336,29.287993090237226,56.13377601254972,5254,2,octagram
4337,57.32269135451094,79.0134616194327,9097,5,text_en_1919
4338,46.80124332091318,88.8877148805746,801,0,outer_ring
4339,48.398752262051154,89.65994776917788,690,0,outer_ring
4340,48.309538871069066,82.4539175034025,8800,5,text_en_1919
4341,60.63159506003374,40.73407878901077,8369,4,stroke_kai
4342,57.005158144011006,82.09745244414142,8805,5,text_en_1919
4343,59.110235896306484,79.55538537236608,9060,5,text_en_1919
4344,48.53755609366335,89.82380669224605,677,0,outer_ring
4345,57.70581457936176,47.01081436169213,8109,4,stroke_kai
4346,68.90952754128021,53.63460047603798,7820,4,stroke_kai
4347,79.44299131070882,66.84504403818306,9635,5,text_en_1919
4348,80.91633868837187,57.420240980129485,3294,1,inner_ring
4349,49.86585595594351,76.43471366222184,3555,1,inner_ring
4350,76.97173685864375,51.784445259023826,6497,2,octagram
4351,62.109049925236775,72.13494508170005,4717,2,octagram
4352,67.56905472647654,52.19112025334713,7907,4,stroke_kai
4353,55.87356940307155,59.20383570284747,7626,4,stroke_kai
4354,67.87188136869992,60.0066874790464,7647,4,stroke_kai
4355,72.03735261921794,61.05819857418892,4536,2,octagram
4356,88.01758074523333,59.893502939355415,9851,5,text_en_1919
4357,87.97102494054977,61.03616513834713,9800,5,text_en_1919
4358,53.99042657755078,80.40326188005035,8949,5,text_en_1919
4359,53.69403331489025,27.832331887139492,5891,2,octagram
4360,57.53936824930718,6.6483889351326635,2538,0,outer_ring
4361,74.677192370208,46.10375108502686,6417,2,octagram
4362,80.74012609734149,63.74496897767744,9704,5,text_en_1919
4363,88.13819530399115,57.739445122651446,9926,5,text_en_1919
4364,63.58426573057849,45.43392132829805,8234,4,stroke_kai
4365,89.46506380691922,52.70911675043653,10120,5,text_en_1919
4366,76.07843242163996,66.1560900872932,3359,1,inner_ring
4367,91.03253322494635,61.64820131228515,9781,5,text_en_1919
4368,57.28153720018126,29.229245840868714,8569,4,stroke_kai
4369,55.83084624400264,5.984149978785798,2363,0,outer_ring
4370,81.51745646570225,25.119494422626303,10826,5,text_en_1919
4371,57.47577369918693,16.394212485123994,11007,5,text_en_1919
4372,60.13569452710524,22.005530940580943,4166,1,inner_ring
4373,65.57299579316143,9.399961457338318,3066,0,outer_ring
4374,64.84339608926923,14.99867526064172,11112,5,text_en_1919
4375,52.83251302467349,13.537903062530498,11301,5,text_en_1919
4376,57.95498704622133,5.24684089535247,2562,0,outer_ring
4377,59.265116903830844,6.518279516367982,2685,0,outer_ring
4378,53.176039271221406,7.528957344576953,2093,0,outer_ring
4379,64.61027644142311,6.384237900130496,3006,0,outer_ring
4380,69.40140329014396,26.923689058600946,6118,2,octagram
4381,49.00054494880434,36.87827169421098,7518,3,stroke_nan
4382,69.1018699186688,9.48663632167081,3168,0,outer_ring
4383,64.68994043574622,7.0445939797144055,3013,0,outer_ring
4384,65.55627390157667,36.23411300344227,8488,4,stroke_kai
4385,62.655287978419054,22.241399040327877,4189,1,inner_ring
4386,68.50238498861668,7.446497262263901,3139,0,outer_ring
4387,48.631560602421516,15.320774256292706,10950,5,text_en_1919
4388,54.166951276706776,4.729380921583371,2200,0,outer_ring
4389,70.08998424656482,45.441797513233944,6438,2,octagram
4390,60.07836499640374,44.969687124003194,8204,4,stroke_kai
4391,76.0505208204219,43.41986756987451,6377,2,octagram
4392,92.6959404092467,49.06544988837883,10241,5,text_en_1919
4393,60.20583808032608,39.27140044692781,8418,4,stroke_kai
4394,62.0098895288896,40.89021782494561,8363,4,stroke_kai
4395,68.8044930104434,16.157300636373897,10987,5,text_en_1919
4396,49.26117886354838,9.044961780714416,11326,5,text_en_1919
4397,46.482685213322185,5.679969743470134,1647,0,outer_ring
4398,64.22650921292399,59.36225403987597,7667,4,stroke_kai
4399,36.65058432387493,68.66678918063248,3660,1,inner_ring
4400,36.025973881362546,86.72768750572551,1289,0,outer_ring
4401,50.27406643764047,83.24346397730966,8746,5,text_en_1919
4402,69.47918054190502,81.50939905969327,8945,5,text_en_1919
4403,48.40272488733978,89.3146626657331,694,0,outer_ring
4404,52.80956380032368,79.551946293418,9057,5,text_en_1919
4405,43.45983020756916,87.51782539196495,1039,0,outer_ring
4406,28.302093246086073,74.93271445787757,9378,5,text_en_1919
4407,34.59317056797902,66.81439869002503,3678,1,inner_ring
4408,46.89935164515812,47.34730574951091,7073,3,stroke_nan
4409,43.60982144510292,70.10373004104001,4999,2,octagram
4410,21.792981964059592,59.45665767419433,9891,5,text_en_1919
4411,49.576555204191585,50.77459544217596,6901,3,stroke_nan
4412,18.48265372014897,41.48187658403338,10629,5,text_en_1919
4413,30.606824813733997,64.31075653665239,3707,1,inner_ring
4414,31.12652859733429,37.53799990053225,5538,2,octagram
4415,26.44383072783206,52.812773604806615,3791,1,inner_ring
4416,38.738429442836924,33.81541898597258,5628,2,octagram
4417,43.34011539071582,57.235242178347434,6711,3,stroke_nan
4418,30.76974620542621,56.73450047777931,5260,2,octagram
4419,20.509609864751756,39.42767960139523,10730,5,text_en_1919
4420,42.944058786481214,67.74027214049715,5033,2,octagram
4421,28.70338599521842,38.72807798804935,5487,2,octagram
4422,44.84495261711112,49.7703884493209,6973,3,stroke_nan
4423,40.43408383410207,45.842061453145504,7201,3,stroke_nan
4424,51.625371682383914,80.11113408097249,9036,5,text_en_1919
4425,29.824705005258636,83.09782371086592,1364,0,outer_ring
4426,49.3413964071174,87.14552241308556,645,0,outer_ring
4427,48.830484634979705,71.95477162028992,4905,2,octagram
4428,72.59079408442365,73.86464617970395,9412,5,text_en_1919
4429,58.29240092684088,89.93692893586889,125,0,outer_ring
4430,58.54236219335462,26.709920598451372,5966,2,octagram
4431,27.417754211689846,56.88005394148226,3758,1,inner_ring
4432,29.893611727939646,62.01206746891724,3724,1,inner_ring
4433,44.05914299844461,67.75617830990446,5030,2,octagram
4434,61.135029554143976,6.03077081983164,2799,0,outer_ring
4435,65.8110973453402,33.1901425356161,8546,4,stroke_kai
4436,47.184892635312025,19.605841908695034,4074,1,inner_ring
4437,54.649639563149215,6.373388529567134,2245,0,outer_ring
4438,39.027487851910934,8.127179053531266,1465,0,outer_ring
4439,48.50067067908851,33.71059232925139,7567,3,stroke_nan
4440,42.08417282213916,27.412410562569637,5719,2,octagram
4441,46.15464053341861,36.76258916840628,7502,3,stroke_nan
4442,33.80761342577785,44.58448192574855,5402,2,octagram
4443,53.190642296186596,50.33175857485411,6937,3,stroke_nan
4444,52.52411271465174,43.50947603773383,7267,3,stroke_nan
4445,31.95320271994752,27.60004045930608,3967,1,inner_ring
4446,37.45710769556911,14.696622756661544,11209,5,text_en_1919
4447,28.630615419127075,66.11328156369233,9633,5,text_en_1919
4448,55.03591498581854,68.2347500266141,4814,2,octagram
4449,46.12792608447207,6.068213477053686,1628,0,outer_ring
4450,45.10627466673287,32.70672226718848,5669,2,octagram
4451,64.132404164025,6.772544377011261,2991,0,outer_ring
4452,49.46385111359845,47.45021380699021,7095,3,stroke_nan
4453,43.59220084814559,48.803915914985694,7013,3,stroke_nan
4454,63.12049686822425,14.622085451774616,11123,5,text_en_1919
4455,54.158452915973726,4.6778100402963005,2198,0,outer_ring
4456,69.2506350857198,44.66960375589493,6435,2,octagram
4457,62.46617721809981,5.917579629211139,2881,0,outer_ring
4458,49.33071350683453,5.4027190010511905,1786,0,outer_ring
4459,67.63152280801589,27.355820726109453,6121,2,octagram
4460,54.8726982584158,28.237804969182537,5917,2,octagram
4461,80.40254857484518,40.77966043748026,4372,1,inner_ring
4462,52.46622744567489,78.27383569728548,9152,5,text_en_1919
4463,64.34829461232384,55.7611457215691,7768,4,stroke_kai
4464,54.376583585407325,85.083251917421,8604,5,text_en_1919
4465,60.05016286289314,74.48211491934482,3484,1,inner_ring
4466,47.79875201912603,88.86171036614552,728,0,outer_ring
4467,28.92458366376805,81.51375482266565,1370,0,outer_ring
4468,43.755104815560536,87.69356915378134,1025,0,outer_ring
4469,55.04858962912015,90.31680129355978,261,0,outer_ring
4470,41.64547989251805,87.61349272500242,1107,0,outer_ring
4471,47.01641082601589,72.3310667071593,4926,2,octagram
4472,46.80564191171384,89.76328704431073,792,0,outer_ring
4473,47.063405852275544,80.1660927846662,9214,5,text_en_1919
4474,45.93557752526333,69.89758291717776,4920,2,octagram
4475,51.26219036858933,71.11864884993771,4873,2,octagram
4476,37.688456500750995,67.74625406241331,3658,1,inner_ring
4477,58.41896994163574,68.86450057259574,4779,2,octagram
4478,56.973631431098994,26.251597308319237,5950,2,octagram
4479,21.88195719548215,42.22301512617897,10576,5,text_en_1919
4480,59.52478721509415,83.27185158618461,8828,5,text_en_1919
4481,52.80547339545565,89.02693142441377,387,0,outer_ring
4482,61.00663475212785,74.47194922199233,3478,1,inner_ring
4483,68.53369753894894,82.48678958316515,8830,5,text_en_1919
4484,61.73324994224586,53.926442436611595,7841,4,stroke_kai
4485,67.21257888913212,77.14898737081127,9289,5,text_en_1919
4486,61.9738964704701,71.7014907674007,4723,2,octagram
4487,57.155546915551604,46.407776620686946,8130,4,stroke_kai
4488,58.851834378371336,69.07544176239612,4771,2,octagram
4489,79.56006001601911,71.6329875644562,9475,5,text_en_1919
4490,84.53249076777931,67.60063161048075,9629,5,text_en_1919
4491,68.90967312361735,26.640468808996268,6115,2,octagram
4492,87.23410561894465,59.26303729307351,9850,5,text_en_1919
4493,91.95477623291401,49.88595130570602,10200,5,text_en_1919
4494,86.88617730967714,62.14625730164272,9767,5,text_en_1919
4495,74.94134456071569,52.29067272061316,6486,2,octagram
4496,69.22448741722995,61.61837055845744,4551,2,octagram
4497,79.93573676149896,49.25088622462278,3237,1,inner_ring
4498,62.787418444459526,51.254209998785115,7934,4,stroke_kai
4499,76.17241490164157,53.45591017881133,6512,2,octagram
4500,56.459316081146085,7.23237198760599,2441,0,outer_ring
4501,52.71051814401644,38.40643681766899,7447,3,stroke_nan
4502,54.663670871898844,82.5794243041738,8769,5,text_en_1919
4503,51.43328307933781,8.380013469141147,1927,0,outer_ring
4504,74.3269006718985,69.07011939052076,3385,1,inner_ring
4505,77.43273116186815,55.34148104026026,6541,2,octagram
4506,78.49992769954537,36.82949790221243,6293,2,octagram
4507,58.034810340786436,51.37636148577962,7955,4,stroke_kai
4508,82.3911271998856,58.6387755527627,3299,1,inner_ring
4509,81.75347713466934,38.783419646051534,4361,1,inner_ring
4510,72.76771649507646,9.525042579894937,3202,0,outer_ring
4511,48.22960648676755,35.61864284571537,7542,3,stroke_nan
4512,59.67977764157401,5.042861864150497,2701,0,outer_ring
4513,64.05009825962506,45.00485736245476,8215,4,stroke_kai
4514,57.695752600242805,6.820547664857154,2554,0,outer_ring
4515,42.177607544164616,5.132449501922931,1517,0,outer_ring
4516,53.405333694417436,41.475151721287844,7378,3,stroke_nan
4517,50.71972597914429,37.66967173808208,7468,3,stroke_nan
4518,55.070323214040904,26.949568990947114,4130,1,inner_ring
4519,55.74638300110941,3.9708905722857613,2343,0,outer_ring
4520,85.09269488784562,26.38145976692795,10818,5,text_en_1919
4521,63.27143944574404,33.14120222411086,8558,4,stroke_kai
4522,56.628810649243455,6.559007752751995,2455,0,outer_ring
4523,51.84398907534664,18.977296536027918,11047,5,text_en_1919
4524,40.50690756578172,31.154506815883806,5671,2,octagram
4525,57.74918970854768,5.00946339539366,2543,0,outer_ring
4526,53.72745138283134,6.546577453457548,2152,0,outer_ring
4527,62.6774928308652,6.733245349258752,2906,0,outer_ring
4528,58.28908698862768,10.316573843956,11341,5,text_en_1919
4529,53.900368244142044,7.120147014195051,2170,0,outer_ring
4530,58.04136708565896,17.75731215396344,10967,5,text_en_1919
4531,68.82985251555138,42.721738176969275,8298,4,stroke_kai
4532,92.51089574782624,49.6988434779656,10215,5,text_en_1919
4533,91.96298970335282,53.76564573783824,10067,5,text_en_1919
4534,55.96250950032507,52.87777956096746,7809,4,stroke_kai
4535,82.29067941189751,48.887578177013374,10345,5,text_en_1919
4536,65.36933417580731,18.795394399091265,10886,5,text_en_1919
4537,65.33084892007813,49.91514125554062,7991,4,stroke_kai
4538,47.6799387081176,47.43798748906689,7112,3,stroke_nan
4539,36.20347247117752,8.626101627874883,1443,0,outer_ring
4540,82.89237492740094,67.11802070569047,9636,5,text_en_1919
4541,44.91526356825873,89.2162774201287,923,0,outer_ring
4542,36.55222707539668,87.37747814289382,1274,0,outer_ring
4543,27.642433615686066,76.76326036446093,9324,5,text_en_1919
4544,44.170818008014905,89.0732923012356,980,0,outer_ring
4545,43.51292202614475,86.93211116290122,1043,0,outer_ring
4546,41.944994674105416,86.61705971018978,1108,0,outer_ring
4547,48.47059217623519,85.30654997808082,8590,5,text_en_1919
4548,39.2700809223095,88.1455797693857,1196,0,outer_ring
4549,29.879850968841513,74.5785843122012,9384,5,text_en_1919
4550,18.601733889408727,58.555613429235635,9935,5,text_en_1919
4551,25.26193622253956,71.76828951221894,9457,5,text_en_1919
4552,24.23750900291886,51.494288529225294,10192,5,text_en_1919
4553,39.12697968259018,47.945517831233765,5368,2,octagram
4554,39.407040159499815,66.74038657947601,5053,2,octagram
4555,31.962342819651145,56.08881012217616,5266,2,octagram
4556,34.55440930468916,58.935792095802746,5164,2,octagram
4557,26.494843520629377,24.775235742219316,10852,5,text_en_1919
4558,19.39016368561979,40.91770261137704,10610,5,text_en_1919
4559,39.74576025268487,41.26199511537781,7384,3,stroke_nan
4560,39.46636084846363,62.31974886284688,5104,2,octagram
4561,44.28918968625158,80.05370586497405,9032,5,text_en_1919
4562,32.356230875884286,51.91016134924366,5308,2,octagram
4563,49.21249275860902,49.19729608916017,6968,3,stroke_nan
4564,57.77344391119721,46.26930843597254,8127,4,stroke_kai
4565,51.11239429117705,48.59361202842864,7014,3,stroke_nan
4566,48.689400808936,80.82885849992168,8971,5,text_en_1919
4567,58.69032887521889,79.53993285688453,9098,5,text_en_1919
4568,49.537053211535145,83.83154793761732,8656,5,text_en_1919
4569,42.97381065886606,71.35101241023283,4989,2,octagram
4570,53.03531472046715,91.62958020603942,365,0,outer_ring
4571,56.79704758477013,50.99856570519255,7957,4,stroke_kai
4572,85.97683896289246,47.422790451299385,10405,5,text_en_1919
4573,71.66861727340367,81.79189317778362,8855,5,text_en_1919
4574,55.31047701895305,88.57792714778122,249,0,outer_ring
4575,70.7076400132272,35.15338302201663,6206,2,octagram
4576,47.467172446866094,87.52020731817076,770,0,outer_ring
4577,58.67965408792413,37.15569114198275,8529,4,stroke_kai
4578,69.12843125557819,14.855326027379792,11070,5,text_en_1919
4579,37.62490673396219,22.60317530192001,4016,1,inner_ring
4580,34.86445163318635,46.6107017521207,5381,2,octagram
4581,56.17690228646448,35.062423979542345,8541,4,stroke_kai
4582,28.32985815408641,27.39062018433594,10809,5,text_en_1919
4583,38.22768827321774,35.11199746221143,5622,2,octagram
4584,37.42401593103015,24.165926894460217,4012,1,inner_ring
4585,29.476593273910368,57.21269589193503,5246,2,octagram
4586,18.734171284702164,39.963862298366195,10709,5,text_en_1919
4587,29.53604019981925,38.314733544650124,5490,2,octagram
4588,49.32204652144159,73.46131274180216,3564,1,inner_ring
4589,20.17609602598501,39.78483204854608,10729,5,text_en_1919
4590,41.1834231654899,30.32373174836648,5681,2,octagram
4591,38.26975881978082,13.637964845030352,11255,5,text_en_1919
4592,64.66295486026296,7.74983389279104,3021,0,outer_ring
4593,64.8598961606114,22.540373391489222,6049,2,octagram
4594,67.9230770636383,7.354995986194209,3126,0,outer_ring
4595,62.181187055119054,7.317740831115124,2877,0,outer_ring
4596,63.02855138561087,7.392023910290496,2932,0,outer_ring
4597,59.62685913888893,50.07124625102024,8005,4,stroke_kai
4598,76.61304251142468,40.07279004689485,6348,2,octagram
4599,89.43285549581348,47.214579574927036,10412,5,text_en_1919
4600,55.25733581948241,21.418112683118682,4128,1,inner_ring
4601,63.1888962402141,24.37557063986278,6059,2,octagram
4602,81.40934582471512,47.921766188787245,3231,1,inner_ring
4603,65.96938989714266,44.87404849620796,8211,4,stroke_kai
4604,91.2613505240232,47.76983599197062,10414,5,text_en_1919
4605,49.28537813535766,86.66418774575446,657,0,outer_ring
4606,65.80277105862318,70.114721802997,4640,2,octagram
4607,46.90750023108144,87.99449584882643,806,0,outer_ring
4608,41.60837306518036,66.71487594699727,5045,2,octagram
4609,44.47384555316772,71.94165056807068,4978,2,octagram
4610,47.447978202597795,87.04663855350411,779,0,outer_ring
4611,36.4251878439677,86.91683800213883,1280,0,outer_ring
4612,35.32379112708581,85.50466453146892,1310,0,outer_ring
4613,41.49113493515947,87.56554538912141,1114,0,outer_ring
4614,43.13135867551067,74.15519187453506,3599,1,inner_ring
4615,40.952231823535286,87.3519771131506,1144,0,outer_ring
4616,51.06770584862288,69.85400674708886,4871,2,octagram
4617,48.607050145965275,78.44006734608642,9252,5,text_en_1919
4618,52.738157678731824,89.53536188203772,389,0,outer_ring
4619,31.10416048175386,57.34102486989853,5209,2,octagram
4620,48.49920007767286,52.22502340853992,6890,3,stroke_nan
4621,27.14468172293988,55.004717723214306,3773,1,inner_ring
4622,49.229362112932726,88.10012391855001,643,0,outer_ring
4623,68.44421849587066,77.47342147802796,9284,5,text_en_1919
4624,43.09283084748073,87.61384060132235,1056,0,outer_ring
4625,60.76353649724292,54.394652729118036,7829,4,stroke_kai
4626,65.41074688075526,72.489689911061,4678,2,octagram
4627,60.01778068318446,84.39836649222948,8720,5,text_en_1919
4628,69.43865209500542,81.03799712698279,9018,5,text_en_1919
4629,65.69527513998116,39.507378244381876,8406,4,stroke_kai
4630,66.97461185843666,79.76274333927104,9133,5,text_en_1919
4631,77.45116008493183,80.3026357508903,9150,5,text_en_1919
4632,68.37403737713116,72.45018921222291,3425,1,inner_ring
4633,35.31780143977125,61.82080552312558,5146,2,octagram
4634,88.55474938736053,60.44442846280169,9844,5,text_en_1919
4635,86.39376202938574,47.02465379094211,10442,5,text_en_1919
4636,83.984875181919,57.493994916930106,9939,5,text_en_1919
4637,74.35227122447795,65.60211476693627,3364,1,inner_ring
4638,79.16122078863619,60.694312818789214,3319,1,inner_ring
4639,75.3561642507415,59.22654761155884,4481,2,octagram
4640,70.91890114873877,62.55522591401061,4548,2,octagram
4641,85.39389520450392,53.77310351677453,10081,5,text_en_1919
4642,77.65871243679896,41.759680390434745,6357,2,octagram
4643,62.2299531118217,20.76731905575006,4182,1,inner_ring
4644,83.61047770686629,48.20168232832375,10381,5,text_en_1919
4645,57.14849026946955,26.880974587613125,5945,2,octagram
4646,56.52665374259206,7.041536694558881,2448,0,outer_ring
4647,84.77880901639288,64.42833232179977,9750,5,text_en_1919
4648,90.3970625610339,48.45539329636934,10339,5,text_en_1919
4649,78.19383429389951,57.467069057651614,4449,2,octagram
4650,93.02498664388035,48.23520536366648,10341,5,text_en_1919
4651,90.66546449679653,61.427940438013984,9796,5,text_en_1919
4652,86.38305516923248,54.51881279931128,10051,5,text_en_1919
4653,53.54249047556996,8.077381788380166,2127,0,outer_ring
4654,56.55033241207662,12.890904212577192,11262,5,text_en_1919
4655,69.79154162371547,33.18388072928736,6186,2,octagram
4656,48.41482143835427,48.62276274364314,6999,3,stroke_nan
4657,69.2572703835458,8.242492618729294,3163,0,outer_ring
4658,53.57124380017226,6.8457222515159,2136,0,outer_ring
4659,49.00076786702227,7.096984602218171,1761,0,outer_ring
4660,55.25078606686755,5.05014006477444,2288,0,outer_ring
4661,58.29845897876161,19.37915372906066,10942,5,text_en_1919
4662,66.00338218055825,8.651236213068591,3078,0,outer_ring
4663,60.362676722156586,7.959941715147698,2775,0,outer_ring
4664,63.33349723489515,7.05769645837819,2944,0,outer_ring
4665,55.430333560801834,5.500504469873369,2311,0,outer_ring
4666,53.93466966253949,5.178017805950904,2175,0,outer_ring
4667,51.19172408506725,8.355285932153619,1903,0,outer_ring
4668,62.7225614463484,8.73319670767715,2931,0,outer_ring
4669,58.8333303621146,6.50331602414871,2652,0,outer_ring
4670,72.60789841223041,34.43102414225543,6217,2,octagram
4671,61.71629946784639,5.881954693630194,2833,0,outer_ring
4672,59.036277890126016,6.473896947718562,2670,0,outer_ring
4673,69.67105410499327,8.617523578008543,3171,0,outer_ring
4674,80.26058445598257,52.497846228750554,6524,2,octagram
4675,94.24449806990675,47.1034815899605,10486,5,text_en_1919
4676,87.41224195502386,60.22328025842396,9837,5,text_en_1919
4677,54.313502810075626,3.374905623226118,2211,0,outer_ring
4678,61.074091102574066,53.97800128756176,7827,4,stroke_kai
4679,79.58379827784282,30.870170809151222,4310,1,inner_ring
4680,57.399909205059345,37.10204284379949,8493,4,stroke_kai
4681,47.82587760583074,25.890328638209013,7561,3,stroke_nan
4682,91.98466483529062,53.92702172746587,10058,5,text_en_1919
4683,30.339507625450405,83.13448949223735,1361,0,outer_ring
4684,42.0244687197423,87.89922821553768,1088,0,outer_ring
4685,51.22534861265975,88.29960420022081,495,0,outer_ring
4686,42.98273840932844,90.6876256206405,1023,0,outer_ring
4687,67.29551457640079,77.71935863459746,9275,5,text_en_1919
4688,35.91993972251646,86.1208554675198,1301,0,outer_ring
4689,41.06630053885694,75.19279944302627,3606,1,inner_ring
4690,43.44210092080966,88.40885185792409,1029,0,outer_ring
4691,43.811014002277865,84.54763809201405,8714,5,text_en_1919
4692,29.436074700834368,60.142421741187015,3735,1,inner_ring
4693,18.366616586578782,60.46743590937855,9920,5,text_en_1919
4694,59.929662936084725,56.13432395207524,7773,4,stroke_kai
4695,20.31029616021338,50.43854310764154,10211,5,text_en_1919
4696,21.067460236803907,56.49067095661398,9984,5,text_en_1919
4697,19.900257666615396,50.77478442915009,10179,5,text_en_1919
4698,18.156914405993312,49.36930628677716,10287,5,text_en_1919
4699,18.754146311269107,48.08907624601478,10416,5,text_en_1919
4700,25.926167013170762,45.49389854577787,3839,1,inner_ring
4701,29.630796686196774,57.13952948061833,5245,2,octagram
4702,66.01199058922732,29.999826278081255,6141,2,octagram
4703,25.37338156171102,69.82809789247696,9500,5,text_en_1919
4704,41.180048103599034,27.09425172317287,5718,2,octagram
4705,49.742731536954004,82.95351371898471,8788,5,text_en_1919
4706,35.08254397451354,61.05944275619912,5154,2,octagram
4707,44.71241743633052,51.84172469792901,6898,3,stroke_nan
4708,52.05828664204664,83.32164419318883,8708,5,text_en_1919
4709,25.95047409986319,37.05477211033057,3894,1,inner_ring
4710,45.03869002763208,88.26847976066817,933,0,outer_ring
4711,57.43289357667321,47.15750095340164,8096,4,stroke_kai
4712,66.82098548933503,80.61550284908637,9041,5,text_en_1919
4713,68.5602380611156,86.75760809076147,8,0,outer_ring
4714,66.09092350743289,69.83731828318908,4641,2,octagram
4715,42.02627728571861,74.55460352012204,3602,1,inner_ring
4716,54.77473004034335,67.74406768846676,4819,2,octagram
4717,32.314376419592406,59.228717743151094,5198,2,octagram
4718,50.663046840961584,43.02775459662865,7231,3,stroke_nan
4719,56.77960663133176,83.927162564214,8703,5,text_en_1919
4720,47.6031235392139,22.138902385122066,5833,2,octagram
4721,67.91271863390743,18.341738649870145,10888,5,text_en_1919
4722,51.60030871567287,42.83649363196601,7245,3,stroke_nan
4723,29.681888165327898,33.650151781889406,3926,1,inner_ring
4724,36.690982250782184,26.332255578664153,3996,1,inner_ring
4725,42.96614583272997,27.375221581099986,5729,2,octagram
4726,50.15326806468224,24.683893532650487,5875,2,octagram
4727,32.78403525409402,36.28366651642851,5554,2,octagram
4728,51.967192877752545,20.466868338986067,4105,1,inner_ring
4729,26.19373767449164,40.74997384474668,3871,1,inner_ring
4730,46.11743148154269,22.851552704877186,5817,2,octagram
4731,34.65600962311887,34.13303920732523,5588,2,octagram
4732,53.09438295564818,35.8106599865939,5901,2,octagram
4733,42.002534521847124,7.749557387498796,1505,0,outer_ring
4734,51.38630466189228,6.4309632009628475,1944,0,outer_ring
4735,50.257726919770235,19.199173990201388,4094,1,inner_ring
4736,49.38622780601969,13.16632019754217,11194,5,text_en_1919
4737,50.39185269717569,8.434849918421216,1838,0,outer_ring
4738,58.72660475704429,7.793991530724075,2654,0,outer_ring
4739,55.44215095877436,28.218529916250894,8571,4,stroke_kai
4740,57.624358108707426,22.789837665103445,4144,1,inner_ring
4741,47.09472507548521,52.97267028324428,6854,3,stroke_nan
4742,59.778629828823675,46.957780829492584,8116,4,stroke_kai
4743,89.0555439175349,57.78478691660621,9919,5,text_en_1919
4744,76.84778903252666,45.42021269050074,6394,2,octagram
4745,77.30188451650992,59.21243575793202,4463,2,octagram
4746,41.37910347238762,88.05932799458691,1111,0,outer_ring
4747,68.58852382850084,44.94432738988122,8170,4,stroke_kai
4748,66.9611928686015,46.86775409746224,8103,4,stroke_kai
4749,66.55042567520923,30.434442663443104,6147,2,octagram
4750,43.86875078203968,80.13046023629347,9021,5,text_en_1919
4751,30.042941095446285,65.59693168189109,9659,5,text_en_1919
4752,52.60490893255744,90.12104870212619,391,0,outer_ring
4753,68.65756528939286,77.58963117104744,9257,5,text_en_1919
4754,38.93764205816966,87.32523807218557,1216,0,outer_ring
4755,56.061956237685095,89.05414293585586,201,0,outer_ring
4756,41.93033302514321,87.32065406684187,1100,0,outer_ring
4757,36.92458734399854,60.8722765711583,5134,2,octagram
4758,40.70430377379889,61.54262002230908,5099,2,octagram
4759,39.907911521520894,87.92160716875397,1176,0,outer_ring
4760,28.547274798339384,63.2891536961367,9728,5,text_en_1919
4761,21.052772399751692,41.92084532001893,10594,5,text_en_1919
4762,44.660131964575434,67.6508168218134,5027,2,octagram
4763,20.378109696305394,56.89319542000678,9990,5,text_en_1919
4764,49.55781139145173,88.5050674138087,611,0,outer_ring
4765,34.65493626865396,83.14842964144067,1332,0,outer_ring
4766,49.450422521999776,89.91443731707267,605,0,outer_ring
4767,62.803839207862126,54.57978192376702,7825,4,stroke_kai
4768,67.39847294555967,79.53272378349722,9140,5,text_en_1919
4769,68.84828470872233,82.18066001953534,8889,5,text_en_1919
4770,67.90396946942411,67.35956507488805,4612,2,octagram
4771,58.259697283273184,59.29851874871579,7665,4,stroke_kai
4772,63.41696727992005,56.45576080570412,7743,4,stroke_kai
4773,63.7680350998455,51.6017262923713,7919,4,stroke_kai
4774,57.74363700397098,50.04442260929295,7973,4,stroke_kai
4775,74.45322500550564,47.40231361133515,6431,2,octagram
4776,67.39298141411766,44.41789171832187,8201,4,stroke_kai
4777,64.52843772000004,54.96102359506985,7810,4,stroke_kai
4778,80.41005322673634,51.55713106251287,3254,1,inner_ring
4779,62.03387222187787,46.44116669652028,8154,4,stroke_kai
4780,75.25466683049336,36.0836998759686,6248,2,octagram
4781,79.7544895727905,58.14062337431238,4432,2,octagram
4782,86.3745378233919,60.27195711094995,9799,5,text_en_1919
4783,87.53803032167416,56.044866932066604,9963,5,text_en_1919
4784,53.84454945408305,73.89333205569514,3530,1,inner_ring
4785,42.714462473187986,68.47610297826652,5026,2,octagram
4786,67.9434735666308,8.908901715485593,3136,0,outer_ring
4787,56.59816343360919,22.601143177084253,4140,1,inner_ring
4788,73.68722224436763,26.20060908843655,4259,1,inner_ring
4789,55.78414467104443,54.42130469856381,7797,4,stroke_kai
4790,81.18388744718864,59.34650091327534,3304,1,inner_ring
4791,75.23074596681995,66.4722497617212,3365,1,inner_ring
4792,90.4469439047111,46.53086093682728,10487,5,text_en_1919
4793,79.01866281002218,55.59249253432374,6545,2,octagram
4794,86.48967245327313,53.391617882112726,10110,5,text_en_1919
4795,61.6044355046502,6.152670850933528,2827,0,outer_ring
4796,52.30494184165081,4.877223639538799,2032,0,outer_ring
4797,63.829287167994,41.64634849612117,8351,4,stroke_kai
4798,48.32813808315329,13.586160150940758,11013,5,text_en_1919
4799,44.7441646604015,41.804645618385386,7361,3,stroke_nan
4800,61.82144671542734,6.301924305836366,2841,0,outer_ring
4801,63.81474654286564,9.399717189588031,3003,0,outer_ring
4802,48.620390569705,15.070480225053334,10975,5,text_en_1919
4803,61.43607928351431,5.068412294041384,2810,0,outer_ring
4804,52.68635446181244,6.779652278382916,2051,0,outer_ring
4805,41.485892473888825,6.997694304831114,1499,0,outer_ring
4806,55.36173479419194,7.221537832432163,2308,0,outer_ring
4807,48.63882156028543,6.0833373323409665,1751,0,outer_ring
4808,49.64846488716198,18.377399702199806,4091,1,inner_ring
4809,47.96220800132558,11.981854790493298,11223,5,text_en_1919
4810,41.09233919558606,7.977301110510362,1488,0,outer_ring
4811,55.856976695309825,34.29946116841295,8549,4,stroke_kai
4812,52.12585272798876,14.045891496647203,11261,5,text_en_1919
4813,61.33668801127424,5.814878751584198,2812,0,outer_ring
4814,59.85222771563298,42.56021044582996,8256,4,stroke_kai
4815,89.70204590729837,37.023082677264505,10760,5,text_en_1919
4816,76.9246686321242,30.73359050078875,4297,1,inner_ring
4817,77.50359945974762,36.41707538486208,6281,2,octagram
4818,69.3299160288036,32.881586850914275,6184,2,octagram
4819,66.67650450185235,7.070606653595726,3090,0,outer_ring
4820,69.40774165301146,50.0900725059722,7993,4,stroke_kai
4821,79.8178809896144,45.60910768821299,4407,1,inner_ring
4822,43.0262102456288,7.110993745262919,1524,0,outer_ring
4823,52.840746770942026,16.333846661546325,11097,5,text_en_1919
4824,92.6550288823412,46.92741015369518,10485,5,text_en_1919
4825,53.67165145865135,67.34900520714746,4834,2,octagram
4826,58.336777110584116,86.88051914039522,117,0,outer_ring
4827,42.414324484145034,66.1362097509095,5048,2,octagram
4828,65.49280782299017,73.55082346931125,3446,1,inner_ring
4829,53.483108653359885,77.84847752948971,9187,5,text_en_1919
4830,58.59099917515936,86.95130692364597,111,0,outer_ring
4831,54.47498937288199,85.78531531459463,8583,5,text_en_1919
4832,24.51648854878367,72.0789900524668,9449,5,text_en_1919
4833,42.30678406829808,69.83088152004748,5012,2,octagram
4834,27.391906038122368,69.40723437333465,9551,5,text_en_1919
4835,30.007001156263083,62.51314255595087,3719,1,inner_ring
4836,56.90758511578947,80.16674011428063,8989,5,text_en_1919
4837,33.39021879887467,59.96636272180627,5175,2,octagram
4838,46.89858788971144,59.67026482603099,6692,3,stroke_nan
4839,18.79471950854635,37.120174607019074,10775,5,text_en_1919
4840,26.982318767818498,37.349566364128,3897,1,inner_ring
4841,41.61522468711434,26.265897846089363,5727,2,octagram
4842,28.33389251353117,36.57767624515228,3902,1,inner_ring
4843,23.146686545814024,37.0533065795279,10754,5,text_en_1919
4844,29.381199506972244,59.904516950529725,3737,1,inner_ring
4845,37.026465454002775,62.15472348017688,5126,2,octagram
4846,18.512963415101954,47.04377991456811,10470,5,text_en_1919
4847,32.72207898515363,46.02620746876686,5392,2,octagram
4848,42.13014516721082,88.81916480840648,1071,0,outer_ring
4849,48.702802603095506,55.35651916095944,6745,3,stroke_nan
4850,39.06037731627419,69.6979914931511,3643,1,inner_ring
4851,65.54575071544627,41.51611567905174,8359,4,stroke_kai
4852,49.53825943416874,89.3347214189563,603,0,outer_ring
4853,62.17415668497001,73.62588338095537,3465,1,inner_ring
4854,60.69674036850935,78.15389595701548,9178,5,text_en_1919
4855,44.359010401973954,81.22633625610969,8927,5,text_en_1919
4856,45.71122292556064,53.879313835441565,6776,3,stroke_nan
4857,67.74717252755212,52.904993283408714,7865,4,stroke_kai
4858,57.97551721533996,68.38551853482377,4781,2,octagram
4859,51.712113836562665,47.20961907234905,7077,3,stroke_nan
4860,40.84845828550111,10.019049739525508,1480,0,outer_ring
4861,43.88359615315207,52.759143306546136,6873,3,stroke_nan
4862,55.660268399418875,21.339320706549085,4132,1,inner_ring
4863,59.594155021445474,23.997660494376213,5989,2,octagram
4864,52.689108322527474,43.29454419165746,7357,3,stroke_nan
4865,48.321973508172256,41.83371598063915,7306,3,stroke_nan
4866,29.72079492889463,35.46006375965294,5524,2,octagram
4867,28.014710563164215,36.69646617314832,3900,1,inner_ring
4868,44.32867979035499,38.10257231739553,7488,3,stroke_nan
4869,27.917586547484355,53.14207209118575,3787,1,inner_ring
4870,32.73503798693388,50.72644707636697,5320,2,octagram
4871,48.621115051827076,36.912406588118785,7519,3,stroke_nan
4872,29.09312993166719,37.96055555499903,5513,2,octagram
4873,30.74066870991349,35.796600980740706,5544,2,octagram
4874,40.14470669672757,13.452594254794578,11280,5,text_en_1919
4875,51.78867782878411,5.616240405680426,1981,0,outer_ring
4876,62.920760434874374,6.562573902525317,2916,0,outer_ring
4877,66.3807377579718,16.846216582178496,10900,5,text_en_1919
4878,51.86565488634704,46.23168119669576,7160,3,stroke_nan
4879,58.17538442120245,6.754258779054366,2595,0,outer_ring
4880,49.953159501608546,59.13229670782892,6644,3,stroke_nan
4881,53.72811771287851,15.251940683269325,11131,5,text_en_1919
4882,61.9129339528613,6.8315171258277285,2852,0,outer_ring
4883,84.01653954967969,40.813739834487485,10674,5,text_en_1919
4884,85.8416098287342,48.52107685880796,10384,5,text_en_1919
4885,88.70918554306921,51.74922516722216,10119,5,text_en_1919
4886,48.06274591634674,71.54443965709267,4911,2,octagram
4887,52.54944015162525,68.13366852844906,4854,2,octagram
4888,54.26337472328906,75.00481382039435,3527,1,inner_ring
4889,50.777689932926535,88.61282484719165,524,0,outer_ring
4890,75.61764909954827,36.18029609584769,6256,2,octagram
4891,61.304718868683,78.85194158925796,9138,5,text_en_1919
4892,30.124757377813452,56.31559055657379,5258,2,octagram
4893,50.03323728299509,86.11990111971518,595,0,outer_ring
4894,54.07987578119429,84.31809911241875,8658,5,text_en_1919
4895,53.88636940882956,89.54597678476874,312,0,outer_ring
4896,44.59665992593362,86.83465881914528,988,0,outer_ring
4897,52.218187237514584,88.73965932091679,417,0,outer_ring
4898,54.01270759435852,90.12036441580358,303,0,outer_ring
4899,40.791104436306014,71.64878388348441,3619,1,inner_ring
4900,41.523702775767134,89.77766137480853,1086,0,outer_ring
4901,21.050514068246187,58.96893518725963,9923,5,text_en_1919
4902,42.27772701437103,70.12735971991059,5007,2,octagram
4903,48.69907902498402,54.6452338420136,6787,3,stroke_nan
4904,33.04064850676973,70.93755977799772,9479,5,text_en_1919
4905,47.43072096630574,63.9718343601925,6584,3,stroke_nan
4906,53.1210497046782,89.76269654753362,361,0,outer_ring
4907,59.37338723474062,85.90087538308248,8641,5,text_en_1919
4908,48.89080826164705,82.69076135431342,8767,5,text_en_1919
4909,64.08930667022504,88.65909382793176,30,0,outer_ring
4910,35.143042475422305,84.57186335811012,1316,0,outer_ring
4911,67.08432886503265,42.17123350848966,8308,4,stroke_kai
4912,66.09907508961389,71.3819679253963,4662,2,octagram
4913,59.53830734564685,86.84827849160476,8606,5,text_en_1919
4914,66.04692117884082,60.44028941365536,7641,4,stroke_kai
4915,77.15659284778086,69.02452385978599,9538,5,text_en_1919
4916,85.84366509505226,60.29929828819772,9806,5,text_en_1919
4917,72.50952115750226,60.260184701127024,4519,2,octagram
4918,77.78465422247037,34.46386396433561,4325,1,inner_ring
4919,67.469987434358,50.88017249046682,7931,4,stroke_kai
4920,59.76972866867711,59.051884092942025,7617,4,stroke_kai
4921,57.9418840521455,71.26025256718899,4769,2,octagram
4922,60.47219166181131,48.97045270773569,8015,4,stroke_kai
4923,83.58745954733826,50.52209483110062,3243,1,inner_ring
4924,82.30320410873422,60.937809992199085,9811,5,text_en_1919
4925,73.65559563426424,66.97718295922915,3377,1,inner_ring
4926,61.32183604001604,40.782875786317206,8386,4,stroke_kai
4927,38.46850106030134,34.363079991601936,5626,2,octagram
4928,61.37897996317858,6.9360398749113275,2821,0,outer_ring
4929,77.54023243046072,36.43804320116869,6283,2,octagram
4930,69.16188366524204,42.95930246699932,8294,4,stroke_kai
4931,59.350278317003976,3.9149922775052786,2674,0,outer_ring
4932,87.24201564077698,54.601774801343836,10062,5,text_en_1919
4933,73.69862311676432,35.11327335685022,6225,2,octagram
4934,90.25201355973327,53.12709696129312,10096,5,text_en_1919
4935,63.642882994186415,60.32245535931555,7630,4,stroke_kai
4936,75.45642133662355,12.180117746219056,3219,0,outer_ring
4937,60.32116228418808,46.61294350222177,8139,4,stroke_kai
4938,60.39276126425117,6.863460423388717,2770,0,outer_ring
4939,65.18861552840134,20.096120191890353,4194,1,inner_ring
4940,61.294974069247615,11.949305124233824,11157,5,text_en_1919
4941,58.10697002546311,6.158664930528218,2580,0,outer_ring
4942,45.39668898051226,17.959013529297863,4067,1,inner_ring
4943,49.79806346114871,46.785559265658364,7130,3,stroke_nan
4944,46.81312005083856,5.625740881628325,1664,0,outer_ring
4945,63.15608033857463,5.042377066354388,2911,0,outer_ring
4946,44.89641596926135,6.717422660727033,1581,0,outer_ring
4947,64.40994657955038,14.893313161254007,11088,5,text_en_1919
4948,74.1103241332363,9.483814905094574,3209,0,outer_ring
4949,58.2781362713467,6.446071236606581,2600,0,outer_ring
4950,42.268227851514915,7.787479075816703,1509,0,outer_ring
4951,47.59400647378004,14.093974174491063,10990,5,text_en_1919
4952,64.81566228001293,13.586748245869686,11165,5,text_en_1919
4953,54.529716794367495,26.902301304218792,4124,1,inner_ring
4954,62.08600947206282,41.763129237432196,8339,4,stroke_kai
4955,50.61784702005713,5.062678011031544,1881,0,outer_ring
4956,49.9787650042217,5.686259995601256,1827,0,outer_ring
4957,77.02406826864133,32.118190717105996,4309,1,inner_ring
4958,59.714604640189954,49.66366898790248,8006,4,stroke_kai
4959,94.40251869363867,50.991406593419185,10183,5,text_en_1919
4960,84.2051477548379,60.11402442117743,9831,5,text_en_1919
4961,60.25591252947649,6.558631611838713,2757,0,outer_ring
4962,60.290780247454286,5.933773830786812,2753,0,outer_ring
4963,76.51575447318076,30.527118638030984,4293,1,inner_ring
4964,51.87748202155511,15.172314811434914,11169,5,text_en_1919
4965,51.54028358844709,6.139205435399508,1956,0,outer_ring
4966,73.09790716072418,62.60724986912278,4527,2,octagram
4967,49.18043728268347,90.2230047604848,626,0,outer_ring
4968,34.3101709820731,85.35746712308882,1320,0,outer_ring
4969,44.33726508236005,89.07867935911788,966,0,outer_ring
4970,46.005277395344,89.16266081619104,856,0,outer_ring
4971,46.174036532041804,87.16778473728677,874,0,outer_ring
4972,38.70174690254444,88.37015833173598,1211,0,outer_ring
4973,46.977352112637625,52.42365445339828,6866,3,stroke_nan
4974,65.6880691769923,88.23726758960859,19,0,outer_ring
4975,47.216529652963885,89.6596707370851,765,0,outer_ring
4976,18.021808531398563,57.09210964751054,9960,5,text_en_1919
4977,20.634850370122987,62.310603705495026,9775,5,text_en_1919
4978,28.124264578529015,39.661023299979504,3884,1,inner_ring
4979,29.062972202369803,56.04360538384048,5253,2,octagram
4980,20.536398019442533,60.93161485282273,9879,5,text_en_1919
4981,20.74599084903441,37.73913747603828,10751,5,text_en_1919
4982,15.078536639156894,41.78824268465515,10653,5,text_en_1919
4983,40.475151397368386,15.241303300429717,11093,5,text_en_1919
4984,28.05939652015913,36.588391829440425,3901,1,inner_ring
4985,35.68283403640141,24.65874567071214,3998,1,inner_ring
4986,53.86460395293056,66.11705219983743,4832,2,octagram
4987,21.227864250841336,48.418034443984446,10279,5,text_en_1919
4988,29.405379151634452,58.97468735650594,5220,2,octagram
4989,22.563509603482505,59.2833425208909,9892,5,text_en_1919
4990,52.220108115838364,58.583923954143884,6626,3,stroke_nan
4991,66.0307561130114,72.14240418110677,4669,2,octagram
4992,45.47592582585755,80.10027925482245,9011,5,text_en_1919
4993,28.35322020201179,39.907536268172805,5484,2,octagram
4994,66.40878296164551,70.89747231663998,4650,2,octagram
4995,65.9911256108916,47.14103847548584,8091,4,stroke_kai
4996,57.46434603186117,89.7407760858767,147,0,outer_ring
4997,55.94750063528785,52.81171685814761,7842,4,stroke_kai
4998,49.67267002861242,4.438046864625881,1810,0,outer_ring
4999,47.3545983704952,91.16305366147763,738,0,outer_ring
5000,50.640590935916485,6.114264421644235,1875,0,outer_ring
5001,61.269334425710376,21.2440020719091,4175,1,inner_ring
5002,48.737812047762326,48.15709360732559,7052,3,stroke_nan
5003,48.19740006714038,23.401013297987888,5854,2,octagram
5004,53.562682109731405,4.906692902813033,2140,0,outer_ring
5005,53.578431755995396,5.764344160110352,2141,0,outer_ring
5006,36.61157199450281,25.827949670632936,3999,1,inner_ring
5007,46.21842304096004,22.703899199236467,5822,2,octagram
5008,57.39985073867196,8.962785814689758,2541,0,outer_ring
5009,42.51464573699154,30.57388076982091,5684,2,octagram
5010,53.499038748025775,28.895668273358655,5892,2,octagram
5011,30.745938652407354,43.51166196995999,5430,2,octagram
5012,51.94419976787505,51.964481077522834,6920,3,stroke_nan
5013,25.876754960583327,52.37509483322018,10144,5,text_en_1919
5014,21.233228888766916,50.80651579550343,10205,5,text_en_1919
5015,29.389411508531015,57.34929284466969,5241,2,octagram
5016,44.15784602136623,72.18662940627647,4973,2,octagram
5017,71.41339780434622,25.074234620426203,4245,1,inner_ring
5018,63.125422351841564,9.299625555066514,2964,0,outer_ring
5019,47.68223103771416,7.151920330645418,1687,0,outer_ring
5020,44.66185094563419,44.892073147340284,7234,3,stroke_nan
5021,62.2077543934062,21.43203544853191,4185,1,inner_ring
5022,58.74582854999252,9.719632006473947,11353,5,text_en_1919
5023,48.24531158527483,71.12834675165956,4910,2,octagram
5024,71.4808620966069,8.637941582789068,3189,0,outer_ring
5025,47.45586134386334,19.8425168563209,4075,1,inner_ring
5026,57.06303361026434,46.23315428083992,8131,4,stroke_kai
5027,92.43902650774652,54.11422898078631,10041,5,text_en_1919
5028,56.400413305343875,36.27106900888337,8520,4,stroke_kai
5029,77.12684160749221,55.12051783861253,6536,2,octagram
5030,76.80452987139337,42.664759001582745,6363,2,octagram
5031,59.703960616208555,75.18662123790399,3490,1,inner_ring
5032,48.46900563975884,90.24556310894289,678,0,outer_ring
5033,68.43014725831432,44.68789369054675,8222,4,stroke_kai
5034,42.92370318119893,43.09671160057098,7301,3,stroke_nan
5035,43.502881127517234,90.29583554058793,998,0,outer_ring
5036,55.00566898572734,81.42908304950748,8871,5,text_en_1919
5037,57.40762393910728,89.31260413866526,149,0,outer_ring
5038,39.937910229893006,86.70433530108538,1191,0,outer_ring
5039,57.58834188822022,88.52831423544097,139,0,outer_ring
5040,43.14108980699647,88.2354284351476,1045,0,outer_ring
5041,63.06916103195833,58.36680815111518,7685,4,stroke_kai
5042,47.157653540719416,88.1410105084741,785,0,outer_ring
5043,48.73039767411561,87.89482284074597,682,0,outer_ring
5044,41.8198599967413,46.69113912391634,7152,3,stroke_nan
5045,26.064090294000014,57.58591624484428,9909,5,text_en_1919
5046,26.893541362455597,63.18767828339706,9722,5,text_en_1919
5047,28.243611101949273,56.91536706417891,3757,1,inner_ring
5048,69.00925487676544,63.293923213494004,4571,2,octagram
5049,51.075525394527915,79.08769597771233,9119,5,text_en_1919
5050,63.288689263392975,51.05189005068741,7928,4,stroke_kai
5051,59.18763385684256,86.17147593522589,8619,5,text_en_1919
5052,43.56393468907033,68.45399792247551,5022,2,octagram
5053,45.27360037391241,89.57312674698987,896,0,outer_ring
5054,43.84374215420524,81.78105522853545,8926,5,text_en_1919
5055,53.386373372625044,82.21070895752594,8790,5,text_en_1919
5056,65.69967319367413,65.7925452712792,4603,2,octagram
5057,59.7856558418238,74.36269453946521,3486,1,inner_ring
5058,79.57270415482564,53.59596908096314,6533,2,octagram
5059,87.72680047065361,62.26589534749738,9755,5,text_en_1919
5060,81.27073397521431,60.59585002862204,3312,1,inner_ring
5061,57.551940225459454,89.38392411386593,141,0,outer_ring
5062,78.89392192720109,41.77683304051377,4375,1,inner_ring
5063,56.64070050873432,49.987273596496394,7972,4,stroke_kai
5064,77.1771417703161,58.36563879115386,4461,2,octagram
5065,92.63568394368643,47.565152487275654,10469,5,text_en_1919
5066,64.95497008017608,48.58744753861118,8055,4,stroke_kai
5067,85.77410965216305,59.98662159655368,9820,5,text_en_1919
5068,67.9018548619896,21.172561291410798,4212,1,inner_ring
5069,46.39003250464924,22.604581020984874,5823,2,octagram
5070,75.56367684467499,50.04722472579807,6478,2,octagram
5071,79.7486705416295,39.68305392882737,4363,1,inner_ring
5072,75.46150164415052,45.76367554594699,6407,2,octagram
5073,77.02897743142513,34.83913444530797,6269,2,octagram
5074,77.21682592795868,49.657533291077996,3240,1,inner_ring
5075,89.54864616364974,53.65058445073957,10075,5,text_en_1919
5076,64.33655799287419,37.04150012013374,8482,4,stroke_kai
5077,88.99608449111257,48.128297601575944,10353,5,text_en_1919
5078,56.324565762515334,4.5458701246913025,2415,0,outer_ring
5079,58.22040377369271,15.34829144922658,11110,5,text_en_1919
5080,55.128327974516715,6.407125612634493,2279,0,outer_ring
5081,51.923681797327056,5.039323517895481,2000,0,outer_ring
5082,47.70459157471589,6.725942712111751,1695,0,outer_ring
5083,56.27274512045759,6.363678569941486,2420,0,outer_ring
5084,62.06777806744005,7.633225867566112,2869,0,outer_ring
5085,64.8681038779887,25.949171556758845,6089,2,octagram
5086,50.9419108384933,5.203230340508824,1904,0,outer_ring
5087,56.1898197025112,4.352108401063818,2395,0,outer_ring
5088,62.47710160094509,5.564056585834908,2873,0,outer_ring
5089,65.70882237488034,6.048395964287617,3041,0,outer_ring
5090,62.070573620452286,6.114614302624839,2855,0,outer_ring
5091,57.14157141040556,4.755238280208407,2492,0,outer_ring
5092,65.21677890549677,7.234450552805191,3037,0,outer_ring
5093,52.134862560036346,6.022038061950228,2011,0,outer_ring
5094,57.05724958635295,4.0606257579641785,2478,0,outer_ring
5095,51.85323002355888,35.036832719123844,7510,3,stroke_nan
5096,57.4610537141512,4.2106337618306195,2519,0,outer_ring
5097,58.00929687398439,9.634545780641414,11357,5,text_en_1919
5098,37.75315787417515,24.970242524117555,4010,1,inner_ring
5099,74.48113973166652,33.95649641732629,6233,2,octagram
5100,62.896487407008664,24.24516813831105,6022,2,octagram
5101,71.67229937959749,72.18707256110184,3407,1,inner_ring
5102,89.53113757600687,48.496706776802824,10374,5,text_en_1919
5103,73.8922991940737,10.189447656219757,3210,0,outer_ring
5104,59.34534602051692,6.491825765382112,2691,0,outer_ring
5105,76.49117428890376,44.28843085375759,6385,2,octagram
5106,55.783974830737996,5.780330868532699,2356,0,outer_ring
5107,43.04735708174662,22.24174332645725,5775,2,octagram
5108,81.40180428872698,66.65804833977734,9585,5,text_en_1919
5109,47.30075630809237,90.86546572077609,748,0,outer_ring
5110,43.94989138727333,85.88561327797198,8645,5,text_en_1919
5111,44.98346870895605,89.6178275875562,916,0,outer_ring
5112,55.54718385087022,89.77662463854921,234,0,outer_ring
5113,49.05074518242364,88.97219886424051,649,0,outer_ring
5114,71.46893350739296,72.77385180374235,9411,5,text_en_1919
5115,26.96931626187704,80.38237109355447,1375,0,outer_ring
5116,45.71435807816791,88.96263132831974,877,0,outer_ring
5117,36.62575707726576,88.86537995943908,1257,0,outer_ring
5118,33.41214758645322,66.83792981187317,3684,1,inner_ring
5119,20.440416324481664,60.447214031964876,9905,5,text_en_1919
5120,13.934613340793437,61.580028418734344,1391,0,outer_ring
5121,17.785924112439144,43.67981331864005,10571,5,text_en_1919
5122,17.050286123427615,51.002506386962764,10210,5,text_en_1919
5123,31.115773367999182,67.14503199847404,9596,5,text_en_1919
5124,26.40746745650348,52.215140829427554,3798,1,inner_ring
5125,29.86311300699623,25.84884008091237,10834,5,text_en_1919
5126,30.32128224232066,41.810370847661396,5447,2,octagram
5127,37.652715622067504,9.504410513936481,1448,0,outer_ring
5128,56.204780426795864,45.05852654336095,8193,4,stroke_kai
5129,53.52592717125988,76.59980192886019,9217,5,text_en_1919
5130,41.09455987176714,49.20939505428989,6988,3,stroke_nan
5131,54.41049144716017,76.25946770757663,3524,1,inner_ring
5132,51.927666971318764,21.634578229146882,4103,1,inner_ring
5133,45.50352113279533,71.97195518291893,4933,2,octagram
5134,58.99359171810286,59.582325429330695,7608,4,stroke_kai
5135,32.555650239689164,72.7155042963241,9431,5,text_en_1919
5136,67.91178968737724,44.90708364648647,8169,4,stroke_kai
5137,59.385694446188495,89.73400484845452,97,0,outer_ring
5138,68.72890019203841,71.81677676560356,3421,1,inner_ring
5139,43.13325975186,88.00316190868557,1051,0,outer_ring
5140,42.340704270686366,89.0764188514636,1063,0,outer_ring
5141,53.814883429012056,90.81212633242251,318,0,outer_ring
5142,44.20901348898192,7.574162259773028,1564,0,outer_ring
5143,65.80908024304937,21.716407488597,4201,1,inner_ring
5144,58.250872702624854,38.94198736932808,8430,4,stroke_kai
5145,54.73633053996058,6.4329380593505014,2254,0,outer_ring
5146,69.62158285401684,46.832637779220796,6441,2,octagram
5147,52.41252340992684,36.61951796889551,7480,3,stroke_nan
5148,54.73048181577046,6.5773916502254135,2253,0,outer_ring
5149,46.826750491669195,39.17195604696156,7435,3,stroke_nan
5150,47.533110827058366,49.742883064122644,6991,3,stroke_nan
5151,29.790024957220147,13.315506859728847,1418,0,outer_ring
5152,44.226565856169664,25.6932107222251,5795,2,octagram
5153,31.707734017770413,51.400837942311334,5313,2,octagram
5154,11.33536955749664,49.98014123319432,1398,0,outer_ring
5155,31.91887506801945,47.2123744016823,5389,2,octagram
5156,20.771544691378168,48.57858961697555,10288,5,text_en_1919
5157,55.51452319729303,6.467853446400031,2325,0,outer_ring
5158,50.082155012201724,38.1635775661436,7387,3,stroke_nan
5159,47.521727893739126,6.447950498157037,1685,0,outer_ring
5160,58.12621924757999,11.757938512063891,11306,5,text_en_1919
5161,60.90492430336939,7.164455616138431,2797,0,outer_ring
5162,49.30732587260855,14.950092045898078,10992,5,text_en_1919
5163,56.150231588442246,27.776037573620204,5931,2,octagram
5164,37.6809119472396,25.087364999000055,4007,1,inner_ring
5165,62.26472547452153,22.298027547193357,6023,2,octagram
5166,65.18645897899405,40.40361773201285,8370,4,stroke_kai
5167,55.99057218290389,27.31607150127946,5929,2,octagram
5168,44.996069256066725,79.40704206737873,9078,5,text_en_1919
5169,67.16143681865529,43.24966411092324,8282,4,stroke_kai
5170,36.05351835566335,11.18363715816251,1436,0,outer_ring
5171,65.6671579918036,72.58921392656221,4676,2,octagram
5172,79.38970066405714,33.00656174512063,4321,1,inner_ring
5173,63.42761134863343,60.15477289155826,7612,4,stroke_kai
5174,57.64842711279777,58.273261357007,7638,4,stroke_kai
5175,60.17929285592291,45.829927000280655,8172,4,stroke_kai
5176,37.326854380660116,61.500604979611246,5130,2,octagram
5177,39.848706433565035,88.6230466866792,1168,0,outer_ring
5178,38.68454647176987,84.03547556414739,1258,0,outer_ring
5179,36.781194532222614,85.44203080189305,1286,0,outer_ring
5180,37.967287621678246,83.60135773090958,8913,5,text_en_1919
5181,47.21855684658976,88.580779005248,775,0,outer_ring
5182,43.96178892264866,73.27627567603992,4967,2,octagram
5183,55.312411998019364,91.03744806610904,252,0,outer_ring
5184,49.45534148039978,84.22564304692274,8615,5,text_en_1919
5185,42.84079818566691,89.9100690993476,1036,0,outer_ring
5186,41.74893952186496,66.62129202595938,5046,2,octagram
5187,52.735717980325006,49.62841741969951,6981,3,stroke_nan
5188,26.99526543409912,67.23817760006834,9601,5,text_en_1919
5189,26.461176042118467,56.32555444288866,3766,1,inner_ring
5190,51.98820496592665,90.77853720497153,433,0,outer_ring
5191,45.025512233406054,88.80147022265831,922,0,outer_ring
5192,53.82354663398909,90.8586963175851,317,0,outer_ring
5193,43.681939191988214,87.98882587110636,1024,0,outer_ring
5194,56.734073141199886,49.267605286055705,7975,4,stroke_kai
5195,81.7024769446854,74.01986476012411,9368,5,text_en_1919
5196,61.69586299136659,71.3583563623886,4728,2,octagram
5197,71.53258932049667,61.801781675170574,4538,2,octagram
5198,75.10608096862718,61.796428431755416,4494,2,octagram
5199,76.12914181428265,80.7726760155633,9009,5,text_en_1919
5200,71.00200956043751,50.65066163725769,7967,4,stroke_kai
5201,49.000735654001375,71.00763035682415,4892,2,octagram
5202,53.14631427611008,78.25489130161463,9153,5,text_en_1919
5203,54.304341387842065,66.30874787628446,4822,2,octagram
5204,59.18551623203414,71.3796172922717,4748,2,octagram
5205,80.64784220299671,39.463342997707926,4365,1,inner_ring
5206,81.069945082158,61.33069590069709,3315,1,inner_ring
5207,93.75794114228924,47.547199480397545,10434,5,text_en_1919
5208,90.46346410285398,42.35460710591467,10558,5,text_en_1919
5209,89.9686573431825,60.01719474535747,9865,5,text_en_1919
5210,55.89427835238504,5.990919505565747,2369,0,outer_ring
5211,86.32534627723885,42.359154487581606,10651,5,text_en_1919
5212,66.32298986060442,54.54694034304687,7790,4,stroke_kai
5213,40.586437189786565,20.24822220817882,10865,5,text_en_1919
5214,72.58253821563378,46.59105032941774,6440,2,octagram
5215,93.22692082442389,49.417880170325155,10228,5,text_en_1919
5216,84.92498023438097,58.925222861952605,9882,5,text_en_1919
5217,93.71264152938836,50.45965849876172,10177,5,text_en_1919
5218,79.29465420999145,36.3591632846349,6303,2,octagram
5219,59.79514205308027,17.027751697342286,10983,5,text_en_1919
5220,71.89742725562664,34.89890175801337,6220,2,octagram
5221,65.59391705623067,48.605127166424424,8057,4,stroke_kai
5222,54.89382450935455,5.495874533156559,2267,0,outer_ring
5223,57.507921084556756,13.925117154228412,11197,5,text_en_1919
5224,48.145150309024295,6.246566198862881,1720,0,outer_ring
5225,48.430976275610305,12.588804913845003,11185,5,text_en_1919
5226,56.504202290714154,36.211943002836584,8494,4,stroke_kai
5227,51.830705643475916,24.660076212425214,5878,2,octagram
5228,67.1173309392785,7.411133631558292,3107,0,outer_ring
5229,66.26958505703617,51.29882309073645,7922,4,stroke_kai
5230,65.3783521063147,35.26773050170802,8524,4,stroke_kai
5231,63.42523186696223,3.397403390211494,2910,0,outer_ring
5232,58.61410027626252,13.09986476204114,11274,5,text_en_1919
5233,47.775653138968735,12.179518268757084,11211,5,text_en_1919
5234,69.05598093036312,7.26293289188302,3151,0,outer_ring
5235,59.658240022410595,5.525089483574274,2702,0,outer_ring
5236,55.32083694887455,5.444655338776576,2299,0,outer_ring
5237,57.43811151023,5.529697646191668,2522,0,outer_ring
5238,69.78901341759325,8.889766923867413,3173,0,outer_ring
5239,49.55134495248536,12.131019588870014,11227,5,text_en_1919
5240,66.31881319879638,31.491366756703968,8555,4,stroke_kai
5241,93.91734934291685,48.73443226783958,10266,5,text_en_1919
5242,63.72048542063057,38.20120339424767,8449,4,stroke_kai
5243,82.70649159665106,65.62840798562291,9668,5,text_en_1919
5244,85.82972480149293,53.20684455160045,10109,5,text_en_1919
5245,54.86967316541961,15.380006675049227,11142,5,text_en_1919
5246,84.51810778282466,49.53277328993132,10292,5,text_en_1919
5247,79.73806395654519,36.79445462745403,6306,2,octagram
5248,56.75925163546636,26.127086074650617,5942,2,octagram
5249,49.97050559167655,6.465919915564237,1814,0,outer_ring
5250,75.2631256814378,65.57134845938654,3360,1,inner_ring
5251,51.878132447717725,88.30753872720801,442,0,outer_ring
5252,31.797871643292297,76.20531047362132,9340,5,text_en_1919
5253,32.36854895063642,85.31800759835272,1344,0,outer_ring
5254,46.72624579632552,88.64371784645783,810,0,outer_ring
5255,40.33048804918461,85.62510836935043,1192,0,outer_ring
5256,50.61270360758872,70.36746408281216,4876,2,octagram
5257,33.81792985031568,75.70698250568711,9379,5,text_en_1919
5258,49.25853182169888,89.01151093824383,633,0,outer_ring
5259,30.95406084699172,71.74509964973178,9440,5,text_en_1919
5260,23.181556997665286,64.63754354640047,9743,5,text_en_1919
5261,46.426229273819175,85.58191183503936,876,0,outer_ring
5262,38.61869548505874,69.60388848191107,3645,1,inner_ring
5263,18.482001229713404,36.996857685016025,10780,5,text_en_1919
5264,31.978939893685602,58.5182575237856,5194,2,octagram
5265,30.874783973276855,39.876971325145426,5466,2,octagram
5266,35.001002888167456,69.08479468864272,3666,1,inner_ring
5267,26.327769037780723,65.81233768694943,9683,5,text_en_1919
5268,27.877087753473607,37.630927188332414,5497,2,octagram
5269,30.56035598766209,63.09597019674696,3714,1,inner_ring
5270,39.43420179198759,45.1957186628299,7193,3,stroke_nan
5271,24.9366208347259,50.706302487856185,10206,5,text_en_1919
5272,53.17151326380235,15.042857867664122,11230,5,text_en_1919
5273,20.78228067348628,61.1163567861618,9791,5,text_en_1919
5274,35.205749825973285,61.30292920059208,5153,2,octagram
5275,47.912963210384746,51.77310958247773,6877,3,stroke_nan
5276,55.455025494279674,90.15219046833822,243,0,outer_ring
5277,62.86436424752331,88.4765871226649,40,0,outer_ring
5278,43.43624425697879,73.81832526357925,4964,2,octagram
5279,60.735394874646204,72.98758552683846,3475,1,inner_ring
5280,64.36874984920875,30.03110472675854,8559,4,stroke_kai
5281,38.58405638747323,87.35494031438323,1224,0,outer_ring
5282,46.68992130358669,52.522719620181974,6841,3,stroke_nan
5283,52.849550359390136,90.05146266895284,381,0,outer_ring
5284,49.430187281348864,69.52258572007057,4886,2,octagram
5285,64.14886505883412,71.20210225624875,4671,2,octagram
5286,31.892877199416137,51.96147149277145,5307,2,octagram
5287,44.45266688802863,49.405624185629314,6985,3,stroke_nan
5288,78.67644567249776,64.40169008406345,3344,1,inner_ring
5289,47.18024520549627,49.557911052073436,7021,3,stroke_nan
5290,39.920890708213626,40.150228052106215,7430,3,stroke_nan
5291,34.2983306507099,33.47083206274364,5581,2,octagram
5292,47.050881404373776,36.18459348065412,7537,3,stroke_nan
5293,31.391180186230706,40.966353450700936,5454,2,octagram
5294,32.40471017461386,36.48746322988925,5550,2,octagram
5295,18.289258793988072,37.661678680423336,10767,5,text_en_1919
5296,49.39361843628127,53.375962242389136,6816,3,stroke_nan
5297,30.479881066136333,56.28069969212518,5263,2,octagram
5298,50.94258651128535,45.75326404821396,7168,3,stroke_nan
5299,46.4454569319658,4.902367699082642,1655,0,outer_ring
5300,51.79034836890981,14.502936212130333,11251,5,text_en_1919
5301,46.41805425574099,42.161726817098156,7349,3,stroke_nan
5302,45.38506532397987,14.174868549932341,11062,5,text_en_1919
5303,43.445673178551374,23.352430150473683,5778,2,octagram
5304,52.98441442417569,79.0487205571817,9120,5,text_en_1919
5305,53.020664096502415,4.680901006688762,2087,0,outer_ring
5306,54.37873365677695,4.46919994132357,2217,0,outer_ring
5307,63.94875385243828,45.71079192843663,8188,4,stroke_kai
5308,58.15771153358427,44.65808763187566,8208,4,stroke_kai
5309,84.51394104158322,48.703580721988445,10347,5,text_en_1919
5310,54.88874019274335,68.1433712329237,4813,2,octagram
5311,89.60456038933496,56.30472550319278,10028,5,text_en_1919
5312,43.839447286156,73.91052215760469,4963,2,octagram
5313,64.95299507121322,72.64895015327942,4684,2,octagram
5314,62.53297123773244,77.8167468822248,9243,5,text_en_1919
5315,73.94576002979494,34.86492111878184,6231,2,octagram
5316,92.53676041747958,43.137133716573935,10536,5,text_en_1919
5317,69.67299384095628,62.98399172950556,4562,2,octagram
5318,45.90773892328846,59.511402932118195,6598,3,stroke_nan
5319,33.77782726515296,83.76244980655589,1339,0,outer_ring
5320,50.76526926904828,88.07549733128482,529,0,outer_ring
5321,59.74239451773442,92.68202300791685,98,0,outer_ring
5322,58.03431433478715,82.24273498683735,8837,5,text_en_1919
5323,50.70859429599088,91.32163846156551,515,0,outer_ring
5324,57.69151987288196,90.18710721826598,140,0,outer_ring
5325,50.21457232641131,70.65897630172167,4880,2,octagram
5326,44.70772194221558,74.10940424543557,3595,1,inner_ring
5327,61.01739977345955,71.94752574149578,4726,2,octagram
5328,43.61840645613041,86.76874458431838,1042,0,outer_ring
5329,40.29800313808982,31.29319087726501,5670,2,octagram
5330,30.997755952500274,32.524013249453894,3936,1,inner_ring
5331,36.0956016242595,69.09693046222812,3662,1,inner_ring
5332,41.21556022421857,87.3982626449646,1129,0,outer_ring
5333,48.389821237009244,88.50032413144537,702,0,outer_ring
5334,69.39908268548216,82.54669861939846,8822,5,text_en_1919
5335,62.46131440937564,83.12656136793939,8840,5,text_en_1919
5336,60.244497151674814,86.3156323514485,8620,5,text_en_1919
5337,80.73505660778001,69.33620127870198,9515,5,text_en_1919
5338,59.86946978532294,80.95293916862123,8953,5,text_en_1919
5339,64.43508647832664,50.88398864457004,7942,4,stroke_kai
5340,72.5468058194054,76.43278891706582,9364,5,text_en_1919
5341,65.16859886542271,78.84404249926932,9210,5,text_en_1919
5342,57.503577767483286,51.148984146194685,7960,4,stroke_kai
5343,76.65906936916576,50.434446806297025,6483,2,octagram
5344,52.18253570501452,88.95589169317059,420,0,outer_ring
5345,58.324060749023516,51.02261540730819,7962,4,stroke_kai
5346,61.01219943138427,54.5165173624856,7828,4,stroke_kai
5347,84.44686440039118,47.50250072707321,10401,5,text_en_1919
5348,74.84224719770067,67.2980594173896,3371,1,inner_ring
5349,56.541542715141915,58.93403942446634,7635,4,stroke_kai
5350,86.7697244748932,58.12545146441619,9910,5,text_en_1919
5351,88.32485492217107,52.92983490405622,10103,5,text_en_1919
5352,46.751028284633975,16.123329679107396,10925,5,text_en_1919
5353,92.4969009434974,49.05102041567637,10247,5,text_en_1919
5354,64.3796284983525,39.99522802336996,8401,4,stroke_kai
5355,67.41224514388539,44.35894169439342,8212,4,stroke_kai
5356,68.65864035188825,32.56424884495725,6173,2,octagram
5357,63.07526225460112,42.84294856068735,8275,4,stroke_kai
5358,79.63846165478854,55.70958794877329,6553,2,octagram
5359,87.19488432552367,54.28491814540979,10072,5,text_en_1919
5360,86.93248441767223,50.04262960985549,10295,5,text_en_1919
5361,61.161133519528555,23.45584538203209,6005,2,octagram
5362,63.321088742290605,6.726893297466871,2939,0,outer_ring
5363,68.6406653899834,15.970674869425359,11010,5,text_en_1919
5364,56.34045612835094,14.653409490880069,11132,5,text_en_1919
5365,43.323600359323706,8.249499928662345,1522,0,outer_ring
5366,50.57508483527035,37.45970833588397,7476,3,stroke_nan
5367,56.69720470579048,5.543127188039227,2457,0,outer_ring
5368,46.87155615824574,14.846948442899743,10948,5,text_en_1919
5369,44.26114558424374,35.00470067463849,5640,2,octagram
5370,49.58331178581743,5.957646493820718,1802,0,outer_ring
5371,44.45041662817881,6.363336341974396,1572,0,outer_ring
5372,60.253178547049416,6.094666453755452,2750,0,outer_ring
5373,65.6354176624924,8.248737198250655,3060,0,outer_ring
5374,62.099125893105786,7.984961900744727,2883,0,outer_ring
5375,59.491960916725475,9.89612902480398,11348,5,text_en_1919
5376,59.99258810625151,6.21314177185111,2728,0,outer_ring
5377,52.714575894660896,4.641509481233928,2061,0,outer_ring
5378,50.92821394253793,4.777924122678742,1907,0,outer_ring
5379,40.47172309812124,32.46557129550685,5653,2,octagram
5380,59.35983444377802,7.4350558741584605,2699,0,outer_ring
5381,47.3564060496926,4.961660282461297,1690,0,outer_ring
5382,44.22095375910109,44.00093073984754,7260,3,stroke_nan
5383,56.031460395383554,33.1619564331158,8565,4,stroke_kai
5384,79.52865501878631,61.58685747456996,3322,1,inner_ring
5385,64.12181831885654,47.37930052561001,8094,4,stroke_kai
5386,86.31339327375916,54.06413826233681,10082,5,text_en_1919
5387,60.84381416716639,7.538532084149057,2796,0,outer_ring
5388,58.17052396497925,12.483666816387029,11286,5,text_en_1919
5389,58.5422583758539,10.70217206227083,11328,5,text_en_1919
5390,58.63864716633345,13.858618936533567,11220,5,text_en_1919
5391,60.21772615826871,11.043034760586018,11318,5,text_en_1919
5392,87.88563838932589,60.238727285939596,9821,5,text_en_1919
5393,54.537779518087596,86.94550300679553,278,0,outer_ring
5394,46.35590218020929,88.0311059188162,851,0,outer_ring
5395,43.337508094415455,83.00780545222516,8786,5,text_en_1919
5396,61.880210135984186,89.28230651384399,49,0,outer_ring
5397,70.26416205959711,76.69496240811213,9290,5,text_en_1919
5398,42.01716114996248,81.67480484438127,8890,5,text_en_1919
5399,35.18676764226094,61.21212135495299,5150,2,octagram
5400,31.893598897834966,76.65748324007939,9336,5,text_en_1919
5401,36.83482102079285,86.72164741947138,1275,0,outer_ring
5402,41.19524552683681,69.61970326819883,5019,2,octagram
5403,45.51370196779952,34.602814420164854,7544,3,stroke_nan
5404,44.55362280951837,52.980316978494756,6838,3,stroke_nan
5405,21.662017327679298,50.547477551283805,10212,5,text_en_1919
5406,25.00959874363915,49.7049456336053,10239,5,text_en_1919
5407,20.471218564402985,43.248027943608236,10573,5,text_en_1919
5408,20.493597323247794,42.75262932170091,10584,5,text_en_1919
5409,32.4055295810214,45.792317842461586,5395,2,octagram
5410,23.05130998410766,58.705295381406216,9900,5,text_en_1919
5411,38.58029321432203,48.86054810594429,5366,2,octagram
5412,23.004000053849328,57.5421426824517,9996,5,text_en_1919
5413,32.478021259324294,59.468900012458576,5192,2,octagram
5414,33.76973114739419,48.394293722171966,5354,2,octagram
5415,33.772723723449175,50.50696118035615,5333,2,octagram
5416,44.846041933409,59.98749942597946,6599,3,stroke_nan
5417,41.82444235913983,72.50687594433434,4979,2,octagram
5418,48.46585609391989,6.051895551338233,1741,0,outer_ring
5419,55.308620477713944,81.99373534190372,8836,5,text_en_1919
5420,43.68217463263106,48.65173242530241,7012,3,stroke_nan
5421,70.26721692654176,78.86907885254101,9225,5,text_en_1919
5422,49.67030929923519,79.17319454653133,9173,5,text_en_1919
5423,60.960249234186435,77.94291344259824,9264,5,text_en_1919
5424,65.33851146261796,38.76467982447248,8437,4,stroke_kai
5425,63.767941119544275,39.79019135052189,8414,4,stroke_kai
5426,52.80803037887664,6.341793027558591,2063,0,outer_ring
5427,53.412196456519915,79.20575346970116,9082,5,text_en_1919
5428,55.796258914535144,6.489730322691526,2361,0,outer_ring
5429,64.94481069672779,4.989072380664869,3005,0,outer_ring
5430,51.84775505418436,66.78457856517971,4849,2,octagram
5431,51.27813412263448,41.027201714261054,7353,3,stroke_nan
5432,69.4967616399753,15.673787542425618,11030,5,text_en_1919
5433,68.05380509480376,33.12557100955449,8533,4,stroke_kai
5434,30.310197340477234,37.13292519778377,5525,2,octagram
5435,53.571346522582566,6.403177335196119,2137,0,outer_ring
5436,52.151089030483575,45.44801458201745,7173,3,stroke_nan
5437,55.72975094212901,11.838026227507179,2379,0,outer_ring
5438,36.62890326123211,70.93204659440038,3649,1,inner_ring
5439,33.84135500999025,35.41623672554556,5575,2,octagram
5440,45.0640529562308,23.72946370114494,5793,2,octagram
5441,43.085608152317725,23.115019643573103,5776,2,octagram
5442,43.83914338263344,8.378344758594007,1541,0,outer_ring
5443,29.185955074281413,37.832974712488564,5517,2,octagram
5444,62.32568282435401,8.756633411523689,2908,0,outer_ring
5445,55.85850553157136,6.241780475224122,2367,0,outer_ring
5446,51.81583367712224,39.62680315414339,7426,3,stroke_nan
5447,56.87281305247793,44.90505949315603,8194,4,stroke_kai
5448,71.34520615796909,7.583109178522796,3183,0,outer_ring
5449,59.11335296127582,5.74322679464528,2669,0,outer_ring
5450,66.86812327609694,44.82791443815289,8183,4,stroke_kai
5451,65.82998785039716,24.607160162697287,6074,2,octagram
5452,52.7643975776089,6.211106400781111,2060,0,outer_ring
5453,66.72468038346187,19.047478884719318,10882,5,text_en_1919
5454,65.06317032225114,25.6324513936887,6082,2,octagram
5455,69.96634606619178,42.47856585389228,6404,2,octagram
5456,63.792234120455774,43.113520229193284,8297,4,stroke_kai
5457,40.54865464042407,73.16273391500111,3615,1,inner_ring
5458,66.87059458038199,72.0626274687332,4649,2,octagram
5459,56.99625374144216,72.90796461894732,3507,1,inner_ring
5460,33.173059597436016,60.78376702640815,5170,2,octagram
5461,41.30568690467568,86.67120172956518,1134,0,outer_ring
5462,61.643257358769205,84.12880339431625,8740,5,text_en_1919
5463,59.43060462817405,85.08122240784793,8661,5,text_en_1919
5464,41.335781016230285,90.96126042535215,1080,0,outer_ring
5465,55.87709142786708,87.419993327222,209,0,outer_ring
5466,47.75817285642145,89.16114665734966,727,0,outer_ring
5467,60.12766382909377,80.25312841540517,9004,5,text_en_1919
5468,46.62089510073072,78.0328324751341,9260,5,text_en_1919
5469,56.600078273265574,79.10607175285202,9059,5,text_en_1919
5470,50.938536196417644,48.58719834217439,7016,3,stroke_nan
5471,48.08807608899256,52.94138230687123,6829,3,stroke_nan
5472,21.685895692191036,48.15360006985782,10307,5,text_en_1919
5473,31.289319821066915,42.53178711471102,5435,2,octagram
5474,43.039963439965575,71.69930138282747,4986,2,octagram
5475,62.178202443615966,88.26732132149195,43,0,outer_ring
5476,41.975300190768195,87.93103005235113,1089,0,outer_ring
5477,67.94147060880407,68.429623217676,4617,2,octagram
5478,38.39890855021904,87.69272551808781,1225,0,outer_ring
5479,71.19342343978145,71.99758984634329,3409,1,inner_ring
5480,59.61678794170919,76.50536935457342,9220,5,text_en_1919
5481,44.84805297947954,38.156898156025484,7487,3,stroke_nan
5482,82.91259816297512,47.93945813886136,10380,5,text_en_1919
5483,55.53621494107074,27.11391623131242,5926,2,octagram
5484,61.11728351260554,46.268265791878356,8146,4,stroke_kai
5485,71.24531442442967,69.73960285617598,3401,1,inner_ring
5486,67.0417417258111,47.365821995224074,8072,4,stroke_kai
5487,84.45360976316564,69.55687332487585,9516,5,text_en_1919
5488,94.30720235180816,51.375813847640316,10168,5,text_en_1919
5489,88.97847461016984,47.95649706863482,10372,5,text_en_1919
5490,85.3594722475932,53.446818125810175,10108,5,text_en_1919
5491,91.74598901915124,48.27940369070765,10340,5,text_en_1919
5492,90.87923027870795,46.35542974319994,10498,5,text_en_1919
5493,75.61673641920552,59.38431388026735,4474,2,octagram
5494,60.461166776800994,42.04575057812707,8345,4,stroke_kai
5495,66.71451289672427,31.227500129854057,8556,4,stroke_kai
5496,68.25218090519537,73.9494332990362,3434,1,inner_ring
5497,49.99472244092491,5.916881786112228,1825,0,outer_ring
5498,76.34326250570238,41.73405878361227,6360,2,octagram
5499,68.78255028691291,24.416830938879986,6100,2,octagram
5500,61.26073306210263,54.816749883099824,7799,4,stroke_kai
5501,87.19088617448053,47.68809010079445,10426,5,text_en_1919
5502,79.35628152792124,56.1742694597333,6556,2,octagram
5503,74.90060297718678,44.9584901665995,6398,2,octagram
5504,60.97963887350465,6.937916469262982,2798,0,outer_ring
5505,60.540394912465,26.885193926900605,5979,2,octagram
5506,40.14854381986992,48.89422008350731,7032,3,stroke_nan
5507,61.398076830945335,5.885109777142425,2815,0,outer_ring
5508,50.523690227341,7.282065409510563,1860,0,outer_ring
5509,54.489719420880164,12.57813955314093,2236,0,outer_ring
5510,58.986553279169094,15.065375350304075,11122,5,text_en_1919
5511,65.67793444176354,26.105899764004388,6090,2,octagram
5512,61.98910617034895,7.143278435471357,2860,0,outer_ring
5513,44.47714514494239,6.545558638046737,1571,0,outer_ring
5514,53.78242343517519,6.0771400995884886,2158,0,outer_ring
5515,63.594236087239736,35.427292949100845,8539,4,stroke_kai
5516,50.25651425584009,18.802484400382415,4095,1,inner_ring
5517,49.2892310985831,52.26499260645871,6857,3,stroke_nan
5518,56.109661961444836,13.203183724896382,11271,5,text_en_1919
5519,47.99726327139513,5.728929693272361,1717,0,outer_ring
5520,53.41634730681732,6.1575016625842975,2118,0,outer_ring
5521,56.86401816980553,15.577214078783229,11042,5,text_en_1919
5522,56.60399395075788,5.965513105307184,2449,0,outer_ring
5523,45.58887141734387,19.54034832011741,4064,1,inner_ring
5524,72.13684617500604,27.16837133878471,4258,1,inner_ring
5525,69.3549057028143,8.684675843317672,3166,0,outer_ring
5526,73.60506441463589,27.326883421579016,4265,1,inner_ring
5527,81.17020450994525,54.64911376465846,3277,1,inner_ring
5528,79.20916435527006,36.98863876755236,6302,2,octagram
5529,90.86788891650504,60.80067849783935,9828,5,text_en_1919
5530,63.56456226981274,6.601878712551764,2954,0,outer_ring
5531,79.19137074307595,37.73284772579283,6323,2,octagram
5532,34.10118704221703,34.66529751096096,5577,2,octagram
5533,59.310861639993625,5.805623643479352,2684,0,outer_ring
5534,63.24621177619284,54.16413349656032,7833,4,stroke_kai
5535,51.674302457131844,91.03030756457608,447,0,outer_ring
5536,44.49081263347141,79.86168107752717,9054,5,text_en_1919
5537,41.61778503744952,87.04507693838399,1116,0,outer_ring
5538,42.88910911663801,70.56985281884485,4996,2,octagram
5539,34.026105763302574,84.28726303480495,1330,0,outer_ring
5540,37.79740692659675,85.43777001219094,1267,0,outer_ring
5541,44.323322713936825,91.22588252837649,936,0,outer_ring
5542,35.34183442366737,86.74139556872724,1304,0,outer_ring
5543,32.491147603393344,68.41369662229138,9597,5,text_en_1919
5544,43.80286519640273,46.91990080829334,7146,3,stroke_nan
5545,35.651026602272765,69.19894664240714,3664,1,inner_ring
5546,23.42793715114588,40.52448998207129,10711,5,text_en_1919
5547,31.920028912279108,60.127429761376625,5183,2,octagram
5548,32.3321169009988,44.55818632596441,5414,2,octagram
5549,32.64384176051905,35.47522885594468,5564,2,octagram
5550,31.338524778802782,32.75966790944367,3935,1,inner_ring
5551,24.141411885168214,59.34242717992544,9886,5,text_en_1919
5552,48.11542954800304,46.59519353952206,7137,3,stroke_nan
5553,33.49646283794546,44.568039540792405,5409,2,octagram
5554,30.111027270921582,36.4888852880107,5523,2,octagram
5555,40.47505624799056,8.435965943173521,1482,0,outer_ring
5556,39.03620232416821,43.63910257216717,7307,3,stroke_nan
5557,42.206453066653076,68.00327618382987,5028,2,octagram
5558,67.24400064011107,77.90795730268789,9245,5,text_en_1919
5559,61.42847664063254,71.94037972578356,4724,2,octagram
5560,54.64815320000909,89.24639813522417,276,0,outer_ring
5561,63.76966373986586,82.3414597573088,8876,5,text_en_1919
5562,48.9043743664396,55.81228465908247,6747,3,stroke_nan
5563,57.1004680612246,87.70780950064899,156,0,outer_ring
5564,70.82759345436621,85.63513350754172,3,0,outer_ring
5565,70.98030612676077,58.82123889606957,7718,4,stroke_kai
5566,58.16393185620703,47.32380967177061,8080,4,stroke_kai
5567,62.61127555135488,73.51496838494937,4704,2,octagram
5568,52.679753044068626,5.348470507764709,2056,0,outer_ring
5569,60.128862363245474,6.619033266028308,2745,0,outer_ring
5570,46.54656373037714,5.725149092518917,1651,0,outer_ring
5571,54.582104841543966,48.1133737437933,7978,4,stroke_kai
5572,55.98541323324354,33.24010442937768,8566,4,stroke_kai
5573,56.397884335932126,68.48834250749465,4796,2,octagram
5574,53.14243231494273,78.82325818068398,9136,5,text_en_1919
5575,39.43884318207495,7.3577538606312345,1474,0,outer_ring
5576,50.64303394360089,37.38850620003839,7475,3,stroke_nan
5577,40.87533060958701,17.992810150735608,10906,5,text_en_1919
5578,43.4595256680271,7.688725042451415,1534,0,outer_ring
5579,43.76618181234138,50.6971240134597,6961,3,stroke_nan
5580,46.04786948074645,60.43510242239696,6597,3,stroke_nan
5581,17.460150820455674,36.93667156596802,10793,5,text_en_1919
5582,46.967078853841095,38.80087369479121,7457,3,stroke_nan
5583,36.93756938576873,25.225074702006186,4002,1,inner_ring
5584,53.55454836784889,6.195143385600676,2135,0,outer_ring
5585,55.41546302645054,6.259103926464929,2313,0,outer_ring
5586,58.58482296698649,7.247361567151446,2635,0,outer_ring
5587,51.44064071198655,50.757426574039215,6962,3,stroke_nan
5588,47.06464833695581,7.2533415287503455,1663,0,outer_ring
5589,60.79237516851058,7.468193046492239,2793,0,outer_ring
5590,58.0217765240451,37.67518279434198,8466,4,stroke_kai
5591,43.756823210956405,62.428705362074865,6600,3,stroke_nan
5592,59.31167916114518,34.27904896071833,5963,2,octagram
5593,44.547936152869894,6.310617672659071,1574,0,outer_ring
5594,52.9409511405273,3.4714741367216133,2084,0,outer_ring
5595,58.30981843369603,8.649790629477208,2621,0,outer_ring
5596,49.49425652360496,53.28328254546249,6807,3,stroke_nan
5597,67.32444922528464,65.84176711013926,4596,2,octagram
5598,85.78678329708949,47.714173281564236,10404,5,text_en_1919
5599,64.1409219779987,55.228484473055374,7781,4,stroke_kai
5600,42.29662161267126,66.50955224306033,5040,2,octagram
5601,65.90741227912844,74.18751179326561,3444,1,inner_ring
5602,40.58543949720285,88.27898296148386,1147,0,outer_ring
5603,50.511836332124346,89.47316176823892,538,0,outer_ring
5604,48.491752881064876,71.45054812440176,4903,2,octagram
5605,52.53086160140402,90.11623874219298,395,0,outer_ring
5606,43.890961369691226,88.33373353862957,1010,0,outer_ring
5607,50.38030083425485,89.79911932796898,543,0,outer_ring
5608,52.47538818763302,69.27103620680208,4843,2,octagram
5609,56.28318094963733,59.26068092698615,7633,4,stroke_kai
5610,53.424996538152485,88.470152948217,345,0,outer_ring
5611,40.86610916687224,62.19080153974826,5091,2,octagram
5612,66.63765504337162,87.73783628191902,15,0,outer_ring
5613,21.40568273744935,56.34979117711083,9995,5,text_en_1919
5614,34.97216000931074,75.41184266488801,9390,5,text_en_1919
5615,49.189627192205045,55.57242063423721,6746,3,stroke_nan
5616,55.59559502874923,89.88617810872157,229,0,outer_ring
5617,48.995314185469496,87.0977375720408,675,0,outer_ring
5618,52.54988952737569,81.63549151940319,8823,5,text_en_1919
5619,42.355528808945046,82.28751343209109,8832,5,text_en_1919
5620,61.55083589769723,60.012210527773064,7614,4,stroke_kai
5621,57.29273014795199,90.67211604033504,158,0,outer_ring
5622,68.4202124822605,75.9568132041371,9338,5,text_en_1919
5623,64.12009053060146,70.6587369214985,4661,2,octagram
5624,66.08731525251416,77.40286864561186,9288,5,text_en_1919
5625,78.55626476794654,37.56774428536448,6301,2,octagram
5626,53.981912206675034,82.74117135934776,8757,5,text_en_1919
5627,62.76494748621561,75.28526604019757,3464,1,inner_ring
5628,73.55438876760321,47.00900956669147,6429,2,octagram
5629,76.20233117075882,64.0326382262369,3350,1,inner_ring
5630,80.09122780705043,57.86494231530555,6574,2,octagram
5631,80.5008217698267,77.78956105268085,9323,5,text_en_1919
5632,44.70732999201986,73.5059960060247,4958,2,octagram
5633,91.28280367953626,61.865687729912004,9782,5,text_en_1919
5634,65.34206232886224,58.643539147228275,7693,4,stroke_kai
5635,85.69176013494955,64.85462940530199,9737,5,text_en_1919
5636,66.7706962178509,50.451805998450254,7952,4,stroke_kai
5637,58.274714674784065,5.264567741172722,2590,0,outer_ring
5638,56.174967875788134,5.252323864322965,2397,0,outer_ring
5639,60.38390908170454,21.320379900047136,4167,1,inner_ring
5640,61.33813185071954,51.95606629983268,7911,4,stroke_kai
5641,70.4123419102129,62.312040118056565,4546,2,octagram
5642,90.03780824873955,50.718565166736404,10175,5,text_en_1919
5643,92.09003511326821,55.43943227639466,10016,5,text_en_1919
5644,75.70249645883352,65.5211826973977,3356,1,inner_ring
5645,76.70648562865267,43.10389345513249,6366,2,octagram
5646,56.484080163552264,46.82625415190286,8120,4,stroke_kai
5647,81.16450338321785,26.79229102889608,10805,5,text_en_1919
5648,56.55820393263247,6.25429652891643,2446,0,outer_ring
5649,55.57325881712753,5.1162624872578855,2328,0,outer_ring
5650,66.16651596377848,13.91826645940571,11102,5,text_en_1919
5651,60.62811471451146,23.50163028007607,5999,2,octagram
5652,47.39438630781068,8.672521642160335,11344,5,text_en_1919
5653,60.06176824158875,25.95870701532724,5981,2,octagram
5654,50.85295231399524,6.636096817852405,1891,0,outer_ring
5655,57.90066589476313,15.437897715305919,11086,5,text_en_1919
5656,58.92595508647575,4.6015513245502655,2642,0,outer_ring
5657,58.42671517616527,4.336820639031529,2596,0,outer_ring
5658,57.446232734600784,3.8823006106657734,2514,0,outer_ring
5659,59.131212571855016,39.54600276876586,8424,4,stroke_kai
5660,43.840066582131286,36.964227624356546,7523,3,stroke_nan
5661,49.37752070036884,5.725439904620585,1787,0,outer_ring
5662,48.027600962758726,40.85620691794536,7322,3,stroke_nan
5663,41.10681874649493,7.565749417259694,1489,0,outer_ring
5664,58.572781714200815,5.681051882256906,2617,0,outer_ring
5665,50.11459548196943,5.872034600857726,1837,0,outer_ring
5666,57.86806849597802,5.464053225904027,2558,0,outer_ring
5667,60.18640755933464,16.18067193576427,11050,5,text_en_1919
5668,68.2398111074381,7.9612847238852815,3135,0,outer_ring
5669,81.73313674540569,65.1891729626445,9676,5,text_en_1919
5670,52.19710140490748,39.254220515730175,7448,3,stroke_nan
5671,68.62585469097806,9.006817613885543,3156,0,outer_ring
5672,69.41983882903031,31.673174414684464,6165,2,octagram
5673,80.24759113611938,36.392701158181154,4343,1,inner_ring
5674,48.5758770843593,5.6184110801089515,1752,0,outer_ring
5675,42.25186169824521,7.822267749509724,1508,0,outer_ring
5676,90.75770918039457,62.31677216116028,9769,5,text_en_1919
5677,44.98801048877857,89.4203688955768,919,0,outer_ring
5678,51.79841197501664,90.89019292603537,438,0,outer_ring
5679,29.53088455081112,81.95959930694721,1367,0,outer_ring
5680,46.697078851381804,88.83363693541509,809,0,outer_ring
5681,51.77179421951707,73.80938006102059,3545,1,inner_ring
5682,38.204216424572174,85.46814041464603,1252,0,outer_ring
5683,35.40190623482276,85.57499508740267,1308,0,outer_ring
5684,27.37787599020972,64.03568636283215,9714,5,text_en_1919
5685,26.10930405174104,64.1212794160178,9709,5,text_en_1919
5686,26.294448835261424,46.695940243810554,3828,1,inner_ring
5687,19.173818523567572,48.453581108643675,10342,5,text_en_1919
5688,36.8836926460945,61.22801061542686,5132,2,octagram
5689,24.78865271833555,54.07774855588743,10139,5,text_en_1919
5690,21.22777117355118,39.55503705694468,10721,5,text_en_1919
5691,29.632716330081532,72.66714761673265,9428,5,text_en_1919
5692,27.82319795804598,59.26783375510465,3746,1,inner_ring
5693,19.561151815978892,35.56571362413487,10794,5,text_en_1919
5694,21.50957521294923,44.51133824790467,10547,5,text_en_1919
5695,35.48419304512678,46.22246924144755,5379,2,octagram
5696,24.89410851218398,46.035497070620906,3832,1,inner_ring
5697,45.571532362125204,7.162960783621553,1601,0,outer_ring
5698,53.31305201999588,45.56039385655349,7177,3,stroke_nan
5699,56.36832930767051,7.829928761542318,2436,0,outer_ring
5700,43.35090102670451,55.9763473479087,6759,3,stroke_nan
5701,45.32596808293375,46.78238618115002,7120,3,stroke_nan
5702,58.54928860224428,47.186057050312236,8165,4,stroke_kai
5703,64.13965425626044,87.77777903793005,28,0,outer_ring
5704,66.54160915010307,79.8358070431219,9114,5,text_en_1919
5705,65.22942069031758,68.0699306586893,4622,2,octagram
5706,52.22667717961186,79.52681499672734,9081,5,text_en_1919
5707,49.33444185055731,79.47583196769101,9135,5,text_en_1919
5708,70.89627677176142,86.28535423776532,4,0,outer_ring
5709,59.7282756632384,47.34732182130966,8104,4,stroke_kai
5710,52.123994471602536,6.428422577049243,2009,0,outer_ring
5711,47.22835981581654,57.638584363489585,6656,3,stroke_nan
5712,67.47216197861714,31.907476365040218,6159,2,octagram
5713,53.515342000179245,7.292997024536091,2124,0,outer_ring
5714,48.523622715666804,46.12513988657638,7148,3,stroke_nan
5715,63.66171506685622,6.415679224598366,2959,0,outer_ring
5716,38.463359488041434,42.46475254573982,7342,3,stroke_nan
5717,41.18076486530814,56.231720971139524,6742,3,stroke_nan
5718,54.66137344610416,54.02156755042643,4820,2,octagram
5719,28.845735775276353,38.52946183910379,5493,2,octagram
5720,29.018302719057885,40.74785839830985,5472,2,octagram
5721,44.49280566339907,49.37847284882063,7017,3,stroke_nan
5722,35.85330169040509,56.650871117180635,5187,2,octagram
5723,16.649112878600338,42.709374204259156,10607,5,text_en_1919
5724,54.57571480777712,19.83033352573685,4123,1,inner_ring
5725,36.65059148425674,33.936738310112275,5608,2,octagram
5726,63.33305085714801,14.816106134076533,11135,5,text_en_1919
5727,38.92040280818784,6.957886893625363,1468,0,outer_ring
5728,49.56701920218497,6.569650472643187,1794,0,outer_ring
5729,46.19059073017531,16.027430294052927,10924,5,text_en_1919
5730,54.135354244613865,6.692145249959521,2197,0,outer_ring
5731,45.30699042560164,47.94089506035217,7042,3,stroke_nan
5732,62.372447932708354,6.305755818163734,2879,0,outer_ring
5733,68.05219798585685,35.713766018371615,8476,4,stroke_kai
5734,54.797349225107794,28.572648216440854,5918,2,octagram
5735,49.60679687655813,24.82754355484031,5873,2,octagram
5736,48.799440644437595,11.497315913387752,11248,5,text_en_1919
5737,65.70558447911245,48.74324400244108,7999,4,stroke_kai
5738,53.393755932957134,45.16360644561282,7299,3,stroke_nan
5739,90.20765115308089,47.46628337200908,10394,5,text_en_1919
5740,78.79870769208041,35.86531754971401,4333,1,inner_ring
5741,80.80532196169285,49.054045371838015,3235,1,inner_ring
5742,84.79075487420691,52.300382066798015,10131,5,text_en_1919
5743,70.4461339275293,68.99119350831333,3402,1,inner_ring
5744,34.41738239360117,69.4762690134559,3669,1,inner_ring
5745,36.484659743669994,85.01108744863451,1300,0,outer_ring
5746,34.508491175989235,84.63393401369544,1323,0,outer_ring
5747,40.39462244970933,87.84588793761408,1158,0,outer_ring
5748,69.103198308132,81.4324931889714,8996,5,text_en_1919
5749,44.0887313792995,73.5857555690488,4955,2,octagram
5750,40.652496318182436,88.41702072067923,1139,0,outer_ring
5751,46.15258608286707,47.47330640352773,7094,3,stroke_nan
5752,22.965220344294163,61.297358864676355,9824,5,text_en_1919
5753,55.514258862743866,88.91165716692595,235,0,outer_ring
5754,41.475530945647506,57.228111253122854,6702,3,stroke_nan
5755,39.42453337080159,46.59990574014861,7133,3,stroke_nan
5756,36.511861210441786,69.27509702804156,3657,1,inner_ring
5757,38.409173628037706,74.1018825443576,3628,1,inner_ring
5758,60.42706791785758,84.89265113041722,8652,5,text_en_1919
5759,48.47949914735112,84.8185701832933,8602,5,text_en_1919
5760,51.41624740246403,56.249056438743004,6719,3,stroke_nan
5761,56.51003007315353,89.57481620261781,186,0,outer_ring
5762,46.652297709607325,89.01078346997055,811,0,outer_ring
5763,70.52829207052542,71.16330400471242,3410,1,inner_ring
5764,57.07004364390621,68.63611963428109,4784,2,octagram
5765,62.59115942032178,73.2199880543524,4709,2,octagram
5766,76.5737915442604,55.15452099406813,6534,2,octagram
5767,60.04280585848538,71.3552426111332,4741,2,octagram
5768,46.022831982927215,73.55808413374857,4937,2,octagram
5769,68.98256032291813,63.14504681364894,4568,2,octagram
5770,62.46266059986671,61.09613469734011,7602,4,stroke_kai
5771,52.627786989598526,89.6405288475499,390,0,outer_ring
5772,49.15728439813157,46.73899700408613,7105,3,stroke_nan
5773,64.98912150937518,39.74140465694877,8409,4,stroke_kai
5774,67.68268407590224,54.050976947977965,7804,4,stroke_kai
5775,79.68957396902869,58.942810301969025,4436,2,octagram
5776,75.3929019999332,65.34631787795864,3357,1,inner_ring
5777,81.45197251099977,60.45459018784497,3310,1,inner_ring
5778,39.794848714902805,53.25439655625241,6848,3,stroke_nan
5779,63.086391443363496,51.17140160404252,7927,4,stroke_kai
5780,90.23155347260733,46.76676043966707,10467,5,text_en_1919
5781,81.44698051341334,37.86779847012255,4355,1,inner_ring
5782,73.68580025353022,60.90735700132502,4509,2,octagram
5783,65.92768973770471,71.77194755065182,4668,2,octagram
5784,89.44219514715122,54.74171854525097,10045,5,text_en_1919
5785,79.18881897832642,60.08996515571094,4439,2,octagram
5786,76.59355856172198,38.646312489836866,6272,2,octagram
5787,87.5290290416324,54.55097008592096,10053,5,text_en_1919
5788,64.54588126995341,23.241067758983384,6057,2,octagram
5789,56.19558809689816,67.56122759469261,4803,2,octagram
5790,44.41562020642716,5.607714746898618,1577,0,outer_ring
5791,65.3879607799428,38.79082715937588,8436,4,stroke_kai
5792,57.89463273743832,67.4911699823076,4787,2,octagram
5793,53.44192072104328,13.69451646975707,11276,5,text_en_1919
5794,54.49692060707647,6.7775448705347685,2233,0,outer_ring
5795,49.845341060106286,44.59220718208829,7189,3,stroke_nan
5796,74.26812882980155,33.57223077492868,6229,2,octagram
5797,67.87379719133529,13.492510933938243,11166,5,text_en_1919
5798,45.34215049200301,5.1222068603641615,1608,0,outer_ring
5799,79.59747284398007,29.381464094390594,4302,1,inner_ring
5800,51.527012279493555,4.481122761085374,1969,0,outer_ring
5801,70.00972392174486,9.06534003004098,3175,0,outer_ring
5802,54.86012725181338,7.889599026151474,2268,0,outer_ring
5803,64.28635775695881,7.630277671502894,3004,0,outer_ring
5804,57.95028433830518,10.712202326380874,11320,5,text_en_1919
5805,52.49615292279692,6.961517847698959,2036,0,outer_ring
5806,69.18584705427668,9.394953052962096,3169,0,outer_ring
5807,57.57761516695503,3.876018519660029,2523,0,outer_ring
5808,58.42032906479149,6.295865020197596,2609,0,outer_ring
5809,63.117897705926154,6.054147737610176,2924,0,outer_ring
5810,75.5245296986891,30.34861856345007,4288,1,inner_ring
5811,80.44828851330648,38.17523696510857,4353,1,inner_ring
5812,78.62886250404947,36.915906228445735,6296,2,octagram
5813,81.07283264164728,59.45926817600863,3305,1,inner_ring
5814,43.41376450667272,5.988192918104188,1549,0,outer_ring
5815,68.47942338540845,46.75614053871829,6447,2,octagram
5816,47.730618462384115,16.572842008217094,10926,5,text_en_1919
5817,54.9369794764719,67.72602920555147,4818,2,octagram
5818,83.39113689615291,61.418188663298324,9805,5,text_en_1919
5819,50.2166267417472,57.25113279010992,6721,3,stroke_nan
5820,42.057251695925785,56.094439847908276,6751,3,stroke_nan
5821,23.79430230180686,78.23644118793152,1381,0,outer_ring
5822,47.32036585326014,89.58941068256019,760,0,outer_ring
5823,42.946834334116964,88.90958851357078,1046,0,outer_ring
5824,29.868292553430894,74.6446809288558,9373,5,text_en_1919
5825,36.50445185180825,85.24522210258783,1292,0,outer_ring
5826,45.68979067436149,89.8584015919126,869,0,outer_ring
5827,31.971316924097103,71.6006722104553,9463,5,text_en_1919
5828,37.60350325333781,61.39908584901395,5124,2,octagram
5829,29.645154608969218,60.3953611322005,3734,1,inner_ring
5830,40.09451647329986,65.3631861905866,5064,2,octagram
5831,30.40873601362212,39.90450518140954,5470,2,octagram
5832,32.89919822113329,35.384953746194356,5565,2,octagram
5833,30.025032164433966,40.532822206587085,5465,2,octagram
5834,28.914241542704207,54.02838462651223,3778,1,inner_ring
5835,30.179795431724934,39.62806214414142,5476,2,octagram
5836,17.375175876893763,49.931202021647735,10262,5,text_en_1919
5837,21.437344216143785,39.10818417193846,10725,5,text_en_1919
5838,41.23414142275606,30.5865553885747,5676,2,octagram
5839,29.91025348751816,59.15649181758868,5217,2,octagram
5840,41.16747615771516,17.272259337409086,10913,5,text_en_1919
5841,32.84418453795826,45.78915022951204,5393,2,octagram
5842,41.41728923142883,23.835247040981596,4036,1,inner_ring
5843,53.12170931769323,89.71423125289418,362,0,outer_ring
5844,76.68951008104531,71.0814436988332,9467,5,text_en_1919
5845,47.24158218914301,90.18894990769168,759,0,outer_ring
5846,59.63894619978517,84.63985050719802,8680,5,text_en_1919
5847,51.55826125472139,89.61359152907953,462,0,outer_ring
5848,61.01092517599447,74.19260937744964,3476,1,inner_ring
5849,62.93775455217232,78.93719428714354,9113,5,text_en_1919
5850,67.4266700355978,75.9837148208639,9328,5,text_en_1919
5851,43.37503735151398,82.97467134505119,8811,5,text_en_1919
5852,43.9998923336082,22.81505956926829,5780,2,octagram
5853,65.69266603619941,13.1698590791506,11159,5,text_en_1919
5854,44.8572421332236,21.75245580138441,5799,2,octagram
5855,51.25117976082558,11.214349680514548,1892,0,outer_ring
5856,48.78998106916358,80.57493221990015,9034,5,text_en_1919
5857,49.64160212604221,51.78084708433346,6856,3,stroke_nan
5858,32.74325429437378,45.399590789267144,5400,2,octagram
5859,32.08504455833377,10.912292512051396,1423,0,outer_ring
5860,51.34252287557404,7.130290375903621,1929,0,outer_ring
5861,43.069078808263804,45.721987186479076,7135,3,stroke_nan
5862,34.02799360147016,36.45966678825224,5559,2,octagram
5863,67.34756718415537,26.332168381500352,6112,2,octagram
5864,40.14636148620769,56.51408694485519,6758,3,stroke_nan
5865,30.03706612112827,41.757345679082164,5452,2,octagram
5866,31.82407755032813,33.34593473760925,3932,1,inner_ring
5867,27.46259774594357,38.63076847676352,3889,1,inner_ring
5868,41.25908379146719,47.59782048771261,7099,3,stroke_nan
5869,43.23534736751963,7.371378969597137,1529,0,outer_ring
5870,55.73212519547412,5.134125506321426,2346,0,outer_ring
5871,48.69844404062645,6.36521518736262,1754,0,outer_ring
5872,59.825864154394644,4.234555250183736,2703,0,outer_ring
5873,38.80332540119692,10.796823905418899,1452,0,outer_ring
5874,46.193948682398386,5.859378739304298,1632,0,outer_ring
5875,48.257337782362136,6.919295634259669,1723,0,outer_ring
5876,51.18264396915705,44.20329302013471,7209,3,stroke_nan
5877,51.29719199257972,88.64859911289322,489,0,outer_ring
5878,24.222694248317644,51.915528812605494,10155,5,text_en_1919
5879,81.32524257508533,50.157393479422375,3242,1,inner_ring
5880,87.82136989725002,48.01919414127813,10389,5,text_en_1919
5881,81.96445552053427,57.823606181673725,3295,1,inner_ring
5882,85.70170633398249,52.9637139127631,10132,5,text_en_1919
5883,62.47585114171101,53.55953253436089,7866,4,stroke_kai
5884,77.79412304896877,35.920330250902346,6280,2,octagram
5885,46.66693993464445,88.85876518619564,814,0,outer_ring
5886,44.870003098426665,81.3566636277452,8914,5,text_en_1919
5887,49.106416237072395,88.9983434560904,644,0,outer_ring
5888,60.975946914646656,89.04517680152018,59,0,outer_ring
5889,43.79946897220397,89.42219849563597,996,0,outer_ring
5890,66.05182074244405,83.2565552994816,8795,5,text_en_1919
5891,55.653809302061646,90.01627318814113,228,0,outer_ring
5892,55.35722640250033,88.66040455193395,247,0,outer_ring
5893,67.94116865351292,72.4581259405509,3428,1,inner_ring
5894,36.59223172842088,70.93770661628444,3651,1,inner_ring
5895,54.45549159754667,81.11926124397658,8893,5,text_en_1919
5896,47.41833003816743,92.33533687232263,720,0,outer_ring
5897,56.269899447007525,77.42721778295632,9176,5,text_en_1919
5898,20.45737924258165,56.08384942727672,9993,5,text_en_1919
5899,30.50880112009842,44.54722170415152,5422,2,octagram
5900,37.28962477950323,87.78057489095576,1251,0,outer_ring
5901,56.292121293794025,88.30493767692737,190,0,outer_ring
5902,60.06746678316436,48.983047839996175,8046,4,stroke_kai
5903,60.67496451268443,77.81928951722537,9254,5,text_en_1919
5904,77.82248119996208,77.9798095418189,9297,5,text_en_1919
5905,68.70089026964585,76.359373852337,9322,5,text_en_1919
5906,63.93749513556468,51.07009222279121,7941,4,stroke_kai
5907,59.35502441011797,58.832085930018884,7632,4,stroke_kai
5908,67.93039361373567,81.48253020041234,8981,5,text_en_1919
5909,65.93521719413472,54.602935579010826,7789,4,stroke_kai
5910,89.87085810094032,47.98732647882392,10393,5,text_en_1919
5911,66.19561126077687,69.8825725867343,4644,2,octagram
5912,59.51257290723164,59.30561227684317,7616,4,stroke_kai
5913,57.12895967130201,51.55725932449113,7950,4,stroke_kai
5914,78.38781246729863,63.05363252293011,3338,1,inner_ring
5915,81.26806998788113,75.5352549382213,9351,5,text_en_1919
5916,83.04908023949002,49.61992291268854,10290,5,text_en_1919
5917,89.50723801117009,54.95462198442621,10033,5,text_en_1919
5918,93.16029648644638,46.599056017356205,10492,5,text_en_1919
5919,85.13000161350713,61.63297369076053,9759,5,text_en_1919
5920,59.6424023243613,39.53246266094662,8425,4,stroke_kai
5921,54.49734887978769,28.103638391236093,5897,2,octagram
5922,80.45948023345369,39.34004992108047,4362,1,inner_ring
5923,45.874306782636424,39.509435609426696,7428,3,stroke_nan
5924,47.54083648532391,12.614845290370184,11201,5,text_en_1919
5925,75.19553332396167,29.23132902709795,4283,1,inner_ring
5926,64.1765207912513,58.232630485020465,7682,4,stroke_kai
5927,89.66067838252235,48.88242436250647,10301,5,text_en_1919
5928,88.68953326420669,53.67976572543817,10074,5,text_en_1919
5929,82.74733017229673,49.198180616327704,10308,5,text_en_1919
5930,53.01164080208383,4.780235907140919,2086,0,outer_ring
5931,80.09548656376133,35.934382737453475,4336,1,inner_ring
5932,51.65046804325594,5.944764809548656,1971,0,outer_ring
5933,67.11834619468648,9.039912135319392,3119,0,outer_ring
5934,54.87467921951394,4.966708284319423,2265,0,outer_ring
5935,40.95978853831305,32.241787768911294,5658,2,octagram
5936,68.89465412081796,22.76689253552575,4224,1,inner_ring
5937,49.93447311265568,6.669620447283223,1811,0,outer_ring
5938,63.81814768468956,7.933105687175248,2985,0,outer_ring
5939,59.224486384597725,1.7319072804656086,2638,0,outer_ring
5940,49.977621496562044,5.556336049705637,1828,0,outer_ring
5941,65.74656209276492,5.583488067759282,3040,0,outer_ring
5942,45.627532574473975,19.134078615835566,4066,1,inner_ring
5943,52.32163821417964,6.741634634669339,2022,0,outer_ring
5944,44.22241227236909,5.208697130600465,1573,0,outer_ring
5945,57.48002303488843,45.683126181339965,8178,4,stroke_kai
5946,66.27944872636954,7.825567404777793,3082,0,outer_ring
5947,53.60277019203133,5.600202627671811,2142,0,outer_ring
5948,60.24238065597587,5.976910352882848,2748,0,outer_ring
5949,87.75381116980603,39.934594776947215,10701,5,text_en_1919
5950,49.384416251059655,6.8589344902296885,1780,0,outer_ring
5951,75.2887047758206,35.851692558419614,6244,2,octagram
5952,86.43866367266044,40.84540865066172,10686,5,text_en_1919
5953,65.63654241074106,22.744664876046027,6052,2,octagram
5954,71.71199701073161,25.728076114742425,4253,1,inner_ring
5955,83.38233832203662,23.770092203233364,10842,5,text_en_1919
5956,66.01504527385194,28.522959961189876,6128,2,octagram
5957,76.09530753067199,46.158028574345366,6410,2,octagram
5958,58.34072607655216,88.08040207371896,119,0,outer_ring
5959,51.869479160805454,20.737836968761687,4104,1,inner_ring
5960,84.20433498417484,72.82104739921316,9439,5,text_en_1919
5961,47.522547744876796,81.95967440900917,8857,5,text_en_1919
5962,44.09018976127042,89.88513962071434,970,0,outer_ring
5963,29.792124520983265,74.74836448972906,9369,5,text_en_1919
5964,44.704489015677744,81.65200049041316,8901,5,text_en_1919
5965,45.10055976364618,90.45170876343258,894,0,outer_ring
5966,46.073054928635365,88.59830581641693,858,0,outer_ring
5967,36.52637849796881,87.49643537007847,1273,0,outer_ring
5968,28.304407759466244,59.429651633223145,3743,1,inner_ring
5969,37.12670148575135,84.41816940967047,1288,0,outer_ring
5970,47.16973000228887,55.20175997520169,6772,3,stroke_nan
5971,24.829261387330895,65.3588765938778,9692,5,text_en_1919
5972,23.838640733956005,66.90072000112936,9610,5,text_en_1919
5973,41.00950415431097,50.348593943987936,6989,3,stroke_nan
5974,21.435754354317815,58.46822608596217,9946,5,text_en_1919
5975,24.813861998659082,67.29904914679638,9549,5,text_en_1919
5976,32.31068385492669,41.65347852963188,5437,2,octagram
5977,21.539663846329333,48.1318449216873,10325,5,text_en_1919
5978,26.542797956204684,39.46023665952231,3882,1,inner_ring
5979,30.837965635245958,39.64842789338066,5471,2,octagram
5980,33.51123786171507,69.53913537662342,9492,5,text_en_1919
5981,28.502739513088866,56.368247038766185,5248,2,octagram
5982,30.790080474990724,52.244661508929205,5293,2,octagram
5983,46.38650934619216,61.259055149910346,6587,3,stroke_nan
5984,52.40182912538211,8.183700996163704,2026,0,outer_ring
5985,53.081062027380156,80.66051827744491,8940,5,text_en_1919
5986,46.5048678120256,88.6859359804352,831,0,outer_ring
5987,59.50470231360662,80.38979407373157,8991,5,text_en_1919
5988,56.07876184613845,91.30933497150791,206,0,outer_ring
5989,43.720039739576706,88.75135385751852,1014,0,outer_ring
5990,53.93623804920552,91.49996812729741,307,0,outer_ring
5991,61.19293577423862,48.070444964040576,8064,4,stroke_kai
5992,65.33853348148408,33.341943859625495,8545,4,stroke_kai
5993,51.945938836223704,12.121925303358871,1957,0,outer_ring
5994,58.97180560581954,47.73028421100075,8075,4,stroke_kai
5995,41.07834598256523,57.09442745425513,6673,3,stroke_nan
5996,41.93050315068978,28.31659845147989,5705,2,octagram
5997,41.511211366776365,43.62686423221792,7282,3,stroke_nan
5998,44.9231736104758,13.459896239763275,11116,5,text_en_1919
5999,51.829776166592815,36.733013412237646,7498,3,stroke_nan
6000,52.08222949976913,58.108524598792535,6636,3,stroke_nan
6001,52.97658680701511,27.692917966808732,5887,2,octagram
6002,47.821641177095515,4.46872481322496,1718,0,outer_ring
6003,27.226167626204905,37.09904133457939,5502,2,octagram
6004,52.96818521502118,29.39077528539007,5888,2,octagram
6005,26.852796085909723,49.84063249480299,3810,1,inner_ring
6006,55.343662481242546,27.189531475246387,5921,2,octagram
6007,29.421018912423573,35.50200137522263,3910,1,inner_ring
6008,58.021580735759464,12.41768005558771,11290,5,text_en_1919
6009,61.32282492974681,20.397561557521204,4174,1,inner_ring
6010,17.97743676983585,36.21862724443382,10791,5,text_en_1919
6011,56.500716650823954,5.168411725040224,2435,0,outer_ring
6012,58.10529167172595,4.546526603222904,2568,0,outer_ring
6013,46.843151266271214,6.293421640258694,1660,0,outer_ring
6014,55.919911418022046,5.644194612887352,2372,0,outer_ring
6015,53.63686218380351,54.45367841337369,6693,3,stroke_nan
6016,47.06646777358233,34.64802931644685,7552,3,stroke_nan
6017,51.04099843913247,46.57926598173879,7141,3,stroke_nan
6018,79.99214923345238,38.7345305352311,4356,1,inner_ring
6019,56.00745119182062,31.73654777453538,8567,4,stroke_kai
6020,58.15960994500985,39.52212963180809,8413,4,stroke_kai
6021,75.96746385014505,61.167344052773714,4483,2,octagram
6022,55.636247976869974,75.66326032736463,3518,1,inner_ring
6023,60.17146642771166,23.645549868922394,5994,2,octagram
6024,49.886972835880655,79.59809979242537,9055,5,text_en_1919
6025,58.34917006534266,53.1027912990934,7875,4,stroke_kai
6026,51.43612952928328,90.37062912022378,471,0,outer_ring
6027,61.61103868377635,44.01446936572483,8237,4,stroke_kai
6028,25.644249894542437,66.28175771129132,9656,5,text_en_1919
6029,21.944392670667895,67.19912215105538,9599,5,text_en_1919
6030,40.01432525559958,87.13119195249357,1186,0,outer_ring
6031,48.73966175981063,89.39655561368757,669,0,outer_ring
6032,40.10248900194394,86.97466386444698,1183,0,outer_ring
6033,40.730529382779324,89.31474046483818,1123,0,outer_ring
6034,52.101960162240324,88.35132493856617,435,0,outer_ring
6035,55.142090466757836,73.81471849288414,3520,1,inner_ring
6036,45.259033324046506,88.65670657289493,913,0,outer_ring
6037,44.57399542829951,87.21629489426564,982,0,outer_ring
6038,47.89371284866528,87.58129272950514,740,0,outer_ring
6039,34.69331140774113,45.958892079029084,5383,2,octagram
6040,22.67168564528764,50.251136649268126,10251,5,text_en_1919
6041,49.62245262789021,52.123055639648946,6830,3,stroke_nan
6042,55.605302014700705,90.60125147259701,230,0,outer_ring
6043,30.36087236966256,77.13602962543263,9325,5,text_en_1919
6044,63.25978800272578,73.2451063124396,4703,2,octagram
6045,46.99910735355305,90.68092957841345,768,0,outer_ring
6046,60.62170719871982,55.894995959516265,7766,4,stroke_kai
6047,76.42044182357189,74.90077831902508,9383,5,text_en_1919
6048,74.25810382026013,66.30876841490905,3368,1,inner_ring
6049,67.37386047555754,76.26393249593725,9310,5,text_en_1919
6050,56.063937047772924,74.61669915678087,3512,1,inner_ring
6051,46.65893044339554,87.71382175035669,832,0,outer_ring
6052,80.03851646361935,69.2158388585687,9498,5,text_en_1919
6053,61.15425813468777,72.47881539200172,4725,2,octagram
6054,81.34499583242709,59.120883698641656,3301,1,inner_ring
6055,63.2400340519984,46.2290996079047,8133,4,stroke_kai
6056,59.19243655419776,54.51805552745592,7857,4,stroke_kai
6057,62.07407477508484,54.04044477746944,7839,4,stroke_kai
6058,77.42809308260475,60.554307106131965,4465,2,octagram
6059,75.7931255092273,64.54104351681157,3353,1,inner_ring
6060,92.05465573390173,52.98611903962427,10078,5,text_en_1919
6061,86.67830063885614,47.342514854789506,10406,5,text_en_1919
6062,68.12694856937826,32.211570700488004,6164,2,octagram
6063,54.229342659000785,81.90849288231813,8825,5,text_en_1919
6064,47.98327420807036,6.980405743611993,1708,0,outer_ring
6065,67.38595917989906,45.409594271872166,8163,4,stroke_kai
6066,48.11121008044941,70.9089943797946,4912,2,octagram
6067,74.29435578656472,60.090900820849726,4497,2,octagram
6068,63.16489957596449,65.59690444816746,4657,2,octagram
6069,78.68884624284316,58.417596321328,4444,2,octagram
6070,74.63810777256222,81.01671053676925,9020,5,text_en_1919
6071,65.3264877278401,39.038297190748374,8428,4,stroke_kai
6072,59.889781092052935,7.412275187092942,2735,0,outer_ring
6073,65.9054110930576,25.99083890799822,6099,2,octagram
6074,56.97325904723645,6.105242540843865,2484,0,outer_ring
6075,74.92867018759915,27.593422773690037,4273,1,inner_ring
6076,51.969975281767326,40.61809712350533,7390,3,stroke_nan
6077,56.84807075814885,27.311418961914534,5938,2,octagram
6078,59.88457578993359,7.054859952578572,2730,0,outer_ring
6079,52.55851315063215,7.565522840174598,2041,0,outer_ring
6080,50.331494593769605,37.516548121252846,7402,3,stroke_nan
6081,52.48671676438715,15.323070343858122,11149,5,text_en_1919
6082,57.072932963025,44.026577280733136,8236,4,stroke_kai
6083,57.37332907054521,4.319761351415403,2511,0,outer_ring
6084,53.11516301726161,5.37347621124884,2094,0,outer_ring
6085,61.75382243271683,7.419307734140375,2848,0,outer_ring
6086,62.05328596996738,21.207113007675435,4180,1,inner_ring
6087,64.330347201494,41.464261334533624,8352,4,stroke_kai
6088,40.215672442403246,8.611175378975227,1475,0,outer_ring
6089,56.665859665132395,5.510336737996334,2452,0,outer_ring
6090,55.90940910833303,6.2138668965458015,2375,0,outer_ring
6091,76.76058571131877,31.133355971043475,4300,1,inner_ring
6092,74.5981718261468,10.364514042748441,3213,0,outer_ring
6093,41.72759456409309,29.17049564328165,5698,2,octagram
6094,76.05369315231265,44.24909101307786,6383,2,octagram
6095,76.41361921667496,41.10233212623144,6361,2,octagram
6096,57.18165671002003,59.53114169995146,7640,4,stroke_kai
6097,56.17293527930449,43.949983482610705,8288,4,stroke_kai
6098,76.69516282492818,51.188735073083905,6490,2,octagram
6099,57.73665065636591,4.733166112921292,2539,0,outer_ring
6100,58.25519726560953,5.38009897748016,2588,0,outer_ring
6101,42.977891973464594,18.881524475796635,10885,5,text_en_1919
6102,92.98223797920527,50.03355276613217,10208,5,text_en_1919
6103,38.76577599511223,88.2730038334822,1210,0,outer_ring
6104,68.56151816040091,64.71187906139721,4580,2,octagram
6105,46.25473205468669,85.2297325449804,891,0,outer_ring
6106,28.46044775744608,80.97949085611297,1373,0,outer_ring
6107,53.53149972236453,88.26160516509127,340,0,outer_ring
6108,46.125804818760166,91.83362029441376,812,0,outer_ring
6109,55.196219162004695,89.52021528067998,254,0,outer_ring
6110,39.91594873047936,74.87420959343977,3612,1,inner_ring
6111,52.46973491403764,68.44364879011604,4852,2,octagram
6112,29.540078008839966,36.595298786102305,5522,2,octagram
6113,23.76050727897866,45.022286378298624,10527,5,text_en_1919
6114,33.48586108749053,66.87245415316116,3683,1,inner_ring
6115,34.05936504263843,60.73109343740719,5163,2,octagram
6116,17.65148245651803,42.20910560434051,10623,5,text_en_1919
6117,27.165754949644196,45.3216224973658,3842,1,inner_ring
6118,20.774292939586235,54.19113506252422,10150,5,text_en_1919
6119,19.413457304565217,38.901208478962914,10741,5,text_en_1919
6120,21.83784259408514,48.775856367643726,10269,5,text_en_1919
6121,21.753721405193936,40.59116272181178,10648,5,text_en_1919
6122,34.8340013262882,68.08327812253061,3673,1,inner_ring
6123,21.85082137143696,40.806545361274175,10642,5,text_en_1919
6124,40.15228224052435,63.94699840652578,5080,2,octagram
6125,64.00857812426467,39.90190385769225,8379,4,stroke_kai
6126,54.49634563865575,78.76002183855388,9108,5,text_en_1919
6127,35.55327956390252,61.955121317890246,5148,2,octagram
6128,53.951287558259246,78.68815098058072,9130,5,text_en_1919
6129,53.717383912032425,79.72502629965463,9058,5,text_en_1919
6130,48.47959585049274,81.77214027895651,8915,5,text_en_1919
6131,45.713624818943515,55.98838905739281,6724,3,stroke_nan
6132,61.70913890679682,72.39187523758939,4721,2,octagram
6133,41.98928197579751,87.39003820900211,1093,0,outer_ring
6134,55.63223599544722,88.50345385161067,227,0,outer_ring
6135,77.50021533527296,53.52177052197109,6519,2,octagram
6136,64.31520407651084,84.2924632963086,8753,5,text_en_1919
6137,52.00535866121389,7.318519972800394,1994,0,outer_ring
6138,48.63265345251232,89.9932976565777,672,0,outer_ring
6139,51.93836205917515,4.806715060184069,2001,0,outer_ring
6140,57.67440400033216,44.775218691826716,8199,4,stroke_kai
6141,47.413285207903776,55.38014638980939,6763,3,stroke_nan
6142,43.12186809538193,49.701509558036086,6965,3,stroke_nan
6143,64.63742097574135,24.196502929026924,6067,2,octagram
6144,30.60493333684402,34.66903575215406,5541,2,octagram
6145,28.06838951968045,32.88798654269765,3923,1,inner_ring
6146,27.82319803941863,50.28595529213757,3806,1,inner_ring
6147,28.13127106001933,37.58129739625022,5505,2,octagram
6148,37.76243071414888,25.83772181482947,4004,1,inner_ring
6149,39.32281710331954,31.821672893784793,5660,2,octagram
6150,32.95023112030861,28.493778351692,3968,1,inner_ring
6151,57.69764643630923,40.96632856423088,8402,4,stroke_kai
6152,50.479581807738114,6.257166080175266,1861,0,outer_ring
6153,46.674575319933965,22.578226383716732,5828,2,octagram
6154,56.625171946569246,26.700829698592397,5941,2,octagram
6155,40.25120965666645,18.414689897032662,10874,5,text_en_1919
6156,51.664104858263535,44.925410176915875,7203,3,stroke_nan
6157,50.8821352134189,42.89328631013008,7229,3,stroke_nan
6158,59.784107734075405,18.887834841537284,4155,1,inner_ring
6159,65.92704871053247,40.28431900193908,8393,4,stroke_kai
6160,44.55242556217017,22.60013347360027,5781,2,octagram
6161,63.333906906314404,7.514142494352974,2951,0,outer_ring
6162,65.07120742428893,74.49243511474529,4693,2,octagram
6163,51.98146439521763,44.09705416985917,7218,3,stroke_nan
6164,86.72495123645426,48.27428472125357,10349,5,text_en_1919
6165,49.1359367344837,80.85590601831136,8999,5,text_en_1919
6166,43.22891733850736,88.93634287426359,1030,0,outer_ring
6167,76.74616047057621,43.885056988163,6374,2,octagram
6168,49.1726871854417,75.79929156416974,3560,1,inner_ring
6169,56.97838530360028,75.43987027476788,3508,1,inner_ring
6170,43.220184174043425,79.15137590642476,9077,5,text_en_1919
6171,53.53496658163906,89.94667586429165,336,0,outer_ring
6172,47.65190247506584,89.60266995032788,734,0,outer_ring
6173,47.817397518686015,70.49018029297255,4914,2,octagram
6174,60.44858481104565,79.90281846693604,9061,5,text_en_1919
6175,51.472115826434894,90.40447864022802,464,0,outer_ring
6176,55.21762900980375,82.23536780897486,8816,5,text_en_1919
6177,61.01623855676472,78.75982380896319,9168,5,text_en_1919
6178,22.0316466256418,57.974701215706325,9950,5,text_en_1919
6179,55.98604413901038,89.54390271351627,207,0,outer_ring
6180,61.535938867486905,77.41369840105415,9273,5,text_en_1919
6181,19.206178635680196,40.540256331280915,10630,5,text_en_1919
6182,25.867836798204024,42.96768931988797,3856,1,inner_ring
6183,41.94047430535944,72.68481936651703,4974,2,octagram
6184,55.69376698555156,89.02198221608924,224,0,outer_ring
6185,64.48801664884282,88.79078560834489,25,0,outer_ring
6186,67.12231710570776,79.51451954973997,9159,5,text_en_1919
6187,67.43037808709366,82.62822403658451,8854,5,text_en_1919
6188,67.58540417139302,80.64404864743459,9075,5,text_en_1919
6189,61.50626261411828,58.34122386895296,7695,4,stroke_kai
6190,62.91808448546501,83.23552922615796,8853,5,text_en_1919
6191,55.12675294032092,30.567775198290942,8570,4,stroke_kai
6192,57.45560634483791,52.855467694328105,7878,4,stroke_kai
6193,40.24511045818769,63.67830261081791,5081,2,octagram
6194,55.92473175714844,92.02619762358889,219,0,outer_ring
6195,62.367888936471864,70.0815923741754,4727,2,octagram
6196,54.5742134535274,85.08907323621976,8592,5,text_en_1919
6197,88.37739743146051,58.46043957654578,9883,5,text_en_1919
6198,59.40484471553979,45.60772631856153,8158,4,stroke_kai
6199,59.55188355449643,80.45120039481952,8978,5,text_en_1919
6200,91.57437134029173,46.57353427539302,10488,5,text_en_1919
6201,92.81376481303305,54.40887170863521,10042,5,text_en_1919
6202,82.61172555350548,52.09716107936423,3256,1,inner_ring
6203,78.58025086998424,58.610017379664924,4447,2,octagram
6204,73.42056745383843,34.971683019846836,6223,2,octagram
6205,60.47220664916944,36.46883566880018,8491,4,stroke_kai
6206,92.75504490319705,48.56848725478118,10286,5,text_en_1919
6207,86.40155991334437,60.077620745886804,9813,5,text_en_1919
6208,61.73869700915102,44.6135234863828,8196,4,stroke_kai
6209,90.17353848940135,49.62086697959858,10226,5,text_en_1919
6210,77.79717109988593,34.473087063256806,4326,1,inner_ring
6211,77.43321521977697,34.94833574405975,6271,2,octagram
6212,82.0085948953644,51.304917703451494,3252,1,inner_ring
6213,67.84157966264321,7.454010752449318,3124,0,outer_ring
6214,80.98379666656571,38.98955811853961,4360,1,inner_ring
6215,77.77024677362786,39.91110775035035,6343,2,octagram
6216,62.08961267526939,43.182922722909524,8279,4,stroke_kai
6217,56.25458715257138,6.429261838079621,2418,0,outer_ring
6218,47.8110393029175,4.61602745758448,1715,0,outer_ring
6219,58.82189337202118,11.96500367737067,11303,5,text_en_1919
6220,44.295164403310984,22.112117813001717,4053,1,inner_ring
6221,46.20878054322368,21.16909382776721,5808,2,octagram
6222,64.14087044813493,37.1502567447979,8456,4,stroke_kai
6223,65.05319795082195,13.814048095461315,11125,5,text_en_1919
6224,50.92258280315875,7.169929340699737,1896,0,outer_ring
6225,72.00042861547352,26.6614161517799,4257,1,inner_ring
6226,52.23603140366066,5.197633472912615,2021,0,outer_ring
6227,43.18568865429188,24.38851266166829,5757,2,octagram
6228,54.433850189980944,5.800046214976648,2225,0,outer_ring
6229,63.42798838556008,8.185104276035684,2967,0,outer_ring
6230,53.512412810005124,7.010443924879359,2125,0,outer_ring
6231,67.77983009945753,7.242192855544617,3120,0,outer_ring
6232,55.34683328721123,3.7534566567970344,2298,0,outer_ring
6233,43.633776703862935,7.495054111232371,1543,0,outer_ring
6234,57.23093141263377,4.38362804265277,2498,0,outer_ring
6235,65.0168985902989,35.3673527031426,8525,4,stroke_kai
6236,60.56635591715215,35.38216252501171,8574,4,stroke_kai
6237,90.79877797384815,47.67415189193764,10395,5,text_en_1919
6238,78.94458809718242,26.33692633798269,10823,5,text_en_1919
6239,85.62807927589456,49.06929738826219,10329,5,text_en_1919
6240,68.81119212788178,9.09148981578652,3160,0,outer_ring
6241,86.33030098908922,49.24207868992505,10312,5,text_en_1919
6242,50.79151450791491,6.505015131649227,1885,0,outer_ring
6243,41.45982131243058,24.136894119990135,5753,2,octagram
6244,59.553226223793686,49.05933285526514,8040,4,stroke_kai
6245,48.414021000070555,89.96835988524549,685,0,outer_ring
6246,41.05999796470969,89.0489244386981,1112,0,outer_ring
6247,52.04240901497811,57.53593664020225,6635,3,stroke_nan
6248,36.00249775176012,86.54558367553356,1290,0,outer_ring
6249,62.79253828711301,78.23478141224618,9180,5,text_en_1919
6250,43.5444919466337,88.76776605457529,1020,0,outer_ring
6251,38.87355236562582,50.79071883796316,6953,3,stroke_nan
6252,53.69611552433314,90.56913456383192,326,0,outer_ring
6253,34.370925497788335,74.82647156617017,9386,5,text_en_1919
6254,31.047707420897588,62.5834450209779,3715,1,inner_ring
6255,21.488320786902907,50.2340294192408,10232,5,text_en_1919
6256,39.661181976977765,72.97625360969518,3624,1,inner_ring
6257,19.389374561508316,34.96419777730024,10798,5,text_en_1919
6258,17.01174679837235,47.14672882420194,10563,5,text_en_1919
6259,32.09285226628715,43.79380468132181,5419,2,octagram
6260,50.489639803152954,37.767166309815735,7469,3,stroke_nan
6261,19.932212614968677,35.545740056217625,10789,5,text_en_1919
6262,19.493409500674698,37.834616509485585,10769,5,text_en_1919
6263,49.4309622946475,42.18780720128894,7236,3,stroke_nan
6264,31.779966425175957,52.2191401650736,5303,2,octagram
6265,57.23038527526649,47.26322670869354,8085,4,stroke_kai
6266,25.179129917473112,67.17492459518915,9587,5,text_en_1919
6267,43.90170351676507,47.292797751172564,7082,3,stroke_nan
6268,50.03220611539183,54.021779618925294,6790,3,stroke_nan
6269,50.56100235287812,67.27214197677921,4862,2,octagram
6270,59.297530266319725,70.93869781685478,4752,2,octagram
6271,67.23392252716006,52.14202236101984,7909,4,stroke_kai
6272,52.42575802882975,67.72986434632205,4851,2,octagram
6273,56.91488783803781,53.37881922568231,7813,4,stroke_kai
6274,58.91052058682358,40.37598836960023,8373,4,stroke_kai
6275,41.91424227949012,87.21222265897119,1103,0,outer_ring
6276,55.57199220042256,89.68744397415469,231,0,outer_ring
6277,49.68252551948815,54.85831083751241,6755,3,stroke_nan
6278,49.319031252899606,26.226216240328217,7550,3,stroke_nan
6279,64.41430469156948,25.115562591454918,6080,2,octagram
6280,51.91941908137082,5.565781618833103,1996,0,outer_ring
6281,46.71302198112109,61.43847279518382,6593,3,stroke_nan
6282,52.67323659447438,44.25382361507253,7217,3,stroke_nan
6283,44.70323382980941,23.49770633133976,5784,2,octagram
6284,59.354342388951416,7.114543122689299,2696,0,outer_ring
6285,51.61966484604319,59.379119232306216,6615,3,stroke_nan
6286,53.00412714582219,40.624471945033186,7412,3,stroke_nan
6287,26.365975330069286,27.829076052223673,10814,5,text_en_1919
6288,34.82634735070488,33.87271331731225,5589,2,octagram
6289,49.29434080529662,12.28846957125381,11214,5,text_en_1919
6290,55.51653545979474,6.038831429076741,2324,0,outer_ring
6291,26.141548125020904,49.55990788314241,3812,1,inner_ring
6292,39.49306793946545,42.10640069045103,7346,3,stroke_nan
6293,52.05007387064607,6.275349504201703,2005,0,outer_ring
6294,56.64127734914932,34.43237134389839,8547,4,stroke_kai
6295,51.54142650675037,6.9556510520212695,1952,0,outer_ring
6296,43.316319007479805,8.214637349057421,1523,0,outer_ring
6297,52.69787710468972,6.657594673457106,2054,0,outer_ring
6298,60.8413733775444,7.258062145946942,2794,0,outer_ring
6299,63.49254149483666,15.906146974441317,10986,5,text_en_1919
6300,49.119810580607194,22.340956000725086,5855,2,octagram
6301,63.41763270867973,48.637341138374794,8034,4,stroke_kai
6302,42.239463189615854,49.91734860638799,6943,3,stroke_nan
6303,57.54841580119103,50.95248813337112,7959,4,stroke_kai
6304,47.54870228463672,6.290262676929805,1688,0,outer_ring
6305,62.797034990377135,47.44394505606665,8082,4,stroke_kai
6306,59.0831414644068,41.926763336708284,8305,4,stroke_kai
6307,55.73824935499472,38.990337706299506,8484,4,stroke_kai
6308,51.6844719224977,35.99325275365495,7497,3,stroke_nan
6309,64.48600492129403,45.567391138749905,8175,4,stroke_kai
6310,61.129159439372145,49.380516383360664,8024,4,stroke_kai
6311,55.14792073727028,81.40800111160519,8882,5,text_en_1919
6312,34.865524750287385,46.28816845645233,5384,2,octagram
6313,57.90975950861328,81.11633900837663,8872,5,text_en_1919
6314,47.65434486541244,74.93348278216627,3571,1,inner_ring
6315,42.06521420169067,88.0519065290988,1085,0,outer_ring
6316,52.54563032787308,78.08668271952769,9186,5,text_en_1919
6317,47.62330852880456,89.05120196703884,744,0,outer_ring
6318,66.40961796089293,68.85036736226834,4630,2,octagram
6319,51.50458124032145,90.49030213025033,461,0,outer_ring
6320,60.629332686112505,82.94396908760964,8819,5,text_en_1919
6321,69.21112784919143,23.37699407017391,4226,1,inner_ring
6322,40.651147122737726,72.81379927241854,3616,1,inner_ring
6323,33.25198489014152,30.59044054370121,3958,1,inner_ring
6324,25.819339601472937,66.03336472646805,9675,5,text_en_1919
6325,31.508171612667084,66.1057383768318,9618,5,text_en_1919
6326,60.43625766396012,89.95449948466873,74,0,outer_ring
6327,62.48812106998851,56.3905570063907,7736,4,stroke_kai
6328,62.987148529701145,55.86269373439878,7742,4,stroke_kai
6329,57.42169008137419,81.31434077914487,8906,5,text_en_1919
6330,54.74648531445228,78.95076516676977,9096,5,text_en_1919
6331,67.84708553528866,64.11714081598186,4581,2,octagram
6332,65.4444112940197,52.10353077866448,7896,4,stroke_kai
6333,46.278259656751416,71.07039269499793,4927,2,octagram
6334,59.17396566102489,89.92148455241205,102,0,outer_ring
6335,58.12473153379389,49.40324905747209,8021,4,stroke_kai
6336,49.49234663247422,87.3849242951727,631,0,outer_ring
6337,69.36918699550884,71.92164678441102,3418,1,inner_ring
6338,58.87283503972042,70.17295161562598,4770,2,octagram
6339,76.68492551142887,44.07999940058746,6381,2,octagram
6340,79.47528550578438,61.80421246509814,3326,1,inner_ring
6341,79.8956410901287,57.02095950980144,6567,2,octagram
6342,69.00706646557542,68.60885973137965,4614,2,octagram
6343,79.42422428539317,59.291447487306975,4441,2,octagram
6344,76.16586557522284,70.62450077850004,9464,5,text_en_1919
6345,86.03532344911842,54.24003354620834,10060,5,text_en_1919
6346,51.855978032684895,19.34171875430769,11016,5,text_en_1919
6347,48.86666646486047,5.428068608285264,1766,0,outer_ring
6348,58.59307960940321,47.43498291750537,8092,4,stroke_kai
6349,64.16628339021356,5.868240051598544,2979,0,outer_ring
6350,76.43536217263511,45.534788587550324,6392,2,octagram
6351,79.00583864130103,39.13406658455197,6337,2,octagram
6352,82.8758556536045,52.25314880120348,3257,1,inner_ring
6353,85.66875450730979,50.31879654144965,10284,5,text_en_1919
6354,66.86173371411324,8.662753078956031,3112,0,outer_ring
6355,77.92575399928641,59.78703309254765,4452,2,octagram
6356,67.6683423786197,30.212667199879732,6148,2,octagram
6357,63.690515901372386,5.95315939887683,2952,0,outer_ring
6358,49.412115272629585,52.47386151946389,6858,3,stroke_nan
6359,80.76049722081461,40.05756973451837,4368,1,inner_ring
6360,67.18869855394672,9.944825419178729,11295,5,text_en_1919
6361,69.17735068348352,9.207462844820082,3167,0,outer_ring
6362,53.16248466239449,5.395279044059232,2096,0,outer_ring
6363,47.16077712461344,4.909116310791209,1679,0,outer_ring
6364,57.58338705040854,26.594108640892667,5951,2,octagram
6365,58.52201586512061,5.704054213484753,2613,0,outer_ring
6366,50.540190244812365,5.366987976893169,1871,0,outer_ring
6367,59.928049274996496,5.95592712275953,2724,0,outer_ring
6368,58.09554174980714,5.353526449138444,2574,0,outer_ring
6369,64.26109732214972,8.630916367669446,3012,0,outer_ring
6370,54.39808053336293,7.315133931403607,2221,0,outer_ring
6371,47.82097014510595,4.798457721042158,1714,0,outer_ring
6372,66.9518683845107,15.661874735485524,11036,5,text_en_1919
6373,70.86888764971894,11.407960587097762,3195,0,outer_ring
6374,54.47392662869778,8.74681932111373,2231,0,outer_ring
6375,47.673881281269715,6.835839404602295,1692,0,outer_ring
6376,72.21490697858265,28.06440502404056,4262,1,inner_ring
6377,83.9912779163443,48.82265772019644,10327,5,text_en_1919
6378,61.68309553192201,52.63673227560019,7899,4,stroke_kai
6379,71.45739452167457,33.37268741021195,6211,2,octagram
6380,77.8912524793054,32.86657837127537,4317,1,inner_ring
6381,74.86399264076982,36.275767199646914,6246,2,octagram
6382,58.28996043772137,4.61301403983643,2583,0,outer_ring
6383,75.59537353893455,34.8757146628627,6243,2,octagram
6384,52.34114194822546,48.90543452406882,7006,3,stroke_nan
6385,58.050877016013786,38.78993947880614,8439,4,stroke_kai
6386,82.200535385142,52.274578667839975,3260,1,inner_ring
6387,59.01190980610711,90.87374430554027,112,0,outer_ring
6388,40.89313829761918,86.33081941084022,1159,0,outer_ring
6389,40.066493339454304,88.42956294719878,1164,0,outer_ring
6390,64.68580774655092,85.03225422953639,8664,5,text_en_1919
6391,53.16562730681901,90.3614403067673,357,0,outer_ring
6392,49.34909557848039,80.9927050098823,8986,5,text_en_1919
6393,43.06980276978429,71.63264957757488,4983,2,octagram
6394,52.4003509856486,89.38674661937235,404,0,outer_ring
6395,42.68310814486443,65.29045991410196,5061,2,octagram
6396,26.735429739035485,52.464914352575676,3795,1,inner_ring
6397,53.04623427824083,50.234262110445805,6944,3,stroke_nan
6398,29.386968244293264,54.45369534361191,5271,2,octagram
6399,18.320323320055305,52.74310070953546,10160,5,text_en_1919
6400,18.648124033506722,46.518110269703065,10559,5,text_en_1919
6401,11.787117454764745,46.68934730345696,1400,0,outer_ring
6402,30.0938757346062,41.609306890408405,5459,2,octagram
6403,28.471379207374323,38.15060762869393,5495,2,octagram
6404,27.301175886925652,65.54142813587099,9650,5,text_en_1919
6405,31.29302479100798,32.74982868791161,3934,1,inner_ring
6406,23.179724292196383,43.566497987223116,10545,5,text_en_1919
6407,25.515824918676724,57.202174714597206,10007,5,text_en_1919
6408,37.499100180003765,10.693831116656932,1445,0,outer_ring
6409,51.806234312873926,55.72868103028224,6739,3,stroke_nan
6410,51.39237626149691,49.088675593182614,7010,3,stroke_nan
6411,57.61732772733638,70.0317883530909,4778,2,octagram
6412,56.15409428325794,7.015055047645727,2409,0,outer_ring
6413,52.64272846642837,82.74757041377376,8726,5,text_en_1919
6414,58.55532725387238,71.49634026954482,4760,2,octagram
6415,34.32664440694847,50.91882362481807,5332,2,octagram
6416,57.626366562631596,84.25576994452598,8625,5,text_en_1919
6417,62.68070838539604,83.32977604249042,8806,5,text_en_1919
6418,61.003994969110714,70.58115813668407,4738,2,octagram
6419,47.48339710720608,88.17945875813386,764,0,outer_ring
6420,53.80658026810627,65.88064351030032,4829,2,octagram
6421,52.632867134445604,41.28679836830083,7391,3,stroke_nan
6422,64.56823113856358,17.613791662894656,10903,5,text_en_1919
6423,57.793946288278676,24.239290646572908,4147,1,inner_ring
6424,38.893945195667804,23.208754986143717,4023,1,inner_ring
6425,57.60075689065627,10.856550848107311,11325,5,text_en_1919
6426,44.66872366918888,6.784330437593695,1575,0,outer_ring
6427,47.60907268478305,37.82476550839653,7464,3,stroke_nan
6428,43.21480652549226,18.03558431291215,4057,1,inner_ring
6429,41.88776796126633,7.617869912592334,1503,0,outer_ring
6430,27.66891806640932,24.88296961840342,10849,5,text_en_1919
6431,33.575961349276405,49.63758367408119,5342,2,octagram
6432,35.76747816414778,23.557198780437933,4003,1,inner_ring
6433,36.528262734532646,23.29188599510375,4008,1,inner_ring
6434,40.958561970283334,27.078462600088635,5716,2,octagram
6435,28.531169814242013,37.27251091639673,5509,2,octagram
6436,38.789411518647675,7.433807306616909,1466,0,outer_ring
6437,36.82148585018802,10.469892949087255,1440,0,outer_ring
6438,67.55622914834964,30.736279256542065,6153,2,octagram
6439,51.14945400636295,5.589681530946958,1922,0,outer_ring
6440,50.46727038564248,2.243038242316636,1890,0,outer_ring
6441,67.04045893118118,52.182364639869554,7915,4,stroke_kai
6442,63.89255020338831,41.975455196638194,8331,4,stroke_kai
6443,44.097040503583536,6.599907489838933,1567,0,outer_ring
6444,53.03361854533249,80.92193696919752,8916,5,text_en_1919
6445,61.79975158840026,5.741095906579937,2836,0,outer_ring
6446,59.60389536243025,50.19838744625502,7995,4,stroke_kai
6447,72.74924475926389,49.18474911700128,6458,2,octagram
6448,63.47834526026483,43.26014296970083,8295,4,stroke_kai
6449,68.95520621143142,43.01973561071848,8293,4,stroke_kai
6450,56.45235990157008,54.04803352457721,7801,4,stroke_kai
6451,68.61388214982946,14.032033708677671,11103,5,text_en_1919
6452,57.17654843364813,48.92336784764408,8012,4,stroke_kai
6453,55.674422334754595,76.16374756169647,3517,1,inner_ring
6454,40.99543264026028,64.12989699092998,5077,2,octagram
6455,52.77771495489888,81.75897301515809,8834,5,text_en_1919
6456,48.751823694114414,90.65215417218235,658,0,outer_ring
6457,59.16187051623434,91.63745122664174,110,0,outer_ring
6458,67.67563093381288,81.14527722274104,9029,5,text_en_1919
6459,53.420234449943464,91.47240058301009,341,0,outer_ring
6460,28.46660582667776,60.172519289608964,3739,1,inner_ring
6461,54.98316887417307,89.09584182842318,263,0,outer_ring
6462,26.095013171341737,73.94469919343872,9442,5,text_en_1919
6463,44.26536258891611,55.75816646717319,6744,3,stroke_nan
6464,42.526476241011274,56.586111376596776,6760,3,stroke_nan
6465,19.68368729445755,51.109467951992315,10178,5,text_en_1919
6466,40.9701464589785,61.9965162064226,5093,2,octagram
6467,33.20135671840263,46.464154829325395,5388,2,octagram
6468,39.08866984822123,84.7713439522781,1235,0,outer_ring
6469,57.129262680657085,89.86989120534422,160,0,outer_ring
6470,59.434628380099,79.50091063361555,9086,5,text_en_1919
6471,66.86418549346767,73.1744128318153,3436,1,inner_ring
6472,45.562754019514955,89.67614856245591,878,0,outer_ring
6473,64.36993155228316,87.71109252406794,24,0,outer_ring
6474,75.34321502187278,44.57120587587325,6393,2,octagram
6475,61.63938882746928,55.62332877194162,7753,4,stroke_kai
6476,56.63654076794043,57.20256303400383,7675,4,stroke_kai
6477,64.6649007975996,61.03534918885133,7623,4,stroke_kai
6478,75.14342963518075,71.2594753367427,9455,5,text_en_1919
6479,59.76361835518426,52.66579710688083,7917,4,stroke_kai
6480,60.91489775329417,69.51911250933921,4739,2,octagram
6481,86.66208111099284,62.91511348921193,9754,5,text_en_1919
6482,81.87549231540731,55.28326497027432,3281,1,inner_ring
6483,60.64782643964541,37.214178373120056,8490,4,stroke_kai
6484,92.49134074575271,54.60148140807077,10031,5,text_en_1919
6485,77.15222816144936,60.323678951911646,4469,2,octagram
6486,93.45870593606249,55.9268704127723,10021,5,text_en_1919
6487,83.34567725503202,60.2478905228239,9830,5,text_en_1919
6488,73.75485876252957,30.674893008258966,4284,1,inner_ring
6489,80.64761692502739,53.93398534073505,3274,1,inner_ring
6490,78.86479679627631,56.27064287221907,6551,2,octagram
6491,73.80030031274839,49.00514372784304,6461,2,octagram
6492,56.247454061337166,37.96804502479166,8465,4,stroke_kai
6493,66.61984352863561,14.300448756985347,11138,5,text_en_1919
6494,79.1425336346174,37.59382312827448,6315,2,octagram
6495,65.56915373527724,49.35067688381321,8001,4,stroke_kai
6496,82.0937250355777,40.08605721732803,10678,5,text_en_1919
6497,57.32847747597197,48.114261328423495,8030,4,stroke_kai
6498,57.864276278258565,47.43198429107975,8070,4,stroke_kai
6499,58.05471585011181,6.955773036976727,2582,0,outer_ring
6500,56.000222130809306,16.093190841801665,11025,5,text_en_1919
6501,85.50392476478311,52.91275735302889,10116,5,text_en_1919
6502,67.74540830901849,8.119587102873894,3129,0,outer_ring
6503,61.19349647175708,10.610257988168046,11332,5,text_en_1919
6504,64.63624601585578,5.020716877424775,2996,0,outer_ring
6505,58.29919323115446,5.719574443771039,2597,0,outer_ring
6506,54.72438586903648,5.7791113429413254,2251,0,outer_ring
6507,54.467030386045224,5.821388369547531,2228,0,outer_ring
6508,46.12303354289395,22.383847668584007,5819,2,octagram
6509,71.02448486892384,10.430524113934723,3194,0,outer_ring
6510,50.87788174010112,2.849078943220859,1918,0,outer_ring
6511,49.591117520184966,6.659640876833588,1795,0,outer_ring
6512,55.26077286753371,7.220034589301075,2297,0,outer_ring
6513,42.01889999300324,29.759242662859094,5690,2,octagram
6514,51.48849791686343,21.242955876100538,5867,2,octagram
6515,61.84082990102955,16.764621257534078,10934,5,text_en_1919
6516,59.60214871177237,6.662445212738287,2708,0,outer_ring
6517,72.85127162850063,10.599584829386352,3207,0,outer_ring
6518,79.47137519213807,26.830752043482477,10812,5,text_en_1919
6519,77.04231901466568,45.95678762030851,6396,2,octagram
6520,76.26480433344268,31.941729947249684,4304,1,inner_ring
6521,79.85378932562448,38.72115005934165,6335,2,octagram
6522,83.88986847227176,42.133223281852416,10632,5,text_en_1919
6523,51.883000936384,4.564575321970011,1999,0,outer_ring
6524,67.23873261142846,29.661505895699914,6140,2,octagram
6525,64.86035159049734,39.91998935720002,8411,4,stroke_kai
6526,49.28657249208309,39.49998948015994,7386,3,stroke_nan
6527,50.702014962255355,45.63302783444868,7169,3,stroke_nan
6528,74.74711953789921,60.0504070837478,4495,2,octagram
6529,45.9210137551727,88.61592249655736,871,0,outer_ring
6530,35.57054696015476,80.7616763326688,8997,5,text_en_1919
6531,48.06709453603078,90.23604420200799,707,0,outer_ring
6532,66.84548082126999,81.9783576030996,8910,5,text_en_1919
6533,31.575605306761553,85.06819032295252,1349,0,outer_ring
6534,59.931357658787945,85.56111545813917,8627,5,text_en_1919
6535,32.054664544389844,73.79648717303077,9408,5,text_en_1919
6536,30.027818202168074,66.02668752292207,9652,5,text_en_1919
6537,56.56217608661366,89.65798075012815,185,0,outer_ring
6538,39.859511269878034,53.08551271459307,6847,3,stroke_nan
6539,39.96446308843521,52.47516944752055,6894,3,stroke_nan
6540,42.48600649842016,70.25978658944092,5000,2,octagram
6541,34.65336424656463,48.200726670969885,5359,2,octagram
6542,27.736460010338156,59.735064021256605,3742,1,inner_ring
6543,34.202273995658516,66.30502614078762,3682,1,inner_ring
6544,41.525056818043346,44.61397933574139,7225,3,stroke_nan
6545,30.593572048735002,40.39733137270317,5460,2,octagram
6546,25.81199738950298,17.732298189253147,1413,0,outer_ring
6547,16.814626573354353,47.278316963855396,10453,5,text_en_1919
6548,31.513153264984226,33.516393429881354,3930,1,inner_ring
6549,30.230963301349266,58.748120442001955,5212,2,octagram
6550,31.554642947285522,55.19930604251893,5279,2,octagram
6551,30.188641630102502,52.19287042386916,5294,2,octagram
6552,53.08572980069589,75.10300313144612,3532,1,inner_ring
6553,53.000473495798445,74.58612665684794,3536,1,inner_ring
6554,67.8458359555132,82.35417640541813,8878,5,text_en_1919
6555,55.55576682449363,43.796897210147904,8289,4,stroke_kai
6556,56.980961672669345,55.70749995057718,7728,4,stroke_kai
6557,56.03940455748915,41.41416016826198,8361,4,stroke_kai
6558,67.96846346827097,78.08280246488245,9268,5,text_en_1919
6559,68.67724955872276,76.97913618041295,9318,5,text_en_1919
6560,45.70758905085346,88.35110898943486,887,0,outer_ring
6561,43.41531989621844,87.55560306195218,1041,0,outer_ring
6562,50.49141898282244,7.411785687124657,1853,0,outer_ring
6563,47.00930911605498,13.687756833355008,11106,5,text_en_1919
6564,53.96594178179469,53.072742508181385,4828,2,octagram
6565,43.93565636261048,66.28523996711644,6578,3,stroke_nan
6566,55.774759443851586,6.510342230394005,2359,0,outer_ring
6567,42.1207228840282,29.652845226355,5696,2,octagram
6568,70.57519666411747,17.675782468419342,4219,1,inner_ring
6569,45.20467047537474,44.481506428394844,7228,3,stroke_nan
6570,38.350522090823105,9.689140155388401,1451,0,outer_ring
6571,30.35464133416056,36.68941456711411,5531,2,octagram
6572,63.24883371754332,19.938657832586195,4188,1,inner_ring
6573,44.58079069625098,44.190124938920086,7273,3,stroke_nan
6574,40.45288515909765,30.65770725301419,5679,2,octagram
6575,34.69082305736267,42.896411379324896,5416,2,octagram
6576,35.20094492400286,48.49128750936775,5357,2,octagram
6577,51.296531048895666,7.251213798035708,1924,0,outer_ring
6578,42.02010053747884,22.847221242965613,4044,1,inner_ring
6579,51.19098664650746,5.1085602178495355,1930,0,outer_ring
6580,59.914151796975304,26.752674557340004,5977,2,octagram
6581,51.714267777994856,6.865094379593913,1972,0,outer_ring
6582,56.13718339659296,5.284147510582299,2394,0,outer_ring
6583,49.69511457871329,6.951570929913628,1801,0,outer_ring
6584,50.03048433666384,5.604876828852708,1832,0,outer_ring
6585,69.62617205216102,23.598810233677217,4231,1,inner_ring
6586,48.35094895202106,21.33200683721314,5843,2,octagram
6587,85.61313781365929,57.058179075129104,9969,5,text_en_1919
6588,56.575925349034975,54.598628015652956,7792,4,stroke_kai
6589,65.39486298859693,18.708839470212823,10890,5,text_en_1919
6590,83.5087400592414,53.095920331692476,3266,1,inner_ring
6591,55.966738237106185,55.09126847166354,7724,4,stroke_kai
6592,50.94182262810649,75.91983372169781,3549,1,inner_ring
6593,84.3125725704453,43.87011175656817,10638,5,text_en_1919
6594,48.10671230693985,49.67236570632696,6980,3,stroke_nan
6595,59.62319338877056,61.09143169559269,7586,4,stroke_kai
6596,46.90196587543391,73.84123965909423,3579,1,inner_ring
6597,41.47818327143846,89.88588132981444,1087,0,outer_ring
6598,54.784673338449274,87.75077683085769,269,0,outer_ring
6599,37.57706947768021,86.2036368582812,1261,0,outer_ring
6600,49.00886558881173,88.88617064252529,656,0,outer_ring
6601,30.902534489334855,74.81003325257952,9387,5,text_en_1919
6602,63.98491509215687,83.67691830199065,8752,5,text_en_1919
6603,35.03840030130488,72.09245757087496,9405,5,text_en_1919
6604,43.91228119625718,88.68245070120508,999,0,outer_ring
6605,42.45243572790497,59.53900830669257,6663,3,stroke_nan
6606,59.23321912492629,80.76307393229563,8952,5,text_en_1919
6607,36.0445631562625,60.72554863145094,5142,2,octagram
6608,28.27090017325345,37.329069583825365,5507,2,octagram
6609,34.431191509571555,48.297946000792415,5356,2,octagram
6610,38.74232842445964,88.33721385475471,1209,0,outer_ring
6611,73.40761949143497,69.69257065376445,3392,1,inner_ring
6612,40.805798757557305,87.25114473000103,1152,0,outer_ring
6613,54.65428187666351,89.20734704307918,275,0,outer_ring
6614,67.8649645369813,84.02338233280899,8754,5,text_en_1919
6615,82.52007730462503,70.08522698426322,9450,5,text_en_1919
6616,75.73709062496381,34.39877612268383,6245,2,octagram
6617,75.06577267919951,66.65961190119252,3366,1,inner_ring
6618,33.195056389162644,64.22064972183566,3695,1,inner_ring
6619,66.61040424724459,44.36294510920227,8228,4,stroke_kai
6620,76.91281793877305,44.40170113659839,6378,2,octagram
6621,69.20401619970835,62.853151103123686,4559,2,octagram
6622,57.453339790085224,46.352743787682726,8125,4,stroke_kai
6623,67.56656869376356,68.93392466674753,4628,2,octagram
6624,64.17807310242752,58.14905584380663,7683,4,stroke_kai
6625,74.58090528998174,49.17271012259903,6467,2,octagram
6626,83.62806140727044,47.62047290686757,10419,5,text_en_1919
6627,81.18705380373518,53.04745978504193,3270,1,inner_ring
6628,72.9641724106448,73.82241845196707,9391,5,text_en_1919
6629,90.77080361284483,60.895684251101635,9816,5,text_en_1919
6630,57.060444475210936,67.95834698558369,4792,2,octagram
6631,67.23786768394984,44.14725664301483,8255,4,stroke_kai
6632,65.63749404714218,54.94018951714759,7816,4,stroke_kai
6633,67.91136831135671,23.734907023341027,6095,2,octagram
6634,76.38867755691021,37.62632127459419,6268,2,octagram
6635,51.70690980074827,55.864636564885586,6730,3,stroke_nan
6636,88.11977890278736,52.536387614543955,10125,5,text_en_1919
6637,87.58080731571413,47.72101986873793,10408,5,text_en_1919
6638,79.64123881905074,37.89718833767103,6317,2,octagram
6639,79.371624213894,58.40424789645779,4434,2,octagram
6640,68.36225904975649,28.27728270532559,6134,2,octagram
6641,64.57908558726879,34.59300336001791,8535,4,stroke_kai
6642,66.22035025565812,26.08731615277975,6106,2,octagram
6643,44.479500139123736,60.03632555850069,6604,3,stroke_nan
6644,46.93260281685708,38.13026068333356,7463,3,stroke_nan
6645,57.571888688082815,7.594240859521164,2548,0,outer_ring
6646,68.11789675574272,8.583478487828083,3141,0,outer_ring
6647,55.4849556148001,6.219380133821173,2322,0,outer_ring
6648,38.26402933850841,9.731833345505011,1450,0,outer_ring
6649,66.70838450382153,22.399498582391374,4207,1,inner_ring
6650,65.86677467948783,6.7489319750680625,3054,0,outer_ring
6651,58.35657138018154,13.079753895766272,11278,5,text_en_1919
6652,62.38753908671293,6.631934406041086,2885,0,outer_ring
6653,61.27611809157139,8.230978527052834,2828,0,outer_ring
6654,45.53187529090823,7.598980307365059,1596,0,outer_ring
6655,44.05325579554126,13.869747803523133,11115,5,text_en_1919
6656,43.0299214986282,7.0909726506255275,1525,0,outer_ring
6657,45.4933364579326,38.16709002861331,7478,3,stroke_nan
6658,56.212651812327856,5.432646740751351,2404,0,outer_ring
6659,76.1715333675173,54.67453509579491,6523,2,octagram
6660,77.27887449858703,50.29634020090361,6482,2,octagram
6661,62.08342984789159,39.94176268527323,8385,4,stroke_kai
6662,80.28430619129169,47.36716414321307,3227,1,inner_ring
6663,68.29096780022961,31.37731809977822,6156,2,octagram
6664,88.36045120003268,53.70554611333864,10085,5,text_en_1919
6665,67.48470968364482,7.792145048599692,3118,0,outer_ring
6666,52.234024578843105,20.873524830093487,4107,1,inner_ring
6667,63.0122810349843,8.505858881211857,2940,0,outer_ring
6668,37.69363283899576,10.702741173297273,1447,0,outer_ring
6669,55.03473295409487,4.364220448826979,2273,0,outer_ring
6670,61.04006279636547,71.94271424575987,4729,2,octagram
6671,41.8857474318106,65.79104679327955,5056,2,octagram
6672,49.319453406660635,83.34235013526786,8734,5,text_en_1919
6673,60.51772618718141,90.40671579194237,72,0,outer_ring
6674,41.85932802745601,87.63471632834856,1096,0,outer_ring
6675,36.98967305934914,86.20959141385869,1276,0,outer_ring
6676,50.86915613417413,89.76476491163601,513,0,outer_ring
6677,44.486733198435644,88.35416269772615,969,0,outer_ring
6678,54.24959721557335,90.075611970961,295,0,outer_ring
6679,42.46596711379104,54.22627765741795,6793,3,stroke_nan
6680,48.89375405677014,89.92264847853846,651,0,outer_ring
6681,29.520782997586462,57.25444437239369,5244,2,octagram
6682,19.782159459536256,58.81613574182365,9921,5,text_en_1919
6683,53.297132850740496,56.89510415594737,6680,3,stroke_nan
6684,33.602317447660226,54.1596322843689,5296,2,octagram
6685,20.59233106696785,57.38951178557783,9976,5,text_en_1919
6686,33.2454581596938,66.67631674236935,3685,1,inner_ring
6687,34.88730047118536,67.76395330211007,3674,1,inner_ring
6688,24.580835601412126,46.075991379260934,3831,1,inner_ring
6689,30.075557194618444,35.11417072456346,3916,1,inner_ring
6690,41.44671786477279,72.60286790532535,3609,1,inner_ring
6691,18.22182810701608,57.27820033297446,9961,5,text_en_1919
6692,34.12618939057383,46.73203461206231,5380,2,octagram
6693,45.177284771499004,47.867542478929096,7041,3,stroke_nan
6694,54.39152522813917,83.24885689379754,8709,5,text_en_1919
6695,45.45557551834806,53.85623607355719,6784,3,stroke_nan
6696,53.35079825280914,46.24020193973983,7178,3,stroke_nan
6697,62.151586028850296,89.304320129956,45,0,outer_ring
6698,51.20873637587532,61.467323855704414,6607,3,stroke_nan
6699,23.640900463867446,43.765899534998184,10540,5,text_en_1919
6700,48.685832570550424,83.94392154208722,8700,5,text_en_1919
6701,60.18552688718826,90.59586199917486,78,0,outer_ring
6702,31.43233498265253,82.93074749874499,1357,0,outer_ring
6703,34.11245646087308,26.897119256982577,3980,1,inner_ring
6704,58.201099541441664,20.344098950921357,4146,1,inner_ring
6705,40.514125087245645,7.578372899319384,1484,0,outer_ring
6706,63.58901536932735,87.1571945797195,33,0,outer_ring
6707,45.07600064670105,40.465996261033254,7388,3,stroke_nan
6708,47.22513954372569,34.08752968427258,7571,3,stroke_nan
6709,68.52593255372982,28.40800450786503,6131,2,octagram
6710,43.844145779163334,21.051265756045442,4052,1,inner_ring
6711,41.251725541579866,34.613406594840285,5635,2,octagram
6712,45.799521270637655,48.82253887757408,7029,3,stroke_nan
6713,31.55017069520081,44.59472624946755,5418,2,octagram
6714,53.5144300284577,6.377747560464559,2128,0,outer_ring
6715,40.383425299637,43.550109380429916,7325,3,stroke_nan
6716,30.059687659705663,63.61992622143115,3713,1,inner_ring
6717,39.69679283536772,36.38512760912471,5633,2,octagram
6718,52.53870950281629,28.286630426193945,5884,2,octagram
6719,50.935593173823314,38.072148859519565,7442,3,stroke_nan
6720,44.12281994728898,37.830658602243396,7490,3,stroke_nan
6721,53.342555940090605,5.096800303917632,2113,0,outer_ring
6722,47.86997492221789,13.006540877288467,11184,5,text_en_1919
6723,41.18854206106365,29.790529665406662,5685,2,octagram
6724,46.70307730522378,6.451297373211761,1652,0,outer_ring
6725,58.741044299056306,26.81749531940862,5969,2,octagram
6726,53.45016028999387,68.08648378135413,4845,2,octagram
6727,53.07943376134428,4.501910663066899,2092,0,outer_ring
6728,62.0436160198853,25.088990065875194,6003,2,octagram
6729,66.64371383748994,75.89406926602189,9317,5,text_en_1919
6730,60.52654072263468,7.605162045887929,2782,0,outer_ring
6731,50.400819063215614,91.66464017318265,535,0,outer_ring
6732,75.8059612965017,45.66426659614949,6403,2,octagram
6733,79.98333866096995,58.24107905023713,4424,2,octagram
6734,88.71356759317416,47.508327854190824,10371,5,text_en_1919
6735,61.657681639546546,53.7345076329378,7862,4,stroke_kai
6736,53.801408405215014,79.95574341132706,9012,5,text_en_1919
6737,58.8829978236484,72.04349663169812,4750,2,octagram
6738,35.90302743142098,60.83355147806777,5145,2,octagram
6739,44.143403159553216,89.9113389532734,964,0,outer_ring
6740,31.084388002604186,67.1276591705753,9606,5,text_en_1919
6741,53.58361795072805,90.93892343471782,332,0,outer_ring
6742,63.94400770421465,55.139045672030484,7807,4,stroke_kai
6743,49.29039690161267,56.94054409243969,6706,3,stroke_nan
6744,44.70062460039306,88.29916091718769,953,0,outer_ring
6745,62.106845188854095,59.12609187555983,7673,4,stroke_kai
6746,51.13620121261689,55.43140038673697,6809,3,stroke_nan
6747,46.33117531107507,73.27964599206132,4934,2,octagram
6748,45.91862128524317,88.74259567303959,870,0,outer_ring
6749,32.18097663850079,52.50120932702726,5304,2,octagram
6750,23.6559700766859,58.237698500326964,9932,5,text_en_1919
6751,35.07881111574927,61.376223531355166,5155,2,octagram
6752,55.961492262403404,88.47785563198126,204,0,outer_ring
6753,57.56400913215412,74.14308963074927,3501,1,inner_ring
6754,59.267670395626986,84.83045547608536,8671,5,text_en_1919
6755,49.50798471629715,89.28531752058682,607,0,outer_ring
6756,49.5783357289096,85.36206638679394,8603,5,text_en_1919
6757,46.97547518659237,77.50992886410653,9261,5,text_en_1919
6758,74.4492496286738,70.14745508588655,9452,5,text_en_1919
6759,58.20098264178683,42.173986763545976,8284,4,stroke_kai
6760,79.21180431801022,74.53206339194303,9365,5,text_en_1919
6761,63.88822926808401,50.12431408061022,8008,4,stroke_kai
6762,62.37367096092603,74.7645234316039,3466,1,inner_ring
6763,53.03099819584234,85.42807288042276,8585,5,text_en_1919
6764,49.24216578704589,72.06149749000916,4898,2,octagram
6765,64.0375933073822,57.030303098583126,7731,4,stroke_kai
6766,64.87281847943069,73.80755088830549,4690,2,octagram
6767,74.48936891558739,49.47290203884284,6468,2,octagram
6768,80.85619129723548,59.087070417504215,3302,1,inner_ring
6769,63.27918613112875,47.71922704792088,8068,4,stroke_kai
6770,92.38086290225704,52.95712843301131,10068,5,text_en_1919
6771,80.32161840398602,63.25094971219429,9706,5,text_en_1919
6772,45.77577633674876,22.931572730926074,5815,2,octagram
6773,54.68495083634393,5.658910095321152,2247,0,outer_ring
6774,66.5229459318838,36.51526908152265,8473,4,stroke_kai
6775,50.121598749850534,25.871477549714452,7556,3,stroke_nan
6776,70.86831520933855,60.22415209277588,4543,2,octagram
6777,60.18526528950908,36.89565297205933,8489,4,stroke_kai
6778,58.269250473299024,54.470333138725245,7852,4,stroke_kai
6779,67.66915608789768,32.50413009322057,8553,4,stroke_kai
6780,87.63955790790135,55.547731518938484,10036,5,text_en_1919
6781,88.1291073919533,48.488069214109835,10352,5,text_en_1919
6782,67.2703989871112,51.98797118630076,7908,4,stroke_kai
6783,69.93805934322921,33.99165592179576,6189,2,octagram
6784,62.32443090343223,13.675928450741885,11144,5,text_en_1919
6785,59.824826649710964,21.01243187593971,4160,1,inner_ring
6786,54.5790556286023,5.1198409496505715,2239,0,outer_ring
6787,50.25474576631683,6.956886438661923,1842,0,outer_ring
6788,40.09193176010448,9.916846488660056,1471,0,outer_ring
6789,57.44063210323582,25.931462622520154,5952,2,octagram
6790,65.05351468449413,3.172975517708005,2994,0,outer_ring
6791,48.12457001153723,12.08567457878833,11212,5,text_en_1919
6792,61.38848384935867,5.634642852095152,2814,0,outer_ring
6793,63.54906498068126,23.39327222297552,6034,2,octagram
6794,51.98451114018054,40.294511942646274,7419,3,stroke_nan
6795,56.90227420065486,6.077663515713274,2474,0,outer_ring
6796,63.26813071045185,5.202795819381735,2923,0,outer_ring
6797,45.06832705233838,43.220478369757885,7285,3,stroke_nan
6798,56.14331030344491,6.443489886219391,2400,0,outer_ring
6799,57.7110722088371,5.739880356850309,2546,0,outer_ring
6800,74.97236073378656,11.636279729270054,3218,0,outer_ring
6801,57.90728313958486,6.776219286279203,2569,0,outer_ring
6802,47.24177295077783,24.113011890009417,5848,2,octagram
6803,67.6338476092649,6.20802639465495,3111,0,outer_ring
6804,46.78202251407826,5.902479123191084,1661,0,outer_ring
6805,83.18108516631487,73.20013397662018,9422,5,text_en_1919
6806,89.94004528442363,48.601286181028236,10320,5,text_en_1919
6807,55.49799031027996,4.983669218047921,2318,0,outer_ring
6808,63.740863676352866,8.09583999425002,2982,0,outer_ring
6809,57.39692258937132,13.54140629133978,11232,5,text_en_1919
6810,39.54429909600236,52.44685921899485,6919,3,stroke_nan
6811,38.39973957380391,9.293403138652458,1455,0,outer_ring
6812,70.14321665566887,54.614944662772274,7821,4,stroke_kai
6813,49.33928801954588,88.61100562992513,632,0,outer_ring
6814,52.44029400869577,91.50707859433727,399,0,outer_ring
6815,40.87606155097047,87.10730754367427,1151,0,outer_ring
6816,59.44635268409868,89.8789387554337,96,0,outer_ring
6817,50.49434559373875,83.4159528691702,8735,5,text_en_1919
6818,30.93029475647542,71.33715097471807,9445,5,text_en_1919
6819,24.640780488662408,70.02463806276387,9499,5,text_en_1919
6820,37.92970840740569,86.4596397882031,1248,0,outer_ring
6821,19.94566076323494,52.08407094299898,10165,5,text_en_1919
6822,23.34176980617252,55.21113905331573,10015,5,text_en_1919
6823,20.396099886507397,73.75836706310992,1386,0,outer_ring
6824,32.04195616806374,76.16067914182163,9343,5,text_en_1919
6825,11.271080195901957,53.14904530568729,1396,0,outer_ring
6826,21.50025815089757,39.033749724459874,10744,5,text_en_1919
6827,24.364434575448904,38.598248569104285,10720,5,text_en_1919
6828,25.13447464530245,53.66447008275719,10140,5,text_en_1919
6829,22.550521222940894,50.4577767222487,10213,5,text_en_1919
6830,30.08973685021872,39.73993659783272,5477,2,octagram
6831,29.39402484898858,60.52336981498033,3733,1,inner_ring
6832,13.158264689923282,48.61299633104285,10255,5,text_en_1919
6833,51.32104884699861,48.483420611443705,7039,3,stroke_nan
6834,31.726157696011914,41.80261979821845,5438,2,octagram
6835,47.11894503064209,45.92314531735012,7180,3,stroke_nan
6836,51.317067259112065,55.83315630177464,6749,3,stroke_nan
6837,40.17270718923362,63.70255166143455,5082,2,octagram
6838,38.820220700493294,52.53565454226331,6918,3,stroke_nan
6839,66.39014421754878,72.683571698402,3438,1,inner_ring
6840,50.603217037009976,50.980792954040595,6893,3,stroke_nan
6841,90.6037450209558,42.31741907769501,10595,5,text_en_1919
6842,42.244275428259904,88.39225629960872,1073,0,outer_ring
6843,58.60915577498822,61.237402069762446,7581,4,stroke_kai
6844,66.71705900294064,80.15107238531452,9125,5,text_en_1919
6845,43.12277843507528,83.40872149806651,8777,5,text_en_1919
6846,62.64633297024651,5.749468863876094,2895,0,outer_ring
6847,45.13703272851235,52.556655625421406,6853,3,stroke_nan
6848,52.40886736754498,4.474451767570519,2040,0,outer_ring
6849,65.31426612327185,6.574382396714108,3036,0,outer_ring
6850,47.82556029458766,6.185257806802548,1707,0,outer_ring
6851,45.57477735169506,23.024680366007736,5814,2,octagram
6852,65.48275605292667,17.90205169822165,10899,5,text_en_1919
6853,55.79314211159294,66.20251089012416,4817,2,octagram
6854,39.46220746043394,34.87688728206896,5632,2,octagram
6855,59.35659894535385,22.28380758183542,4157,1,inner_ring
6856,47.58802145473179,25.90110782418418,7560,3,stroke_nan
6857,31.579190527933918,53.25146440510475,5291,2,octagram
6858,50.96374662515607,73.87077141430802,3550,1,inner_ring
6859,23.07544473105966,43.05104633152402,10548,5,text_en_1919
6860,45.19267093888604,33.94659078235019,7575,3,stroke_nan
6861,51.65669779327742,51.20267164231332,6940,3,stroke_nan
6862,53.22813230469833,48.97549927168023,6982,3,stroke_nan
6863,57.11888116144759,7.762514331746157,2512,0,outer_ring
6864,50.983559035078315,36.74733772675051,7482,3,stroke_nan
6865,43.10544162114338,27.239046836363457,5725,2,octagram
6866,66.66284288121848,35.87949946901552,8475,4,stroke_kai
6867,52.529525822619476,40.61348700871446,7406,3,stroke_nan
6868,55.1142709714136,6.481325995533626,2278,0,outer_ring
6869,58.563730152648695,85.35893079581396,104,0,outer_ring
6870,91.1837391712535,37.821508847038515,10748,5,text_en_1919
6871,61.806246507319266,21.255157458734026,4179,1,inner_ring
6872,76.09454509436455,65.41202580389823,3355,1,inner_ring
6873,34.75064977877605,49.132556814067414,5349,2,octagram
6874,50.919822763088895,50.739663063085,6930,3,stroke_nan
6875,50.721848180618395,60.063601252980995,6620,3,stroke_nan
6876,61.11519921079422,54.62272495611463,7818,4,stroke_kai
6877,52.959257991130876,58.883223131517376,6617,3,stroke_nan
6878,77.39193798691934,44.958099383162015,6386,2,octagram
6879,60.41197305377595,48.88703001674007,8014,4,stroke_kai
6880,41.94824147018122,88.66475041309488,1083,0,outer_ring
6881,51.11217971284227,59.62491921494725,6618,3,stroke_nan
6882,41.45304705989546,64.7526219756471,5069,2,octagram
6883,40.84638524828628,87.80587008125161,1140,0,outer_ring
6884,71.72190875647328,79.55211002240709,9089,5,text_en_1919
6885,54.19402296323178,90.31716219493705,297,0,outer_ring
6886,52.49264372199027,89.86907480459094,401,0,outer_ring
6887,48.35340231571811,90.46904207471505,684,0,outer_ring
6888,49.34732872821363,89.62087859701177,617,0,outer_ring
6889,59.468124330445455,88.13503207753169,91,0,outer_ring
6890,78.25568335433955,77.69558561132314,9304,5,text_en_1919
6891,25.8942879476646,48.78004125321761,3818,1,inner_ring
6892,40.29793453602224,48.07210463394557,7056,3,stroke_nan
6893,19.849696273899713,50.984327534799164,10174,5,text_en_1919
6894,51.64960208360717,76.30713988046924,3544,1,inner_ring
6895,42.49174622387363,88.17484012603565,1065,0,outer_ring
6896,67.52800702257112,79.19886629723672,9170,5,text_en_1919
6897,61.22077958313711,82.02119679975993,8852,5,text_en_1919
6898,70.50452664383334,70.73465950567162,3408,1,inner_ring
6899,49.85514752261298,81.47621683753454,8959,5,text_en_1919
6900,44.87200449625507,86.47072432646598,978,0,outer_ring
6901,45.74358275327401,78.81671143836523,9128,5,text_en_1919
6902,60.65208179801098,89.05948529793952,65,0,outer_ring
6903,55.81189325945748,88.93289754714353,217,0,outer_ring
6904,65.81281376631289,44.97257034291928,8206,4,stroke_kai
6905,57.486227690411894,57.2611993832053,7681,4,stroke_kai
6906,61.86692961424463,78.42472072288928,9179,5,text_en_1919
6907,76.2726738853604,51.390302440580854,6489,2,octagram
6908,87.6437163733526,57.454450003775484,9925,5,text_en_1919
6909,91.53677671650766,47.886579652096735,10397,5,text_en_1919
6910,86.75488636882714,60.10525394878419,9832,5,text_en_1919
6911,72.98668791070311,67.06938269362894,3381,1,inner_ring
6912,78.59867306971566,60.04307685531474,4450,2,octagram
6913,77.02837915535659,51.62871624536056,6499,2,octagram
6914,88.79900453118717,60.83716685348502,9801,5,text_en_1919
6915,62.91843501141711,22.56583478022011,6035,2,octagram
6916,79.63696227079843,62.57875471480095,9707,5,text_en_1919
6917,78.67823544019419,63.78678340539569,3340,1,inner_ring
6918,78.28234316882977,38.52023859718382,6330,2,octagram
6919,92.14420621903587,50.83027179685398,10176,5,text_en_1919
6920,90.58904877347273,45.68526262435212,10522,5,text_en_1919
6921,84.28984386861661,52.78912509560099,3263,1,inner_ring
6922,89.25738189311808,57.41444948826105,9940,5,text_en_1919
6923,64.65989816090838,40.23807766686521,8399,4,stroke_kai
6924,64.69622598906706,41.134866925094606,8338,4,stroke_kai
6925,59.50627954877482,16.44117765785889,11019,5,text_en_1919
6926,59.151088922361815,25.145714557664324,5975,2,octagram
6927,69.95905265074663,10.983003312972283,3184,0,outer_ring
6928,59.55621084533817,7.510004335938962,2713,0,outer_ring
6929,47.287974493686356,5.32386645646071,1681,0,outer_ring
6930,65.70256002611866,8.56779333880478,3063,0,outer_ring
6931,63.76968990913534,17.71522680856471,10911,5,text_en_1919
6932,48.546674177809294,6.627581608239764,1742,0,outer_ring
6933,48.054172489887634,5.46754538528387,1724,0,outer_ring
6934,47.30164122628157,26.02860181025308,7565,3,stroke_nan
6935,55.52872780870173,4.0625088674834196,2319,0,outer_ring
6936,62.46366697791763,6.318712538072623,2887,0,outer_ring
6937,56.5883404348893,5.036399691709703,2442,0,outer_ring
6938,44.4818887222337,40.10982630728972,7404,3,stroke_nan
6939,47.46569614944488,13.163851789000619,11183,5,text_en_1919
6940,46.53072965467583,43.15654081546253,7287,3,stroke_nan
6941,53.447222696993585,13.406634816538975,2102,0,outer_ring
6942,62.64457125742516,5.756091865349274,2894,0,outer_ring
6943,78.33817918004362,35.68824968321215,6289,2,octagram
6944,64.62904012613379,8.152374724208695,3023,0,outer_ring
6945,77.36587891941322,32.819748911081334,4314,1,inner_ring
6946,78.6156993325466,55.20675268261721,6544,2,octagram
6947,78.96416337797707,38.15467169117207,6328,2,octagram
6948,80.71117882953234,69.6936043404882,9509,5,text_en_1919
6949,64.56081431727762,24.57505606227781,6075,2,octagram
6950,59.92933618215014,38.11710140480109,8464,4,stroke_kai
6951,62.964324164967906,6.631160677697546,2920,0,outer_ring
6952,70.5664932586317,9.1182825398166,3181,0,outer_ring
6953,69.84431221875609,18.585768064473033,4217,1,inner_ring
6954,73.97597187258191,61.09918051652799,4507,2,octagram
6955,50.16074243451704,90.96926399950853,550,0,outer_ring
6956,33.58770320620369,78.019872828164,9357,5,text_en_1919
6957,50.034626100297274,89.62849449712894,567,0,outer_ring
6958,39.1579182492311,85.70381357233059,1227,0,outer_ring
6959,60.33148110447503,88.71525582578029,70,0,outer_ring
6960,59.19423378819412,73.34929650306661,3492,1,inner_ring
6961,34.58841224621548,68.00215118532527,3675,1,inner_ring
6962,26.44412336825012,45.72879240489374,3836,1,inner_ring
6963,43.69409029453498,89.50711797206074,1000,0,outer_ring
6964,40.145663300162,72.7803702722485,3620,1,inner_ring
6965,31.868179731472345,64.42914154941205,3700,1,inner_ring
6966,18.11837976978269,50.42238564186971,10203,5,text_en_1919
6967,19.746035371631546,64.72563588129465,9731,5,text_en_1919
6968,31.721371844340872,79.53111870634422,9301,5,text_en_1919
6969,32.014031297182925,45.91353842203547,5397,2,octagram
6970,33.34066856368947,35.59830373952703,5568,2,octagram
6971,28.79804575992567,60.112358658532386,3738,1,inner_ring
6972,31.98148051885874,31.489337348295997,3945,1,inner_ring
6973,31.758018578279195,41.36270263007429,5450,2,octagram
6974,33.94344882274098,44.84345848013401,5398,2,octagram
6975,16.576939577802182,43.01198974568857,10598,5,text_en_1919
6976,30.178736172763664,55.910839599171176,5262,2,octagram
6977,45.42550787815889,77.8853887818139,9237,5,text_en_1919
6978,42.55563196005553,47.49245769507337,7072,3,stroke_nan
6979,47.03353860775624,7.293593364274202,1662,0,outer_ring
6980,44.62511491226792,52.28145836249145,6864,3,stroke_nan
6981,75.33873043706735,60.61829671462227,4488,2,octagram
6982,52.97718979066298,90.68472920789135,370,0,outer_ring
6983,60.35112274696944,80.70892176347864,8944,5,text_en_1919
6984,44.05747681362498,88.10348828181593,1001,0,outer_ring
6985,59.75208725806651,49.234288397663995,8032,4,stroke_kai
6986,70.59160673608051,65.88158979238702,4590,2,octagram
6987,39.854745863190374,47.192305355196424,7080,3,stroke_nan
6988,48.290990931019124,5.096419400740949,1736,0,outer_ring
6989,59.48974954628251,6.045271711312634,2697,0,outer_ring
6990,64.22725455525546,36.9216455713569,8498,4,stroke_kai
6991,62.53929926044774,44.314818897147866,8238,4,stroke_kai
6992,50.71275967131424,32.7977397829209,7534,3,stroke_nan
6993,59.715515512778865,47.508981542663896,8105,4,stroke_kai
6994,54.61657378352831,28.780300505413194,5916,2,octagram
6995,42.105269764579475,56.229600722421,6740,3,stroke_nan
6996,20.993428977593386,38.398612415649836,10736,5,text_en_1919
6997,45.6615545769175,41.56020716701362,7359,3,stroke_nan
6998,35.25375194594235,26.42820684848085,3988,1,inner_ring
6999,51.369226383662735,46.27390759192698,7150,3,stroke_nan
7000,44.02424695526048,6.877972049289297,1562,0,outer_ring
7001,46.59666779654696,6.625578304252191,1644,0,outer_ring
7002,41.43583895781823,46.11196229305829,7151,3,stroke_nan
7003,28.785235463064566,37.60904861249325,5512,2,octagram
7004,62.29164087491353,14.027687267880548,11077,5,text_en_1919
7005,47.761445472099105,6.04342902576102,1704,0,outer_ring
7006,40.127495391677435,11.77819117244283,11283,5,text_en_1919
7007,32.208697680208715,53.796112812624834,5284,2,octagram
7008,51.94540787365838,5.863722972900615,1998,0,outer_ring
7009,53.40760966466213,5.6194086843874524,2119,0,outer_ring
7010,57.55568565880056,6.030252335334488,2534,0,outer_ring
7011,64.40560856061933,13.653094675914453,11158,5,text_en_1919
7012,58.97753411320396,6.771449150846017,2665,0,outer_ring
7013,48.943735820565315,18.77991883945331,4086,1,inner_ring
7014,57.573509252095015,5.98225923038644,2536,0,outer_ring
7015,62.968571957308356,75.1720004638174,3462,1,inner_ring
7016,84.5873480291584,53.60762159238351,10107,5,text_en_1919
7017,84.29983339119782,41.49351998529862,10670,5,text_en_1919
7018,56.97518528126069,37.05552075534147,8492,4,stroke_kai
7019,44.64472970651858,78.27437355507612,9185,5,text_en_1919
7020,68.52217247471616,14.064896649544517,11126,5,text_en_1919
7021,48.72154044272625,87.68511279795676,687,0,outer_ring
7022,55.60211198651695,79.43619248653525,9013,5,text_en_1919
7023,30.018883734720717,82.41011487345774,1365,0,outer_ring
7024,53.170071402997515,82.63444239950437,8756,5,text_en_1919
7025,53.98184850312173,83.48379247570708,8702,5,text_en_1919
7026,71.23465513664217,72.59387001800961,9415,5,text_en_1919
7027,50.530703468467976,57.18638557371025,6720,3,stroke_nan
7028,53.21302583710723,90.2225963598246,354,0,outer_ring
7029,67.95139132213923,78.1223658351033,9246,5,text_en_1919
7030,45.52885979640167,47.03310089813938,7103,3,stroke_nan
7031,52.59824747464337,47.031872007299306,7124,3,stroke_nan
7032,44.16814674403244,89.45141680444024,974,0,outer_ring
7033,21.656919924727028,47.94318591797199,10418,5,text_en_1919
7034,31.556356197126497,59.610892736257995,5197,2,octagram
7035,42.03066752519811,29.1209131617163,5702,2,octagram
7036,51.78343902620309,86.19288432762282,463,0,outer_ring
7037,53.14727251604892,90.14102717719994,358,0,outer_ring
7038,55.53953583283977,89.97689294167617,236,0,outer_ring
7039,46.26603671431395,88.87027102074008,845,0,outer_ring
7040,67.55586715684711,82.30510472427318,8877,5,text_en_1919
7041,59.74521130176436,59.2477706537688,7618,4,stroke_kai
7042,58.45547636485073,69.95254980618883,4773,2,octagram
7043,70.01394230278558,71.12544891204013,3412,1,inner_ring
7044,63.219849204987156,78.29812141907205,9191,5,text_en_1919
7045,47.13940941775531,52.183979949218205,6878,3,stroke_nan
7046,65.43289775262542,44.78231437491606,8187,4,stroke_kai
7047,64.6652735404938,40.89382424252016,8378,4,stroke_kai
7048,56.94330727022918,45.32028332961873,8189,4,stroke_kai
7049,71.0517618870818,68.99427915492811,3398,1,inner_ring
7050,59.64200636209414,44.08927935957013,8246,4,stroke_kai
7051,88.844270937348,46.90039431105386,10447,5,text_en_1919
7052,85.0802486277003,52.70771994672383,10121,5,text_en_1919
7053,92.33609314288479,47.06185313975289,10474,5,text_en_1919
7054,92.3127349580214,48.82332073841612,10276,5,text_en_1919
7055,91.0702875420404,59.671172029620664,9833,5,text_en_1919
7056,52.54910465447576,3.042772955971766,2052,0,outer_ring
7057,57.30972417908868,26.85775746320663,5949,2,octagram
7058,45.3261033838222,73.90156526806234,3591,1,inner_ring
7059,81.6031616941485,75.3662448459652,9356,5,text_en_1919
7060,91.99835830097297,50.269020416352745,10187,5,text_en_1919
7061,63.159829960820886,56.07874583877043,7744,4,stroke_kai
7062,82.01608018192277,55.60990463351916,3282,1,inner_ring
7063,80.37519043179883,59.94689986521027,3311,1,inner_ring
7064,68.85829427118823,55.95412859622031,7740,4,stroke_kai
7065,43.466904265565006,41.89277092949121,7328,3,stroke_nan
7066,85.63214269210103,49.26655398995758,10293,5,text_en_1919
7067,49.41819499564937,5.679502630824724,1791,0,outer_ring
7068,54.90484796288892,5.511050595031532,2269,0,outer_ring
7069,52.59757491962832,13.636200538900438,11304,5,text_en_1919
7070,69.41038370180202,40.10350391448437,8366,4,stroke_kai
7071,51.25773607740009,16.02925530299506,11129,5,text_en_1919
7072,59.41276267570018,26.195801669120915,5971,2,octagram
7073,47.027410668564855,5.902238926208625,1666,0,outer_ring
7074,62.92735194898587,6.366966625266787,2914,0,outer_ring
7075,46.423365945936354,7.244315110881808,1631,0,outer_ring
7076,65.68129558129156,7.890769335389932,3059,0,outer_ring
7077,66.63127341320765,8.067096916065537,3098,0,outer_ring
7078,56.35406804664137,20.2916565084337,10953,5,text_en_1919
7079,63.98243816285928,5.883811786380015,2971,0,outer_ring
7080,50.95677453855105,5.591416281232457,1902,0,outer_ring
7081,66.86224150265586,8.29472000489126,3108,0,outer_ring
7082,57.35357073188617,13.307367011296725,11272,5,text_en_1919
7083,47.66803795390848,5.912343975941619,1701,0,outer_ring
7084,58.007025666885426,7.7184596534644285,2584,0,outer_ring
7085,64.43514889535956,7.887355190814577,3010,0,outer_ring
7086,66.23735831528883,16.119009731946765,10905,5,text_en_1919
7087,65.024690683423,6.759819998515562,3027,0,outer_ring
7088,90.3702045998127,54.19434358878681,10056,5,text_en_1919
7089,86.41800274810377,48.68493194760569,10367,5,text_en_1919
7090,81.67386797536675,52.573960961874,3265,1,inner_ring
7091,52.942846104728105,6.562241358334063,2076,0,outer_ring
7092,69.32373659541263,13.115215274615537,11167,5,text_en_1919
7093,59.01416147519549,5.807963263700021,2662,0,outer_ring
7094,46.5240735350777,19.020590348109206,4070,1,inner_ring
7095,51.11511902911046,20.141502827885063,4098,1,inner_ring
7096,78.27396287362703,52.79809436029568,6516,2,octagram
7097,51.77163933129484,89.48623839709857,446,0,outer_ring
7098,37.75777408839253,86.76647321102722,1250,0,outer_ring
7099,41.16826048152006,65.38740820558223,5065,2,octagram
7100,22.71726762143764,56.91424692432615,10000,5,text_en_1919
7101,39.31951768906856,72.63274147002936,3627,1,inner_ring
7102,41.980768277488615,70.79933561411748,4997,2,octagram
7103,17.75350358990738,67.03265735942114,1389,0,outer_ring
7104,49.294699873559935,71.05085190431734,4894,2,octagram
7105,60.090827378528346,75.72492726135116,3485,1,inner_ring
7106,32.54837205905855,53.704141936514745,5297,2,octagram
7107,23.016566918746577,57.917061060519124,9924,5,text_en_1919
7108,23.89571209770026,43.21567017062706,10562,5,text_en_1919
7109,22.769276757646434,51.517517942296884,10191,5,text_en_1919
7110,25.39754159136308,65.11353154730534,9696,5,text_en_1919
7111,28.93776963324089,58.00872861407759,5238,2,octagram
7112,24.931664823385308,71.54761858667592,9473,5,text_en_1919
7113,31.245760814719937,40.55203255750043,5458,2,octagram
7114,38.55565905400173,41.98499121581298,7362,3,stroke_nan
7115,16.297566214054893,57.940148207833765,1393,0,outer_ring
7116,21.964888863244717,50.26307254532887,10257,5,text_en_1919
7117,57.702944161747084,27.191894073197346,5948,2,octagram
7118,30.25660704401666,53.690474115858976,5281,2,octagram
7119,64.0929488416339,72.12700129423061,4701,2,octagram
7120,50.814531559428914,52.105299645147625,6818,3,stroke_nan
7121,44.116074413653784,51.85047365236708,6886,3,stroke_nan
7122,44.09903509547993,88.88271626528966,986,0,outer_ring
7123,87.08190684755576,48.254286705964454,10331,5,text_en_1919
7124,37.82565410931458,85.51466920424052,1265,0,outer_ring
7125,44.744243060015094,89.54933197962357,932,0,outer_ring
7126,60.74120602634911,84.50885236290185,8688,5,text_en_1919
7127,49.605481694065276,89.24939466936087,600,0,outer_ring
7128,54.7063162244862,76.94665518073856,9218,5,text_en_1919
7129,54.62620269848307,66.8895862521338,4816,2,octagram
7130,59.48205398989569,62.12310723462684,7583,4,stroke_kai
7131,62.65068097548397,21.344151977182644,4187,1,inner_ring
7132,41.186994089434634,48.383164924620075,7024,3,stroke_nan
7133,63.85475651336821,26.123754054100022,6084,2,octagram
7134,75.22519859927871,12.590239212533803,3220,0,outer_ring
7135,27.84073251688218,26.137037057262717,10840,5,text_en_1919
7136,45.75621884645902,14.403045116015603,11040,5,text_en_1919
7137,52.19547274402496,47.27658731110945,7107,3,stroke_nan
7138,32.568600209878404,36.75427711890669,5551,2,octagram
7139,20.082827758564093,53.7992298903942,10153,5,text_en_1919
7140,46.196359038311755,24.448109434215027,5836,2,octagram
7141,27.65017403454603,37.342572724490886,5501,2,octagram
7142,49.18015369913048,7.5958790034578625,1770,0,outer_ring
7143,41.42801111788364,26.688602648826983,5726,2,octagram
7144,37.11738286281743,35.06053922544681,5609,2,octagram
7145,29.968673250034765,38.48116216483617,5518,2,octagram
7146,54.171514485281484,29.729411098393243,5900,2,octagram
7147,43.35211559748902,40.30333090095921,7417,3,stroke_nan
7148,53.140757266928,4.450527502520631,2097,0,outer_ring
7149,65.19893890459387,22.32153047701561,6047,2,octagram
7150,58.522335628728506,7.181683957910375,2629,0,outer_ring
7151,51.941716214697195,48.94855266038075,7020,3,stroke_nan
7152,55.594386335140335,6.17817990660585,2332,0,outer_ring
7153,69.87041096250755,33.8255768490938,6191,2,octagram
7154,45.96847354887251,23.76402909984932,5827,2,octagram
7155,75.7378672040891,44.586669653480016,6388,2,octagram
7156,51.913537543181825,68.3128846312308,4856,2,octagram
7157,57.994390688431366,44.453805631984096,8198,4,stroke_kai
7158,55.85141278704827,89.64982427127032,216,0,outer_ring
7159,57.658746391567504,53.94811188608756,7874,4,stroke_kai
7160,62.37156363785984,73.07282528056174,4712,2,octagram
7161,39.93734201320441,49.43275799043305,7000,3,stroke_nan
7162,60.557236268125365,39.22625668432488,8417,4,stroke_kai
7163,74.55795045536125,45.432251618276474,6411,2,octagram
7164,41.55144438987759,87.39565611579118,1113,0,outer_ring
7165,38.81945729789066,88.33847333439705,1205,0,outer_ring
7166,46.60528002964744,58.56204532326331,6631,3,stroke_nan
7167,51.42571912908345,91.02282754279379,466,0,outer_ring
7168,56.11835527867562,82.12510161987073,8781,5,text_en_1919
7169,49.98889535661625,90.02915407339427,568,0,outer_ring
7170,60.386088393370244,88.91870729268584,69,0,outer_ring
7171,52.88937556449966,90.37273588506652,375,0,outer_ring
7172,47.70818478136649,89.96710574363554,724,0,outer_ring
7173,51.270164188636166,90.38316686835759,482,0,outer_ring
7174,56.048415564567996,77.88220865813001,9145,5,text_en_1919
7175,24.054100622108155,37.085046715887316,10746,5,text_en_1919
7176,45.3224583749312,52.57108729985424,6851,3,stroke_nan
7177,22.99852483501576,69.32326886596857,9494,5,text_en_1919
7178,53.61724800926748,90.82050990016737,329,0,outer_ring
7179,37.1535601842719,77.61791915206612,9212,5,text_en_1919
7180,46.6926038891612,89.0398282029227,808,0,outer_ring
7181,62.36368697234754,53.97082678704115,7844,4,stroke_kai
7182,67.24169034064312,79.85296972442409,9115,5,text_en_1919
7183,65.87599870646218,77.95198862719187,9266,5,text_en_1919
7184,65.08095631450634,70.82396639608564,4660,2,octagram
7185,41.73225425115279,71.45431655640718,4994,2,octagram
7186,49.67404579820456,46.40843202626489,7140,3,stroke_nan
7187,62.5842994765522,54.067246308498724,7846,4,stroke_kai
7188,72.95865033306922,61.040124539425406,4520,2,octagram
7189,80.44464571130942,56.63027215161128,6563,2,octagram
7190,58.43488164030465,43.2954209454939,8248,4,stroke_kai
7191,93.43035546702214,49.29774339484589,10248,5,text_en_1919
7192,79.55427227711282,73.89250124152652,9399,5,text_en_1919
7193,75.75188350130848,59.974403423517764,4482,2,octagram
7194,63.38734897371766,51.641797256518714,7921,4,stroke_kai
7195,79.86157614010168,59.4348212083991,4437,2,octagram
7196,82.37995637340612,59.07453999475665,4420,2,octagram
7197,93.47553324549806,49.81574873031133,10194,5,text_en_1919
7198,60.258953294520346,69.34482360460426,4749,2,octagram
7199,68.00306359087314,55.31523755699338,7776,4,stroke_kai
7200,58.712164096615986,16.459311946097014,11008,5,text_en_1919
7201,44.62491983709266,46.20193524080347,7119,3,stroke_nan
7202,65.60651340132164,45.69514489013369,8140,4,stroke_kai
7203,68.6645958626446,43.36619165860656,8272,4,stroke_kai
7204,58.05629100445272,50.53723848090092,7961,4,stroke_kai
7205,84.97527278988225,47.54480431838748,10421,5,text_en_1919
7206,62.69699905231607,22.831744076765265,6024,2,octagram
7207,93.4125106397222,48.53779173612222,10322,5,text_en_1919
7208,67.65534326127334,43.36405157924998,8277,4,stroke_kai
7209,61.86876139874257,7.260157457538178,2856,0,outer_ring
7210,41.18564444220186,27.182647249313664,5712,2,octagram
7211,89.24010114747396,47.44735913722272,10392,5,text_en_1919
7212,64.78553689804642,7.542872697830754,3025,0,outer_ring
7213,62.375298911274996,7.8172297708431175,2902,0,outer_ring
7214,56.263132457036846,4.572807103080824,2407,0,outer_ring
7215,51.763125388811076,5.748972863702249,1978,0,outer_ring
7216,63.52938142559864,7.016021698908151,2958,0,outer_ring
7217,54.34112551661967,3.906029534123426,2212,0,outer_ring
7218,77.79158654683617,31.028748375014647,4305,1,inner_ring
7219,68.45795655171112,40.65791884263555,8343,4,stroke_kai
7220,42.90369830433861,9.582463976564224,1512,0,outer_ring
7221,50.25120084146515,33.29488249140756,7528,3,stroke_nan
7222,64.9310179644617,7.729923388248293,3032,0,outer_ring
7223,54.451475649805865,6.041569529483834,2226,0,outer_ring
7224,54.78996863588861,4.687929818330757,2257,0,outer_ring
7225,57.755848665157124,5.135164900436686,2545,0,outer_ring
7226,75.38892241723639,36.08452440177673,6249,2,octagram
7227,65.75702465353514,6.81675867559166,3051,0,outer_ring
7228,54.38462004642509,5.617628939417243,2218,0,outer_ring
7229,64.29425864264009,18.249470642882606,10902,5,text_en_1919
7230,57.154029227259315,49.28981980184905,7980,4,stroke_kai
7231,89.0005522173366,40.449346538503264,10677,5,text_en_1919
7232,77.66121740000546,33.03185157397572,4319,1,inner_ring
7233,81.42624710701304,25.959746522595427,10810,5,text_en_1919
7234,69.45028031636194,41.69763252830472,8335,4,stroke_kai
7235,43.52891767505325,6.598837215035414,1547,0,outer_ring
7236,48.391269904157554,25.962464550608757,7548,3,stroke_nan
7237,54.632402853803995,5.181668288659224,2243,0,outer_ring
7238,90.13435739155997,54.82203620886526,10029,5,text_en_1919
7239,39.983195966630525,88.07788570187361,1171,0,outer_ring
7240,40.87939563674004,86.85399722674781,1156,0,outer_ring
7241,49.79105589974548,70.8408284719389,4883,2,octagram
7242,59.509618120143024,91.37513617815966,99,0,outer_ring
7243,48.84041017225247,90.18996356434789,654,0,outer_ring
7244,46.41626828144505,83.3770598443629,8666,5,text_en_1919
7245,44.599715362757635,89.32182631758542,945,0,outer_ring
7246,36.641718103652615,76.68098807520008,9312,5,text_en_1919
7247,42.918152053974204,74.36496437228713,3600,1,inner_ring
7248,36.393110147237145,82.9848616790379,8937,5,text_en_1919
7249,33.81571162088702,59.0296401870537,5189,2,octagram
7250,43.48792234253629,73.2025485169837,4965,2,octagram
7251,24.743074895561104,70.12592714639466,9495,5,text_en_1919
7252,33.139594714251274,29.72613952042779,3962,1,inner_ring
7253,26.003980746959094,48.853998515497615,3816,1,inner_ring
7254,25.775193984241874,44.077988478507145,3849,1,inner_ring
7255,17.131376345254704,41.6763544742967,10640,5,text_en_1919
7256,34.421696952942845,49.60007762323697,5340,2,octagram
7257,36.903885413077965,22.76670582703434,4013,1,inner_ring
7258,26.641063383880667,48.00132351925385,3822,1,inner_ring
7259,43.12578135370023,44.030623812094774,7246,3,stroke_nan
7260,46.82490844208718,57.456632557518134,6655,3,stroke_nan
7261,45.759674244175294,61.3407884417185,6585,3,stroke_nan
7262,50.021830924685986,90.50659875517638,562,0,outer_ring
7263,38.89131542299825,67.80508384560763,5044,2,octagram
7264,42.56937647796237,71.80661942536763,4984,2,octagram
7265,43.58310567484551,87.29070110539423,1033,0,outer_ring
7266,79.35487893740253,75.4182771523591,9339,5,text_en_1919
7267,51.77761540145473,88.82642221146702,451,0,outer_ring
7268,60.086906564951136,82.44609325815385,8851,5,text_en_1919
7269,66.15065938601221,69.69048665635479,4637,2,octagram
7270,64.60487350633791,73.85635710305942,4695,2,octagram
7271,45.419469590723985,79.21384749712861,9091,5,text_en_1919
7272,61.582338174509026,88.13525737204854,52,0,outer_ring
7273,38.90888855086503,43.58217255635239,7308,3,stroke_nan
7274,47.86682796760584,47.87661052298586,7046,3,stroke_nan
7275,44.03959346341278,72.30101837126779,4977,2,octagram
7276,56.19845448080579,6.014248267960392,2408,0,outer_ring
7277,39.123421196044966,64.94754259571911,5072,2,octagram
7278,49.72251201763034,4.534578771055268,1812,0,outer_ring
7279,44.46101238306953,53.46104671139281,6815,3,stroke_nan
7280,52.16248797722922,45.71058525099082,7174,3,stroke_nan
7281,21.046733414732298,37.59524128625064,10770,5,text_en_1919
7282,46.10287153192115,32.44111342090355,7576,3,stroke_nan
7283,17.586676487430907,35.2472163706389,10797,5,text_en_1919
7284,49.72760556690504,56.140798394385754,6736,3,stroke_nan
7285,54.61528113321211,28.720674995107878,5899,2,octagram
7286,33.39711781048688,54.535380096652176,5285,2,octagram
7287,46.04070142946728,41.82185882277157,7364,3,stroke_nan
7288,39.56823562934846,32.193794592077694,5657,2,octagram
7289,51.97707005850436,20.36020696481786,4106,1,inner_ring
7290,53.40118453588845,6.7183284626354896,2114,0,outer_ring
7291,48.89879197526804,5.471295815440772,1768,0,outer_ring
7292,49.62620894793336,20.03050299776617,4089,1,inner_ring
7293,57.48142736295478,12.668694701478659,11294,5,text_en_1919
7294,52.610231593102704,48.65112135534179,7048,3,stroke_nan
7295,62.43435541304479,24.85012247670038,6013,2,octagram
7296,78.657274013893,36.92296686041115,6299,2,octagram
7297,66.21860973075334,41.925307850181525,8325,4,stroke_kai
7298,54.29931729602577,7.105516930206899,2209,0,outer_ring
7299,54.59960778608567,84.89781759552125,8611,5,text_en_1919
7300,59.32075309924715,79.01116289604965,9156,5,text_en_1919
7301,88.25945417494975,59.03057423224744,9873,5,text_en_1919
7302,69.18797568238361,76.33153957673825,9303,5,text_en_1919
7303,90.9163945897925,54.918326731555915,10034,5,text_en_1919
7304,62.81311268683859,47.353653572358915,8112,4,stroke_kai
7305,57.333379019537226,88.37107016146525,148,0,outer_ring
7306,55.500019191356394,76.52893110216188,3519,1,inner_ring
7307,49.30080488980862,79.0710138193891,9204,5,text_en_1919
7308,39.679583315960855,53.037748526765526,6833,3,stroke_nan
7309,44.55544819087164,88.38323851132556,961,0,outer_ring
7310,42.559215669329106,85.15838757779355,8691,5,text_en_1919
7311,52.134772672254776,89.31930959315793,424,0,outer_ring
7312,59.96988280292328,85.22759881174854,8662,5,text_en_1919
7313,49.43630098035193,73.98066100267398,3562,1,inner_ring
7314,37.72897418219693,86.58584720528196,1253,0,outer_ring
7315,26.8857008029393,62.72771921507909,9739,5,text_en_1919
7316,51.03864563445057,89.94842684696535,500,0,outer_ring
7317,26.544104665652398,61.73347390724908,9834,5,text_en_1919
7318,32.36604151237659,49.28496393841147,5337,2,octagram
7319,40.384528255653535,39.5850045538886,5629,2,octagram
7320,68.05859035192107,73.24208957657538,3431,1,inner_ring
7321,51.63011012626021,91.2395070090126,450,0,outer_ring
7322,54.067760378284916,81.32835698882916,8870,5,text_en_1919
7323,61.57601164600898,87.10388882873102,8600,5,text_en_1919
7324,59.76180300402319,90.46783744587476,93,0,outer_ring
7325,65.82938543427453,76.01406588342533,9309,5,text_en_1919
7326,54.450614867813734,88.6294482541465,284,0,outer_ring
7327,62.003640197627405,58.92380689237015,7686,4,stroke_kai
7328,59.04248312645446,61.762505339744166,7580,4,stroke_kai
7329,59.429589051472,69.87947699643779,4761,2,octagram
7330,66.01698077856173,70.94726127159835,4658,2,octagram
7331,49.31402492936135,71.32191410150308,4893,2,octagram
7332,50.2599389128776,90.5387603875219,548,0,outer_ring
7333,55.80209777877942,40.69330200553148,8382,4,stroke_kai
7334,58.59401273748875,83.91396869997443,8749,5,text_en_1919
7335,88.18690380544663,61.482739467591266,9773,5,text_en_1919
7336,92.3181562506019,45.99468170637306,10515,5,text_en_1919
7337,61.3515052439483,53.84236193076359,7836,4,stroke_kai
7338,90.25177882007384,36.560340517155524,10790,5,text_en_1919
7339,78.62311876312245,62.18612772224924,3331,1,inner_ring
7340,79.09769086072916,36.481926250588444,6297,2,octagram
7341,63.40158801563217,42.30476686343875,8317,4,stroke_kai
7342,78.97528224780773,67.5828562719385,9532,5,text_en_1919
7343,82.5883717978312,61.541597527650104,9797,5,text_en_1919
7344,56.57808119303025,43.98225311591091,8239,4,stroke_kai
7345,76.5525653899765,35.94572808458794,6265,2,octagram
7346,76.37780885964668,63.113185341959486,3346,1,inner_ring
7347,68.85199796345307,43.239828494345986,8271,4,stroke_kai
7348,55.393646458635715,19.20805261301588,4129,1,inner_ring
7349,80.40891036923244,35.74648765690985,4335,1,inner_ring
7350,45.68932136749964,58.79034050677062,6624,3,stroke_nan
7351,64.64915273779283,7.211095659993121,3014,0,outer_ring
7352,51.476434832084344,14.175842601235399,11308,5,text_en_1919
7353,55.8128362381539,4.814644750780061,2353,0,outer_ring
7354,59.06000096949477,7.289165957689816,2681,0,outer_ring
7355,57.677956951976526,10.969919204789825,11323,5,text_en_1919
7356,81.15680211066312,24.942826097083525,10844,5,text_en_1919
7357,59.65617945983402,6.739457738176129,2712,0,outer_ring
7358,57.900512437359644,16.783842485182117,10982,5,text_en_1919
7359,45.92905626283567,15.108155723239795,10973,5,text_en_1919
7360,51.96575092629778,4.439740039896922,2006,0,outer_ring
7361,48.006226561118424,18.531936401937948,4079,1,inner_ring
7362,54.37193782384917,38.521821611323176,5906,2,octagram
7363,63.984638679072084,7.870869846462773,2997,0,outer_ring
7364,60.30566670078007,22.082361245950434,4172,1,inner_ring
7365,62.411593262153936,6.093962462844591,2878,0,outer_ring
7366,49.65650366073954,7.9744060262317085,11351,5,text_en_1919
7367,48.56604458693015,5.906708076957487,1747,0,outer_ring
7368,62.958379617958286,6.837387610228855,2925,0,outer_ring
7369,67.5188993289105,26.33893144412344,6111,2,octagram
7370,60.95227117658122,43.313392157702786,8252,4,stroke_kai
7371,68.30583900770031,42.37943865516004,8320,4,stroke_kai
7372,88.08002737345389,48.652626528459024,10334,5,text_en_1919
7373,75.31409030072706,47.31595761678787,6425,2,octagram
7374,64.83560785005756,38.39414569538622,8432,4,stroke_kai
7375,52.47084207026183,5.344451269599786,2042,0,outer_ring
7376,62.957353175449555,39.97447788985362,8422,4,stroke_kai
7377,59.748816788866165,5.275837573065127,2705,0,outer_ring
7378,39.123033237523615,7.560174232945858,1467,0,outer_ring
7379,51.68136647639649,5.2428651038448795,1976,0,outer_ring
7380,73.27785408486467,67.26455795215055,3379,1,inner_ring
7381,48.98078740770922,88.22626323655993,665,0,outer_ring
7382,44.28181530409067,86.90065780136963,1007,0,outer_ring
7383,41.092832387929654,86.80141151779577,1146,0,outer_ring
7384,44.62683466700478,88.82762381103414,950,0,outer_ring
7385,40.37185853784583,86.906335514441,1173,0,outer_ring
7386,61.17596869143095,89.76688003621595,57,0,outer_ring
7387,59.76609085224508,82.45828001436159,8839,5,text_en_1919
7388,27.719609855885796,56.41147414734316,3762,1,inner_ring
7389,41.01532494438251,60.75520300779621,5102,2,octagram
7390,22.230444202656304,66.83994994395927,9620,5,text_en_1919
7391,44.77664482161186,89.335345509121,934,0,outer_ring
7392,30.317338627754093,62.84367430277568,3717,1,inner_ring
7393,19.994435972526635,43.949425734002446,10551,5,text_en_1919
7394,24.61035049821223,60.12318953066968,9860,5,text_en_1919
7395,35.434989960895855,29.38331731017676,3978,1,inner_ring
7396,30.00787051786738,41.394544764833455,5456,2,octagram
7397,28.34613914759784,38.087942061487354,5496,2,octagram
7398,33.25988773377953,9.911106692805191,1427,0,outer_ring
7399,20.263913992331766,67.21511326606823,9647,5,text_en_1919
7400,51.33287883529211,84.5915311000085,8657,5,text_en_1919
7401,32.76580935332031,59.72818200869071,5177,2,octagram
7402,50.78363864622593,44.47916738568957,7194,3,stroke_nan
7403,52.23988447288484,56.17000050175383,6679,3,stroke_nan
7404,44.93347100719138,52.69016796262842,6852,3,stroke_nan
7405,52.36647423071158,54.93695038309169,6810,3,stroke_nan
7406,53.90341702831449,89.87724131190993,311,0,outer_ring
7407,54.863237737759356,66.09377878273291,4821,2,octagram
7408,46.241828524864545,89.2494013286021,841,0,outer_ring
7409,49.65632741415352,74.86409449921906,3558,1,inner_ring
7410,42.80979971905054,91.47816161461009,1021,0,outer_ring
7411,68.75482018076346,77.4797861865484,9314,5,text_en_1919
7412,60.81460296951224,80.66000682882215,8979,5,text_en_1919
7413,61.54922467426467,23.123469551434617,6011,2,octagram
7414,55.76456073772569,6.242193680477091,2355,0,outer_ring
7415,44.07416997364223,42.48836801511911,7327,3,stroke_nan
7416,50.32688160088319,6.472617979687845,1849,0,outer_ring
7417,69.99832071724794,17.63778639492491,10972,5,text_en_1919
7418,34.77682810361342,25.932319104274026,3986,1,inner_ring
7419,39.4902175471454,33.504649503955534,5643,2,octagram
7420,40.545327942649955,32.89712176773047,5652,2,octagram
7421,37.50049388052919,34.82693538204599,5618,2,octagram
7422,42.18750571061291,51.37596062797462,6917,3,stroke_nan
7423,39.51009368073335,50.44224622671135,6954,3,stroke_nan
7424,45.339500379626,38.98092502357632,7446,3,stroke_nan
7425,36.15882224814399,48.602597733926416,5361,2,octagram
7426,43.966085435497014,52.91752899054142,6824,3,stroke_nan
7427,34.25941283962211,43.03394417167428,5423,2,octagram
7428,39.667118545260266,46.96501697245994,7089,3,stroke_nan
7429,46.34098773708553,13.820676530806521,11082,5,text_en_1919
7430,46.52876624217804,60.06302313645286,6594,3,stroke_nan
7431,52.759093354126136,6.2492164845523925,2059,0,outer_ring
7432,41.8427021762464,27.57693221870922,5713,2,octagram
7433,49.05781627924074,34.24103410770111,7568,3,stroke_nan
7434,52.74586572596075,44.45545429107714,7216,3,stroke_nan
7435,59.22696196696,6.302039050766415,2683,0,outer_ring
7436,65.53849347696789,29.604749266045907,6139,2,octagram
7437,58.76082329506818,6.6808824479468765,2647,0,outer_ring
7438,74.19716173719931,26.563682152359792,4264,1,inner_ring
7439,83.9376051800154,24.816186383964304,10828,5,text_en_1919
7440,75.91271911488418,34.52388839138098,6253,2,octagram
7441,39.93533401221823,49.62424890764782,7002,3,stroke_nan
7442,92.99910219851608,50.653823011382514,10188,5,text_en_1919
7443,84.59714157945785,49.23101052711702,10310,5,text_en_1919
7444,51.336525748978,57.86581460646763,6708,3,stroke_nan
7445,38.93610196142695,75.70992491244678,9349,5,text_en_1919
7446,66.86307122593355,71.46091569801031,4652,2,octagram
7447,80.014902043952,58.83426415016975,4430,2,octagram
7448,35.10995598314436,52.28041554470447,5321,2,octagram
7449,45.066326173388724,87.10888686961589,949,0,outer_ring
7450,43.07585141278696,82.80435862913056,8798,5,text_en_1919
7451,47.09881906517026,86.13801416798158,819,0,outer_ring
7452,50.079739575693594,81.44302960726958,8904,5,text_en_1919
7453,53.30239028368252,90.93276336714315,347,0,outer_ring
7454,36.52017781942285,72.04680533048517,9410,5,text_en_1919
7455,53.35207173260943,82.16929824246185,8824,5,text_en_1919
7456,40.75436593983964,73.52499753763352,3611,1,inner_ring
7457,28.875060619374004,56.71598231838798,5251,2,octagram
7458,45.940922308991645,58.38636543144385,6623,3,stroke_nan
7459,29.44130207542093,58.09889443068306,5224,2,octagram
7460,13.182851666226043,56.426629959020104,1394,0,outer_ring
7461,21.427704738812203,46.953296057342456,10513,5,text_en_1919
7462,56.794438108054024,88.52178879510858,170,0,outer_ring
7463,49.22275318212213,90.74800357560473,616,0,outer_ring
7464,62.88800502778992,81.33121032043631,8955,5,text_en_1919
7465,65.51133688605566,77.87898888990182,9274,5,text_en_1919
7466,77.48669983284928,78.1708963881662,9278,5,text_en_1919
7467,69.36253318304453,73.46438715003498,3424,1,inner_ring
7468,56.28323981852151,67.74905699395,4799,2,octagram
7469,63.95507888189432,74.18835071593764,3455,1,inner_ring
7470,57.663770115552786,85.66048043323929,132,0,outer_ring
7471,45.96297571437447,43.759762727870246,7303,3,stroke_nan
7472,83.78266504090499,61.678682797969664,9798,5,text_en_1919
7473,74.64599984650908,61.41916906264495,4498,2,octagram
7474,65.43968199674485,57.82624557504872,7713,4,stroke_kai
7475,43.63787695133691,90.07481801986573,995,0,outer_ring
7476,84.53484143007992,66.66187807404772,9645,5,text_en_1919
7477,63.338468857297165,35.744696195371915,8510,4,stroke_kai
7478,93.02779407924467,61.93036565417021,9803,5,text_en_1919
7479,86.99377606477303,46.81553413754858,10444,5,text_en_1919
7480,89.32359305947107,61.02583650736773,9785,5,text_en_1919
7481,88.58554488882595,40.933059324499375,10660,5,text_en_1919
7482,61.198963791348326,6.071800403570946,2805,0,outer_ring
7483,65.33342907281205,7.123594859089091,3039,0,outer_ring
7484,50.29627988008145,50.662204078233806,6931,3,stroke_nan
7485,63.8066460731059,45.08727713786796,8232,4,stroke_kai
7486,57.533620146940564,69.66075916490452,4782,2,octagram
7487,87.74079344774806,48.68441512296973,10333,5,text_en_1919
7488,92.51486353143345,41.339649833414306,10613,5,text_en_1919
7489,67.03765137619325,16.362754657283197,10901,5,text_en_1919
7490,79.24905693995207,52.87715977796971,6522,2,octagram
7491,66.41758668472245,38.93228158597166,8419,4,stroke_kai
7492,58.915753548607064,10.44332576630203,11331,5,text_en_1919
7493,64.23303440843998,23.836890907794523,6060,2,octagram
7494,60.32020331186018,44.90762006012507,8203,4,stroke_kai
7495,58.50269103735625,3.699796023650927,2598,0,outer_ring
7496,79.67382231453101,36.93074333762272,6307,2,octagram
7497,48.23998317651769,12.185696088558707,11224,5,text_en_1919
7498,67.39607580691597,34.338887475918334,8534,4,stroke_kai
7499,51.680726516008264,6.018399146423876,1974,0,outer_ring
7500,59.30211973801353,25.741688371111213,5976,2,octagram
7501,55.90802429207674,15.427419713466781,11041,5,text_en_1919
7502,70.22954155824372,14.683551241762588,11080,5,text_en_1919
7503,59.67870160938524,7.134759672441661,2721,0,outer_ring
7504,45.868465178344145,6.9365518537198065,1615,0,outer_ring
7505,54.16537355079014,7.406389835386473,2199,0,outer_ring
7506,49.55445671844266,6.726233742711332,1792,0,outer_ring
7507,53.200046150745486,4.781951876521511,2100,0,outer_ring
7508,47.51874977834055,7.1661670032240075,1677,0,outer_ring
7509,54.593102610745945,6.375348579484102,2240,0,outer_ring
7510,68.81521580602218,8.812073139204369,3158,0,outer_ring
7511,57.0265460211759,4.979171061563683,2482,0,outer_ring
7512,68.72714723327525,31.784829582475407,6162,2,octagram
7513,66.51533376045714,45.39333816098294,8181,4,stroke_kai
7514,82.39813839770659,54.41109654198198,3275,1,inner_ring
7515,87.3151058314258,46.13871496097173,10462,5,text_en_1919
7516,61.637698546878255,58.45734876186688,7688,4,stroke_kai
7517,58.82219627784658,8.42283640651537,2675,0,outer_ring
7518,56.58365728412436,6.435880820558375,2450,0,outer_ring
7519,52.97218615531174,20.442212318566995,4110,1,inner_ring
7520,38.624626605810406,32.573242385090445,5650,2,octagram
7521,49.74346336505498,15.887213741533186,10977,5,text_en_1919
7522,57.12488970608327,50.5244131527047,7964,4,stroke_kai
7523,55.681927762933704,89.23812449006279,225,0,outer_ring
7524,37.88274079481746,80.9827912552353,8956,5,text_en_1919
7525,36.12329128314215,84.90359287817269,1306,0,outer_ring
7526,48.945271638379026,87.85371527594332,671,0,outer_ring
7527,46.469537364854475,70.86571226840864,4919,2,octagram
7528,25.177953194746152,67.07803840894398,9611,5,text_en_1919
7529,48.58267286085611,90.30934916123522,674,0,outer_ring
7530,32.22319774153794,73.15081071806476,9423,5,text_en_1919
7531,30.0326201375291,66.86603905467307,9634,5,text_en_1919
7532,31.800374862997966,68.94329774180747,9508,5,text_en_1919
7533,38.86622212686946,45.987956613422874,7170,3,stroke_nan
7534,25.572042788154675,45.992517635649655,3833,1,inner_ring
7535,17.278174060820703,55.41386716648774,9989,5,text_en_1919
7536,41.473848392792334,66.06896241825605,5052,2,octagram
7537,27.844392999070646,57.711436485398714,3752,1,inner_ring
7538,14.940059572962182,53.197208008310916,10202,5,text_en_1919
7539,17.86263517067867,38.97909806905902,10724,5,text_en_1919
7540,19.088105157416233,47.28930843976022,10480,5,text_en_1919
7541,40.69023694758356,50.42917507920734,6970,3,stroke_nan
7542,32.98494955796656,68.51074641052115,9511,5,text_en_1919
7543,22.824715766785484,43.9430812857217,10541,5,text_en_1919
7544,39.26876488999949,46.78911680026334,7132,3,stroke_nan
7545,87.43485842491032,48.279199799421846,10332,5,text_en_1919
7546,46.5280504341539,56.49539587367683,6704,3,stroke_nan
7547,33.304232356911534,48.75536878675103,5338,2,octagram
7548,65.04406906300042,78.94585779849226,9181,5,text_en_1919
7549,47.639592900848925,89.45349509515411,737,0,outer_ring
7550,56.29307321726543,82.25251842896922,8737,5,text_en_1919
7551,79.71247992813649,36.29225080507306,4339,1,inner_ring
7552,37.1437998777442,86.37022961746028,1271,0,outer_ring
7553,71.98861096532205,60.997128441386174,4534,2,octagram
7554,60.54233467780824,55.688505276759386,7786,4,stroke_kai
7555,48.98076076841818,15.542637115886322,10962,5,text_en_1919
7556,65.37629436180167,21.18889887445683,4197,1,inner_ring
7557,50.0948266119791,25.14218853155329,5877,2,octagram
7558,51.26473862799029,49.02406960197263,7015,3,stroke_nan
7559,50.52811704134449,10.647524345439438,1829,0,outer_ring
7560,52.49173886468027,28.343118007022014,5879,2,octagram
7561,53.44887889734922,45.341668745506986,7298,3,stroke_nan
7562,42.747918860373815,25.475410956206968,5741,2,octagram
7563,36.60832562157032,9.66000741207593,1442,0,outer_ring
7564,42.86291786527531,25.57532545036514,5740,2,octagram
7565,34.219261777574744,29.231364720476368,3971,1,inner_ring
7566,33.22218038729608,43.43654319899547,5420,2,octagram
7567,49.586177708667215,41.772955410884634,7334,3,stroke_nan
7568,26.298692974130077,68.466319823518,9566,5,text_en_1919
7569,21.92794724286687,41.09573893930942,10619,5,text_en_1919
7570,31.719411845990518,44.69494163056404,5413,2,octagram
7571,33.562048965769584,10.463390216870692,1428,0,outer_ring
7572,48.51247239408693,12.548605247964513,11203,5,text_en_1919
7573,42.68483323136462,5.4884123992039715,1528,0,outer_ring
7574,49.99083198386913,6.28158292017944,1819,0,outer_ring
7575,46.07480418789819,11.870066780448697,11222,5,text_en_1919
7576,59.680660390589324,7.092738731814161,2720,0,outer_ring
7577,66.0384293492426,27.932682466291595,6124,2,octagram
7578,63.33492325488633,25.665535316363933,6077,2,octagram
7579,53.92772803584336,7.277298244457666,2173,0,outer_ring
7580,63.14357983480299,47.181346889805724,8095,4,stroke_kai
7581,60.49728160442365,52.776862180021844,7932,4,stroke_kai
7582,76.12093736991268,36.610503647997945,6262,2,octagram
7583,56.34183782792425,33.84967640516206,8564,4,stroke_kai
7584,82.77094753115645,55.108838200234175,3278,1,inner_ring
7585,63.0396919909947,21.685582405484706,4190,1,inner_ring
7586,46.76716912949034,90.29205921954929,786,0,outer_ring
7587,60.26610543125411,46.55587597523464,8150,4,stroke_kai
7588,60.54966116593974,75.21857595466311,3482,1,inner_ring
7589,72.54947402224495,79.49320574756996,9030,5,text_en_1919
7590,49.521150922041095,89.58490241986932,602,0,outer_ring
7591,48.907921178085864,88.85149143139215,664,0,outer_ring
7592,51.492938336652145,89.93663636123492,467,0,outer_ring
7593,58.48457831914142,84.1548776160555,8618,5,text_en_1919
7594,49.12677200741313,90.7618313697973,623,0,outer_ring
7595,56.152632871504224,76.06394014304188,3513,1,inner_ring
7596,42.311210487716416,88.32414618958342,1069,0,outer_ring
7597,40.638941868518074,62.097325305176234,5094,2,octagram
7598,67.55366815472931,81.26565346076129,9006,5,text_en_1919
7599,60.00829387194842,90.59455984801062,87,0,outer_ring
7600,47.374212458393906,60.530458113239206,6685,3,stroke_nan
7601,31.751498660106414,50.54587326332546,5316,2,octagram
7602,53.50279028616029,90.63071841865626,338,0,outer_ring
7603,34.98737446531743,60.77629449404543,5162,2,octagram
7604,32.14006123312942,83.02709643970697,1355,0,outer_ring
7605,67.53231409353725,68.44479293885577,4620,2,octagram
7606,56.685834290258036,85.76213920436177,164,0,outer_ring
7607,65.66074677972165,81.6357921130579,8921,5,text_en_1919
7608,67.12999165086292,80.20976420777792,9101,5,text_en_1919
7609,58.779454874532,54.29605414276567,7851,4,stroke_kai
7610,59.87397004839613,70.91154877443985,4746,2,octagram
7611,49.91788666844403,71.19681311533105,4891,2,octagram
7612,64.56266813808952,46.886274653474366,8129,4,stroke_kai
7613,58.96471450158229,70.40817119443639,4762,2,octagram
7614,45.922136755751865,75.0021839718484,3583,1,inner_ring
7615,73.53797984438191,69.47005673412338,3390,1,inner_ring
7616,77.82976073727338,69.70619484173443,9524,5,text_en_1919
7617,81.49385620843199,43.16096195887566,4391,1,inner_ring
7618,59.98283974791891,53.98426118917917,7856,4,stroke_kai
7619,61.13129124062482,49.981768162791376,7989,4,stroke_kai
7620,82.93342742644865,60.60874314943009,9825,5,text_en_1919
7621,69.7662240528295,63.2604798366202,4565,2,octagram
7622,77.48893286218224,58.62276491775662,4459,2,octagram
7623,59.57125835215483,55.55827432393775,7780,4,stroke_kai
7624,58.97258750315834,12.36669530734953,11291,5,text_en_1919
7625,69.52677709401539,38.4268799877205,8389,4,stroke_kai
7626,69.24213802224506,53.163668178482475,7869,4,stroke_kai
7627,83.76585968046966,58.113412472068994,9888,5,text_en_1919
7628,57.24509640337574,40.324419225149775,8403,4,stroke_kai
7629,66.90890708265222,30.16075388600625,6145,2,octagram
7630,72.65457333281661,59.73017961040814,4521,2,octagram
7631,87.8080536417846,58.909858039991924,9877,5,text_en_1919
7632,77.32267699736822,39.57975387848381,6342,2,octagram
7633,92.2908594986944,42.79100546788339,10554,5,text_en_1919
7634,55.73942913241872,3.901618093836895,2340,0,outer_ring
7635,53.67725445775205,7.873283314521119,2146,0,outer_ring
7636,78.62943671868759,27.563607999212863,10811,5,text_en_1919
7637,64.04300001299632,6.382898246840408,2978,0,outer_ring
7638,45.217248920590265,58.03491971368177,6650,3,stroke_nan
7639,55.71816575701514,26.203041962337704,5932,2,octagram
7640,49.46587360360654,10.344271987118072,11268,5,text_en_1919
7641,50.40365420354068,14.855082376981297,10993,5,text_en_1919
7642,48.79791655342727,5.308095148743151,1763,0,outer_ring
7643,45.30871786933196,19.33357090295065,4063,1,inner_ring
7644,53.402686520745405,5.814307305904203,2116,0,outer_ring
7645,66.78023343042243,28.0299094115208,6122,2,octagram
7646,63.10765395347399,22.706423869962126,6032,2,octagram
7647,65.1068150196795,6.220046582471078,3022,0,outer_ring
7648,45.26395189083902,39.981730981739034,7405,3,stroke_nan
7649,51.63164287400064,36.17427876147563,7496,3,stroke_nan
7650,47.27515548173455,6.027190989838758,1676,0,outer_ring
7651,57.80210210326028,5.047753147528028,2549,0,outer_ring
7652,66.42003664530813,23.849764219289,6070,2,octagram
7653,66.71509080088423,8.011345015875875,3101,0,outer_ring
7654,57.119695146198936,15.210518768886798,11085,5,text_en_1919
7655,58.95663739035833,4.261249865208499,2640,0,outer_ring
7656,80.15854763016554,56.78705547192407,6564,2,octagram
7657,86.1983804902559,53.84035885935079,10100,5,text_en_1919
7658,92.61861948615571,50.16952456617912,10201,5,text_en_1919
7659,62.70135107863333,43.36781858120216,8273,4,stroke_kai
7660,55.595193568826566,7.3125742535972895,2336,0,outer_ring
7661,77.52370929664589,43.79356795769739,6373,2,octagram
7662,58.241626142146764,11.772112873084431,11312,5,text_en_1919
7663,53.49938904949415,5.50163647025387,2129,0,outer_ring
7664,92.35002186331695,52.33697282743465,10099,5,text_en_1919
7665,49.5859426002159,88.64970227472475,606,0,outer_ring
7666,44.95795284588023,74.27489713659607,3592,1,inner_ring
7667,36.22494776447444,84.80027099073376,1305,0,outer_ring
7668,54.25121812097492,89.26731217968273,293,0,outer_ring
7669,46.45799161433799,89.37705607240241,821,0,outer_ring
7670,32.371349240208815,64.47393049939643,3698,1,inner_ring
7671,48.27238975676208,89.66927011206731,695,0,outer_ring
7672,49.63279930402419,90.11496068585238,587,0,outer_ring
7673,33.25886013325889,75.68312990013132,9370,5,text_en_1919
7674,23.759020782562544,67.82980641448958,9537,5,text_en_1919
7675,24.019471670682485,71.59187627807225,9462,5,text_en_1919
7676,24.71224152627926,66.70894467254786,9648,5,text_en_1919
7677,25.503872792501355,45.93080489098912,3834,1,inner_ring
7678,18.736802138684357,41.19014856795228,10609,5,text_en_1919
7679,21.985007544614152,53.77416563152908,10143,5,text_en_1919
7680,12.704428475597886,40.83123942905798,1403,0,outer_ring
7681,32.511289997925566,44.71884591800556,5408,2,octagram
7682,23.706641003564954,44.502005472949236,10538,5,text_en_1919
7683,36.31237105628102,61.8119073761153,5137,2,octagram
7684,30.904207812763882,62.315846727718856,3718,1,inner_ring
7685,35.53361291331415,11.216669779538933,1433,0,outer_ring
7686,46.37325495889743,39.57867859000042,7421,3,stroke_nan
7687,29.19000899893041,56.65077850463859,5250,2,octagram
7688,26.34150573436808,68.4923414407689,9550,5,text_en_1919
7689,29.490882775963154,66.81061291417691,9626,5,text_en_1919
7690,59.313555430824046,73.0759147681181,3489,1,inner_ring
7691,52.87222596504473,78.36496605972995,9143,5,text_en_1919
7692,66.52317822383604,75.60826463301107,9327,5,text_en_1919
7693,87.98298334899147,60.38675609979639,9808,5,text_en_1919
7694,26.523801872233598,67.94452283300836,9589,5,text_en_1919
7695,42.73373495818622,87.42669451416747,1064,0,outer_ring
7696,56.998285931590516,57.66863566976501,7670,4,stroke_kai
7697,43.76861701583844,73.01171528193017,4969,2,octagram
7698,52.40904820349684,66.86834553115186,4847,2,octagram
7699,44.86862341183999,71.51974222867659,4939,2,octagram
7700,41.5594424798701,50.96045831075484,6923,3,stroke_nan
7701,55.36025751271638,4.764558435057665,2300,0,outer_ring
7702,43.69741169795333,46.850468085556514,7145,3,stroke_nan
7703,58.79222897684578,24.068844639368226,5978,2,octagram
7704,57.0482827809098,5.981178971644082,2491,0,outer_ring
7705,31.943805550561397,30.327116581040556,3956,1,inner_ring
7706,27.599619424413333,27.831176734312436,10806,5,text_en_1919
7707,16.623891956451747,42.22310295582236,10634,5,text_en_1919
7708,28.07078110188613,58.50473358000868,5230,2,octagram
7709,31.537391190004072,44.66395042396094,5415,2,octagram
7710,30.91496306510144,57.51106026379215,5216,2,octagram
7711,21.0380335224742,47.66873187833028,10493,5,text_en_1919
7712,34.31281224419718,51.58939999466799,5322,2,octagram
7713,34.15672660425766,29.899481007496654,3966,1,inner_ring
7714,52.29402301000926,15.748835064066261,11130,5,text_en_1919
7715,48.13595682189215,9.835810659832985,11266,5,text_en_1919
7716,55.353826135195106,6.332995132505298,2305,0,outer_ring
7717,43.441942658459695,24.129403456418732,5764,2,octagram
7718,40.429834426426574,31.76480317787107,5665,2,octagram
7719,44.85469321273932,38.518176606215675,7453,3,stroke_nan
7720,42.23411232059383,8.625587041955107,1504,0,outer_ring
7721,74.97510825915477,35.50237086813557,6239,2,octagram
7722,78.10276163309423,39.520568964800795,6339,2,octagram
7723,62.38842123721147,23.49949822056687,6017,2,octagram
7724,51.28134101124562,54.901783347570365,6859,3,stroke_nan
7725,58.399290493828545,69.20695817754479,4777,2,octagram
7726,59.46255724075475,51.996725111179735,7918,4,stroke_kai
7727,79.38717603642122,41.92162995464673,4380,1,inner_ring
7728,49.612923556982686,73.52663490491226,3559,1,inner_ring
7729,57.31061134237183,80.1445972541407,9026,5,text_en_1919
7730,51.47424275950894,89.88972355535604,470,0,outer_ring
7731,53.67257591580765,51.55722561741507,6694,3,stroke_nan
7732,52.17405070515811,88.73307172569027,422,0,outer_ring
7733,40.042231060949746,87.0135864481366,1187,0,outer_ring
7734,45.4942000926357,88.05621872607297,902,0,outer_ring
7735,37.98837821761406,86.60239420460603,1242,0,outer_ring
7736,62.29260192281478,84.79985870251878,8689,5,text_en_1919
7737,61.15779783121851,89.78983373295087,58,0,outer_ring
7738,48.087696970875,90.05371830614796,708,0,outer_ring
7739,45.489112767028985,83.22682799097917,8636,5,text_en_1919
7740,55.51408001847072,89.88440497167977,239,0,outer_ring
7741,23.30957120714321,53.730262281368184,10145,5,text_en_1919
7742,51.29787515067776,58.50684504445106,6654,3,stroke_nan
7743,48.915719353304986,80.69060563721544,9023,5,text_en_1919
7744,39.99103111686358,45.40311332164259,7207,3,stroke_nan
7745,42.11906853823301,55.832800861820196,6765,3,stroke_nan
7746,51.39297022631169,88.5211035869104,483,0,outer_ring
7747,44.27095368443779,90.61830123605756,946,0,outer_ring
7748,69.41212012919279,82.49302317157678,8842,5,text_en_1919
7749,57.07691008335687,56.48783308838848,7698,4,stroke_kai
7750,66.69414282498657,68.34274498461657,4625,2,octagram
7751,71.89014701060141,70.1836867981965,3399,1,inner_ring
7752,64.44185444205384,53.01697599981701,7876,4,stroke_kai
7753,59.29126761652329,51.66342226212951,7954,4,stroke_kai
7754,73.29025589309393,80.08017205037012,9019,5,text_en_1919
7755,65.34940580180692,42.010281521930956,8336,4,stroke_kai
7756,59.97622570717721,70.45154174273415,4745,2,octagram
7757,64.4589615017319,53.209094479764985,7855,4,stroke_kai
7758,68.40264672796211,81.44988832569236,8936,5,text_en_1919
7759,61.63359261077908,59.17380006742457,7643,4,stroke_kai
7760,86.51856466061606,42.02972290756643,10676,5,text_en_1919
7761,75.41684377128374,61.89222732383068,4489,2,octagram
7762,76.93070159821869,51.39079879781752,6491,2,octagram
7763,83.53751671893143,66.11972402394228,9644,5,text_en_1919
7764,74.44880172563491,39.70871408605996,8353,4,stroke_kai
7765,76.85984441454887,40.709316417300215,6354,2,octagram
7766,60.327233674199526,45.404398859577945,8191,4,stroke_kai
7767,60.25456231394416,80.60360874579723,8992,5,text_en_1919
7768,47.2345642356741,73.48998899668037,4924,2,octagram
7769,66.10346885689728,7.513176506468716,3067,0,outer_ring
7770,70.48021214234322,33.864933013621574,6195,2,octagram
7771,66.12173446041389,34.60575063739431,8537,4,stroke_kai
7772,74.39194906447436,52.78104549722813,6492,2,octagram
7773,73.5188400836949,61.281967273181756,4511,2,octagram
7774,64.17590817685127,43.38622572636941,8270,4,stroke_kai
7775,85.67443008952472,69.9351109309711,9504,5,text_en_1919
7776,49.97016118056343,10.929773691117642,11269,5,text_en_1919
7777,55.60713401650484,6.066874055499557,2333,0,outer_ring
7778,40.010206390125695,30.98161287810617,5674,2,octagram
7779,63.77931348400467,37.4976791976263,8457,4,stroke_kai
7780,36.145217245628956,34.03186672561186,5601,2,octagram
7781,63.80775224765728,5.96626881386265,2961,0,outer_ring
7782,57.09695690637595,16.47156995313095,11006,5,text_en_1919
7783,56.3740211297475,6.6655622312065645,2431,0,outer_ring
7784,56.85223120089268,6.452065849107828,2471,0,outer_ring
7785,51.94888962009057,6.85173408679367,1992,0,outer_ring
7786,73.22026332426026,29.430120232809923,4275,1,inner_ring
7787,58.52766065593018,5.298883802005573,2611,0,outer_ring
7788,65.29365310139757,4.76029142388179,3016,0,outer_ring
7789,60.23259682104865,10.396055566680344,11337,5,text_en_1919
7790,57.97506803143581,10.407534171245223,11335,5,text_en_1919
7791,53.53245890370392,6.370892801619241,2130,0,outer_ring
7792,57.206277301613135,4.677066318955256,2497,0,outer_ring
7793,43.06499031291902,22.79281864080703,5777,2,octagram
7794,60.839894423680626,5.165859076075371,2778,0,outer_ring
7795,63.13341738146177,7.123892053878446,2933,0,outer_ring
7796,54.18314750389379,10.100527863597039,2201,0,outer_ring
7797,55.5303867638217,78.4371184006973,9121,5,text_en_1919
7798,66.15365081580049,8.174808373155715,3079,0,outer_ring
7799,64.40639482281219,45.05085833020146,8217,4,stroke_kai
7800,89.5965587643166,54.84333175459581,10046,5,text_en_1919
7801,84.9692019154185,47.878846295167364,10382,5,text_en_1919
7802,62.10536496717683,42.74263867712057,8278,4,stroke_kai
7803,63.722597649530556,6.949700012276879,2970,0,outer_ring
7804,53.89351446405173,27.623346790489244,5889,2,octagram
7805,47.71985096495301,35.55652117859013,7529,3,stroke_nan
7806,84.97006373604421,56.533149687991724,9973,5,text_en_1919
7807,39.33420916898455,86.8071650614234,1208,0,outer_ring
7808,40.69572994612339,86.19594122225674,1169,0,outer_ring
7809,46.69850762000178,87.44166047905472,834,0,outer_ring
7810,36.65575871108373,86.10623353347917,1283,0,outer_ring
7811,37.84090746821026,88.36132555648403,1231,0,outer_ring
7812,54.17808849328748,88.86123847060546,298,0,outer_ring
7813,49.82612264407171,89.33601318042491,582,0,outer_ring
7814,39.81936022193735,87.72995444646477,1184,0,outer_ring
7815,19.87178450631261,55.77836565497013,10001,5,text_en_1919
7816,33.76368124550906,74.22291972738036,9394,5,text_en_1919
7817,41.21404789216808,52.80646234576565,6906,3,stroke_nan
7818,32.799773626680775,65.43204528535176,3692,1,inner_ring
7819,54.53213462809644,90.61326231417735,281,0,outer_ring
7820,30.636341549260028,37.523763255585365,5533,2,octagram
7821,17.746109744170976,56.02481305457416,9964,5,text_en_1919
7822,27.532815101207603,26.497496686474268,10831,5,text_en_1919
7823,35.30214235701797,48.32400012225177,5360,2,octagram
7824,35.87068267799266,46.47289231855305,7164,3,stroke_nan
7825,20.28576343957667,39.955204002485324,10705,5,text_en_1919
7826,19.68542931315558,50.23854507006596,10218,5,text_en_1919
7827,15.900846199825745,29.93536938716186,1407,0,outer_ring
7828,23.79840026886539,62.225473386837045,9787,5,text_en_1919
7829,45.93461635612431,50.733650948958434,6972,3,stroke_nan
7830,48.36891442711622,47.41521479026297,7084,3,stroke_nan
7831,44.58908979142895,57.47035495443421,6682,3,stroke_nan
7832,67.2477467672487,25.218726728376048,6103,2,octagram
7833,52.00555407669169,74.25317841672509,3542,1,inner_ring
7834,77.33880876905836,38.79996458555991,6332,2,octagram
7835,65.34022648764068,20.572289389461893,6042,2,octagram
7836,57.05923673999128,51.67762755774904,7903,4,stroke_kai
7837,45.601290273811564,73.72797531119666,4947,2,octagram
7838,61.81183554731102,53.716745764109206,7861,4,stroke_kai
7839,63.899788244885805,35.555419608307226,8526,4,stroke_kai
7840,54.27502031967227,4.924142312925736,2208,0,outer_ring
7841,57.63142411985738,8.927803405034275,2563,0,outer_ring
7842,58.872018918525775,6.663914029269409,2658,0,outer_ring
7843,47.957966624623964,43.255926878175984,7256,3,stroke_nan
7844,58.546488438572325,6.759116467946159,2625,0,outer_ring
7845,48.69177401436021,42.45625004349408,7238,3,stroke_nan
7846,55.179526478466634,36.87810645083616,8508,4,stroke_kai
7847,57.39628758656405,3.314029349995381,2503,0,outer_ring
7848,41.08929367245162,27.14823976400991,5717,2,octagram
7849,33.0131023313996,36.2357010135943,5555,2,octagram
7850,39.08209359788093,16.908671994049353,11031,5,text_en_1919
7851,35.84574985744251,34.27497817075622,5600,2,octagram
7852,33.39414682483636,58.581261362238735,5190,2,octagram
7853,30.61026004319322,31.75012729861794,3940,1,inner_ring
7854,56.76297019082247,13.998357264834423,11179,5,text_en_1919
7855,60.88520698711455,16.767675739711677,10957,5,text_en_1919
7856,40.24427976505831,7.9113897332779635,1481,0,outer_ring
7857,49.12182856838908,19.465825622731124,4087,1,inner_ring
7858,47.51807649756164,19.426141650574415,4077,1,inner_ring
7859,51.28045714164583,6.23502174308816,1932,0,outer_ring
7860,49.031891832738644,6.348028217922041,1772,0,outer_ring
7861,48.17962949918853,18.683751481709347,4080,1,inner_ring
7862,45.768016201348075,7.752996619431074,1604,0,outer_ring
7863,60.15293100174777,48.5256679695332,8047,4,stroke_kai
7864,76.45362443007282,36.45159452798187,6266,2,octagram
7865,58.22142027272086,24.899622243878582,4150,1,inner_ring
7866,83.30886112293723,26.50671452897399,10813,5,text_en_1919
7867,67.58368990780632,47.13453786181055,8101,4,stroke_kai
7868,60.75017800921,77.3843747458276,9287,5,text_en_1919
7869,73.48036731859068,60.96089537707492,4512,2,octagram
7870,59.10801576700684,71.2545372301261,4751,2,octagram
7871,48.65480202238322,89.52626811670525,676,0,outer_ring
7872,59.17368196911197,78.66958096020545,9167,5,text_en_1919
7873,69.74568910308562,71.77187064659088,3416,1,inner_ring
7874,46.81285710078881,55.08837250484956,6771,3,stroke_nan
7875,42.74052825543756,89.23922981852112,1054,0,outer_ring
7876,57.990365279688895,88.85135035914415,131,0,outer_ring
7877,53.274372411357916,90.87502037437355,348,0,outer_ring
7878,46.525793803375976,77.66334039150146,9279,5,text_en_1919
7879,46.07968049340875,88.82209642335053,855,0,outer_ring
7880,60.969089767588144,89.7057485841401,63,0,outer_ring
7881,53.590814365752664,89.40851900195939,333,0,outer_ring
7882,57.056361272061984,91.35674332101732,165,0,outer_ring
7883,41.538869495709505,87.63818811198618,1110,0,outer_ring
7884,37.59887708069757,60.77057679753304,5122,2,octagram
7885,26.490280432727698,66.01522937722511,9639,5,text_en_1919
7886,39.89376690038457,52.6344977769842,6908,3,stroke_nan
7887,28.144954087683743,40.76922503989191,3878,1,inner_ring
7888,56.430622852110375,89.23134940812504,188,0,outer_ring
7889,61.59673026873999,86.41655989372092,8635,5,text_en_1919
7890,54.5767492986201,89.02676868348544,277,0,outer_ring
7891,68.27403377232443,85.48795111210336,8743,5,text_en_1919
7892,52.41520821229256,90.24498167083753,403,0,outer_ring
7893,36.89522166012474,59.247112997909184,5135,2,octagram
7894,67.10804428962255,56.989419994256565,7749,4,stroke_kai
7895,60.94964597077525,75.05327512927981,3481,1,inner_ring
7896,52.9327913055914,79.10087838375492,9107,5,text_en_1919
7897,52.94751834316666,75.71485646936864,3534,1,inner_ring
7898,53.23815189470583,89.63989235121062,352,0,outer_ring
7899,52.125249786610176,66.76688518894595,4848,2,octagram
7900,47.76490437350323,62.17621741730156,6591,3,stroke_nan
7901,60.76542228176927,72.3586326408572,4734,2,octagram
7902,52.666887653270386,83.4488234099108,8701,5,text_en_1919
7903,89.17915325953561,47.12648480064415,10430,5,text_en_1919
7904,72.49649001605495,60.45589554372619,4525,2,octagram
7905,91.16176477393749,48.253096463728596,10358,5,text_en_1919
7906,86.92079114483694,63.40987261470291,9741,5,text_en_1919
7907,58.004308998229284,57.63354898984936,7679,4,stroke_kai
7908,65.75123793840051,46.47486360430666,8124,4,stroke_kai
7909,43.38479497065419,44.20054621288527,7254,3,stroke_nan
7910,55.74522421022918,89.8410067854839,223,0,outer_ring
7911,53.43734077074053,6.685821693527432,2120,0,outer_ring
7912,61.51789418948868,41.2311434468766,8364,4,stroke_kai
7913,68.08088445444552,25.474910166703477,6104,2,octagram
7914,88.74781825453076,52.762469680013965,10112,5,text_en_1919
7915,89.07169146445395,48.46823706109085,10354,5,text_en_1919
7916,80.45901737293083,65.2208065969175,9684,5,text_en_1919
7917,83.71556783693829,50.264093897306324,3241,1,inner_ring
7918,55.71888218926691,5.632636061160578,2347,0,outer_ring
7919,58.21012743815853,3.8459655051918573,2571,0,outer_ring
7920,48.930912908270436,10.34951504546998,11249,5,text_en_1919
7921,56.34769551661812,6.478369062255071,2428,0,outer_ring
7922,61.099998484247436,5.169514357189902,2790,0,outer_ring
7923,67.54813289530902,69.46282291440296,4634,2,octagram
7924,51.4884845704408,6.106080089201353,1953,0,outer_ring
7925,48.58983754416197,4.90018771375775,1758,0,outer_ring
7926,55.91363286527341,5.945943716467884,2374,0,outer_ring
7927,59.65476529726488,8.475648770334015,2727,0,outer_ring
7928,61.409900395329494,6.185510693893136,2816,0,outer_ring
7929,50.54931355742988,18.56549839623105,4097,1,inner_ring
7930,57.039344988807976,19.269829582944208,10955,5,text_en_1919
7931,60.40419929589586,6.514144696359245,2767,0,outer_ring
7932,50.05786841732499,8.024341159808573,11339,5,text_en_1919
7933,43.35203558696921,7.771352474847327,1530,0,outer_ring
7934,66.45355749614622,7.398622621520083,3084,0,outer_ring
7935,60.81209816131813,6.133933085237794,2786,0,outer_ring
7936,51.34628546659494,6.175674414741208,1940,0,outer_ring
7937,58.55526810749339,13.907964255425478,11208,5,text_en_1919
7938,63.66732408871816,6.928924649315029,2965,0,outer_ring
7939,57.49893509432453,6.801761405930637,2535,0,outer_ring
7940,78.06068238895,35.257440960358636,6284,2,octagram
7941,78.21948021297682,62.37528902389635,3335,1,inner_ring
7942,86.18578170961888,49.71143810941933,10285,5,text_en_1919
7943,68.49241410789048,33.12429539693219,6171,2,octagram
7944,76.48765161947878,29.848543157535023,4291,1,inner_ring
7945,70.79467514614132,9.576818454121137,3185,0,outer_ring
7946,52.718196105876075,6.916925555017155,2055,0,outer_ring
7947,64.58905867681277,43.133754197991124,8290,4,stroke_kai
7948,76.300208515552,52.90510104120376,6507,2,octagram
7949,33.09257944813563,82.4712500841882,1351,0,outer_ring
7950,39.45362780555285,87.52345465427635,1198,0,outer_ring
7951,37.60385349476345,87.15850892101025,1249,0,outer_ring
7952,48.43635322934645,84.61458674741965,8608,5,text_en_1919
7953,38.838873923167625,62.66691810715549,5108,2,octagram
7954,40.28287156311349,52.692989690037116,6883,3,stroke_nan
7955,39.22385283712008,62.34062799820814,5105,2,octagram
7956,45.752340485215136,87.5069690253647,892,0,outer_ring
7957,24.702701998369523,71.7134526116164,9460,5,text_en_1919
7958,19.50631862476481,47.79780383269,10471,5,text_en_1919
7959,20.861504464444494,60.004262960800894,9922,5,text_en_1919
7960,26.9563940531695,57.78749319742051,3753,1,inner_ring
7961,26.156453369847803,60.8275005613385,9847,5,text_en_1919
7962,28.675213480553797,60.033347672247075,3740,1,inner_ring
7963,20.95896195209873,37.06099669900334,10781,5,text_en_1919
7964,23.282474888108986,43.01369725660951,10549,5,text_en_1919
7965,26.257448692894922,36.440528928923804,3899,1,inner_ring
7966,23.988691526689756,38.43112617758814,10723,5,text_en_1919
7967,32.769951846964744,50.221558641270654,5328,2,octagram
7968,24.236812087783413,41.96308603179001,3860,1,inner_ring
7969,26.46682578573873,54.28799739330758,3779,1,inner_ring
7970,58.93623279916687,77.31162721905659,9208,5,text_en_1919
7971,44.913408458656086,33.94945465924655,5654,2,octagram
7972,82.06798861688029,42.66858053300981,4387,1,inner_ring
7973,41.81456255321852,52.443434907019565,6907,3,stroke_nan
7974,32.05834526462278,65.40220079361555,3693,1,inner_ring
7975,52.50039915043595,49.760552992791574,6995,3,stroke_nan
7976,57.117894418827916,90.41454925382838,161,0,outer_ring
7977,61.454183082543416,79.41176760047345,9131,5,text_en_1919
7978,52.60269436731457,89.89489698164184,392,0,outer_ring
7979,33.23745093304644,84.96578127221228,1337,0,outer_ring
7980,58.32130152053537,78.00433995565108,9189,5,text_en_1919
7981,64.7156225846979,88.72044146333218,23,0,outer_ring
7982,57.03062682049755,6.98737514491649,2495,0,outer_ring
7983,58.79054436671455,43.599357195054715,8230,4,stroke_kai
7984,63.72594286258908,14.63113532129322,11124,5,text_en_1919
7985,21.51319676113559,44.6526669527682,10544,5,text_en_1919
7986,67.47995072592703,22.609873063318883,4215,1,inner_ring
7987,48.89938603425044,45.02299762239733,7221,3,stroke_nan
7988,43.13971257777047,25.70643771306284,5736,2,octagram
7989,31.287081595751182,11.440109856871219,1422,0,outer_ring
7990,38.8479942336339,8.96013407852535,1460,0,outer_ring
7991,51.06042309233259,44.154929450415516,7208,3,stroke_nan
7992,21.66727646019745,41.85917066910487,10567,5,text_en_1919
7993,46.00848400867291,56.347701669270556,6676,3,stroke_nan
7994,80.33826339746344,24.339324874382005,10836,5,text_en_1919
7995,18.870519607064058,43.57271350471362,10564,5,text_en_1919
7996,31.217481549428054,33.16342244392505,3931,1,inner_ring
7997,19.000955378392472,41.88882278160118,10601,5,text_en_1919
7998,46.758485677759644,7.024994061301864,1650,0,outer_ring
7999,53.42280967463605,18.720442722197898,11074,5,text_en_1919
8000,55.375165938737624,4.909639935603346,2303,0,outer_ring
8001,57.62799712572799,7.084073757927081,2550,0,outer_ring
8002,53.05874591622311,39.970914615184945,7423,3,stroke_nan
8003,45.11692694669653,20.18584082407525,4061,1,inner_ring
8004,76.86127792722199,34.909415672401224,6261,2,octagram
8005,64.88531881329133,21.272491947911266,6044,2,octagram
8006,71.47165886430398,35.01166826366702,6208,2,octagram
8007,48.966983276516636,13.542605193639767,11023,5,text_en_1919
8008,57.10229287536242,5.386886805398454,2493,0,outer_ring
8009,66.53164628595434,51.616690694326095,7923,4,stroke_kai
8010,57.517552590840445,55.45837070964498,7745,4,stroke_kai
8011,77.7472673370326,66.13537608308977,9561,5,text_en_1919
8012,68.55161721131854,16.83133632761507,10971,5,text_en_1919
8013,40.56658837622012,62.82463473169811,5086,2,octagram
8014,59.70545848863453,84.7860755483406,8651,5,text_en_1919
8015,61.319183070427464,62.56041496306815,7577,4,stroke_kai
8016,31.031215763848927,65.27734352973002,9666,5,text_en_1919
8017,33.61964058710157,81.90765267477721,1348,0,outer_ring
8018,47.346238516488896,78.44489867879918,9251,5,text_en_1919
8019,66.03835714251858,78.2880762317631,9244,5,text_en_1919
8020,46.08260063997253,89.87108257022942,844,0,outer_ring
8021,53.58957105819727,85.86083395128144,8579,5,text_en_1919
8022,31.004144948039848,81.74749856626204,1362,0,outer_ring
8023,34.10407372690602,69.78965356088665,9497,5,text_en_1919
8024,54.082742711055445,81.92878228792674,8815,5,text_en_1919
8025,57.29896303960993,45.75396078808829,8176,4,stroke_kai
8026,44.01514679082249,44.35103907818668,7261,3,stroke_nan
8027,24.778010710877343,52.13882775740897,10146,5,text_en_1919
8028,48.64029800298583,20.66151814011689,4081,1,inner_ring
8029,34.01725247157878,74.86808233460037,9381,5,text_en_1919
8030,46.2056428230074,87.18137511568172,872,0,outer_ring
8031,68.73073387214161,55.42609298348276,7741,4,stroke_kai
8032,63.49218943930311,88.72118443416348,36,0,outer_ring
8033,71.66579249813623,75.57283022025611,9258,5,text_en_1919
8034,44.7748569448556,90.86730494932648,912,0,outer_ring
8035,68.00070243414578,72.82356281258193,3430,1,inner_ring
8036,50.09438530649274,90.20319439390329,560,0,outer_ring
8037,44.827070787111765,89.80256382578791,921,0,outer_ring
8038,69.45979897483697,78.72965153040614,9171,5,text_en_1919
8039,56.58332609335599,50.34656795094877,7969,4,stroke_kai
8040,71.56598536969393,61.80957927247966,4539,2,octagram
8041,73.3587995595434,48.562058437942376,6453,2,octagram
8042,42.97170442006659,68.2671005238611,5029,2,octagram
8043,85.8383117950453,56.52227644111506,9978,5,text_en_1919
8044,61.911706861715736,38.029132323477015,8450,4,stroke_kai
8045,82.90165959195356,63.527320734922476,9716,5,text_en_1919
8046,91.70546061687958,45.67928999519819,10511,5,text_en_1919
8047,62.35517997372217,73.14378412782311,4716,2,octagram
8048,74.36792430435672,68.63411885906487,3382,1,inner_ring
8049,79.0499611681375,60.793931786121604,3320,1,inner_ring
8050,46.886462159607994,39.16488655023264,7436,3,stroke_nan
8051,55.28788701507093,4.7957180067525815,2293,0,outer_ring
8052,91.64000600420776,47.770005749410835,10433,5,text_en_1919
8053,61.56738768306797,25.018612988884797,5998,2,octagram
8054,64.95190442127506,18.583556066736314,10894,5,text_en_1919
8055,76.16890490279356,43.03216031727214,6370,2,octagram
8056,48.99816818543474,16.71608224061385,10927,5,text_en_1919
8057,92.48717187085718,52.97901231451695,10079,5,text_en_1919
8058,73.96399129388402,60.774124603535576,4502,2,octagram
8059,62.705644461476076,5.046945134137023,2888,0,outer_ring
8060,64.46159435083312,43.06886085373607,8292,4,stroke_kai
8061,74.89373494928203,50.64239700659407,6481,2,octagram
8062,75.60175450663986,31.206986278136,4292,1,inner_ring
8063,58.543681987074635,7.074732786135506,2631,0,outer_ring
8064,59.0392456635617,20.520085789168782,4153,1,inner_ring
8065,48.2798138688911,28.523516772926655,7549,3,stroke_nan
8066,57.81106969015134,7.337742684265455,2564,0,outer_ring
8067,55.67010326001971,6.024036503092262,2341,0,outer_ring
8068,49.44594283895532,6.395797561996587,1785,0,outer_ring
8069,47.928257362083336,6.29555571792384,1709,0,outer_ring
8070,70.52740578120577,24.74968286220055,4240,1,inner_ring
8071,58.82372789220795,6.502967262008134,2651,0,outer_ring
8072,58.99071977728426,5.965142467165521,2661,0,outer_ring
8073,63.10099770547794,14.33602576626346,11152,5,text_en_1919
8074,61.0756284206598,5.506743928734927,2791,0,outer_ring
8075,58.185052781485325,9.83444949070658,11352,5,text_en_1919
8076,50.35842495686691,6.373923954542571,1852,0,outer_ring
8077,57.281429170199054,5.122813066658111,2504,0,outer_ring
8078,81.13521840961468,27.053367656510815,10804,5,text_en_1919
8079,56.20404988251232,4.369631118286851,2396,0,outer_ring
8080,63.75703701070272,6.783353801566811,2968,0,outer_ring
8081,54.22851520120977,27.458578620553173,4121,1,inner_ring
8082,80.49062103846917,57.98406648130902,3300,1,inner_ring
8083,91.05285356401046,50.49164479283547,10181,5,text_en_1919
8084,78.33809847017014,57.29102686951111,4443,2,octagram
8085,78.41788254938518,39.18118751018271,6338,2,octagram
8086,76.25397102712988,35.93548190456812,6264,2,octagram
8087,65.5997985692908,39.21078819605651,8427,4,stroke_kai
8088,26.821941089786872,27.86304228934368,10803,5,text_en_1919
8089,50.891336433791196,4.137266477021446,1910,0,outer_ring
8090,64.1394964689775,58.06732374417047,7710,4,stroke_kai
8091,22.0616528193804,71.20719521307208,9459,5,text_en_1919
8092,48.962195401924426,87.55877727224372,673,0,outer_ring
8093,42.629343330175125,69.20626930511997,5014,2,octagram
8094,65.62648719040659,87.46173903397015,18,0,outer_ring
8095,54.250217301196315,89.0498022227632,294,0,outer_ring
8096,47.652357225131524,88.5359045166773,752,0,outer_ring
8097,43.210652201353156,90.19885913791987,1018,0,outer_ring
8098,25.483782680483372,66.38254445365223,9663,5,text_en_1919
8099,47.9506470610032,75.0629430856942,3569,1,inner_ring
8100,37.239402100924146,87.38142626500004,1259,0,outer_ring
8101,33.61946352238025,60.28002713603026,5167,2,octagram
8102,26.630440740777946,68.12141873821896,9567,5,text_en_1919
8103,20.688310830477416,38.50094867217593,10743,5,text_en_1919
8104,29.62286690010619,57.205293354263326,5247,2,octagram
8105,26.509636917043185,53.281308506009275,3788,1,inner_ring
8106,20.799430691895804,75.06461628419018,1384,0,outer_ring
8107,23.01211223370739,43.70121072166648,10542,5,text_en_1919
8108,39.36487606825535,42.66037275103327,7339,3,stroke_nan
8109,39.84666175778852,51.494853476643605,6925,3,stroke_nan
8110,25.73252938206761,40.59795033553965,3872,1,inner_ring
8111,28.656331412843866,58.54584312357244,5228,2,octagram
8112,49.809066367178254,57.27689859552577,6726,3,stroke_nan
8113,39.485694701564505,47.25778744620181,7063,3,stroke_nan
8114,52.67791209369591,56.738082795127504,6643,3,stroke_nan
8115,43.07481487383501,60.73160541144126,6603,3,stroke_nan
8116,40.4658268188217,64.60859569103404,5075,2,octagram
8117,39.395067057719096,85.99163801553284,1218,0,outer_ring
8118,61.24923433052908,84.39458059392716,8681,5,text_en_1919
8119,55.13923782148525,88.52001342534138,256,0,outer_ring
8120,31.20701879102149,54.94876240151709,5276,2,octagram
8121,53.407320462292176,46.965331525375646,7155,3,stroke_nan
8122,43.62786357607757,70.02854716089023,5001,2,octagram
8123,56.07236502357207,25.744127032710626,5940,2,octagram
8124,50.254379555188905,47.15652170055747,7131,3,stroke_nan
8125,40.47444913032454,13.320891748676976,11275,5,text_en_1919
8126,70.79121731216594,25.885613540956772,4246,1,inner_ring
8127,54.215076159500754,4.285174944491225,2203,0,outer_ring
8128,63.249957774488905,24.355070908148978,6062,2,octagram
8129,46.601383040365434,34.06495292933241,7573,3,stroke_nan
8130,52.105520603018334,42.440268485803514,7268,3,stroke_nan
8131,32.72540409009465,35.33291359955685,5567,2,octagram
8132,31.763588247033212,60.26291282156212,5182,2,octagram
8133,30.65671178482248,40.17077410104664,5468,2,octagram
8134,36.21517296103299,25.99161690355595,3994,1,inner_ring
8135,42.05036455584711,33.146938466904174,5656,2,octagram
8136,20.046464438672565,58.05684317397832,9949,5,text_en_1919
8137,22.704703180804078,54.253915089763176,10012,5,text_en_1919
8138,25.723562850277276,41.14678088771465,3868,1,inner_ring
8139,48.263575730111285,47.837233999392446,7053,3,stroke_nan
8140,42.80501273359745,6.7349446909150785,1521,0,outer_ring
8141,56.68306578431057,52.43422037562331,7880,4,stroke_kai
8142,56.34453751082559,6.084776032773059,2425,0,outer_ring
8143,61.95804911083588,5.671304872988594,2842,0,outer_ring
8144,39.03456966733073,34.25747963218637,5630,2,octagram
8145,46.22495084967561,20.62314836749576,4068,1,inner_ring
8146,61.82744461143505,7.476887134739045,2854,0,outer_ring
8147,49.555476013293955,5.609230751764883,1803,0,outer_ring
8148,52.38557262659005,6.845108271304572,2031,0,outer_ring
8149,49.59072536422507,6.123247646350564,1799,0,outer_ring
8150,58.00092587300449,47.088834987212344,8079,4,stroke_kai
8151,69.64750221931024,24.065274029223485,4233,1,inner_ring
8152,60.6453157011005,62.504056388055616,7579,4,stroke_kai
8153,50.3888933204429,79.28366639197712,9093,5,text_en_1919
8154,45.6608529156608,89.00851805379867,883,0,outer_ring
8155,67.46739563464413,44.76480100862262,8182,4,stroke_kai
8156,58.78047595114376,15.377781840454112,11099,5,text_en_1919
8157,53.44422355902908,85.4992318507342,8591,5,text_en_1919
8158,35.29391128167261,85.59587521426835,1309,0,outer_ring
8159,41.16131496404687,56.70150951423672,6701,3,stroke_nan
8160,45.10616143236918,89.86391054373895,901,0,outer_ring
8161,44.54103737461004,80.55144866080376,8970,5,text_en_1919
8162,64.0729132119502,52.38753961151792,7914,4,stroke_kai
8163,38.75389469641258,87.37613404257544,1220,0,outer_ring
8164,49.31781330499862,88.5130807651148,634,0,outer_ring
8165,44.87782656462394,73.83358503541527,4956,2,octagram
8166,32.50112978090367,51.07425006666852,5319,2,octagram
8167,39.16487574766884,59.943150204598844,5114,2,octagram
8168,43.742913330128836,47.809877597831196,7065,3,stroke_nan
8169,31.193526545205305,58.21884563853565,5204,2,octagram
8170,16.491620489376363,58.86302511881801,9934,5,text_en_1919
8171,20.62783618875054,57.15887997175389,9992,5,text_en_1919
8172,62.742936032947,56.97050170300867,7733,4,stroke_kai
8173,35.73184405125893,86.78750992606044,1296,0,outer_ring
8174,58.24819179362755,89.10377092800188,123,0,outer_ring
8175,44.86607688770861,74.1897627436778,3594,1,inner_ring
8176,43.29924091358136,79.78987454957085,9043,5,text_en_1919
8177,66.3220267048335,73.34616470836141,3441,1,inner_ring
8178,75.92667372913783,36.57551506840821,6257,2,octagram
8179,74.74056367238174,84.11987215840512,1,0,outer_ring
8180,85.66560774362767,68.40687152445548,9526,5,text_en_1919
8181,82.54198315210942,60.14634411845846,9848,5,text_en_1919
8182,84.70639141828057,59.619290052788365,9861,5,text_en_1919
8183,67.57819227764908,67.01526078133705,4607,2,octagram
8184,63.14170024583851,47.6617646090893,8083,4,stroke_kai
8185,62.39187387871624,54.29642542350025,7834,4,stroke_kai
8186,82.68627991883552,69.57147777572074,9483,5,text_en_1919
8187,63.10015782442682,41.2248454697165,8365,4,stroke_kai
8188,75.72397194867642,70.06725752859279,9482,5,text_en_1919
8189,92.1185615976449,53.72660167199531,10049,5,text_en_1919
8190,74.56163599206104,60.047117077415884,4493,2,octagram
8191,77.62463726116552,50.84478328708634,6493,2,octagram
8192,49.05250663111201,13.533023213056387,11032,5,text_en_1919
8193,79.5377319640998,58.93603633499705,4433,2,octagram
8194,85.33636585311788,46.681667232567214,10440,5,text_en_1919
8195,63.80081809493343,55.493370082749166,7782,4,stroke_kai
8196,90.74201834029473,58.9508973501232,9866,5,text_en_1919
8197,46.860078219404805,45.53863149413488,7175,3,stroke_nan
8198,92.62881160695571,44.446613453605124,10526,5,text_en_1919
8199,77.81503807588747,62.53022482824751,3337,1,inner_ring
8200,61.55855359666989,56.57239876541965,7726,4,stroke_kai
8201,87.1058015931413,59.61972815731235,9843,5,text_en_1919
8202,48.34237505922732,48.79689328476968,6998,3,stroke_nan
8203,52.958007223625096,5.872884360361098,2078,0,outer_ring
8204,58.96622212056127,4.955038668888563,2648,0,outer_ring
8205,53.5954701607965,16.66318843538707,11109,5,text_en_1919
8206,51.27650189205669,20.745310115228854,5869,2,octagram
8207,66.9637947375358,15.215797750797542,11051,5,text_en_1919
8208,61.113042662557,8.310267726321051,2819,0,outer_ring
8209,49.20297001022495,7.383265075398335,1774,0,outer_ring
8210,59.67602712250362,6.899353353108998,2717,0,outer_ring
8211,67.36817938519505,8.818203820385627,3123,0,outer_ring
8212,55.878449180383654,4.794867996784116,2364,0,outer_ring
8213,53.81025447492399,6.128535234926412,2162,0,outer_ring
8214,60.145277995019036,7.188465067565772,2755,0,outer_ring
8215,59.68576046922723,7.291493563400726,2722,0,outer_ring
8216,58.29614129320704,6.61856218466809,2605,0,outer_ring
8217,47.71177071629439,7.1574144287190755,1689,0,outer_ring
8218,53.518711379487904,27.806786968095604,5886,2,octagram
8219,47.28860521875237,5.767260639028379,1678,0,outer_ring
8220,60.60949272992017,18.812510300813354,4164,1,inner_ring
8221,75.15051089369564,28.96076880614501,4281,1,inner_ring
8222,62.50490505942095,6.554707524923318,2897,0,outer_ring
8223,83.6496978165828,39.96423577847417,10679,5,text_en_1919
8224,68.37752292080691,55.0563674900774,7785,4,stroke_kai
8225,63.423072238602366,36.09266949439814,8509,4,stroke_kai
8226,85.25741093854238,52.481468123626875,10135,5,text_en_1919
8227,59.3098038033565,15.084377361968878,11111,5,text_en_1919
8228,67.69446989417453,44.59884481564923,8202,4,stroke_kai
8229,77.12248324688214,33.05451556201173,4315,1,inner_ring
8230,42.542571267373155,22.421700871840514,5773,2,octagram
8231,47.875770695640384,6.585104138364184,1705,0,outer_ring
8232,79.26118110658928,58.937600310520914,4440,2,octagram
8233,38.54613161803831,87.01100078240158,1230,0,outer_ring
8234,50.66878795669737,90.6134013322395,518,0,outer_ring
8235,40.99296614114999,87.53601070997085,1137,0,outer_ring
8236,51.717015613667684,91.02149686790364,443,0,outer_ring
8237,48.0540172077239,89.84485724192828,711,0,outer_ring
8238,38.59530898815121,87.6490611804814,1222,0,outer_ring
8239,29.421335297708172,79.81531803182018,9295,5,text_en_1919
8240,60.084464600194785,91.06223194291061,86,0,outer_ring
8241,29.89665515599085,77.22809761699632,9331,5,text_en_1919
8242,33.814448175191956,46.60843201340922,5386,2,octagram
8243,31.380608202395667,66.83932946647461,9607,5,text_en_1919
8244,20.154755973331582,49.35265632797234,10268,5,text_en_1919
8245,22.51150787247066,46.74772042365368,10501,5,text_en_1919
8246,24.24496580316852,59.067276601465935,9901,5,text_en_1919
8247,26.186239368748087,42.2929028196502,3863,1,inner_ring
8248,19.609736713863764,36.231371140008115,10776,5,text_en_1919
8249,47.20178075213604,42.432633365281355,7286,3,stroke_nan
8250,41.0409758247191,26.010314707013222,5733,2,octagram
8251,31.903013779500164,9.38447686899891,1424,0,outer_ring
8252,31.19658130881025,59.11970857456224,5200,2,octagram
8253,45.42721717077869,58.0952871984122,6646,3,stroke_nan
8254,33.27524984369807,49.82124182604301,5330,2,octagram
8255,42.42952775554953,31.73599318643309,5672,2,octagram
8256,47.83510010336624,46.756110177484516,7139,3,stroke_nan
8257,55.422388373225125,6.198556689320911,2314,0,outer_ring
8258,32.37654980202361,63.47381388362123,3703,1,inner_ring
8259,47.560360804488006,88.68195858904389,755,0,outer_ring
8260,39.09111602250685,87.21762199073589,1214,0,outer_ring
8261,52.70947980718571,58.32962851733409,6625,3,stroke_nan
8262,51.52713745528336,89.52650574283196,465,0,outer_ring
8263,54.83017011168598,83.48237045405378,8669,5,text_en_1919
8264,37.06247220940545,69.7203454331973,3654,1,inner_ring
8265,46.18424831360165,58.4313745252695,6622,3,stroke_nan
8266,61.779703217336454,46.63959597760445,8168,4,stroke_kai
8267,40.53276906986989,46.34642427484271,7172,3,stroke_nan
8268,49.238640392440374,6.676230982124808,1778,0,outer_ring
8269,42.86879545617494,29.31157986000569,5700,2,octagram
8270,56.42059594482582,41.64813634757009,8349,4,stroke_kai
8271,49.767155220676635,5.70943157561868,1807,0,outer_ring
8272,33.32799970595357,35.36832070512965,5570,2,octagram
8273,41.249602364821314,6.740361599861797,1496,0,outer_ring
8274,34.04454830140316,41.302716841988435,5428,2,octagram
8275,30.298102733167347,36.42106235591533,5527,2,octagram
8276,38.91446859058607,32.53933660814017,5649,2,octagram
8277,42.11641485121849,52.992238120568466,6811,3,stroke_nan
8278,22.987348222653644,37.43738893510312,10745,5,text_en_1919
8279,29.92762422206367,34.813735201375344,3917,1,inner_ring
8280,44.49177627890659,58.78538713602307,6633,3,stroke_nan
8281,47.54831625639279,6.76597214313628,1684,0,outer_ring
8282,45.59301055535595,8.129756963838187,1593,0,outer_ring
8283,49.97665224299789,4.874041336101624,1833,0,outer_ring
8284,42.2158544476879,21.478356448492637,5772,2,octagram
8285,55.13023949774778,8.190433584162546,2283,0,outer_ring
8286,51.74965731634486,15.289411951189557,11196,5,text_en_1919
8287,79.5973978606142,36.39216545755108,6309,2,octagram
8288,61.397949017082055,39.57160559658001,8421,4,stroke_kai
8289,65.51837553804883,27.412624016566774,6108,2,octagram
8290,58.67060963155268,44.68348088650232,8209,4,stroke_kai
8291,80.05679474645697,36.28588215126462,4341,1,inner_ring
8292,61.00843934786584,37.38454210011579,8478,4,stroke_kai
8293,78.34212899420024,38.51670935475687,6329,2,octagram
8294,88.90699213531026,45.72993285608231,10464,5,text_en_1919
8295,76.80831162859138,28.883123126067197,4286,1,inner_ring
8296,60.33077125180816,16.422680443734365,10969,5,text_en_1919
8297,81.79310383237596,46.21136526283624,4411,1,inner_ring
8298,61.0709476852759,52.13513775401224,7910,4,stroke_kai
8299,53.2088402398131,84.74262220911817,8668,5,text_en_1919
8300,49.89513722670446,75.81913282895687,3557,1,inner_ring
8301,40.44582151664159,42.26647084076585,7355,3,stroke_nan
8302,58.35287111396854,83.26198495516051,8728,5,text_en_1919
8303,58.24448702502197,90.47785999079478,127,0,outer_ring
8304,66.23699709470259,80.5411684709434,9063,5,text_en_1919
8305,47.59040845867586,90.08838062042719,732,0,outer_ring
8306,63.2309244410523,80.87741386331415,8966,5,text_en_1919
8307,58.658149205087064,75.01669558870348,3496,1,inner_ring
8308,39.37150600133538,71.4149925159058,3632,1,inner_ring
8309,58.47120382109216,73.5431344783592,3495,1,inner_ring
8310,49.371460099125095,81.3106844536405,8972,5,text_en_1919
8311,52.16603040235801,44.00404628139999,7219,3,stroke_nan
8312,28.190719067039193,56.23333565272976,3763,1,inner_ring
8313,27.561604651320014,59.281500118799386,5231,2,octagram
8314,43.42140714596847,88.74307189923951,1027,0,outer_ring
8315,52.94417047737644,89.42647574421154,374,0,outer_ring
8316,64.33570414077289,74.33430186650196,3453,1,inner_ring
8317,46.05225430188907,88.46448707682086,862,0,outer_ring
8318,58.069676023894324,69.77901084949949,4775,2,octagram
8319,45.26491648861437,89.02999354881072,903,0,outer_ring
8320,76.6332371187531,46.37849894919298,6408,2,octagram
8321,72.94608394316847,74.42826654671399,9375,5,text_en_1919
8322,57.67027453559616,57.79204505092372,7680,4,stroke_kai
8323,60.84268273019614,60.00337394976906,7625,4,stroke_kai
8324,81.85494136493993,76.59244627890129,9352,5,text_en_1919
8325,81.98820467070472,51.126618671956706,3251,1,inner_ring
8326,56.12588923572824,46.215706764668326,8137,4,stroke_kai
8327,84.56892057039109,65.69441998031034,9670,5,text_en_1919
8328,66.61336839819415,58.98653606729562,7645,4,stroke_kai
8329,87.0806549618071,52.855829406817634,10124,5,text_en_1919
8330,90.82531023003364,53.32081133590388,10087,5,text_en_1919
8331,84.93185465773323,55.93661033038441,9985,5,text_en_1919
8332,74.26019521116457,66.7731560763232,3373,1,inner_ring
8333,63.30115741041394,43.05871330240828,8274,4,stroke_kai
8334,50.45483971564379,26.11493634322112,7553,3,stroke_nan
8335,71.9053230420327,33.638908233606664,6207,2,octagram
8336,40.300087424341704,41.87276416141887,7368,3,stroke_nan
8337,87.07226919784361,48.47352248040075,10313,5,text_en_1919
8338,52.27192519392055,79.7141460976605,9056,5,text_en_1919
8339,63.09335531117017,43.46052729500757,8243,4,stroke_kai
8340,86.47590772023143,52.80727144373074,10129,5,text_en_1919
8341,87.5402401891745,56.99789482384364,9951,5,text_en_1919
8342,72.88250202301657,50.03181321435123,7966,4,stroke_kai
8343,69.8629417079015,9.86382276009533,3177,0,outer_ring
8344,92.81559001634753,56.21061194176794,10014,5,text_en_1919
8345,53.29233601567253,6.929990063685982,2105,0,outer_ring
8346,68.38677562276848,7.861727212550448,3143,0,outer_ring
8347,69.16273101642747,7.978079599476051,3159,0,outer_ring
8348,57.12435241044046,4.703169710586208,2489,0,outer_ring
8349,64.24676700149543,22.31599169301473,6037,2,octagram
8350,66.26894712416167,24.950288413842898,6085,2,octagram
8351,56.65311857977744,5.575400408790367,2451,0,outer_ring
8352,45.19174345294406,37.49095217879109,7493,3,stroke_nan
8353,38.2654433377798,22.323132420140574,4022,1,inner_ring
8354,43.038260298746,5.529584198803799,1538,0,outer_ring
8355,57.79922995040149,6.7347407013995975,2561,0,outer_ring
8356,67.76360594429774,19.112236591024327,10867,5,text_en_1919
8357,49.31774409345257,5.8217031385024445,1782,0,outer_ring
8358,59.899930529049215,7.774635798805632,2738,0,outer_ring
8359,52.169468432089744,48.18775919283127,7049,3,stroke_nan
8360,53.205126878667556,19.681325655285374,4113,1,inner_ring
8361,43.21971900914077,7.149124937291873,1532,0,outer_ring
8362,52.793963427021716,3.917162484235604,2069,0,outer_ring
8363,48.82106111184081,10.331333602324758,11259,5,text_en_1919
8364,47.96446462414107,6.15524377150242,1711,0,outer_ring
8365,66.44553581070018,23.33537637861141,4209,1,inner_ring
8366,65.14539517263982,8.705775125164962,3046,0,outer_ring
8367,89.665102526137,49.75164329206691,10302,5,text_en_1919
8368,77.06789617244063,35.608743612167935,6270,2,octagram
8369,48.49714397261527,4.968395266196943,1753,0,outer_ring
8370,92.65771954286467,45.83604502744098,10503,5,text_en_1919
8371,55.270807939915116,6.266283674638683,2294,0,outer_ring
8372,46.51669832656457,22.66633836526479,5825,2,octagram
8373,53.6391763050792,6.502117101866068,2144,0,outer_ring
8374,82.4271571160023,56.97165931344429,3287,1,inner_ring
8375,43.638282877977616,89.59246221221174,1004,0,outer_ring
8376,44.556534553838844,86.64210907225892,993,0,outer_ring
8377,45.869672952566205,88.70152524081156,873,0,outer_ring
8378,41.49596893835773,87.2135538397267,1120,0,outer_ring
8379,53.98295748771967,80.1740701821001,8988,5,text_en_1919
8380,56.04170716436356,83.1619458670599,8710,5,text_en_1919
8381,34.98562589324122,73.65082264082369,9395,5,text_en_1919
8382,44.96356886971475,87.66023631193181,947,0,outer_ring
8383,34.22726068753828,85.50755720826413,1321,0,outer_ring
8384,19.353685353453905,57.70890025087286,9988,5,text_en_1919
8385,25.55555591104143,61.52533455169581,9846,5,text_en_1919
8386,25.41668558152561,66.67455461785876,9649,5,text_en_1919
8387,31.47886715391504,63.37306038230511,3709,1,inner_ring
8388,14.519560980024625,60.269551083511004,1392,0,outer_ring
8389,20.583969450194925,46.33679922243009,10500,5,text_en_1919
8390,26.425088352421902,48.01140530838148,3821,1,inner_ring
8391,34.90289680307498,28.893195262557278,3977,1,inner_ring
8392,25.16944142147359,44.0552231114213,3848,1,inner_ring
8393,33.92936033758227,36.3411307681869,5560,2,octagram
8394,29.273522566574567,36.53006615320625,5521,2,octagram
8395,27.278420251583817,39.31298281531961,3887,1,inner_ring
8396,58.78956603143154,75.08598355057981,3494,1,inner_ring
8397,47.64457935405993,33.954499719869446,7569,3,stroke_nan
8398,52.037611171131566,68.50463117006802,4857,2,octagram
8399,56.570107990988205,51.91728303910008,7904,4,stroke_kai
8400,47.36885464098967,89.23478783321626,761,0,outer_ring
8401,46.15942042869477,79.72572374687223,9213,5,text_en_1919
8402,55.133212055938635,89.86140941883447,258,0,outer_ring
8403,48.40249542884727,89.32948007171326,693,0,outer_ring
8404,75.33706410614444,49.921954851683104,6479,2,octagram
8405,54.414966902064705,84.70399339103002,8624,5,text_en_1919
8406,50.585684463694484,86.27025059435394,553,0,outer_ring
8407,90.81577367480484,56.40225309106424,9927,5,text_en_1919
8408,65.15022032242325,72.97800513876697,4683,2,octagram
8409,52.34106667140898,26.63472023059711,4102,1,inner_ring
8410,46.48179680808267,58.176267053131255,6640,3,stroke_nan
8411,25.33123556712098,25.607426062736433,10843,5,text_en_1919
8412,49.622900697132884,7.09582381954658,1793,0,outer_ring
8413,59.867266637096684,5.295661913282303,2716,0,outer_ring
8414,51.970282784545326,48.392254739274996,7044,3,stroke_nan
8415,44.851663549748935,21.34626253695849,5801,2,octagram
8416,30.01778529566997,36.88678011870777,5526,2,octagram
8417,32.168716290910794,31.28211659590591,3947,1,inner_ring
8418,42.90815966763743,48.786999473097026,6977,3,stroke_nan
8419,44.0763699135675,45.55579416714124,7196,3,stroke_nan
8420,47.179907768206576,23.041457769229993,5838,2,octagram
8421,33.11997959869959,30.13954908228683,3960,1,inner_ring
8422,32.26845143672355,35.15044883359017,5562,2,octagram
8423,32.41581415619912,9.692089929544887,1426,0,outer_ring
8424,44.82952028469527,39.43219379776253,7439,3,stroke_nan
8425,38.63050735667804,8.63908736295445,1458,0,outer_ring
8426,51.24653015456245,43.71301294996924,7211,3,stroke_nan
8427,54.08393884631726,5.545448582619919,2190,0,outer_ring
8428,26.688468075629746,48.59095199421827,3819,1,inner_ring
8429,45.88554603589229,6.97465977946962,1616,0,outer_ring
8430,64.54774723192683,7.43786928201025,3011,0,outer_ring
8431,53.02347413333079,83.03414709066342,8736,5,text_en_1919
8432,81.46178556252303,47.72405750770585,3229,1,inner_ring
8433,68.03678034123543,43.008308029463436,8276,4,stroke_kai
8434,42.798557235003386,70.8427693463942,4992,2,octagram
8435,59.348042784811376,48.877925543002426,8039,4,stroke_kai
8436,82.88995466304932,52.44827052454633,3261,1,inner_ring
8437,92.19637265793588,51.09086625704445,10167,5,text_en_1919
8438,29.35066521848424,59.28347071551186,5219,2,octagram
8439,91.30766234636829,45.75212742720941,10517,5,text_en_1919
8440,40.412612953226756,59.2884283741522,6652,3,stroke_nan
8441,62.40966555379047,71.90590914456702,4714,2,octagram
8442,34.708366985885554,84.26307805562588,1324,0,outer_ring
8443,54.23535381991309,89.4682869910422,296,0,outer_ring
8444,41.69559039767331,88.38264822010765,1092,0,outer_ring
8445,49.74389308735194,91.49886681172401,573,0,outer_ring
8446,45.58893132587937,89.21459477303154,885,0,outer_ring
8447,43.953397269757666,87.9925890087115,1011,0,outer_ring
8448,35.650003421760246,83.7365316198001,1315,0,outer_ring
8449,45.736763461559775,75.13915239799785,3586,1,inner_ring
8450,47.96963421563234,88.37209970288833,721,0,outer_ring
8451,51.4608760661837,52.319850835323685,6911,3,stroke_nan
8452,50.56544908331446,73.66276923229402,3552,1,inner_ring
8453,22.07414110142309,42.80897219983576,10557,5,text_en_1919
8454,27.013592015964782,44.35657302880788,3847,1,inner_ring
8455,38.56306491303177,61.45943296546846,5115,2,octagram
8456,60.33726317705003,83.31705030400197,8773,5,text_en_1919
8457,31.472483864683177,85.41159169997839,1347,0,outer_ring
8458,67.44774486481944,75.59911408297009,9354,5,text_en_1919
8459,53.26120922040795,90.19981139161274,351,0,outer_ring
8460,65.80435695720489,84.09318817928667,8782,5,text_en_1919
8461,52.945418648014005,75.6228050409481,3535,1,inner_ring
8462,51.708091975248735,88.87994712236288,457,0,outer_ring
8463,61.995005593114065,61.835047012125706,7593,4,stroke_kai
8464,82.77007975947286,54.42326980167783,3273,1,inner_ring
8465,90.78501318928734,40.662142007217575,10605,5,text_en_1919
8466,47.89548226085512,78.53252729241287,9239,5,text_en_1919
8467,56.135074385001815,69.07224380653334,4797,2,octagram
8468,86.70960035601557,66.13919680024289,9710,5,text_en_1919
8469,76.34077457130154,58.3934961078536,4471,2,octagram
8470,88.6615833990435,61.35154603072107,9762,5,text_en_1919
8471,41.806354668854205,56.304175471600985,6731,3,stroke_nan
8472,57.62137025472574,51.49954111811505,7949,4,stroke_kai
8473,79.36010316013578,68.19899389896068,9512,5,text_en_1919
8474,73.33220387331359,46.92179020254904,6432,2,octagram
8475,89.21284481282504,46.990139868545455,10448,5,text_en_1919
8476,55.94199113107146,6.071565679347765,2377,0,outer_ring
8477,52.94442987191197,89.86587403303324,373,0,outer_ring
8478,54.66707878647182,5.000612383281401,2246,0,outer_ring
8479,91.48466953083161,46.29539891637099,10502,5,text_en_1919
8480,88.02432922274438,53.190499304182914,10094,5,text_en_1919
8481,82.05710753535024,63.833918862587176,9713,5,text_en_1919
8482,84.83728844312576,67.29643087019376,9609,5,text_en_1919
8483,79.3060969468624,38.0488775753733,6320,2,octagram
8484,54.777437659413856,44.00020664314509,8454,4,stroke_kai
8485,55.6686951908701,43.67615225746452,8311,4,stroke_kai
8486,51.85102856076852,6.401486067119852,1984,0,outer_ring
8487,61.88846787891004,6.23530284813498,2843,0,outer_ring
8488,82.53929726055702,26.82871631117399,10807,5,text_en_1919
8489,64.64393946395936,23.977283121227178,6066,2,octagram
8490,81.97853016832902,25.640823310479032,10827,5,text_en_1919
8491,57.69377038194646,7.415594496626156,2557,0,outer_ring
8492,50.12130623485142,6.124087186613854,1835,0,outer_ring
8493,64.43421714449173,5.401695327831887,2990,0,outer_ring
8494,53.056853600882164,4.113714200307243,2090,0,outer_ring
8495,54.0392303379622,8.008896453755105,2182,0,outer_ring
8496,51.14715076940303,4.87531750642945,1926,0,outer_ring
8497,56.463499633768215,3.734806310431596,2423,0,outer_ring
8498,48.17537871426545,6.424686729971472,1721,0,outer_ring
8499,77.3531540659997,13.779679699337864,3223,0,outer_ring
8500,49.87804766123257,5.902605998059991,1813,0,outer_ring
8501,46.52735160207635,13.911239454908252,11054,5,text_en_1919
8502,54.115415645191526,6.221770691558435,2193,0,outer_ring
8503,65.73554148040326,8.838967118181928,3068,0,outer_ring
8504,58.96020054693612,12.395688292543884,11285,5,text_en_1919
8505,59.616632616538304,24.95465988513425,5986,2,octagram
8506,72.42580620810742,10.331623357184203,3204,0,outer_ring
8507,73.9193087437126,35.91845671869743,6232,2,octagram
8508,78.3862186260885,37.7934641946848,6298,2,octagram
8509,75.91003817268975,49.94078478423553,6480,2,octagram
8510,67.79893209558925,69.40205637282257,4635,2,octagram
8511,81.33987644877215,40.466299430628936,4370,1,inner_ring
8512,47.29545140721741,6.571701392680986,1672,0,outer_ring
8513,68.78158604711433,24.165761363563206,6098,2,octagram
8514,54.0272614754665,5.550272350397491,2184,0,outer_ring
8515,46.22663530165127,57.941144697275455,6659,3,stroke_nan
8516,64.0864085542022,55.500206297069354,7774,4,stroke_kai
8517,49.381644201911,74.43891302411797,3561,1,inner_ring
8518,54.83320130925209,74.15154507590682,3523,1,inner_ring
8519,30.640751049554762,52.79667476042157,5292,2,octagram
8520,45.46722823648843,91.27047687222536,864,0,outer_ring
8521,33.56308759524485,84.50952046122643,1335,0,outer_ring
8522,52.58753474985217,88.38399716859851,397,0,outer_ring
8523,29.212244599737804,81.0203901775862,1372,0,outer_ring
8524,29.141783979842778,74.8474405270727,9360,5,text_en_1919
8525,50.58856971171024,90.34850136110848,526,0,outer_ring
8526,39.42575301672852,57.01055665945298,6667,3,stroke_nan
8527,41.59903993067099,66.0825077404211,5051,2,octagram
8528,47.00409499316738,88.05509410412765,799,0,outer_ring
8529,29.37426587263783,58.541169711822306,5222,2,octagram
8530,27.689521269107196,41.30858528558394,3870,1,inner_ring
8531,33.78314142720934,28.543944575297672,3973,1,inner_ring
8532,17.72498418536982,43.11584631219701,10590,5,text_en_1919
8533,34.02074808846984,31.08276102798689,3959,1,inner_ring
8534,30.228970933815546,42.46000987500437,5444,2,octagram
8535,36.404004187572006,27.254297710310574,3989,1,inner_ring
8536,29.47266446887428,65.58904149912287,9665,5,text_en_1919
8537,45.08897212868064,41.03466860739699,7389,3,stroke_nan
8538,26.513378719429273,45.66318934105905,3837,1,inner_ring
8539,45.309503619794256,59.01144928401091,6614,3,stroke_nan
8540,57.10263349591076,16.92391693500584,10981,5,text_en_1919
8541,58.3386630748482,24.551320753020253,4151,1,inner_ring
8542,42.12438365792679,61.41958046473837,5098,2,octagram
8543,49.76958006797246,86.75650605708067,609,0,outer_ring
8544,44.52120647628654,70.79524478230707,4990,2,octagram
8545,78.03852113558462,39.724085157198886,6346,2,octagram
8546,65.914728637595,79.01154640702957,9158,5,text_en_1919
8547,48.48659186698998,89.76102295263898,680,0,outer_ring
8548,51.49766328474756,50.52916771261724,6964,3,stroke_nan
8549,59.807731613873536,61.5412376692462,7585,4,stroke_kai
8550,46.42447031804338,5.453762663850468,1646,0,outer_ring
8551,47.449090777075234,7.610857929691617,1670,0,outer_ring
8552,51.40719381604485,7.102965333654885,1938,0,outer_ring
8553,50.11497539906834,6.735886522790375,1830,0,outer_ring
8554,50.73581674370289,5.047228516915487,1894,0,outer_ring
8555,68.1127875936735,16.53554931701182,10945,5,text_en_1919
8556,42.484164364638936,25.189394596726558,5745,2,octagram
8557,22.040555229626367,36.518909288223874,10778,5,text_en_1919
8558,33.555560653883795,35.41966147682596,5576,2,octagram
8559,34.79925919786326,30.10128249989696,3970,1,inner_ring
8560,79.22010855585657,40.20029042007354,6341,2,octagram
8561,41.92595746622278,55.57093037766589,6750,3,stroke_nan
8562,27.29361118492563,68.36522203163685,9568,5,text_en_1919
8563,27.35687814102847,26.153711680722196,10830,5,text_en_1919
8564,37.53673178093417,24.634320744713317,4011,1,inner_ring
8565,48.12955609900652,5.15414402545231,1728,0,outer_ring
8566,33.086093445465664,30.83177490955431,3957,1,inner_ring
8567,49.29858729019548,12.538293059645968,11204,5,text_en_1919
8568,52.021764528958144,34.07422934866036,7525,3,stroke_nan
8569,55.29412769453471,5.654926557669204,2296,0,outer_ring
8570,50.6118231297897,5.9623019052061474,1873,0,outer_ring
8571,51.518081904043456,6.777166525224962,1951,0,outer_ring
8572,51.90050732098468,12.877166337609651,1946,0,outer_ring
8573,68.48390641180924,33.52996668046537,8531,4,stroke_kai
8574,59.30645075230383,92.08671846785867,108,0,outer_ring
8575,58.34267727235684,62.98791340411998,4790,2,octagram
8576,52.55457944084637,16.06355537257507,11119,5,text_en_1919
8577,60.91128885067974,78.01463328937128,9221,5,text_en_1919
8578,61.541470549895855,43.297928349051006,8253,4,stroke_kai
8579,88.9314827071128,49.25058421035218,10317,5,text_en_1919
8580,41.55085487284834,56.62970723348602,6723,3,stroke_nan
8581,77.22061785994661,53.115586483355784,6514,2,octagram
8582,80.79095429978267,36.039088511121804,4342,1,inner_ring
8583,63.39877810394845,89.60890451551595,39,0,outer_ring
8584,34.571137878026185,84.09998916286692,1327,0,outer_ring
8585,53.046696598242804,91.96811849123768,363,0,outer_ring
8586,50.898466819657806,90.56518777153133,507,0,outer_ring
8587,51.393540449483666,89.09113974465363,481,0,outer_ring
8588,58.76991321241434,85.00286631799571,8650,5,text_en_1919
8589,56.37685525743844,81.74466342611174,8826,5,text_en_1919
8590,47.12518948343229,89.40446003233558,772,0,outer_ring
8591,40.590952589939754,44.23061765637631,7232,3,stroke_nan
8592,49.90179581063323,90.98726875927349,566,0,outer_ring
8593,42.84819027164109,69.75005721999383,5013,2,octagram
8594,55.24072055713487,83.83813688093944,8649,5,text_en_1919
8595,28.899008365330765,56.515461522208824,5252,2,octagram
8596,27.3873984553514,44.88667202481109,3845,1,inner_ring
8597,29.280159686675294,38.754139085732426,5489,2,octagram
8598,66.21731418115266,79.81541572786169,9124,5,text_en_1919
8599,68.98446595535252,82.1352818456071,8900,5,text_en_1919
8600,53.12689233362203,78.92172946862955,9095,5,text_en_1919
8601,58.164743381618734,55.427537494412235,7853,4,stroke_kai
8602,60.267972648964914,77.66813311519869,9209,5,text_en_1919
8603,67.484018372274,63.98448276539331,4577,2,octagram
8604,68.8870096316081,86.5959036446102,7,0,outer_ring
8605,58.53520050252521,90.2980392011791,120,0,outer_ring
8606,64.05977780113948,60.05488811320373,7628,4,stroke_kai
8607,40.871363502934294,55.0805494053224,6799,3,stroke_nan
8608,52.391776758823354,79.67514603884858,9069,5,text_en_1919
8609,71.69358041980517,80.7383819431698,9008,5,text_en_1919
8610,90.42044506935343,60.665767727043416,9823,5,text_en_1919
8611,79.39170811408638,61.527671109734875,3323,1,inner_ring
8612,87.3064950990602,47.8910911010322,10388,5,text_en_1919
8613,83.27137165115725,70.74024821731449,9456,5,text_en_1919
8614,79.98007751324008,53.53828569590434,6532,2,octagram
8615,75.83571374874643,52.76802111068242,6502,2,octagram
8616,84.99734268292967,55.052061967830625,10070,5,text_en_1919
8617,81.05728981441369,58.283115771653215,4422,2,octagram
8618,45.60165213132563,73.31374270723907,4944,2,octagram
8619,60.86718631293146,46.12707299455705,8145,4,stroke_kai
8620,64.5353546327071,37.22832387332066,8470,4,stroke_kai
8621,69.06844695575316,74.52524237540268,3429,1,inner_ring
8622,58.99265680827263,18.426716014597865,10943,5,text_en_1919
8623,35.77275392512202,34.61483093300805,5598,2,octagram
8624,89.3202704907488,48.33224516756209,10355,5,text_en_1919
8625,62.6764121289032,42.627512182766274,8300,4,stroke_kai
8626,88.08328328581837,39.43542569247143,10706,5,text_en_1919
8627,87.31639885339771,48.20429721994189,10350,5,text_en_1919
8628,66.19806079333993,30.20540846298778,6142,2,octagram
8629,45.64717438813685,7.7447698788531545,1600,0,outer_ring
8630,55.438342917070685,5.1119867358389275,2310,0,outer_ring
8631,43.11225524532585,25.033081448458773,5756,2,octagram
8632,55.89837262028176,8.108524277096112,2382,0,outer_ring
8633,62.59072742120849,8.930896156686018,2927,0,outer_ring
8634,49.484017392482585,50.87683589643742,6902,3,stroke_nan
8635,56.46246825721809,6.324756303199375,2437,0,outer_ring
8636,48.890839439544344,7.315836578607763,1757,0,outer_ring
8637,46.21487397648623,35.656538364362554,7533,3,stroke_nan
8638,60.27904913377343,5.925820015249855,2751,0,outer_ring
8639,50.66105348301514,16.353155759016076,10941,5,text_en_1919
8640,47.73562451762612,7.23294198052781,1691,0,outer_ring
8641,63.35259597887071,7.176726193920525,2947,0,outer_ring
8642,56.892983168474146,5.236939046530939,2468,0,outer_ring
8643,68.89845385075364,34.20644782251693,8532,4,stroke_kai
8644,51.96655409775832,5.143336919550806,2003,0,outer_ring
8645,50.63869511659096,7.623142462911164,1864,0,outer_ring
8646,58.45976255269936,6.037314393297547,2612,0,outer_ring
8647,55.5420468025148,34.87329440352035,8551,4,stroke_kai
8648,63.966159088682076,7.316230037694299,2987,0,outer_ring
8649,62.60650955085551,6.601634141999604,2901,0,outer_ring
8650,75.19369160941399,28.73108387691275,4280,1,inner_ring
8651,82.19804672421162,62.790553282676626,9720,5,text_en_1919
8652,87.64689420186563,63.21103482698088,9744,5,text_en_1919
8653,90.21118680393236,46.530100911526546,10494,5,text_en_1919
8654,68.05010968969269,45.50521665062237,8148,4,stroke_kai
8655,56.907321660116715,26.42821592904612,5944,2,octagram
8656,74.07666527632279,10.392519428855955,3211,0,outer_ring
8657,54.69320802363279,5.692230012068228,2248,0,outer_ring
8658,46.59235095397115,82.88935226289794,8755,5,text_en_1919
8659,50.41602714804746,89.60254770771591,541,0,outer_ring
8660,45.03276312255859,71.60386047913825,4940,2,octagram
8661,46.32383964535914,88.54900537364902,847,0,outer_ring
8662,51.489604825926,75.32252868107057,3546,1,inner_ring
8663,46.604291807319704,88.2799754818852,828,0,outer_ring
8664,41.09228735679323,86.75858076253819,1149,0,outer_ring
8665,40.76934070758061,64.36734996988255,5073,2,octagram
8666,37.93988342129784,87.13089850004309,1239,0,outer_ring
8667,57.28982096180159,74.92607245410825,3504,1,inner_ring
8668,39.900629223830684,90.77649452082363,1138,0,outer_ring
8669,19.3527224116414,62.735156308735405,9746,5,text_en_1919
8670,19.317893709087368,63.42185371826529,9742,5,text_en_1919
8671,36.15048741013559,46.77821975940936,7097,3,stroke_nan
8672,24.610592995593912,57.122401409480226,9999,5,text_en_1919
8673,16.99354806306781,49.94169131253586,10224,5,text_en_1919
8674,24.356890869533142,38.94093459102989,10716,5,text_en_1919
8675,25.88317145191492,50.0257954836253,3809,1,inner_ring
8676,16.15242420893699,50.8484225337739,10223,5,text_en_1919
8677,16.510319940841743,51.07908474711894,10230,5,text_en_1919
8678,46.706457348623104,24.670161114691467,5846,2,octagram
8679,59.121952611184746,57.055152422858306,7757,4,stroke_kai
8680,40.996988024324565,61.3459385167178,5095,2,octagram
8681,41.52898055927134,53.7332548750473,6813,3,stroke_nan
8682,39.9033878846948,56.201159672795,6757,3,stroke_nan
8683,39.09158602269802,28.580455506872227,5699,2,octagram
8684,62.59346716865913,72.51576492370981,4715,2,octagram
8685,53.25961433127088,9.29941627101741,2095,0,outer_ring
8686,55.98482890866978,57.76380175120322,7674,4,stroke_kai
8687,67.41927831753608,64.86036486926234,4582,2,octagram
8688,70.98390187203968,60.786192326227145,4541,2,octagram
8689,54.326698644094286,91.09830568249023,286,0,outer_ring
8690,68.103477614088,62.73678854619267,4567,2,octagram
8691,40.66811757951735,46.879775683656455,7143,3,stroke_nan
8692,49.043571501811876,48.417357154439856,7061,3,stroke_nan
8693,49.85446574867155,76.07934287512325,3556,1,inner_ring
8694,64.46145260581392,7.399712634581267,3008,0,outer_ring
8695,45.127166370330016,6.081881493453874,1592,0,outer_ring
8696,52.22732038265935,40.25727809737129,7418,3,stroke_nan
8697,68.29358915830979,18.042803633833913,10883,5,text_en_1919
8698,42.86287336624552,25.550760423131464,5742,2,octagram
8699,45.87905344440621,78.47284188729664,9249,5,text_en_1919
8700,55.36964678827057,40.01399463569552,8480,4,stroke_kai
8701,42.671197671772674,25.743321849776848,5737,2,octagram
8702,59.38878558092037,42.385238695002506,8262,4,stroke_kai
8703,28.38315761591863,27.37306360016857,10820,5,text_en_1919
8704,61.71608016375352,20.424786822739996,4177,1,inner_ring
8705,35.431850973128554,13.426317251212595,1429,0,outer_ring
8706,42.622179877124566,38.956967225309214,7460,3,stroke_nan
8707,29.912032035257443,31.28608332539619,3939,1,inner_ring
8708,63.702000622813195,23.064083383025427,6040,2,octagram
8709,47.22131695928342,11.420206732985527,11256,5,text_en_1919
8710,38.86188067361438,7.880324474404143,1462,0,outer_ring
8711,46.52420913970612,20.157937125906944,4069,1,inner_ring
8712,50.738667663898035,24.62805977694187,5874,2,octagram
8713,51.78599706317233,14.945780960204768,11217,5,text_en_1919
8714,47.01253133749653,34.052905831013526,7570,3,stroke_nan
8715,66.76336724364056,14.674249638035322,11060,5,text_en_1919
8716,50.91906911802749,15.100817062500244,11206,5,text_en_1919
8717,48.42848809481427,5.901382936562262,1739,0,outer_ring
8718,62.8110865100473,36.58446516235195,8477,4,stroke_kai
8719,71.91292476370165,34.92093098009615,6219,2,octagram
8720,89.00318793732723,50.9340118212816,10126,5,text_en_1919
8721,65.08227936993977,61.014647421263405,7637,4,stroke_kai
8722,92.79649289800525,51.62593991287081,10163,5,text_en_1919
8723,80.38497005419472,32.93379365441536,4323,1,inner_ring
8724,62.69711430773596,48.163444133331446,8063,4,stroke_kai
8725,53.21547059224396,81.40335726896774,8859,5,text_en_1919
8726,36.46458580084317,59.57300467114397,5141,2,octagram
8727,63.87982202588413,88.24107528019313,31,0,outer_ring
8728,48.44442747597831,84.9371906811314,8596,5,text_en_1919
8729,47.61338752587366,89.68108567871418,736,0,outer_ring
8730,68.6489868499493,83.91006403804039,8775,5,text_en_1919
8731,50.691498426648614,89.60401733748965,523,0,outer_ring
8732,75.7225727179025,70.34882979724966,9471,5,text_en_1919
8733,46.758427628509416,58.94073492023188,6611,3,stroke_nan
8734,49.72646306662087,89.90975514505797,585,0,outer_ring
8735,49.850728035385885,52.78546747500832,6832,3,stroke_nan
8736,50.68197291691619,89.80963652024556,521,0,outer_ring
8737,20.542988412279783,50.34023544653465,10231,5,text_en_1919
8738,44.04644410370538,69.21724572517755,5017,2,octagram
8739,56.19288076471668,53.96924386560889,7796,4,stroke_kai
8740,58.58700301771326,90.10601534360619,118,0,outer_ring
8741,49.540990263125906,91.30296298809304,586,0,outer_ring
8742,44.3578098715084,89.29528206313759,958,0,outer_ring
8743,64.69742788336374,63.35738174009866,7590,4,stroke_kai
8744,47.33336001511808,90.51573608779469,751,0,outer_ring
8745,57.22409347455647,89.72945161071213,157,0,outer_ring
8746,62.92166634709952,78.69648077247564,9157,5,text_en_1919
8747,54.01844620951568,69.43185651725572,4846,2,octagram
8748,49.44330317465428,46.98634700476994,7106,3,stroke_nan
8749,65.49946808386395,52.28208428465344,7897,4,stroke_kai
8750,65.00625224570861,72.25751529020924,4680,2,octagram
8751,75.91914166873828,50.20662477110974,6484,2,octagram
8752,50.97088344256143,14.609349012292668,11229,5,text_en_1919
8753,76.0427178076253,46.45088773831421,6414,2,octagram
8754,68.26014888635794,53.24446806394885,7864,4,stroke_kai
8755,87.21527885111975,59.107898873783725,9872,5,text_en_1919
8756,57.95212337218702,55.666931516589926,7746,4,stroke_kai
8757,79.3250034206722,38.24900873521084,6324,2,octagram
8758,87.27728349369714,62.52450886430162,9761,5,text_en_1919
8759,68.02628581400334,54.9374408273815,7777,4,stroke_kai
8760,63.037170570044005,5.917094766015804,2915,0,outer_ring
8761,93.21673476297048,55.33974821052185,10026,5,text_en_1919
8762,71.71081676567908,8.565697972749623,3192,0,outer_ring
8763,59.78701793540135,5.824109820357642,2714,0,outer_ring
8764,45.23473028709974,38.24741812449974,7477,3,stroke_nan
8765,58.70753056532859,47.155009412090585,8166,4,stroke_kai
8766,55.96854482112756,52.79367053858693,7847,4,stroke_kai
8767,91.39758463633892,36.68910222105064,10783,5,text_en_1919
8768,95.87640523124828,47.23847962334883,10478,5,text_en_1919
8769,65.04131033213444,24.120642118830254,6071,2,octagram
8770,58.11262130958284,24.369170923334448,4149,1,inner_ring
8771,51.65399313908697,5.108131247480703,1975,0,outer_ring
8772,58.39443962789347,10.027202218737234,11347,5,text_en_1919
8773,80.59148142727793,57.0124764195874,6568,2,octagram
8774,59.725222222963964,6.692515992513422,2719,0,outer_ring
8775,54.72486719482326,5.960384771071031,2252,0,outer_ring
8776,43.609171310863346,44.02064112698574,7253,3,stroke_nan
8777,62.91227279422369,24.021339123496734,6021,2,octagram
8778,59.14328216893701,3.8178072050039233,2653,0,outer_ring
8779,46.36562810801467,7.717052780932437,1624,0,outer_ring
8780,62.432811368312706,7.63074234150768,2904,0,outer_ring
8781,55.540710667737095,5.9334550584250145,2327,0,outer_ring
8782,58.22476671464911,12.234462899245393,11297,5,text_en_1919
8783,64.79544489445298,24.238306832270972,6068,2,octagram
8784,65.51297037561439,7.3944935955820545,3048,0,outer_ring
8785,54.02471808311271,5.236600684923722,2183,0,outer_ring
8786,65.5498166977631,17.83204053709473,10895,5,text_en_1919
8787,52.99855838287033,13.618133770278437,11298,5,text_en_1919
8788,68.53819108055859,5.588312344302514,3128,0,outer_ring
8789,73.92261654677175,11.976403475838282,3216,0,outer_ring
8790,73.74061227897663,29.604927438811885,4277,1,inner_ring
8791,56.44160695423932,4.205558708034804,2424,0,outer_ring
8792,81.708713397228,57.79670544372163,3297,1,inner_ring
8793,85.7267467900092,58.0136542816986,9966,5,text_en_1919
8794,90.0971611450875,47.49750388182953,10431,5,text_en_1919
8795,66.14231635921698,41.70191021184553,8360,4,stroke_kai
8796,56.382817458633234,6.0997910464029275,2429,0,outer_ring
8797,55.92683507671025,7.53281948492803,2383,0,outer_ring
8798,47.48122102944549,38.62298056747068,7449,3,stroke_nan
8799,48.65883393941501,47.2840038090443,7104,3,stroke_nan
8800,78.03771651394281,63.43741106557003,3341,1,inner_ring
8801,45.873774930148386,88.0209902375439,882,0,outer_ring
8802,47.21147994505208,77.0082940682218,9292,5,text_en_1919
8803,68.83820192973376,83.16713601076306,8810,5,text_en_1919
8804,50.054003246847316,88.04029466797296,577,0,outer_ring
8805,29.145167856555293,81.94158590117733,1368,0,outer_ring
8806,47.033373607303986,88.0895629670024,798,0,outer_ring
8807,38.995451220056516,87.51533368475404,1213,0,outer_ring
8808,59.07628442702826,90.01513236957057,107,0,outer_ring
8809,24.181834856641206,62.39484124147115,9804,5,text_en_1919
8810,45.06289692103863,88.24222089361332,929,0,outer_ring
8811,29.70723374573586,62.43920903728849,3722,1,inner_ring
8812,46.390006553661266,53.44027378135211,6806,3,stroke_nan
8813,28.560983726270926,69.99244804253019,9552,5,text_en_1919
8814,20.86835579906327,42.295575143050065,10575,5,text_en_1919
8815,31.302172913200298,74.7135231372184,9396,5,text_en_1919
8816,23.900883453179564,39.42520990462139,10710,5,text_en_1919
8817,26.851086724403174,37.27288964875205,5500,2,octagram
8818,21.927488736854738,56.34180276070646,9997,5,text_en_1919
8819,33.26338075370127,34.99042921551525,5571,2,octagram
8820,19.57217368681026,51.48097254478784,10169,5,text_en_1919
8821,45.98349399827243,41.54819690193612,7377,3,stroke_nan
8822,40.67554496802081,70.40601548311842,5010,2,octagram
8823,31.543554158707057,52.071441269839426,5306,2,octagram
8824,50.00054558143982,88.86850565351737,574,0,outer_ring
8825,48.27323187476977,94.17295828084885,659,0,outer_ring
8826,30.203899392658283,31.9347132023711,3937,1,inner_ring
8827,45.08187681227036,73.18594288787827,4946,2,octagram
8828,61.47312539459172,49.04764986368823,8042,4,stroke_kai
8829,58.392607249219786,45.53693602953504,8143,4,stroke_kai
8830,52.85052925780902,90.65156295132324,378,0,outer_ring
8831,58.22028194232946,77.87544617619366,9219,5,text_en_1919
8832,49.27325404005753,68.25918372557922,4875,2,octagram
8833,66.18701252521285,19.156980020712126,10887,5,text_en_1919
8834,58.643138717039704,78.34666318485706,9166,5,text_en_1919
8835,39.26199339462655,49.38089649463164,5365,2,octagram
8836,60.526521770130024,44.0227617753529,8245,4,stroke_kai
8837,41.58048287047951,19.058174687515177,10884,5,text_en_1919
8838,71.08696896987819,25.573764388525927,4247,1,inner_ring
8839,58.644657618654556,43.03153950363457,8247,4,stroke_kai
8840,43.9398021842649,48.42000539547709,7057,3,stroke_nan
8841,55.21536402816351,4.462118381640863,2285,0,outer_ring
8842,51.07250710414538,43.25397676962808,7230,3,stroke_nan
8843,22.207423008608234,38.726921784440634,10731,5,text_en_1919
8844,29.588007837077402,37.65796896860867,5515,2,octagram
8845,64.70939076264112,26.65223501141226,6091,2,octagram
8846,33.89893799396287,33.941320556699196,5580,2,octagram
8847,30.557364100740536,55.455687588363325,5268,2,octagram
8848,34.783162600072615,29.35878594592909,3975,1,inner_ring
8849,27.95453064844654,34.55769562930637,3912,1,inner_ring
8850,59.253133410536684,34.38906588202355,5960,2,octagram
8851,40.99184421685179,15.169412420779674,11071,5,text_en_1919
8852,60.30746390747401,20.550100954851917,4165,1,inner_ring
8853,56.9506853869075,43.54439969572549,8241,4,stroke_kai
8854,53.71233087011001,7.444758375254918,2149,0,outer_ring
8855,65.56732036207502,62.42346133952896,7605,4,stroke_kai
8856,81.17258821432227,46.452120604306366,4413,1,inner_ring
8857,63.239451055268745,8.425865626902635,2960,0,outer_ring
8858,39.219496085766636,49.54614084527083,5369,2,octagram
8859,40.88866005184317,17.096476988494533,11022,5,text_en_1919
8860,58.815145432844005,6.0594299711686155,2645,0,outer_ring
8861,51.85748320488655,76.56287630348216,3540,1,inner_ring
8862,89.60049814241647,48.87832743448828,10319,5,text_en_1919
8863,94.88781294695725,52.540701131167545,10164,5,text_en_1919
8864,93.05164462295232,48.062348090740585,10398,5,text_en_1919
8865,51.00293461030301,79.58980769959379,9106,5,text_en_1919
8866,68.86937608935361,55.357089512897986,7784,4,stroke_kai
8867,58.779140220904985,77.30603051779538,9231,5,text_en_1919
8868,55.00971833766283,89.92013020306993,262,0,outer_ring
8869,50.197346801669696,89.77338555862553,556,0,outer_ring
8870,45.10510178405308,89.6588144448317,905,0,outer_ring
8871,42.31641907317248,88.62405284483894,1066,0,outer_ring
8872,33.59514747581089,84.3898058769212,1336,0,outer_ring
8873,46.1169824774492,89.37927416359513,849,0,outer_ring
8874,40.655648751421865,86.13645961460647,1172,0,outer_ring
8875,49.77061341799057,87.5407505338394,601,0,outer_ring
8876,32.52125643022601,86.93938902851693,1331,0,outer_ring
8877,39.40786870304515,33.55072954016774,5641,2,octagram
8878,41.11653895500281,47.17654388861676,7117,3,stroke_nan
8879,27.20064651467723,37.0423779922013,5503,2,octagram
8880,39.86835237041483,58.85656493266055,6666,3,stroke_nan
8881,29.77669687530474,31.861683149999873,3933,1,inner_ring
8882,39.1168475727411,86.92537067979816,1215,0,outer_ring
8883,59.498729232583656,83.75249775220855,8750,5,text_en_1919
8884,53.01324751338118,90.0054104009416,369,0,outer_ring
8885,65.60044921599255,61.25510248204437,7620,4,stroke_kai
8886,58.557000883012506,81.89312187552854,8883,5,text_en_1919
8887,57.16605835602642,93.48876787235992,168,0,outer_ring
8888,69.39231306078312,83.20691527355243,8797,5,text_en_1919
8889,68.05314317667155,83.01370279228546,8809,5,text_en_1919
8890,76.04287153865822,63.72298602810636,3349,1,inner_ring
8891,56.74608119607958,89.42466289845254,175,0,outer_ring
8892,77.28300444265611,36.336884364036635,6277,2,octagram
8893,78.2683898298665,39.879030868915,6345,2,octagram
8894,46.91847634699361,55.99003022415569,6716,3,stroke_nan
8895,83.49119533988461,66.0675443253207,9661,5,text_en_1919
8896,63.45921810419462,53.07666453083037,7871,4,stroke_kai
8897,93.56086820311013,51.08898179401127,10172,5,text_en_1919
8898,93.08137331412489,52.67228497675457,10090,5,text_en_1919
8899,81.09966145536588,56.26802061920134,3285,1,inner_ring
8900,79.36437173529,56.025139723449186,6555,2,octagram
8901,78.28682464438866,61.113493943843935,3327,1,inner_ring
8902,58.63953243125398,13.049674487316548,11282,5,text_en_1919
8903,72.46782822243338,8.323883946749149,3196,0,outer_ring
8904,55.46465434143015,43.82422294177963,8316,4,stroke_kai
8905,76.87625920594459,31.392398801236695,4303,1,inner_ring
8906,76.79101764328102,30.95835373490687,4298,1,inner_ring
8907,91.71438164183448,50.81577141681704,10171,5,text_en_1919
8908,73.98636994769899,50.39661196248197,6475,2,octagram
8909,50.03930112908954,49.10923246880531,6951,3,stroke_nan
8910,72.57736955558478,31.779772465102976,6209,2,octagram
8911,72.66003735818313,24.030571286108625,4251,1,inner_ring
8912,66.68508744091642,21.98649222785259,4206,1,inner_ring
8913,51.369996019909365,6.573232467278354,1939,0,outer_ring
8914,71.8538808926897,24.770110623632306,4249,1,inner_ring
8915,57.38386960719999,45.61879502018589,8190,4,stroke_kai
8916,63.90950191049116,11.626009240966178,11174,5,text_en_1919
8917,56.66378465239369,6.216796599917898,2459,0,outer_ring
8918,48.482813577883086,3.800755583677754,1760,0,outer_ring
8919,74.0274328823953,12.272415978063833,3217,0,outer_ring
8920,61.865099995331086,4.2669340582276964,2826,0,outer_ring
8921,65.74912022431417,40.57031778284792,8371,4,stroke_kai
8922,72.18945052698324,27.907274166541793,4260,1,inner_ring
8923,57.85540966374558,12.254996118586073,11296,5,text_en_1919
8924,56.456051358585206,6.779559774072382,2438,0,outer_ring
8925,51.60689432182097,5.872978991503912,1967,0,outer_ring
8926,65.47252432826336,22.540680042549027,6050,2,octagram
8927,58.65713842711677,16.762478387625052,10998,5,text_en_1919
8928,53.47573144333846,5.530351428668461,2123,0,outer_ring
8929,53.21812164434427,4.306573309179656,2104,0,outer_ring
8930,50.85318683349456,6.843461180299,1887,0,outer_ring
8931,69.2541057090196,33.3398499526192,6183,2,octagram
8932,65.66197281197087,23.74178317687718,6064,2,octagram
8933,70.67812822181796,10.310967944496413,3187,0,outer_ring
8934,83.55518922996563,50.07903731175283,10281,5,text_en_1919
8935,49.418781040995896,14.20990066728133,11015,5,text_en_1919
8936,88.6893674834295,49.023375420704916,10335,5,text_en_1919
8937,74.56081824799219,49.076639583736764,6463,2,octagram
8938,66.99339854724117,55.218776212260614,7769,4,stroke_kai
8939,70.04232563335779,33.80314127904323,6192,2,octagram
8940,56.15478811346878,4.8004922678318955,2393,0,outer_ring
8941,39.780894040969464,23.107739391288,4028,1,inner_ring
8942,67.17460784227904,67.42487934584007,4613,2,octagram
8943,37.67209514306014,87.11443049942244,1247,0,outer_ring
8944,35.67274113280751,83.96249633343761,1314,0,outer_ring
8945,52.52406460512991,55.72540852055605,6686,3,stroke_nan
8946,67.38377888107651,87.90453390014314,12,0,outer_ring
8947,40.137760406256014,88.37200462380964,1160,0,outer_ring
8948,41.87232257926193,67.57459694677806,5036,2,octagram
8949,29.38303691541039,74.17594055279324,9382,5,text_en_1919
8950,38.53794702523911,29.963667751121317,5678,2,octagram
8951,38.74203864891067,74.83350627482395,9367,5,text_en_1919
8952,30.27274572338636,61.41052027204801,3726,1,inner_ring
8953,32.836418332682655,58.408607821051824,5191,2,octagram
8954,22.785255500652553,58.09739084995746,9908,5,text_en_1919
8955,51.89646946340832,49.24616520291271,7005,3,stroke_nan
8956,35.95911242580499,59.687929102577776,5147,2,octagram
8957,18.739705586858012,43.462946536779505,10572,5,text_en_1919
8958,34.85218618770602,35.58214385493143,5584,2,octagram
8959,41.16604708954611,19.85774957615301,10871,5,text_en_1919
8960,21.41149832119053,18.55425501682288,1411,0,outer_ring
8961,54.399978904074665,80.98837102918387,8930,5,text_en_1919
8962,62.99805934433276,8.711757888217337,2946,0,outer_ring
8963,41.11418386386883,28.450482053383777,5703,2,octagram
8964,28.947922349464484,42.00303671958659,5457,2,octagram
8965,52.547501968186424,48.67865701332708,7047,3,stroke_nan
8966,30.613614041585873,53.02580311310344,5286,2,octagram
8967,44.407751732428636,45.410515468152965,7197,3,stroke_nan
8968,47.971929786222766,48.07389229953498,7028,3,stroke_nan
8969,54.95711786875107,82.49133916021529,8780,5,text_en_1919
8970,72.97288115403565,49.17599754010222,6457,2,octagram
8971,65.72510258579385,74.31182523920347,3447,1,inner_ring
8972,47.048063564971,89.2827578190202,781,0,outer_ring
8973,60.47766799329361,90.15691135220132,73,0,outer_ring
8974,45.19188251783767,69.4847862005401,5002,2,octagram
8975,48.456489956109685,71.6585375694292,4902,2,octagram
8976,50.99118273034745,44.87633766504203,7190,3,stroke_nan
8977,46.927122431045895,9.03410209811986,11349,5,text_en_1919
8978,48.035130087471586,54.087023762564385,6778,3,stroke_nan
8979,55.530286292165506,33.150001601023575,8562,4,stroke_kai
8980,48.64104121350173,19.98096341369884,4083,1,inner_ring
8981,51.626674763868635,7.026385059323216,1961,0,outer_ring
8982,47.496050024146115,7.726762965234748,1673,0,outer_ring
8983,50.838867886757384,4.715430454435687,1900,0,outer_ring
8984,46.36359050775369,43.634164837778165,7274,3,stroke_nan
8985,20.87631217064776,44.07528103417518,10552,5,text_en_1919
8986,45.96986659218676,41.64791518345247,7365,3,stroke_nan
8987,57.8447871900559,74.9627701515821,3500,1,inner_ring
8988,56.790388240956865,60.426527051180614,7627,4,stroke_kai
8989,24.431370811666373,56.48926881823124,10009,5,text_en_1919
8990,46.679168671062605,42.358853696368314,7348,3,stroke_nan
8991,52.346530455395886,39.343539068079615,7441,3,stroke_nan
8992,60.47353348526477,5.600932740681675,2762,0,outer_ring
8993,46.22466718496579,7.681359208874319,1620,0,outer_ring
8994,52.11036948783624,18.065334336997825,11073,5,text_en_1919
8995,57.23104738073763,6.786322110537598,2516,0,outer_ring
8996,57.249308468280205,13.519083703490999,11243,5,text_en_1919
8997,51.17760184977061,12.736147272936615,1867,0,outer_ring
8998,50.63940945008471,47.8113220323662,7114,3,stroke_nan
8999,68.18670097565234,42.648020337641576,8304,4,stroke_kai
9000,47.949875328936216,6.340377819416743,1710,0,outer_ring
9001,56.2203825698399,26.381828446093856,5937,2,octagram
9002,57.93888345158267,42.56173501235091,8261,4,stroke_kai
9003,90.86253541355627,47.20778886184884,10484,5,text_en_1919
9004,77.98923290977243,54.35015758132316,6531,2,octagram
9005,73.42017223841054,10.215186271191847,3208,0,outer_ring
9006,52.27924335422368,45.97793940796811,7156,3,stroke_nan
9007,72.25108279126725,68.23083613736746,3391,1,inner_ring
9008,65.79280175343523,23.01620974125707,4204,1,inner_ring
9009,62.74071292192959,54.09216099934736,7832,4,stroke_kai
9010,20.437224902295767,36.136662109110254,10785,5,text_en_1919
9011,50.48244805423979,88.34345085260105,547,0,outer_ring
9012,44.70725761515759,87.5758475493936,965,0,outer_ring
9013,59.9094441717694,84.02754055424072,8739,5,text_en_1919
9014,61.18471065566793,90.46502372917404,61,0,outer_ring
9015,50.75455878488162,87.7827555969243,534,0,outer_ring
9016,44.70093861740461,89.20673641294731,940,0,outer_ring
9017,66.42468196241545,76.4084686859568,9313,5,text_en_1919
9018,68.65462608205823,52.31581376344072,7883,4,stroke_kai
9019,54.81546287685375,77.5237130350811,9188,5,text_en_1919
9020,46.63197213002899,91.0566649198809,787,0,outer_ring
9021,36.979520881863756,70.37191751853909,3652,1,inner_ring
9022,24.25601194346548,67.49368604725038,9556,5,text_en_1919
9023,33.77205115247603,65.14896005094398,3689,1,inner_ring
9024,61.113885169768665,61.9327000864757,7584,4,stroke_kai
9025,59.239528755460796,90.66752770729893,103,0,outer_ring
9026,53.40814528830228,88.18457667901224,346,0,outer_ring
9027,51.83096596795198,90.06095416909328,439,0,outer_ring
9028,53.04023353613326,89.9269875188612,366,0,outer_ring
9029,52.522445114473314,52.40297387203366,6910,3,stroke_nan
9030,53.71058415596021,90.32064458520142,325,0,outer_ring
9031,60.07836804475275,48.9424470721149,8045,4,stroke_kai
9032,66.3473173511833,61.81898933828343,7604,4,stroke_kai
9033,55.00234699896278,80.63536976314231,8950,5,text_en_1919
9034,62.377792647138534,54.7303498455928,7793,4,stroke_kai
9035,68.9816171085576,49.42860552449007,8020,4,stroke_kai
9036,74.76436992798807,67.7602986105209,3376,1,inner_ring
9037,65.22369329963547,46.92369696144463,8078,4,stroke_kai
9038,80.66784461686063,59.77371144301871,3307,1,inner_ring
9039,87.1161393374592,48.21281376646038,10368,5,text_en_1919
9040,86.02027401832483,59.56132095716618,9842,5,text_en_1919
9041,91.2949880855514,53.626681761618315,10057,5,text_en_1919
9042,92.32256928712535,50.561866534023004,10182,5,text_en_1919
9043,60.79607048842925,58.76633361355669,7660,4,stroke_kai
9044,51.52026342210378,6.949332318565986,1950,0,outer_ring
9045,61.816718708014065,22.146874857756295,6020,2,octagram
9046,48.37896757925426,12.619880400768537,11202,5,text_en_1919
9047,42.2057289457668,8.113227381887885,1507,0,outer_ring
9048,55.931145648427865,26.351057300721724,5936,2,octagram
9049,88.09546559957508,48.16419425463783,10370,5,text_en_1919
9050,58.46581824410077,68.31609415940275,4776,2,octagram
9051,81.37875442533615,36.78075950391025,4347,1,inner_ring
9052,67.4125053821516,46.43182838923608,8113,4,stroke_kai
9053,65.91797399984823,72.97962759581172,3443,1,inner_ring
9054,60.66297448706642,38.347642765120725,8462,4,stroke_kai
9055,63.80187237033123,33.62990730655669,8538,4,stroke_kai
9056,73.42884545908979,48.643118956610635,6456,2,octagram
9057,46.415400098141944,5.1941402707151205,1649,0,outer_ring
9058,45.6229394464657,7.659181900378181,1598,0,outer_ring
9059,52.4520192773441,6.834854226060109,2034,0,outer_ring
9060,71.47678759566328,8.85280746787258,3190,0,outer_ring
9061,42.93540357137478,8.105249088797532,1516,0,outer_ring
9062,52.30288949223767,35.904291442551724,7503,3,stroke_nan
9063,53.544477215678526,5.898337180166243,2133,0,outer_ring
9064,55.866441265440315,6.080226582573937,2368,0,outer_ring
9065,60.617132993277316,20.862398766760286,4171,1,inner_ring
9066,56.711992796876366,6.549956240124571,2465,0,outer_ring
9067,69.02595433713294,15.435341376495618,11038,5,text_en_1919
9068,62.16430391337942,7.565399014438609,2882,0,outer_ring
9069,58.846716279835675,14.938426252228073,11173,5,text_en_1919
9070,53.61505360053067,33.513840628473716,5905,2,octagram
9071,54.06779918180507,6.414806300143428,2187,0,outer_ring
9072,61.17492528000349,7.6874391222836165,2818,0,outer_ring
9073,48.473240592958156,6.2889702907982485,1738,0,outer_ring
9074,61.35475838901986,10.58351109988339,2863,0,outer_ring
9075,56.1817467513365,17.29985016104848,10995,5,text_en_1919
9076,76.06897283307943,30.032211650018436,4289,1,inner_ring
9077,62.17343086176238,43.38186512513283,8242,4,stroke_kai
9078,88.65325275696887,38.09031174504287,10734,5,text_en_1919
9079,76.14638974221796,34.75219685207349,6254,2,octagram
9080,79.53792365675044,26.472228298690215,10815,5,text_en_1919
9081,62.84918740298584,7.004237973532607,2917,0,outer_ring
9082,61.078427222323946,18.72447819339237,4168,1,inner_ring
9083,42.27227464851189,7.409258627527744,1511,0,outer_ring
9084,76.88131902293813,54.287941534417634,6525,2,octagram
9085,41.6975476281256,70.21745177780355,5006,2,octagram
9086,63.157753111413285,84.22190595190442,8712,5,text_en_1919
9087,41.84362077983215,86.8338076568068,1109,0,outer_ring
9088,43.435097698434305,89.38280007125367,1017,0,outer_ring
9089,31.559933015077018,83.06294432266833,1356,0,outer_ring
9090,31.991108600776407,63.50486685226967,3706,1,inner_ring
9091,35.59125795351265,72.6413825209254,9401,5,text_en_1919
9092,67.88822612980516,66.54566813139887,4602,2,octagram
9093,42.02999024208007,56.58441026178647,6732,3,stroke_nan
9094,25.345721888486743,70.97497350291849,9478,5,text_en_1919
9095,26.39160413119416,53.452016868641664,10138,5,text_en_1919
9096,54.28399666915753,78.59326954769311,9144,5,text_en_1919
9097,16.950376476123846,63.75207511696685,9748,5,text_en_1919
9098,17.909462142910765,42.03724021684367,10616,5,text_en_1919
9099,43.90672962888868,56.524818265008854,6690,3,stroke_nan
9100,23.098938375304815,44.72626575288656,10537,5,text_en_1919
9101,39.47130390001331,46.86553255783711,7088,3,stroke_nan
9102,34.09916795993504,29.490643073620596,3969,1,inner_ring
9103,39.77277140488338,31.65366489357488,5663,2,octagram
9104,37.515749484427275,47.28698638970629,7069,3,stroke_nan
9105,20.01208889856273,58.106719222929065,9936,5,text_en_1919
9106,42.56796051159321,47.507970718689094,7071,3,stroke_nan
9107,50.02523760299264,55.226727565168105,6860,3,stroke_nan
9108,58.586305199351045,20.090242739795695,4148,1,inner_ring
9109,29.080039975010255,55.95368958540493,5256,2,octagram
9110,38.65916211399513,49.13705562274727,5367,2,octagram
9111,67.44191294203411,18.441130109531905,10877,5,text_en_1919
9112,27.525729954441783,78.22601150613802,1378,0,outer_ring
9113,67.81859050101939,30.350390078501317,6152,2,octagram
9114,55.80107691135809,80.41165581036381,8931,5,text_en_1919
9115,54.21384664345121,81.71994633951059,8847,5,text_en_1919
9116,64.64767390978649,49.7673618637466,8017,4,stroke_kai
9117,78.60205112465253,43.45994393613593,4389,1,inner_ring
9118,51.795836740828776,68.38069287596524,4860,2,octagram
9119,40.88237982025009,45.447071052435405,7202,3,stroke_nan
9120,67.6553816135951,27.320076325160112,6117,2,octagram
9121,42.42423347849062,52.65133626377648,6835,3,stroke_nan
9122,52.76209770351514,44.07693051091318,7215,3,stroke_nan
9123,58.8923548423934,5.496201686020558,2646,0,outer_ring
9124,48.63750204059084,44.90116784472418,7248,3,stroke_nan
9125,31.575178600544454,58.815155497553654,5201,2,octagram
9126,39.51084814958487,44.94749938830299,7214,3,stroke_nan
9127,40.861313351657444,20.5904202829863,10859,5,text_en_1919
9128,45.024649702372805,6.667954719552375,1585,0,outer_ring
9129,39.55066640455543,26.921140057202514,5707,2,octagram
9130,27.849516913283168,40.772149397333585,3877,1,inner_ring
9131,21.123333707489444,36.522110895848265,10786,5,text_en_1919
9132,51.73046612643269,34.5839410919933,7514,3,stroke_nan
9133,31.438233327591956,63.89933230895705,3705,1,inner_ring
9134,45.35350581884144,22.72832830474569,5806,2,octagram
9135,50.23642238880498,5.641086281911753,1847,0,outer_ring
9136,47.30305808966531,15.89826286384291,10938,5,text_en_1919
9137,50.85673943427944,15.398664293088803,10964,5,text_en_1919
9138,57.40377406879305,46.82453181539204,8098,4,stroke_kai
9139,75.76679432272395,48.67256348803211,6464,2,octagram
9140,67.62083273947029,28.25801966275251,6126,2,octagram
9141,60.33957483002435,25.373049805569728,5987,2,octagram
9142,52.48964642609456,45.358779674104525,7179,3,stroke_nan
9143,40.24829341489342,40.327477641511116,7431,3,stroke_nan
9144,69.29214158662847,31.467019669930554,6161,2,octagram
9145,63.42320557343333,38.362566295708106,8448,4,stroke_kai
9146,76.47015849698433,32.12553672441094,4306,1,inner_ring
9147,81.9569275734037,44.32033051017675,4400,1,inner_ring
9148,61.86009200590079,59.021088644445854,7678,4,stroke_kai
9149,47.62487531888886,91.6049557899478,716,0,outer_ring
9150,24.56351435163276,54.79495341809651,10022,5,text_en_1919
9151,78.19149690731825,39.453026662902445,6340,2,octagram
9152,48.3314299216593,60.04825404884576,6678,3,stroke_nan
9153,39.73351481412535,91.4854475670882,1133,0,outer_ring
9154,45.705296581003196,79.79339348657852,9022,5,text_en_1919
9155,38.403602572999006,85.59615018733524,1243,0,outer_ring
9156,55.81096526214747,89.52070316803358,220,0,outer_ring
9157,44.35872078299724,73.98447617090811,4959,2,octagram
9158,55.65128280691425,84.57679506733292,8632,5,text_en_1919
9159,51.20412012582129,89.28362172350907,491,0,outer_ring
9160,47.824109007976446,89.12734350936068,725,0,outer_ring
9161,50.97637946110318,69.2460599824312,4866,2,octagram
9162,47.27975674826705,77.95426871547137,9250,5,text_en_1919
9163,28.513660748805567,67.28470814528337,9593,5,text_en_1919
9164,39.114252274588594,71.49301287159379,3634,1,inner_ring
9165,27.90205708924932,48.89897256576462,3815,1,inner_ring
9166,61.81608707714069,74.71831361377527,3469,1,inner_ring
9167,72.06674488069773,78.48556984399193,9172,5,text_en_1919
9168,58.46330876959665,90.1764709654458,121,0,outer_ring
9169,60.332169761922444,38.8312908230472,8451,4,stroke_kai
9170,63.95651501105822,83.99664678127506,8741,5,text_en_1919
9171,60.05856032388581,46.45334976667146,8151,4,stroke_kai
9172,40.8409963897378,87.07195880995728,1155,0,outer_ring
9173,76.77826099853382,54.13913375438396,6518,2,octagram
9174,61.733142896981235,74.1510450343791,3468,1,inner_ring
9175,86.13049029363508,60.76821965815182,9793,5,text_en_1919
9176,51.80850325764247,77.16770858459293,9195,5,text_en_1919
9177,83.51557709944487,40.687502277631204,10663,5,text_en_1919
9178,76.42088854881021,59.56339733982491,4470,2,octagram
9179,84.42484269783017,59.821127110415084,9855,5,text_en_1919
9180,67.03634389897462,77.73752451444473,9267,5,text_en_1919
9181,81.50040614463306,65.55535529983105,9673,5,text_en_1919
9182,61.47829442061708,58.77547583990524,7687,4,stroke_kai
9183,93.77724352725419,48.57470175816909,10277,5,text_en_1919
9184,87.73039844427998,47.906665145500206,10409,5,text_en_1919
9185,84.39003177012192,58.42469585324229,9902,5,text_en_1919
9186,68.95509095487506,48.35712968293039,6448,2,octagram
9187,65.54325929199646,23.87625278294166,6065,2,octagram
9188,70.95077162449653,7.790177386265228,3180,0,outer_ring
9189,41.0084121534485,17.07164821409608,10916,5,text_en_1919
9190,67.94496441430105,18.798100144967197,10870,5,text_en_1919
9191,67.98280648260462,49.971629794026335,8009,4,stroke_kai
9192,65.12027731159145,61.4112072410973,7621,4,stroke_kai
9193,88.95594922526938,59.85470411545888,9858,5,text_en_1919
9194,76.47548388494869,46.18786960232545,6405,2,octagram
9195,88.94586244005487,40.39368566373915,10688,5,text_en_1919
9196,84.5014267551592,48.19980201451692,10363,5,text_en_1919
9197,61.885986671884744,16.379131667262154,10985,5,text_en_1919
9198,53.86568273118004,16.58108982038773,11098,5,text_en_1919
9199,74.04206462210585,47.4631726126087,6439,2,octagram
9200,55.68486419330497,6.6481102340763,2348,0,outer_ring
9201,57.468351693809254,40.30866185505995,8407,4,stroke_kai
9202,53.15962774659791,13.595199814618924,11270,5,text_en_1919
9203,56.26997493203584,5.314840056967139,2413,0,outer_ring
9204,51.56479119818059,5.399682381797041,1964,0,outer_ring
9205,68.92776745830662,26.969807102113244,6120,2,octagram
9206,68.22036496219162,31.987461967967796,6163,2,octagram
9207,71.5286937145672,10.428112199090423,3197,0,outer_ring
9208,62.24425422232684,5.815493860182592,2861,0,outer_ring
9209,54.22838559883945,6.1128910309048505,2206,0,outer_ring
9210,66.97631911322247,7.114262467461059,3100,0,outer_ring
9211,44.2512674121306,14.266878789191656,11053,5,text_en_1919
9212,44.37675721637618,39.11976535021869,7451,3,stroke_nan
9213,62.094325758675105,7.232485074832014,2866,0,outer_ring
9214,54.21833904904186,7.7563424072313865,2204,0,outer_ring
9215,46.326213872528314,5.452049188839665,1641,0,outer_ring
9216,43.76461276555587,6.566196130239183,1556,0,outer_ring
9217,64.1541493282046,6.087564026957434,2980,0,outer_ring
9218,62.837309331623246,59.00731941165047,7672,4,stroke_kai
9219,72.0391767229552,26.173997751001338,4255,1,inner_ring
9220,79.52052673904434,57.24807664014821,6571,2,octagram
9221,65.52388042486076,39.23224338156252,8426,4,stroke_kai
9222,54.13075878594255,5.8924808284061045,2196,0,outer_ring
9223,58.67782273499289,5.909187084249184,2632,0,outer_ring
9224,58.044357167987414,5.821990242394171,2572,0,outer_ring
9225,57.43637536817752,31.70218461615014,5962,2,octagram
9226,67.58606025783786,53.71338452922066,7860,4,stroke_kai
9227,41.443571677519905,69.25702650731728,5018,2,octagram
9228,63.33661345273577,81.70286212523828,8920,5,text_en_1919
9229,28.452104366824006,66.83671649661176,9624,5,text_en_1919
9230,56.38201093123595,90.55194300645847,191,0,outer_ring
9231,46.14832711250103,89.20538735714038,850,0,outer_ring
9232,46.811183301491205,87.95208428489303,815,0,outer_ring
9233,44.73643403104255,85.38955224408834,1003,0,outer_ring
9234,16.43740767013573,66.6995134044011,1390,0,outer_ring
9235,21.62237872709106,48.318581383995486,10289,5,text_en_1919
9236,45.47280054100217,88.75264719327453,893,0,outer_ring
9237,25.670546201822575,68.17233275646734,9576,5,text_en_1919
9238,28.126203372848995,36.88198078654592,5506,2,octagram
9239,16.314965391463573,49.045882620742226,10256,5,text_en_1919
9240,16.143627661713314,50.354124664249376,10236,5,text_en_1919
9241,20.570912474689152,49.42819534663416,10244,5,text_en_1919
9242,17.02408224775416,50.93621890178734,10217,5,text_en_1919
9243,22.00960393400095,39.56554034672466,10717,5,text_en_1919
9244,42.01610848721858,43.168502849645606,7317,3,stroke_nan
9245,43.140286305734705,23.93619640525136,5761,2,octagram
9246,30.654414294450127,43.94251501425621,5424,2,octagram
9247,38.85854919273587,36.04932210179919,5623,2,octagram
9248,43.61029405509787,49.347636356000464,6996,3,stroke_nan
9249,33.001235512073166,44.758045962183736,5406,2,octagram
9250,51.89524916377268,68.6889508295797,4858,2,octagram
9251,39.14487050504419,61.99370359572594,5106,2,octagram
9252,52.04844783926447,69.93808371668517,4861,2,octagram
9253,68.48906189190677,65.8772873075855,4593,2,octagram
9254,65.91433071898857,42.74711804341781,8324,4,stroke_kai
9255,64.62590673756564,67.03958906435096,4615,2,octagram
9256,57.869258805034704,89.15612441358508,134,0,outer_ring
9257,61.94418328116977,72.54550443917587,4719,2,octagram
9258,65.0270937848904,73.35600499076867,4688,2,octagram
9259,54.278344408368675,74.92831954294964,3526,1,inner_ring
9260,64.41383054254074,16.84608816202609,10909,5,text_en_1919
9261,40.67258505521056,64.63798896876959,5074,2,octagram
9262,53.96042857091438,39.25418680589518,5909,2,octagram
9263,53.03656384182627,10.667010292761109,2070,0,outer_ring
9264,52.94584474295452,35.06871754346968,5903,2,octagram
9265,45.170248789945056,38.56639830359855,7445,3,stroke_nan
9266,51.02443670083525,16.673998825932642,4099,1,inner_ring
9267,39.633358798293855,43.4617074510698,7309,3,stroke_nan
9268,44.00651496393008,39.11761669474313,7452,3,stroke_nan
9269,41.331271892219775,18.081043649983656,10893,5,text_en_1919
9270,35.28328999507658,35.21604883412231,5586,2,octagram
9271,40.09269032979021,14.639193128317652,11154,5,text_en_1919
9272,40.90957021954444,27.205016046302525,5715,2,octagram
9273,31.173195276413004,31.331944548481612,3943,1,inner_ring
9274,37.800352695484534,7.4694287502358785,1456,0,outer_ring
9275,44.65010898440292,42.52092497718074,7326,3,stroke_nan
9276,34.793944696013696,26.22731309930636,3984,1,inner_ring
9277,57.184898716204565,7.729283911859054,2518,0,outer_ring
9278,42.91287813296198,43.773062935035924,7302,3,stroke_nan
9279,44.278637334047936,24.254816796258314,5785,2,octagram
9280,52.24933808937243,5.600402697030353,2020,0,outer_ring
9281,41.0997677347403,27.997165993542744,5710,2,octagram
9282,70.25059563249836,34.90836687961984,6197,2,octagram
9283,84.54247734390694,49.075833636463834,10328,5,text_en_1919
9284,46.409053582867735,63.975908725209734,6582,3,stroke_nan
9285,56.37431850093368,20.673041711475808,4137,1,inner_ring
9286,84.74686117034572,42.154434480612224,10650,5,text_en_1919
9287,53.8421800095863,82.89178308386796,8727,5,text_en_1919
9288,91.49243075602132,52.771346552573924,10106,5,text_en_1919
9289,76.39589602148804,36.0443390869684,6263,2,octagram
9290,50.61205406466243,45.58317037965781,7185,3,stroke_nan
9291,43.451479258192016,80.19615747359676,8985,5,text_en_1919
9292,67.11455072339652,6.037848159016428,3093,0,outer_ring
9293,64.83356902943042,72.83812834463866,4682,2,octagram
9294,51.205055175131115,89.408648073013,490,0,outer_ring
9295,52.55277220429536,90.07726396155302,394,0,outer_ring
9296,44.63740525274139,87.92350611184811,963,0,outer_ring
9297,52.26096892088564,69.01177372770108,4859,2,octagram
9298,32.15857817912345,71.0102967897639,9474,5,text_en_1919
9299,59.29703775981947,86.88818791969992,8593,5,text_en_1919
9300,46.14324834825202,89.46508954097202,846,0,outer_ring
9301,63.51808634604196,90.04207649702693,37,0,outer_ring
9302,38.36288148282079,88.62361086486911,1219,0,outer_ring
9303,53.72595627828889,81.03539890100544,8917,5,text_en_1919
9304,52.15137669429393,88.36604104366431,430,0,outer_ring
9305,30.739075136998878,36.12016760799851,5539,2,octagram
9306,23.87698335560366,38.85390320951359,10719,5,text_en_1919
9307,21.532686396559086,67.70052590997598,9575,5,text_en_1919
9308,50.03323345179342,89.83214481071111,565,0,outer_ring
9309,59.54119886503883,82.35066474989176,8863,5,text_en_1919
9310,68.3397981186313,87.82055107961499,9,0,outer_ring
9311,47.18434154572539,89.74575973429556,767,0,outer_ring
9312,50.550837237946574,69.85762002121581,4877,2,octagram
9313,65.5586149450661,51.30211441109913,7947,4,stroke_kai
9314,81.67847413935954,45.19577717603378,4404,1,inner_ring
9315,59.47762320999959,60.75752233184113,7589,4,stroke_kai
9316,78.63258198715889,35.76683597522137,6294,2,octagram
9317,63.53416022049328,56.67607473139466,7734,4,stroke_kai
9318,55.49156746726171,84.76884588019885,8605,5,text_en_1919
9319,52.25916887831745,79.87312555690168,9045,5,text_en_1919
9320,88.76950089098035,58.17534673443903,9896,5,text_en_1919
9321,58.34553716080689,49.613429040543195,8023,4,stroke_kai
9322,61.803863930327,60.39595426915676,7610,4,stroke_kai
9323,57.63321701857622,46.71771483518898,8110,4,stroke_kai
9324,92.0878723726069,44.012258477938765,10531,5,text_en_1919
9325,84.86214479336275,67.65146125110621,9534,5,text_en_1919
9326,87.79807087723431,63.56713367539595,9717,5,text_en_1919
9327,89.77940117935523,61.953823506727744,9780,5,text_en_1919
9328,76.01470826627323,35.476888488355634,6252,2,octagram
9329,52.31938525786499,82.46321685922105,8789,5,text_en_1919
9330,58.718087775538486,6.48356582980969,2643,0,outer_ring
9331,67.70053595633614,41.42549802250822,8348,4,stroke_kai
9332,85.61247839127607,43.066565971072926,10644,5,text_en_1919
9333,86.61732460251221,42.719478085368046,10665,5,text_en_1919
9334,88.39220870413739,39.20918736804859,10708,5,text_en_1919
9335,76.0256354929261,36.4391175925346,6260,2,octagram
9336,68.13930584408428,42.145923311246335,8321,4,stroke_kai
9337,69.0683404020984,42.266423813578534,8319,4,stroke_kai
9338,60.65209283167088,41.65552622561215,8356,4,stroke_kai
9339,50.204908646675655,5.946679118384976,1843,0,outer_ring
9340,72.64075924696427,27.946014701178846,4263,1,inner_ring
9341,54.5415671912579,6.6709849328250135,2237,0,outer_ring
9342,54.2226399062275,5.723948358973842,2205,0,outer_ring
9343,52.70364946055146,14.986972846040446,11177,5,text_en_1919
9344,52.87950320817894,6.183937910411303,2071,0,outer_ring
9345,55.464650633503396,6.581022470853461,2320,0,outer_ring
9346,50.88527395972056,6.07485274464747,1897,0,outer_ring
9347,45.41535309817698,4.912572413839831,1612,0,outer_ring
9348,50.30608755773076,5.304049318975862,1855,0,outer_ring
9349,66.4204793322718,52.220687525866666,7901,4,stroke_kai
9350,58.53902883273361,5.132085835228545,2610,0,outer_ring
9351,51.8626961874988,42.42739846028758,7279,3,stroke_nan
9352,48.35665272056299,17.2404305322082,4084,1,inner_ring
9353,54.866005975212616,6.924618322037259,2266,0,outer_ring
9354,59.92952576750335,6.387669905023436,2726,0,outer_ring
9355,50.48758621945664,6.9842337564790915,1859,0,outer_ring
9356,57.16779206682343,11.138887834575502,11309,5,text_en_1919
9357,76.08408406245758,30.158438548221095,4290,1,inner_ring
9358,65.05405834339358,43.39794225062209,8287,4,stroke_kai
9359,57.89221574947467,6.686621895485027,2565,0,outer_ring
9360,67.02703867219732,38.27136307091641,8443,4,stroke_kai
9361,79.06855110277799,51.092564986597836,6503,2,octagram
9362,77.9242583434954,41.879481222590584,6358,2,octagram
9363,67.41878785605566,45.52073702909318,8149,4,stroke_kai
9364,70.80136679511199,34.703562482001786,6203,2,octagram
9365,92.35726168196878,46.50006809009358,10495,5,text_en_1919
9366,58.092363045915704,5.95684872190629,2577,0,outer_ring
9367,48.588065978694175,41.98849404772818,7305,3,stroke_nan
9368,91.12513039437034,48.57754187361609,10271,5,text_en_1919
9369,38.27828229718112,87.27237872190565,1232,0,outer_ring
9370,39.396634431349064,86.09871575030476,1217,0,outer_ring
9371,51.47872946492694,86.66134618091837,487,0,outer_ring
9372,39.953631093681196,86.46015088753262,1194,0,outer_ring
9373,40.695851832944726,85.0838924891619,1189,0,outer_ring
9374,59.99415119412028,80.41278494201792,9003,5,text_en_1919
9375,36.165308268317496,83.79421373435807,1311,0,outer_ring
9376,34.24986483399422,66.7845610635545,3680,1,inner_ring
9377,44.28261312101695,56.19728488800133,6743,3,stroke_nan
9378,49.41369253951313,54.01926472597116,6798,3,stroke_nan
9379,30.874765002664343,60.64269764402587,5199,2,octagram
9380,30.689541721067496,67.12194154115613,9595,5,text_en_1919
9381,50.994312304745335,53.080086629080995,6903,3,stroke_nan
9382,31.860882087384113,44.53355723947338,5412,2,octagram
9383,25.183061926397126,70.01613313091829,9496,5,text_en_1919
9384,22.095556162374265,41.96664764878976,10585,5,text_en_1919
9385,17.833064076053855,50.67717671413881,10195,5,text_en_1919
9386,32.43211257373056,52.84489580734052,5299,2,octagram
9387,29.663900671645198,56.06380207100893,5257,2,octagram
9388,38.30092151393294,61.43526814355505,5117,2,octagram
9389,46.912814495830794,53.417794946573714,6782,3,stroke_nan
9390,22.885181138510564,37.153404657009204,10759,5,text_en_1919
9391,50.033771196642626,48.42392238035704,7033,3,stroke_nan
9392,41.32139849783811,51.94957283882386,6914,3,stroke_nan
9393,68.7748313336265,28.03052424177549,6133,2,octagram
9394,57.790227150044394,88.70819312960464,135,0,outer_ring
9395,61.115171060720265,84.41396136421474,8673,5,text_en_1919
9396,50.36003523029489,90.02639526946433,542,0,outer_ring
9397,57.501913055955804,42.15141698348648,8285,4,stroke_kai
9398,75.40428178424384,42.96089865479544,6375,2,octagram
9399,43.23117949657955,52.28421472102422,6849,3,stroke_nan
9400,67.73316786852061,83.89308399410059,8796,5,text_en_1919
9401,56.34617374133605,66.59273537669613,4810,2,octagram
9402,63.49015393639101,19.15345898016506,10898,5,text_en_1919
9403,52.408467461895164,5.143331354192428,2035,0,outer_ring
9404,60.060071900748746,22.571165865544792,5997,2,octagram
9405,80.23750453107377,35.96957593071108,4337,1,inner_ring
9406,51.069622829922125,67.99930584098244,4863,2,octagram
9407,55.27819775709407,26.9647497743148,5920,2,octagram
9408,49.90287922790459,24.43178199343257,5870,2,octagram
9409,27.994562898631177,58.55275606051235,5234,2,octagram
9410,42.102713632263075,16.775860072319684,10946,5,text_en_1919
9411,39.845736626190856,29.10257556412263,5692,2,octagram
9412,38.30830898303921,26.303784647495927,4006,1,inner_ring
9413,32.54253515048943,45.16613565152955,5404,2,octagram
9414,38.56855914497129,69.4867176859736,3646,1,inner_ring
9415,30.750236078312444,30.741348509698298,3944,1,inner_ring
9416,38.49906088066733,9.770667521642384,1454,0,outer_ring
9417,43.01062878825656,21.858664084108653,4048,1,inner_ring
9418,48.83978122935237,12.42638424540826,11226,5,text_en_1919
9419,49.66882384807675,35.73998948746297,7541,3,stroke_nan
9420,42.801104348603175,47.16055105391997,7090,3,stroke_nan
9421,52.815091043156016,27.493235680476552,5881,2,octagram
9422,46.31005617274724,6.408465605194807,1633,0,outer_ring
9423,48.159519539089345,51.80643463232776,6879,3,stroke_nan
9424,44.70819584022313,6.545924057355869,1579,0,outer_ring
9425,43.231905841127,42.70802222478072,7310,3,stroke_nan
9426,67.37703471583887,29.045949800692835,6136,2,octagram
9427,80.16820499612787,36.103895120058255,4340,1,inner_ring
9428,47.63603633970498,71.71777160980744,4918,2,octagram
9429,82.78651540954961,57.37253849197555,3290,1,inner_ring
9430,46.362782416429035,12.76535089662352,11190,5,text_en_1919
9431,64.66260492203266,43.068894885034155,8291,4,stroke_kai
9432,50.286619415762274,68.43259114265011,4872,2,octagram
9433,64.01426881610598,50.47969932042021,7990,4,stroke_kai
9434,82.58670071760896,59.089376395171435,4423,2,octagram
9435,67.77304728175623,66.29067054878352,4599,2,octagram
9436,48.439166686083894,78.91509907443675,9229,5,text_en_1919
9437,40.860200328532024,65.73427349158739,5059,2,octagram
9438,45.01652712023537,73.36719287353267,4952,2,octagram
9439,29.761088442569754,70.66509201828445,9571,5,text_en_1919
9440,36.94519576815405,86.08929723272085,1278,0,outer_ring
9441,47.07567086610929,88.08135534476884,794,0,outer_ring
9442,52.84880607390105,88.98806758077974,384,0,outer_ring
9443,51.12046271923758,92.05957623330559,485,0,outer_ring
9444,50.90890070289399,90.55815045187809,504,0,outer_ring
9445,26.760093721909715,66.6214259453515,9631,5,text_en_1919
9446,48.0200111722413,83.04604038922938,8744,5,text_en_1919
9447,22.895487415386857,48.87931618282716,10280,5,text_en_1919
9448,34.444499361514794,47.91558535352893,5358,2,octagram
9449,29.2301752574496,39.2738832907993,5483,2,octagram
9450,51.99304669236793,90.73103378040183,432,0,outer_ring
9451,53.96461692888174,89.43122687522659,306,0,outer_ring
9452,57.22714534479107,87.93890871863304,153,0,outer_ring
9453,67.46870898726166,65.63424399314295,4592,2,octagram
9454,54.13642526008442,84.51374259676152,8631,5,text_en_1919
9455,78.99226843558628,59.25090083779446,4438,2,octagram
9456,69.88606660106406,75.4932933159685,9307,5,text_en_1919
9457,72.9203272855346,62.26425680253786,4523,2,octagram
9458,65.45928449022028,72.52894108942264,4677,2,octagram
9459,66.9046614717067,67.95205000911092,4616,2,octagram
9460,51.66299525552391,89.86525001971698,454,0,outer_ring
9461,61.30422520872205,61.49907505608212,7597,4,stroke_kai
9462,64.97358073620521,72.22760423916915,4673,2,octagram
9463,63.90710253540976,57.939661380770765,7699,4,stroke_kai
9464,76.14584589582942,59.23303910148321,4477,2,octagram
9465,81.0669004633348,65.75841989798859,9672,5,text_en_1919
9466,86.39375115736284,54.52345310906016,10061,5,text_en_1919
9467,85.13382497578463,52.8303062550222,10122,5,text_en_1919
9468,76.68205514853516,52.687850655920556,6508,2,octagram
9469,78.10083261125757,56.697200591041394,6552,2,octagram
9470,56.03037657724973,6.122809245912079,2387,0,outer_ring
9471,53.00537170836965,2.0076333300869855,2091,0,outer_ring
9472,62.17036949231148,76.16711094277326,9293,5,text_en_1919
9473,65.3821581000449,56.80939017857131,7760,4,stroke_kai
9474,86.80892133654793,60.410614559906456,9794,5,text_en_1919
9475,68.54746492568735,7.703082562368429,3147,0,outer_ring
9476,62.130488129001606,46.166891873175764,8152,4,stroke_kai
9477,70.69628626640268,60.56409120740141,4544,2,octagram
9478,76.61310050409894,43.95754024145051,6380,2,octagram
9479,65.63669040602812,45.44952744129545,8141,4,stroke_kai
9480,77.63842133761386,34.40131910815044,6274,2,octagram
9481,64.27480752220282,43.144915286606434,8296,4,stroke_kai
9482,53.55925869632754,6.518295900107484,2134,0,outer_ring
9483,37.09003009920231,37.220815055216185,5599,2,octagram
9484,61.28583176879783,7.2929638053012695,2820,0,outer_ring
9485,66.3338115184315,6.135610585681921,3062,0,outer_ring
9486,49.437739179238676,5.944857521245466,1790,0,outer_ring
9487,54.021092387793296,5.367930134606448,2181,0,outer_ring
9488,51.03360014675398,5.54946292361096,1913,0,outer_ring
9489,61.731627199632804,5.543528568822093,2829,0,outer_ring
9490,55.78125342240655,7.592474907426622,2365,0,outer_ring
9491,50.94017583185678,5.757934399067342,1901,0,outer_ring
9492,52.905669493231706,15.523064404569539,11141,5,text_en_1919
9493,56.24512090624294,6.115599161234856,2417,0,outer_ring
9494,47.02505351962167,25.219142469904263,5847,2,octagram
9495,59.934935355757574,6.917610425138293,2733,0,outer_ring
9496,49.46497591434839,11.926972813101244,11239,5,text_en_1919
9497,61.66784051788507,24.18295976858212,6008,2,octagram
9498,67.65697534929335,8.599031448356325,3130,0,outer_ring
9499,67.15306783395829,42.57543251654893,8309,4,stroke_kai
9500,68.00961295910618,31.193318378611647,6154,2,octagram
9501,79.18533894860771,36.39729431953814,6304,2,octagram
9502,91.75518422508097,43.347204001682194,10535,5,text_en_1919
9503,87.82907533949928,48.50645645800152,10351,5,text_en_1919
9504,87.21878205374605,48.033441164187195,10369,5,text_en_1919
9505,60.20310183608463,7.096635932586379,2758,0,outer_ring
9506,56.64144631666755,7.31022795013485,2464,0,outer_ring
9507,75.82060197660432,31.190144523533014,4294,1,inner_ring
9508,53.03009919734764,6.411054951630148,2083,0,outer_ring
9509,49.932586304267545,5.456484163237762,1822,0,outer_ring
9510,69.0480064984627,49.59298450475428,7992,4,stroke_kai
9511,40.5535438903195,65.8594643209034,5062,2,octagram
9512,49.38236855398945,88.29061253399763,630,0,outer_ring
9513,51.702412269190695,89.03573441131711,455,0,outer_ring
9514,46.96135690392013,87.84538828447822,802,0,outer_ring
9515,40.008486927374626,76.85606492202842,9326,5,text_en_1919
9516,41.398365529400465,87.02805019087529,1124,0,outer_ring
9517,31.479617476356783,56.26004371868654,5270,2,octagram
9518,32.555764517640235,84.13791195510015,1345,0,outer_ring
9519,38.78002780684411,70.70160138075575,3638,1,inner_ring
9520,56.70901189407732,89.11596014675602,176,0,outer_ring
9521,23.76697230547386,49.00805940963057,10270,5,text_en_1919
9522,29.864027099246236,55.22986859055928,5267,2,octagram
9523,28.390771107449414,57.47855123700721,5240,2,octagram
9524,15.150582922548226,47.10857935738014,10597,5,text_en_1919
9525,30.75791025291688,56.8585470214373,5261,2,octagram
9526,20.02175036052898,38.35227379862513,10757,5,text_en_1919
9527,17.65551357881213,57.88757820367575,9955,5,text_en_1919
9528,35.726690229448046,34.26971818666484,5597,2,octagram
9529,27.189320593231642,43.45750322215485,3854,1,inner_ring
9530,19.434139272669153,47.19205891855608,10483,5,text_en_1919
9531,26.736922072375588,56.47136012041665,3764,1,inner_ring
9532,58.95472675051149,9.915990573287916,11336,5,text_en_1919
9533,70.16530036630388,29.404316183249964,6144,2,octagram
9534,65.08934554460218,41.43798301955757,8337,4,stroke_kai
9535,40.017685993324605,62.17993624008214,5101,2,octagram
9536,52.15322964024921,88.78871590886385,427,0,outer_ring
9537,53.219240017635855,90.28521303122493,353,0,outer_ring
9538,43.11020490496058,88.81228157196574,1038,0,outer_ring
9539,51.30215729946649,92.59329451623776,468,0,outer_ring
9540,62.66471761529325,74.59990490677063,3463,1,inner_ring
9541,42.15946299738057,88.49676579022746,1074,0,outer_ring
9542,68.87336338082527,62.6814271285729,4563,2,octagram
9543,32.849972803804604,60.68710538579244,5174,2,octagram
9544,60.05046633713134,39.10570652877172,8416,4,stroke_kai
9545,66.11242001559678,14.844970693657041,11089,5,text_en_1919
9546,59.04471342325011,47.38002613436657,8093,4,stroke_kai
9547,65.7821301287319,25.993138148069264,6086,2,octagram
9548,51.70218436768022,43.442419804851106,7223,3,stroke_nan
9549,42.56838580134513,6.3469097268944275,1519,0,outer_ring
9550,48.55804053567979,52.67880676871201,6828,3,stroke_nan
9551,27.87617767084304,14.374693604476738,1415,0,outer_ring
9552,32.162661132978286,30.81853027757778,3954,1,inner_ring
9553,52.006370942324274,39.78519572123926,7434,3,stroke_nan
9554,39.685783922798464,52.52604044268489,6909,3,stroke_nan
9555,29.809104001286155,62.074663197537774,3723,1,inner_ring
9556,28.232775530840748,55.35368316495047,3769,1,inner_ring
9557,51.78975215995789,43.59888418322844,7222,3,stroke_nan
9558,50.45473085717073,5.90559646580334,1863,0,outer_ring
9559,27.126309108792018,47.68221024473215,3823,1,inner_ring
9560,51.4297349237162,38.400378265539196,7454,3,stroke_nan
9561,61.88480695286754,61.33786106026826,7603,4,stroke_kai
9562,58.61640355313848,9.415259287059817,11358,5,text_en_1919
9563,60.04782729158465,7.053696686843797,2743,0,outer_ring
9564,67.18604661347624,22.93325032996626,4214,1,inner_ring
9565,49.038827506559734,56.67669798235607,6717,3,stroke_nan
9566,45.086957249150714,22.68985800584159,5804,2,octagram
9567,86.43466965710837,46.7392016362355,10460,5,text_en_1919
9568,49.97785741165317,6.171856824600202,1818,0,outer_ring
9569,57.527680399488275,6.296890454622821,2533,0,outer_ring
9570,65.52029653677765,73.92677331475694,3448,1,inner_ring
9571,77.16415612577647,44.156968375485825,6382,2,octagram
9572,77.24522717725131,37.0659977349898,6275,2,octagram
9573,80.1024747531092,56.66523898997641,6558,2,octagram
9574,60.261406250323134,40.02226837276377,8391,4,stroke_kai
9575,92.08486434116615,49.280584770512526,10227,5,text_en_1919
9576,50.177572341391254,90.18020345591036,555,0,outer_ring
9577,53.85344931386676,88.56062990282128,316,0,outer_ring
9578,28.645400271879954,59.68195695207985,3741,1,inner_ring
9579,57.49538465569093,69.99196045881612,4780,2,octagram
9580,49.75058817130781,85.45459728213002,8597,5,text_en_1919
9581,50.125115239603,90.30024503967198,558,0,outer_ring
9582,53.273288558231265,90.39628859883972,349,0,outer_ring
9583,66.79419070099846,89.29841981872521,16,0,outer_ring
9584,49.35840071953709,51.30232075161032,6868,3,stroke_nan
9585,44.84966044791113,88.92226790835461,937,0,outer_ring
9586,35.04474109162723,61.7818329468053,5151,2,octagram
9587,59.19640346393209,87.38553997348507,8588,5,text_en_1919
9588,37.58873982921098,79.39248201041099,9103,5,text_en_1919
9589,16.51469166630657,67.77963173125612,1388,0,outer_ring
9590,27.471910802591985,56.51668031422708,3761,1,inner_ring
9591,49.472426208321,56.62263510894573,6727,3,stroke_nan
9592,53.21452754067092,80.20479489509815,8974,5,text_en_1919
9593,48.238817335907484,80.37954049808089,9092,5,text_en_1919
9594,80.49708625204434,56.90015001552554,6569,2,octagram
9595,69.04624681305927,71.42194312289699,3419,1,inner_ring
9596,51.037346693280504,88.52077396895267,511,0,outer_ring
9597,50.508230949281526,90.4293733167826,536,0,outer_ring
9598,84.29955646499782,66.1330809450553,9669,5,text_en_1919
9599,62.5396883078685,71.67099009653315,4713,2,octagram
9600,74.80378047607836,76.29733465060205,9350,5,text_en_1919
9601,66.01187394721876,66.83682831688222,4610,2,octagram
9602,58.37700694012736,79.57067327514747,9072,5,text_en_1919
9603,65.76716997727053,73.9743662135649,3445,1,inner_ring
9604,67.56945705077725,53.94022077861197,7830,4,stroke_kai
9605,57.975428751533386,47.26241471890504,8081,4,stroke_kai
9606,79.37157622716246,56.79408967862255,6562,2,octagram
9607,58.9285842547238,45.20234405433995,8142,4,stroke_kai
9608,57.16326579295338,48.37758429169079,8013,4,stroke_kai
9609,90.99302009251363,49.16824826299883,10252,5,text_en_1919
9610,88.38363570197173,47.486351455281984,10390,5,text_en_1919
9611,66.05184713003639,70.53584684301406,4648,2,octagram
9612,33.20690564864741,50.78040887701954,5326,2,octagram
9613,47.29954828155866,47.77992207265912,7074,3,stroke_nan
9614,46.77825624519673,52.62053944339802,6840,3,stroke_nan
9615,56.364362930692586,18.460603442595534,10966,5,text_en_1919
9616,80.07141607881859,35.6452466128005,4334,1,inner_ring
9617,67.37977834774101,22.119949192677055,4211,1,inner_ring
9618,66.34394565555627,72.16019404128717,4667,2,octagram
9619,90.35463013900574,49.268950186493036,10258,5,text_en_1919
9620,87.60413411168234,39.6957432395015,10703,5,text_en_1919
9621,76.70121896128062,43.16518602679597,6372,2,octagram
9622,43.27140444165135,49.73457994905462,6966,3,stroke_nan
9623,67.48317813289943,41.6750521335998,8347,4,stroke_kai
9624,67.26496171021847,7.019442214384798,3109,0,outer_ring
9625,56.8258711269498,7.784342202124811,2479,0,outer_ring
9626,50.209039367581866,7.3966901590921115,1831,0,outer_ring
9627,51.2307632177423,7.034752756641763,1919,0,outer_ring
9628,58.51585999874948,7.183874030366786,2627,0,outer_ring
9629,40.501368551634705,28.950282778607622,5701,2,octagram
9630,43.8967099677003,7.222192017042513,1554,0,outer_ring
9631,70.63826568802632,12.897423703183229,11114,5,text_en_1919
9632,65.99132108688185,9.285336614246818,3086,0,outer_ring
9633,64.85667608237652,4.867012354831008,3000,0,outer_ring
9634,61.5146845261061,6.976551788257501,2832,0,outer_ring
9635,54.82549216739959,7.073815235953139,2262,0,outer_ring
9636,53.030349337168516,6.701948545143235,2081,0,outer_ring
9637,45.27571836039918,7.701746686013249,1586,0,outer_ring
9638,59.04441859039736,8.991759602965928,2693,0,outer_ring
9639,45.954190021902136,21.89169574677675,5812,2,octagram
9640,47.27863579047775,22.45799411025468,5837,2,octagram
9641,72.90441679512229,9.412177848340447,3205,0,outer_ring
9642,64.4377945073068,41.504744267546755,8329,4,stroke_kai
9643,63.24809564191281,8.096375410896385,2955,0,outer_ring
9644,65.09703706486303,21.141841522302585,6041,2,octagram
9645,90.75557176837127,48.03564339887427,10376,5,text_en_1919
9646,75.30085455391304,44.6126730141246,6395,2,octagram
9647,81.5404880911837,53.04368560611832,3269,1,inner_ring
9648,55.416359977263184,37.945384156596795,8485,4,stroke_kai
9649,67.04730151231246,18.112638188905905,10892,5,text_en_1919
9650,59.08883139908003,5.931700167602194,2668,0,outer_ring
9651,76.19876130760673,31.400607627094875,4299,1,inner_ring
9652,94.58178380902716,47.0821961373043,10489,5,text_en_1919
9653,40.4887986873593,87.30375871748579,1161,0,outer_ring
9654,38.59200322478592,87.49800473583394,1223,0,outer_ring
9655,42.48638727836874,86.99762817469534,1081,0,outer_ring
9656,42.355011703344346,81.64096230978315,8925,5,text_en_1919
9657,42.65001817318741,84.41528559614079,8698,5,text_en_1919
9658,53.83851841424801,90.59090361212759,315,0,outer_ring
9659,48.4998510878397,84.42353913689293,8614,5,text_en_1919
9660,47.92987726760439,57.3355776846428,6657,3,stroke_nan
9661,31.557186206867716,69.79737681245611,9501,5,text_en_1919
9662,19.255015758432773,42.741828397397754,10592,5,text_en_1919
9663,41.98688085302232,73.88616904172666,3604,1,inner_ring
9664,24.014911219323224,67.60808072317904,9555,5,text_en_1919
9665,29.30973588304459,61.13294201028108,3727,1,inner_ring
9666,31.50466412931517,51.718802838803214,5310,2,octagram
9667,25.375195021262165,42.12574816111287,3862,1,inner_ring
9668,22.395431815744278,58.21143302221484,9931,5,text_en_1919
9669,29.53286464318116,25.700401865465203,10833,5,text_en_1919
9670,19.07381828577425,38.10894533003144,10768,5,text_en_1919
9671,31.277967391495764,30.25696364376794,3950,1,inner_ring
9672,27.369868632575084,63.13899162192544,9730,5,text_en_1919
9673,20.54221478409952,60.58569434188317,9898,5,text_en_1919
9674,44.54195721861758,51.438652196552894,6897,3,stroke_nan
9675,47.21351784402271,58.26888478577531,6629,3,stroke_nan
9676,45.96727710112505,41.02248423649342,7392,3,stroke_nan
9677,43.89573545665876,47.94507644611985,7058,3,stroke_nan
9678,51.30244416720622,89.44639423392904,486,0,outer_ring
9679,41.038792900348106,61.935913553668136,5092,2,octagram
9680,65.28241369236024,72.17440908109717,4674,2,octagram
9681,40.25632374130275,51.66729183204311,6935,3,stroke_nan
9682,55.3557417498535,89.70085790251535,248,0,outer_ring
9683,66.28131745740315,72.79691860707486,3440,1,inner_ring
9684,53.01163160161732,90.46735612400028,367,0,outer_ring
9685,42.27358439072843,50.524293573945535,6922,3,stroke_nan
9686,41.53051713594959,48.11211264285458,7037,3,stroke_nan
9687,40.140220974444986,43.639842912255816,7324,3,stroke_nan
9688,57.34191509906999,6.258969681467703,2520,0,outer_ring
9689,67.94229804207752,8.991593068015227,3137,0,outer_ring
9690,47.11837241394681,37.49803021797053,7472,3,stroke_nan
9691,64.54320337099603,26.218955630265405,6087,2,octagram
9692,50.13565229458904,7.261868677877219,1823,0,outer_ring
9693,62.786785234588876,22.646227403573477,6028,2,octagram
9694,38.2645559087969,34.71535801306988,5625,2,octagram
9695,42.250257973400764,17.992519616901355,10880,5,text_en_1919
9696,43.31146018233747,42.56722913947086,7311,3,stroke_nan
9697,39.46459889786903,46.62241628765231,7142,3,stroke_nan
9698,24.217629801775182,44.02794218696155,3846,1,inner_ring
9699,33.26241645207777,34.62759352086741,5572,2,octagram
9700,40.781333510693024,8.106061863390334,1486,0,outer_ring
9701,50.7889761188667,32.95019475595189,7535,3,stroke_nan
9702,36.848915958714514,10.407677948499316,1441,0,outer_ring
9703,31.714043916273916,51.94917666424153,5305,2,octagram
9704,41.58991374648325,7.469274446810733,1498,0,outer_ring
9705,69.49601772127926,33.560362577018026,6182,2,octagram
9706,73.3286929261855,47.87799284116218,6451,2,octagram
9707,83.79958936729527,39.64554488341665,10684,5,text_en_1919
9708,64.10342480291148,6.736291879804594,2988,0,outer_ring
9709,74.7593751440669,34.86557048556924,6241,2,octagram
9710,62.826875648683846,7.957184202945488,2928,0,outer_ring
9711,53.83474194170794,5.503381089228827,2164,0,outer_ring
9712,54.129419325016016,31.714075213845646,5914,2,octagram
9713,45.16985063339627,59.77451163620096,6610,3,stroke_nan
9714,56.87005016136863,79.79859713691214,9038,5,text_en_1919
9715,84.06546326950316,39.366999958954004,10695,5,text_en_1919
9716,66.19303896474831,75.51237134482062,9320,5,text_en_1919
9717,45.23616545677124,53.130070361632924,6814,3,stroke_nan
9718,47.1456299985277,88.74205190919027,780,0,outer_ring
9719,68.03578700146566,47.44384851102488,8065,4,stroke_kai
9720,40.7879656464261,72.24965710559903,3617,1,inner_ring
9721,48.65143098312952,87.90079535094988,689,0,outer_ring
9722,61.32134223437457,87.05998111519293,8607,5,text_en_1919
9723,49.243261016372934,88.81784724669743,637,0,outer_ring
9724,67.31967101681228,82.56306347635449,8865,5,text_en_1919
9725,51.11878164500575,88.34023591343676,503,0,outer_ring
9726,61.93812006430294,80.45493261078985,9087,5,text_en_1919
9727,44.17864537130163,89.52027045920494,971,0,outer_ring
9728,44.00499004951151,74.52690110787775,3598,1,inner_ring
9729,23.181924949323776,69.49160920547472,9488,5,text_en_1919
9730,39.43061444540021,55.24125186010862,6801,3,stroke_nan
9731,28.39841458463601,59.38390700704437,3744,1,inner_ring
9732,16.203060518378436,49.8421314799493,10243,5,text_en_1919
9733,44.052520338557315,70.54195104327633,4995,2,octagram
9734,59.5862046373264,86.89983502084092,8594,5,text_en_1919
9735,52.38383545622631,89.43167879781667,405,0,outer_ring
9736,49.316135814407374,89.32627229952143,622,0,outer_ring
9737,61.093121650608936,75.04807306419859,3479,1,inner_ring
9738,72.19990346625495,71.9466401221499,3405,1,inner_ring
9739,49.21231919529002,88.81360409430836,640,0,outer_ring
9740,59.012358788345445,42.297261159727036,8306,4,stroke_kai
9741,63.8440994154889,74.70413084553326,3456,1,inner_ring
9742,64.47600377954335,54.107960131399196,7822,4,stroke_kai
9743,66.5151282818054,80.81305355297145,9028,5,text_en_1919
9744,53.622709385539125,68.39281675166227,4838,2,octagram
9745,69.47342190113918,71.90530048472783,3417,1,inner_ring
9746,70.40242468710163,62.54410808897506,4554,2,octagram
9747,79.50360239633893,65.0079042809887,9701,5,text_en_1919
9748,53.31884790627578,34.90379508545123,5902,2,octagram
9749,85.60024314550873,48.0815162378733,10383,5,text_en_1919
9750,78.0934917216162,70.74363552357933,9420,5,text_en_1919
9751,74.64343187207709,58.55754532633573,4478,2,octagram
9752,87.0902220796966,58.72237661391189,9895,5,text_en_1919
9753,78.07775535089652,68.4486181718901,9540,5,text_en_1919
9754,55.07971815556836,7.2124976909248435,2275,0,outer_ring
9755,44.037720734070156,49.30727792780896,7008,3,stroke_nan
9756,47.133772169379405,43.60646886680841,7277,3,stroke_nan
9757,74.22203811440718,26.901159689350656,4266,1,inner_ring
9758,66.28608833214528,7.600531020072359,3075,0,outer_ring
9759,58.95199156923628,6.261950215712021,2660,0,outer_ring
9760,67.75249384872293,53.7801446598279,7838,4,stroke_kai
9761,88.56546155362683,50.3724659249718,10299,5,text_en_1919
9762,81.959975863331,42.03264538754533,4385,1,inner_ring
9763,66.76718945624995,23.074162977719368,4210,1,inner_ring
9764,70.65049708515386,24.943929359900235,4242,1,inner_ring
9765,69.12620275017335,14.823434188604987,11079,5,text_en_1919
9766,64.38465208745126,24.804906791849284,6072,2,octagram
9767,50.53352456409842,5.15557145314985,1872,0,outer_ring
9768,52.916071020372016,6.625899423184692,2074,0,outer_ring
9769,51.75706432654526,4.4757189845069325,1988,0,outer_ring
9770,51.54529995890155,5.970572981835891,1958,0,outer_ring
9771,56.052573943288486,5.453671350146288,2386,0,outer_ring
9772,71.34719172751552,8.876331785459895,3188,0,outer_ring
9773,48.35868736561537,13.679391164429584,11002,5,text_en_1919
9774,48.24310449217474,5.552869768186718,1732,0,outer_ring
9775,54.856318918795345,20.634512370610437,4125,1,inner_ring
9776,56.31885525115363,7.268472186472551,2430,0,outer_ring
9777,67.48781974928677,35.20473722425471,8521,4,stroke_kai
9778,55.29238054678707,38.37137232418363,8481,4,stroke_kai
9779,51.177043477169484,5.640164456086222,1925,0,outer_ring
9780,44.10117201122015,7.3356167428731345,1560,0,outer_ring
9781,62.293946912827465,5.587804432540535,2862,0,outer_ring
9782,56.448202683154136,7.089284862508675,2440,0,outer_ring
9783,66.37859060972478,27.461639961191203,6116,2,octagram
9784,63.28598310321042,6.67712768864275,2936,0,outer_ring
9785,66.3631201552221,15.104011809358934,11078,5,text_en_1919
9786,66.361547772852,27.58831214303281,6113,2,octagram
9787,89.5222496207333,54.82792913882563,10038,5,text_en_1919
9788,69.8162384638402,59.07959822700285,7720,4,stroke_kai
9789,89.62905469049804,54.36640210564537,10055,5,text_en_1919
9790,60.13821710176744,6.007247808927916,2737,0,outer_ring
9791,65.15784347347659,6.999974576689982,3033,0,outer_ring
9792,53.94916687264893,27.455730746098187,4118,1,inner_ring
9793,53.807417298889526,5.866731344646887,2163,0,outer_ring
9794,94.89861714390001,46.38105628523681,10496,5,text_en_1919
9795,50.24331357362252,90.91950185617198,546,0,outer_ring
9796,45.46401126704069,90.98574455964626,868,0,outer_ring
9797,53.814798792577776,90.07594266250892,319,0,outer_ring
9798,46.48222842368608,87.98637136522645,843,0,outer_ring
9799,49.559713687421365,80.02690182193916,9067,5,text_en_1919
9800,32.17525051831517,81.16367476029784,1359,0,outer_ring
9801,46.372486950498306,89.52827918135327,827,0,outer_ring
9802,28.633442395684785,38.94732983571399,5488,2,octagram
9803,31.574272703199057,74.96430324666932,9376,5,text_en_1919
9804,37.92998100122473,60.48881276236817,5123,2,octagram
9805,43.82195723695181,34.45556114635178,5646,2,octagram
9806,26.42720109285053,56.0758900374846,10013,5,text_en_1919
9807,29.491995337257265,67.04676369525541,9616,5,text_en_1919
9808,20.180611311877552,40.30052450444254,10625,5,text_en_1919
9809,24.82486078587795,60.831603759252694,9838,5,text_en_1919
9810,33.03475600871106,35.19914970386444,5566,2,octagram
9811,29.588727106575984,34.42632602871967,3919,1,inner_ring
9812,16.9971192716415,42.03036619940373,10628,5,text_en_1919
9813,26.087929924711297,65.78069769667711,9680,5,text_en_1919
9814,32.0451785788926,34.71970887439917,3927,1,inner_ring
9815,28.910219405399072,65.73133613284656,9658,5,text_en_1919
9816,27.83238673839783,59.2506100516929,3747,1,inner_ring
9817,44.68965215040493,78.16968339147436,9194,5,text_en_1919
9818,26.54179036906329,68.5907581853337,9558,5,text_en_1919
9819,46.34085382795118,88.83971442605758,838,0,outer_ring
9820,59.80674954785643,41.04949530990909,8368,4,stroke_kai
9821,44.54570622276256,88.91633740224081,954,0,outer_ring
9822,34.98482229058609,60.82509311328485,5156,2,octagram
9823,52.099062831551954,90.04045345108088,423,0,outer_ring
9824,60.914431381636454,58.52154793321342,7702,4,stroke_kai
9825,44.87575307774242,72.47632428022784,4948,2,octagram
9826,44.934233712510625,37.02327645471123,7524,3,stroke_nan
9827,61.25022173439851,57.549464047629336,7716,4,stroke_kai
9828,26.56453538293639,52.62620363929897,3793,1,inner_ring
9829,46.329007977793275,41.228757152814495,7380,3,stroke_nan
9830,57.54458020205482,5.641974693567162,2531,0,outer_ring
9831,47.662457616584526,42.780160622022514,7266,3,stroke_nan
9832,56.72426171885651,40.965928820107166,8362,4,stroke_kai
9833,45.582066415628546,6.614484836822282,1605,0,outer_ring
9834,47.18870798599126,44.275190739847375,7275,3,stroke_nan
9835,47.11473708594726,87.83451457294001,795,0,outer_ring
9836,25.0946538874791,25.71562231553586,10819,5,text_en_1919
9837,25.48151808394788,38.505793351492144,3888,1,inner_ring
9838,38.80985842573896,22.665704583215195,4025,1,inner_ring
9839,48.04926574140113,83.12307549731051,8707,5,text_en_1919
9840,31.404132305754644,23.10411040066135,3983,1,inner_ring
9841,41.00686541126278,9.312989853712873,1483,0,outer_ring
9842,46.25143727702621,42.345295196648124,7347,3,stroke_nan
9843,41.17890600806406,19.715231137406413,10879,5,text_en_1919
9844,39.28151186139326,28.847993559976665,5693,2,octagram
9845,59.45226042110592,20.43441443112787,4154,1,inner_ring
9846,48.32391989036703,7.060485605441599,1725,0,outer_ring
9847,47.61760539772005,20.18331001400038,4076,1,inner_ring
9848,43.31858249841847,24.503641216269468,5759,2,octagram
9849,51.3361685392104,29.180683682516555,7546,3,stroke_nan
9850,68.18523610298041,30.319642477419016,6149,2,octagram
9851,48.534993531740724,44.95523816819677,7249,3,stroke_nan
9852,65.71475282926706,72.24949889748014,4675,2,octagram
9853,86.99880510003571,58.1247892901836,9903,5,text_en_1919
9854,52.10875598069473,69.30141322158188,4864,2,octagram
9855,56.94554564763899,41.657390568963436,8328,4,stroke_kai
9856,68.68606410648695,82.82558055319134,8821,5,text_en_1919
9857,85.92287761351791,61.98157199586948,9772,5,text_en_1919
9858,84.51394534392604,60.56731740597773,9826,5,text_en_1919
9859,55.89139118487584,53.70972288064554,7808,4,stroke_kai
9860,68.18046622390413,55.23624714146578,7778,4,stroke_kai
9861,65.34980677780179,74.66948541612311,4692,2,octagram
9862,30.48246271064893,81.34647070438218,1366,0,outer_ring
9863,46.385984420807574,75.86789992471006,3577,1,inner_ring
9864,45.4545533533215,88.56275991274045,899,0,outer_ring
9865,56.58212050318158,88.6900299515938,182,0,outer_ring
9866,44.25439943716259,87.83386656889722,992,0,outer_ring
9867,51.36150300237513,69.10926369990094,4869,2,octagram
9868,45.96753885185445,88.93171535839001,861,0,outer_ring
9869,68.15500251084765,77.28724019476621,9276,5,text_en_1919
9870,53.790720665344075,89.9393748821959,321,0,outer_ring
9871,46.73420222917776,89.78452403521126,797,0,outer_ring
9872,49.34421780163747,79.51789487977318,9104,5,text_en_1919
9873,22.541491940824137,50.97010945734879,10198,5,text_en_1919
9874,23.663823979235776,46.7848235567994,3826,1,inner_ring
9875,26.885640853465286,45.98789459181101,3835,1,inner_ring
9876,50.37286967295439,89.63274130068048,545,0,outer_ring
9877,74.75294508478186,65.26762249809451,3361,1,inner_ring
9878,58.27381270230024,81.78631513140054,8894,5,text_en_1919
9879,65.13102306274682,72.99074538978707,4685,2,octagram
9880,54.22175924712657,81.57962752766508,8860,5,text_en_1919
9881,67.10381528349288,58.21030917837496,7662,4,stroke_kai
9882,51.15950271574413,89.2609640261813,494,0,outer_ring
9883,58.079563315048574,79.41270008015476,9085,5,text_en_1919
9884,76.30168619330107,76.68989813557432,9270,5,text_en_1919
9885,59.442663287189404,70.30537181536657,4756,2,octagram
9886,75.23312192988377,60.985708243948665,4491,2,octagram
9887,44.88814938826291,78.89012077673449,9142,5,text_en_1919
9888,70.0508161877103,77.79365587274066,9247,5,text_en_1919
9889,70.52235264102717,65.5092710341761,4584,2,octagram
9890,59.62026762557268,59.601257737695995,7607,4,stroke_kai
9891,67.4187865342909,45.198893868187035,8162,4,stroke_kai
9892,50.89101774713018,57.52026832304518,6709,3,stroke_nan
9893,77.23097981912319,57.562846000261146,4456,2,octagram
9894,73.45180159306084,61.48547324821027,4515,2,octagram
9895,80.950581315368,59.20310290722304,3303,1,inner_ring
9896,69.0651980725857,7.793675480802932,3155,0,outer_ring
9897,63.31584763009487,9.192813128738182,2977,0,outer_ring
9898,57.42526961383395,16.33239985392401,11017,5,text_en_1919
9899,78.47199068266129,64.37433101833162,3345,1,inner_ring
9900,71.6023626740989,26.054220273188808,4254,1,inner_ring
9901,77.9911073375631,36.54738705969241,6291,2,octagram
9902,92.21979204923642,49.91025005197496,10193,5,text_en_1919
9903,86.75907385212258,55.17617860864136,10052,5,text_en_1919
9904,52.1878523589444,39.573411195541496,7432,3,stroke_nan
9905,51.397220484900345,39.271244863257,7425,3,stroke_nan
9906,63.52916937377065,36.164331458632184,8500,4,stroke_kai
9907,54.362992228409695,3.8441444683504256,2214,0,outer_ring
9908,58.33797785458539,7.527565016344546,2614,0,outer_ring
9909,55.63394618582923,6.947426831703982,2339,0,outer_ring
9910,54.84084363946152,6.587662846518315,2263,0,outer_ring
9911,62.82073986732322,6.805878473272399,2913,0,outer_ring
9912,47.638452673224876,5.699171797021323,1702,0,outer_ring
9913,44.72591940035794,6.998261372905634,1576,0,outer_ring
9914,51.70203966482758,3.052231716390895,1991,0,outer_ring
9915,62.10648713172979,34.877994343852265,8503,4,stroke_kai
9916,43.46753264240726,8.3957413455227,1527,0,outer_ring
9917,69.62379023436162,9.682357482413341,3174,0,outer_ring
9918,52.5165616618808,4.531273626372177,2046,0,outer_ring
9919,39.51301010511181,6.2042603541994605,1479,0,outer_ring
9920,39.99498980259879,7.74811681853823,1478,0,outer_ring
9921,46.951968231975926,12.423024643185856,11210,5,text_en_1919
9922,63.00691680356596,15.378963213135307,11067,5,text_en_1919
9923,63.92370901587141,17.844321173727007,10907,5,text_en_1919
9924,63.473254906188195,6.846936915776446,2950,0,outer_ring
9925,60.642244688618014,7.553623209824722,2788,0,outer_ring
9926,60.5019820855141,7.534177885931054,2780,0,outer_ring
9927,75.06728156590135,35.36887671631388,6240,2,octagram
9928,46.81842230598676,20.065471035894404,4071,1,inner_ring
9929,92.18053132988224,43.561616803930384,10533,5,text_en_1919
9930,89.74231633392618,64.32714234388087,9718,5,text_en_1919
9931,56.34481878504117,27.39877901426584,5930,2,octagram
9932,75.69503787799623,36.65636019723953,6259,2,octagram
9933,78.79480075976811,40.809724786541736,6347,2,octagram
9934,58.34118684252155,6.162115845947379,2604,0,outer_ring
9935,52.76160432537054,5.748799431228187,2062,0,outer_ring
9936,79.32673727714628,64.3792953653552,9703,5,text_en_1919
9937,44.44373145938619,88.0347941722716,979,0,outer_ring
9938,67.25546922933874,81.12836094163727,8994,5,text_en_1919
9939,54.64364961562632,83.47747035379712,8686,5,text_en_1919
9940,60.49508417184588,89.25095749388704,68,0,outer_ring
9941,46.52409641717043,88.86088086741633,825,0,outer_ring
9942,23.61762075792041,63.18701589285658,9783,5,text_en_1919
9943,48.95886536521952,79.54012590086572,9215,5,text_en_1919
9944,42.90691159215314,89.71097579966262,1034,0,outer_ring
9945,39.83310528283816,63.49027950013901,5085,2,octagram
9946,24.074593630523903,76.60982795036848,1382,0,outer_ring
9947,23.173550504992498,55.441806127715004,10005,5,text_en_1919
9948,19.323762004089218,42.90428270202876,10565,5,text_en_1919
9949,30.755059436685194,53.08947874580714,5288,2,octagram
9950,32.72305021393916,61.64658342049733,5173,2,octagram
9951,25.75346082032427,43.020924456577575,3855,1,inner_ring
9952,22.3964089720939,37.643160579895664,10737,5,text_en_1919
9953,27.991025584185937,38.726413991415214,5494,2,octagram
9954,33.997703797320824,28.488743894779848,3976,1,inner_ring
9955,20.242109648543465,39.035021652045884,10735,5,text_en_1919
9956,46.43304538620813,33.96615067848367,7574,3,stroke_nan
9957,42.787035571684,46.808481155614345,7125,3,stroke_nan
9958,65.98392141518366,19.537228926870796,10872,5,text_en_1919
9959,53.26533493113003,15.16795512890448,11178,5,text_en_1919
9960,52.124541115511896,39.51514261830883,7433,3,stroke_nan
9961,56.73396265881416,68.48884502195584,4791,2,octagram
9962,56.84011693577435,56.07382426981957,7705,4,stroke_kai
9963,40.071665037694856,58.964006551071364,6651,3,stroke_nan
9964,51.28399424702303,69.1751060013548,4865,2,octagram
9965,67.04099602049159,82.98299060421981,8808,5,text_en_1919
9966,43.29966309547087,69.02379715949574,5016,2,octagram
9967,59.69275041947715,78.04670505180172,9199,5,text_en_1919
9968,47.54005521920889,84.29261960532676,8621,5,text_en_1919
9969,54.53923368792229,88.56637758974523,280,0,outer_ring
9970,48.049142903962746,45.314710039262074,7220,3,stroke_nan
9971,52.68444147014939,13.331127503410274,11314,5,text_en_1919
9972,67.56041897987406,47.70430349452511,8044,4,stroke_kai
9973,44.35285615974412,48.76474758324257,7018,3,stroke_nan
9974,59.515965359507895,47.92095396183313,8059,4,stroke_kai
9975,54.00853082305434,6.425778204544003,2177,0,outer_ring
9976,70.68073389758204,26.111463340403905,4248,1,inner_ring
9977,42.98762649131343,47.234490638575515,7091,3,stroke_nan
9978,47.250428435499174,16.137819802007265,10921,5,text_en_1919
9979,31.847963531222486,41.855147394493706,5439,2,octagram
9980,34.12521563789732,51.074101167894625,5327,2,octagram
9981,30.591580794814018,71.09904580825307,9466,5,text_en_1919
9982,47.59408768774044,53.00840839506611,6796,3,stroke_nan
9983,37.42009060739647,34.31011247682655,5619,2,octagram
9984,34.388199753532135,26.902318920354105,3982,1,inner_ring
9985,41.18781395636476,43.26211659655021,7292,3,stroke_nan
9986,46.74857848943718,18.116525450868963,4073,1,inner_ring
9987,62.55346465877501,81.47847388373397,8896,5,text_en_1919
9988,52.952879980967474,27.673817460605502,5885,2,octagram
9989,59.72829952085588,5.914561296685877,2709,0,outer_ring
9990,55.60347257034279,6.227804350355643,2334,0,outer_ring
9991,57.198478491400756,46.43510360998194,8132,4,stroke_kai
9992,62.68330736403333,9.695345502183125,2938,0,outer_ring
9993,46.10215588457188,6.852539871680418,1621,0,outer_ring
9994,52.29940375155053,6.778407149551162,2019,0,outer_ring
9995,51.568971333327674,42.95968440581832,7244,3,stroke_nan
9996,62.270368929250274,37.93190825889621,8458,4,stroke_kai
9997,50.90289236886212,7.255087174040262,1889,0,outer_ring
9998,54.97661883582728,80.37872983081553,8962,5,text_en_1919
9999,79.97854774805872,67.44208649350495,9553,5,text_en_1919
10000,80.99162157823214,43.06262551268686,4388,1,inner_ring
10001,43.96248459898095,76.74713235282545,3593,1,inner_ring
10002,47.654326994359174,42.5844618928421,7278,3,stroke_nan
10003,66.50598781950391,47.466380115922256,8060,4,stroke_kai
10004,36.608342472253064,71.12407736207277,3648,1,inner_ring
10005,39.948045034240764,88.64301801674378,1166,0,outer_ring
10006,38.03807676492744,87.3324004557932,1236,0,outer_ring
10007,49.466920894331665,89.13437123667333,612,0,outer_ring
10008,38.286013839823156,86.86163665561833,1234,0,outer_ring
10009,47.01053025169376,83.83467640347902,8628,5,text_en_1919
10010,52.23194922174706,88.8990899957107,414,0,outer_ring
10011,28.373607007802743,73.89734022933034,9389,5,text_en_1919
10012,51.091043781391136,88.23176368365709,505,0,outer_ring
10013,42.88915044865697,86.22844800411187,1070,0,outer_ring
10014,46.999321035910114,89.73674333837693,777,0,outer_ring
10015,23.334245506490873,70.3521038394205,9476,5,text_en_1919
10016,35.55805878027527,35.73539717164304,5590,2,octagram
10017,68.13335721425989,44.54043554039461,8223,4,stroke_kai
10018,53.43194104160512,84.81011796622712,8638,5,text_en_1919
10019,33.3806726700088,76.37339811309316,9366,5,text_en_1919
10020,57.37248337156289,89.71818934507517,152,0,outer_ring
10021,66.80407845382463,63.68106368188782,7606,4,stroke_kai
10022,62.53958912465925,61.42032448021334,7599,4,stroke_kai
10023,59.25951742683938,79.6372010996658,9073,5,text_en_1919
10024,53.10518167537584,89.39411410701994,364,0,outer_ring
10025,81.92409122619308,54.32239848284533,3276,1,inner_ring
10026,77.38855959778328,54.508509302865114,6530,2,octagram
10027,76.79544479546796,61.47789548353842,4484,2,octagram
10028,52.158631998925195,88.37326653898918,429,0,outer_ring
10029,84.73732338215603,46.836781459877024,10420,5,text_en_1919
10030,67.11607299455207,68.20508651195264,4618,2,octagram
10031,72.27488233053562,69.4496885142318,3396,1,inner_ring
10032,62.94621996086644,52.69047604754523,7881,4,stroke_kai
10033,72.02585430969361,58.86452564523762,7719,4,stroke_kai
10034,86.32294994761048,47.14715744226439,10424,5,text_en_1919
10035,72.85726465296176,62.07805906322542,4526,2,octagram
10036,86.20386622151013,56.66984884548795,9974,5,text_en_1919
10037,83.71699673343848,67.49040380205786,9637,5,text_en_1919
10038,58.75932844714848,6.4001650077872725,2644,0,outer_ring
10039,83.05486347096058,40.16540605036074,10689,5,text_en_1919
10040,73.97066288994415,31.25853692407972,6221,2,octagram
10041,80.0919641914155,71.78723904761151,9472,5,text_en_1919
10042,77.45976254397915,39.07346784144749,6331,2,octagram
10043,82.4179824398911,62.72030870086038,9724,5,text_en_1919
10044,75.55594150015682,50.406675938704545,6477,2,octagram
10045,87.42330189768559,54.619729832364456,10043,5,text_en_1919
10046,59.38613646938046,17.6466515071053,10968,5,text_en_1919
10047,84.38844585257438,54.23764347396719,3271,1,inner_ring
10048,65.71140120109801,28.685785417954687,6127,2,octagram
10049,51.12926682171904,25.565352148725125,7559,3,stroke_nan
10050,62.20127266665756,7.17721637877073,2876,0,outer_ring
10051,59.329191666031896,5.182001862521839,2682,0,outer_ring
10052,58.3476430044462,13.859234348344021,11219,5,text_en_1919
10053,64.67953173916351,21.34830166241087,4195,1,inner_ring
10054,43.699537410267006,7.5681690742282335,1544,0,outer_ring
10055,56.05134228204707,13.376499389035807,11242,5,text_en_1919
10056,59.4641509408288,10.144650727713355,11342,5,text_en_1919
10057,50.73351426847423,6.098470489392667,1884,0,outer_ring
10058,44.32422020148213,7.029831403712869,1568,0,outer_ring
10059,58.16815680956389,6.36964524794632,2591,0,outer_ring
10060,68.14633593401041,7.911643104320794,3134,0,outer_ring
10061,56.78729414613352,7.620587776187086,2472,0,outer_ring
10062,64.3518421083083,22.505557032027614,6046,2,octagram
10063,48.7811386188792,9.999294492457626,11267,5,text_en_1919
10064,66.3126970223696,7.074699077877587,3072,0,outer_ring
10065,51.50318638883106,6.9280884372038445,1948,0,outer_ring
10066,52.15355489743484,43.03777860575498,7243,3,stroke_nan
10067,64.13885765549698,6.164127598789389,2981,0,outer_ring
10068,58.91476110567324,12.377984949151873,11287,5,text_en_1919
10069,61.00806742505659,6.992675109605662,2801,0,outer_ring
10070,54.33163987939584,30.631056946426447,5910,2,octagram
10071,86.37326914810208,53.799850392218694,10101,5,text_en_1919
10072,67.94486402205602,55.592977809162676,7770,4,stroke_kai
10073,76.28779314013738,13.683805093393465,3222,0,outer_ring
10074,79.92588351439706,36.91180460842814,6313,2,octagram
10075,60.69563827251175,20.496728881079797,4169,1,inner_ring
10076,54.42477641286661,5.909970913202717,2223,0,outer_ring
10077,60.30905556720364,23.710333784096605,5996,2,octagram
10078,78.2041112248795,62.674192218654206,3336,1,inner_ring
10079,45.831864005997254,88.24807250269095,880,0,outer_ring
10080,42.16882360540731,65.98735551951742,5050,2,octagram
10081,29.216961879763105,67.23520813105824,9604,5,text_en_1919
10082,69.43974717888251,70.53152884161422,3414,1,inner_ring
10083,55.86581024256147,90.39129402870428,218,0,outer_ring
10084,55.96953144410319,89.9342676301568,211,0,outer_ring
10085,21.748967400026817,59.22491420603542,9914,5,text_en_1919
10086,49.48135494035927,90.51287841415922,599,0,outer_ring
10087,39.165815657009,87.70960175644926,1203,0,outer_ring
10088,36.14611636510243,85.94708908758504,1295,0,outer_ring
10089,18.100841490920903,58.72643150761385,9928,5,text_en_1919
10090,27.187648939395604,52.800162981041254,3789,1,inner_ring
10091,29.57812337141462,68.3473172351765,9582,5,text_en_1919
10092,31.65347753499249,41.500807610374224,5443,2,octagram
10093,26.23393727678255,60.71169775734041,9854,5,text_en_1919
10094,31.064927536819468,41.99681406313663,5442,2,octagram
10095,50.34680233150222,48.666450625785465,7034,3,stroke_nan
10096,19.60936717243603,36.114199120146495,10788,5,text_en_1919
10097,36.03838910294567,72.16348532130871,9409,5,text_en_1919
10098,26.34095750351647,43.71988802976915,3851,1,inner_ring
10099,26.808413245012254,67.68107807333347,9590,5,text_en_1919
10100,51.00791375961866,55.99982528147455,6748,3,stroke_nan
10101,51.07311212139915,45.62335255714167,7186,3,stroke_nan
10102,54.267663351779305,89.73271286812805,290,0,outer_ring
10103,53.90802112718236,54.09161566406471,4833,2,octagram
10104,48.37701679557836,84.25182975167985,8667,5,text_en_1919
10105,44.436228152164276,89.33207011666032,955,0,outer_ring
10106,59.78005840465489,84.74507817327735,8672,5,text_en_1919
10107,44.11963939319903,94.07333070960779,906,0,outer_ring
10108,59.2506476990464,89.63626023239578,100,0,outer_ring
10109,59.26756121568077,49.206965522527625,8038,4,stroke_kai
10110,51.49026078337431,25.990008463187763,7554,3,stroke_nan
10111,50.61726562472672,41.706996729250456,7315,3,stroke_nan
10112,64.47024632747389,22.053932545562706,6048,2,octagram
10113,46.17260220291098,55.62349979517752,6725,3,stroke_nan
10114,40.171366164647786,43.964703881156574,7291,3,stroke_nan
10115,49.48482507853082,12.262714618170524,11215,5,text_en_1919
10116,52.58341891699887,49.79544481987444,6983,3,stroke_nan
10117,55.16135822705892,5.095428313927746,2280,0,outer_ring
10118,66.3347999927804,75.90220579774133,9321,5,text_en_1919
10119,25.751787189637643,59.408427599436976,9881,5,text_en_1919
10120,51.33699616262063,5.982359820323326,1941,0,outer_ring
10121,34.758190876516935,23.55579428430588,3997,1,inner_ring
10122,40.16882535756799,41.12578961644155,7383,3,stroke_nan
10123,51.755052454477855,39.67251943455878,7427,3,stroke_nan
10124,27.93784994363663,55.8179037225009,3767,1,inner_ring
10125,45.84066550694959,36.264645869136444,7521,3,stroke_nan
10126,28.927404464189276,25.41310543334535,10832,5,text_en_1919
10127,32.41270954349741,31.367236766960797,3949,1,inner_ring
10128,38.93346922281022,23.258861258106787,4024,1,inner_ring
10129,47.807403925260026,4.835128872303734,1713,0,outer_ring
10130,54.83565337709823,7.552785471459658,2264,0,outer_ring
10131,59.80083807201886,9.739070112867196,11354,5,text_en_1919
10132,52.01494758659912,50.33320450453313,6976,3,stroke_nan
10133,52.213713417076775,7.067163233746225,2013,0,outer_ring
10134,47.32675565290769,44.19698245382109,7263,3,stroke_nan
10135,67.97224064071858,7.783177363097834,3131,0,outer_ring
10136,66.1695292385245,36.81252073421539,8474,4,stroke_kai
10137,56.84950919909987,14.897753442656477,11143,5,text_en_1919
10138,70.2496674819471,35.094567807229154,6198,2,octagram
10139,45.35943826806093,76.29310942718116,3585,1,inner_ring
10140,64.46977560801346,39.7574356460279,8400,4,stroke_kai
10141,54.200494925443806,84.36065825487522,8648,5,text_en_1919
10142,64.48122226185623,42.657210167724685,8313,4,stroke_kai
10143,55.12018238696173,78.63054087258524,9109,5,text_en_1919
10144,66.76068986088782,55.941545183381756,7759,4,stroke_kai
10145,54.09686706540977,68.58333441926669,4836,2,octagram
10146,41.73927387711454,88.01803250141984,1098,0,outer_ring
10147,38.17436898467106,86.8767101931692,1238,0,outer_ring
10148,54.28107326704703,88.2725339595106,288,0,outer_ring
10149,33.42274511439831,83.61035830174656,1343,0,outer_ring
10150,58.33856486699193,84.94189819147402,113,0,outer_ring
10151,67.13270647523194,86.45084565714114,11,0,outer_ring
10152,67.52169001705911,82.78327998097863,8866,5,text_en_1919
10153,50.52168582643767,87.48799694995704,549,0,outer_ring
10154,56.27018490518457,68.32212633182489,4793,2,octagram
10155,47.426505399476696,54.37135958015876,6775,3,stroke_nan
10156,42.639229406572106,67.76841134238461,5032,2,octagram
10157,16.984954665336037,42.85637645890895,10622,5,text_en_1919
10158,65.75955474818042,71.35041612193712,4664,2,octagram
10159,35.01651324789475,49.23444105863737,5353,2,octagram
10160,50.19306782732243,87.74644198441639,569,0,outer_ring
10161,56.26247470455781,91.74932758798664,197,0,outer_ring
10162,48.26936010708929,88.95614352424961,706,0,outer_ring
10163,59.155657224063894,81.01654434200589,8932,5,text_en_1919
10164,46.3836291786864,70.80291244328788,4923,2,octagram
10165,68.04380093593466,70.96784460938657,4646,2,octagram
10166,48.35745499534274,93.90781801008777,653,0,outer_ring
10167,83.72227777542469,64.51995160586878,9757,5,text_en_1919
10168,47.67228728405311,85.0447499241833,790,0,outer_ring
10169,68.43185753660637,69.7881117819095,4638,2,octagram
10170,66.45930025963861,81.35578783335586,9005,5,text_en_1919
10171,51.27270022485212,46.14051913935205,7149,3,stroke_nan
10172,63.46469867012236,59.66508873413556,7656,4,stroke_kai
10173,61.32171264242718,56.193271238462714,7754,4,stroke_kai
10174,60.96263392349551,82.8514030118118,8829,5,text_en_1919
10175,78.52040234319247,52.795551171145895,6517,2,octagram
10176,82.20432226627801,57.49028999052579,3292,1,inner_ring
10177,78.91055103382305,38.35912989520376,6326,2,octagram
10178,91.49163635949914,52.82460500092411,10088,5,text_en_1919
10179,53.62555438540363,51.20551226713719,6695,3,stroke_nan
10180,71.05167065529534,9.831636124909018,3191,0,outer_ring
10181,79.00659246695169,42.25475532619124,4383,1,inner_ring
10182,58.932294467298824,25.818246168774895,5972,2,octagram
10183,54.994280988834234,44.24344771970679,8267,4,stroke_kai
10184,80.25062936426644,41.854046133581924,4381,1,inner_ring
10185,66.94885812655284,23.034470357902617,4213,1,inner_ring
10186,76.6801536875342,53.197989232293445,6509,2,octagram
10187,76.64862317505977,72.39563804971469,9416,5,text_en_1919
10188,67.2576145796759,49.20864701198143,8026,4,stroke_kai
10189,88.34084480344558,53.92950919465961,10084,5,text_en_1919
10190,56.90175874690281,5.559860501868778,2470,0,outer_ring
10191,57.567398333424414,43.31133731589618,8240,4,stroke_kai
10192,66.67944060076921,7.777108533690003,3096,0,outer_ring
10193,56.6722781276503,6.31302868436161,2462,0,outer_ring
10194,57.71179460543262,7.698377653209145,2559,0,outer_ring
10195,54.763202158281594,5.9802333391579845,2256,0,outer_ring
10196,55.24414181772753,10.911454491544072,2306,0,outer_ring
10197,58.658250012491095,13.545182369850071,11254,5,text_en_1919
10198,68.03271610896391,6.908502221923124,3125,0,outer_ring
10199,50.0319593439329,3.4490455524407473,1850,0,outer_ring
10200,69.13075782542663,14.541688894742526,11092,5,text_en_1919
10201,60.37964287505645,6.715866006265496,2768,0,outer_ring
10202,53.38902320907863,5.065956324775879,2117,0,outer_ring
10203,54.06471169860726,13.52404212483062,2179,0,outer_ring
10204,59.1621185990162,4.981029070217198,2663,0,outer_ring
10205,42.10696102995238,46.74727268994489,7126,3,stroke_nan
10206,53.01933677844376,5.515392772290843,2085,0,outer_ring
10207,45.65413239068584,12.256220951799223,11160,5,text_en_1919
10208,58.0774682905824,6.160819914853699,2579,0,outer_ring
10209,60.009344589895875,7.076406802514802,2740,0,outer_ring
10210,79.45256147651547,37.4157680277795,6318,2,octagram
10211,65.17574190878925,6.509547459342647,3028,0,outer_ring
10212,79.30521532187569,55.55822069420086,6549,2,octagram
10213,65.02879755537901,43.5478603803552,8265,4,stroke_kai
10214,88.77243775977487,58.36752985239751,9878,5,text_en_1919
10215,77.52705637330612,37.536546253499104,6285,2,octagram
10216,66.06920460082897,28.02985874049995,6123,2,octagram
10217,62.181958342700575,8.762480486158928,2900,0,outer_ring
10218,52.30845954855082,7.521989725427214,2017,0,outer_ring
10219,51.73920253721788,4.414682979190762,1986,0,outer_ring
10220,91.66714070518421,53.85743609876992,10048,5,text_en_1919
10221,43.264120775242915,68.63884127117667,5020,2,octagram
10222,43.56622818565083,87.97732976806351,1028,0,outer_ring
10223,40.719856467992535,60.525122976610994,5100,2,octagram
10224,28.52440335001052,82.47545062834259,1369,0,outer_ring
10225,30.038990160384486,68.07151223174556,9583,5,text_en_1919
10226,38.66941153849777,72.34364718419931,3633,1,inner_ring
10227,38.122157756065306,79.23531491235704,9162,5,text_en_1919
10228,35.73722134905482,73.74653022743752,9397,5,text_en_1919
10229,19.46174246822538,66.94891273765988,9646,5,text_en_1919
10230,46.64614340570194,51.831418996069885,6888,3,stroke_nan
10231,35.97507254197107,61.63427475462368,5144,2,octagram
10232,27.74193960589264,54.480747673403876,3775,1,inner_ring
10233,16.533244972564884,58.58682770582952,9952,5,text_en_1919
10234,27.35208662040792,56.05227190681131,3765,1,inner_ring
10235,31.368433138792135,30.2883105840157,3952,1,inner_ring
10236,20.995223286886482,47.445057994706296,10497,5,text_en_1919
10237,23.78436970140696,45.41339659402951,3838,1,inner_ring
10238,44.82883776086365,54.82217235219004,6768,3,stroke_nan
10239,21.95848734304933,59.766647331220376,9885,5,text_en_1919
10240,26.157876289806925,40.615469934675914,3873,1,inner_ring
10241,18.898289124400204,46.81666952900493,10504,5,text_en_1919
10242,19.037227127818994,63.04047227267317,9745,5,text_en_1919
10243,28.458527321209697,57.72828009062769,5235,2,octagram
10244,47.99974304968211,46.7659220782451,7138,3,stroke_nan
10245,56.13499259533827,51.36136084265149,7945,4,stroke_kai
10246,40.550786000955966,48.23962232436924,7055,3,stroke_nan
10247,62.11511711678069,90.5042363039841,48,0,outer_ring
10248,53.84962334365024,92.74730045008491,313,0,outer_ring
10249,61.19442546996603,60.46811893358332,7609,4,stroke_kai
10250,60.539264375924624,88.43788818994256,67,0,outer_ring
10251,55.50278665263967,88.80144785236878,237,0,outer_ring
10252,58.08333646132277,80.61289359042821,8963,5,text_en_1919
10253,48.7853870928341,50.11417773031772,6947,3,stroke_nan
10254,47.11243215938653,73.85998000844964,3576,1,inner_ring
10255,51.04325705095212,53.4643585249724,6904,3,stroke_nan
10256,50.99621558559352,16.305730943212982,11095,5,text_en_1919
10257,48.653020195335884,3.717125240514339,1767,0,outer_ring
10258,42.47375129293833,47.36929247306765,7100,3,stroke_nan
10259,52.27545292608858,5.568928178383956,2024,0,outer_ring
10260,47.46025341309556,46.666075053121965,7128,3,stroke_nan
10261,45.20682120232266,21.63074539654693,5805,2,octagram
10262,27.550527922752618,55.098957358045716,3771,1,inner_ring
10263,42.33057922257764,25.67255335233101,5738,2,octagram
10264,40.103835868691675,53.41203325067301,6821,3,stroke_nan
10265,29.808173098461353,59.963561867457784,5214,2,octagram
10266,26.893312161464078,40.15403566789865,3880,1,inner_ring
10267,33.07285320052627,27.848230587297873,3972,1,inner_ring
10268,36.95409224197072,27.43125680012021,3991,1,inner_ring
10269,29.685435453312646,35.39768386536158,3913,1,inner_ring
10270,32.24299609798878,36.53858368932269,5549,2,octagram
10271,48.873715134086446,5.782721335301859,1764,0,outer_ring
10272,56.754820453096116,46.29766312149533,8135,4,stroke_kai
10273,48.16125036568615,49.66942191129294,6979,3,stroke_nan
10274,48.84465022121796,35.37546896757576,7562,3,stroke_nan
10275,75.14428676936484,9.722909431012653,3215,0,outer_ring
10276,43.061355391010764,60.92776771667489,6602,3,stroke_nan
10277,56.44927265415194,75.95722661435686,3511,1,inner_ring
10278,67.80872111740801,25.348592083598472,6102,2,octagram
10279,82.20449132699768,50.74978046316679,3245,1,inner_ring
10280,53.05592587868742,83.07774053128267,8717,5,text_en_1919
10281,77.21608858621501,45.917551905536044,4408,1,inner_ring
10282,64.41245417343696,46.399339297357436,8174,4,stroke_kai
10283,64.21932769338625,57.6243846498926,7708,4,stroke_kai
10284,91.9587114664033,45.42124301811829,10520,5,text_en_1919
10285,51.70677764314672,88.69820087543138,458,0,outer_ring
10286,56.96131812516369,50.688769984976396,7958,4,stroke_kai
10287,65.99889383966787,71.1122878252282,4659,2,octagram
10288,58.818431614013555,88.33018503011152,109,0,outer_ring
10289,45.13594940900432,55.761242216778946,6735,3,stroke_nan
10290,42.6786527922086,88.35722732482883,1061,0,outer_ring
10291,41.107098779369565,72.08831078475487,3614,1,inner_ring
10292,54.9080581329899,82.40664790465294,8791,5,text_en_1919
10293,52.89539668711402,87.96502334925995,383,0,outer_ring
10294,56.316914332627704,90.16879102676121,192,0,outer_ring
10295,68.25369517390892,80.68760405006803,9065,5,text_en_1919
10296,68.95272687610895,74.08493857942176,3427,1,inner_ring
10297,47.18586625957575,81.36226659003441,8928,5,text_en_1919
10298,47.0903966814062,89.2243413170651,776,0,outer_ring
10299,27.55584521372637,68.00935458565385,9579,5,text_en_1919
10300,41.66462496688558,49.40018810131233,6990,3,stroke_nan
10301,21.51739667647656,51.349767433804175,10185,5,text_en_1919
10302,59.50131134813416,78.33941396965203,9190,5,text_en_1919
10303,50.82093630933462,90.3435048629515,512,0,outer_ring
10304,65.43321564216802,68.74402263188935,4632,2,octagram
10305,49.62020716088459,90.16873714254879,589,0,outer_ring
10306,62.3300237007518,83.98563054764148,8762,5,text_en_1919
10307,64.0481095024876,89.1966881913177,34,0,outer_ring
10308,64.87424344423438,85.48754427206374,8654,5,text_en_1919
10309,58.07834402235224,79.40121214523685,9110,5,text_en_1919
10310,92.85283543872471,54.716611218896844,10025,5,text_en_1919
10311,47.81344277237046,84.62584632097146,8601,5,text_en_1919
10312,80.19666108302926,71.54205901575763,9480,5,text_en_1919
10313,54.224009755609934,82.3537959516947,8803,5,text_en_1919
10314,56.71927778846518,49.133690882851916,8002,4,stroke_kai
10315,66.02190548778138,59.10716648346871,7652,4,stroke_kai
10316,90.84863505250381,47.251348592654494,10481,5,text_en_1919
10317,48.45710412840349,71.75257584929278,4904,2,octagram
10318,89.0225098335969,58.23486299423802,9911,5,text_en_1919
10319,89.0857023923479,61.63061743575089,9729,5,text_en_1919
10320,65.02177543922032,47.296605798015456,8056,4,stroke_kai
10321,90.63013549327309,48.366535186561954,10357,5,text_en_1919
10322,90.27327924875793,47.290304599468215,10450,5,text_en_1919
10323,52.97846244016981,40.87440814217341,7396,3,stroke_nan
10324,62.950449416828896,52.967385921894056,7890,4,stroke_kai
10325,88.86759569272607,42.68730713741991,10626,5,text_en_1919
10326,49.12088719489472,6.773809692526089,1773,0,outer_ring
10327,81.76101756563756,61.419982661669934,3314,1,inner_ring
10328,73.54238694680986,67.809514789622,3383,1,inner_ring
10329,87.86423193287455,47.55088060513677,10445,5,text_en_1919
10330,76.21213578667825,28.260229042557754,4282,1,inner_ring
10331,92.79382283401969,42.221609260261445,10588,5,text_en_1919
10332,59.08554490305526,5.806625772414097,2664,0,outer_ring
10333,54.62082051412659,5.491272739804858,2241,0,outer_ring
10334,68.64420875297695,17.249270318367536,10928,5,text_en_1919
10335,80.36390564429101,38.05692593923344,4350,1,inner_ring
10336,56.82673718596745,3.5220277284708854,2458,0,outer_ring
10337,38.425248065585784,7.943094821143375,1459,0,outer_ring
10338,58.92653193988355,6.064081633162895,2655,0,outer_ring
10339,53.887378583164576,29.07533684259369,5896,2,octagram
10340,50.72393748383741,14.895795382583348,10994,5,text_en_1919
10341,59.96385766517352,8.774398341354225,2759,0,outer_ring
10342,80.70367744966117,15.688476322631839,10856,5,text_en_1919
10343,58.43408016430263,5.521703359774831,2607,0,outer_ring
10344,50.41289923869671,6.224389798713648,1858,0,outer_ring
10345,46.555756557016124,7.481563238090262,1635,0,outer_ring
10346,62.663469695114685,16.060893273957955,11009,5,text_en_1919
10347,53.304871479344506,7.071725555958778,2107,0,outer_ring
10348,42.93915428804706,8.31794401301974,1514,0,outer_ring
10349,61.038147631569764,7.585463018092073,2811,0,outer_ring
10350,79.83600570540435,37.61103828096027,6319,2,octagram
10351,59.26712402549826,5.043631311702893,2677,0,outer_ring
10352,70.30281529735218,24.669380607594302,4238,1,inner_ring
10353,60.10961149759109,11.953423660739546,11300,5,text_en_1919
10354,81.87947159564192,56.68750782481035,3286,1,inner_ring
10355,90.96628253764874,49.38202298986681,10214,5,text_en_1919
10356,56.9413928359998,45.73071593253361,8177,4,stroke_kai
10357,80.90968708725518,37.905841817757256,4352,1,inner_ring
10358,64.88258482125882,8.569978102049738,3038,0,outer_ring
10359,74.666015610089,47.859697720591925,6437,2,octagram
10360,52.31610999847793,29.128237826466677,7547,3,stroke_nan
10361,44.71125265442127,5.497870656699524,1582,0,outer_ring
10362,80.59848502808575,57.77745950962117,3298,1,inner_ring
10363,47.81594070820637,87.81956618197154,746,0,outer_ring
10364,37.28903414854904,86.84703484283364,1262,0,outer_ring
10365,50.82155487680457,88.6581419307662,519,0,outer_ring
10366,49.59145290276609,87.64132908368126,615,0,outer_ring
10367,54.485496937976485,91.0087230626468,283,0,outer_ring
10368,39.16706681035516,53.32117820493004,6834,3,stroke_nan
10369,40.110540602399354,87.40157998444913,1175,0,outer_ring
10370,41.433637884018964,88.72915373778824,1104,0,outer_ring
10371,50.321017153837964,74.86111759797747,3553,1,inner_ring
10372,32.11623149560452,51.1239340043776,5317,2,octagram
10373,35.55298445895933,71.26133669716303,3656,1,inner_ring
10374,31.794517006920284,42.044020370093286,5441,2,octagram
10375,20.117670557425914,38.25786901875349,10750,5,text_en_1919
10376,33.923512713016606,44.65148939373757,5399,2,octagram
10377,20.745647899415776,43.54825443328112,10556,5,text_en_1919
10378,23.217886329225706,49.24490259526349,10263,5,text_en_1919
10379,25.44004398277402,36.83818228466691,3895,1,inner_ring
10380,22.441207188947658,59.760074050090594,9874,5,text_en_1919
10381,30.755671966939115,36.95479203860846,5536,2,octagram
10382,39.24965245385157,44.747410715052624,7213,3,stroke_nan
10383,48.47064409902256,50.18815321283252,6955,3,stroke_nan
10384,45.66883208188207,55.969404451340665,6733,3,stroke_nan
10385,61.54612199261145,58.8125126795165,7677,4,stroke_kai
10386,55.8049683736166,34.977445295846394,8542,4,stroke_kai
10387,41.13592244282814,68.81564263011775,5023,2,octagram
10388,67.49828622002553,6.533556729810132,3110,0,outer_ring
10389,69.99081349515235,80.14677193403945,9076,5,text_en_1919
10390,42.24984602460082,71.57937070737961,4987,2,octagram
10391,62.774109459118776,22.526421822625714,6031,2,octagram
10392,68.1475772583209,42.481498721573146,8303,4,stroke_kai
10393,45.61250387829301,90.39539196379565,867,0,outer_ring
10394,65.28141861797766,71.27653831077438,4663,2,octagram
10395,46.76137313788501,54.93831006172874,6773,3,stroke_nan
10396,40.714449779507994,27.726476710286427,5708,2,octagram
10397,34.498294254296276,34.66740910956849,5585,2,octagram
10398,28.354159236359962,58.25176428168295,5233,2,octagram
10399,61.48431453610338,53.786354283546096,7863,4,stroke_kai
10400,60.256708547552975,47.0379500055218,8117,4,stroke_kai
10401,35.398857793650755,34.04607162876267,5594,2,octagram
10402,50.66078199989657,37.0186186997373,7483,3,stroke_nan
10403,42.316266481661344,22.655045316370938,4045,1,inner_ring
10404,31.329230897291275,11.786751215822969,1421,0,outer_ring
10405,27.725754316129475,58.164796553080755,3749,1,inner_ring
10406,28.781429079386022,35.401976663932345,3907,1,inner_ring
10407,54.887849913088395,27.868833084613968,5915,2,octagram
10408,53.8921950162154,75.40909149392851,3529,1,inner_ring
10409,32.52246592456363,36.113369722139794,5552,2,octagram
10410,38.38313411613981,32.82290916684117,5648,2,octagram
10411,21.320299150183292,35.859730225948034,10782,5,text_en_1919
10412,41.464079153738496,24.920884093941925,5744,2,octagram
10413,54.8794244880112,35.1850851147044,8543,4,stroke_kai
10414,57.30192828860945,7.689756995364036,2525,0,outer_ring
10415,45.95257426363726,37.460372434555765,7485,3,stroke_nan
10416,56.769280944995955,5.942518903173363,2466,0,outer_ring
10417,69.4327458722167,17.443493699076452,10910,5,text_en_1919
10418,40.685324466438175,7.913037952432964,1485,0,outer_ring
10419,51.73296468589663,34.5408600350278,7526,3,stroke_nan
10420,54.00727091874674,28.899576093978265,5895,2,octagram
10421,58.095056776383686,5.7186010035709876,2575,0,outer_ring
10422,54.9447866500643,5.057500586275705,2270,0,outer_ring
10423,49.39900821852765,89.33674179686952,614,0,outer_ring
10424,80.59417113508523,46.26892811247232,4412,1,inner_ring
10425,70.29809637741961,44.40188320960404,6421,2,octagram
10426,75.88459057340116,48.41462235450965,6460,2,octagram
10427,59.38263153905317,83.9910946837829,8729,5,text_en_1919
10428,60.7246330079676,79.85541037597292,9027,5,text_en_1919
10429,75.73227816049192,48.011912080187294,6459,2,octagram
10430,36.24752601171404,67.68854613665054,3667,1,inner_ring
10431,47.389862278455055,50.19951214801838,6899,3,stroke_nan
10432,49.21671183267454,57.17938668869573,6705,3,stroke_nan
10433,44.63718769838449,89.32335206491396,942,0,outer_ring
10434,52.442071068410456,81.19302926781752,8892,5,text_en_1919
10435,37.734521719680124,87.06705143614863,1246,0,outer_ring
10436,44.19503062510353,83.10530840672425,8812,5,text_en_1919
10437,60.16006426265304,90.32581902718856,77,0,outer_ring
10438,64.54217674625924,84.77143825289615,8674,5,text_en_1919
10439,59.720050994812574,88.69055407886368,88,0,outer_ring
10440,53.50006205522943,21.52170804954237,4114,1,inner_ring
10441,28.70748267706632,63.38154183524902,9719,5,text_en_1919
10442,16.95297791820888,40.430810050551784,10667,5,text_en_1919
10443,16.323935363078945,57.43648085596288,9971,5,text_en_1919
10444,58.897589028934796,77.75321956116201,9198,5,text_en_1919
10445,65.34020723419339,82.65306344239691,8841,5,text_en_1919
10446,71.33001547817359,79.24607017464429,9161,5,text_en_1919
10447,66.62270920536892,67.11721160403496,4609,2,octagram
10448,64.80591282355559,72.81950780365291,4681,2,octagram
10449,66.99297389370892,75.49294071403435,9333,5,text_en_1919
10450,74.69866648303926,49.58121855989639,6469,2,octagram
10451,67.70086415091875,68.52819871162598,4624,2,octagram
10452,45.491010657313794,75.77017935961518,3587,1,inner_ring
10453,81.50890782081387,66.33090015727272,9608,5,text_en_1919
10454,57.20343366681945,79.77894102182256,9048,5,text_en_1919
10455,75.86959297411116,44.61463151659429,6387,2,octagram
10456,76.24087014253386,66.96554857345657,3362,1,inner_ring
10457,78.20608961613816,63.23687329264034,3339,1,inner_ring
10458,56.123934966898496,26.305949011916844,5934,2,octagram
10459,62.2111528923668,57.3816197498874,7722,4,stroke_kai
10460,75.4215530072882,68.24395319592317,3375,1,inner_ring
10461,76.1675574502595,59.86603785746268,4475,2,octagram
10462,75.40774519402757,49.52849113587037,6471,2,octagram
10463,70.75375291534988,62.457731460648034,4549,2,octagram
10464,53.1807328114004,2.6145952341381813,2106,0,outer_ring
10465,47.14600877685812,16.078302867070203,10931,5,text_en_1919
10466,69.50781227800283,17.94393649083162,10897,5,text_en_1919
10467,70.58286444440301,34.27483360936605,6201,2,octagram
10468,63.972709419452634,44.05290223174868,8250,4,stroke_kai
10469,87.39657316863197,50.82364253993741,10134,5,text_en_1919
10470,75.50219836031509,35.64320241423247,6251,2,octagram
10471,69.15762061063833,34.14924410438637,6181,2,octagram
10472,78.07944605868765,33.04873510428384,4320,1,inner_ring
10473,78.82541445191632,46.935291885202965,4418,1,inner_ring
10474,40.120710917678586,48.49630987196442,7031,3,stroke_nan
10475,57.02745680179176,48.19564202355705,8029,4,stroke_kai
10476,48.17115235091576,24.96564526007525,5858,2,octagram
10477,62.57958096830346,57.00091650786278,7727,4,stroke_kai
10478,50.97881085347655,36.41798568607746,7500,3,stroke_nan
10479,55.70490110997338,5.663062099777902,2344,0,outer_ring
10480,62.06755443795401,5.779213467013576,2849,0,outer_ring
10481,52.4833724265808,5.233220354595043,2044,0,outer_ring
10482,61.67668386937216,7.748867360134148,2847,0,outer_ring
10483,73.0647893765349,26.98101296850026,4261,1,inner_ring
10484,60.21236978480532,7.40181207826034,2763,0,outer_ring
10485,63.17822742828374,7.7858556102869745,2943,0,outer_ring
10486,66.36857490909169,8.033604652846389,3089,0,outer_ring
10487,56.75521429761309,32.97471766531697,8568,4,stroke_kai
10488,52.111354771608745,4.934870413048687,2014,0,outer_ring
10489,54.350166084818106,6.396776051030512,2213,0,outer_ring
10490,40.8047674574574,29.080641268965174,5695,2,octagram
10491,57.3685656167187,27.007145044088713,5947,2,octagram
10492,52.31116119935845,6.25722766206706,2027,0,outer_ring
10493,59.94718367564217,24.61201919687774,5992,2,octagram
10494,60.30444605356087,6.796037249900256,2764,0,outer_ring
10495,55.907259662943,8.483312330028662,2385,0,outer_ring
10496,70.37329373363592,32.96891713847159,6190,2,octagram
10497,85.8058936478389,49.09238085681393,10330,5,text_en_1919
10498,87.13276244463269,46.59262793982599,10461,5,text_en_1919
10499,70.57517226991955,34.654711989465945,6202,2,octagram
10500,60.4022353852616,6.32584967127334,2766,0,outer_ring
10501,57.69199122409764,6.4850186342692275,2551,0,outer_ring
10502,50.6381054953498,5.105716018607008,1883,0,outer_ring
10503,41.37579300407187,7.634341030566726,1492,0,outer_ring
10504,83.07287255171104,57.291960168627845,3288,1,inner_ring
10505,44.41038941457031,78.78975355568926,9151,5,text_en_1919
10506,41.4523631407417,67.80086555512082,5038,2,octagram
10507,43.16256502835398,88.11164562372011,1047,0,outer_ring
10508,66.81380695767501,79.55040688844771,9147,5,text_en_1919
10509,45.03725817447174,90.68079987309976,895,0,outer_ring
10510,34.96295752795226,84.58004737603746,1317,0,outer_ring
10511,28.554740695651308,69.31129752995173,9560,5,text_en_1919
10512,43.31012935920445,73.86964070615883,4966,2,octagram
10513,44.16110098747321,65.69969959545607,6577,3,stroke_nan
10514,57.80019079869072,88.90900164037949,136,0,outer_ring
10515,46.93462005542727,89.15267301440576,791,0,outer_ring
10516,34.00137276478913,58.99672339575057,5171,2,octagram
10517,23.62227902551618,65.46383124589504,9698,5,text_en_1919
10518,46.174460101066316,52.06679206532917,6876,3,stroke_nan
10519,20.528173585142408,57.71608097288078,9972,5,text_en_1919
10520,37.61708264748402,43.76552972673204,7251,3,stroke_nan
10521,16.559422398053794,35.4769358607598,10795,5,text_en_1919
10522,23.568591772255438,38.066926981332045,10727,5,text_en_1919
10523,21.594737013786922,50.46893074216274,10219,5,text_en_1919
10524,28.86408369158197,38.10114471241111,5492,2,octagram
10525,24.06224281468501,55.39874244405568,10008,5,text_en_1919
10526,26.60377925753056,58.760545531769445,9894,5,text_en_1919
10527,40.78020891249854,49.39689899107794,7001,3,stroke_nan
10528,63.08541063159472,81.65624887492055,8909,5,text_en_1919
10529,48.770246031408384,81.26321774611105,8957,5,text_en_1919
10530,53.21759750315565,89.62997018065585,355,0,outer_ring
10531,41.734807492769654,70.13446734128682,5011,2,octagram
10532,55.51301307637127,91.8895180993072,242,0,outer_ring
10533,45.68530115490249,6.224259021061689,1613,0,outer_ring
10534,69.45519766662807,49.63909664099986,7994,4,stroke_kai
10535,51.384756264529535,70.37806080150892,4867,2,octagram
10536,68.52268639430442,39.978858306172846,8376,4,stroke_kai
10537,53.94594227690457,89.05723776767458,308,0,outer_ring
10538,61.8753599620359,3.953971179940638,2822,0,outer_ring
10539,64.1815448893802,36.58952796131003,8496,4,stroke_kai
10540,55.90793133627162,35.57945309285187,8519,4,stroke_kai
10541,51.15639706952635,88.71058479609091,498,0,outer_ring
10542,42.597569662979126,45.290178212951766,7239,3,stroke_nan
10543,53.995189290623905,15.074003098726767,11170,5,text_en_1919
10544,56.9051662261132,36.398858174203454,8495,4,stroke_kai
10545,51.30378300085728,6.525356433284768,1933,0,outer_ring
10546,52.73019619381149,37.943912026658424,7466,3,stroke_nan
10547,37.56430469664897,25.541243652936554,4005,1,inner_ring
10548,32.491592149642386,49.435195622056966,5331,2,octagram
10549,46.15293693191562,42.17846480608012,7343,3,stroke_nan
10550,16.709305768131614,48.92679424810995,10273,5,text_en_1919
10551,38.84420502734521,44.489143702165414,7252,3,stroke_nan
10552,16.987354329591508,38.02176408989558,10773,5,text_en_1919
10553,42.18415149901146,24.66635960112026,5752,2,octagram
10554,44.83441675795399,44.1877046769512,7272,3,stroke_nan
10555,39.64172188527288,16.502192905584085,11061,5,text_en_1919
10556,45.31861203900707,7.490084684524845,1589,0,outer_ring
10557,51.83072490628046,6.672443898661543,1979,0,outer_ring
10558,44.16101760777205,8.253895034828629,1555,0,outer_ring
10559,49.71806722422032,51.274082476181974,6881,3,stroke_nan
10560,47.57251483481331,5.727537667681022,1697,0,outer_ring
10561,60.39308339777518,48.20855590960716,8058,4,stroke_kai
10562,62.01922352643656,7.500609160518627,2865,0,outer_ring
10563,56.439382561498675,16.950463597337915,10996,5,text_en_1919
10564,84.32415516855617,37.76406115085696,10697,5,text_en_1919
10565,61.660489672281905,59.6559222769643,7624,4,stroke_kai
10566,72.88500501455479,60.49129421714138,4517,2,octagram
10567,79.26831436261082,57.17007029999334,6561,2,octagram
10568,91.35865636216987,54.13064050294239,10040,5,text_en_1919
10569,58.84078535133472,87.84369253124062,106,0,outer_ring
10570,61.7283779357112,45.16668806586898,8220,4,stroke_kai
10571,66.27092626213086,77.99745650219019,9255,5,text_en_1919
10572,58.05007974135617,79.81570031893023,8990,5,text_en_1919
10573,52.16971301150162,88.5092836379795,426,0,outer_ring
10574,41.378571967521495,88.62656488652355,1106,0,outer_ring
10575,42.902750540698094,88.79973318017811,1052,0,outer_ring
10576,58.24641846733374,88.48335832214443,122,0,outer_ring
10577,52.13066330899126,90.3460886834043,418,0,outer_ring
10578,60.84300435121512,48.192795504048334,8088,4,stroke_kai
10579,70.93773961207802,87.59120119809722,5,0,outer_ring
10580,43.71099910292971,88.1493693293364,1019,0,outer_ring
10581,58.06995248338542,90.64673307673937,133,0,outer_ring
10582,70.55390473934436,79.59908024492415,9116,5,text_en_1919
10583,46.745374956028385,46.43581326746811,7092,3,stroke_nan
10584,34.23719696833835,47.721979253584244,5373,2,octagram
10585,30.047074232840764,67.1858974871417,9617,5,text_en_1919
10586,44.93397914971464,89.00684873662723,927,0,outer_ring
10587,64.10514795826509,81.28258184510238,8967,5,text_en_1919
10588,54.76473070785569,89.31650761438293,271,0,outer_ring
10589,60.132890001431285,91.02151588595679,83,0,outer_ring
10590,49.05973981170088,90.26406346901523,638,0,outer_ring
10591,48.109138624709786,90.36275716691709,703,0,outer_ring
10592,54.71250253424805,52.10727168080129,4826,2,octagram
10593,71.31502181841519,80.71814384404675,9042,5,text_en_1919
10594,64.96720425973297,58.30987474922785,7691,4,stroke_kai
10595,62.32101867049306,78.30005121307305,9222,5,text_en_1919
10596,59.96182084473334,42.41415075076554,8322,4,stroke_kai
10597,56.065027896259394,76.81844663735228,3514,1,inner_ring
10598,65.08487614737908,54.87413179479771,7811,4,stroke_kai
10599,61.72217179658458,82.24488599722392,8908,5,text_en_1919
10600,49.73411940136775,48.65643979070385,6969,3,stroke_nan
10601,62.685474664051625,53.426090420935765,7867,4,stroke_kai
10602,49.989010442300895,70.88871649434618,4885,2,octagram
10603,91.3387946567763,46.46091740384674,10491,5,text_en_1919
10604,84.3384322133507,62.14187214958542,9771,5,text_en_1919
10605,83.58128983276599,72.07196027600669,9441,5,text_en_1919
10606,49.39693864047694,8.625112013610698,11329,5,text_en_1919
10607,85.60096427024233,47.45442381765321,10422,5,text_en_1919
10608,60.52283951335548,6.811370179957968,2774,0,outer_ring
10609,65.45694753928507,45.977476114584945,8155,4,stroke_kai
10610,76.0671304606402,42.960734052701476,6369,2,octagram
10611,84.97593455193875,67.4069051656144,9548,5,text_en_1919
10612,88.50783354171858,45.768501334951104,10463,5,text_en_1919
10613,79.78606049539083,56.15028810877031,6557,2,octagram
10614,71.20370631918533,71.11102589987907,3406,1,inner_ring
10615,84.18267213880729,51.89974818254769,3253,1,inner_ring
10616,59.409769596341626,15.699449735535804,11076,5,text_en_1919
10617,63.10146542990298,45.42203553459316,8221,4,stroke_kai
10618,52.82184378693371,6.432814440621026,2065,0,outer_ring
10619,51.21999328843885,6.733310472314543,1920,0,outer_ring
10620,65.08551116816598,7.04697856790361,3030,0,outer_ring
10621,62.04763872629246,24.3740633546826,6007,2,octagram
10622,59.0150274994778,2.323186647382461,2624,0,outer_ring
10623,49.59860524942269,32.92080638261018,7527,3,stroke_nan
10624,88.53232813824775,47.28604346075581,10429,5,text_en_1919
10625,49.81035540707974,6.914218522384576,1806,0,outer_ring
10626,65.26402886553586,26.015425642162207,6088,2,octagram
10627,49.589849584036315,5.220687535262553,1805,0,outer_ring
10628,65.37364698985476,7.3955401766816244,3043,0,outer_ring
10629,61.671578779913645,5.932845342566015,2830,0,outer_ring
10630,51.09004450912724,4.618362883880088,1923,0,outer_ring
10631,50.39501893324392,42.4312332886018,7237,3,stroke_nan
10632,60.076702584159435,6.930184886846585,2744,0,outer_ring
10633,56.111645317493746,5.468341938219633,2390,0,outer_ring
10634,62.74083080025186,40.095302945443024,8396,4,stroke_kai
10635,61.502435396738925,24.392178076582976,6004,2,octagram
10636,86.73194630996407,41.14885260565745,10687,5,text_en_1919
10637,57.64184403106926,16.17382671302653,11035,5,text_en_1919
10638,75.74279215769941,52.49966886267489,6495,2,octagram
10639,85.67481803866042,40.6517977961198,10691,5,text_en_1919
10640,81.65186142374158,39.98224528546257,10683,5,text_en_1919
10641,87.00349614359426,48.05919672091413,10387,5,text_en_1919
10642,76.17769530451278,45.42323602123147,6397,2,octagram
10643,74.36838833413364,54.306783317814876,6510,2,octagram
10644,44.685842296348646,23.960062522505485,5789,2,octagram
10645,48.2374153339632,5.347545878809212,1735,0,outer_ring
10646,85.493732633007,56.49437148300782,9977,5,text_en_1919
10647,55.531539842635986,89.22365565445195,233,0,outer_ring
10648,56.93233131056385,90.17963798769787,169,0,outer_ring
10649,48.092754267864315,88.48592484377554,717,0,outer_ring
10650,37.03037572563478,88.81320630874048,1245,0,outer_ring
10651,65.79223812918043,70.19502319804891,4647,2,octagram
10652,34.84841996457759,85.7674018039178,1313,0,outer_ring
10653,24.15398287261547,69.32193698590793,9513,5,text_en_1919
10654,26.4735259099231,75.67485384246795,1380,0,outer_ring
10655,38.10319401296947,85.6758250689179,1254,0,outer_ring
10656,41.21182732799052,65.79016222660768,5057,2,octagram
10657,25.10669827097646,60.450858170722526,9845,5,text_en_1919
10658,32.45552291800218,41.86477175264305,5433,2,octagram
10659,22.49254719722083,46.22794857403324,10519,5,text_en_1919
10660,22.048543379851104,59.009387430993314,9899,5,text_en_1919
10661,33.674779827779545,49.66154111523576,5341,2,octagram
10662,18.237343585290784,51.09901932712284,10189,5,text_en_1919
10663,18.23536697537949,43.19977960698924,10591,5,text_en_1919
10664,16.373797203467177,58.656840612881034,9948,5,text_en_1919
10665,19.4956275271485,58.196451381003904,9942,5,text_en_1919
10666,23.427027162982984,38.05256744174078,10738,5,text_en_1919
10667,26.064572164415132,66.9626140569359,9600,5,text_en_1919
10668,28.752111526256456,54.156594007783106,3776,1,inner_ring
10669,52.76996327616182,19.922800799099637,4109,1,inner_ring
10670,44.86686675198584,43.271180714515594,7293,3,stroke_nan
10671,51.697638227945426,58.85850941104929,6627,3,stroke_nan
10672,46.33628963095271,53.66494846513164,6781,3,stroke_nan
10673,56.35349201469813,87.10962775132818,187,0,outer_ring
10674,49.02227670763084,79.19253682881977,9230,5,text_en_1919
10675,85.86794229321963,47.63730100862839,10423,5,text_en_1919
10676,46.719298099358305,90.10603092264051,793,0,outer_ring
10677,55.36461486612032,80.33708366990574,9002,5,text_en_1919
10678,47.180221474860375,62.11276616491464,6590,3,stroke_nan
10679,41.00480775472971,66.54448413401154,5049,2,octagram
10680,61.77232297829093,88.89158579706987,50,0,outer_ring
10681,51.75219012488256,4.90351445819279,1983,0,outer_ring
10682,53.32965692199058,4.620997046513526,2112,0,outer_ring
10683,71.0292316459029,34.43384788823127,6205,2,octagram
10684,55.440112405858464,68.98230700057411,4805,2,octagram
10685,39.123013714666094,8.571333199284693,1463,0,outer_ring
10686,57.39921337560292,5.578870806465171,2521,0,outer_ring
10687,44.530609298701485,39.41962028060944,7437,3,stroke_nan
10688,45.467188631860324,23.564051492821022,5816,2,octagram
10689,33.65898753096628,34.800800264282884,5573,2,octagram
10690,26.58486834978801,37.26036779150389,3896,1,inner_ring
10691,42.49494067402511,48.121927872537434,7051,3,stroke_nan
10692,45.520444543288114,34.93811478455702,7545,3,stroke_nan
10693,31.759708387580236,28.308531631808844,3963,1,inner_ring
10694,30.31116643799144,40.38819336828798,5462,2,octagram
10695,19.973241086005316,38.4696273818793,10742,5,text_en_1919
10696,50.80563276074082,35.44835474450458,7499,3,stroke_nan
10697,41.919140419508885,9.300902360088415,1494,0,outer_ring
10698,47.50407867812087,35.41407217320661,7551,3,stroke_nan
10699,51.988247743501454,40.56764581879059,7403,3,stroke_nan
10700,67.64446934523521,29.162991200519944,6137,2,octagram
10701,56.37521271231888,5.826591308973445,2427,0,outer_ring
10702,81.54279488676227,43.536202292257485,4392,1,inner_ring
10703,78.33634429679455,41.2183604382981,6350,2,octagram
10704,58.151317886208346,49.38739872924742,8052,4,stroke_kai
10705,51.84703768547231,6.0427082270059715,1987,0,outer_ring
10706,58.136938569120844,14.286533381142373,11180,5,text_en_1919
10707,68.5041661753259,7.840628845784778,3148,0,outer_ring
10708,77.49839243656483,37.01285688729993,6286,2,octagram
10709,86.56369993359237,62.88357933265603,9747,5,text_en_1919
10710,75.39680848408499,71.81521093669832,9443,5,text_en_1919
10711,44.54935342872862,48.027890156935705,7030,3,stroke_nan
10712,45.52307029582752,77.33511118045067,3582,1,inner_ring
10713,66.53436400311637,51.96762888828205,7900,4,stroke_kai
10714,44.81888233558543,56.43463752564096,6712,3,stroke_nan
10715,43.05078136121582,89.0881487207418,1037,0,outer_ring
10716,41.30560126447174,87.14033160034276,1127,0,outer_ring
10717,59.416750608018475,55.87666098064709,7758,4,stroke_kai
10718,62.54790676869382,60.15754663442117,7613,4,stroke_kai
10719,47.447389976049486,89.59191890205882,754,0,outer_ring
10720,74.91862855211335,61.50888042857056,4492,2,octagram
10721,53.599765440800674,80.12317732821381,8961,5,text_en_1919
10722,50.50442680798734,52.7712086161843,6820,3,stroke_nan
10723,49.440551535997095,89.56763088623212,610,0,outer_ring
10724,46.40061901644595,73.78592862678536,4936,2,octagram
10725,29.158683330787667,52.97895416907429,3785,1,inner_ring
10726,23.033380112887112,52.21855756603332,10156,5,text_en_1919
10727,44.63942147381684,52.71675172309458,6837,3,stroke_nan
10728,57.66883625498173,87.94250192412595,138,0,outer_ring
10729,49.639197388792866,91.31998209798002,580,0,outer_ring
10730,52.26196449243873,90.63106636486992,408,0,outer_ring
10731,47.90992582768057,88.71755526942016,723,0,outer_ring
10732,53.115204955268005,77.86075277384964,9174,5,text_en_1919
10733,65.07009996129693,61.343769977454315,7622,4,stroke_kai
10734,73.38985456484583,69.05563903907886,3389,1,inner_ring
10735,73.96159777651062,75.79889981534286,9347,5,text_en_1919
10736,52.20113447036997,89.98407218963374,413,0,outer_ring
10737,67.09446851533406,65.6007693286038,4598,2,octagram
10738,65.51976849268029,54.15178316500665,7854,4,stroke_kai
10739,56.64785254498004,50.058238929810855,7970,4,stroke_kai
10740,76.41541704862391,42.24792996615672,6364,2,octagram
10741,87.94527077287097,56.20164951150798,9959,5,text_en_1919
10742,56.7974134964757,78.81486769342601,9084,5,text_en_1919
10743,60.07327147235407,89.3844128509004,76,0,outer_ring
10744,83.3790057157207,72.6857105700918,9429,5,text_en_1919
10745,53.96130799653687,62.93490697739724,4830,2,octagram
10746,92.01363206848768,45.65456563747089,10518,5,text_en_1919
10747,71.9005911857237,61.20976212022414,4532,2,octagram
10748,58.49360410505451,9.224554214609997,2649,0,outer_ring
10749,52.627537210539536,76.6057087561032,3537,1,inner_ring
10750,53.69068078263337,14.982587575334781,11186,5,text_en_1919
10751,58.79774355960417,38.52726196275233,8517,4,stroke_kai
10752,64.1529932587835,38.188195674298726,8447,4,stroke_kai
10753,80.60372961474322,70.10036516132148,9502,5,text_en_1919
10754,85.26810886807912,58.927740833969835,9870,5,text_en_1919
10755,77.87775490514598,40.98741906310323,6351,2,octagram
10756,84.83456214838887,60.66488563417115,9812,5,text_en_1919
10757,61.77257808208757,37.572163027586036,8452,4,stroke_kai
10758,74.02819340581394,35.89247809505974,6238,2,octagram
10759,46.700949529274595,6.102069060526841,1659,0,outer_ring
10760,62.903396101393454,15.423438432342937,11059,5,text_en_1919
10761,61.711331925821575,4.963675165014719,2823,0,outer_ring
10762,44.721759838538446,23.769857075377093,5788,2,octagram
10763,64.67739338602668,7.619888910085368,3020,0,outer_ring
10764,47.35924934602951,7.368692638012346,1669,0,outer_ring
10765,45.864045654041654,5.54928873461453,1622,0,outer_ring
10766,63.585142381124534,6.473343440096796,2953,0,outer_ring
10767,58.8509962642239,6.782501494814619,2657,0,outer_ring
10768,56.60392830946515,7.171372102261241,2460,0,outer_ring
10769,55.780029335497915,6.293997183084246,2358,0,outer_ring
10770,48.577911386050395,5.720812535312616,1749,0,outer_ring
10771,54.30148515536553,6.270184851539222,2210,0,outer_ring
10772,61.62770362407923,20.286972078880876,4176,1,inner_ring
10773,42.26909132942021,27.6731512963067,5714,2,octagram
10774,58.05794078059821,14.26466375311398,11172,5,text_en_1919
10775,62.149543234682554,23.685524410780413,6010,2,octagram
10776,56.20635867088699,14.9100773956691,11056,5,text_en_1919
10777,65.90654717427986,8.984999586653027,3077,0,outer_ring
10778,47.78992379280442,4.79773717134082,1712,0,outer_ring
10779,56.860092054189565,6.885156768636687,2477,0,outer_ring
10780,64.67889407821296,59.67371235479972,7651,4,stroke_kai
10781,55.00578175860562,58.46702356381571,4823,2,octagram
10782,65.73775780159991,45.045324844785895,8207,4,stroke_kai
10783,70.28169375130496,33.907258066271254,6196,2,octagram
10784,86.37279357126582,46.405615214811505,10459,5,text_en_1919
10785,60.43016805297319,6.668643070785303,2771,0,outer_ring
10786,44.10671225526081,8.901433038116698,1546,0,outer_ring
10787,44.063072687111536,7.762962626966679,1557,0,outer_ring
10788,85.19132327282142,57.98966195072629,9956,5,text_en_1919
10789,43.007964244287045,82.28322592724838,8879,5,text_en_1919
10790,48.11741600355219,88.42009089759586,715,0,outer_ring
10791,54.02138947506094,84.93108651692563,8617,5,text_en_1919
10792,44.188244102150016,90.45110317738681,952,0,outer_ring
10793,30.076263399586974,72.98876253344626,9413,5,text_en_1919
10794,52.16189869131346,90.14322891578884,416,0,outer_ring
10795,34.072863309918155,83.36309733370544,1338,0,outer_ring
10796,39.87877524316954,83.04297096060745,8785,5,text_en_1919
10797,46.67744203772176,89.30020940366451,805,0,outer_ring
10798,38.09193328627912,60.86954956995154,5119,2,octagram
10799,20.756620408426272,62.748225595438754,9756,5,text_en_1919
10800,25.949155913882088,64.04845107465782,9702,5,text_en_1919
10801,24.65556196426995,55.041917068183494,10011,5,text_en_1919
10802,24.670142386577346,65.41602797194265,9689,5,text_en_1919
10803,31.60122250141754,31.989963705057058,3942,1,inner_ring
10804,26.68245496558678,54.7676134075747,3774,1,inner_ring
10805,24.746290789766643,42.5264720698702,3858,1,inner_ring
10806,33.59264506730207,44.61803385263542,5401,2,octagram
10807,27.874182822823755,38.34454746217673,5499,2,octagram
10808,41.65125766633721,20.509172192123348,10875,5,text_en_1919
10809,43.09530693894128,52.02254199698342,6850,3,stroke_nan
10810,28.514448082431713,58.587582926889375,5226,2,octagram
10811,29.145277314632054,55.992891702179634,5255,2,octagram
10812,42.082866656439414,48.918168874410014,7036,3,stroke_nan
10813,50.67106791944789,12.310344798733329,1821,0,outer_ring
10814,51.58861695865452,66.66871682967727,4853,2,octagram
10815,63.85074435626628,59.17664352045929,7657,4,stroke_kai
10816,54.46869708768742,6.1159797860575456,2230,0,outer_ring
10817,60.60518055622881,68.24377916132293,4754,2,octagram
10818,57.63546216589776,84.11083872208367,8640,5,text_en_1919
10819,69.09913093629957,62.96199101729439,4564,2,octagram
10820,60.37189561902854,41.69572141177971,8344,4,stroke_kai
10821,64.26231102189955,84.69671288377289,8697,5,text_en_1919
10822,43.625442458087925,22.225325600665176,4050,1,inner_ring
10823,46.298228190094534,49.69452531543764,7004,3,stroke_nan
10824,43.365551222947545,21.84625817982657,4049,1,inner_ring
10825,53.20299067591681,31.471416040811956,5898,2,octagram
10826,59.766877800519296,7.3999764106463575,2725,0,outer_ring
10827,35.48316452562382,10.366680298340166,1435,0,outer_ring
10828,55.78895970737066,6.820530338580975,2362,0,outer_ring
10829,52.68710542646802,16.3207851811169,11108,5,text_en_1919
10830,36.69193999323661,11.744695052584385,1439,0,outer_ring
10831,42.28930675340195,7.600654479424844,1510,0,outer_ring
10832,40.06044253445643,45.700446002999776,7187,3,stroke_nan
10833,25.913065703679976,50.9525768855845,3804,1,inner_ring
10834,24.697707399422075,54.76213653444685,10027,5,text_en_1919
10835,43.330333316165536,43.40293973992964,7300,3,stroke_nan
10836,35.94341334845542,34.15833780833225,5603,2,octagram
10837,40.07231999784821,22.379423186631037,4032,1,inner_ring
10838,40.50564387108339,46.94514032437886,7116,3,stroke_nan
10839,58.37515030006177,4.6973242066592205,2594,0,outer_ring
10840,49.678037702227236,6.155870036540539,1804,0,outer_ring
10841,46.01038270655816,7.229331284624973,1618,0,outer_ring
10842,55.93791780300641,7.606014994644677,2384,0,outer_ring
10843,64.5265984532009,36.93439020831293,8497,4,stroke_kai
10844,58.20171162377244,12.743539194119137,11281,5,text_en_1919
10845,47.38892116263958,23.699865361576602,5844,2,octagram
10846,56.01071501431466,28.027758882948866,5927,2,octagram
10847,48.063047812003205,11.81883320525114,11236,5,text_en_1919
10848,68.45163717658636,47.46126381959011,6446,2,octagram
10849,73.20695786507608,36.00199460975987,6228,2,octagram
10850,55.347043896453044,84.8514025807801,8587,5,text_en_1919
10851,84.76437389883424,40.508585719610906,10680,5,text_en_1919
10852,70.0506069874102,88.8520797610247,6,0,outer_ring
10853,66.51071451640564,71.97772760887682,3435,1,inner_ring
10854,55.30464305878193,48.84606791082957,7979,4,stroke_kai
10855,61.721807605481935,88.83026855151505,51,0,outer_ring
10856,34.43085882655103,84.76878311878194,1325,0,outer_ring
10857,49.36353760860384,88.67152585711102,628,0,outer_ring
10858,46.977167290542205,61.41825849666547,6592,3,stroke_nan
10859,36.674896042391474,86.47663152719421,1279,0,outer_ring
10860,56.78860958043411,91.86743574010085,181,0,outer_ring
10861,53.93191173983844,87.9671535721135,310,0,outer_ring
10862,54.4733357528355,78.1594870734344,9165,5,text_en_1919
10863,43.621931443664906,87.48361743108458,1031,0,outer_ring
10864,42.2080984399633,88.033056214328,1079,0,outer_ring
10865,50.69167810432578,91.01983824289984,516,0,outer_ring
10866,42.238824398370305,64.61606715872885,5068,2,octagram
10867,44.73741848291785,34.81105702258398,7543,3,stroke_nan
10868,23.127986154806223,39.52210336624882,10718,5,text_en_1919
10869,30.435667850666196,54.44034446240423,5275,2,octagram
10870,40.97199792931211,62.7110954703618,5089,2,octagram
10871,49.452491142205176,78.88734194305164,9241,5,text_en_1919
10872,64.0567895361713,85.16146339045756,8682,5,text_en_1919
10873,56.688110518107315,89.75980905485345,180,0,outer_ring
10874,75.52672140022376,45.25127123444059,6399,2,octagram
10875,82.61858176992527,70.72600085830541,9446,5,text_en_1919
10876,60.002885363490066,84.0646220660519,8730,5,text_en_1919
10877,56.89527256617585,50.915722906014686,7956,4,stroke_kai
10878,64.9170197580526,58.24810445541126,7692,4,stroke_kai
10879,74.4553927360007,76.39439077644563,9342,5,text_en_1919
10880,57.14363007928053,47.86189234410861,8071,4,stroke_kai
10881,77.73033084376677,69.8194159607839,9468,5,text_en_1919
10882,54.210941962185046,67.26506514686756,4831,2,octagram
10883,67.7358124487548,53.91278241985171,7831,4,stroke_kai
10884,65.70847683270182,71.49085536168596,4666,2,octagram
10885,77.33907381717165,58.11423640801132,4458,2,octagram
10886,82.59176122796927,55.157210356636504,3279,1,inner_ring
10887,68.36159228088053,53.78157361989728,7837,4,stroke_kai
10888,78.29249745988093,36.82813261289116,6288,2,octagram
10889,92.01840072163633,52.34237751382516,10098,5,text_en_1919
10890,48.9104537873429,7.070205481335885,1759,0,outer_ring
10891,81.1094077868461,45.00895006576703,4403,1,inner_ring
10892,70.16158619761202,32.25920571043974,6188,2,octagram
10893,88.33686955701347,41.38535497379927,10666,5,text_en_1919
10894,77.53364231123548,69.30341799239346,9527,5,text_en_1919
10895,46.66829526775735,23.80883381542448,5834,2,octagram
10896,66.43398303387572,40.4999744170281,8384,4,stroke_kai
10897,67.36009532232929,55.55461737708253,7755,4,stroke_kai
10898,84.90099736077137,49.675168067162396,10283,5,text_en_1919
10899,76.9591499255938,46.3304371723989,4410,1,inner_ring
10900,66.64072307668522,21.555911412306465,4205,1,inner_ring
10901,60.12148137089421,8.133040436063148,2765,0,outer_ring
10902,57.042652716025216,7.590134933711437,2500,0,outer_ring
10903,61.44471944365579,39.11583883581773,8423,4,stroke_kai
10904,59.999332065141154,7.385274919567245,2742,0,outer_ring
10905,56.04612577836017,3.352959423793617,2376,0,outer_ring
10906,49.52225455781057,7.856672797314355,11355,5,text_en_1919
10907,43.23220032552537,7.251195068959028,1531,0,outer_ring
10908,68.60554826239846,9.115003755238403,3157,0,outer_ring
10909,60.76094952469155,7.0387018107410375,2789,0,outer_ring
10910,55.80135067892613,4.7792028695236235,2352,0,outer_ring
10911,63.86968070352249,6.5056686030252235,2973,0,outer_ring
10912,60.668441590632355,7.068420827307909,2785,0,outer_ring
10913,45.67212867555117,46.634809840255876,7162,3,stroke_nan
10914,51.47131579044738,7.72337300781982,1942,0,outer_ring
10915,55.877423226280065,6.444141832859158,2370,0,outer_ring
10916,50.89742381784024,5.814613882376094,1899,0,outer_ring
10917,48.68604995122187,7.24651326948525,1745,0,outer_ring
10918,62.224076315096326,23.18041048894402,6015,2,octagram
10919,59.964999210340984,19.891042572157648,4159,1,inner_ring
10920,57.4765550870141,11.76287423831498,11302,5,text_en_1919
10921,50.524859314435076,19.759728511876382,4096,1,inner_ring
10922,79.74764760450849,50.25313667729572,6496,2,octagram
10923,87.04466656182979,40.161299940232176,10699,5,text_en_1919
10924,82.41148477759873,59.53572632036259,4421,2,octagram
10925,68.24031058659268,10.001785654298523,3154,0,outer_ring
10926,63.98317427829098,7.449893965607482,2992,0,outer_ring
10927,61.80652755473808,7.426301761880195,2851,0,outer_ring
10928,38.58362155407735,13.359594966002318,11244,5,text_en_1919
10929,58.94210041821905,5.429628035460933,2650,0,outer_ring
10930,79.52612222131157,56.01212718385563,6554,2,octagram
10931,39.16144146311388,60.83052932934567,5109,2,octagram
10932,44.58006690324817,89.19652135375757,948,0,outer_ring
10933,52.28059955549823,89.5150505105945,412,0,outer_ring
10934,48.83121477572453,88.92287107500471,667,0,outer_ring
10935,48.28357258674078,89.51773784659441,699,0,outer_ring
10936,41.124945395822756,87.14903408420558,1136,0,outer_ring
10937,22.471358315132996,58.17671341239905,9938,5,text_en_1919
10938,42.502121439454825,71.18830966957327,4993,2,octagram
10939,36.189938027479975,70.81384421398035,3653,1,inner_ring
10940,25.926587344103794,49.05036564649894,3814,1,inner_ring
10941,28.30223287888495,67.47930521899276,9603,5,text_en_1919
10942,41.76872455087081,70.34514345888833,5008,2,octagram
10943,14.774709083497124,48.498435174079304,10261,5,text_en_1919
10944,17.951548564307704,61.78285029651924,9751,5,text_en_1919
10945,41.645126970725975,22.095764608806064,4042,1,inner_ring
10946,33.39207323351966,31.592541892868894,3955,1,inner_ring
10947,41.67932369312895,23.09567988783085,4038,1,inner_ring
10948,33.81481606119611,48.071511407261504,5355,2,octagram
10949,42.48628421093974,22.291721919538848,5774,2,octagram
10950,45.66448132885712,39.90632524835665,7429,3,stroke_nan
10951,38.53735320464747,60.47308130861867,5121,2,octagram
10952,54.01971943177423,82.43067650365444,8779,5,text_en_1919
10953,62.366142578105325,7.978436007346169,2905,0,outer_ring
10954,24.282697356238693,62.52448627325771,9784,5,text_en_1919
10955,33.697471108894014,60.19981647012572,5165,2,octagram
10956,47.55669015536154,8.182696773465551,11350,5,text_en_1919
10957,43.02819815523199,71.81768001348865,4985,2,octagram
10958,61.50196020024352,90.38758786389717,55,0,outer_ring
10959,53.66143241404358,91.06619058541939,327,0,outer_ring
10960,65.7099361039306,90.63207053595269,22,0,outer_ring
10961,75.12905855661867,47.47230818971769,6430,2,octagram
10962,38.482165204123376,86.72876497100894,1233,0,outer_ring
10963,52.99353078074943,77.72506760408885,9205,5,text_en_1919
10964,58.20555902508338,13.239402891319811,11273,5,text_en_1919
10965,43.81688199846581,39.53033467955587,7416,3,stroke_nan
10966,58.314202884929486,4.626840060392341,2586,0,outer_ring
10967,38.22029823146558,36.05776529713389,5621,2,octagram
10968,43.83847980254448,7.4959539631108685,1551,0,outer_ring
10969,58.01499124132136,6.212566575790958,2573,0,outer_ring
10970,66.2362714424179,38.764924058031816,8445,4,stroke_kai
10971,68.12006282854641,18.45657365776587,10873,5,text_en_1919
10972,41.824916010769776,30.213649147291655,5688,2,octagram
10973,46.11343553577795,56.63988527587957,6674,3,stroke_nan
10974,60.45409949790271,25.540056758282454,5990,2,octagram
10975,45.59671394087883,37.84360256662079,7486,3,stroke_nan
10976,29.976473982129832,57.759335290802106,5218,2,octagram
10977,26.382428385021765,38.16269913759902,3890,1,inner_ring
10978,29.84235270330464,41.20494490297502,5463,2,octagram
10979,36.83760945755578,35.24897096004385,5607,2,octagram
10980,52.17262778135822,40.08015096054964,7420,3,stroke_nan
10981,46.61209214686289,5.752600845529621,1656,0,outer_ring
10982,60.214674973188124,44.853327089279,8205,4,stroke_kai
10983,56.962124174343415,5.80426024012445,2480,0,outer_ring
10984,50.647652175401824,5.436474718782091,1879,0,outer_ring
10985,60.39570264195497,35.21630640746323,8576,4,stroke_kai
10986,55.987781722302685,26.149194608613904,5935,2,octagram
10987,48.75371853471387,7.185474788006123,1748,0,outer_ring
10988,68.72407317681939,15.013142609533059,11069,5,text_en_1919
10989,47.97151625139151,36.14940760851304,7530,3,stroke_nan
10990,52.151444575125936,66.2501673365397,4850,2,octagram
10991,56.978335921238966,69.3602600885819,4788,2,octagram
10992,87.60385877575668,60.363514091420505,9814,5,text_en_1919
10993,58.83829427675204,78.45754701241017,9177,5,text_en_1919
10994,79.27739743844225,55.04536297016175,6548,2,octagram
10995,48.39933527917224,89.4096685639853,692,0,outer_ring
10996,52.999875115389,41.328699087846886,7379,3,stroke_nan
10997,43.44627205495037,6.773803057827717,1542,0,outer_ring
10998,37.392380940855205,60.58891992363535,5127,2,octagram
10999,48.91623045109495,72.11976041575217,4901,2,octagram
11000,40.13136724601238,87.2124034884997,1178,0,outer_ring
11001,50.99701818782356,90.49049943101161,499,0,outer_ring
11002,60.13860556260328,90.39001244628018,80,0,outer_ring
11003,68.39460317742441,79.44076359373435,9160,5,text_en_1919
11004,53.00494235969154,86.14672707107128,377,0,outer_ring
11005,43.87637885682868,82.61747478994018,8856,5,text_en_1919
11006,43.50617469878455,88.82762597749782,1022,0,outer_ring
11007,55.50005079139608,89.38092661638734,240,0,outer_ring
11008,45.10429954703618,56.08201132356994,6696,3,stroke_nan
11009,39.385622051259716,45.84817578361207,7183,3,stroke_nan
11010,54.42241879409393,82.7512547803609,8748,5,text_en_1919
11011,42.18627894433454,69.50838064510957,5015,2,octagram
11012,52.97026548507727,90.08772521263869,371,0,outer_ring
11013,60.872826359819264,83.75462624290998,8751,5,text_en_1919
11014,67.70807073894389,77.77702287942536,9283,5,text_en_1919
11015,50.14019769187096,90.5764406249716,554,0,outer_ring
11016,51.81137682882997,76.21025342177866,3543,1,inner_ring
11017,58.179382438983716,51.79602147851516,7924,4,stroke_kai
11018,58.614838957981334,69.1674869774324,4774,2,octagram
11019,63.12565818757948,51.781880695108704,7920,4,stroke_kai
11020,67.063509602385,68.38390993518661,4626,2,octagram
11021,79.54139206741229,39.325025727767176,6336,2,octagram
11022,58.103689301376455,46.93489291458237,8164,4,stroke_kai
11023,80.96509366615632,59.929227350935705,3308,1,inner_ring
11024,85.33309337708857,69.28062187572363,9506,5,text_en_1919
11025,83.93005621802078,68.45240296423657,9528,5,text_en_1919
11026,83.06595158411345,51.05025982314619,3247,1,inner_ring
11027,87.2593684523798,61.431067573060645,9789,5,text_en_1919
11028,88.03920618799742,63.63347643626089,9715,5,text_en_1919
11029,91.91065217805146,49.007597291008665,10253,5,text_en_1919
11030,78.98550580685016,60.41428462564788,3318,1,inner_ring
11031,78.63435713229484,58.41313607938636,4445,2,octagram
11032,62.16243396778254,25.30728994069258,6001,2,octagram
11033,86.70207371885286,46.6221630112638,10443,5,text_en_1919
11034,64.28748972428572,35.77773205724268,8513,4,stroke_kai
11035,59.826760555912585,44.847631810765364,8184,4,stroke_kai
11036,66.41609651202873,24.947479591168026,6096,2,octagram
11037,85.26623798135222,47.79036408483395,10403,5,text_en_1919
11038,77.94782301325118,54.37664145180648,6535,2,octagram
11039,68.59265372866128,63.57152116916164,4572,2,octagram
11040,74.65506066299096,44.880179369648275,6402,2,octagram
11041,77.58980134608808,60.00679433208975,4464,2,octagram
11042,80.93484907334796,49.00259681304667,3234,1,inner_ring
11043,58.527427546927775,11.881179946979838,11310,5,text_en_1919
11044,56.219374356781145,5.113793674012198,2403,0,outer_ring
11045,55.667932567697704,26.712580846191003,5928,2,octagram
11046,50.24398846176084,6.911014526733896,1839,0,outer_ring
11047,56.66585932408715,6.320441278051042,2461,0,outer_ring
11048,50.39919986185697,14.50345017852919,11004,5,text_en_1919
11049,63.562341658901616,7.943332177045834,2974,0,outer_ring
11050,62.41218550325248,7.64434205887789,2903,0,outer_ring
11051,58.85538278617933,21.590156912686385,4152,1,inner_ring
11052,63.78149514819558,6.549813240608208,2966,0,outer_ring
11053,56.516389979049094,13.91492452249923,11231,5,text_en_1919
11054,51.01444257468728,6.044382880679533,1905,0,outer_ring
11055,69.92329327533714,12.351208631730824,11175,5,text_en_1919
11056,42.448656483077464,28.902119649952247,5704,2,octagram
11057,41.661132772028715,29.624376646744942,5691,2,octagram
11058,65.26775966249699,7.785237842173719,3042,0,outer_ring
11059,51.590076576825396,6.557268554267752,1960,0,outer_ring
11060,63.983054816239836,22.367957239866847,6036,2,octagram
11061,68.13807454621306,15.49984000948742,11029,5,text_en_1919
11062,75.71522160657574,12.28633290530031,3221,0,outer_ring
11063,66.66858766337302,9.819337187724074,3114,0,outer_ring
11064,89.60895117097007,53.356181633249534,10104,5,text_en_1919
11065,77.97359097771862,54.83816192643765,6537,2,octagram
11066,67.56646323122426,58.89048890704652,7664,4,stroke_kai
11067,46.507015848375055,14.908043674534674,10936,5,text_en_1919
11068,77.40296533288333,36.39704050677307,6276,2,octagram
11069,59.81716473600762,4.796215773026567,2706,0,outer_ring
11070,59.11166592425291,5.720673148511103,2667,0,outer_ring
11071,35.409237950404524,35.16061828911961,5591,2,octagram
11072,55.34308960307461,67.02751974253842,4815,2,octagram
11073,40.35675580101118,87.66995917795947,1162,0,outer_ring
11074,35.850237976237665,79.06255224231339,9117,5,text_en_1919
11075,45.377217311055055,86.82339518574341,931,0,outer_ring
11076,52.05296675051221,90.17225687020495,431,0,outer_ring
11077,28.690930643832655,67.25437604247566,9615,5,text_en_1919
11078,44.392378428278036,88.82274130807518,967,0,outer_ring
11079,42.71371473857386,79.95785750178581,9031,5,text_en_1919
11080,38.37764829413597,61.08629644613452,5118,2,octagram
11081,47.487462753183,75.14876366861908,3572,1,inner_ring
11082,39.02144570807378,70.83363898765714,3635,1,inner_ring
11083,35.98479941877649,69.36246803176206,3661,1,inner_ring
11084,33.11217825925642,37.02731423322798,5557,2,octagram
11085,24.57321924560358,71.98843974108824,9451,5,text_en_1919
11086,27.27423489630536,45.22145679751459,3844,1,inner_ring
11087,23.368678166339173,47.048275252093454,3824,1,inner_ring
11088,18.180988132263238,43.22115605181858,10581,5,text_en_1919
11089,27.579388672464816,53.939577557722984,3780,1,inner_ring
11090,25.61036783597325,66.00207873187188,9678,5,text_en_1919
11091,31.76498279861,48.954980971873496,5329,2,octagram
11092,26.336928010948277,68.45947714267365,9557,5,text_en_1919
11093,23.885102582567487,38.98784318217685,10713,5,text_en_1919
11094,41.06561086038722,32.528352639632445,5655,2,octagram
11095,54.994737141700696,83.47977855255964,8679,5,text_en_1919
11096,47.59172809438983,5.623331873170086,1699,0,outer_ring
11097,45.95834070762935,90.69182347729343,842,0,outer_ring
11098,63.50605176928253,23.417423364013068,6033,2,octagram
11099,44.426001149283124,74.01873393047066,3596,1,inner_ring
11100,55.5077851694641,82.91099008017069,8792,5,text_en_1919
11101,44.64400958928018,55.19308341009335,6752,3,stroke_nan
11102,49.93634825520839,71.99119253302747,4889,2,octagram
11103,40.83058021547208,88.16459364156829,1132,0,outer_ring
11104,58.27496606184561,89.67389176751335,124,0,outer_ring
11105,59.14487764297307,58.66958269996232,7666,4,stroke_kai
11106,44.79497453614514,58.65968502482943,6632,3,stroke_nan
11107,46.17415028105213,58.198020104892464,6639,3,stroke_nan
11108,62.70499768626288,5.991445000326008,2899,0,outer_ring
11109,41.571743965583394,29.944008050602534,5686,2,octagram
11110,35.973845423564875,11.89786380570323,1434,0,outer_ring
11111,72.32565358717339,69.03142270813959,3393,1,inner_ring
11112,51.788744844270255,5.287245360029067,1985,0,outer_ring
11113,42.54386831584266,26.304143236399202,5730,2,octagram
11114,30.68029762974701,38.1979905577145,5529,2,octagram
11115,48.510663556053494,49.248654017599,6967,3,stroke_nan
11116,52.42954869442857,49.27355879810196,6993,3,stroke_nan
11117,30.074534831907222,36.302460485067,5528,2,octagram
11118,53.750488538040145,15.959518504233099,11121,5,text_en_1919
11119,39.88142506988001,32.072076286569654,5659,2,octagram
11120,22.85920056311988,48.103104564073135,10344,5,text_en_1919
11121,37.171462037381154,33.59360568817338,5620,2,octagram
11122,41.472110128342536,22.464302598554944,4039,1,inner_ring
11123,44.912903370152314,22.57967218929147,5802,2,octagram
11124,58.5208915075747,8.027674752798982,2637,0,outer_ring
11125,53.85332745777564,5.401167878729392,2166,0,outer_ring
11126,50.13870549892567,12.239060372149154,11216,5,text_en_1919
11127,43.33088842430171,69.47991583166376,5009,2,octagram
11128,51.345904075641975,6.614292540146028,1937,0,outer_ring
11129,57.0184324636051,13.564423705279532,11253,5,text_en_1919
11130,55.9103421215253,34.91207360307588,8540,4,stroke_kai
11131,50.84179383483873,15.144999761008407,10978,5,text_en_1919
11132,63.58055397925742,52.37207030186807,7882,4,stroke_kai
11133,39.59613295947401,29.917870073325478,5683,2,octagram
11134,68.95673366475224,46.15700144269627,6445,2,octagram
11135,60.512042840955864,56.320834207524385,7765,4,stroke_kai
11136,91.19266618481896,61.22267265232718,9810,5,text_en_1919
11137,41.08594868983096,88.3909428121686,1122,0,outer_ring
11138,55.30345602985563,68.03491423179105,4811,2,octagram
11139,86.94918719481821,41.064409369252814,10693,5,text_en_1919
11140,49.05746191462646,89.728924677179,641,0,outer_ring
11141,50.10011089930372,80.76913037267526,9035,5,text_en_1919
11142,49.45659880777116,81.5012723953143,8947,5,text_en_1919
11143,49.10840457941898,92.93200539875542,604,0,outer_ring
11144,58.50428445408619,82.22227802574425,8862,5,text_en_1919
11145,66.2932138553872,81.39390383840855,8980,5,text_en_1919
11146,51.25974530191703,89.55005256910992,488,0,outer_ring
11147,58.56504726529447,83.82522330239117,8771,5,text_en_1919
11148,50.25273549770426,38.79944545485683,7385,3,stroke_nan
11149,27.061526893681105,51.467886191008525,3801,1,inner_ring
11150,26.676082650763323,66.84750354395675,9622,5,text_en_1919
11151,15.165316125943852,50.3011219907309,10229,5,text_en_1919
11152,33.48149948979839,59.12715902573404,5186,2,octagram
11153,27.44137513017884,39.38866261075447,3885,1,inner_ring
11154,36.91452681750615,86.94568307290456,1270,0,outer_ring
11155,53.565069619654345,86.78882176955163,339,0,outer_ring
11156,48.70300311269122,87.92898366511218,686,0,outer_ring
11157,53.936428983202795,79.27974537991258,9070,5,text_en_1919
11158,55.52303087922926,88.68653520075735,232,0,outer_ring
11159,66.56903686206697,70.69340466606783,4651,2,octagram
11160,60.979616784613675,48.9863905844488,8025,4,stroke_kai
11161,81.61717363835905,71.32826725388853,9434,5,text_en_1919
11162,83.8304871838172,41.98996182277937,10649,5,text_en_1919
11163,72.29040757422086,61.82025002045691,4531,2,octagram
11164,79.10034626617602,74.79299428368857,9345,5,text_en_1919
11165,67.79528305209043,78.61820644986368,9183,5,text_en_1919
11166,55.14364790951114,40.120831604170775,8469,4,stroke_kai
11167,76.03357950664133,51.82206329349171,6494,2,octagram
11168,66.67900176865957,48.881647191621674,8028,4,stroke_kai
11169,71.05418357652245,60.818701752854,4542,2,octagram
11170,85.28494302891258,68.3528842210798,9529,5,text_en_1919
11171,89.89023407867246,48.02693522238778,10375,5,text_en_1919
11172,69.97383333232199,74.05871809794282,3422,1,inner_ring
11173,88.43678530112747,47.381143143784314,10410,5,text_en_1919
11174,66.0570098976141,59.129595360834074,7642,4,stroke_kai
11175,80.58425132823822,37.77605284009755,4349,1,inner_ring
11176,48.79989167268184,52.21117106352626,6843,3,stroke_nan
11177,55.609538066246245,1.7031053292261187,2321,0,outer_ring
11178,84.50503175941192,42.35093438820208,10643,5,text_en_1919
11179,89.54208442511086,37.14918491950267,10755,5,text_en_1919
11180,78.91295094943678,59.24791236775833,4442,2,octagram
11181,73.77037664451609,58.699983453977985,4486,2,octagram
11182,80.74204680979564,46.73379815075178,4415,1,inner_ring
11183,74.99781693272207,42.0838232339585,6367,2,octagram
11184,81.33298326790967,45.43493374170583,4405,1,inner_ring
11185,68.20497089751021,15.178697936998088,11037,5,text_en_1919
11186,51.04674776467334,47.13802353271287,7085,3,stroke_nan
11187,64.71039157711337,23.389941356892994,6058,2,octagram
11188,49.59542930399444,6.126868488694725,1800,0,outer_ring
11189,50.4235025138336,41.20931663889107,7352,3,stroke_nan
11190,58.55911746616409,6.914360132625124,2630,0,outer_ring
11191,45.62516425133247,20.688009575354762,4062,1,inner_ring
11192,39.381560828604,7.555076852620948,1472,0,outer_ring
11193,79.8437547243113,37.1892333484332,4345,1,inner_ring
11194,55.64750248319066,5.934848008883713,2338,0,outer_ring
11195,59.30034237918502,11.283239172058133,11315,5,text_en_1919
11196,53.894601096578555,6.947392177173356,2169,0,outer_ring
11197,53.29201159832225,40.81886605951055,7395,3,stroke_nan
11198,44.444430807944336,14.542217612702082,11046,5,text_en_1919
11199,59.54966808905982,5.9766425741238045,2700,0,outer_ring
11200,56.21263662688763,6.336193511511429,2412,0,outer_ring
11201,62.36739760932792,6.953896265037162,2889,0,outer_ring
11202,69.97983636956279,9.216000870806583,3176,0,outer_ring
11203,60.2036227987725,8.305865723373671,2772,0,outer_ring
11204,64.17328850430569,5.106763413030574,2972,0,outer_ring
11205,90.25363949232123,26.31905039412323,3225,0,outer_ring
11206,69.15332195338337,37.69009716315847,8398,4,stroke_kai
11207,88.4694644178463,34.9994772661851,4351,1,inner_ring
11208,92.57543644206683,49.39826474374166,10221,5,text_en_1919
11209,62.52889735727695,6.237289008383303,2891,0,outer_ring
11210,67.14932613167673,6.93888210460269,3105,0,outer_ring
11211,76.48794665165298,41.1751661648936,6362,2,octagram
11212,42.90204323059265,21.792820248917902,4047,1,inner_ring
11213,42.579646899712664,25.34579572246127,5747,2,octagram
11214,61.437429909260786,55.70579917088382,7798,4,stroke_kai
11215,40.19179750162892,86.76186890912864,1182,0,outer_ring
11216,44.9875187109459,88.87211715869769,925,0,outer_ring
11217,59.27074479797599,75.52264412925788,3493,1,inner_ring
11218,47.277851293264575,89.60917424056004,763,0,outer_ring
11219,70.99986458146283,83.42720275178281,8765,5,text_en_1919
11220,28.065702031176645,79.12522260245306,1376,0,outer_ring
11221,40.83468079523287,66.03030331267612,5058,2,octagram
11222,44.778081850062016,87.88146023322896,957,0,outer_ring
11223,16.353976527809884,42.75871720138024,10614,5,text_en_1919
11224,30.17088204881376,44.96421515329254,5421,2,octagram
11225,30.489165405840218,55.12968164652065,5272,2,octagram
11226,23.199780604295036,66.40959511393005,9685,5,text_en_1919
11227,24.332445049270174,43.49257464404371,3850,1,inner_ring
11228,18.03389215569136,56.241366624730574,9968,5,text_en_1919
11229,30.571323560773173,36.47568701262466,5532,2,octagram
11230,30.050777021423716,34.091453228710336,3922,1,inner_ring
11231,23.73754721792986,39.01586898559527,10715,5,text_en_1919
11232,17.81135405929121,42.277505730593354,10615,5,text_en_1919
11233,45.05097070991373,60.519408487506176,6596,3,stroke_nan
11234,22.870040715790633,38.997395509699366,10722,5,text_en_1919
11235,31.56601793792516,69.10330158129747,9584,5,text_en_1919
11236,41.83562060022777,32.46543812677497,5662,2,octagram
11237,55.52978853581237,6.023568424167574,2326,0,outer_ring
11238,57.428445219345015,89.9045765443254,151,0,outer_ring
11239,50.023903462569564,19.539147184071375,4092,1,inner_ring
11240,52.832325236707774,50.736792511930716,6938,3,stroke_nan
11241,59.31276119891009,71.26825161487564,4747,2,octagram
11242,63.481988079600406,41.78020675230196,8318,4,stroke_kai
11243,45.96690498825597,90.74057031882052,839,0,outer_ring
11244,54.261740219939206,89.59353095036188,292,0,outer_ring
11245,68.07444861369005,91.20872981951173,13,0,outer_ring
11246,44.704516836139284,86.67144531052591,983,0,outer_ring
11247,46.57413922170488,83.32022081149827,8715,5,text_en_1919
11248,48.03471516290011,70.97946660170831,4913,2,octagram
11249,75.10809064717668,47.37399461092088,6423,2,octagram
11250,51.31270369906596,37.78599005477023,7461,3,stroke_nan
11251,44.82333095513832,55.57357020024141,6753,3,stroke_nan
11252,49.28879781312237,18.978112998673048,4088,1,inner_ring
11253,62.200763748663384,19.429108818587864,4178,1,inner_ring
11254,54.75652608757028,35.93321581737822,5911,2,octagram
11255,52.53299265584671,21.028977802473428,4108,1,inner_ring
11256,55.41287513127053,34.089339854063184,8560,4,stroke_kai
11257,43.800606166801394,22.04998141863948,4051,1,inner_ring
11258,26.855539358071656,52.80852872841157,3790,1,inner_ring
11259,46.90962063775936,56.366039799622115,6703,3,stroke_nan
11260,28.504102866169774,58.96273215741111,5229,2,octagram
11261,44.80457308820129,21.78337532646887,5797,2,octagram
11262,41.026520582586734,6.865831626624336,1491,0,outer_ring
11263,45.2057131148661,22.823456597149217,5810,2,octagram
11264,27.22875911615545,40.265150326443035,3879,1,inner_ring
11265,47.665300799226706,5.913232885654545,1700,0,outer_ring
11266,56.002073906024066,28.084642542224962,5919,2,octagram
11267,61.017281090520356,24.013651554989906,6002,2,octagram
11268,45.408853436754946,38.14974720307518,7479,3,stroke_nan
11269,57.760819116498126,38.12105022518367,8440,4,stroke_kai
11270,52.396472668549556,6.363264747691386,2033,0,outer_ring
11271,76.10709641032568,28.840808253414593,4285,1,inner_ring
11272,40.23240811628537,15.47159142705958,11104,5,text_en_1919
11273,59.666445944722476,6.6028226837916675,2711,0,outer_ring
11274,33.25746803302905,65.14453283690963,3690,1,inner_ring
11275,74.9114339934606,43.538787073415186,6384,2,octagram
11276,65.43573690959815,59.76263089361693,7650,4,stroke_kai
11277,84.52208998151642,41.1186544835753,10675,5,text_en_1919
11278,84.6878473674498,53.974125822979474,10080,5,text_en_1919
11279,28.014055955135117,52.08762822603807,3797,1,inner_ring
11280,68.20009351556428,65.02676417377721,4585,2,octagram
11281,84.232698615771,39.865794544263956,10690,5,text_en_1919
11282,43.569322019198566,87.11111231667839,1040,0,outer_ring
11283,45.66414294231997,52.548127408458974,6825,3,stroke_nan
11284,44.93980727002244,89.8980646875143,915,0,outer_ring
11285,39.68838653440145,86.43406762454275,1202,0,outer_ring
11286,45.662490754797005,90.71157650422744,857,0,outer_ring
11287,59.85156299881128,89.19277344558165,85,0,outer_ring
11288,66.22338315278684,81.32123605305605,8993,5,text_en_1919
11289,36.19570453652996,85.921586847692,1291,0,outer_ring
11290,47.15127610512275,88.08882223901378,788,0,outer_ring
11291,43.926657210959476,88.33750912005014,1005,0,outer_ring
11292,44.47276952986628,88.28065270338247,973,0,outer_ring
11293,21.701928420715443,66.01017888094782,9655,5,text_en_1919
11294,33.17927891565039,49.659174649107776,5334,2,octagram
11295,27.548856431825023,57.961929125732524,3751,1,inner_ring
11296,46.02870563980601,88.40733809421765,866,0,outer_ring
11297,49.81168631286526,89.80663037869203,579,0,outer_ring
11298,63.781324613954595,82.53993837670639,8820,5,text_en_1919
11299,74.76732386144245,82.30254779605747,8968,5,text_en_1919
11300,50.955416373688585,58.333204537634614,6653,3,stroke_nan
11301,80.89975046803276,75.17387707215767,9359,5,text_en_1919
11302,73.38812596649227,50.79560610946253,6476,2,octagram
11303,53.77334181388205,68.19787126492787,4835,2,octagram
11304,81.78078971957699,49.387834678426756,3238,1,inner_ring
11305,63.20918156271174,81.68398482798989,8886,5,text_en_1919
11306,57.39037513503798,87.78235778497222,143,0,outer_ring
11307,70.14004914447004,62.773725758825336,4550,2,octagram
11308,90.76993296280756,55.13001156616288,10023,5,text_en_1919
11309,48.48424253587076,75.96949081158363,3565,1,inner_ring
11310,75.86308500787383,46.43730239659411,6415,2,octagram
11311,70.2411778415338,70.9047026097036,3411,1,inner_ring
11312,80.59122768642803,58.625527186944936,4426,2,octagram
11313,92.42575952849243,51.59535944451528,10162,5,text_en_1919
11314,94.10161278786175,53.74294057548924,10050,5,text_en_1919
11315,68.64507928915799,57.69523116392188,7762,4,stroke_kai
11316,57.680810543988976,9.256337727190894,11359,5,text_en_1919
11317,70.58338552239033,43.33583426754698,6412,2,octagram
11318,63.7797737802854,8.348027169809109,2993,0,outer_ring
11319,52.88349040112281,5.643131496054223,2075,0,outer_ring
11320,57.22009157328984,5.60288939221511,2502,0,outer_ring
11321,68.69513656452402,52.61430772206327,7884,4,stroke_kai
11322,68.58798350256156,61.43029274668972,7658,4,stroke_kai
11323,77.78549970961048,43.28350314259127,6365,2,octagram
11324,80.191736578466,36.57793970449499,6314,2,octagram
11325,90.93362635272743,47.40953446463785,10451,5,text_en_1919
11326,90.45976883556467,45.39905742675859,10525,5,text_en_1919
11327,66.02584554079974,44.93571299191626,8210,4,stroke_kai
11328,67.52940755324497,15.417869171107203,11021,5,text_en_1919
11329,48.41041669874121,12.16636238364193,11213,5,text_en_1919
11330,61.21805846648612,6.012481356040546,2806,0,outer_ring
11331,57.75791712420069,6.542330993798503,2555,0,outer_ring
11332,53.759326061544435,4.075173177392108,2159,0,outer_ring
11333,59.73467400703628,5.885799557693477,2710,0,outer_ring
11334,62.10985911654296,6.083052406390069,2857,0,outer_ring
11335,61.437755147550064,6.6768208733929555,2824,0,outer_ring
11336,49.63006452273211,16.640523685180145,10951,5,text_en_1919
11337,63.10455907493681,6.0005635846846,2922,0,outer_ring
11338,45.01427508233942,43.16097193457098,7294,3,stroke_nan
11339,47.89053397800448,14.678157957048093,10974,5,text_en_1919
11340,51.195215208451344,34.485201694725106,7516,3,stroke_nan
11341,49.44686159222145,35.2239515023355,7564,3,stroke_nan
11342,52.4957761550102,46.484773363066445,7157,3,stroke_nan
11343,58.37854965398318,7.584812857721458,2618,0,outer_ring
11344,57.211859464598994,5.2128742881832135,2499,0,outer_ring
11345,54.9388018538327,5.697162034395552,2271,0,outer_ring
11346,57.479787247195326,13.180487518219742,11277,5,text_en_1919
11347,78.10229513588732,34.71994237021062,4330,1,inner_ring
11348,55.23952287816807,41.32936965989902,8453,4,stroke_kai
11349,93.50941098053895,53.107177170883375,10069,5,text_en_1919
11350,87.26394551557756,54.14352568560162,10083,5,text_en_1919
11351,55.97695192518624,27.768966436570608,5925,2,octagram
11352,70.47778778706949,41.269097086641615,8355,4,stroke_kai
11353,66.14631750633876,21.121566271589302,4202,1,inner_ring
11354,48.53859863143447,7.7944289596790615,1731,0,outer_ring
11355,53.222654207072694,84.86015547943953,8630,5,text_en_1919
11356,62.947605728841275,54.64216953575633,7826,4,stroke_kai
11357,43.33097137390879,74.00182622801107,4960,2,octagram
11358,24.294194010935605,69.23572067563582,9510,5,text_en_1919
11359,49.1812613406866,89.54713535126095,635,0,outer_ring
