point_id,x,y,assigned_slot_id,assigned_layer_id,assigned_layer_name
0,47.03557947793771,77.84226253932724,9261,5,text_en_1919
1,45.4906597297556,89.69720695594025,887,0,outer_ring
2,52.320529913781826,89.37080007717869,413,0,outer_ring
3,29.587373102312615,67.67816869095837,9594,5,text_en_1919
4,52.74369715877359,84.6574472555754,8630,5,text_en_1919
5,40.26031551785651,66.02131563078581,5051,2,octagram
6,26.29570055686778,43.40045812478984,3854,1,inner_ring
7,37.856223500243416,87.00235626229127,1245,0,outer_ring
8,31.004955698256538,42.5813955485791,5431,2,octagram
9,29.054121132326262,61.629716132164546,3726,1,inner_ring
10,28.375534427761913,38.46130064202184,5489,2,octagram
11,31.27504956121759,42.55142697448999,5425,2,octagram
12,30.426341082587527,31.479258923202057,3935,1,inner_ring
13,17.762998284896636,37.24912976980043,10780,5,text_en_1919
14,30.50506175330647,42.646676729953796,5432,2,octagram
15,31.625527070653334,44.276346629607204,5406,2,octagram
16,26.415463783164327,46.96947312528476,3827,1,inner_ring
17,23.81502668894691,59.51736786452069,9886,5,text_en_1919
18,27.77003748322038,42.505255007768596,3864,1,inner_ring
19,55.731396697894965,28.76875047904287,8564,4,stroke_kai
20,59.86020283867035,5.2591353456918695,2703,0,outer_ring
21,50.605664116028734,42.24480227881242,7314,3,stroke_nan
22,57.33184190794137,45.70004744851418,8130,4,stroke_kai
23,51.43955824821117,71.20324454668433,4865,2,octagram
24,67.40861144111604,82.86872172326926,8866,5,text_en_1919
25,51.25548345432234,51.73449393153279,6820,3,stroke_nan
26,46.10538178292596,89.13829526027843,858,0,outer_ring
27,58.604228796195756,90.21999859602401,110,0,outer_ring
28,50.583312779869765,89.65746782862537,518,0,outer_ring
29,48.93399391651989,90.64776182278462,635,0,outer_ring
30,59.550467124719425,70.69995899363053,4754,2,octagram
31,52.931470834429035,42.20581007939039,7395,3,stroke_nan
32,46.994093480839204,14.232934001306258,11001,5,text_en_1919
33,52.34680478015645,49.31970485909885,6994,3,stroke_nan
34,58.86835431813054,5.182387124018458,2631,0,outer_ring
35,65.21286223740007,8.021439752990226,3045,0,outer_ring
36,40.592799292362606,60.83923021481281,5100,2,octagram
37,44.36614872215363,16.071634288783272,11000,5,text_en_1919
38,46.86379323883469,15.629222744900305,10930,5,text_en_1919
39,32.806623152471595,46.983574870239735,5382,2,octagram
40,43.448782914510176,7.641881831476946,1542,0,outer_ring
41,39.381542365135125,46.733818109596534,7117,3,stroke_nan
42,21.96522301709777,48.644144672884536,10307,5,text_en_1919
43,58.000387056426426,27.39496552183151,5938,2,octagram
44,42.67147734166155,26.046851116461962,5741,2,octagram
45,18.67724422069545,37.950456991872315,10724,5,text_en_1919
46,64.53698498830967,25.931322785936906,6082,2,octagram
47,48.109928220450044,26.36596832408902,7549,3,stroke_nan
48,44.31027342805207,20.528817933199576,4060,1,inner_ring
49,57.09388684274462,4.653199781972357,2465,0,outer_ring
50,50.83470116795428,5.5438537573794004,1901,0,outer_ring
51,63.309165782975654,8.832860545632883,2969,0,outer_ring
52,62.13227404730895,74.03578638084825,3465,1,inner_ring
53,81.36791440023393,46.37974041295092,4410,1,inner_ring
54,58.66560675247781,6.110787607738186,2618,0,outer_ring
55,60.807629554626615,90.3479178360125,68,0,outer_ring
56,86.19018892407448,38.75116125684588,10702,5,text_en_1919
57,80.98671123635164,26.166681348454063,10810,5,text_en_1919
58,50.79501743408448,43.791805571648894,7211,3,stroke_nan
59,68.07230452188293,55.02225431983174,7777,4,stroke_kai
60,67.5132231812785,17.62657584545635,10922,5,text_en_1919
61,57.248081043119086,56.70948541281889,7698,4,stroke_kai
62,48.77731870500593,83.01467969089812,8700,5,text_en_1919
63,60.927486417464515,44.77062136591328,8196,4,stroke_kai
64,65.27571274868393,77.56940523573371,9298,5,text_en_1919
65,31.19822330276338,74.08682807209024,9396,5,text_en_1919
66,52.735849087396765,89.6459476005315,389,0,outer_ring
67,54.284245066317794,88.52798628984642,296,0,outer_ring
68,41.87831966927238,72.01364897728382,4985,2,octagram
69,51.711527870762104,89.94336755787666,440,0,outer_ring
70,39.89551485134754,87.21249380919399,1184,0,outer_ring
71,42.12016065072813,69.13268789032335,5017,2,octagram
72,34.51716953171437,50.075180108188874,5346,2,octagram
73,51.41990410101606,90.01968763235884,468,0,outer_ring
74,44.0835430222035,72.06622209215945,4949,2,octagram
75,27.39987399650409,52.90033073239334,3789,1,inner_ring
76,27.78671024137719,55.62249293341823,3770,1,inner_ring
77,17.463509271067036,31.10922573367729,1407,0,outer_ring
78,48.8122245880943,91.10573600806424,644,0,outer_ring
79,49.41019545337402,82.76545539481992,8725,5,text_en_1919
80,63.59539760584485,58.23308490490632,7699,4,stroke_kai
81,47.06612153990302,89.2082810425631,787,0,outer_ring
82,73.51563196105488,67.95405534750996,3379,1,inner_ring
83,57.87318192632434,69.26658178090025,4778,2,octagram
84,74.97107049775109,74.3573401162447,9355,5,text_en_1919
85,41.64866110745144,88.20108711498223,1108,0,outer_ring
86,61.99013850405958,73.0381663850055,4719,2,octagram
87,41.66590783857854,68.83385987103344,5022,2,octagram
88,56.06663897687609,50.07274011430781,7972,4,stroke_kai
89,66.16118939184246,38.33677076377308,8444,4,stroke_kai
90,59.94374527797664,46.87758002912429,8117,4,stroke_kai
91,57.74779035555753,37.2663872299354,8493,4,stroke_kai
92,79.64965002610572,58.37871141047637,4429,2,octagram
93,57.23604744342299,75.18393834932206,3505,1,inner_ring
94,58.56659755062385,47.00930520115766,8079,4,stroke_kai
95,76.08770536871934,35.75409035257605,6260,2,octagram
96,75.68683321898382,72.23391291382782,9455,5,text_en_1919
97,86.01561203994706,57.529001724814115,9967,5,text_en_1919
98,62.87505666782385,7.158772644074517,2922,0,outer_ring
99,57.598121046136846,27.119957132074422,5939,2,octagram
100,50.16437935071416,89.04612329031877,556,0,outer_ring
101,53.28075599670888,5.954757042311122,2115,0,outer_ring
102,81.89368005721057,47.743072333062514,3226,1,inner_ring
103,79.3676510592801,39.57954261784304,6335,2,octagram
104,85.52403699399298,48.014042088668106,10383,5,text_en_1919
105,75.5020890622965,51.00781139232788,6489,2,octagram
106,70.56328179514118,62.245709628217796,4548,2,octagram
107,77.56825901635582,60.671808099288256,4459,2,octagram
108,56.95424538164111,6.184803837622714,2460,0,outer_ring
109,59.33394862877172,38.351465972517666,8517,4,stroke_kai
110,63.25888595280253,5.157722867682675,2919,0,outer_ring
111,50.36965370122343,7.224412901133832,1852,0,outer_ring
112,63.6656638517862,6.097047029542637,2955,0,outer_ring
113,47.50388614809433,19.430795400640697,4076,1,inner_ring
114,66.55017067645554,6.994064709268163,3080,0,outer_ring
115,55.574384635012535,6.72667308988146,2332,0,outer_ring
116,58.81961790257052,5.246984053943895,2625,0,outer_ring
117,61.7204406833957,7.176256199860832,2846,0,outer_ring
118,55.294262469993505,6.318096068747708,2292,0,outer_ring
119,63.36519242470153,7.624437650747663,2957,0,outer_ring
120,56.85013934962681,13.015993554048745,11218,5,text_en_1919
121,55.586081224624294,6.1433618224894495,2330,0,outer_ring
122,54.95957684800316,3.10343276075841,2255,0,outer_ring
123,57.48378796937105,4.192357015981969,2495,0,outer_ring
124,50.078976158613415,35.36032799862447,7507,3,stroke_nan
125,49.45661319743365,5.615101847036712,1794,0,outer_ring
126,62.89241873650148,7.724394019316585,2930,0,outer_ring
127,56.016654371943275,4.963131102264741,2362,0,outer_ring
128,66.17239010512911,25.699821597620332,6086,2,octagram
129,90.87507768455065,49.42724685561698,10246,5,text_en_1919
130,77.77280209102233,43.99093429019036,6379,2,octagram
131,75.69188888796704,66.12584003430761,3361,1,inner_ring
132,60.65170221009141,56.461809200847505,7738,4,stroke_kai
133,65.6364146728716,40.08187212376434,8406,4,stroke_kai
134,73.25806998610862,35.872756371040076,6221,2,octagram
135,93.33357010909502,50.36961159052473,10201,5,text_en_1919
136,57.155581070190124,15.943322391402265,11017,5,text_en_1919
137,43.027043982950815,46.7303890734025,7110,3,stroke_nan
138,64.8074013305605,44.238579009946285,8234,4,stroke_kai
139,48.70242447376774,88.60492893185882,674,0,outer_ring
140,33.62104244375751,85.55698781490771,1320,0,outer_ring
141,46.82511039101556,83.93595213189242,8628,5,text_en_1919
142,47.45423192012059,89.39552732196938,757,0,outer_ring
143,59.277291440332306,84.4917925496478,8704,5,text_en_1919
144,46.447312893442344,76.66845189652746,9279,5,text_en_1919
145,50.16647573164162,90.6527827590068,543,0,outer_ring
146,48.71170636520263,82.07562727713601,8800,5,text_en_1919
147,48.57396234715554,89.15744627085726,680,0,outer_ring
148,43.990630086462076,83.26011613960569,8766,5,text_en_1919
149,33.79233919551252,67.12191895345882,3681,1,inner_ring
150,30.786464349166057,74.28648443576985,9376,5,text_en_1919
151,46.72569618005987,72.54190677177137,4928,2,octagram
152,26.610580983247708,54.396056288454005,3780,1,inner_ring
153,18.11714087031217,48.89939740220536,10305,5,text_en_1919
154,31.109339703537326,31.604927968186864,3937,1,inner_ring
155,35.85845965895866,80.33130863604978,9010,5,text_en_1919
156,30.440280555099566,43.18470185167693,5426,2,octagram
157,30.98641973126337,41.02465849197085,5445,2,octagram
158,36.992890322934535,71.48976528925519,9410,5,text_en_1919
159,31.69444572563525,52.529103042209734,5303,2,octagram
160,23.464235797563816,45.955883224341804,10519,5,text_en_1919
161,30.559138182208432,72.99649936677949,9413,5,text_en_1919
162,46.874438946425116,24.052604628816606,5833,2,octagram
163,39.6391285061815,51.606810616434004,6909,3,stroke_nan
164,52.98356599662379,48.511259124433096,7043,3,stroke_nan
165,40.72062207124801,69.93757953562739,5010,2,octagram
166,66.08418001463914,68.7605422343308,4627,2,octagram
167,57.958241734212905,79.51420555526703,9137,5,text_en_1919
168,57.664093034029996,78.1137779272786,9207,5,text_en_1919
169,71.78711433770735,69.3591605815031,3396,1,inner_ring
170,62.72307195118851,75.16966067351397,3461,1,inner_ring
171,48.82356869102134,76.24763721060543,3562,1,inner_ring
172,50.9795907034708,90.75366820680675,485,0,outer_ring
173,46.37774125721867,46.14382692176098,7129,3,stroke_nan
174,53.56201566735104,6.334065164246558,2139,0,outer_ring
175,57.17665916416959,45.439093890094455,8176,4,stroke_kai
176,53.149266866381346,46.4518991771858,7157,3,stroke_nan
177,48.78038220985421,46.80004749375961,7104,3,stroke_nan
178,49.298399157619905,25.01440344124536,5861,2,octagram
179,46.81877630359679,6.549127718639254,1660,0,outer_ring
180,41.398667079031306,28.793003015347956,5710,2,octagram
181,18.596907002248404,34.8952508797646,10798,5,text_en_1919
182,43.472817969785034,46.32790894108635,7144,3,stroke_nan
183,65.72527950500958,8.804322527660668,3073,0,outer_ring
184,80.60357050917197,47.79000079811969,3227,1,inner_ring
185,51.535541197598064,40.64256703730293,7353,3,stroke_nan
186,39.63113039942713,47.57228954295482,7079,3,stroke_nan
187,44.17732169420067,7.11499761614364,1564,0,outer_ring
188,26.982857753787243,23.77330272503231,10852,5,text_en_1919
189,45.83859802457138,7.410595951018263,1610,0,outer_ring
190,67.42515178025292,24.01036038767611,4220,1,inner_ring
191,58.30584233758607,4.624580250780909,2581,0,outer_ring
192,52.728457471537695,4.606923188033598,2060,0,outer_ring
193,59.08154166266233,14.71240724188652,11087,5,text_en_1919
194,59.25741656958324,6.5768226384147646,2669,0,outer_ring
195,45.85054930048624,58.4055300180584,6623,3,stroke_nan
196,77.21699298526079,31.613447138828747,4300,1,inner_ring
197,86.63711643133034,46.692922632344214,10441,5,text_en_1919
198,78.81147786104944,56.14052981728915,6554,2,octagram
199,45.591023964385656,89.90793536225078,876,0,outer_ring
200,78.63138037111621,56.58330332071087,6560,2,octagram
201,90.53165427888489,36.66931951554288,10779,5,text_en_1919
202,79.8030907768596,35.31434588978507,4336,1,inner_ring
203,86.91855892921802,40.10762203832295,10692,5,text_en_1919
204,34.89246449268279,72.45443174556401,9397,5,text_en_1919
205,70.29133048854939,78.42098193274298,9225,5,text_en_1919
206,50.182238188726934,86.83295869466446,569,0,outer_ring
207,48.80857575447879,72.37904602211182,4900,2,octagram
208,46.11091314684113,74.0947140311915,3580,1,inner_ring
209,21.498374048423035,59.18125494507276,9891,5,text_en_1919
210,44.73536870119372,86.42757548322352,980,0,outer_ring
211,43.6489730617961,87.16000219899074,1029,0,outer_ring
212,51.68852065672646,89.72656447100789,442,0,outer_ring
213,64.71792447092126,72.6816244020536,4677,2,octagram
214,31.94062422449085,52.51713196849569,5306,2,octagram
215,51.38801875998056,89.64053300532213,470,0,outer_ring
216,40.28112432430804,63.22606555925121,5082,2,octagram
217,30.878299873842064,56.58620588058275,5259,2,octagram
218,50.77540005416232,89.74623151499696,502,0,outer_ring
219,44.255301367049555,75.08332403146453,3594,1,inner_ring
220,61.11825672768897,89.46593464491352,59,0,outer_ring
221,58.92679580875225,75.01432608447425,3492,1,inner_ring
222,61.88947072063465,82.4768585973312,8840,5,text_en_1919
223,36.82024350701812,69.61428600764926,3652,1,inner_ring
224,51.99780964232485,74.88569277606233,3539,1,inner_ring
225,66.48310583765945,67.24280738854306,4610,2,octagram
226,62.49260240576658,77.44783563582403,9281,5,text_en_1919
227,88.60000291019807,46.675302539409046,10465,5,text_en_1919
228,59.27001801870909,81.08232015679019,8965,5,text_en_1919
229,67.61990411240733,82.41821519416126,8888,5,text_en_1919
230,66.8121417700813,71.03488302543754,4649,2,octagram
231,73.34815787820233,67.24313005882631,3376,1,inner_ring
232,75.41234943795881,39.13693524708275,6264,2,octagram
233,76.53025717056956,72.92059374870907,9416,5,text_en_1919
234,50.81597730592806,69.17728784109649,4862,2,octagram
235,81.67614471615451,62.29259541582159,9724,5,text_en_1919
236,48.06014301917948,76.85682335064493,9272,5,text_en_1919
237,78.07738779125148,57.88844628745824,4445,2,octagram
238,85.21583210836714,48.216289304891085,10363,5,text_en_1919
239,94.19811114433527,46.80241241540297,10489,5,text_en_1919
240,67.60093401771915,33.76013615286049,8554,4,stroke_kai
241,64.43047054195726,50.822087012486996,7947,4,stroke_kai
242,87.07597427903943,52.21787601885714,10133,5,text_en_1919
243,61.457439616940825,4.235924984054948,2802,0,outer_ring
244,68.33154433454413,18.09445426610142,10928,5,text_en_1919
245,65.87813343912217,15.018941861952792,11089,5,text_en_1919
246,89.84819345715815,48.81704919594148,10319,5,text_en_1919
247,74.83950848556874,36.588824302937276,6247,2,octagram
248,35.9680898111524,35.34385574387304,5582,2,octagram
249,65.49510045612269,42.98898391915194,8312,4,stroke_kai
250,87.92808635939049,42.84452972607715,10652,5,text_en_1919
251,46.27554807126079,38.08698623711947,7471,3,stroke_nan
252,61.41990255271407,4.9010769997885095,2805,0,outer_ring
253,64.50346845408481,8.679337033523721,3021,0,outer_ring
254,67.8166617659185,6.051226768586895,3106,0,outer_ring
255,46.79664133640377,9.940574847075386,11256,5,text_en_1919
256,56.18370548818508,11.932890122583956,11293,5,text_en_1919
257,39.72355413264948,9.637808243350188,1467,0,outer_ring
258,63.66533078468049,6.967686272075794,2966,0,outer_ring
259,50.03310707785957,17.110706650693764,4094,1,inner_ring
260,55.38724613333807,5.720463132922439,2303,0,outer_ring
261,44.69955541259242,40.141904735633766,7429,3,stroke_nan
262,53.25182868903344,6.803763645415997,2112,0,outer_ring
263,65.02478009958048,38.830324036608,8436,4,stroke_kai
264,56.77206059160568,17.554431997463613,10966,5,text_en_1919
265,63.1162782815589,23.2164035798028,6033,2,octagram
266,77.3364380900549,35.97191869595107,6272,2,octagram
267,56.07118115027045,6.426749742248169,2376,0,outer_ring
268,50.48238178257256,9.28051321922888,1842,0,outer_ring
269,56.58768532908142,6.604339190817134,2428,0,outer_ring
270,65.7507464881934,6.056574989038508,3046,0,outer_ring
271,55.333751750456955,6.235621293916386,2294,0,outer_ring
272,79.7918382567852,59.027258670164336,4430,2,octagram
273,65.05954714064347,24.777105788432877,6070,2,octagram
274,66.432884472106,60.86154342204927,7642,4,stroke_kai
275,78.0693226556472,61.94353952445353,3332,1,inner_ring
276,74.41368219217593,29.112196562660646,4278,1,inner_ring
277,63.18074061470054,23.738395588967144,6027,2,octagram
278,52.80407351164864,5.478060175606117,2065,0,outer_ring
279,47.16102346879624,46.59629658407454,7128,3,stroke_nan
280,88.41789091537491,59.90899830436205,9851,5,text_en_1919
281,64.17577353229957,61.88426565745954,7621,4,stroke_kai
282,46.44856489712892,90.3404842700746,814,0,outer_ring
283,43.61135369993213,89.33430408944925,997,0,outer_ring
284,62.7686965704998,80.05498187834972,9087,5,text_en_1919
285,49.82825174087756,78.96005741196741,9105,5,text_en_1919
286,41.19511394837827,87.18498427174843,1138,0,outer_ring
287,47.28056507447987,71.34346156445282,4917,2,octagram
288,25.338425228977542,69.45377196567192,9514,5,text_en_1919
289,42.70644318616522,71.32131762031786,4988,2,octagram
290,47.77167390230211,83.19738927916784,8707,5,text_en_1919
291,85.13193688404796,41.69966321722086,10670,5,text_en_1919
292,34.42872982486473,50.44235583210508,5334,2,octagram
293,15.53306582350084,40.09820807834642,10667,5,text_en_1919
294,40.809267720136546,63.93585830711784,5068,2,octagram
295,21.53187956074443,43.42522947656387,10566,5,text_en_1919
296,31.907328535226608,44.03847607863086,5412,2,octagram
297,16.050598068968167,35.19782742642896,10799,5,text_en_1919
298,30.843539097899953,66.8702285328079,9607,5,text_en_1919
299,38.015492135666356,41.26090682950711,7346,3,stroke_nan
300,42.176002556262006,62.796009478476826,5078,2,octagram
301,33.587997220405924,50.28345675422104,5337,2,octagram
302,32.19529242417918,51.06360984585159,5321,2,octagram
303,67.91360751699229,67.30544294734119,4604,2,octagram
304,47.93913699176744,89.05531001468903,720,0,outer_ring
305,40.38160164925457,52.872165826025196,6848,3,stroke_nan
306,31.941477823524334,72.45690207756549,9433,5,text_en_1919
307,50.04794217669691,89.71852407579212,561,0,outer_ring
308,53.4425838512268,47.952588042672694,7049,3,stroke_nan
309,60.067847852205375,56.53705638591286,7764,4,stroke_kai
310,59.38861872441319,62.7782631081451,7584,4,stroke_kai
311,63.90595489018385,78.25660825960752,9223,5,text_en_1919
312,59.22183255486612,60.00120317147622,7617,4,stroke_kai
313,56.087499312196506,26.274581076302432,5929,2,octagram
314,55.362081758338086,5.456345707943574,2296,0,outer_ring
315,57.8328485747239,6.330968383928322,2548,0,outer_ring
316,51.89413698723717,45.249594633329004,7200,3,stroke_nan
317,81.11803028034424,26.30757584996697,10808,5,text_en_1919
318,52.42589167582954,6.421914263677262,2030,0,outer_ring
319,57.24254759665017,88.28355732895338,155,0,outer_ring
320,38.60902423376119,7.564333800029166,1463,0,outer_ring
321,51.24220659580579,8.478245043818914,1908,0,outer_ring
322,39.799243111650554,31.655996583573412,5667,2,octagram
323,43.942541270274624,25.503225649346266,5743,2,octagram
324,16.80739812023481,36.32104277579702,10797,5,text_en_1919
325,44.074840496574694,50.760482196496845,6960,3,stroke_nan
326,53.54836969617063,78.06849481086475,9174,5,text_en_1919
327,48.61652637121511,42.625089954727805,7296,3,stroke_nan
328,47.88844977390504,43.29159992120738,7278,3,stroke_nan
329,52.12582377738226,34.55891875225926,7539,3,stroke_nan
330,64.83676690229183,6.116614470194478,3011,0,outer_ring
331,54.628246580141514,6.085118705559119,2224,0,outer_ring
332,58.5906924501173,6.734814561555794,2616,0,outer_ring
333,51.59459795336745,6.867875613815475,1965,0,outer_ring
334,65.0547825137278,8.342462385129117,3042,0,outer_ring
335,62.50387626167084,6.8014325851913195,2892,0,outer_ring
336,45.77519051952368,37.65795131986042,7488,3,stroke_nan
337,63.058739633102576,6.672552877079775,2927,0,outer_ring
338,82.59228628358161,46.335168491651245,4411,1,inner_ring
339,66.07893820784834,8.36732446656737,3077,0,outer_ring
340,56.05253588353262,49.424949515097005,7979,4,stroke_kai
341,69.08810581839705,45.612570252464295,8171,4,stroke_kai
342,62.30372132420382,43.588416569436575,8275,4,stroke_kai
343,79.2242783051138,34.73547767038576,4329,1,inner_ring
344,60.448506687825194,72.04983665292016,4742,2,octagram
345,67.12081837230158,46.07158727980229,8163,4,stroke_kai
346,69.33284962553651,42.46574381240954,8299,4,stroke_kai
347,61.961795206904746,71.75555340201929,4728,2,octagram
348,35.32090413223151,67.80706750292067,3672,1,inner_ring
349,48.710751747558014,89.38511907003856,669,0,outer_ring
350,64.99341688163739,90.07407000578397,25,0,outer_ring
351,42.506925696174605,89.34506352583418,1054,0,outer_ring
352,48.2572022416109,85.50813446081884,742,0,outer_ring
353,54.21495788497215,89.7782103576345,301,0,outer_ring
354,45.98358435191013,89.04208960863278,862,0,outer_ring
355,30.44921048517602,78.27490586991767,9301,5,text_en_1919
356,33.09049609609922,46.55359345601238,5385,2,octagram
357,32.247185966982094,63.108347144456026,3707,1,inner_ring
358,32.214843084789266,58.166619205767226,5195,2,octagram
359,22.3334599506001,51.25364105369317,10191,5,text_en_1919
360,27.15376285780917,45.888151450606216,3837,1,inner_ring
361,41.44864592868711,55.02854806034726,6741,3,stroke_nan
362,58.71815885792834,76.61007713371542,3496,1,inner_ring
363,48.45059933191173,90.30368882731423,676,0,outer_ring
364,61.13823387286359,72.30669441279619,4730,2,octagram
365,59.482361858987886,78.98060017764611,9167,5,text_en_1919
366,78.60339696013108,32.68249216458629,4316,1,inner_ring
367,74.51181923842194,80.59257304344519,9009,5,text_en_1919
368,54.6742677065629,76.77396485742148,9206,5,text_en_1919
369,68.82599237352048,80.61640307021818,9017,5,text_en_1919
370,49.331818167670846,89.05737222109963,619,0,outer_ring
371,68.2029997601694,46.912225696782905,8114,4,stroke_kai
372,89.17320072325838,54.089216427648054,10075,5,text_en_1919
373,49.690124467621196,70.42173946782074,4881,2,octagram
374,80.69220563041792,57.03789452662224,6574,2,octagram
375,58.481675000598685,49.41312917131589,8023,4,stroke_kai
376,54.022607057004514,68.30319911050395,4840,2,octagram
377,62.939457499542776,56.602430911431355,7744,4,stroke_kai
378,87.16690885579212,60.73601584737253,9808,5,text_en_1919
379,55.97013648253167,68.25428639692505,4805,2,octagram
380,79.2758063412634,69.26112143869996,9487,5,text_en_1919
381,90.06175393425583,61.04704316990703,9802,5,text_en_1919
382,50.65489567148612,12.788822668081856,11206,5,text_en_1919
383,69.35777208551416,31.772353786868738,6166,2,octagram
384,68.61113479542323,9.23810663438342,3148,0,outer_ring
385,67.73574319134796,68.62390457227445,4620,2,octagram
386,73.75371669770085,62.06100618543918,4516,2,octagram
387,86.00146996301655,54.27515350284621,10082,5,text_en_1919
388,58.55120736954561,45.01210281957966,8142,4,stroke_kai
389,73.35819377232842,61.66585494624595,4517,2,octagram
390,61.63531953472579,57.6599088715195,7721,4,stroke_kai
391,84.43472656799595,41.97287069328363,10656,5,text_en_1919
392,56.053163966707466,38.281301881032455,8467,4,stroke_kai
393,38.66276692748188,9.102455599203966,1455,0,outer_ring
394,58.665015131192554,12.157852833453402,11285,5,text_en_1919
395,64.22134867544676,6.939937691532202,2994,0,outer_ring
396,68.55756842544777,7.279713128523833,3128,0,outer_ring
397,61.602071484019504,6.037882765762524,2824,0,outer_ring
398,55.29385445832763,3.1166219590189996,2285,0,outer_ring
399,44.26579522024497,31.687691698492664,5681,2,octagram
400,75.10006449790602,35.51261680215583,6242,2,octagram
401,62.812243122343524,5.023005972584597,2890,0,outer_ring
402,80.4266787133536,23.301860626328725,10856,5,text_en_1919
403,53.21090490763301,6.3706327132645,2111,0,outer_ring
404,58.277752600481705,7.326542729876125,2598,0,outer_ring
405,52.58197258288622,5.034521388788197,2046,0,outer_ring
406,54.2726734368682,6.763657304510613,2194,0,outer_ring
407,62.70749994143544,7.11073561365207,2909,0,outer_ring
408,46.28105703627972,5.652194632808963,1643,0,outer_ring
409,43.424280365341396,9.017799133440402,1537,0,outer_ring
410,57.493002378954586,5.334916885361331,2506,0,outer_ring
411,52.60498170821382,41.075653149778816,7406,3,stroke_nan
412,65.51467840980632,18.874035544238186,10881,5,text_en_1919
413,87.39705211211887,47.09771252826717,10425,5,text_en_1919
414,59.2622640430846,14.597886075978225,11111,5,text_en_1919
415,89.28466783609886,40.48213962160482,10677,5,text_en_1919
416,85.498260659641,51.56701294188602,10132,5,text_en_1919
417,62.59925571791267,6.564133055254873,2897,0,outer_ring
418,54.12157374517933,75.21862462490823,3525,1,inner_ring
419,57.54573471588487,5.9087752441893375,2520,0,outer_ring
420,53.279205236758365,41.23195472204408,7412,3,stroke_nan
421,50.06368759764874,5.549054924085369,1839,0,outer_ring
422,67.60463186336958,44.52636294867957,8212,4,stroke_kai
423,46.677993633829445,88.12756987902092,828,0,outer_ring
424,28.479642156228454,76.96671651701945,9330,5,text_en_1919
425,35.61403764113318,86.8174824816544,1291,0,outer_ring
426,54.65444820372896,88.96697931664357,269,0,outer_ring
427,48.12534995836713,87.94006194959427,719,0,outer_ring
428,27.881505552187036,78.92369990978113,1374,0,outer_ring
429,51.63805549189809,47.37095088020442,7076,3,stroke_nan
430,46.03366157020925,87.77307810496623,877,0,outer_ring
431,21.248638085973884,62.56992501217923,9756,5,text_en_1919
432,19.37612342728697,58.842282280485584,9921,5,text_en_1919
433,33.32474564646087,68.89537209825694,9503,5,text_en_1919
434,32.03359666847062,64.71165149387286,3697,1,inner_ring
435,26.521070300724304,52.86362691117403,3791,1,inner_ring
436,24.316002580706762,70.90896923238287,9477,5,text_en_1919
437,38.15827845248013,40.321660943452734,7384,3,stroke_nan
438,29.923442385922844,26.243390609981518,10834,5,text_en_1919
439,21.788887725502548,52.17322665724763,10156,5,text_en_1919
440,27.45867367930221,38.77212700753046,3889,1,inner_ring
441,27.327949133348923,54.83835734328851,3776,1,inner_ring
442,41.776324518183365,58.06181082040784,6651,3,stroke_nan
443,27.777176587248682,55.69488366324591,3769,1,inner_ring
444,47.90590865658814,74.92181353130545,3568,1,inner_ring
445,64.65172330978356,25.212684393828045,6072,2,octagram
446,59.8082220487735,83.9880458813027,8739,5,text_en_1919
447,50.17871405924587,55.64997809493172,6748,3,stroke_nan
448,41.4151933742496,53.0575718607405,6861,3,stroke_nan
449,53.83927551288851,89.3728499646509,313,0,outer_ring
450,68.12610397763902,79.91202683224749,9101,5,text_en_1919
451,42.77694147712569,68.76681095542003,5016,2,octagram
452,53.17156130166558,50.86801002552558,6938,3,stroke_nan
453,59.46504540102671,78.52732916185138,9209,5,text_en_1919
454,56.598596736954164,55.20766186498999,7791,4,stroke_kai
455,85.01757339777805,41.560063273967785,10669,5,text_en_1919
456,45.72276335955543,36.917540394686114,7508,3,stroke_nan
457,45.15868863047343,56.62176605024917,6712,3,stroke_nan
458,69.61741505717822,82.13652633654267,8900,5,text_en_1919
459,43.897492070653904,22.582025106176005,5775,2,octagram
460,68.61548111602471,16.807611040604925,10988,5,text_en_1919
461,50.21211458941864,34.64603545809552,7528,3,stroke_nan
462,34.78720986025071,35.47796827952399,5570,2,octagram
463,43.629854388244645,37.085197276747344,5637,2,octagram
464,53.44870165960783,4.516698751095931,2133,0,outer_ring
465,28.53723533889285,35.13950502553401,3908,1,inner_ring
466,16.585667748950918,59.533408870084024,9934,5,text_en_1919
467,39.057021300676716,45.53632696312679,7192,3,stroke_nan
468,41.14556300311192,24.614390857286303,4024,1,inner_ring
469,51.672155671101656,41.94698660166981,7289,3,stroke_nan
470,34.3355893493739,31.053549527999078,3952,1,inner_ring
471,49.9775192894375,24.098142819863565,5869,2,octagram
472,59.057847529672394,62.15403351327747,7585,4,stroke_kai
473,48.60000456610319,88.69060017917646,681,0,outer_ring
474,59.10339971554997,5.096159560205655,2645,0,outer_ring
475,51.64136221262967,40.49887282865434,7420,3,stroke_nan
476,36.90388695359528,14.221949733675586,1430,0,outer_ring
477,53.71967958276087,6.098211206126106,2157,0,outer_ring
478,75.46237010826371,44.74878421973974,6399,2,octagram
479,57.313377824472596,19.484058561541964,4140,1,inner_ring
480,56.641071657601046,4.782035048301428,2423,0,outer_ring
481,58.87351058047328,5.012857607905464,2629,0,outer_ring
482,55.081023922115484,37.193757862253115,8507,4,stroke_kai
483,50.89380615434987,35.03879796080609,7515,3,stroke_nan
484,81.83869395578215,66.98543301729354,9598,5,text_en_1919
485,42.86944719266032,73.08060918927691,4964,2,octagram
486,85.01794517093192,48.95576422325292,10310,5,text_en_1919
487,82.85660045920159,43.852796408710205,4392,1,inner_ring
488,52.77114180967408,47.97998085425733,7048,3,stroke_nan
489,46.76999103076483,88.13718289902226,822,0,outer_ring
490,50.10128949293107,74.55518904133571,3555,1,inner_ring
491,54.8329205155584,90.56763159837685,263,0,outer_ring
492,40.9646280288309,67.03455620778463,5044,2,octagram
493,47.640368071695555,83.90427830632287,8621,5,text_en_1919
494,51.79592518732512,90.63169989452916,435,0,outer_ring
495,43.215125426675506,88.1470309873375,1036,0,outer_ring
496,64.08758592108725,80.35375329467638,9051,5,text_en_1919
497,43.18378435128743,89.43712974027892,1021,0,outer_ring
498,50.40894710909196,82.54132068219742,8746,5,text_en_1919
499,46.87353828204511,89.11711575407631,800,0,outer_ring
500,48.52330786239411,87.3191149221175,705,0,outer_ring
501,26.438895444882206,36.862765726983625,3895,1,inner_ring
502,47.567140729755565,34.939320841065964,7570,3,stroke_nan
503,30.04898524357957,64.23179092131866,3710,1,inner_ring
504,71.96259390585818,75.13473829970519,9372,5,text_en_1919
505,52.928896570597,88.69148972768598,376,0,outer_ring
506,65.57501180930558,77.2334135171374,9305,5,text_en_1919
507,57.72276596211579,75.49727807924087,3500,1,inner_ring
508,64.09168564668528,78.8877023657876,9191,5,text_en_1919
509,57.998437984306214,68.92513669716449,4781,2,octagram
510,57.99472181329386,85.62288332623038,8599,5,text_en_1919
511,85.72981728098716,40.445656968233315,10681,5,text_en_1919
512,58.06768621875483,76.41889113743379,3499,1,inner_ring
513,84.63410015389314,69.2839765775814,9525,5,text_en_1919
514,55.901966618414335,69.15713513605553,4798,2,octagram
515,77.14159928188495,60.36958082821171,4463,2,octagram
516,83.60775039943309,61.07488985742863,9812,5,text_en_1919
517,91.20427061322017,51.14442422524528,10175,5,text_en_1919
518,92.48315649645915,54.58098668009527,10059,5,text_en_1919
519,75.8064732898946,46.84692551168054,6420,2,octagram
520,83.67040240685971,58.886682039870415,9882,5,text_en_1919
521,73.7854958623945,63.23600491643958,4522,2,octagram
522,63.27416728409138,47.64612913038905,8083,4,stroke_kai
523,88.53211351795166,59.31865860634125,9877,5,text_en_1919
524,43.62442056415181,23.46127948178765,5766,2,octagram
525,57.380619809768696,79.18329657210133,9059,5,text_en_1919
526,70.45061301678365,35.78575586647959,6195,2,octagram
527,69.25880394878486,76.77391033352991,9303,5,text_en_1919
528,88.95641421073181,42.548186375824514,10645,5,text_en_1919
529,56.8865043978881,35.57107899704091,8572,4,stroke_kai
530,85.9495929512355,63.031752679491824,9737,5,text_en_1919
531,92.67930722749941,47.257490009614855,10479,5,text_en_1919
532,68.9469877084173,55.9538365219284,7784,4,stroke_kai
533,68.63210226986217,39.35752608656695,8389,4,stroke_kai
534,59.279510412350724,7.306709829587926,2679,0,outer_ring
535,56.70691748812445,5.0324186537226785,2434,0,outer_ring
536,50.40885872286268,5.8406965371592845,1869,0,outer_ring
537,51.03334192816197,38.10606063382466,7454,3,stroke_nan
538,58.14129927486102,6.414170571555355,2582,0,outer_ring
539,66.73988325403216,44.14194238029316,8259,4,stroke_kai
540,54.748384702028915,5.64106818569486,2239,0,outer_ring
541,53.695306940640975,8.045059326166475,2149,0,outer_ring
542,53.432401804294635,4.062330249957341,2129,0,outer_ring
543,57.86940504601492,6.152475573340549,2552,0,outer_ring
544,40.71124086808672,33.26359720057227,5647,2,octagram
545,51.88085135618637,5.405638347213239,1993,0,outer_ring
546,54.70418685462584,6.628592962831129,2233,0,outer_ring
547,43.4893112439723,28.200121396426542,5719,2,octagram
548,64.93098206987334,7.786644023322925,3032,0,outer_ring
549,52.00077845929549,47.29687656809751,7087,3,stroke_nan
550,68.68913560992101,28.871103994891207,6132,2,octagram
551,66.39736271272153,46.63252158051414,8124,4,stroke_kai
552,40.07019929001513,7.520171952825476,1479,0,outer_ring
553,57.2715632078167,15.685180447260764,11057,5,text_en_1919
554,59.089916186856016,5.740706766287011,2651,0,outer_ring
555,66.00238073717301,17.156529888809086,10895,5,text_en_1919
556,55.932239542367235,39.79460276832034,8380,4,stroke_kai
557,84.37494841435513,50.03770988823633,10291,5,text_en_1919
558,85.42397581031528,47.90389319855129,10403,5,text_en_1919
559,65.01749016591688,43.74909494567369,8250,4,stroke_kai
560,87.67232963640878,47.238260651069695,10426,5,text_en_1919
561,52.46352559755722,6.076906637016278,2034,0,outer_ring
562,54.5045405255931,6.027816833721139,2218,0,outer_ring
563,45.029646526996395,39.130255439552016,7459,3,stroke_nan
564,81.49358925557164,65.97461720666921,9672,5,text_en_1919
565,21.559924572505846,63.118592917497146,9743,5,text_en_1919
566,55.828109016994624,89.18342779379319,213,0,outer_ring
567,30.973651735978663,80.95789241864829,1361,0,outer_ring
568,33.30220531177217,83.90066947337102,1333,0,outer_ring
569,49.54411932825773,89.39392594841452,591,0,outer_ring
570,44.21432553433457,74.02558489697974,4956,2,octagram
571,42.791771009647114,88.67370261664557,1051,0,outer_ring
572,39.404658092543336,71.6013303485037,3629,1,inner_ring
573,41.445175037767456,73.75271626272577,3609,1,inner_ring
574,50.056272452664636,70.05864443102325,4871,2,octagram
575,23.352382673113024,66.15449210620994,9685,5,text_en_1919
576,21.637655240311375,48.92743272079707,10269,5,text_en_1919
577,50.3958316914356,61.0626613116696,6618,3,stroke_nan
578,24.081985891792282,50.28488387541666,10192,5,text_en_1919
579,44.934888743714,43.29676587966513,7285,3,stroke_nan
580,41.629089944575284,32.27629784387166,5666,2,octagram
581,29.042326222772125,55.17642993880742,5264,2,octagram
582,22.158781480651204,45.8480762471436,10516,5,text_en_1919
583,25.390127174101607,58.86179191008069,9894,5,text_en_1919
584,34.39843383890456,68.02110874005238,3676,1,inner_ring
585,23.678595122404623,53.0953785822231,10141,5,text_en_1919
586,40.56668644341657,32.88328659289478,5651,2,octagram
587,41.918038833551954,55.28957658771315,6740,3,stroke_nan
588,43.86514963228121,48.68065973193622,7029,3,stroke_nan
589,62.20762591156321,21.037682500069227,4179,1,inner_ring
590,29.703776447608167,58.83633005208509,5219,2,octagram
591,58.232389251716924,52.18892954823605,7925,4,stroke_kai
592,47.74508066217075,89.77349544976299,726,0,outer_ring
593,51.65220634938628,83.18493380727611,8716,5,text_en_1919
594,49.441495967949315,43.43400015306752,7257,3,stroke_nan
595,60.735239881897385,73.84898755440474,3474,1,inner_ring
596,43.35403726065909,62.243673962942374,5089,2,octagram
597,61.757636267727335,87.30558316543504,51,0,outer_ring
598,40.62780103148426,22.817828353707444,4030,1,inner_ring
599,72.49726637742079,25.78089289243418,4253,1,inner_ring
600,21.361268257256903,56.32183155904382,9994,5,text_en_1919
601,34.51850808706828,11.648793019473162,1427,0,outer_ring
602,33.76521489142065,58.32856824620665,5185,2,octagram
603,54.15844863169014,7.196115172775532,2189,0,outer_ring
604,43.31876962287373,5.7836491059160675,1549,0,outer_ring
605,56.858580786638406,6.00525110705993,2447,0,outer_ring
606,18.057248622787522,37.688975381359995,10756,5,text_en_1919
607,29.07979540110776,41.73805028884402,5446,2,octagram
608,64.23680659068378,60.08582561249154,7629,4,stroke_kai
609,30.107683732294724,40.654942093727286,5452,2,octagram
610,30.31997558337283,35.764185851468625,5525,2,octagram
611,21.9256206580884,39.00273526776017,10721,5,text_en_1919
612,43.36026402439388,7.95286679346157,1539,0,outer_ring
613,58.46144270916203,6.931922493376143,2611,0,outer_ring
614,29.439959912173325,26.954990319646985,10822,5,text_en_1919
615,64.15467699184815,41.56335400597313,8331,4,stroke_kai
616,53.348211758653115,46.019699223864805,7179,3,stroke_nan
617,50.278412794473496,6.743329590348717,1847,0,outer_ring
618,49.19616205114183,5.704385177451429,1773,0,outer_ring
619,59.00518675207664,24.907051559130014,5982,2,octagram
620,48.686298261014954,7.558059388331206,1724,0,outer_ring
621,44.278068708811475,35.45488039738528,5643,2,octagram
622,53.09431761090266,42.43709578597487,7396,3,stroke_nan
623,67.17069638664819,52.64349486283309,7864,4,stroke_kai
624,83.95055751518365,47.37052641257183,10400,5,text_en_1919
625,92.49523469532916,36.04069720321324,10783,5,text_en_1919
626,88.80176188992863,58.86090974822858,9896,5,text_en_1919
627,48.1655800861247,50.14794981272628,6956,3,stroke_nan
628,80.21873840515087,40.52746396622828,4369,1,inner_ring
629,48.07423820769668,89.88002014694183,711,0,outer_ring
630,68.77805779021539,44.3044236637418,8272,4,stroke_kai
631,55.391087794556405,90.18924952797347,234,0,outer_ring
632,67.45384023521657,84.88194082833091,8732,5,text_en_1919
633,52.143236589866916,56.84287347757574,6687,3,stroke_nan
634,48.93297939955523,87.85301898933007,668,0,outer_ring
635,63.240759975288796,82.50580384358045,8807,5,text_en_1919
636,67.83950108093683,75.83638400730011,9354,5,text_en_1919
637,45.496167250405634,78.64096111028361,9237,5,text_en_1919
638,47.114858420602374,89.7514275054095,778,0,outer_ring
639,41.731616382967474,87.63342733887181,1112,0,outer_ring
640,57.5879996713259,82.87394765451819,8718,5,text_en_1919
641,53.902258993942965,89.64115971915214,311,0,outer_ring
642,43.16143692104271,66.33077215133643,5035,2,octagram
643,42.31829500626615,62.42437277536631,5087,2,octagram
644,27.517978171955015,58.93680463114603,5230,2,octagram
645,54.81413380669992,89.99005340108747,265,0,outer_ring
646,57.932981535163265,88.75286382249392,130,0,outer_ring
647,62.19954589189091,57.68341806217723,7725,4,stroke_kai
648,51.96194757646896,88.31939766830244,432,0,outer_ring
649,63.10393270942879,52.27598972508588,7871,4,stroke_kai
650,65.76742064488344,71.04445993668027,4656,2,octagram
651,76.70615448530333,60.11007402472115,4469,2,octagram
652,65.09061270882616,86.49412607546644,8644,5,text_en_1919
653,54.19946626017877,56.33828581996909,4825,2,octagram
654,63.46401494245709,51.8816675455413,7921,4,stroke_kai
655,58.563079829088224,89.57130898989001,108,0,outer_ring
656,76.43548199140263,42.95526857325165,6372,2,octagram
657,67.70001547655428,45.61118946733144,8182,4,stroke_kai
658,65.49434804838722,71.61074353807135,4666,2,octagram
659,72.21011623123472,61.91388735667575,4529,2,octagram
660,58.07476259629568,80.38182126310218,9085,5,text_en_1919
661,90.14544856894199,47.23120690305684,10449,5,text_en_1919
662,57.28962481865919,44.270414711516196,8236,4,stroke_kai
663,80.21330039563351,58.862712350930714,4427,2,octagram
664,58.32159460067001,70.54265436273879,4767,2,octagram
665,78.33174995327428,56.53154106705856,6557,2,octagram
666,64.03497119774619,45.80293094481008,8216,4,stroke_kai
667,71.74842114758478,41.47274830812166,8355,4,stroke_kai
668,92.13814055231178,46.57731266974051,10495,5,text_en_1919
669,67.28864351042424,23.089992519460143,4214,1,inner_ring
670,57.772502411506196,4.192169690256367,2527,0,outer_ring
671,51.70173134017173,47.000741184392865,7086,3,stroke_nan
672,82.4231217753544,57.39667571081001,3291,1,inner_ring
673,62.639827442457616,78.82654588865093,9222,5,text_en_1919
674,92.73075219196619,48.15291705351574,10415,5,text_en_1919
675,63.531705549368915,42.959494194812876,8296,4,stroke_kai
676,54.18116100121979,66.74183646630036,4831,2,octagram
677,63.09397091268838,42.04692073450183,8340,4,stroke_kai
678,69.08498410939359,10.358492719760417,3160,0,outer_ring
679,50.361845233574364,7.023628426123765,1855,0,outer_ring
680,49.84482533470255,40.544626007328894,7369,3,stroke_nan
681,51.35761379920891,36.28196931340384,7496,3,stroke_nan
682,53.481730615133465,5.276913000934467,2136,0,outer_ring
683,46.90482867712236,48.70908803284928,7022,3,stroke_nan
684,50.57000567074901,5.799317032691092,1878,0,outer_ring
685,59.028403022143145,7.554777309980352,2660,0,outer_ring
686,59.39413995683365,6.497285860511418,2682,0,outer_ring
687,61.525457153313276,53.473979038228244,7861,4,stroke_kai
688,66.16179124035895,24.56406929356525,6075,2,octagram
689,54.06374792188595,6.381680095708109,2183,0,outer_ring
690,71.12737481774693,10.522527931861472,3185,0,outer_ring
691,66.39536635609815,22.791074660306638,4209,1,inner_ring
692,51.49164449342523,4.9829438839793605,1968,0,outer_ring
693,52.77320764322157,4.782705640221188,2063,0,outer_ring
694,67.05527255943896,7.719336680229379,3096,0,outer_ring
695,56.22904636558145,6.216158904102864,2395,0,outer_ring
696,63.42563036167016,24.113156155579873,6062,2,octagram
697,55.56442428812546,4.978389316497198,2324,0,outer_ring
698,66.95246230499912,7.474622978141014,3093,0,outer_ring
699,88.0199533678367,41.21162993946253,10693,5,text_en_1919
700,91.83902316310925,45.240144036030976,10520,5,text_en_1919
701,64.09705480933046,36.9630165978952,8483,4,stroke_kai
702,54.050958127296305,14.202398057539446,11170,5,text_en_1919
703,70.34279442447769,42.040888091665245,6398,2,octagram
704,66.79030588737287,21.661311900240417,4207,1,inner_ring
705,66.76605512140411,6.80196441541861,3083,0,outer_ring
706,89.99371729570322,62.317544324386986,9735,5,text_en_1919
707,59.48385971268608,83.5718312328655,8761,5,text_en_1919
708,39.123303923541556,87.65707348228705,1206,0,outer_ring
709,48.12598882486866,90.19608558518448,702,0,outer_ring
710,55.67784794028353,90.74143844561584,220,0,outer_ring
711,39.768808638193484,87.7251599417283,1181,0,outer_ring
712,40.57180974510571,87.71720783699148,1154,0,outer_ring
713,53.518634194027705,56.32419051610586,6680,3,stroke_nan
714,67.47396610877429,87.25311610591527,12,0,outer_ring
715,38.53207598684048,51.00077914659544,6926,3,stroke_nan
716,46.656791648696945,90.6611425709434,796,0,outer_ring
717,29.785422463780655,62.88180616407528,3719,1,inner_ring
718,27.391002664749482,55.36000821316769,3773,1,inner_ring
719,41.2350815955302,47.78114261166454,7071,3,stroke_nan
720,19.361316189955165,47.60338739203577,10435,5,text_en_1919
721,31.52578673873256,52.6488209521891,5298,2,octagram
722,26.31714202523746,26.3791834323807,10830,5,text_en_1919
723,27.772997038610864,45.078984891220664,3845,1,inner_ring
724,30.211797203275523,43.289752905605944,5424,2,octagram
725,34.27715672919932,29.240181216173614,3961,1,inner_ring
726,22.332188913962927,73.37205733849954,1384,0,outer_ring
727,55.72904352110816,5.384364603675181,2344,0,outer_ring
728,37.036787147437806,32.80431556240342,5600,2,octagram
729,40.162090625349144,45.35285504557884,7207,3,stroke_nan
730,34.91830923420646,45.55826985298492,7165,3,stroke_nan
731,51.1636288953511,48.9190084542324,7014,3,stroke_nan
732,35.35612718444185,59.76063425593876,5158,2,octagram
733,53.32294262838311,66.1892069120386,4837,2,octagram
734,49.69820148943358,80.6784033664624,8986,5,text_en_1919
735,58.85721420345387,34.04254565948608,5963,2,octagram
736,30.587526970652345,81.54780457411147,1360,0,outer_ring
737,49.922988306659505,90.24321648278735,566,0,outer_ring
738,39.832613174664125,87.4392401714624,1182,0,outer_ring
739,52.59452860552044,47.620543422984426,7107,3,stroke_nan
740,38.655535193660135,24.880903894590844,4013,1,inner_ring
741,49.16091995587276,19.48273048573151,4083,1,inner_ring
742,51.50221742366247,7.862554981943879,1946,0,outer_ring
743,47.274603386269206,48.4237493403836,7028,3,stroke_nan
744,56.909347253738524,15.735023994237178,11042,5,text_en_1919
745,67.6441359254233,7.650740786048365,3115,0,outer_ring
746,68.07394430010851,7.115233045413719,3119,0,outer_ring
747,37.46684274103709,43.23936057771011,7338,3,stroke_nan
748,46.2006661750436,43.25523155673511,7276,3,stroke_nan
749,31.06521170053277,36.101706394409504,5535,2,octagram
750,39.5153454870045,19.022674541433133,10915,5,text_en_1919
751,58.735386393774164,19.846995154336472,4149,1,inner_ring
752,42.18640335034134,50.320296554428275,6932,3,stroke_nan
753,41.339702906589,43.85151593694946,7269,3,stroke_nan
754,48.85060396703095,23.84766551948555,5854,2,octagram
755,53.03563648936411,6.894416772924615,2090,0,outer_ring
756,34.823307621853665,28.1056867131758,3970,1,inner_ring
757,48.948396220850015,4.577141029449197,1767,0,outer_ring
758,67.49717109366314,31.60594888060117,6162,2,octagram
759,39.097800971388374,10.927943619509788,1452,0,outer_ring
760,48.001854223144804,23.795463872197004,5842,2,octagram
761,60.715319412963986,7.024606393778531,2775,0,outer_ring
762,65.45256266384308,6.61196176626887,3040,0,outer_ring
763,57.93717895394855,6.310668859334459,2559,0,outer_ring
764,58.18623183312061,69.98311301859778,4773,2,octagram
765,63.017027303792695,19.31041175589968,10904,5,text_en_1919
766,49.60924538244591,80.53810971874915,8999,5,text_en_1919
767,30.207963602590862,63.28674962191391,3716,1,inner_ring
768,74.76691223471987,49.70659937056223,6476,2,octagram
769,56.28536114542051,27.302534014286653,5926,2,octagram
770,43.823851590029506,72.31827123124272,4973,2,octagram
771,79.09839392922763,54.94198531263982,6542,2,octagram
772,65.49620159139495,77.09239369374643,9309,5,text_en_1919
773,88.26513320662309,48.04744543317612,10389,5,text_en_1919
774,41.67138922223705,88.2723285172132,1107,0,outer_ring
775,66.63737156003896,78.62162237614615,9255,5,text_en_1919
776,61.80991127829265,89.69710757198325,53,0,outer_ring
777,40.52994465219078,86.50217501763794,1172,0,outer_ring
778,44.128280923839085,87.53996822104882,992,0,outer_ring
779,50.42708439273779,89.81012869287245,532,0,outer_ring
780,40.4601425895058,87.89942194863478,1159,0,outer_ring
781,61.10663265884666,77.07957432952806,9287,5,text_en_1919
782,44.091032179955654,85.70235712616443,8655,5,text_en_1919
783,40.11475181229338,67.49292642675864,5042,2,octagram
784,18.32097520617522,56.821605726376994,9961,5,text_en_1919
785,46.96308985318999,61.84540355648627,6583,3,stroke_nan
786,22.229871419802272,42.70520257248597,10561,5,text_en_1919
787,44.518721526288694,41.796590377469556,7371,3,stroke_nan
788,50.818740577665125,88.94871803781115,504,0,outer_ring
789,45.966714693576456,90.2021554083798,854,0,outer_ring
790,60.18063482132424,84.29819597643349,8688,5,text_en_1919
791,66.96343139623109,88.05610176862334,13,0,outer_ring
792,76.65612076800765,73.84655507618105,9398,5,text_en_1919
793,57.94581293522856,53.01292947217091,7874,4,stroke_kai
794,67.75836757396462,51.56115772691481,7938,4,stroke_kai
795,46.151728208640826,6.815938252645402,1634,0,outer_ring
796,66.58715584968337,67.9463098214698,4616,2,octagram
797,63.12034380139339,72.36134090785853,4709,2,octagram
798,68.19285329358551,73.12179475722976,3429,1,inner_ring
799,52.97601985962965,73.82682418153956,3535,1,inner_ring
800,80.25686945501846,66.86055771768532,9572,5,text_en_1919
801,87.12698820558622,62.66644036024038,9755,5,text_en_1919
802,92.82370983221205,48.720638040067314,10304,5,text_en_1919
803,83.97349412453374,68.15216012200247,9533,5,text_en_1919
804,70.4113758590178,62.86108998456076,4552,2,octagram
805,61.93608643021312,56.17844586639689,7794,4,stroke_kai
806,91.17169281887821,58.17157385988948,9897,5,text_en_1919
807,79.47069118330502,37.55980262957239,6317,2,octagram
808,90.19717079637,47.6218856916801,10393,5,text_en_1919
809,70.02800927093541,9.952136701862704,3172,0,outer_ring
810,89.60899998168088,55.909976022336124,10028,5,text_en_1919
811,63.71152104146706,50.48361648952621,8007,4,stroke_kai
812,61.53123429238903,20.45380804568691,4170,1,inner_ring
813,92.89177881532925,49.772954032883554,10215,5,text_en_1919
814,92.68805617302232,48.77898446373721,10286,5,text_en_1919
815,68.19056219191167,41.37381008340004,8348,4,stroke_kai
816,82.20275883741944,56.644674271756024,3289,1,inner_ring
817,89.98386826764315,37.31795929264082,10755,5,text_en_1919
818,90.30603367974062,38.97173799854283,10747,5,text_en_1919
819,64.46400741876286,37.476467920393766,8482,4,stroke_kai
820,75.56089645250243,28.51598238687591,4281,1,inner_ring
821,52.248825545388186,49.228226080467664,6993,3,stroke_nan
822,55.49286846171355,5.477064248155068,2318,0,outer_ring
823,46.62065265543141,12.393047031244453,11200,5,text_en_1919
824,51.4139873485095,21.734220461843165,5866,2,octagram
825,56.45260549606434,14.098446262093914,11161,5,text_en_1919
826,54.51525170278849,6.747218744053139,2219,0,outer_ring
827,67.80114949900987,34.420602711436295,8531,4,stroke_kai
828,69.16094248724349,30.459671828043238,6153,2,octagram
829,49.46574105819534,19.784567891952175,4084,1,inner_ring
830,63.328946967553456,7.3158432617544165,2949,0,outer_ring
831,65.74824325484866,15.030327075007246,11113,5,text_en_1919
832,44.3438521286041,7.30215496512713,1569,0,outer_ring
833,58.0928771242108,6.242042708322133,2577,0,outer_ring
834,58.582663639501526,9.526281068265812,11352,5,text_en_1919
835,50.26244682399436,5.937342885831436,1856,0,outer_ring
836,57.86167641345783,6.171146300678023,2550,0,outer_ring
837,67.29781032442101,31.063651198589483,6156,2,octagram
838,59.51971134075925,4.599072642838573,2673,0,outer_ring
839,42.964946513656514,48.933731000053406,7013,3,stroke_nan
840,89.35371084902394,59.52335797970111,9873,5,text_en_1919
841,78.43302855295626,39.61019185399663,6340,2,octagram
842,80.75987148542971,59.571288953283215,3306,1,inner_ring
843,66.30492049539023,8.408204996159084,3085,0,outer_ring
844,67.55915156528317,46.28687256634834,8147,4,stroke_kai
845,57.31965877607554,5.793765717408659,2489,0,outer_ring
846,53.606036806154144,16.76156262763928,11064,5,text_en_1919
847,46.554243019243025,54.901742399681204,6735,3,stroke_nan
848,78.25646399680765,59.569674499122584,4447,2,octagram
849,63.57624436202985,89.93863724059295,36,0,outer_ring
850,38.75140651968149,88.25154231082993,1210,0,outer_ring
851,33.852579242767106,83.31425694957082,1332,0,outer_ring
852,59.71929796253582,90.85742787405334,86,0,outer_ring
853,57.250374925277384,88.98573655345437,156,0,outer_ring
854,51.01431619019379,90.61570467019543,483,0,outer_ring
855,50.385120055495854,91.8055028603984,521,0,outer_ring
856,37.341659016781094,77.99110173402623,9291,5,text_en_1919
857,50.06656767696553,74.67835672007504,3556,1,inner_ring
858,63.348730576296695,79.06563564077055,9200,5,text_en_1919
859,24.3538233699757,53.25754344966683,10142,5,text_en_1919
860,12.51270243533726,38.37757064228573,1404,0,outer_ring
861,20.301686366140153,57.239552151653655,9972,5,text_en_1919
862,31.94732398557834,58.533708066627725,5198,2,octagram
863,20.59378196721604,39.65083559015361,10705,5,text_en_1919
864,19.733833763899277,34.19495252924893,10792,5,text_en_1919
865,32.61737897405153,42.50504575188013,5415,2,octagram
866,29.15867450113765,37.43689210446803,5513,2,octagram
867,42.21597772879446,23.129354221001872,4042,1,inner_ring
868,20.587666498871837,41.37603023830078,10625,5,text_en_1919
869,52.09700998385383,40.91206508461364,7408,3,stroke_nan
870,42.1418983042743,54.8317394790663,6750,3,stroke_nan
871,63.17200994874307,23.076839022700554,6034,2,octagram
872,59.45300882141649,80.3796589490318,9014,5,text_en_1919
873,66.21220221798824,50.60468161437776,7931,4,stroke_kai
874,58.715092560573886,62.15302844561726,7586,4,stroke_kai
875,32.6887339265234,50.57447830480519,5332,2,octagram
876,50.220414299535236,90.21668082750207,542,0,outer_ring
877,67.82839346506942,78.65741971141716,9192,5,text_en_1919
878,65.23637348965349,41.57025250646195,8337,4,stroke_kai
879,42.96308007213322,68.06391025615379,5026,2,octagram
880,40.921851905130175,63.468016056240856,5075,2,octagram
881,37.57728137971449,70.88841967952122,3644,1,inner_ring
882,37.023179553241526,11.05838147362348,1439,0,outer_ring
883,53.92072033196782,70.06057787036266,3529,1,inner_ring
884,51.36418904141809,68.37930622383435,4858,2,octagram
885,63.09557665139545,51.718992286366266,7919,4,stroke_kai
886,58.66538993101632,73.34401068219582,3491,1,inner_ring
887,59.8667531625838,6.368382829573843,2715,0,outer_ring
888,62.86152802435883,21.718582736568262,4188,1,inner_ring
889,52.914256330052396,5.382115833672344,2079,0,outer_ring
890,52.30246628178545,51.71791779589329,6920,3,stroke_nan
891,32.145778283877284,35.87026063554788,5541,2,octagram
892,53.978151894901394,47.545663340079635,7155,3,stroke_nan
893,63.468936306233466,55.95473469241232,7781,4,stroke_kai
894,56.0325658574944,37.29028987147293,8505,4,stroke_kai
895,49.0284687385667,6.420026166495832,1759,0,outer_ring
896,46.779706960938924,25.928465166762575,5846,2,octagram
897,53.954115531027604,5.602343329779242,2175,0,outer_ring
898,57.305306999923864,16.527146329581257,11007,5,text_en_1919
899,54.923928449959554,6.0769156269460245,2256,0,outer_ring
900,62.13629601489969,7.156306069791731,2874,0,outer_ring
901,58.00548766701549,43.925814801953955,8230,4,stroke_kai
902,47.55055730506963,7.967007363294345,1676,0,outer_ring
903,51.4462320813448,6.318942595405111,1955,0,outer_ring
904,48.67510962294165,13.31511862502608,11203,5,text_en_1919
905,63.548291010796206,5.918384813185288,2944,0,outer_ring
906,52.30443735976554,46.7205131214824,7150,3,stroke_nan
907,45.11907567947507,5.339892941334981,1599,0,outer_ring
908,78.10267974286572,42.37454611993043,6358,2,octagram
909,40.212230426312786,51.2865264520358,6895,3,stroke_nan
910,53.12479183257411,87.38072269251258,363,0,outer_ring
911,78.41354057013037,32.627903374304466,4314,1,inner_ring
912,56.88975309586579,68.87885394101394,4784,2,octagram
913,42.16457408337808,50.97640733466108,6924,3,stroke_nan
914,42.35380484393857,72.42802205208655,4979,2,octagram
915,67.63211387343783,53.50584642174148,7859,4,stroke_kai
916,47.11005376123362,52.17130401896266,6867,3,stroke_nan
917,46.505947679822675,88.9955236029446,830,0,outer_ring
918,44.57932233973259,88.61996980640845,958,0,outer_ring
919,33.35083737887488,83.14062086021599,1336,0,outer_ring
920,43.6609183074161,83.80458929673904,8714,5,text_en_1919
921,46.11456513656342,86.40152509932133,894,0,outer_ring
922,61.249227899635684,58.132012460308374,7716,4,stroke_kai
923,47.23074618424059,88.01717235139668,789,0,outer_ring
924,29.0361748362016,56.24437326531609,5260,2,octagram
925,27.666892471810666,56.268407939984755,3765,1,inner_ring
926,48.872307738196945,80.44687611394298,9023,5,text_en_1919
927,18.65155340437511,46.96567355976048,10470,5,text_en_1919
928,39.39582520472357,38.93969607310239,5604,2,octagram
929,19.074453636219065,41.42502712279749,10624,5,text_en_1919
930,50.90642700311606,89.9517314610416,489,0,outer_ring
931,48.018726554731224,88.0065224893802,727,0,outer_ring
932,57.48091373712125,89.60466127625199,148,0,outer_ring
933,69.19658914472026,73.97801579077752,3426,1,inner_ring
934,58.20191618274204,75.33961287420459,3497,1,inner_ring
935,58.107255556642635,80.73689868930283,8990,5,text_en_1919
936,56.57666135811372,89.34024489970041,179,0,outer_ring
937,47.646354229755566,89.17660692054689,746,0,outer_ring
938,65.178906532902,48.49898919746488,8055,4,stroke_kai
939,66.80213646229895,70.32231312424335,4640,2,octagram
940,27.623904917028582,80.49582771903627,1372,0,outer_ring
941,82.90560879032493,66.29854271215828,9661,5,text_en_1919
942,64.14246259802269,46.07506514739546,8133,4,stroke_kai
943,81.37361407469548,70.78812637195043,9469,5,text_en_1919
944,79.94540010842782,58.901348525751025,4426,2,octagram
945,74.19987698186935,60.12672412573472,4498,2,octagram
946,87.97405508422462,50.2121418090503,10296,5,text_en_1919
947,87.59421505253894,52.72347167903375,10125,5,text_en_1919
948,87.37340232030344,53.490538826459,10094,5,text_en_1919
949,59.59090924377533,71.32665222329148,4748,2,octagram
950,45.25435150838224,7.326873962294523,1591,0,outer_ring
951,51.06863956335812,57.04206686640625,6709,3,stroke_nan
952,91.82576011685192,47.73992437127051,10414,5,text_en_1919
953,75.19081498345572,48.60947446967775,6458,2,octagram
954,78.98937032063571,30.081928928588923,4298,1,inner_ring
955,86.59599015846598,42.35608855628065,10659,5,text_en_1919
956,81.79629619642695,68.42460001194264,9554,5,text_en_1919
957,78.71890698734899,55.06715947290944,6541,2,octagram
958,56.405857202429964,75.4628083300174,3511,1,inner_ring
959,68.33367924407979,47.440438869037486,8066,4,stroke_kai
960,59.393950992007746,6.089963654647747,2676,0,outer_ring
961,50.030881387906284,6.490321750903199,1829,0,outer_ring
962,60.68192115064349,44.57130092832676,8205,4,stroke_kai
963,57.833436325274526,5.462707192849974,2539,0,outer_ring
964,62.75223698069146,37.47241269641708,8477,4,stroke_kai
965,54.64783665929572,6.589203164337118,2228,0,outer_ring
966,46.04353098923097,35.05670938859666,7545,3,stroke_nan
967,53.35233126523184,90.7924980765634,346,0,outer_ring
968,64.1057377950461,6.131753585422517,2980,0,outer_ring
969,43.51522588307973,26.514260323415623,5731,2,octagram
970,47.75272721580863,5.5366191581580235,1698,0,outer_ring
971,58.77298477451849,25.060574500196477,5979,2,octagram
972,42.62956423257878,23.54265966920199,5762,2,octagram
973,44.623600591584534,59.50290599820735,6604,3,stroke_nan
974,62.506138169546794,8.350180140212936,2913,0,outer_ring
975,49.407809614988366,24.779866509696255,5863,2,octagram
976,41.760049897584445,33.0348964695485,5657,2,octagram
977,59.91775785966937,6.44261408961987,2721,0,outer_ring
978,53.59173174531276,22.23525330386948,4114,1,inner_ring
979,68.93162583125168,8.806000621100226,3151,0,outer_ring
980,74.72080596247201,12.109516566599657,3215,0,outer_ring
981,79.09382703085579,35.91409945192137,6300,2,octagram
982,76.93167989127888,32.563730412244695,4304,1,inner_ring
983,88.61726005765257,47.26955828710557,10429,5,text_en_1919
984,82.09126532547543,42.96344911893981,4388,1,inner_ring
985,70.19425520884084,8.847102034949009,3167,0,outer_ring
986,64.30654867908945,44.182870039012705,8251,4,stroke_kai
987,59.331279283209234,19.705507089654688,4153,1,inner_ring
988,50.172085107984806,43.36501161848861,7236,3,stroke_nan
989,70.7618732138194,35.98743610486276,6201,2,octagram
990,80.76722454004576,68.0092632648113,9553,5,text_en_1919
991,40.97672793018976,90.15652740553135,1110,0,outer_ring
992,71.9846674766849,68.28305276607338,3388,1,inner_ring
993,34.225591920577,84.40046238187728,1322,0,outer_ring
994,45.094263665210306,79.57833615522486,9091,5,text_en_1919
995,44.221577535327285,72.53593277189212,4953,2,octagram
996,26.5238899538041,68.42035115368593,9567,5,text_en_1919
997,50.71848886267244,75.14302027911853,3552,1,inner_ring
998,42.61754540388931,46.386045139133294,7109,3,stroke_nan
999,41.838901161402916,75.06850423144206,3603,1,inner_ring
1000,23.847873874940188,58.44371910620916,9901,5,text_en_1919
1001,16.699090034433613,57.85834065346775,9971,5,text_en_1919
1002,23.01028016708726,44.909258960948726,10537,5,text_en_1919
1003,26.427415444320886,64.6469949689199,9693,5,text_en_1919
1004,21.745128410207517,60.04441945964412,9885,5,text_en_1919
1005,17.55415231364128,50.093958955032456,10224,5,text_en_1919
1006,21.864124865279923,55.07153404637651,10143,5,text_en_1919
1007,22.322245105458872,46.5075231827067,10513,5,text_en_1919
1008,14.194957240023191,42.05237100601991,10614,5,text_en_1919
1009,29.09001378734145,39.4944479735576,5470,2,octagram
1010,30.61797475209479,37.03854858352366,5520,2,octagram
1011,25.36910109610513,68.01962813389756,9577,5,text_en_1919
1012,74.5381625242727,9.628015882645686,3211,0,outer_ring
1013,36.25924296063556,60.784714574742395,5152,2,octagram
1014,68.64053818386226,80.58950547066553,9029,5,text_en_1919
1015,45.0748362416386,36.55832139307023,7522,3,stroke_nan
1016,46.01182389723639,84.75514376336508,924,0,outer_ring
1017,48.27551941823399,89.01874719230568,704,0,outer_ring
1018,63.38000481390377,88.7670702232909,35,0,outer_ring
1019,41.779966533298335,19.58691794324655,10889,5,text_en_1919
1020,46.050676318573196,39.532437936490744,7438,3,stroke_nan
1021,50.18607517541868,89.08675449235135,555,0,outer_ring
1022,60.158370970009294,52.325526507161214,7910,4,stroke_kai
1023,49.78716938168205,89.00406545786184,574,0,outer_ring
1024,47.17743757371627,54.29902902754007,6772,3,stroke_nan
1025,27.64415253598828,58.23347784715761,3749,1,inner_ring
1026,55.471611900202774,43.25425888054745,8316,4,stroke_kai
1027,44.00747074794346,52.243039499617076,6865,3,stroke_nan
1028,40.914576795056426,22.38922532896605,4033,1,inner_ring
1029,47.28303473621531,39.185204164376074,7456,3,stroke_nan
1030,54.58364566087782,35.27556323913569,5912,2,octagram
1031,44.795868021757045,22.19826679388076,5800,2,octagram
1032,54.175094932266425,6.519395293328243,2191,0,outer_ring
1033,24.973604616933358,39.68336985009259,3878,1,inner_ring
1034,40.819547049670355,41.763312682761885,7368,3,stroke_nan
1035,41.44970446282963,49.37694173778615,6941,3,stroke_nan
1036,25.73476183716992,43.147242781395654,3856,1,inner_ring
1037,47.638464026214706,25.1794507316525,5847,2,octagram
1038,33.018982566335254,43.454555679737844,5408,2,octagram
1039,30.761398296230176,34.76739922118701,3918,1,inner_ring
1040,44.830133254763204,27.91629512351628,5723,2,octagram
1041,61.88108614694742,15.74444584207361,11043,5,text_en_1919
1042,41.347290953731395,20.469906938948753,10879,5,text_en_1919
1043,58.009737379139,5.529288052717957,2560,0,outer_ring
1044,75.45192472692494,12.11563035252444,3217,0,outer_ring
1045,61.15687213388831,53.52935782664056,7862,4,stroke_kai
1046,49.161507562516654,34.943694836465184,7567,3,stroke_nan
1047,51.405427327713305,6.207344902130808,1949,0,outer_ring
1048,52.86402792837678,82.08060521187059,8814,5,text_en_1919
1049,50.199989478675455,89.95166154140097,547,0,outer_ring
1050,48.8742012057415,87.9420514992388,671,0,outer_ring
1051,34.2800173089141,49.18327176249908,5355,2,octagram
1052,76.76667107660167,31.498944435571055,4297,1,inner_ring
1053,52.71960649452889,81.33964581993408,8881,5,text_en_1919
1054,89.01548598715274,54.544404827550856,10064,5,text_en_1919
1055,48.26421478749569,89.39085153501769,699,0,outer_ring
1056,46.40720282672573,90.04996933926856,823,0,outer_ring
1057,65.75750222664244,71.19999818127694,4662,2,octagram
1058,53.78517241595895,89.87578334934761,316,0,outer_ring
1059,58.140581886692395,89.60513262008675,126,0,outer_ring
1060,57.04720078053314,90.18486510347657,167,0,outer_ring
1061,48.857682418427764,89.64386896912609,655,0,outer_ring
1062,45.322498636917274,89.68544943340288,900,0,outer_ring
1063,68.21017796247735,66.54632127156435,4594,2,octagram
1064,39.68426485699658,87.64590262702382,1186,0,outer_ring
1065,43.904775122533856,89.78017024330391,979,0,outer_ring
1066,35.67029863318354,83.5203242091091,1310,0,outer_ring
1067,21.707498454609176,55.17761722848087,10012,5,text_en_1919
1068,43.02474666489639,73.08071345417656,4968,2,octagram
1069,32.05481556258916,41.08088988070005,5439,2,octagram
1070,27.584078055600646,57.11872217401727,3757,1,inner_ring
1071,26.934037993583733,56.717373612473146,3763,1,inner_ring
1072,49.13152777468404,88.67849039154497,643,0,outer_ring
1073,59.20496043352419,85.68193822817726,8634,5,text_en_1919
1074,59.71832292219906,54.032027319288645,7857,4,stroke_kai
1075,64.03460274027677,74.00116478995774,4697,2,octagram
1076,62.67949021064643,86.7860553770497,8643,5,text_en_1919
1077,57.72173229558713,90.22577177222313,137,0,outer_ring
1078,58.135777684858745,71.22044239308482,4769,2,octagram
1079,45.99388734682053,58.98355044669029,6614,3,stroke_nan
1080,70.20922737811017,44.83871235593524,6428,2,octagram
1081,88.54955558703955,45.11903942126495,10464,5,text_en_1919
1082,46.48676406462538,75.01030418013451,3577,1,inner_ring
1083,64.72786955025077,59.21180944291267,7652,4,stroke_kai
1084,71.16408500965895,69.22593069259925,3399,1,inner_ring
1085,88.37050683408643,58.350034618640905,9911,5,text_en_1919
1086,84.92995576909148,49.60229758608738,10292,5,text_en_1919
1087,84.81951110983627,56.460896502937366,9985,5,text_en_1919
1088,63.77269544346037,52.42998600491111,7912,4,stroke_kai
1089,70.88983763799,62.060886571724126,4541,2,octagram
1090,75.7693371955564,65.77642970301636,3359,1,inner_ring
1091,91.00890032718875,62.40557881755276,9774,5,text_en_1919
1092,55.53678349083239,7.455366895471873,2329,0,outer_ring
1093,75.06259602984684,43.351349121282716,6388,2,octagram
1094,67.04775025654627,66.65869655213055,4601,2,octagram
1095,89.51445655420622,61.21892467905133,9785,5,text_en_1919
1096,87.14228404950835,62.94885618700787,9747,5,text_en_1919
1097,86.65487138107285,40.28710332789571,10696,5,text_en_1919
1098,85.37197499320885,47.47920103890414,10421,5,text_en_1919
1099,91.33155170199176,36.35133676212966,10790,5,text_en_1919
1100,91.85127058841769,44.36065366608619,10533,5,text_en_1919
1101,74.4708053615111,34.84727505297318,6238,2,octagram
1102,79.65497644524027,37.78689912350974,6318,2,octagram
1103,91.52263837656938,50.31026013771149,10200,5,text_en_1919
1104,60.9945157905229,8.658804136708323,2816,0,outer_ring
1105,49.79661173048039,19.577524641365777,4088,1,inner_ring
1106,77.76937899803339,39.84564607509965,6341,2,octagram
1107,58.675882897631844,7.13571416876249,2632,0,outer_ring
1108,52.149546110056825,38.52682341368214,7440,3,stroke_nan
1109,51.544637376881866,43.95878789122629,7218,3,stroke_nan
1110,63.04736615347204,14.410504292307618,11145,5,text_en_1919
1111,41.03376566557459,18.858342670735095,10908,5,text_en_1919
1112,50.87459119356914,5.1596939284068775,1905,0,outer_ring
1113,72.77439263818334,10.763252305681533,3202,0,outer_ring
1114,45.535777356670145,5.53927380231939,1613,0,outer_ring
1115,46.17565485235263,37.64961540327226,7486,3,stroke_nan
1116,64.8887946061598,43.6739513273361,8265,4,stroke_kai
1117,70.8598809980275,9.43795641558493,3178,0,outer_ring
1118,52.68707257083856,4.890983194411586,2055,0,outer_ring
1119,56.581566095215216,6.1374019292215305,2425,0,outer_ring
1120,56.65075121375575,5.904920670384042,2431,0,outer_ring
1121,78.27871826651234,33.4854896113104,4319,1,inner_ring
1122,58.21661474175951,4.9872133609726035,2579,0,outer_ring
1123,77.5790796295048,36.16068616091006,6277,2,octagram
1124,90.23793106570933,49.31203669077384,10301,5,text_en_1919
1125,88.6148164797645,59.758155362937686,9864,5,text_en_1919
1126,75.09278507979847,67.64155174414506,3370,1,inner_ring
1127,73.96866356423973,35.36424891614113,6232,2,octagram
1128,66.66524057285685,26.423059557487807,6102,2,octagram
1129,56.47574177689056,6.03109301965193,2418,0,outer_ring
1130,40.95638781112993,27.442833886951348,5716,2,octagram
1131,52.02836898438012,35.93053612920716,7511,3,stroke_nan
1132,68.46715721126357,49.22107660812328,8019,4,stroke_kai
1133,37.30834290545713,79.77866035673671,9134,5,text_en_1919
1134,60.417604123904894,89.15368573360614,71,0,outer_ring
1135,29.888017603895456,81.43696618130295,1363,0,outer_ring
1136,43.94456351621152,88.21646748635249,994,0,outer_ring
1137,58.48239440721055,88.06620471844981,103,0,outer_ring
1138,70.06679130898146,71.83789999529043,3415,1,inner_ring
1139,35.70062120341812,80.76461686494011,8998,5,text_en_1919
1140,43.22872025763175,87.38786520669962,1047,0,outer_ring
1141,24.494656278861772,66.40443869946213,9674,5,text_en_1919
1142,39.6588347804266,50.04200226341103,6953,3,stroke_nan
1143,26.738698893529396,45.74070110175174,3840,1,inner_ring
1144,48.065669142234015,72.11840723263,4901,2,octagram
1145,24.7352127753444,55.25066371040112,10022,5,text_en_1919
1146,19.033786258154702,44.267032819902994,10559,5,text_en_1919
1147,23.93824443863876,45.852858382640456,10527,5,text_en_1919
1148,30.413693929787943,66.11024526693666,9627,5,text_en_1919
1149,24.955493032295248,42.35220726794099,3859,1,inner_ring
1150,33.545622066034554,29.024071469937144,3960,1,inner_ring
1151,52.49723137717656,80.33346358764494,8973,5,text_en_1919
1152,22.74161509216348,42.16668869954647,10612,5,text_en_1919
1153,36.29959645289775,9.567730076900814,1438,0,outer_ring
1154,42.34097644540339,62.90614513497587,5077,2,octagram
1155,52.9780343888791,5.129844504407948,2088,0,outer_ring
1156,47.682808609480425,89.40128007104059,739,0,outer_ring
1157,51.223636863752496,90.12217737968538,478,0,outer_ring
1158,56.45378295533131,81.86167040326296,8826,5,text_en_1919
1159,49.88144535808943,84.29733172814115,8609,5,text_en_1919
1160,59.928892290091895,81.27024327226644,8933,5,text_en_1919
1161,42.262865822861,84.72760238256348,8691,5,text_en_1919
1162,44.85396425313139,86.65722566040547,968,0,outer_ring
1163,52.9180452212008,89.64752163826957,374,0,outer_ring
1164,65.55028454092401,68.43908499300711,4626,2,octagram
1165,55.8675028297517,39.39674360432539,8433,4,stroke_kai
1166,37.61776071476489,48.47298530951261,7032,3,stroke_nan
1167,41.08450470225016,17.618400865761327,11022,5,text_en_1919
1168,53.01820562907627,50.188050345401095,6944,3,stroke_nan
1169,47.159980599821914,89.2845607103089,784,0,outer_ring
1170,53.517494822461764,15.744330254720543,11074,5,text_en_1919
1171,52.17837162116648,48.75244910227285,7020,3,stroke_nan
1172,52.3117339752925,5.170676708029821,2025,0,outer_ring
1173,47.22317604318385,40.762658645155675,7381,3,stroke_nan
1174,45.74281184128605,22.256413933771277,5810,2,octagram
1175,37.734330914889625,9.2290184488361,1449,0,outer_ring
1176,31.18133081495572,32.19762042430081,3934,1,inner_ring
1177,31.953924807224034,51.57345051466676,5313,2,octagram
1178,53.58506093796312,26.859957034413064,5884,2,octagram
1179,29.035092080800997,36.90580034898918,5510,2,octagram
1180,54.27916377674592,7.359723850685266,2195,0,outer_ring
1181,40.255925923357054,18.408590756560084,10935,5,text_en_1919
1182,41.18826153283196,7.645076333289543,1500,0,outer_ring
1183,48.36618447897483,89.25348763109523,695,0,outer_ring
1184,50.12900201637107,40.18404726470128,7370,3,stroke_nan
1185,60.02244894080411,8.468347901099891,2739,0,outer_ring
1186,47.63506953599969,54.72117587935394,6762,3,stroke_nan
1187,47.35514629425481,16.64382431341405,10920,5,text_en_1919
1188,50.44752998660724,6.471867706064788,1867,0,outer_ring
1189,54.95134776886993,10.399637211088699,2263,0,outer_ring
1190,45.485221149451064,6.405092282324167,1604,0,outer_ring
1191,56.935495406252464,4.890529739981047,2449,0,outer_ring
1192,54.18063379179862,81.90171503761123,8847,5,text_en_1919
1193,77.4086939096118,56.47854885570003,6548,2,octagram
1194,66.29795787075417,75.1207557216607,9344,5,text_en_1919
1195,91.72916183704683,46.33547973917104,10502,5,text_en_1919
1196,51.17373866194958,56.232786394189,6720,3,stroke_nan
1197,57.40981895809421,51.49469357289964,7957,4,stroke_kai
1198,56.162562677439986,4.589092218676038,2378,0,outer_ring
1199,83.17304397613852,48.901524643929896,10308,5,text_en_1919
1200,65.39737899530876,72.82961183400003,4679,2,octagram
1201,48.85918690569318,89.07956892480978,663,0,outer_ring
1202,39.889458400167754,87.57378639077929,1178,0,outer_ring
1203,54.63023929117087,90.52007071533278,274,0,outer_ring
1204,38.5957106645135,86.18954184648268,1235,0,outer_ring
1205,26.867093627207726,79.90228902463038,1375,0,outer_ring
1206,62.90691105821036,82.39270630858343,8820,5,text_en_1919
1207,47.266622585948035,61.02660576391196,6584,3,stroke_nan
1208,38.747556622578465,51.469050349280224,6919,3,stroke_nan
1209,49.97542841277213,92.07747685360395,550,0,outer_ring
1210,49.75034468488499,89.26229109960083,576,0,outer_ring
1211,18.746706145754686,36.55980030854307,10788,5,text_en_1919
1212,29.861769772431554,38.63538832455827,5475,2,octagram
1213,49.735231322335395,46.289145193869714,7131,3,stroke_nan
1214,42.20453859015287,89.49121289653947,1072,0,outer_ring
1215,69.97356071625217,76.61557283216935,9300,5,text_en_1919
1216,59.24788304131544,92.21281782879495,100,0,outer_ring
1217,77.94720675568318,72.61781449816009,9403,5,text_en_1919
1218,83.45045269303614,77.03864779052537,9352,5,text_en_1919
1219,38.60632518196032,87.16284210751905,1223,0,outer_ring
1220,70.24174695023355,61.65600348822575,4546,2,octagram
1221,65.31789780955188,73.90858367149538,3448,1,inner_ring
1222,76.64132948048876,73.85839258224108,9385,5,text_en_1919
1223,53.51130664430986,78.66661960429748,9136,5,text_en_1919
1224,41.43495331238846,63.19558659344952,5079,2,octagram
1225,53.160093741185975,84.96939480445802,8623,5,text_en_1919
1226,74.45267787608037,59.0128138251716,4481,2,octagram
1227,72.42554327069331,60.967179068555225,4523,2,octagram
1228,76.61811546658564,56.02707557414792,6540,2,octagram
1229,86.89816926588128,61.407374701611545,9795,5,text_en_1919
1230,77.50149533590391,55.71075210657147,6543,2,octagram
1231,71.68376632248292,69.51800021581076,3398,1,inner_ring
1232,90.03295694519403,57.18700600848569,9927,5,text_en_1919
1233,77.55297797980411,62.75111588818444,3339,1,inner_ring
1234,46.16479603319109,23.01397412908335,5820,2,octagram
1235,66.91618144269775,46.386311833212325,8140,4,stroke_kai
1236,58.31966301144962,81.82481851499175,8907,5,text_en_1919
1237,43.79122555168611,7.198066637909935,1554,0,outer_ring
1238,46.62375715704517,19.818995715661117,4074,1,inner_ring
1239,66.63827135506529,27.2432153143184,6109,2,octagram
1240,57.869119581571226,50.470284599273974,7973,4,stroke_kai
1241,69.57050420216405,80.96966384790035,8996,5,text_en_1919
1242,44.79021134687891,25.161272269677106,5796,2,octagram
1243,77.53174380667467,39.079337838868256,6331,2,octagram
1244,62.891619214644095,24.599623101004322,6022,2,octagram
1245,63.97902966805595,50.717121880434426,7942,4,stroke_kai
1246,47.35549488787317,6.712566014788333,1678,0,outer_ring
1247,63.82103026884904,16.215084291136886,11088,5,text_en_1919
1248,62.8356803368654,13.80012154836629,11164,5,text_en_1919
1249,49.35559045360501,6.2713380163747825,1779,0,outer_ring
1250,50.80458519922858,10.810520697081117,11308,5,text_en_1919
1251,56.87512874812399,34.79925571591179,8574,4,stroke_kai
1252,63.41866110057336,6.256295929817638,2939,0,outer_ring
1253,46.4962806259943,20.934497770827406,5812,2,octagram
1254,67.62094022097041,8.441002618285102,3118,0,outer_ring
1255,57.313376899398854,5.968235501836265,2491,0,outer_ring
1256,65.55088641335811,26.892121995539785,6091,2,octagram
1257,64.22764391823162,7.507139661841193,3001,0,outer_ring
1258,50.229255598410774,34.33887294068026,7535,3,stroke_nan
1259,49.6356154762927,12.22271897035227,11239,5,text_en_1919
1260,59.35430089082221,5.8011205375021655,2671,0,outer_ring
1261,68.18742270501227,7.603123453453392,3123,0,outer_ring
1262,63.333421286226184,7.073436548665782,2947,0,outer_ring
1263,57.682770633654314,4.438270519461315,2521,0,outer_ring
1264,59.337972665535226,42.477845403862425,8284,4,stroke_kai
1265,39.04720892612379,13.093701593310314,11265,5,text_en_1919
1266,75.87513134490716,51.433218044035456,6499,2,octagram
1267,58.70991936948571,70.66558811724187,4765,2,octagram
1268,85.03409008202092,53.17311694243746,10108,5,text_en_1919
1269,76.61379976732775,32.78293225948569,4305,1,inner_ring
1270,63.33877605503234,35.1052456181104,8538,4,stroke_kai
1271,64.53812658737742,36.27959458610636,8513,4,stroke_kai
1272,42.874686815839006,7.357458447494056,1533,0,outer_ring
1273,57.643338339166526,80.20061070587076,9038,5,text_en_1919
1274,58.46083616674156,44.006254886500805,8213,4,stroke_kai
1275,46.94870192136026,88.45955053030013,804,0,outer_ring
1276,50.113126067907984,90.6742775769463,549,0,outer_ring
1277,50.39009796038309,89.12947075589324,537,0,outer_ring
1278,64.45333224243728,71.38327976946394,4664,2,octagram
1279,53.62440758097979,88.99131123813265,329,0,outer_ring
1280,42.36749072580632,87.91014137668239,1077,0,outer_ring
1281,41.20763648360226,87.15860254196343,1137,0,outer_ring
1282,37.359370217892646,86.55768703773117,1257,0,outer_ring
1283,48.88034734268564,89.60928029833748,654,0,outer_ring
1284,24.554664538086314,70.77728571800358,9473,5,text_en_1919
1285,45.70482164937348,71.6164929631123,4937,2,octagram
1286,16.89456872518314,49.60593939535958,10243,5,text_en_1919
1287,33.60949988057571,47.43865198747235,5371,2,octagram
1288,22.640560488418764,42.55804207960633,10585,5,text_en_1919
1289,30.02220701685606,53.09116167019796,5284,2,octagram
1290,19.589422570254765,43.37863139989436,10564,5,text_en_1919
1291,26.89239984954699,38.90964022896507,3883,1,inner_ring
1292,30.73547547537053,35.77021993262267,5530,2,octagram
1293,24.958693965200432,67.93335750179402,9587,5,text_en_1919
1294,36.088251051978396,27.657864219663367,3983,1,inner_ring
1295,45.03459533385351,40.40409562081848,7404,3,stroke_nan
1296,16.13322379969728,56.88906269197508,9983,5,text_en_1919
1297,50.59460442123719,88.59651341586246,527,0,outer_ring
1298,60.146948025255135,56.08146741525485,7786,4,stroke_kai
1299,39.89202136686787,32.98757815643063,5630,2,octagram
1300,60.18282811683066,59.37186208142481,7648,4,stroke_kai
1301,42.809006753127974,59.74278203855007,6602,3,stroke_nan
1302,80.05360829676344,76.32319850766082,9345,5,text_en_1919
1303,83.12725011757163,56.7140118227077,3284,1,inner_ring
1304,56.885637995249816,80.48146933781597,8976,5,text_en_1919
1305,41.30526853550885,87.23300315755768,1134,0,outer_ring
1306,60.53430195414134,88.67980080839207,69,0,outer_ring
1307,62.1699469523597,73.01820460181733,4720,2,octagram
1308,49.53974255040305,5.791329885616721,1797,0,outer_ring
1309,52.69413959276377,4.380413090537814,2057,0,outer_ring
1310,49.08074478115307,36.708038354769144,7517,3,stroke_nan
1311,44.66171860531151,72.36064079021246,4944,2,octagram
1312,67.72358211195791,45.631729922229596,8162,4,stroke_kai
1313,52.800943887294295,5.1417614104167955,2068,0,outer_ring
1314,38.75428934271642,34.966798038783544,5608,2,octagram
1315,52.88353197417907,7.462394019653476,2067,0,outer_ring
1316,62.56398912268688,22.603996935155905,6028,2,octagram
1317,21.292318883749086,36.82435032852585,10770,5,text_en_1919
1318,39.96596396978179,19.77695275104752,10874,5,text_en_1919
1319,21.567961605421427,57.315252206231136,9984,5,text_en_1919
1320,28.23920795050714,53.21289313781163,3787,1,inner_ring
1321,22.244246717671384,47.0377789239713,10505,5,text_en_1919
1322,45.52927424198373,37.803444250986665,7490,3,stroke_nan
1323,33.129178085987405,11.979949872708374,1423,0,outer_ring
1324,55.679966454598095,19.831160249134058,4131,1,inner_ring
1325,41.59575416389029,19.223458294193243,10906,5,text_en_1919
1326,55.05732737743398,36.349931526630236,8506,4,stroke_kai
1327,45.76284239488434,23.13568905619466,5818,2,octagram
1328,50.919415204716955,6.176478743405559,1904,0,outer_ring
1329,66.87663378775119,38.2400280148167,8472,4,stroke_kai
1330,68.87462271147106,13.385244958398406,11189,5,text_en_1919
1331,64.52512414338833,37.941204920253774,8455,4,stroke_kai
1332,66.6641479266778,8.395892235040215,3091,0,outer_ring
1333,52.63528979145707,42.12664939077291,7390,3,stroke_nan
1334,45.85862117708186,53.78019097710739,6783,3,stroke_nan
1335,76.28487850409631,40.90496148431691,6359,2,octagram
1336,61.76096194877228,61.13910720799277,7602,4,stroke_kai
1337,90.15555218707125,53.60003515275636,10087,5,text_en_1919
1338,41.159152670950945,67.53815209526707,5041,2,octagram
1339,47.247679143952425,88.98282136371445,779,0,outer_ring
1340,74.67056885833165,64.46852180459753,3355,1,inner_ring
1341,41.512528315312224,45.28105918748246,7240,3,stroke_nan
1342,66.95121056572421,67.35694847828397,4607,2,octagram
1343,53.20766785285929,90.84601714267556,353,0,outer_ring
1344,46.43588450188985,88.73058281646779,843,0,outer_ring
1345,61.4016445857738,78.31245587199066,9254,5,text_en_1919
1346,34.389962671280365,75.0832766773513,9381,5,text_en_1919
1347,49.26842680512184,88.83837023828374,626,0,outer_ring
1348,49.01250479354193,88.33240603354298,656,0,outer_ring
1349,49.38767720506923,90.09082194593653,598,0,outer_ring
1350,48.01148704654906,61.16242534406113,6590,3,stroke_nan
1351,44.350167449721674,68.86032161986596,5014,2,octagram
1352,54.17228668677895,89.05082280946127,303,0,outer_ring
1353,46.435119359675134,5.256940089971716,1652,0,outer_ring
1354,21.877094706083813,58.07939945758865,9931,5,text_en_1919
1355,38.13174161959403,70.66790412145235,3641,1,inner_ring
1356,55.91523787696811,80.78040034750885,9002,5,text_en_1919
1357,29.237668496386004,70.10242345059588,9466,5,text_en_1919
1358,43.4355417792875,85.13645769480291,8676,5,text_en_1919
1359,57.88049996089182,81.43509495495678,8837,5,text_en_1919
1360,66.74280989864057,75.83363623935035,9337,5,text_en_1919
1361,72.07654207315426,69.17383742710942,3392,1,inner_ring
1362,69.90449501838478,71.70551888580279,3416,1,inner_ring
1363,56.30602661563669,46.67190247375112,8119,4,stroke_kai
1364,88.29676255604686,64.21443828562872,9712,5,text_en_1919
1365,55.48228362793728,89.73037605033333,230,0,outer_ring
1366,65.8026259581686,68.87519855635864,4634,2,octagram
1367,83.28707556575209,78.45110027332638,0,0,outer_ring
1368,65.72958141319947,70.75959065136661,4657,2,octagram
1369,55.12283569364206,74.93667960270015,3519,1,inner_ring
1370,88.1397481617675,60.108767975183255,9844,5,text_en_1919
1371,80.2024724845557,58.001725430211636,4420,2,octagram
1372,42.65770200219292,72.86976643151054,4969,2,octagram
1373,85.07131174064892,46.5148821730083,10456,5,text_en_1919
1374,63.49941192015919,54.57359176752976,7832,4,stroke_kai
1375,86.48210836082544,53.576292528691766,10117,5,text_en_1919
1376,86.00732265953751,52.90392384191571,10128,5,text_en_1919
1377,60.35433245883509,48.18629570196622,8058,4,stroke_kai
1378,83.16072037457263,51.04214359064398,3246,1,inner_ring
1379,49.09530523036693,22.013770014812167,5843,2,octagram
1380,62.12978387277803,7.7165156417570735,2881,0,outer_ring
1381,83.28422138379533,66.95327222030109,9644,5,text_en_1919
1382,65.86987548819341,17.926977211193083,10891,5,text_en_1919
1383,93.42126754443044,48.54459670691681,10322,5,text_en_1919
1384,58.65972994791982,51.62334894988782,7953,4,stroke_kai
1385,64.6285958437463,40.49016104468954,8404,4,stroke_kai
1386,63.218441430562045,7.69625074423365,2948,0,outer_ring
1387,88.0687956704624,57.707160442062595,9933,5,text_en_1919
1388,47.71208172364524,49.14613998466046,6999,3,stroke_nan
1389,51.679581541369735,75.9968484626856,3541,1,inner_ring
1390,67.37073005649081,7.10685783988298,3103,0,outer_ring
1391,61.58789236044515,14.259766510323344,11144,5,text_en_1919
1392,39.47209272562054,9.311228461990572,1466,0,outer_ring
1393,52.52329252982189,20.874288669043267,4102,1,inner_ring
1394,51.687293379160366,42.545536754804964,7280,3,stroke_nan
1395,59.878524479668314,7.339618732489391,2724,0,outer_ring
1396,52.04789400457734,6.882606833935434,2000,0,outer_ring
1397,63.71319873301445,7.085086314846664,2971,0,outer_ring
1398,48.757282849289076,5.71584175407522,1746,0,outer_ring
1399,53.18473442091994,5.922306896952229,2108,0,outer_ring
1400,56.699136532276206,19.697588086362487,4137,1,inner_ring
1401,45.824955821379156,5.827437071422171,1627,0,outer_ring
1402,59.4646500192679,14.658138832605992,11100,5,text_en_1919
1403,51.19577452301597,6.169885933186676,1924,0,outer_ring
1404,49.54607290562247,6.407455393299117,1792,0,outer_ring
1405,79.55773665872796,24.35930198224097,10848,5,text_en_1919
1406,47.52527049587142,34.4127351764443,7572,3,stroke_nan
1407,61.85714672846586,8.953317099277744,2880,0,outer_ring
1408,62.04135992436343,25.74785777159457,6009,2,octagram
1409,87.80582797384733,47.09363656708166,10445,5,text_en_1919
1410,66.69095826094953,50.626452690491895,7929,4,stroke_kai
1411,53.028939580323296,11.550243551361739,11270,5,text_en_1919
1412,58.796609203174505,5.599721893947163,2627,0,outer_ring
1413,74.54572902571867,11.101777431033026,3213,0,outer_ring
1414,50.608429489225024,6.367539014743112,1877,0,outer_ring
1415,63.38918287821317,8.50539041951024,2970,0,outer_ring
1416,69.52710873775476,61.87975976643182,4557,2,octagram
1417,66.83303277969947,79.90598976237457,9063,5,text_en_1919
1418,49.49214354512367,88.7019956409701,606,0,outer_ring
1419,29.220918102854917,66.6668720910699,9616,5,text_en_1919
1420,47.757081469753956,90.10889230400183,722,0,outer_ring
1421,37.93553351671394,87.55582053622717,1239,0,outer_ring
1422,50.67892444899937,90.34043147734151,507,0,outer_ring
1423,39.372348158739904,72.99750364933682,3625,1,inner_ring
1424,45.09740686697056,88.34694058402658,931,0,outer_ring
1425,42.88045491012106,71.74146683817382,4984,2,octagram
1426,31.057555109368405,30.528833793092385,3942,1,inner_ring
1427,20.263628916234833,49.68767362301137,10231,5,text_en_1919
1428,36.21587662170273,77.57056515346443,9212,5,text_en_1919
1429,22.330453134146047,69.16606913691264,9522,5,text_en_1919
1430,38.21530221458037,61.50464056145761,5121,2,octagram
1431,34.70008630841196,28.200253464129773,3968,1,inner_ring
1432,23.05450443317115,42.34275776858697,10568,5,text_en_1919
1433,31.975914725996645,48.96527370506939,5342,2,octagram
1434,47.41036570247495,37.47324920727485,7479,3,stroke_nan
1435,43.56655314293949,23.571758617177373,5764,2,octagram
1436,24.424928903851697,39.90819472894657,10713,5,text_en_1919
1437,38.29394878213309,47.040494962736034,7063,3,stroke_nan
1438,37.119780571558074,9.407404802451188,1443,0,outer_ring
1439,49.93542072169969,56.38270971378317,6728,3,stroke_nan
1440,53.29527908467608,90.26958397927024,352,0,outer_ring
1441,45.25093534881707,57.55933829679434,6659,3,stroke_nan
1442,57.24309723020513,5.935692004982008,2486,0,outer_ring
1443,45.71469323503085,39.57805351879446,7437,3,stroke_nan
1444,52.45535430897055,42.873663952971896,7373,3,stroke_nan
1445,50.80360472269992,88.60802647049363,508,0,outer_ring
1446,48.06488892590615,83.77051730183196,8622,5,text_en_1919
1447,49.29712233643306,76.1023129067073,3560,1,inner_ring
1448,40.30948299046936,48.763802314825355,7037,3,stroke_nan
1449,59.47938372988301,67.3508647313791,7579,4,stroke_kai
1450,62.11071964422705,6.5641996008839225,2862,0,outer_ring
1451,55.38834705654952,81.1597615431059,8882,5,text_en_1919
1452,73.33879677572503,73.76029727756212,9391,5,text_en_1919
1453,55.399465100419654,37.47261794071109,8480,4,stroke_kai
1454,38.11841768137449,54.34676250371853,6834,3,stroke_nan
1455,29.865854757763337,58.81763804816365,5212,2,octagram
1456,73.72431451826925,25.205631963667525,4257,1,inner_ring
1457,41.44138462013289,50.519033517112135,6922,3,stroke_nan
1458,34.767508945385,34.970887815983616,5571,2,octagram
1459,46.42643112832046,21.98517021743551,5817,2,octagram
1460,42.549478811007,31.3549751170708,5684,2,octagram
1461,66.64470550103125,17.38939566443504,10896,5,text_en_1919
1462,42.70755173720683,45.78158142084683,7136,3,stroke_nan
1463,60.2962746058277,26.469880250828236,5990,2,octagram
1464,43.419585806238096,23.245959884737196,5768,2,octagram
1465,36.084261134959064,33.949057786478136,5587,2,octagram
1466,59.54403078015635,5.9714614446313234,2688,0,outer_ring
1467,52.13878979371838,6.293756191642976,2009,0,outer_ring
1468,59.718044744324516,7.411813744265715,2713,0,outer_ring
1469,54.47348333366487,74.49392530045708,3524,1,inner_ring
1470,62.98657229797668,7.994111002272638,2938,0,outer_ring
1471,64.34892950041902,22.806949662031236,6046,2,octagram
1472,56.77894453648307,33.59533379748119,8547,4,stroke_kai
1473,63.431906105958895,7.414290921350068,2959,0,outer_ring
1474,50.03204198211462,3.6873527708369784,1854,0,outer_ring
1475,61.71165904718526,45.11266810098953,8192,4,stroke_kai
1476,59.06668234651407,85.35202564656406,8633,5,text_en_1919
1477,73.4637497082814,72.33560524860003,9427,5,text_en_1919
1478,80.63444058766305,60.62962562842698,3312,1,inner_ring
1479,61.87393525331968,53.025044120974535,7891,4,stroke_kai
1480,75.84249419968793,69.91716648974233,9467,5,text_en_1919
1481,68.43859834106864,53.79282235931035,7830,4,stroke_kai
1482,47.45708238052805,87.95226814222364,776,0,outer_ring
1483,49.075331862306086,75.8427812508245,3561,1,inner_ring
1484,35.506594113474314,67.22031381656485,3675,1,inner_ring
1485,44.33449197538879,90.14147485872915,952,0,outer_ring
1486,52.198661832558194,44.35247073201329,7204,3,stroke_nan
1487,27.50759656777596,63.02132662179878,9714,5,text_en_1919
1488,39.69148029487295,87.34302873375945,1190,0,outer_ring
1489,50.70928450395869,90.25183481361692,505,0,outer_ring
1490,62.831159422196244,87.80690822065837,38,0,outer_ring
1491,46.80067414518388,87.65237872606691,826,0,outer_ring
1492,31.284329911285592,64.53631653698956,3702,1,inner_ring
1493,28.055741458375582,60.11194512046178,3740,1,inner_ring
1494,26.294729219904596,58.76514169938946,9854,5,text_en_1919
1495,25.293640184744035,65.40152686002034,9692,5,text_en_1919
1496,24.35874696502872,66.73683119366571,9648,5,text_en_1919
1497,27.08161395598783,61.70355169722781,3733,1,inner_ring
1498,46.91098633693014,88.71405141611373,803,0,outer_ring
1499,63.75267797674794,71.77231373318457,4667,2,octagram
1500,58.70669554351049,78.9648892565275,9198,5,text_en_1919
1501,71.91315050944789,80.46394276832021,9089,5,text_en_1919
1502,65.86696608664882,72.57348550711784,4675,2,octagram
1503,51.774211559360864,88.92747713640513,439,0,outer_ring
1504,92.63504547455831,61.14606393665319,9803,5,text_en_1919
1505,77.77864663966109,74.88300364627682,9329,5,text_en_1919
1506,67.00047671131736,78.75659116715461,9234,5,text_en_1919
1507,75.95058410450403,48.33286902519695,6459,2,octagram
1508,62.3766612998274,71.67222200404466,4721,2,octagram
1509,66.93449646372156,68.32822930396483,4617,2,octagram
1510,93.75758845100894,49.13002683840172,10266,5,text_en_1919
1511,83.00050468769574,66.58132926557592,9653,5,text_en_1919
1512,56.63911150738771,50.336328204418685,7970,4,stroke_kai
1513,67.5402521922402,69.11900772486283,4630,2,octagram
1514,51.650311940935566,75.21666289276011,3544,1,inner_ring
1515,70.59000008887358,61.952364375089125,4544,2,octagram
1516,65.10450199051704,56.15945309157895,7775,4,stroke_kai
1517,80.18778596487796,60.07711540189541,3310,1,inner_ring
1518,60.193454739764334,6.558591592655372,2733,0,outer_ring
1519,58.030958193868855,26.34865875322149,5949,2,octagram
1520,86.38972929119552,48.43962885631933,10365,5,text_en_1919
1521,84.30785927663436,50.05012003679056,10281,5,text_en_1919
1522,62.01283930400498,6.580234096403143,2854,0,outer_ring
1523,67.68655385854994,24.192398591198558,6096,2,octagram
1524,80.7975000343638,52.64801253309523,3259,1,inner_ring
1525,59.700464581734835,75.21634394746862,3483,1,inner_ring
1526,77.04841462043677,60.251332762351126,4460,2,octagram
1527,51.97322688498372,4.984322376784653,2002,0,outer_ring
1528,64.78698312855093,34.20776405884515,8555,4,stroke_kai
1529,56.0026402808113,7.7755452015529265,2373,0,outer_ring
1530,69.30574103297371,32.460080288473655,6173,2,octagram
1531,68.1115244594273,5.668468868897383,3112,0,outer_ring
1532,46.38932596656284,41.67731061556746,7365,3,stroke_nan
1533,56.58547043442193,15.842221282981097,11048,5,text_en_1919
1534,39.896823896165905,43.23341200643822,7324,3,stroke_nan
1535,62.28282508731786,6.532239197351126,2877,0,outer_ring
1536,45.95972561309264,21.501715974948826,5807,2,octagram
1537,57.47084003303286,41.10774878873061,8350,4,stroke_kai
1538,65.35480011698394,6.024178152306308,3031,0,outer_ring
1539,48.262306187889706,6.8543490811103,1709,0,outer_ring
1540,69.05010942928104,7.06667012260159,3140,0,outer_ring
1541,48.78162687935228,16.069885988825742,10961,5,text_en_1919
1542,51.405690132675325,5.946709937999466,1953,0,outer_ring
1543,60.265324127359136,7.167266704775811,2746,0,outer_ring
1544,58.99240970747263,6.745179048691413,2653,0,outer_ring
1545,65.36030003998496,35.12871781628886,8536,4,stroke_kai
1546,65.49647016364803,36.2510418211494,8522,4,stroke_kai
1547,74.25626341751624,10.590415314136735,3212,0,outer_ring
1548,64.2059523177322,6.601022591338182,2989,0,outer_ring
1549,67.53142034956376,7.356975492463522,3110,0,outer_ring
1550,85.7761587645672,49.34709351565411,10293,5,text_en_1919
1551,76.0031926899193,64.11827425152951,3351,1,inner_ring
1552,76.58451988552565,43.16581754933039,6375,2,octagram
1553,77.0524752535613,35.08847136595254,6266,2,octagram
1554,54.77056206289752,4.2264617088510015,2240,0,outer_ring
1555,74.50447699360285,26.847995852146468,4267,1,inner_ring
1556,49.955642383990835,44.7629910685805,7195,3,stroke_nan
1557,53.64789986150686,5.8596804283165564,2146,0,outer_ring
1558,80.21135134507013,58.83320979927305,4424,2,octagram
1559,54.2887921813293,89.12265201310208,295,0,outer_ring
1560,39.9255232611625,86.42907107236063,1195,0,outer_ring
1561,45.2681689735906,86.97727673402952,938,0,outer_ring
1562,45.56150245798715,88.85112100134532,897,0,outer_ring
1563,49.05779196947477,89.62602620539361,636,0,outer_ring
1564,41.70927831794803,87.74020685115059,1111,0,outer_ring
1565,47.63537241917265,65.50491551776119,4908,2,octagram
1566,42.90083024884374,50.20698512292041,6997,3,stroke_nan
1567,55.99983883568585,7.290495353918623,2371,0,outer_ring
1568,28.0857595131198,36.63948802408319,5506,2,octagram
1569,61.41501736272983,73.56231416628059,4723,2,octagram
1570,38.86051617919116,34.63623451947998,5616,2,octagram
1571,34.69641943257208,27.186778419323634,3975,1,inner_ring
1572,39.62633020366132,50.2330509857365,6949,3,stroke_nan
1573,18.920002205196546,39.09535206567676,10712,5,text_en_1919
1574,15.345207095736498,50.51178820476758,10209,5,text_en_1919
1575,44.228516416505876,36.26723055002537,5639,2,octagram
1576,35.47746802335738,22.995789124815794,4001,1,inner_ring
1577,26.85944322333242,62.747697867101905,9739,5,text_en_1919
1578,27.274307506218296,40.39464907637094,3877,1,inner_ring
1579,56.33023495036155,40.00342561736052,8403,4,stroke_kai
1580,44.92259420941903,88.2990523769075,943,0,outer_ring
1581,51.203818165616006,49.97023926286966,6986,3,stroke_nan
1582,39.6828475038019,63.450394426112716,5083,2,octagram
1583,51.65155987971861,4.7560113084359195,1981,0,outer_ring
1584,36.38596421471251,60.4236115980454,5151,2,octagram
1585,59.30918156909238,60.66748501149837,7608,4,stroke_kai
1586,62.10881089015852,58.079449345292964,7695,4,stroke_kai
1587,60.53425654358777,79.2123416874167,9112,5,text_en_1919
1588,52.91846262996846,81.01977742004598,8929,5,text_en_1919
1589,38.95049953461363,86.38073211787338,1222,0,outer_ring
1590,75.84160973010904,48.71809808502963,6461,2,octagram
1591,80.67325882493017,40.3167846125864,4366,1,inner_ring
1592,47.759259571785684,53.179635997518744,6829,3,stroke_nan
1593,61.22762327070201,6.6997324031303656,2812,0,outer_ring
1594,49.278099604291434,53.83026358893791,6817,3,stroke_nan
1595,58.02126602505328,45.64049778245064,8143,4,stroke_kai
1596,49.878474151174785,81.11614075693063,8947,5,text_en_1919
1597,56.179215796295296,6.40932068361643,2389,0,outer_ring
1598,42.98148003681594,29.460969997071917,5706,2,octagram
1599,48.05201769716054,80.8080261174437,8957,5,text_en_1919
1600,51.068190902137154,5.1885116444061685,1917,0,outer_ring
1601,39.15632836021889,33.59120404127675,5620,2,octagram
1602,29.47445472359802,55.026048598077686,5268,2,octagram
1603,54.269990911744884,15.270206464570096,11109,5,text_en_1919
1604,33.40979059382449,49.70372616479431,5341,2,octagram
1605,32.61034807431053,43.37362734027218,5414,2,octagram
1606,48.036815618490095,36.280994615607575,7519,3,stroke_nan
1607,41.568940549748596,7.026159041843072,1513,0,outer_ring
1608,55.33068460132564,6.290756111338577,2293,0,outer_ring
1609,46.70407079711105,20.229947208064633,4073,1,inner_ring
1610,40.69168728099286,30.951818448208172,5680,2,octagram
1611,46.08951584018734,44.0118251163563,7274,3,stroke_nan
1612,61.30151521018063,24.494255368084115,6011,2,octagram
1613,68.86504006996246,15.434458166469199,11091,5,text_en_1919
1614,48.37181510863701,53.5748796891111,6787,3,stroke_nan
1615,60.20189615164861,24.643998981975056,5998,2,octagram
1616,60.63935942096771,37.187833385624664,8490,4,stroke_kai
1617,67.79794645469656,16.37664613523881,11028,5,text_en_1919
1618,45.732839679465584,6.117249048894701,1616,0,outer_ring
1619,55.03427226557028,90.72968442381637,254,0,outer_ring
1620,43.74115449372849,88.49133691249553,1006,0,outer_ring
1621,67.50349914832879,17.283640189447844,10944,5,text_en_1919
1622,49.43893629491142,89.05900573417078,608,0,outer_ring
1623,75.098765096479,36.59064540050248,6248,2,octagram
1624,90.2736930484985,47.97041982556389,10374,5,text_en_1919
1625,88.01384107190556,60.514178411016374,9815,5,text_en_1919
1626,42.19382465865159,68.79956542414172,5018,2,octagram
1627,24.050151233989148,76.21148144390605,1382,0,outer_ring
1628,40.096779464135686,86.9450462766109,1180,0,outer_ring
1629,48.07719887577174,75.04153850253074,3567,1,inner_ring
1630,45.515124358185865,90.00179250129554,884,0,outer_ring
1631,30.969154826471545,84.11460557720297,1350,0,outer_ring
1632,47.788589820781155,89.41649622700248,729,0,outer_ring
1633,42.33245584549832,87.73207496524574,1084,0,outer_ring
1634,58.39439287227517,80.90773465183379,8964,5,text_en_1919
1635,52.7249038929302,44.05622108512912,7216,3,stroke_nan
1636,40.512303429514276,64.3030761086169,5064,2,octagram
1637,20.966683204025234,36.51338543649863,10781,5,text_en_1919
1638,45.2976643521024,55.40839536870011,6733,3,stroke_nan
1639,29.440264591233483,55.40108892685797,5263,2,octagram
1640,42.91447784005173,87.57004745105841,1062,0,outer_ring
1641,65.85823147394508,61.88874515807986,7620,4,stroke_kai
1642,46.911532189820996,89.19692976222923,797,0,outer_ring
1643,59.29684531646233,75.57740621727758,3488,1,inner_ring
1644,75.5359732557112,77.73306279172493,9294,5,text_en_1919
1645,59.77957461090857,55.575341014841676,7773,4,stroke_kai
1646,63.14549149859093,52.146240385125346,7905,4,stroke_kai
1647,52.59115086971243,78.91069950290773,9152,5,text_en_1919
1648,43.5061236069321,74.502813926869,3597,1,inner_ring
1649,76.03286653713488,47.973829507034985,6431,2,octagram
1650,60.5254348467896,90.03865295399196,72,0,outer_ring
1651,45.31036782962449,43.63871954024775,7319,3,stroke_nan
1652,78.05778617337833,62.59907434231471,3336,1,inner_ring
1653,65.90100583428082,75.14278585643648,3447,1,inner_ring
1654,93.18019756524568,55.1603729625637,10017,5,text_en_1919
1655,60.68641184452304,60.86807458141443,7596,4,stroke_kai
1656,90.54285968843841,54.51583966936809,10040,5,text_en_1919
1657,85.14976394217858,67.4162937049992,9548,5,text_en_1919
1658,92.75307631026998,43.273459359109516,10550,5,text_en_1919
1659,77.52969151311845,52.914808129118,6520,2,octagram
1660,40.47319226044392,64.0837326557779,5070,2,octagram
1661,84.93091646682971,51.49463833597619,10137,5,text_en_1919
1662,80.63029416382983,35.48003785118809,4339,1,inner_ring
1663,46.07602650260873,86.71253496992225,890,0,outer_ring
1664,89.02688141638956,54.5243091433928,10055,5,text_en_1919
1665,88.64876369488869,64.54809906339152,9708,5,text_en_1919
1666,79.3816806846247,57.812293352728,4431,2,octagram
1667,55.04914050984502,65.45757940475956,4822,2,octagram
1668,77.63172379421708,35.035434258343905,6274,2,octagram
1669,64.24880151817152,22.51937629616959,6038,2,octagram
1670,52.81479125205557,6.277258695097976,2062,0,outer_ring
1671,49.85483093568424,7.2007053795231055,1812,0,outer_ring
1672,37.31915846938187,33.47380286659208,5603,2,octagram
1673,56.34541385825707,37.37648127139247,8495,4,stroke_kai
1674,41.2249064992029,4.587855642163645,1519,0,outer_ring
1675,48.511518287421495,34.731518917770295,7568,3,stroke_nan
1676,56.65003773775815,28.248052126148178,8570,4,stroke_kai
1677,61.295253374915,21.505058013441175,4171,1,inner_ring
1678,47.02075859961226,55.80583150889859,6704,3,stroke_nan
1679,53.84533790193436,4.527438662145297,2166,0,outer_ring
1680,48.93428507474412,49.91545803321368,6951,3,stroke_nan
1681,49.079169726860016,6.133106460046198,1763,0,outer_ring
1682,38.02269330648048,34.46202196420081,5601,2,octagram
1683,52.97254261244516,7.575811829359646,2076,0,outer_ring
1684,60.61443546076216,25.02377257707818,5997,2,octagram
1685,58.31169249872879,6.8855526742469,2596,0,outer_ring
1686,61.483067585493124,13.307491266918712,11157,5,text_en_1919
1687,53.389976931977124,5.067520002168195,2127,0,outer_ring
1688,67.87355054199783,27.92981112393777,6119,2,octagram
1689,60.99144096236617,44.421892090918746,8226,4,stroke_kai
1690,59.01879284474781,5.5041719244815805,2640,0,outer_ring
1691,58.517917188328816,6.536107783227603,2612,0,outer_ring
1692,65.31226302444254,8.155782449432191,3051,0,outer_ring
1693,90.30447141308858,47.5938999174635,10431,5,text_en_1919
1694,80.07272422606115,64.68621167144161,9704,5,text_en_1919
1695,49.924924369775,6.262569872211862,1823,0,outer_ring
1696,48.81105215287798,15.072028930428596,10975,5,text_en_1919
1697,80.92918488661293,41.532756344831526,4375,1,inner_ring
1698,53.351404696795946,6.795956391085812,2119,0,outer_ring
1699,54.874845195183354,50.590163315312466,7843,4,stroke_kai
1700,60.31723053608728,58.84937536068431,7701,4,stroke_kai
1701,42.59411661233554,87.83438673556827,1074,0,outer_ring
1702,50.41522513396938,87.33521875296138,551,0,outer_ring
1703,54.22378323028403,88.34301751658083,299,0,outer_ring
1704,69.69996507673677,71.83558395955258,3417,1,inner_ring
1705,47.15747282067484,87.45685211836489,801,0,outer_ring
1706,43.96179737926603,82.68200136204284,8798,5,text_en_1919
1707,50.82888229614514,87.24691175790481,516,0,outer_ring
1708,48.23174266168018,51.79852316566881,6890,3,stroke_nan
1709,50.49144619181348,88.31827182665192,535,0,outer_ring
1710,41.79430183208588,86.98896708417861,1116,0,outer_ring
1711,21.087360832559867,61.20847200569665,9791,5,text_en_1919
1712,26.803901299128153,58.55969295928788,3750,1,inner_ring
1713,35.01699194799682,69.84446647815811,3661,1,inner_ring
1714,16.82862075723614,58.37672105153947,9952,5,text_en_1919
1715,27.252296753304936,37.14039815990017,3896,1,inner_ring
1716,15.13320899764556,41.78756672432518,10621,5,text_en_1919
1717,32.83093178884807,44.79875283840998,5392,2,octagram
1718,30.048966972911444,57.87831615823182,5217,2,octagram
1719,23.811090267347208,55.51105899380039,10015,5,text_en_1919
1720,49.82003982363715,53.88410270776095,6798,3,stroke_nan
1721,33.515964277495705,47.40691641402057,5377,2,octagram
1722,51.592784674900756,89.06409223580648,451,0,outer_ring
1723,46.00570299618492,42.49061204308895,7343,3,stroke_nan
1724,41.39713530230561,28.854664207275395,5705,2,octagram
1725,41.3852135373792,57.50405041590195,6666,3,stroke_nan
1726,50.54288358682391,59.022954167626615,6620,3,stroke_nan
1727,52.137708141534816,91.1228682478733,415,0,outer_ring
1728,75.05367000606215,44.448483653633616,6400,2,octagram
1729,52.37478680246119,89.96769635965599,409,0,outer_ring
1730,67.67280935187232,49.08939781208224,7993,4,stroke_kai
1731,46.91617050768643,78.10567215882965,9250,5,text_en_1919
1732,49.22484629863702,43.912188667627284,7255,3,stroke_nan
1733,43.575073355066316,88.5477110066347,1013,0,outer_ring
1734,74.91540303590949,44.20437149866259,6397,2,octagram
1735,55.40699417032705,68.9682648567964,4806,2,octagram
1736,22.685819202793674,66.02428538456071,9679,5,text_en_1919
1737,65.32189837053923,46.50349934213515,8156,4,stroke_kai
1738,46.67720061548008,5.641650806789755,1662,0,outer_ring
1739,46.85796056970176,22.740996954367187,5827,2,octagram
1740,54.91487896521751,5.816351734498752,2254,0,outer_ring
1741,50.69974110817951,38.26443428687194,7443,3,stroke_nan
1742,20.591521303680462,58.1566103355347,9946,5,text_en_1919
1743,39.443793904952635,40.973212129815444,7366,3,stroke_nan
1744,45.13642384093314,52.856847220060075,6815,3,stroke_nan
1745,48.578071686062025,43.04233474261511,7297,3,stroke_nan
1746,56.07372127150449,68.86426142953837,4800,2,octagram
1747,17.64980506349094,27.965567928834403,1408,0,outer_ring
1748,53.90406923615002,18.127946978268373,4120,1,inner_ring
1749,28.849209821105866,38.92825546412313,5481,2,octagram
1750,47.07410131298401,15.92396301338416,10937,5,text_en_1919
1751,58.43054890077266,14.78692348693925,11099,5,text_en_1919
1752,53.60934953790192,39.04326532404041,5906,2,octagram
1753,66.78529512720823,15.628167185160558,11044,5,text_en_1919
1754,54.41661925044171,13.316367596612949,11186,5,text_en_1919
1755,48.05683500769296,5.311597136765407,1710,0,outer_ring
1756,58.50524255243522,13.123375378036068,11220,5,text_en_1919
1757,39.03901297904233,10.851120423209661,1451,0,outer_ring
1758,61.09874172268309,6.020742094191336,2798,0,outer_ring
1759,57.931324756077984,5.734067741365924,2554,0,outer_ring
1760,83.6711039171698,60.11688583004751,9830,5,text_en_1919
1761,54.68863305215193,7.091399805053607,2232,0,outer_ring
1762,79.45330436457112,54.9645780305029,6544,2,octagram
1763,65.08683329277059,38.249712797597425,8447,4,stroke_kai
1764,43.39195423816476,73.49086215336996,4961,2,octagram
1765,64.99999249104398,36.6185670215095,8497,4,stroke_kai
1766,41.356337893858495,74.05392581735563,3608,1,inner_ring
1767,61.02294217962703,41.156615147781196,8369,4,stroke_kai
1768,49.07860252534948,89.40991182397431,638,0,outer_ring
1769,48.5097537095225,89.30043143726729,682,0,outer_ring
1770,57.91245347232833,84.79258478224605,8618,5,text_en_1919
1771,40.57438042361178,86.00535923724716,1176,0,outer_ring
1772,57.45731824984543,90.53239504341444,153,0,outer_ring
1773,35.83632962695376,68.7063336676492,3664,1,inner_ring
1774,40.71253744147322,88.49451924839678,1140,0,outer_ring
1775,45.70340632065334,56.2473321297891,6697,3,stroke_nan
1776,52.37553392572231,90.70874685903333,408,0,outer_ring
1777,42.36027322677028,87.84830836826983,1080,0,outer_ring
1778,55.499904203502616,89.82705374296569,228,0,outer_ring
1779,22.246417043500102,55.97041525714228,9998,5,text_en_1919
1780,31.3722785196851,58.44598254040469,5204,2,octagram
1781,19.07382737073428,41.147134954418775,10630,5,text_en_1919
1782,40.89135476845797,87.8589082959633,1142,0,outer_ring
1783,57.48588161535295,90.6846467984854,151,0,outer_ring
1784,48.90991797498374,90.68221088900495,640,0,outer_ring
1785,62.86055525331721,47.86712527988214,8063,4,stroke_kai
1786,42.5375153289328,88.35491529431947,1073,0,outer_ring
1787,58.89482587690797,82.11293698805453,8873,5,text_en_1919
1788,54.86539556656173,84.75721726241086,8611,5,text_en_1919
1789,85.0552315657758,67.23040528148034,9574,5,text_en_1919
1790,51.43454799577279,90.74277468049979,459,0,outer_ring
1791,50.82526101956585,93.1422163373126,484,0,outer_ring
1792,66.15684431273478,70.29458385529178,4643,2,octagram
1793,72.96155289509687,54.361661064141906,6506,2,octagram
1794,74.63908768807154,59.609276242588734,4487,2,octagram
1795,74.3576075998796,50.11022795291455,6479,2,octagram
1796,80.36038711083208,65.5172097444422,9687,5,text_en_1919
1797,74.63367764079138,58.38550863558798,4478,2,octagram
1798,75.86346996626509,67.69227207141753,3366,1,inner_ring
1799,60.725815127256645,71.33498885764702,4743,2,octagram
1800,90.10971388287227,60.64263350679605,9809,5,text_en_1919
1801,55.053439950785666,53.925209376171296,7796,4,stroke_kai
1802,51.76444804290599,51.03869029102636,6931,3,stroke_nan
1803,51.50133706185595,17.56450463509083,4101,1,inner_ring
1804,73.61394248711846,36.02977470030262,6227,2,octagram
1805,76.13211458019272,29.627956656105134,4287,1,inner_ring
1806,63.80449542833861,43.62212242136918,8269,4,stroke_kai
1807,74.53131499487866,29.112045027419427,4280,1,inner_ring
1808,85.51370124154953,60.9280704052395,9793,5,text_en_1919
1809,59.14773350037908,44.88799254901031,8185,4,stroke_kai
1810,68.92679044211856,56.102156838361104,7740,4,stroke_kai
1811,54.3455576177021,67.95266949498244,4819,2,octagram
1812,51.71221851784379,36.79868527385428,7482,3,stroke_nan
1813,65.53837218973246,21.307943618940623,4199,1,inner_ring
1814,90.0716386752438,25.99305137008975,3225,0,outer_ring
1815,67.8186429415644,10.347270183579232,3137,0,outer_ring
1816,63.74587614489807,21.666788206332075,6039,2,octagram
1817,55.38490322486358,6.63459792961419,2306,0,outer_ring
1818,51.05367437639511,43.44661991309355,7231,3,stroke_nan
1819,49.54732770347432,5.257118682767194,1804,0,outer_ring
1820,45.07351611721431,15.051780003069526,11012,5,text_en_1919
1821,56.88364968242005,4.6477007131305275,2442,0,outer_ring
1822,61.154546565368236,5.35050206953939,2796,0,outer_ring
1823,77.17826191475794,11.67876919238716,3219,0,outer_ring
1824,38.4436191301313,21.833940608487506,10858,5,text_en_1919
1825,53.180868231755504,6.080735811509,2106,0,outer_ring
1826,56.25175469074769,4.864702726049858,2390,0,outer_ring
1827,67.97187288627295,16.11511434051368,11021,5,text_en_1919
1828,71.32781580047235,10.293195625565357,3186,0,outer_ring
1829,71.37168808719137,9.93202872505724,3184,0,outer_ring
1830,64.9606690614093,36.87151206191007,8487,4,stroke_kai
1831,65.05160200561343,7.772049424548548,3038,0,outer_ring
1832,77.92892107287614,35.75479500824833,6279,2,octagram
1833,57.68213175966466,6.827196897469019,2536,0,outer_ring
1834,66.13815364165563,6.377681792722832,3061,0,outer_ring
1835,68.51664551050405,27.827110003729683,6121,2,octagram
1836,87.10099759936773,62.61953168089041,9761,5,text_en_1919
1837,67.97386623127471,31.122126947871887,6155,2,octagram
1838,60.54248234261108,24.571319561718884,6000,2,octagram
1839,87.33800690376768,46.575364584729385,10461,5,text_en_1919
1840,47.04885473063199,5.811583508553835,1672,0,outer_ring
1841,53.976634440782775,6.943536696246984,2176,0,outer_ring
1842,74.28557764199951,66.04366386247328,3365,1,inner_ring
1843,59.27511859865107,90.3410935329587,91,0,outer_ring
1844,52.359433943890416,89.71910555745114,410,0,outer_ring
1845,28.101645391539137,58.37080864375466,5234,2,octagram
1846,35.113038430114145,85.30461036504512,1307,0,outer_ring
1847,39.01573971577924,71.65393411605268,3632,1,inner_ring
1848,56.095023111565865,90.60780383451305,204,0,outer_ring
1849,37.630758414555565,86.62998773149323,1252,0,outer_ring
1850,30.924959326801265,45.37757813410903,5399,2,octagram
1851,31.820811768727765,59.37838835201143,5196,2,octagram
1852,47.96607175998161,77.91695807757941,9252,5,text_en_1919
1853,21.18071919067423,51.52177307720014,10158,5,text_en_1919
1854,18.30472042172673,37.42056931302928,10768,5,text_en_1919
1855,25.11548190047001,46.032841145661635,3834,1,inner_ring
1856,19.80582617526293,37.4586708132272,10762,5,text_en_1919
1857,23.20884681757867,56.37429531349186,10006,5,text_en_1919
1858,16.26966447619613,43.41932370554517,10589,5,text_en_1919
1859,23.657121349433243,38.243956862985634,10732,5,text_en_1919
1860,26.105902020784626,40.58434256719477,3872,1,inner_ring
1861,30.223785445244786,68.26449865814972,9583,5,text_en_1919
1862,26.487139780393612,43.0814722335875,3857,1,inner_ring
1863,33.141729441088074,31.489332456596408,3944,1,inner_ring
1864,46.72327665508761,37.725881981383715,7485,3,stroke_nan
1865,42.82417675156015,24.39183931714238,5754,2,octagram
1866,51.07246230624307,56.55156500826056,6721,3,stroke_nan
1867,45.408234000103086,23.148498187470267,5813,2,octagram
1868,58.81066219444696,77.64085601965013,9231,5,text_en_1919
1869,52.871749239966626,89.68115652859068,379,0,outer_ring
1870,78.31635533509655,42.84911854762264,6361,2,octagram
1871,55.97991057855405,90.77923603506439,209,0,outer_ring
1872,49.46896110879013,83.2799286227024,8656,5,text_en_1919
1873,73.59171198638073,72.9172232287133,9426,5,text_en_1919
1874,57.439348297026,16.862379588098506,10997,5,text_en_1919
1875,58.924343772295394,87.88799179351432,8594,5,text_en_1919
1876,46.51525681770457,36.497374945522445,7509,3,stroke_nan
1877,63.78948896695386,6.945787832128072,2974,0,outer_ring
1878,50.86949227517134,89.94010646771719,495,0,outer_ring
1879,60.16240220785969,74.16975902656442,3478,1,inner_ring
1880,55.086495044339635,6.136921508421295,2272,0,outer_ring
1881,38.82201994741987,7.730594233738892,1465,0,outer_ring
1882,73.10328778312501,48.852387564558185,6452,2,octagram
1883,48.76205567335251,8.602856774454112,11338,5,text_en_1919
1884,33.94781980505679,36.251629737853186,5560,2,octagram
1885,28.20260361683878,26.370286707296902,10821,5,text_en_1919
1886,19.338596439701853,26.304668901682444,1409,0,outer_ring
1887,47.639269656206935,49.63269332060254,6979,3,stroke_nan
1888,26.88782379004072,49.70479742521515,3807,1,inner_ring
1889,16.74989607843887,42.040420240770715,10628,5,text_en_1919
1890,29.371987047043763,35.8345593336613,5514,2,octagram
1891,16.321628207800448,43.213408169978315,10598,5,text_en_1919
1892,45.10725970643895,45.68096025957658,7162,3,stroke_nan
1893,45.981016086284164,19.81410539170542,4067,1,inner_ring
1894,55.999146484503775,6.531029364249036,2366,0,outer_ring
1895,66.60026730675735,25.692999828736607,6095,2,octagram
1896,57.64443843253101,13.436515959614306,11232,5,text_en_1919
1897,66.2547158177463,26.892606450465376,6104,2,octagram
1898,64.32630024257888,41.58257044388359,8329,4,stroke_kai
1899,60.51099564274521,5.285567534774798,2744,0,outer_ring
1900,52.00195231424844,37.80014862901541,7455,3,stroke_nan
1901,62.54026251086745,39.74690940579242,8395,4,stroke_kai
1902,59.8588745010263,26.503829299849826,5984,2,octagram
1903,56.600352305163575,6.828560104437509,2432,0,outer_ring
1904,75.35072270452459,47.595677093667376,6429,2,octagram
1905,80.40360152626185,76.02089158779478,9359,5,text_en_1919
1906,88.86140948004758,47.6472449275227,10411,5,text_en_1919
1907,51.59822998105529,90.44067023249731,446,0,outer_ring
1908,54.61538954523319,89.7075169528168,275,0,outer_ring
1909,40.73793074744929,72.44470828374607,3619,1,inner_ring
1910,48.17100239354929,82.45608247294905,8787,5,text_en_1919
1911,44.54381785405668,87.44070336709791,975,0,outer_ring
1912,46.07556158240908,87.79153250430497,873,0,outer_ring
1913,44.636341037421815,88.10454795629835,962,0,outer_ring
1914,68.70911119346569,83.57160085895225,8810,5,text_en_1919
1915,46.18910319775842,89.58578593356211,849,0,outer_ring
1916,66.68318632466415,90.84317843693483,16,0,outer_ring
1917,44.9777933388716,74.94018198321814,3584,1,inner_ring
1918,47.6267617338489,70.68788500035794,4912,2,octagram
1919,57.39228833252071,66.81368138227663,7582,4,stroke_kai
1920,30.62232420427075,70.39179930463214,9491,5,text_en_1919
1921,41.719645727336605,57.148070417231864,6672,3,stroke_nan
1922,35.24756363789171,89.60376184860642,1273,0,outer_ring
1923,47.611022072064976,71.41578985698649,4918,2,octagram
1924,49.40775772153399,90.86218895029614,589,0,outer_ring
1925,62.219309972222945,74.07658733312611,3463,1,inner_ring
1926,43.723032262306404,87.13485787238926,1026,0,outer_ring
1927,63.5199883827535,88.18701383185751,31,0,outer_ring
1928,54.51018313030805,81.07720828505099,8918,5,text_en_1919
1929,58.176673210530936,83.65451569755567,8696,5,text_en_1919
1930,66.03092246099789,77.8415336075915,9302,5,text_en_1919
1931,55.90845655244771,46.57422988311339,8135,4,stroke_kai
1932,56.61744312069762,45.889687735507,8131,4,stroke_kai
1933,50.54158991427106,71.28295615753876,4870,2,octagram
1934,58.49693094885769,48.644875096308155,8040,4,stroke_kai
1935,63.903763462510184,73.62505879375274,4694,2,octagram
1936,91.93656549723767,43.18054162879035,10554,5,text_en_1919
1937,53.64177648040738,80.29828637976173,9000,5,text_en_1919
1938,78.35559314663085,67.33457272651394,9561,5,text_en_1919
1939,86.76062858997572,48.382592061819274,10366,5,text_en_1919
1940,79.49127687037674,62.34016859298217,3330,1,inner_ring
1941,79.74247690567152,61.45585158792086,3325,1,inner_ring
1942,77.73225717009332,53.2786648730481,6522,2,octagram
1943,66.90075676284773,58.43725261124596,7662,4,stroke_kai
1944,41.11037308439644,16.7896381858273,11061,5,text_en_1919
1945,52.13424394799372,41.58032653692646,7391,3,stroke_nan
1946,66.96658968873604,73.63740756922633,3437,1,inner_ring
1947,85.03167957271329,60.393224372778036,9806,5,text_en_1919
1948,85.33526687936732,41.619666711826234,10664,5,text_en_1919
1949,90.42957399329963,36.725497961642326,10760,5,text_en_1919
1950,88.45774207987662,46.19554763090934,10463,5,text_en_1919
1951,92.09645229186272,51.18707581229917,10176,5,text_en_1919
1952,64.34659969237957,44.86212759028118,8232,4,stroke_kai
1953,52.50770042551914,15.86042516999892,11063,5,text_en_1919
1954,60.18645673508451,25.25116176703251,5995,2,octagram
1955,71.3775462276425,34.60180770641337,6206,2,octagram
1956,54.43727029570138,5.219360657316461,2211,0,outer_ring
1957,49.07834021000717,15.731772061555214,10976,5,text_en_1919
1958,61.26624452089611,7.072933386922346,2818,0,outer_ring
1959,55.09595552682238,5.839714150577089,2273,0,outer_ring
1960,62.59839756394403,6.941646658548545,2905,0,outer_ring
1961,47.60251193321793,13.364965707078548,11183,5,text_en_1919
1962,52.365620577747585,6.995117159174477,2024,0,outer_ring
1963,48.873745196269496,8.10941081036402,11345,5,text_en_1919
1964,63.50950400464609,5.06356167686053,2933,0,outer_ring
1965,81.61535588274897,23.713913144422808,10854,5,text_en_1919
1966,63.682876799639175,7.302572494193412,2972,0,outer_ring
1967,48.447086392396535,14.364506780705717,11013,5,text_en_1919
1968,52.668478069474034,40.318993610090324,7424,3,stroke_nan
1969,46.339811556461086,13.548999720556953,11105,5,text_en_1919
1970,54.832468785148905,6.331214312036257,2248,0,outer_ring
1971,61.7658702371459,17.151505360763792,10957,5,text_en_1919
1972,47.297212140814175,12.980004815945344,11201,5,text_en_1919
1973,61.706645945981734,44.32041116639903,8243,4,stroke_kai
1974,69.88872865815912,33.92904194198558,6191,2,octagram
1975,68.1259530488684,9.18157056505544,3136,0,outer_ring
1976,51.37908943548428,16.11920779725701,11096,5,text_en_1919
1977,92.6370551039818,46.97369467562764,10482,5,text_en_1919
1978,54.04736909370418,4.858467747147255,2181,0,outer_ring
1979,64.82128600403078,42.53696617254967,8313,4,stroke_kai
1980,62.76322335456057,5.80689825591764,2901,0,outer_ring
1981,64.96719061243682,24.092745841455574,6067,2,octagram
1982,57.515111395891196,5.141148777247865,2509,0,outer_ring
1983,45.94894279745601,7.008753016360528,1620,0,outer_ring
1984,56.905124856391055,52.91737675887334,7880,4,stroke_kai
1985,35.38382511161712,81.53698260260751,1328,0,outer_ring
1986,52.72572510275126,80.97707499852869,8916,5,text_en_1919
1987,44.02411727240573,82.59104479147615,8811,5,text_en_1919
1988,39.07730266900506,71.52126511894356,3633,1,inner_ring
1989,68.63599982764661,80.32561493195546,9065,5,text_en_1919
1990,65.09344096842435,82.02015923355121,8921,5,text_en_1919
1991,44.5910266134504,87.5976611369746,971,0,outer_ring
1992,25.554062901147066,70.93305393365783,9457,5,text_en_1919
1993,29.261561272704675,76.01919967946795,9335,5,text_en_1919
1994,41.73040467110798,70.37951841018754,5002,2,octagram
1995,22.70310988716661,45.77196514809616,10521,5,text_en_1919
1996,47.12251321614967,42.051323556413436,7313,3,stroke_nan
1997,28.96356488418805,65.32726431088611,9657,5,text_en_1919
1998,47.20766489090247,41.05801874610474,7380,3,stroke_nan
1999,31.82374637530302,29.14303506400029,3951,1,inner_ring
2000,30.508882563572328,33.18661025181619,3925,1,inner_ring
2001,33.96431304029326,36.62045516967699,5557,2,octagram
2002,28.968346566251896,37.90871026444645,5490,2,octagram
2003,26.391341128942646,67.30723553969715,9600,5,text_en_1919
2004,14.646595032429062,42.907565180228644,10606,5,text_en_1919
2005,59.89631514093943,46.849777951790934,8116,4,stroke_kai
2006,25.923067999416485,51.70742199614498,3799,1,inner_ring
2007,57.6641752968447,88.49237595168609,135,0,outer_ring
2008,33.809982918762984,36.943856199610565,5555,2,octagram
2009,55.82497215484622,76.22560187547766,3516,1,inner_ring
2010,52.80524139547429,79.64373650524675,9107,5,text_en_1919
2011,32.299207576429964,82.44734417267257,1347,0,outer_ring
2012,41.86588997376854,88.75292036822452,1094,0,outer_ring
2013,55.314032802239815,50.640206223078735,7847,4,stroke_kai
2014,57.223060069306285,49.67404396054633,7975,4,stroke_kai
2015,56.52053007631265,84.53605026215514,8584,5,text_en_1919
2016,45.16322870187461,89.47308929591843,910,0,outer_ring
2017,46.053597444407444,59.931400672694636,6597,3,stroke_nan
2018,52.25855139945026,81.14031143016895,8892,5,text_en_1919
2019,43.37974113013917,22.725061811030738,5778,2,octagram
2020,60.2579713743762,78.86934361782282,9178,5,text_en_1919
2021,72.73447085114017,46.57852620017758,6436,2,octagram
2022,43.93301471244015,49.25605812922138,7007,3,stroke_nan
2023,66.62876243367675,72.79815794764303,3436,1,inner_ring
2024,45.03484287567033,22.254011201495665,5805,2,octagram
2025,50.77956515208636,49.323336631165915,7011,3,stroke_nan
2026,33.007001000554155,10.945890440470228,1425,0,outer_ring
2027,56.08488440660147,41.968582365637836,8362,4,stroke_kai
2028,39.5239524161643,7.292530491891285,1472,0,outer_ring
2029,57.03374798700338,45.42548081962269,8177,4,stroke_kai
2030,27.126639642424784,51.35219328020789,3802,1,inner_ring
2031,43.506342710171324,23.993445844539348,5761,2,octagram
2032,42.99383213044621,56.811833962231375,6710,3,stroke_nan
2033,27.17481300988802,51.95103336908054,3796,1,inner_ring
2034,49.45446082437012,24.22763471319667,5859,2,octagram
2035,36.657947428645315,42.96828596951048,7340,3,stroke_nan
2036,48.46078178944457,13.4467100656815,11192,5,text_en_1919
2037,62.49164990408098,7.436733972898338,2904,0,outer_ring
2038,54.11149880240838,5.111225989577286,2186,0,outer_ring
2039,48.20484526011635,41.423365943877,7321,3,stroke_nan
2040,44.955493367236414,26.74372000224654,5735,2,octagram
2041,44.89937045239905,21.970007770602617,5799,2,octagram
2042,82.53809576597074,47.93901041851869,3228,1,inner_ring
2043,85.81545853784291,53.26228646471087,10123,5,text_en_1919
2044,52.230977019411995,57.193289137649586,6641,3,stroke_nan
2045,85.82847445772998,43.99936897675448,10644,5,text_en_1919
2046,88.60743302681747,47.07493574848069,10447,5,text_en_1919
2047,59.18063507386793,5.310389939304018,2655,0,outer_ring
2048,44.97005768909114,58.11898940379195,6649,3,stroke_nan
2049,62.6035377107905,89.93161774463829,45,0,outer_ring
2050,61.1267234200457,38.202632278292526,8460,4,stroke_kai
2051,65.85910687688435,86.38003976175162,8713,5,text_en_1919
2052,37.098295496596776,83.29155255303448,1294,0,outer_ring
2053,51.52675659385654,88.75718164134494,463,0,outer_ring
2054,45.04910039933878,89.32063012888496,917,0,outer_ring
2055,59.47323379618271,84.71918869626813,8661,5,text_en_1919
2056,40.63556673818899,86.78064397674086,1167,0,outer_ring
2057,43.88804248801955,73.37205595706077,4957,2,octagram
2058,54.03203013719069,75.74003443100987,9217,5,text_en_1919
2059,39.604151838210626,54.94614872893122,6801,3,stroke_nan
2060,48.973818427466746,89.54969771858603,646,0,outer_ring
2061,46.08534892924645,55.756912271771434,6734,3,stroke_nan
2062,42.50512303634814,73.1423694313808,4967,2,octagram
2063,53.266100112799045,45.06610938304009,7298,3,stroke_nan
2064,26.67886831707236,58.865925317571566,5231,2,octagram
2065,26.38443872124422,51.67971431058833,3798,1,inner_ring
2066,45.21448594143479,87.18839561942924,940,0,outer_ring
2067,36.59783340197131,85.65147439603905,1280,0,outer_ring
2068,53.17394576044493,89.67078058463636,358,0,outer_ring
2069,61.24398416350353,41.414806183198664,8356,4,stroke_kai
2070,62.406182057641395,81.11618549582096,8955,5,text_en_1919
2071,67.57214955074016,86.99301187993716,11,0,outer_ring
2072,52.872634292694556,83.21580014540467,8736,5,text_en_1919
2073,63.07960543776385,83.9095977898687,8721,5,text_en_1919
2074,58.37558294437378,43.4902166825231,8262,4,stroke_kai
2075,78.10400280971895,60.47485714503177,3324,1,inner_ring
2076,60.341694484851615,42.926152860277305,8257,4,stroke_kai
2077,86.50764413277471,46.58116551369185,10458,5,text_en_1919
2078,76.22334731086907,43.875010794339865,6383,2,octagram
2079,82.12172647230786,65.89640515850175,9673,5,text_en_1919
2080,56.23770992565574,54.191449700855564,7802,4,stroke_kai
2081,76.85683965444956,70.3043798348236,9468,5,text_en_1919
2082,78.32939644141157,60.105671980878,4450,2,octagram
2083,59.079204256392075,52.75953712539091,7924,4,stroke_kai
2084,79.94389976460455,61.14112382760872,3321,1,inner_ring
2085,67.80248128467099,63.433646679847556,4569,2,octagram
2086,64.79972982881404,18.176301756275386,10899,5,text_en_1919
2087,70.79596016352492,26.08147732037913,4245,1,inner_ring
2088,45.642434587652076,35.32442784738312,7544,3,stroke_nan
2089,87.04256074591108,47.29566660716877,10424,5,text_en_1919
2090,72.83466874441856,47.52801694756781,6444,2,octagram
2091,76.61420090937713,53.13645829133161,6516,2,octagram
2092,81.52401598203421,54.13546289012913,3270,1,inner_ring
2093,64.70854891891749,74.194232827355,4691,2,octagram
2094,60.690292825075154,41.71161038472461,8345,4,stroke_kai
2095,88.29276466759275,46.880882079582875,10446,5,text_en_1919
2096,84.31206520455113,58.23299409141477,9902,5,text_en_1919
2097,58.606046052451546,29.37434546634917,5965,2,octagram
2098,54.144993954823335,5.751348227794588,2187,0,outer_ring
2099,54.45670462887188,6.196764709571169,2214,0,outer_ring
2100,81.0207069343987,23.74728882431093,10850,5,text_en_1919
2101,61.842075461500414,6.14269798349879,2840,0,outer_ring
2102,51.82663179496301,6.815990391666738,1985,0,outer_ring
2103,58.97952820349345,48.59044617652342,8031,4,stroke_kai
2104,48.57612304206199,7.45219439223782,1722,0,outer_ring
2105,58.93682754694337,7.476688581194454,2657,0,outer_ring
2106,60.67767135483084,7.831034237783174,2784,0,outer_ring
2107,51.38216038628941,8.149892619595196,1931,0,outer_ring
2108,45.83399581603932,38.86568474589904,7453,3,stroke_nan
2109,52.39827916588155,52.53798984929666,6871,3,stroke_nan
2110,56.220026736388135,6.358953529137901,2394,0,outer_ring
2111,43.42941297820097,7.0153214078132775,1545,0,outer_ring
2112,59.74044825582157,22.558344733955217,4157,1,inner_ring
2113,56.544658331118164,5.819064461898333,2421,0,outer_ring
2114,57.75913091109831,3.995525485906197,2524,0,outer_ring
2115,78.78226916305258,37.07325304976605,6297,2,octagram
2116,49.294473253653116,4.899667892665396,1786,0,outer_ring
2117,80.29649699302381,34.513211389480595,4330,1,inner_ring
2118,60.010666475650076,37.8419660851609,8491,4,stroke_kai
2119,83.63264865513364,61.28295197875808,9779,5,text_en_1919
2120,75.37070126691616,69.89346219307865,9471,5,text_en_1919
2121,63.622156446704814,46.24988433393217,8160,4,stroke_kai
2122,41.489483208506286,32.0194369129631,5668,2,octagram
2123,63.429987178639806,6.571832008030249,2946,0,outer_ring
2124,57.63932614258933,5.3553104120099375,2523,0,outer_ring
2125,46.93033463017128,39.36231863454503,7450,3,stroke_nan
2126,67.76415794502087,48.76968466652415,8044,4,stroke_kai
2127,50.76536195414694,91.22720772210255,496,0,outer_ring
2128,61.715383740912884,91.47584621074836,57,0,outer_ring
2129,53.40064071314202,82.89601706093951,8747,5,text_en_1919
2130,60.20371036293551,83.70519116417165,8751,5,text_en_1919
2131,58.58140434257593,85.22144854174967,8650,5,text_en_1919
2132,46.9299692049638,88.5412488590503,805,0,outer_ring
2133,45.93366322051654,72.71281825294358,4938,2,octagram
2134,48.32256220118941,56.69068439980735,6714,3,stroke_nan
2135,37.00073762130463,86.44771852472162,1266,0,outer_ring
2136,25.555655265414575,65.6638661655932,9689,5,text_en_1919
2137,42.716982622465984,71.13294431659475,4992,2,octagram
2138,26.270985138495927,69.24939991442993,9550,5,text_en_1919
2139,19.327497367153146,51.05928341751501,10178,5,text_en_1919
2140,33.921441840720064,35.551946850675066,5566,2,octagram
2141,23.566192565531193,69.96201840662388,9489,5,text_en_1919
2142,20.484365995594484,38.66803652832875,10742,5,text_en_1919
2143,39.494468576001594,46.456874552034286,7143,3,stroke_nan
2144,32.56938135594667,59.33639251885305,5193,2,octagram
2145,50.88785653952638,41.16149376892032,7334,3,stroke_nan
2146,30.75182858879278,55.26529850128236,5273,2,octagram
2147,42.18815062938868,24.574764448953886,5753,2,octagram
2148,44.37307700029064,46.10782843032714,7118,3,stroke_nan
2149,40.9243374981767,14.42450443451632,11199,5,text_en_1919
2150,40.5919768679501,52.69290220279149,6883,3,stroke_nan
2151,77.64694650657177,42.24343183689297,6364,2,octagram
2152,42.53507480598333,84.3449449156986,8733,5,text_en_1919
2153,50.453352050275136,77.73331172959902,9173,5,text_en_1919
2154,60.57479304060794,44.64050555801584,8203,4,stroke_kai
2155,52.06785798796398,56.635625831946086,6686,3,stroke_nan
2156,45.698900742677665,88.41834627678303,892,0,outer_ring
2157,61.97932773266102,58.3295175521569,7688,4,stroke_kai
2158,52.08749297157677,54.6159512211722,6810,3,stroke_nan
2159,49.40573367086508,70.38774313184763,4886,2,octagram
2160,54.37580675150594,42.897383225985564,5909,2,octagram
2161,54.86095628746296,34.06183021123215,5913,2,octagram
2162,43.219734929866775,22.7113737390062,4045,1,inner_ring
2163,20.11923291884653,58.82085047025814,9936,5,text_en_1919
2164,48.80176494842539,57.17386613673738,6684,3,stroke_nan
2165,44.11141745046979,22.242967599197996,4052,1,inner_ring
2166,60.36818397530313,6.2104070224133565,2743,0,outer_ring
2167,67.17523468975024,19.748637972805252,10860,5,text_en_1919
2168,50.2445779314692,16.577315297563928,10952,5,text_en_1919
2169,33.17365637050804,36.15073769124528,5550,2,octagram
2170,28.417433295675032,66.44214106245532,9633,5,text_en_1919
2171,38.026180464578125,9.120465372747105,1450,0,outer_ring
2172,42.99951094453113,52.63387153138455,6802,3,stroke_nan
2173,20.409566556214966,36.61843200175896,10777,5,text_en_1919
2174,39.118527213998284,33.186436722741725,5621,2,octagram
2175,25.1408559316272,51.003168992388815,3805,1,inner_ring
2176,67.67935021563561,29.265629778886666,6131,2,octagram
2177,57.40027478402748,5.540939426695847,2499,0,outer_ring
2178,45.82061145534833,18.463173949492173,4068,1,inner_ring
2179,56.38328368651979,14.171377111893257,11150,5,text_en_1919
2180,57.60117268137511,4.946161015167349,2518,0,outer_ring
2181,47.768184836211766,56.73929639796493,6657,3,stroke_nan
2182,45.46500078233871,36.06434271062743,7523,3,stroke_nan
2183,66.26261204798656,15.667901822813164,11068,5,text_en_1919
2184,75.71455365407581,48.35741541524694,6455,2,octagram
2185,62.78235446043006,45.45134308983522,8221,4,stroke_kai
2186,78.26885333060306,35.091644423214646,6287,2,octagram
2187,76.87808212897976,30.37639805814201,4293,1,inner_ring
2188,87.85031534415684,49.21554542890726,10332,5,text_en_1919
2189,79.22361287139555,64.13846293049673,9705,5,text_en_1919
2190,56.59696505403025,11.792047907026367,11299,5,text_en_1919
2191,44.146652851241676,45.638067108663535,7198,3,stroke_nan
2192,55.94557310429501,90.70685694563898,211,0,outer_ring
2193,59.78459312670123,76.62067487229385,3485,1,inner_ring
2194,37.75568215852911,61.486057932039145,5124,2,octagram
2195,32.804824558901366,77.29389223020712,9346,5,text_en_1919
2196,48.16823626553024,90.41638539384323,696,0,outer_ring
2197,52.85059747288161,88.55317027098765,382,0,outer_ring
2198,58.31064934738432,89.24409918743288,116,0,outer_ring
2199,48.766252423659495,90.12553931961222,659,0,outer_ring
2200,49.50127821608383,91.27718187817717,580,0,outer_ring
2201,54.22073583139405,88.64502374698435,300,0,outer_ring
2202,28.04368858089141,58.16937741414155,5236,2,octagram
2203,53.77239505244398,90.76281911386351,317,0,outer_ring
2204,49.8267878278771,89.02839477502967,572,0,outer_ring
2205,38.4809469912974,47.011825071087415,7088,3,stroke_nan
2206,29.427949126678207,66.34715714869253,9625,5,text_en_1919
2207,15.709883422475013,41.293966180721725,10646,5,text_en_1919
2208,67.10330961527274,82.96110491231431,8854,5,text_en_1919
2209,54.380502259242235,88.76243000808824,288,0,outer_ring
2210,69.07664683884633,65.78900267706807,4587,2,octagram
2211,52.743776243646685,89.11044737084684,390,0,outer_ring
2212,65.79687259210843,76.753203640141,9320,5,text_en_1919
2213,56.638021281472476,43.65996113637596,8240,4,stroke_kai
2214,73.97801495601563,45.68195271241092,6416,2,octagram
2215,56.594791384109385,42.013545088562466,8327,4,stroke_kai
2216,67.47469126648737,54.322318025183364,7804,4,stroke_kai
2217,54.63731882507138,68.08278105517678,4814,2,octagram
2218,68.58716321780018,52.43236644324661,7865,4,stroke_kai
2219,53.32882757204278,44.737912785065355,7299,3,stroke_nan
2220,53.819834909996146,7.453857450517491,2161,0,outer_ring
2221,61.48083987266192,56.86457135824902,7753,4,stroke_kai
2222,64.25772940521347,50.197330431792466,7990,4,stroke_kai
2223,93.58781539347684,47.84994455985778,10434,5,text_en_1919
2224,80.07992857454533,69.73308335494833,9498,5,text_en_1919
2225,68.20890409044323,64.99069122933327,4579,2,octagram
2226,65.45379664270543,45.03595746781629,8229,4,stroke_kai
2227,90.5915096546982,54.612070852417396,10030,5,text_en_1919
2228,57.87529315391577,59.17379287807337,7638,4,stroke_kai
2229,54.612480952087836,82.55211859160984,8804,5,text_en_1919
2230,60.01813247863448,38.60122376105222,8464,4,stroke_kai
2231,86.48274232605145,62.15474480273747,9777,5,text_en_1919
2232,74.08810214782748,61.22989734040149,4505,2,octagram
2233,52.4381112941246,50.24188152364502,6962,3,stroke_nan
2234,83.42643542537989,67.69230546794114,9636,5,text_en_1919
2235,77.94738206599494,56.20783934962942,6549,2,octagram
2236,89.24561192292134,48.97152194826243,10318,5,text_en_1919
2237,80.17513831073687,37.134701690924736,4344,1,inner_ring
2238,67.10306267074458,19.712998241135594,10869,5,text_en_1919
2239,59.17368630943706,25.271778128639973,5986,2,octagram
2240,67.69308469242775,5.966652949890358,3101,0,outer_ring
2241,63.190074293906974,18.00571736506176,10917,5,text_en_1919
2242,65.4881571813929,40.84416732748683,8370,4,stroke_kai
2243,61.743675246645445,6.74957925260115,2842,0,outer_ring
2244,66.13622590154509,6.929183260858567,3069,0,outer_ring
2245,60.6585758348981,7.064604030041582,2773,0,outer_ring
2246,58.821115660818414,4.637399935357223,2619,0,outer_ring
2247,78.12602040605286,26.13464651563682,10811,5,text_en_1919
2248,52.506901928209636,6.6106125626728724,2037,0,outer_ring
2249,46.13831036863339,7.400183894473563,1628,0,outer_ring
2250,58.70065706573449,9.353530675728521,11353,5,text_en_1919
2251,40.54877193442312,32.48148550435146,5658,2,octagram
2252,54.903815043048134,5.56293127381033,2252,0,outer_ring
2253,44.04744256313202,41.95089529762027,7327,3,stroke_nan
2254,49.00412133968256,6.9235920961592745,1754,0,outer_ring
2255,51.99567332336404,6.039987540725346,1999,0,outer_ring
2256,64.89826063029105,8.770462743880955,3041,0,outer_ring
2257,53.386797584524324,18.981395999148337,4112,1,inner_ring
2258,48.932338144445396,9.425032442636157,11329,5,text_en_1919
2259,52.91358122821975,4.699102693448471,2080,0,outer_ring
2260,86.45369017295155,47.40121510004736,10422,5,text_en_1919
2261,84.45119624605307,70.56352113490465,9465,5,text_en_1919
2262,64.58597141967827,54.45030178489982,7822,4,stroke_kai
2263,55.474570833384234,6.596601619832422,2320,0,outer_ring
2264,68.42785378981533,17.41333330060363,10987,5,text_en_1919
2265,57.71791324564707,7.374919725254164,2542,0,outer_ring
2266,46.77610477060997,35.253686058892974,7551,3,stroke_nan
2267,56.0706379398953,18.26583606603124,10965,5,text_en_1919
2268,64.25168280414678,57.863523164408136,7710,4,stroke_kai
2269,57.23817836980144,87.88863683145843,154,0,outer_ring
2270,48.285117059551126,89.1514900962394,701,0,outer_ring
2271,30.663884629885814,81.95251939033987,1359,0,outer_ring
2272,43.9549927717775,90.17114488538148,972,0,outer_ring
2273,55.70407342277053,82.71079931413131,8792,5,text_en_1919
2274,51.84831493452182,90.08520666206603,433,0,outer_ring
2275,29.252943950458963,81.6122929097886,1365,0,outer_ring
2276,44.228014261710705,74.80155907639396,3595,1,inner_ring
2277,38.45451060111909,75.5380539183469,9377,5,text_en_1919
2278,29.113303094235647,67.27093437384579,9581,5,text_en_1919
2279,18.258013243421853,60.961745708785884,9751,5,text_en_1919
2280,20.44066822836052,62.19777045387678,9752,5,text_en_1919
2281,37.305329447365956,80.61806080764967,9066,5,text_en_1919
2282,21.190998578278727,50.24867348996098,10219,5,text_en_1919
2283,21.632710740223242,48.71374235706449,10275,5,text_en_1919
2284,29.352820172144273,41.62743814945838,5447,2,octagram
2285,11.073813808639837,47.78497821558324,1399,0,outer_ring
2286,21.260370297429567,43.739223435845446,10546,5,text_en_1919
2287,30.647255211343282,71.81849645152275,9428,5,text_en_1919
2288,42.95918557410496,26.089243825748078,5742,2,octagram
2289,42.70212122364845,23.24805506587888,5763,2,octagram
2290,45.65998568799384,50.08914370499866,7021,3,stroke_nan
2291,66.14586239359116,83.49503989728049,8795,5,text_en_1919
2292,38.47233821884644,62.316294738948535,5113,2,octagram
2293,42.71474001649415,16.8400238598597,4057,1,inner_ring
2294,81.41752764644082,42.66072917034117,4383,1,inner_ring
2295,62.9910380613483,79.89538647428716,9138,5,text_en_1919
2296,69.78692346719896,22.965022832880177,4227,1,inner_ring
2297,52.9268724277468,90.22876269163127,371,0,outer_ring
2298,51.62892595232761,52.25624901376536,6912,3,stroke_nan
2299,66.84841124365947,77.5804205175008,9306,5,text_en_1919
2300,58.68510402657533,74.45783268261233,3493,1,inner_ring
2301,50.979976815876,54.01645194237319,6860,3,stroke_nan
2302,54.94184417892324,88.14543882272332,257,0,outer_ring
2303,55.083274633737645,5.4500058738646535,2271,0,outer_ring
2304,48.74192946517477,6.565125122372573,1739,0,outer_ring
2305,32.12769825689645,64.26028356824817,3698,1,inner_ring
2306,67.56002863493615,32.27436281348079,6163,2,octagram
2307,52.66950977138937,6.6860252465686125,2047,0,outer_ring
2308,50.904895946231846,52.5001410231493,6790,3,stroke_nan
2309,43.64067743122723,47.442822694131706,7081,3,stroke_nan
2310,51.92736806070395,40.568497506834355,7419,3,stroke_nan
2311,33.14064944411267,64.56893079431426,3690,1,inner_ring
2312,33.837895482722864,45.29023031023674,5389,2,octagram
2313,44.064565409632316,19.988316183936888,4059,1,inner_ring
2314,27.91980416197796,57.96812508751001,5235,2,octagram
2315,57.69922640824747,71.97079490178818,4770,2,octagram
2316,31.44164169176501,42.442057132807896,5427,2,octagram
2317,38.83680075833569,35.24757983320009,5615,2,octagram
2318,46.83626866880515,41.67124300753303,7348,3,stroke_nan
2319,49.179454936657095,6.236079333216669,1768,0,outer_ring
2320,53.063919658816445,5.563247293181203,2095,0,outer_ring
2321,49.88415119753843,7.120785236429791,1816,0,outer_ring
2322,63.78939048069257,17.8255107205672,10907,5,text_en_1919
2323,68.36379861461872,50.32890288537139,7966,4,stroke_kai
2324,84.24594819476248,40.22321408811674,10678,5,text_en_1919
2325,74.14516161776224,28.836071018636286,4273,1,inner_ring
2326,75.96798970424304,50.44247852051269,6488,2,octagram
2327,61.61559305887836,5.811124157279257,2822,0,outer_ring
2328,61.88026446466857,43.826991810314155,8274,4,stroke_kai
2329,82.57023266959227,56.1801034741648,3280,1,inner_ring
2330,86.01053968547164,39.19058783667911,10700,5,text_en_1919
2331,77.06292324629298,68.61952507697926,9532,5,text_en_1919
2332,66.09546877076566,71.09881847080847,4653,2,octagram
2333,41.21535081095759,60.417209494809775,5096,2,octagram
2334,78.25647132269145,39.153375918355074,6329,2,octagram
2335,51.548870431918786,76.50075634140389,3543,1,inner_ring
2336,38.00413965059499,86.39569232488027,1248,0,outer_ring
2337,29.79801191926474,64.63364547527397,9671,5,text_en_1919
2338,51.51867113042488,87.57396254496676,471,0,outer_ring
2339,43.12050592730628,88.06359229988293,1042,0,outer_ring
2340,37.74559773775187,88.48177490995478,1230,0,outer_ring
2341,27.170955328248855,78.68657605720641,1376,0,outer_ring
2342,57.93678387442643,89.24547172036728,132,0,outer_ring
2343,28.705719782290195,74.78970733262288,9373,5,text_en_1919
2344,50.68012013420436,80.70082228707737,8987,5,text_en_1919
2345,56.96802393529515,89.8616815585707,170,0,outer_ring
2346,48.62938691535447,89.96594229943601,670,0,outer_ring
2347,19.215080442657257,43.23366868108321,10572,5,text_en_1919
2348,20.031890650985627,50.708036327072925,10179,5,text_en_1919
2349,25.432630418503564,64.21635016771111,9702,5,text_en_1919
2350,27.73807896977746,80.43562197652571,1371,0,outer_ring
2351,59.22390871021292,80.9805431869799,8978,5,text_en_1919
2352,53.809739420024464,88.92419037258388,315,0,outer_ring
2353,39.66582763508316,86.25904754823486,1204,0,outer_ring
2354,58.10580672232742,79.09522137575362,9166,5,text_en_1919
2355,69.85754944309572,79.67880800357527,9116,5,text_en_1919
2356,67.40276521585439,73.27441971039048,3433,1,inner_ring
2357,85.86895446738524,68.15817027912257,9534,5,text_en_1919
2358,59.7960771501831,78.7789263019772,9199,5,text_en_1919
2359,84.89012863115146,69.67441149231857,9521,5,text_en_1919
2360,41.1723012440042,86.74507859763447,1146,0,outer_ring
2361,80.79869730502976,58.170930412359866,4419,2,octagram
2362,70.23895263629798,61.971991299867184,4554,2,octagram
2363,56.744864606040544,56.04614776128804,7728,4,stroke_kai
2364,75.68277832873285,47.509965021411155,6425,2,octagram
2365,78.02672877040254,37.183922839375995,6289,2,octagram
2366,58.969035734862004,74.77195132962026,3490,1,inner_ring
2367,76.73073369048103,58.84220224134433,4462,2,octagram
2368,76.8345072307703,68.70733820886875,9538,5,text_en_1919
2369,85.12945281092613,57.50499904384016,9966,5,text_en_1919
2370,64.97345471112705,18.712432400805227,10890,5,text_en_1919
2371,75.60345087587967,42.58029512649128,6374,2,octagram
2372,51.28564653810476,7.274525469824163,1925,0,outer_ring
2373,85.81965644378148,51.67580170332589,10136,5,text_en_1919
2374,46.002618039340355,6.932193183966657,1621,0,outer_ring
2375,56.43492276001656,59.44781866286368,7635,4,stroke_kai
2376,91.25117652809936,45.91440702275964,10517,5,text_en_1919
2377,82.63072880554704,67.67831694521509,9585,5,text_en_1919
2378,51.26597479578974,5.275537704151699,1942,0,outer_ring
2379,90.91770771593532,39.23146475625264,10740,5,text_en_1919
2380,73.40072837570348,47.62154887964137,6440,2,octagram
2381,63.06956423964489,5.386858915779732,2912,0,outer_ring
2382,75.8735189688083,12.683032989111183,3218,0,outer_ring
2383,66.18151796788665,26.021221190116176,6103,2,octagram
2384,44.11821298041457,7.135147536091995,1561,0,outer_ring
2385,61.97989130491142,7.044312886691122,2857,0,outer_ring
2386,46.868443747893224,14.79571608605462,10947,5,text_en_1919
2387,46.736888033205744,52.27896255439999,6841,3,stroke_nan
2388,56.70840867985437,5.185307761328475,2435,0,outer_ring
2389,60.89937166258101,6.669375725208985,2789,0,outer_ring
2390,55.63853168402359,7.369059449225296,2342,0,outer_ring
2391,66.04324194980977,7.321272934962134,3070,0,outer_ring
2392,50.11487355222883,6.528818328352346,1832,0,outer_ring
2393,58.023561181840726,5.65149265752522,2566,0,outer_ring
2394,50.36705551196917,5.908736581826869,1866,0,outer_ring
2395,49.08892393481518,25.255869474538084,5860,2,octagram
2396,57.72445998974492,11.284297692837615,11323,5,text_en_1919
2397,65.97656552670804,7.561236122671419,3072,0,outer_ring
2398,46.64251616520631,6.780500275743337,1648,0,outer_ring
2399,78.09710063504447,54.1035405163611,6532,2,octagram
2400,75.20081336797908,31.677476141740986,4292,1,inner_ring
2401,54.28162738349136,5.194895108695547,2197,0,outer_ring
2402,86.83402138476367,57.19003251384054,9959,5,text_en_1919
2403,88.85706451420451,57.767553380178434,9919,5,text_en_1919
2404,56.166416870358965,52.154153658773616,7813,4,stroke_kai
2405,80.28319964324439,69.27343213278368,9502,5,text_en_1919
2406,91.10093263048844,53.677260723055376,10088,5,text_en_1919
2407,86.72354723401835,47.07421371402488,10442,5,text_en_1919
2408,69.47388291347583,47.439245931581475,6447,2,octagram
2409,64.53629733490214,14.730737817550365,11125,5,text_en_1919
2410,85.8694144204096,61.21252921640381,9788,5,text_en_1919
2411,31.074464561025845,72.45844097783493,9421,5,text_en_1919
2412,41.816679285231515,67.02482119916358,5032,2,octagram
2413,49.405742250728395,55.69036127780957,6736,3,stroke_nan
2414,52.62664121161297,89.59249924436544,396,0,outer_ring
2415,49.59926772520857,89.21266717289272,587,0,outer_ring
2416,42.907762749629065,87.15544095520144,1069,0,outer_ring
2417,44.63533121735682,8.881377974137568,1566,0,outer_ring
2418,31.820852814766535,64.12075015507804,3703,1,inner_ring
2419,53.45126103719342,78.55217437670704,9143,5,text_en_1919
2420,30.64252674016811,61.62719290701003,3722,1,inner_ring
2421,41.74115259826596,66.65908199008874,5045,2,octagram
2422,19.84059486339268,62.31766907297286,9749,5,text_en_1919
2423,37.36509019211894,62.876774092497435,5122,2,octagram
2424,32.68402617761391,42.09166788431163,5423,2,octagram
2425,32.09907981472272,28.031807780047885,3957,1,inner_ring
2426,31.20172389424471,36.0079634030012,5533,2,octagram
2427,31.436096921215704,33.617335888407865,3929,1,inner_ring
2428,42.03415100502471,23.68992072871511,5759,2,octagram
2429,19.217530098718704,41.95170451038215,10610,5,text_en_1919
2430,22.35136216715817,70.38619048240102,9462,5,text_en_1919
2431,46.39880067183269,54.711927761751205,6769,3,stroke_nan
2432,27.156097436106464,64.13957014726329,9697,5,text_en_1919
2433,65.22899511067256,25.30402847564957,6085,2,octagram
2434,50.20705505609028,54.12632069292161,6904,3,stroke_nan
2435,71.30679822492802,68.56516921919865,3395,1,inner_ring
2436,40.13710849515707,45.279170522998186,7206,3,stroke_nan
2437,48.62177790242196,90.33729651600503,666,0,outer_ring
2438,31.841346718877272,62.60953545270612,3713,1,inner_ring
2439,83.33384123976315,70.54303811440847,9450,5,text_en_1919
2440,64.02358300037797,89.97345519833425,28,0,outer_ring
2441,32.70691923108236,52.549033224163466,5307,2,octagram
2442,48.815231430645355,84.12006181371856,8608,5,text_en_1919
2443,57.66448348256236,90.34453347255476,142,0,outer_ring
2444,42.20979979896656,29.234568535556757,5703,2,octagram
2445,41.2331646884298,28.146456606324993,5713,2,octagram
2446,62.99872109578949,21.296164014806656,4187,1,inner_ring
2447,65.35254129607227,35.98084556107293,8523,4,stroke_kai
2448,47.139355791307416,9.383136357695367,11349,5,text_en_1919
2449,52.77385478012149,20.57141737567788,4107,1,inner_ring
2450,47.03839783677828,39.341727610011404,7449,3,stroke_nan
2451,53.42709422643836,5.139550767438113,2128,0,outer_ring
2452,53.49900424992761,20.219903401823903,4113,1,inner_ring
2453,22.16423823689231,62.24636291968056,9776,5,text_en_1919
2454,58.0537925850867,5.7485729162243455,2570,0,outer_ring
2455,58.214691823144285,69.16951966315769,4775,2,octagram
2456,18.211773134530628,51.25837824908931,10195,5,text_en_1919
2457,20.872800747513317,21.026714150750205,1410,0,outer_ring
2458,45.92812098623569,48.7811087409495,7023,3,stroke_nan
2459,56.19674034741935,4.801584141469482,2382,0,outer_ring
2460,38.61529414275611,8.200628023141324,1459,0,outer_ring
2461,60.63232154968633,6.092814253024876,2762,0,outer_ring
2462,68.86199480635642,8.23757015926378,3143,0,outer_ring
2463,52.75490047710482,5.8661633256045755,2058,0,outer_ring
2464,52.161350232899395,26.135008085082145,5879,2,octagram
2465,66.85903385365827,8.445166457852185,3097,0,outer_ring
2466,50.6137615248837,42.911226388038855,7238,3,stroke_nan
2467,51.933472158366,26.867222535226297,7559,3,stroke_nan
2468,65.96772306476008,49.07004918495451,8027,4,stroke_kai
2469,54.04736168294939,7.178578160283981,2180,0,outer_ring
2470,91.2383776797305,56.402908607036174,10016,5,text_en_1919
2471,82.81986647868645,46.17002599430065,10454,5,text_en_1919
2472,71.60355158702895,27.495019604103472,4256,1,inner_ring
2473,41.25256773037524,87.66026331269093,1130,0,outer_ring
2474,55.84991238236316,5.608876260537048,2352,0,outer_ring
2475,52.810824178537914,81.3701616309208,8859,5,text_en_1919
2476,67.0916475544374,83.57684696182753,8774,5,text_en_1919
2477,78.18569941465124,35.6409695367074,6285,2,octagram
2478,43.36520910201565,72.06371403571754,4981,2,octagram
2479,44.64368837490351,88.40011457341352,956,0,outer_ring
2480,49.2555907335239,89.40301678285401,622,0,outer_ring
2481,39.58985836444924,86.72778128797955,1200,0,outer_ring
2482,30.745095881888144,77.92886887248739,9308,5,text_en_1919
2483,63.6061982384212,88.94860776962437,32,0,outer_ring
2484,54.589254640774946,89.6712555982683,277,0,outer_ring
2485,43.19518857089144,46.981979244135886,7091,3,stroke_nan
2486,41.958061192884166,75.2588027235271,3601,1,inner_ring
2487,54.58315919135597,89.79341078779478,278,0,outer_ring
2488,46.988839511439124,86.7251497592113,825,0,outer_ring
2489,26.701809897774407,65.4335125675681,9690,5,text_en_1919
2490,54.295750620401634,80.23066070376254,9025,5,text_en_1919
2491,21.62638732574748,48.019197409098275,10343,5,text_en_1919
2492,32.68229203943991,83.96074538565296,1339,0,outer_ring
2493,47.19783788380942,53.532763812820434,6781,3,stroke_nan
2494,44.40019211222744,89.93851499238926,950,0,outer_ring
2495,48.414930661049226,90.48095739945495,677,0,outer_ring
2496,84.26191937794297,67.20162453687104,9645,5,text_en_1919
2497,66.24837302721278,78.6633608791149,9244,5,text_en_1919
2498,67.25025160132816,79.84172151168659,9052,5,text_en_1919
2499,70.97345542843446,62.3021927905782,4539,2,octagram
2500,60.33679938513205,47.679137767673105,8075,4,stroke_kai
2501,55.57011499173051,83.34693676926543,8758,5,text_en_1919
2502,56.934245249311715,58.60381169449984,7633,4,stroke_kai
2503,72.91787530292046,48.15072868780986,6454,2,octagram
2504,48.77013434006297,47.53475344348445,7066,3,stroke_nan
2505,59.8280011274208,61.98328905998137,7588,4,stroke_kai
2506,47.000246710237754,89.95732589332077,786,0,outer_ring
2507,85.69012723801934,62.12168045873732,9766,5,text_en_1919
2508,56.602460030952656,43.01608403523467,8310,4,stroke_kai
2509,84.96035012299234,53.15019106746344,10115,5,text_en_1919
2510,59.24700630892672,52.50505973468818,7918,4,stroke_kai
2511,88.86818401233016,47.97336473834942,10372,5,text_en_1919
2512,62.224764196949295,44.10880463717303,8242,4,stroke_kai
2513,69.47903513305708,9.675263411994601,3163,0,outer_ring
2514,47.585441761064494,88.2200514780168,764,0,outer_ring
2515,79.35129920213038,56.550606605062974,6566,2,octagram
2516,67.58095317542742,51.76175771523528,7908,4,stroke_kai
2517,76.02841085584215,35.944593054984324,6258,2,octagram
2518,94.49392685891206,46.16225925235812,10508,5,text_en_1919
2519,73.78830074544418,60.281605732849364,4508,2,octagram
2520,68.11349567155952,51.60740958899124,7889,4,stroke_kai
2521,59.733592225837,49.14344072305151,8046,4,stroke_kai
2522,69.33116922488836,24.04422006741612,4229,1,inner_ring
2523,60.75137109929493,9.738532331251232,11354,5,text_en_1919
2524,63.526080811717165,23.311520619706634,6035,2,octagram
2525,63.99444914529668,6.722289350057504,2982,0,outer_ring
2526,47.239782645514225,15.932466604872106,10931,5,text_en_1919
2527,47.2673877414203,42.47723472551861,7286,3,stroke_nan
2528,50.15777350765715,13.362122107430972,11216,5,text_en_1919
2529,70.1027197826791,14.59325435700598,11167,5,text_en_1919
2530,52.13230379116513,5.2855338416836855,2012,0,outer_ring
2531,54.98479357301365,6.497778485418959,2261,0,outer_ring
2532,52.154860901809954,36.76250697528028,7481,3,stroke_nan
2533,81.91753313931578,25.481251072493194,10837,5,text_en_1919
2534,51.407372963486004,4.3053196076537,1962,0,outer_ring
2535,49.83273117874214,7.97423528352079,11351,5,text_en_1919
2536,49.065333129966106,5.0171813261870595,1772,0,outer_ring
2537,69.1962832890827,28.06699590280084,6122,2,octagram
2538,49.837266716800464,5.4350369582295865,1824,0,outer_ring
2539,62.15830907609361,6.950199396785153,2872,0,outer_ring
2540,67.26306075553472,6.493310213600687,3094,0,outer_ring
2541,57.768607988219536,2.314420528275886,2515,0,outer_ring
2542,63.42612145969927,7.710681212412173,2962,0,outer_ring
2543,56.5626522816045,38.844826868574074,8440,4,stroke_kai
2544,87.12794664903385,47.34619480974986,10406,5,text_en_1919
2545,63.21296777452412,56.84697013142341,7731,4,stroke_kai
2546,89.46016808327306,50.181799152657995,10300,5,text_en_1919
2547,62.758978891434,42.58010394863258,8273,4,stroke_kai
2548,80.88003377778475,13.622384305534817,3223,0,outer_ring
2549,85.30812614530863,40.31671301228326,10690,5,text_en_1919
2550,52.02985322488577,27.979731587688523,7553,3,stroke_nan
2551,61.7557410497188,8.733348280958039,2868,0,outer_ring
2552,65.58496837825993,45.09898815698056,8228,4,stroke_kai
2553,33.19738879360589,73.89952504808957,9392,5,text_en_1919
2554,27.211066380288436,53.72586479817996,3784,1,inner_ring
2555,55.83823644242822,69.70967070599961,3512,1,inner_ring
2556,67.01764600369705,77.43636759872514,9317,5,text_en_1919
2557,51.93514369350294,91.34211567479241,423,0,outer_ring
2558,51.53763999458329,67.85103994611788,4855,2,octagram
2559,56.30810590312979,90.9848983951874,197,0,outer_ring
2560,22.857561966924713,70.16868429645417,9488,5,text_en_1919
2561,24.92709219093165,55.42467495749194,10013,5,text_en_1919
2562,46.637184267580636,89.60253493001083,810,0,outer_ring
2563,15.703166718993199,50.18873654155302,10229,5,text_en_1919
2564,24.827435507320843,67.09820795510029,9649,5,text_en_1919
2565,18.539147867420176,66.58115180939632,1389,0,outer_ring
2566,30.218912827850517,66.0009188158748,9652,5,text_en_1919
2567,27.815063144089226,57.30404022816449,3755,1,inner_ring
2568,30.171709243274293,32.961849387506206,3926,1,inner_ring
2569,25.350311683424355,40.217741671955196,3875,1,inner_ring
2570,21.55408411542713,36.244268858853005,10778,5,text_en_1919
2571,38.877717752573375,33.36839099395446,5618,2,octagram
2572,32.46832373502544,60.50607459324458,5181,2,octagram
2573,35.48829829459715,67.44510394942716,3674,1,inner_ring
2574,37.26290617404245,25.65678310939453,3997,1,inner_ring
2575,60.934943247323346,44.29941593702962,8244,4,stroke_kai
2576,62.724350433388416,60.8530625871402,7613,4,stroke_kai
2577,66.67997147758078,49.41840223962085,8011,4,stroke_kai
2578,35.85538192109307,86.36375899862006,1290,0,outer_ring
2579,46.15104735882138,90.18883620832976,842,0,outer_ring
2580,58.561705032860125,80.01759036316119,9098,5,text_en_1919
2581,95.43928309949823,44.787981828590766,10534,5,text_en_1919
2582,44.98846246950468,88.43854208817815,937,0,outer_ring
2583,62.216973321366034,81.76678899918116,8908,5,text_en_1919
2584,36.241012507650225,70.24280595061671,3653,1,inner_ring
2585,48.09290241971387,53.56144893188059,6789,3,stroke_nan
2586,52.13361816100629,4.790870831189794,2015,0,outer_ring
2587,43.630578953512554,47.04590995212496,7120,3,stroke_nan
2588,29.62641821820001,14.260625362897086,1416,0,outer_ring
2589,49.64591910195655,78.18182908552849,9204,5,text_en_1919
2590,44.738198395145496,55.899063950490195,6743,3,stroke_nan
2591,41.73766217995468,46.73047086856211,7127,3,stroke_nan
2592,52.96910218422049,3.5856553354476945,2093,0,outer_ring
2593,45.81098766135304,20.099605870503595,4066,1,inner_ring
2594,35.266967298070504,27.43258162612544,3978,1,inner_ring
2595,40.05588893645398,45.67392441918733,7201,3,stroke_nan
2596,45.34860826043796,42.372981248717934,7360,3,stroke_nan
2597,39.83781886470671,49.63375583179475,6971,3,stroke_nan
2598,40.964684876947736,11.605283485179632,11139,5,text_en_1919
2599,14.391823493082304,40.99283979741031,10661,5,text_en_1919
2600,45.2440419193067,18.483128024364515,4064,1,inner_ring
2601,40.82915267678317,8.26404852903159,1487,0,outer_ring
2602,20.116175299604635,37.227209195619714,10763,5,text_en_1919
2603,46.13877164990749,7.517836399912964,1625,0,outer_ring
2604,60.30241551496045,21.896112236681194,4160,1,inner_ring
2605,47.28009217745585,6.940068538554346,1674,0,outer_ring
2606,51.60978811211385,6.277481942583435,1973,0,outer_ring
2607,43.16021634751445,6.895368275602822,1541,0,outer_ring
2608,49.8686157617434,1.664925646124352,1858,0,outer_ring
2609,51.8696856933217,6.240019566080401,1988,0,outer_ring
2610,49.02288945655872,52.43089235799578,6869,3,stroke_nan
2611,59.71877245564312,5.38557127247769,2694,0,outer_ring
2612,51.59841132714305,44.76031347276408,7205,3,stroke_nan
2613,58.795260788436416,27.796554675129357,5966,2,octagram
2614,42.03644406955479,70.44188263342738,4996,2,octagram
2615,77.4043298709528,37.2419379312893,6276,2,octagram
2616,66.09205448005207,83.5209300390319,8782,5,text_en_1919
2617,46.13253775167741,7.518850836388493,1623,0,outer_ring
2618,63.89859191830681,79.40770375389387,9113,5,text_en_1919
2619,60.53459877348698,42.16190615005226,8322,4,stroke_kai
2620,55.16933617132211,88.43500660591067,243,0,outer_ring
2621,46.35380408775804,61.6606420673571,6581,3,stroke_nan
2622,42.88458842968197,88.80783216700017,1045,0,outer_ring
2623,58.33080194071628,51.90165742300339,7950,4,stroke_kai
2624,44.4245643938277,82.1545778008143,8901,5,text_en_1919
2625,33.424088676215305,73.31794789167516,9394,5,text_en_1919
2626,57.12945008539767,88.39158400034133,160,0,outer_ring
2627,47.6017660734732,84.63259856752026,8601,5,text_en_1919
2628,44.000301557251746,88.41942636569125,987,0,outer_ring
2629,49.774289077239565,72.0013899732244,4883,2,octagram
2630,65.78583205715132,74.6922683528791,3445,1,inner_ring
2631,51.431476542369566,44.684917571641996,7203,3,stroke_nan
2632,34.25735991622447,59.4330273506624,5167,2,octagram
2633,24.767687633644403,56.721985895710766,10011,5,text_en_1919
2634,41.58948348764975,86.85460239771949,1126,0,outer_ring
2635,50.31123005390523,89.32920347812599,541,0,outer_ring
2636,48.26906187321831,85.45560742030148,8596,5,text_en_1919
2637,56.55897497661702,90.60158755941379,182,0,outer_ring
2638,67.26142052393395,47.41530870257423,8102,4,stroke_kai
2639,68.32959872629885,77.89620399096452,9284,5,text_en_1919
2640,58.87210205930702,89.7992810834728,101,0,outer_ring
2641,60.17540031818192,81.30497798592394,8944,5,text_en_1919
2642,67.3091645491575,47.00575408470269,8101,4,stroke_kai
2643,91.43983371964102,46.73497845166389,10484,5,text_en_1919
2644,65.65667488234536,72.63680577341053,4673,2,octagram
2645,42.76521618336358,83.01844377390304,8832,5,text_en_1919
2646,94.22087389182676,53.41659752483632,10069,5,text_en_1919
2647,49.381703193987605,82.29061459133662,8788,5,text_en_1919
2648,58.98465916018077,49.73621509209612,7996,4,stroke_kai
2649,80.36651286028746,65.10948929196502,9691,5,text_en_1919
2650,59.23648487334613,70.54296426412412,4763,2,octagram
2651,65.24686994562323,53.18468816002684,7900,4,stroke_kai
2652,87.7552700213922,41.820326114612556,10682,5,text_en_1919
2653,80.68810873464089,37.57373069669977,4349,1,inner_ring
2654,75.8231701294225,11.304599268085127,3216,0,outer_ring
2655,74.2900765838717,60.68968965672316,4504,2,octagram
2656,57.27578638122486,46.06387313848333,8127,4,stroke_kai
2657,68.30175209073357,27.155374419217168,6113,2,octagram
2658,72.42867874607231,49.83104664024882,6470,2,octagram
2659,90.02090024456683,53.1230945669123,10105,5,text_en_1919
2660,91.7055188495744,47.4644777458094,10451,5,text_en_1919
2661,80.9963808412976,51.91823889497599,3252,1,inner_ring
2662,86.67671236756328,57.24912335620044,9963,5,text_en_1919
2663,90.77676523709682,58.031949051036094,9904,5,text_en_1919
2664,64.91238075512426,23.126911878658174,6053,2,octagram
2665,89.57032848434953,53.75860119619982,10086,5,text_en_1919
2666,49.0932312604076,5.543358478591382,1769,0,outer_ring
2667,45.49159050894622,38.21630581290546,7487,3,stroke_nan
2668,57.88598299176753,5.650760821655216,2545,0,outer_ring
2669,46.51574562043033,14.837700396302948,10959,5,text_en_1919
2670,67.34502611008968,8.030868586507278,3111,0,outer_ring
2671,40.3789094582921,9.14735830152259,1477,0,outer_ring
2672,58.45413215718692,8.155033688716186,2620,0,outer_ring
2673,59.160587624408535,5.856643259269592,2658,0,outer_ring
2674,60.31830264615193,45.1715040995098,8158,4,stroke_kai
2675,63.405425188449904,7.1136585705052315,2952,0,outer_ring
2676,72.14764979704093,35.95875585621189,6213,2,octagram
2677,49.72443249082522,24.98799498444188,5870,2,octagram
2678,58.3647929049815,6.391282106369659,2597,0,outer_ring
2679,44.19511846536402,5.922185487780618,1575,0,outer_ring
2680,60.67541491307108,6.5337095528062425,2766,0,outer_ring
2681,48.43898030944399,5.42751871284017,1727,0,outer_ring
2682,70.31777550620868,11.136864201946366,3183,0,outer_ring
2683,70.90381843246672,9.04940679798869,3175,0,outer_ring
2684,60.46656703759827,39.966232252601955,8418,4,stroke_kai
2685,66.43014114665195,21.406160359614223,4205,1,inner_ring
2686,66.53779947574199,39.567550941888086,8419,4,stroke_kai
2687,56.76554881432375,39.642203662907114,8412,4,stroke_kai
2688,73.3412879743033,65.50308045475848,3368,1,inner_ring
2689,60.817388071540655,5.059890431129634,2763,0,outer_ring
2690,65.46909721267254,8.092421737749907,3053,0,outer_ring
2691,80.12770709968876,34.775542356753924,4332,1,inner_ring
2692,52.67366323387916,6.551438463366889,2049,0,outer_ring
2693,34.96724647641922,48.554384773143596,5359,2,octagram
2694,87.12188196460806,55.69174832658134,9987,5,text_en_1919
2695,26.30611735073664,62.79081375850143,9792,5,text_en_1919
2696,41.852647848201,87.96720219334179,1105,0,outer_ring
2697,47.5890280727351,90.14698989566963,737,0,outer_ring
2698,54.46418517814153,86.44718561851649,284,0,outer_ring
2699,37.869156761797974,87.87932836784917,1237,0,outer_ring
2700,39.410545946576384,88.00422268340708,1193,0,outer_ring
2701,36.72150740029382,85.76334602006905,1278,0,outer_ring
2702,36.81230384008015,86.12425373121715,1274,0,outer_ring
2703,41.246481554408625,45.72537320665989,7152,3,stroke_nan
2704,33.07876901385579,59.768532901490325,5177,2,octagram
2705,23.248884007913908,61.86809250407359,9787,5,text_en_1919
2706,17.627106421727845,48.65414380113998,10273,5,text_en_1919
2707,21.802593531344524,42.75141888457073,10567,5,text_en_1919
2708,27.404371946082847,67.90851284428035,9568,5,text_en_1919
2709,23.834089334719955,58.25956479577516,9932,5,text_en_1919
2710,42.6156255070114,39.97409132885136,7417,3,stroke_nan
2711,39.23216853972941,23.78392706895975,4019,1,inner_ring
2712,30.025221019952888,37.91500832823684,5483,2,octagram
2713,28.310521843066997,36.570665789390794,5508,2,octagram
2714,39.918806420151576,64.75376717710098,5062,2,octagram
2715,29.19717055406938,40.86711216152044,5451,2,octagram
2716,30.964899005574676,60.92491425668954,5183,2,octagram
2717,21.03971314838437,38.31212506966464,10736,5,text_en_1919
2718,51.85877191294229,52.613777873107225,6905,3,stroke_nan
2719,29.88646815900681,40.86027259699641,5449,2,octagram
2720,51.61002069951349,88.7957361623844,450,0,outer_ring
2721,39.12369350372195,73.75711997755222,3622,1,inner_ring
2722,37.31259024532684,58.015227550137745,5153,2,octagram
2723,68.20784296764296,76.4688165805269,9338,5,text_en_1919
2724,69.09955374675596,60.55605607687831,7658,4,stroke_kai
2725,48.07290568909566,90.1240555530018,707,0,outer_ring
2726,51.14356740878097,89.091769442976,482,0,outer_ring
2727,86.11057349566383,46.646072515200686,10440,5,text_en_1919
2728,47.88503479095521,82.50060880378375,8744,5,text_en_1919
2729,58.05127127861859,5.219387898945169,2561,0,outer_ring
2730,39.08258050019885,46.27258598728277,7172,3,stroke_nan
2731,74.29135152260527,60.060364396749186,4499,2,octagram
2732,53.32004211871679,80.77588434156327,8974,5,text_en_1919
2733,45.599136203847586,43.13690226124314,7303,3,stroke_nan
2734,41.49072884703016,50.2253031422269,6942,3,stroke_nan
2735,33.97654631746347,11.394566477176639,1426,0,outer_ring
2736,27.774782356684096,24.522258040692666,10845,5,text_en_1919
2737,43.35644344356283,52.60411898095093,6824,3,stroke_nan
2738,27.84599940600816,36.202232961605226,3900,1,inner_ring
2739,39.115842677781856,51.095294209377116,6925,3,stroke_nan
2740,28.776464784442915,57.53137621060374,5243,2,octagram
2741,41.347792808643355,9.198740356859354,1493,0,outer_ring
2742,38.42949512543955,34.33091935026825,5610,2,octagram
2743,43.2494957668121,52.00811600684439,6873,3,stroke_nan
2744,53.2733628196679,17.088054363649942,4111,1,inner_ring
2745,55.800908785754935,6.455097637488613,2349,0,outer_ring
2746,56.4334331765736,5.449940629714257,2413,0,outer_ring
2747,50.58025022350067,23.19115312984963,5865,2,octagram
2748,47.20164465147171,6.762175945611963,1671,0,outer_ring
2749,32.35663313134206,45.536087017693085,5393,2,octagram
2750,66.0684733879038,32.36403076708318,8556,4,stroke_kai
2751,79.86862664422725,38.166780720277,6316,2,octagram
2752,67.42610614502837,31.36870237193832,6158,2,octagram
2753,51.99997022528352,5.974027088786077,2001,0,outer_ring
2754,77.58418674857103,39.996349346055815,6345,2,octagram
2755,61.03631660371489,51.60607710350547,7882,4,stroke_kai
2756,74.32451745941812,60.54568186506652,4496,2,octagram
2757,73.85576839145016,60.48282933057575,4509,2,octagram
2758,78.7841269439548,37.508865788589574,6302,2,octagram
2759,84.64136822605664,47.848124740218935,10381,5,text_en_1919
2760,41.093351485916685,69.85591438009365,5011,2,octagram
2761,56.96874872367275,87.64948039266439,163,0,outer_ring
2762,35.30155095857731,60.49403539366455,5162,2,octagram
2763,38.28280758603846,87.36313620737171,1228,0,outer_ring
2764,51.26588765256282,89.7523448685867,476,0,outer_ring
2765,47.79531705459123,78.84340320514717,9240,5,text_en_1919
2766,31.568484715707932,84.26734625753302,1346,0,outer_ring
2767,41.958617852519936,87.64287072752968,1103,0,outer_ring
2768,47.54091499453137,89.00374875328228,756,0,outer_ring
2769,55.267405211078106,88.53535124234983,237,0,outer_ring
2770,56.46869609112369,89.60895343075725,185,0,outer_ring
2771,37.208868927794384,61.066554841123434,5140,2,octagram
2772,17.15556784226796,51.089243360576766,10217,5,text_en_1919
2773,19.981263992658068,38.87455338945736,10735,5,text_en_1919
2774,34.0193742618589,46.879674942453256,5376,2,octagram
2775,21.832315381654254,60.91347241651304,9817,5,text_en_1919
2776,74.08728432818205,74.5767411721437,9364,5,text_en_1919
2777,42.616755666253496,87.33488506219898,1075,0,outer_ring
2778,65.0106753860283,71.73120648601454,4665,2,octagram
2779,49.21552623896166,88.49525811911211,634,0,outer_ring
2780,47.47972656722524,75.24665796019362,3571,1,inner_ring
2781,51.46834579264064,71.46268430249525,4868,2,octagram
2782,61.22550828145941,46.83375615925607,8145,4,stroke_kai
2783,54.77563745574489,81.27513596835894,8871,5,text_en_1919
2784,59.583962368424224,70.1076067608896,4757,2,octagram
2785,57.50064183063966,52.43363125956111,7902,4,stroke_kai
2786,81.16738391036871,74.96066436689937,9365,5,text_en_1919
2787,59.667104673819104,49.96101907044154,8005,4,stroke_kai
2788,64.98598514237936,47.668545968966164,8129,4,stroke_kai
2789,73.45597067131342,47.715915057425555,6445,2,octagram
2790,84.72064120120437,54.21462427703094,10107,5,text_en_1919
2791,57.46986403878165,43.2774825313694,8248,4,stroke_kai
2792,56.66372182184593,54.15618430765524,7814,4,stroke_kai
2793,57.639606715967126,47.499071593425526,8070,4,stroke_kai
2794,63.756497588015044,5.840125775177552,2958,0,outer_ring
2795,56.138351518179796,49.586369013916055,7978,4,stroke_kai
2796,89.42083206003123,64.46840339223057,9721,5,text_en_1919
2797,69.36069604397319,15.523620031773458,11070,5,text_en_1919
2798,85.66865340328712,54.138386283905625,10109,5,text_en_1919
2799,69.11067337805937,15.525711714114278,11092,5,text_en_1919
2800,52.29727823569825,6.245707741979565,2022,0,outer_ring
2801,75.23469387302191,35.98303658576656,6243,2,octagram
2802,81.9590976282749,68.9312016342787,9543,5,text_en_1919
2803,80.65496104706261,64.80350437330459,9694,5,text_en_1919
2804,58.62785690513553,44.4651382746358,8208,4,stroke_kai
2805,84.2654817366486,49.65021321284762,10309,5,text_en_1919
2806,52.59316251379042,7.4031830947244535,2041,0,outer_ring
2807,64.78840334013903,36.067827413526864,8515,4,stroke_kai
2808,47.4730310071462,13.008872686433918,11191,5,text_en_1919
2809,54.375863181736655,5.213139252429274,2202,0,outer_ring
2810,58.041298935981224,4.949872826022745,2558,0,outer_ring
2811,58.181083059707824,11.171158440241213,11312,5,text_en_1919
2812,62.76188582961862,5.762459679872692,2900,0,outer_ring
2813,52.838189403411874,3.468031757451636,2077,0,outer_ring
2814,47.2648615032674,22.402699146814587,5832,2,octagram
2815,41.7754313976994,8.168719007937208,1509,0,outer_ring
2816,48.75652262152827,5.782303100475714,1745,0,outer_ring
2817,54.76657263942002,6.030585588169584,2241,0,outer_ring
2818,50.84084260511645,6.501978930675246,1898,0,outer_ring
2819,50.57676448952085,6.355660351680221,1876,0,outer_ring
2820,59.18977417428646,5.1899036443401485,2654,0,outer_ring
2821,57.78046257875876,6.393102641319584,2540,0,outer_ring
2822,58.38686999740055,6.5781806659618525,2603,0,outer_ring
2823,45.77342506584757,4.579729489808562,1635,0,outer_ring
2824,46.229957806226956,6.468038682426676,1639,0,outer_ring
2825,49.376684707109966,6.042189107303152,1784,0,outer_ring
2826,65.21422833398597,6.859414759334991,3034,0,outer_ring
2827,51.78167288911762,6.761791150751709,1983,0,outer_ring
2828,63.63156570798751,35.419414794945695,8539,4,stroke_kai
2829,93.29749512050799,47.5037205573912,10469,5,text_en_1919
2830,74.62874904017937,60.17139037639322,4492,2,octagram
2831,87.0495472670967,49.37438061955942,10294,5,text_en_1919
2832,56.237837699075634,4.807216394838626,2387,0,outer_ring
2833,56.47835075786266,38.79391864582777,8434,4,stroke_kai
2834,49.72066980009266,5.9236671436332395,1814,0,outer_ring
2835,66.49630665479076,35.925566737698695,8532,4,stroke_kai
2836,66.77302260988616,53.587254015947096,7837,4,stroke_kai
2837,42.768670954667236,88.10480720640594,1060,0,outer_ring
2838,52.57781625292114,51.03165938562247,6927,3,stroke_nan
2839,22.700567799691903,67.43603205802053,9655,5,text_en_1919
2840,57.4355153768136,88.40859618916545,146,0,outer_ring
2841,52.5412759651512,88.29310750289245,402,0,outer_ring
2842,29.377225674292532,75.17461723066589,9360,5,text_en_1919
2843,37.038897562407364,88.65548584005371,1249,0,outer_ring
2844,34.132222534400135,69.91507897878537,9497,5,text_en_1919
2845,39.44417236906437,61.81739198074981,5109,2,octagram
2846,25.88713970022074,47.182655730925354,3825,1,inner_ring
2847,31.969379563148372,53.89019360181571,5291,2,octagram
2848,21.608321695144205,43.43969904576033,10552,5,text_en_1919
2849,19.63723300572784,62.490722258515426,9746,5,text_en_1919
2850,28.46948181370815,55.50299869444194,3768,1,inner_ring
2851,33.62891736253217,36.03805398813682,5556,2,octagram
2852,43.07146499409971,40.943448833052145,7389,3,stroke_nan
2853,28.987106940620475,37.03915712952537,5512,2,octagram
2854,26.685074674461188,37.49897460842882,3891,1,inner_ring
2855,47.91474527542505,40.27819451882923,7398,3,stroke_nan
2856,30.95966073929552,63.57773296648265,3711,1,inner_ring
2857,46.052084358250696,6.646237173391598,1630,0,outer_ring
2858,52.05201419468589,58.01578978690606,6642,3,stroke_nan
2859,51.77646759448759,88.89771767480227,438,0,outer_ring
2860,50.7702961827297,47.21990322815563,7115,3,stroke_nan
2861,58.604382912067926,35.57683428977316,8576,4,stroke_kai
2862,72.83860049280251,9.972997449360038,3198,0,outer_ring
2863,67.57949986548306,63.12992482302698,4570,2,octagram
2864,89.06973283259026,47.62869227541002,10448,5,text_en_1919
2865,62.961611146340054,82.12824388454425,8886,5,text_en_1919
2866,49.69037181045451,88.75447084611821,585,0,outer_ring
2867,57.1896034660787,78.49259529623399,9084,5,text_en_1919
2868,81.387926677102,38.80178429625745,4359,1,inner_ring
2869,50.33090667631553,23.210309185176957,5862,2,octagram
2870,25.640217622945656,69.61172937036343,9519,5,text_en_1919
2871,56.66141606363126,47.44757973215919,8085,4,stroke_kai
2872,42.38069892110934,53.417553834365776,6793,3,stroke_nan
2873,46.06927181012327,52.914575731602895,6805,3,stroke_nan
2874,58.74541937177367,17.009041607572367,11019,5,text_en_1919
2875,44.48893018359358,45.23646015059437,7234,3,stroke_nan
2876,66.3021291893714,8.990882435695505,3087,0,outer_ring
2877,41.4617687208234,7.082925358671258,1510,0,outer_ring
2878,41.39397944247476,66.60340979979851,5048,2,octagram
2879,30.65820093627182,38.9685852708429,5460,2,octagram
2880,53.13269544020263,49.89911084374984,6945,3,stroke_nan
2881,47.01832502119229,5.76162366574005,1670,0,outer_ring
2882,48.15941979458344,48.59834404612883,7054,3,stroke_nan
2883,47.12492651623079,33.32429207152345,7575,3,stroke_nan
2884,34.10132930691567,47.4531578710287,5370,2,octagram
2885,29.345377676457016,36.224277405649936,5511,2,octagram
2886,35.50530726099908,10.33730911153447,1433,0,outer_ring
2887,58.27967342730685,60.53166921497608,7640,4,stroke_kai
2888,75.82978221825113,31.61255421161202,4295,1,inner_ring
2889,64.16471660637632,6.798303383815302,2990,0,outer_ring
2890,68.41974577364395,45.323021100150214,8183,4,stroke_kai
2891,53.58942216570033,21.007906354565726,4115,1,inner_ring
2892,82.28287114285067,41.650782513478795,4378,1,inner_ring
2893,50.73193434914212,25.413720086931345,5877,2,octagram
2894,39.27126108591327,43.40379693912865,7308,3,stroke_nan
2895,79.35425806877257,37.36864472676644,6304,2,octagram
2896,67.34668513958778,28.77214172598441,6128,2,octagram
2897,81.2296016174312,39.87731051104429,4365,1,inner_ring
2898,78.30303191848569,67.0060870720374,9635,5,text_en_1919
2899,68.77372118225364,33.78977782847908,6179,2,octagram
2900,68.07144119525984,55.028513771459416,7776,4,stroke_kai
2901,58.8057747487741,51.390650933996774,7962,4,stroke_kai
2902,43.973754811480845,81.82360947739971,8927,5,text_en_1919
2903,59.75701586790695,70.56523918299541,4755,2,octagram
2904,47.03518366499549,73.93764050355632,3575,1,inner_ring
2905,54.68403940973062,78.05872854610222,9165,5,text_en_1919
2906,37.50710346785845,86.07904499514314,1258,0,outer_ring
2907,50.467347883452724,88.73435639335443,534,0,outer_ring
2908,60.22550430545191,58.88129041911069,7661,4,stroke_kai
2909,56.26301111122499,88.57555863018021,193,0,outer_ring
2910,54.10409096423694,81.49584861683947,8870,5,text_en_1919
2911,56.54724694193328,89.0970559624419,181,0,outer_ring
2912,36.17603249803627,60.81873189321018,5150,2,octagram
2913,38.55001530889982,61.839986862198735,5115,2,octagram
2914,41.445830098223944,56.0510138512523,6731,3,stroke_nan
2915,49.529152036863685,75.19666191353151,3558,1,inner_ring
2916,25.59396899893412,71.68795595121351,9442,5,text_en_1919
2917,40.45628686741235,29.267751761119566,5701,2,octagram
2918,42.695707972490105,88.26937425150535,1063,0,outer_ring
2919,68.57201149860715,79.08124315202868,9171,5,text_en_1919
2920,55.293829572222904,90.7347350767545,239,0,outer_ring
2921,49.76241400361873,81.37155799737569,8903,5,text_en_1919
2922,67.3743487380395,64.78978073493757,4582,2,octagram
2923,66.81145988280761,81.76266057451919,8910,5,text_en_1919
2924,68.36638620130005,67.94087200221742,4609,2,octagram
2925,56.028551174582205,89.07752372536636,203,0,outer_ring
2926,67.67886268725745,66.38322926228246,4593,2,octagram
2927,74.6680367977855,51.0886764582113,6485,2,octagram
2928,62.29882359853959,74.0224668992783,3462,1,inner_ring
2929,60.55101801031332,46.07743442881752,8150,4,stroke_kai
2930,63.9909892286256,57.77486062029997,7708,4,stroke_kai
2931,74.41293200190867,67.25274489191682,3372,1,inner_ring
2932,89.79982528038127,59.73599823918742,9865,5,text_en_1919
2933,90.6475075607118,53.30349359143175,10097,5,text_en_1919
2934,62.81377257730503,72.99606362735882,4708,2,octagram
2935,63.720080315409014,58.24361489802029,7693,4,stroke_kai
2936,73.13142279560886,70.71323667554633,3394,1,inner_ring
2937,88.33663862405385,49.334884788756604,10314,5,text_en_1919
2938,77.45854765674692,46.09931025786327,4407,1,inner_ring
2939,49.67822356432153,6.728157729571511,1800,0,outer_ring
2940,69.52968638067378,15.888462167126585,11030,5,text_en_1919
2941,93.3868432100346,54.690173949162656,10021,5,text_en_1919
2942,51.518995304710415,89.61766861298284,457,0,outer_ring
2943,50.809694318465745,7.136851168261899,1888,0,outer_ring
2944,67.68319263306775,77.30279658907153,9299,5,text_en_1919
2945,79.50078988286037,56.75935884828589,6564,2,octagram
2946,68.5567113202233,33.509949444233015,6177,2,octagram
2947,90.8442246527754,48.98743767419438,10339,5,text_en_1919
2948,81.39877219179911,42.42648083381931,4380,1,inner_ring
2949,66.9591137190959,26.627693975750088,6099,2,octagram
2950,58.84457452762422,6.549201301571338,2637,0,outer_ring
2951,59.829261812986765,5.651739248560853,2706,0,outer_ring
2952,64.25414865857074,9.171822599245758,3016,0,outer_ring
2953,61.7142113521004,8.771400717214947,2864,0,outer_ring
2954,55.886553149361994,6.1073839079600525,2355,0,outer_ring
2955,56.41504400532568,14.991612443944256,11056,5,text_en_1919
2956,49.39267898757498,5.198830268259176,1790,0,outer_ring
2957,40.9526312918095,8.249543521033223,1489,0,outer_ring
2958,62.02770118618881,5.902917852673176,2850,0,outer_ring
2959,56.40747442239519,6.1130853534030285,2414,0,outer_ring
2960,62.85759130334752,8.979016210862078,2940,0,outer_ring
2961,49.72560632454865,56.505776650584735,6699,3,stroke_nan
2962,68.60804342797574,8.43760227125745,3141,0,outer_ring
2963,48.253192977535576,51.445139199794156,6901,3,stroke_nan
2964,54.54197280050429,5.342603716304803,2220,0,outer_ring
2965,57.9270431692058,10.204811393744636,11340,5,text_en_1919
2966,67.3785502487899,8.257507658427565,3114,0,outer_ring
2967,80.20567532310316,26.298272827038165,10805,5,text_en_1919
2968,68.3059419696267,15.791634125705128,11069,5,text_en_1919
2969,68.89368163166472,41.04065099872883,8342,4,stroke_kai
2970,84.09657556812988,65.59235369373985,9662,5,text_en_1919
2971,92.2767856909156,46.738077988576755,10488,5,text_en_1919
2972,76.24993464064468,59.31915301167044,4470,2,octagram
2973,62.95828891869961,74.6473988106992,3458,1,inner_ring
2974,82.89703744158268,52.61019096415523,3258,1,inner_ring
2975,78.29219508193864,40.651674536716236,6343,2,octagram
2976,46.57805263729131,50.786279840773126,6888,3,stroke_nan
2977,66.44829877668353,29.024752176758728,6130,2,octagram
2978,80.91792838823599,58.99508095526029,3302,1,inner_ring
2979,65.53641603972119,62.17035877096903,7606,4,stroke_kai
2980,70.17297550442045,82.79547108024025,8822,5,text_en_1919
2981,27.001736419176613,67.80665131479307,9591,5,text_en_1919
2982,47.502316313658675,79.11318619997273,9203,5,text_en_1919
2983,45.969541725489435,88.25227989681372,874,0,outer_ring
2984,43.95389801984004,87.91214278316129,998,0,outer_ring
2985,48.56890877981777,88.63326014354952,685,0,outer_ring
2986,27.299573820069455,55.55716518177548,3771,1,inner_ring
2987,39.48922539834236,83.95253550395503,1236,0,outer_ring
2988,30.660702135048318,67.57262176651155,9596,5,text_en_1919
2989,34.15389605836443,50.24536997514644,5335,2,octagram
2990,20.31008746405397,49.00408323328674,10399,5,text_en_1919
2991,20.582913150608675,51.38176045806489,10161,5,text_en_1919
2992,38.277790749032135,70.95052958886775,3640,1,inner_ring
2993,11.622651712440272,54.999086466182746,1396,0,outer_ring
2994,21.737515846722058,42.53482377125998,10575,5,text_en_1919
2995,32.44895278149914,43.61895266382097,5413,2,octagram
2996,21.65034848703592,49.46325986347244,10251,5,text_en_1919
2997,43.6983523361785,21.48741391065735,4051,1,inner_ring
2998,30.433129476638978,62.64141650816232,3718,1,inner_ring
2999,15.5517938553098,38.40643324080676,10766,5,text_en_1919
3000,47.40015035116113,83.39403743962465,8629,5,text_en_1919
3001,47.15474916033784,16.234650771099464,10925,5,text_en_1919
3002,45.15443607644557,44.69700762187915,7227,3,stroke_nan
3003,68.70946742898656,65.24960973021408,4583,2,octagram
3004,48.15587273142386,43.77472435515434,7266,3,stroke_nan
3005,45.073617229788404,51.394246022082065,6851,3,stroke_nan
3006,53.53899908232721,89.59368246976824,332,0,outer_ring
3007,41.55442786631088,88.37577412580559,1109,0,outer_ring
3008,62.091113735335774,16.008197288017108,11009,5,text_en_1919
3009,49.33215478032349,89.34887351223963,614,0,outer_ring
3010,62.843750198890085,73.99769232192526,4699,2,octagram
3011,52.90438549552578,8.08776515936492,2066,0,outer_ring
3012,87.4318765220014,55.26027268562129,10053,5,text_en_1919
3013,42.259905254298125,20.048422244069542,10880,5,text_en_1919
3014,38.75420739168103,14.331689023636365,11209,5,text_en_1919
3015,60.09391135943636,71.09900636900025,4750,2,octagram
3016,44.85266668836225,20.146923539649695,4062,1,inner_ring
3017,51.29100987307574,34.876023144370265,7514,3,stroke_nan
3018,32.52708290984744,28.797600630048944,3954,1,inner_ring
3019,58.22780979752042,11.095435016053846,11320,5,text_en_1919
3020,34.89227240811924,35.30137115337023,5573,2,octagram
3021,34.07846819558349,35.93056896737257,5564,2,octagram
3022,72.47632165249344,25.671268663112944,4251,1,inner_ring
3023,55.95333453536984,5.290266560725954,2359,0,outer_ring
3024,54.70698350383211,79.1859985347721,9096,5,text_en_1919
3025,40.60806884183031,42.910379760099026,7282,3,stroke_nan
3026,49.00269725251171,16.519014226761588,10933,5,text_en_1919
3027,54.95086580357525,26.235642311244618,5915,2,octagram
3028,50.78183429042661,11.753637975981267,11261,5,text_en_1919
3029,53.34152410834026,13.42934218327489,11230,5,text_en_1919
3030,47.33540142101684,24.078230477201288,5838,2,octagram
3031,39.860006979983176,31.298997377879672,5674,2,octagram
3032,37.66286260144321,9.687621758559935,1445,0,outer_ring
3033,62.08397243079483,58.655339374501274,7684,4,stroke_kai
3034,62.21696407287083,20.993572674535372,4178,1,inner_ring
3035,57.86316212699627,5.817421833525518,2544,0,outer_ring
3036,61.01811052952011,56.507761524928995,7754,4,stroke_kai
3037,68.44326782894571,29.785014026426875,6145,2,octagram
3038,81.33485431961367,26.386579929860826,10817,5,text_en_1919
3039,44.56946759007826,71.73676454190958,4942,2,octagram
3040,84.68346211227373,51.695055138854464,10127,5,text_en_1919
3041,45.940690022219584,13.809874517704436,11094,5,text_en_1919
3042,61.72732370531698,41.479639720540035,8357,4,stroke_kai
3043,84.60363828038953,54.46311358168095,10070,5,text_en_1919
3044,58.23998171888702,88.78498664477164,118,0,outer_ring
3045,38.58878560261479,90.33007618189616,1192,0,outer_ring
3046,44.53214352961447,49.63246765975858,7017,3,stroke_nan
3047,46.21719948938302,87.8152045342389,864,0,outer_ring
3048,60.405689977995266,55.4427871172079,7798,4,stroke_kai
3049,52.65524375526524,82.00465543618365,8834,5,text_en_1919
3050,45.41103679364658,86.85046646497932,934,0,outer_ring
3051,36.208250647072155,69.41035855345596,3654,1,inner_ring
3052,67.90914845524144,81.71996081661094,8899,5,text_en_1919
3053,53.30135972246125,90.52956726027496,351,0,outer_ring
3054,46.51068981535431,88.89647613929641,834,0,outer_ring
3055,56.12590136644108,88.62688575078708,199,0,outer_ring
3056,33.09154842539902,37.692129845061615,5546,2,octagram
3057,15.463061107079639,50.31281999915646,10216,5,text_en_1919
3058,33.206421159290564,73.26834132755206,9400,5,text_en_1919
3059,26.80737012088308,15.447269609757932,1414,0,outer_ring
3060,54.06087413698027,90.48014408019525,306,0,outer_ring
3061,68.25183039569856,81.1805910378979,8981,5,text_en_1919
3062,60.79892173638628,89.25744021157615,64,0,outer_ring
3063,65.76940450707116,66.665132804031,4606,2,octagram
3064,68.60274204904732,45.08258765562256,8201,4,stroke_kai
3065,64.01774523124504,46.36693126171448,8134,4,stroke_kai
3066,60.568317395773946,85.7325006034281,8620,5,text_en_1919
3067,76.14754448425619,67.31840094593873,3362,1,inner_ring
3068,52.133961975069944,84.0660931184314,8657,5,text_en_1919
3069,52.37746954453714,52.74799342905623,6872,3,stroke_nan
3070,63.85183582478405,51.6166095969373,7941,4,stroke_kai
3071,69.73638608012615,61.79130105175262,4550,2,octagram
3072,56.1537794151638,34.52030862898334,8540,4,stroke_kai
3073,67.32989974446201,78.85483135409345,9170,5,text_en_1919
3074,54.69464822899284,67.10653480928404,4817,2,octagram
3075,88.6110500522346,49.71736614961465,10297,5,text_en_1919
3076,69.47545543345949,61.67380834353573,4553,2,octagram
3077,57.49942436214024,48.16340162521937,8050,4,stroke_kai
3078,78.01577496549889,62.319987717801034,3334,1,inner_ring
3079,89.94589891938344,55.3664630767424,10034,5,text_en_1919
3080,54.1519079241721,4.914547369767991,2190,0,outer_ring
3081,62.37299417072919,4.63217292570359,2855,0,outer_ring
3082,50.73834019109099,79.89687965583317,9024,5,text_en_1919
3083,82.05789754874651,49.528574388350364,3238,1,inner_ring
3084,69.90822667081193,33.166323942394236,6188,2,octagram
3085,56.720235732523776,6.592397214537348,2440,0,outer_ring
3086,77.93795597374186,44.85317887700392,4398,1,inner_ring
3087,91.7639909962312,47.17309906702325,10481,5,text_en_1919
3088,88.41564885394536,48.31391550508012,10370,5,text_en_1919
3089,87.16360276536469,53.91582589969794,10102,5,text_en_1919
3090,48.14663891474468,27.613213329092105,7548,3,stroke_nan
3091,83.175576937905,42.5713994845635,10637,5,text_en_1919
3092,67.80517704013222,45.98499111480476,8148,4,stroke_kai
3093,55.476371424363506,4.622906578671475,2315,0,outer_ring
3094,62.98851595905673,38.019510480606804,8458,4,stroke_kai
3095,77.1932763647161,28.371779274307546,4284,1,inner_ring
3096,63.95775714521417,8.534281416112222,3000,0,outer_ring
3097,63.32340301560665,18.273250063742264,10911,5,text_en_1919
3098,66.12888437096638,14.690281549491791,11102,5,text_en_1919
3099,53.2610002914855,5.017695762343438,2116,0,outer_ring
3100,62.67443009735468,6.282766682141637,2902,0,outer_ring
3101,48.45432900906225,10.167526732384687,11267,5,text_en_1919
3102,67.28555930025252,31.895646351384844,6164,2,octagram
3103,47.583170159121764,23.700602768405165,5840,2,octagram
3104,47.97399444171027,1.8201344051131516,1732,0,outer_ring
3105,52.01577930716891,42.8709824811576,7267,3,stroke_nan
3106,47.40855557032444,6.563184132418243,1680,0,outer_ring
3107,66.3607785386515,18.8882815242502,10876,5,text_en_1919
3108,48.072186327067975,6.088982396219977,1708,0,outer_ring
3109,58.69554775991417,6.178488039989608,2623,0,outer_ring
3110,55.92208018960268,4.899855348073075,2353,0,outer_ring
3111,79.32542163750679,60.53280038669497,3318,1,inner_ring
3112,82.79708410161687,56.76222528466315,3287,1,inner_ring
3113,93.46424593444786,48.949370508282286,10260,5,text_en_1919
3114,71.66420065842985,70.46874137113986,3402,1,inner_ring
3115,79.83003483141705,57.13300233254841,6575,2,octagram
3116,64.22827708534861,51.84822280890963,7914,4,stroke_kai
3117,52.88260634484141,35.258861473522735,7526,3,stroke_nan
3118,43.663249748724915,7.850445449242843,1546,0,outer_ring
3119,45.642073094966854,5.802803624186032,1614,0,outer_ring
3120,81.84901366760818,52.12516310732475,3254,1,inner_ring
3121,45.233654647922556,85.01285017804774,970,0,outer_ring
3122,44.275834319813285,72.65808795667658,4951,2,octagram
3123,44.92127483141642,89.47929294073826,925,0,outer_ring
3124,45.39648234109465,59.07007319200473,6609,3,stroke_nan
3125,32.87905225060444,83.75036041465717,1337,0,outer_ring
3126,29.31220871561142,58.44884612819393,5226,2,octagram
3127,46.43077797651194,91.64028271231335,799,0,outer_ring
3128,48.91066295827359,91.76463082832046,627,0,outer_ring
3129,43.96555706077771,82.39472411664867,8867,5,text_en_1919
3130,28.90338775124875,56.74112061596894,5249,2,octagram
3131,24.988070535650376,48.32649757479265,3821,1,inner_ring
3132,51.296259873172275,60.183198814142266,6627,3,stroke_nan
3133,20.085001845094304,47.081606908428455,10504,5,text_en_1919
3134,21.746478613501864,50.65984565217763,10205,5,text_en_1919
3135,21.416904722264057,48.7423706029427,10306,5,text_en_1919
3136,30.685692201275987,40.13233162053184,5453,2,octagram
3137,31.2046261874756,35.43343083434495,5540,2,octagram
3138,33.9532364775244,34.59774268151008,5565,2,octagram
3139,37.562287531354215,35.17666628889236,5595,2,octagram
3140,35.079923910761714,47.99336551570581,5368,2,octagram
3141,65.51151398843143,12.570373641831878,11295,5,text_en_1919
3142,21.10837573141739,66.67641672343044,9647,5,text_en_1919
3143,29.71785048732123,56.74757500044239,5255,2,octagram
3144,39.7928063693564,49.46840149884102,7000,3,stroke_nan
3145,46.9345122589254,40.20116048221307,7410,3,stroke_nan
3146,54.717156039121626,84.11141580121765,8659,5,text_en_1919
3147,47.065348369571055,87.44789497327771,808,0,outer_ring
3148,39.75819027757778,63.7285734963364,5072,2,octagram
3149,66.86036767791498,76.50092818558178,9321,5,text_en_1919
3150,57.87092636226917,80.62947776455303,8963,5,text_en_1919
3151,59.77915994863836,81.27518801333859,8953,5,text_en_1919
3152,29.92697852068695,65.56291312028442,9659,5,text_en_1919
3153,45.537011591503585,41.785918722630285,7359,3,stroke_nan
3154,43.8448276920918,23.447228285392782,5777,2,octagram
3155,59.79949144410579,73.36537564832707,4741,2,octagram
3156,52.03459974904462,58.14601454587531,6634,3,stroke_nan
3157,76.63270253592067,41.24307303399558,6356,2,octagram
3158,59.62047041769604,6.8370137350876705,2701,0,outer_ring
3159,43.758207570656914,43.467692869844456,7261,3,stroke_nan
3160,42.51307694765299,22.370838224518586,4043,1,inner_ring
3161,56.2851221465588,12.856550440245032,11242,5,text_en_1919
3162,33.42673637738279,46.81997710393373,5379,2,octagram
3163,29.228427739729852,37.62058448644537,5492,2,octagram
3164,40.20461002119285,41.52522514079246,7367,3,stroke_nan
3165,18.822838100245363,47.97657720251321,10360,5,text_en_1919
3166,39.47996818624008,62.98294315738161,5105,2,octagram
3167,45.797710859946356,45.869885253904386,7175,3,stroke_nan
3168,20.34572894125128,41.51005465866082,10602,5,text_en_1919
3169,27.669872799528342,27.267928334806644,10806,5,text_en_1919
3170,52.854766531692036,36.35801064613772,7503,3,stroke_nan
3171,55.38369164877004,6.3276125127769705,2305,0,outer_ring
3172,53.80935479696189,5.799288943478471,2162,0,outer_ring
3173,44.99424892769309,57.03665452485127,6681,3,stroke_nan
3174,65.75234853468191,22.206574859738133,4202,1,inner_ring
3175,63.18282289618755,16.752462509063736,11020,5,text_en_1919
3176,58.27407515486441,9.516814879435527,11357,5,text_en_1919
3177,37.310093747252104,9.771428208010178,1444,0,outer_ring
3178,59.04129940425722,5.5726307740957655,2643,0,outer_ring
3179,84.65377659976126,43.125605901534165,10638,5,text_en_1919
3180,65.5024689015841,23.158507753745603,4204,1,inner_ring
3181,85.93376971774845,60.21121970369052,9842,5,text_en_1919
3182,45.21963487206271,73.73978141667372,4946,2,octagram
3183,77.30761505357741,58.73290289208545,4453,2,octagram
3184,67.26617207212777,24.302551061131375,6098,2,octagram
3185,78.30073246533763,35.50111596699813,6290,2,octagram
3186,44.5364644999915,8.470803142915013,1565,0,outer_ring
3187,33.89945513455528,61.15557211644002,5168,2,octagram
3188,63.80607086822481,87.23004589711151,27,0,outer_ring
3189,32.85992721657931,82.34723473596718,1345,0,outer_ring
3190,72.42185948580196,80.76917250892913,9042,5,text_en_1919
3191,49.98583676208814,89.76820462892951,565,0,outer_ring
3192,43.62398727906071,79.90350556906519,9032,5,text_en_1919
3193,37.92165770094217,76.65602162197311,9349,5,text_en_1919
3194,46.56030188156796,88.43580968960772,836,0,outer_ring
3195,71.49927264438492,76.974453303611,9247,5,text_en_1919
3196,23.474660630712847,70.22101865860888,9476,5,text_en_1919
3197,44.916055954711766,87.25847887150198,957,0,outer_ring
3198,47.04023531217119,62.14187929342014,6579,3,stroke_nan
3199,26.056028306988175,67.19961308960339,9630,5,text_en_1919
3200,31.094312875306283,58.36073680949633,5208,2,octagram
3201,24.810774814751856,65.22494495375801,9699,5,text_en_1919
3202,43.238118549545106,89.86456841893278,1012,0,outer_ring
3203,58.105998185297466,90.26915377058027,129,0,outer_ring
3204,52.54712005167679,88.71567513147436,400,0,outer_ring
3205,63.083513525517816,73.40831244688722,4704,2,octagram
3206,47.79025284350504,88.15903009282448,747,0,outer_ring
3207,76.09014833492499,75.8878274233319,9342,5,text_en_1919
3208,59.6510968308919,78.96545988053408,9190,5,text_en_1919
3209,70.81473032478915,34.558288800299344,6196,2,octagram
3210,77.0973675235228,72.15478844931425,9418,5,text_en_1919
3211,40.83145123730444,65.49618577249157,5054,2,octagram
3212,77.08074465739703,68.0009861782645,9539,5,text_en_1919
3213,91.30188619805544,55.223436575906156,10025,5,text_en_1919
3214,87.39134844719747,57.02033581253318,9951,5,text_en_1919
3215,77.03364068482911,43.12791406679008,6369,2,octagram
3216,64.1068421820473,52.678180449478745,7876,4,stroke_kai
3217,75.44358451614161,36.59961309233497,6252,2,octagram
3218,79.8500348798353,50.408743318279896,3242,1,inner_ring
3219,78.058699532127,52.671348084442556,6519,2,octagram
3220,71.79056543269508,68.72037076339653,3390,1,inner_ring
3221,60.20854579954071,46.23949447069287,8173,4,stroke_kai
3222,65.09525058978537,17.786207017962095,10905,5,text_en_1919
3223,48.61086639736627,16.463419576667032,10932,5,text_en_1919
3224,74.99895859862873,26.726027607850046,4268,1,inner_ring
3225,63.97935145281476,47.468548715022834,8095,4,stroke_kai
3226,76.61012252479286,60.59828205036137,4474,2,octagram
3227,93.10454724016442,47.72659454881639,10452,5,text_en_1919
3228,92.86427795825557,42.70902204583891,10588,5,text_en_1919
3229,57.08686567113171,15.301455591491155,11085,5,text_en_1919
3230,60.64623254467079,7.5240609200901165,2776,0,outer_ring
3231,84.317483998758,47.90926296665943,10380,5,text_en_1919
3232,59.79043401586144,42.15474581744901,8332,4,stroke_kai
3233,79.5139736694031,39.2743797307583,6334,2,octagram
3234,60.570410319885276,6.105565879306983,2757,0,outer_ring
3235,59.15998187790811,10.402725346129358,11336,5,text_en_1919
3236,52.181723515491356,5.366632824509593,2017,0,outer_ring
3237,54.822756356271356,21.06306026946762,4127,1,inner_ring
3238,50.73112060253117,5.554850689662543,1894,0,outer_ring
3239,49.70091935701956,9.022563873583984,11322,5,text_en_1919
3240,53.6788925996291,5.309774997356608,2153,0,outer_ring
3241,39.87586217941584,9.722532870756838,1470,0,outer_ring
3242,50.12215420828098,7.184842709361456,1831,0,outer_ring
3243,70.4238526623087,25.087559682591305,4237,1,inner_ring
3244,62.41225300494396,7.382434541434191,2895,0,outer_ring
3245,49.350454648831494,55.90533800586678,6737,3,stroke_nan
3246,58.13475073165012,6.817384503894507,2586,0,outer_ring
3247,49.06030819431977,26.343627009059123,7550,3,stroke_nan
3248,56.21121479606899,3.5504737260308397,2379,0,outer_ring
3249,54.91490654404029,7.258683670432401,2258,0,outer_ring
3250,46.93338918335422,13.937112334815629,11054,5,text_en_1919
3251,68.07366221576119,42.336712487373,8304,4,stroke_kai
3252,50.168692461360145,15.504723110441116,10993,5,text_en_1919
3253,64.33530923059493,6.117519218124434,2992,0,outer_ring
3254,59.979365808270565,62.61247813560723,7583,4,stroke_kai
3255,82.92805799491383,60.1081410266476,9825,5,text_en_1919
3256,49.57285662946546,6.700179314993942,1789,0,outer_ring
3257,28.803041090788376,56.875934839667394,5251,2,octagram
3258,60.46817991075465,40.98634672897655,8373,4,stroke_kai
3259,81.6221031588055,53.636497273672774,3266,1,inner_ring
3260,54.5839230730991,29.343087230615275,5910,2,octagram
3261,41.66138046962961,28.288181620181668,5714,2,octagram
3262,90.60641029640135,54.02180927338771,10057,5,text_en_1919
3263,48.69874919480473,88.39214151212862,678,0,outer_ring
3264,34.40956171015333,83.14220502576879,1329,0,outer_ring
3265,38.24993156776071,79.43273777740539,9226,5,text_en_1919
3266,67.20302616894416,65.98006022922786,4592,2,octagram
3267,67.47039395237712,81.2229257577467,9005,5,text_en_1919
3268,35.6224102162801,69.12706098556767,3662,1,inner_ring
3269,33.69218041255984,67.76792838512137,3679,1,inner_ring
3270,31.811026213017332,65.14023724266663,3695,1,inner_ring
3271,32.445172263551946,64.7480125504998,3694,1,inner_ring
3272,48.026597597980064,52.6387393753764,6891,3,stroke_nan
3273,33.06194523393208,59.1563067480817,5189,2,octagram
3274,42.363250885843584,69.84363147395841,5012,2,octagram
3275,25.81134298172606,71.70249097107052,9447,5,text_en_1919
3276,24.384089983551945,46.68726066660378,3830,1,inner_ring
3277,23.810447030685346,41.76609948485657,10578,5,text_en_1919
3278,22.344368780723226,37.96804150980556,10753,5,text_en_1919
3279,24.114592753718277,39.09531307160083,10723,5,text_en_1919
3280,28.594922149829824,37.261526131693046,5496,2,octagram
3281,41.68493927187697,22.589386888502666,4041,1,inner_ring
3282,24.594357952871388,67.21998717149233,9611,5,text_en_1919
3283,44.865063833013515,56.26482064652502,6713,3,stroke_nan
3284,44.21310680156585,51.87153144115415,6896,3,stroke_nan
3285,56.90819392687538,70.22427363441733,4782,2,octagram
3286,34.921254883997655,84.20985017622658,1313,0,outer_ring
3287,39.46629218057431,52.82571879673451,6799,3,stroke_nan
3288,53.6945412208135,28.48957680317339,5896,2,octagram
3289,37.686076392498556,61.412472912788274,5129,2,octagram
3290,45.16223209986631,91.67219144851306,883,0,outer_ring
3291,57.9161165227055,52.46318562502635,7893,4,stroke_kai
3292,54.457447429676215,67.82046118558259,4811,2,octagram
3293,50.872106640443576,89.80815044169273,497,0,outer_ring
3294,50.68639241650955,89.12742595657302,514,0,outer_ring
3295,49.136648244156284,43.31922549926538,7295,3,stroke_nan
3296,68.02156911002702,41.223423108221134,8347,4,stroke_kai
3297,51.32409268910578,7.615818215010552,1929,0,outer_ring
3298,43.08107328313801,29.402286515313865,5704,2,octagram
3299,46.90948452827984,56.69113683188524,6676,3,stroke_nan
3300,54.06642314370386,33.13085030172227,5902,2,octagram
3301,55.115341220420035,36.56456542129772,8508,4,stroke_kai
3302,56.117337744415266,7.433329000382822,2385,0,outer_ring
3303,33.380337601509474,28.10340236919421,3964,1,inner_ring
3304,31.360222528142373,42.7186000020318,5421,2,octagram
3305,30.441115915083643,37.88217568587667,5485,2,octagram
3306,43.359282559001294,21.882862243600442,5773,2,octagram
3307,53.113785061178504,35.97149674643217,5904,2,octagram
3308,55.41812755773075,29.899764792374903,8563,4,stroke_kai
3309,44.043484856794066,14.893679009542257,11053,5,text_en_1919
3310,31.02408900727315,57.68437839438341,5210,2,octagram
3311,29.613675524350402,31.300659404906515,3933,1,inner_ring
3312,57.79999760443102,4.287605297393818,2532,0,outer_ring
3313,51.14744368392744,6.659608834748379,1913,0,outer_ring
3314,67.7566058123246,28.395210383312047,6124,2,octagram
3315,52.58508865542454,21.441931926278045,4103,1,inner_ring
3316,44.3541688744748,7.034022014048192,1572,0,outer_ring
3317,81.02272885575672,27.352579638735218,10804,5,text_en_1919
3318,65.56801129023954,6.603340424428274,3044,0,outer_ring
3319,50.57018130354271,76.09430054916379,3553,1,inner_ring
3320,54.149264011321364,77.2794296408324,9175,5,text_en_1919
3321,56.415456163151816,40.82199129474231,8382,4,stroke_kai
3322,79.17775989724065,55.51800123265212,6546,2,octagram
3323,48.74764094010956,70.51997616504312,4888,2,octagram
3324,54.26270415876484,82.95740334436863,8769,5,text_en_1919
3325,59.62500572253309,54.554275900184045,7856,4,stroke_kai
3326,60.21766970250955,82.05573493730901,8864,5,text_en_1919
3327,42.84798899456587,85.92848765260936,1088,0,outer_ring
3328,67.56207237217043,84.22788442554226,8754,5,text_en_1919
3329,46.473408949821476,72.60777840509984,4935,2,octagram
3330,56.46543234445204,81.37750223013359,8906,5,text_en_1919
3331,50.389036737534575,89.36086778082115,536,0,outer_ring
3332,53.35882473914622,79.63566143151752,9095,5,text_en_1919
3333,40.39177318770205,85.64692770520752,1187,0,outer_ring
3334,41.13875194631319,88.09149819791872,1129,0,outer_ring
3335,47.52112869275443,89.37713893133542,750,0,outer_ring
3336,59.866334501182905,79.46714502551703,9086,5,text_en_1919
3337,43.61842225961764,52.48482297754466,6885,3,stroke_nan
3338,43.64304614313631,45.75333625091161,7146,3,stroke_nan
3339,41.32660873153586,88.47505320502745,1115,0,outer_ring
3340,63.950098724030525,86.71913241931989,8663,5,text_en_1919
3341,35.70718460523804,61.585479378898306,5155,2,octagram
3342,17.631113344847044,43.82726351269707,10599,5,text_en_1919
3343,19.69240880566013,61.39216339680796,9763,5,text_en_1919
3344,42.51966718826882,83.18434449701397,8776,5,text_en_1919
3345,48.4599338675024,89.24176521300103,688,0,outer_ring
3346,53.49678561798304,89.18136657245668,334,0,outer_ring
3347,58.78630394494571,88.38047529314099,98,0,outer_ring
3348,53.46904540082605,89.52789954635236,338,0,outer_ring
3349,46.33108074268269,85.90211783711948,886,0,outer_ring
3350,33.77229185847668,85.26789640610774,1321,0,outer_ring
3351,78.75097531188976,76.81008249115776,9319,5,text_en_1919
3352,63.67069876718983,72.88571609808358,4700,2,octagram
3353,53.03074334107495,35.539333831040416,5905,2,octagram
3354,61.73523931150399,52.850973086055994,7887,4,stroke_kai
3355,50.6737416620354,68.67466365000453,4864,2,octagram
3356,59.229680738743156,88.83305665728955,88,0,outer_ring
3357,70.03101593466887,62.61501691966089,4551,2,octagram
3358,90.03198186247315,49.97728771390902,10220,5,text_en_1919
3359,64.23495924674764,49.66167327492902,8018,4,stroke_kai
3360,76.40234075013545,42.759187450293666,6365,2,octagram
3361,80.36155213350399,76.48780568903928,9351,5,text_en_1919
3362,76.22260735926169,64.61045390209223,3353,1,inner_ring
3363,59.051908195057194,73.79692236637582,3487,1,inner_ring
3364,53.18808517376255,5.621598902868646,2109,0,outer_ring
3365,45.48358710167352,54.99214224084323,6767,3,stroke_nan
3366,46.962687266328096,56.960863279092486,6655,3,stroke_nan
3367,79.2329686442443,57.2702202603621,6569,2,octagram
3368,94.15769089093678,50.37290247948136,10194,5,text_en_1919
3369,82.52729886988217,50.78036698248414,3245,1,inner_ring
3370,74.66753812149737,49.691654982106634,6473,2,octagram
3371,55.1133067737222,79.25132217137593,9109,5,text_en_1919
3372,76.89098385756985,52.02507183658314,6502,2,octagram
3373,50.867730841820645,15.883325816976678,11095,5,text_en_1919
3374,65.10469973668926,26.95348656208936,6092,2,octagram
3375,58.50664628606353,24.37967702676556,5959,2,octagram
3376,64.88767653852935,37.49944329996479,8470,4,stroke_kai
3377,60.614909136080655,8.04336349503968,2782,0,outer_ring
3378,55.710105094717,5.5227954965971575,2343,0,outer_ring
3379,56.08147737627758,36.92373158151718,8512,4,stroke_kai
3380,55.38577595875438,4.89128672055659,2300,0,outer_ring
3381,45.18203148012955,15.854024830645038,10929,5,text_en_1919
3382,58.06233798914733,15.793576449404373,11049,5,text_en_1919
3383,54.76087328394294,6.960887772702171,2242,0,outer_ring
3384,65.36411725907296,25.268598956291243,6083,2,octagram
3385,51.542284788445336,6.3441328522615335,1963,0,outer_ring
3386,50.589324665496115,16.661727233848595,10964,5,text_en_1919
3387,60.56120346148013,5.752259915963595,2752,0,outer_ring
3388,51.093074059165914,36.94941018789388,7483,3,stroke_nan
3389,48.76429670281425,7.031027939512891,1737,0,outer_ring
3390,58.62186123802679,6.723469180776444,2622,0,outer_ring
3391,53.87913808702006,7.194957021603173,2167,0,outer_ring
3392,72.13895438018467,26.29603060345592,4254,1,inner_ring
3393,63.953020209699616,7.373142135843532,2987,0,outer_ring
3394,65.70683403210906,30.212461066445048,6136,2,octagram
3395,81.14461621705979,49.0693894237223,3235,1,inner_ring
3396,87.14025633905477,60.214899249981954,9837,5,text_en_1919
3397,91.58679822344452,46.5542073954642,10494,5,text_en_1919
3398,81.63593541580566,55.75015609917741,3279,1,inner_ring
3399,59.06088790953801,5.811160937279574,2649,0,outer_ring
3400,63.204534513927555,39.826176652734816,8422,4,stroke_kai
3401,73.35673406401294,9.421380607343927,3201,0,outer_ring
3402,65.38041616038609,45.28343471525875,8186,4,stroke_kai
3403,47.75278659051201,4.818167969086981,1702,0,outer_ring
3404,69.02115168138201,53.71693367622575,7820,4,stroke_kai
3405,65.36258453561157,69.29487242727903,4637,2,octagram
3406,44.50299374280788,61.13102107542462,6600,3,stroke_nan
3407,50.5301483896011,89.08339563666225,531,0,outer_ring
3408,50.89125921860514,88.45218229891783,501,0,outer_ring
3409,58.90547821390195,89.064975027831,97,0,outer_ring
3410,42.10813376334768,88.01341652167652,1091,0,outer_ring
3411,53.02116839410608,89.79058833820505,367,0,outer_ring
3412,31.40421527314072,82.10497185062742,1356,0,outer_ring
3413,22.528042091452136,60.06724091086869,9880,5,text_en_1919
3414,29.916500989003474,37.0073641493168,5515,2,octagram
3415,30.09006932066049,74.42301661314556,9384,5,text_en_1919
3416,16.97740752796288,36.6852559685748,10773,5,text_en_1919
3417,26.968948554238747,45.44981276958701,3844,1,inner_ring
3418,19.123598783931733,41.80594400510728,10617,5,text_en_1919
3419,25.077729007963004,38.96617993863028,10716,5,text_en_1919
3420,47.519495467834574,25.758714173660127,5849,2,octagram
3421,42.40351434146238,25.221400674455396,5746,2,octagram
3422,33.729401047016445,36.46547297613342,5558,2,octagram
3423,25.211359501293916,49.66017960800335,3809,1,inner_ring
3424,21.85612063327808,46.11118299410831,10509,5,text_en_1919
3425,23.737450444078554,38.236407348044935,10738,5,text_en_1919
3426,45.99783152496921,70.09544043953932,4923,2,octagram
3427,41.632436017327954,43.400311934088144,7281,3,stroke_nan
3428,45.94733085816159,61.01771654174594,6585,3,stroke_nan
3429,52.83442789948534,89.40510945151107,381,0,outer_ring
3430,49.20216002280586,53.69202679525207,6816,3,stroke_nan
3431,42.14449806971177,86.92238936166642,1106,0,outer_ring
3432,69.50777051757527,77.80651465834396,9277,5,text_en_1919
3433,67.94325254763147,27.914690163097696,6117,2,octagram
3434,50.188383325925074,90.76961678198433,540,0,outer_ring
3435,58.559050420905805,89.29642576613847,106,0,outer_ring
3436,46.453145643232546,89.65397833375188,824,0,outer_ring
3437,43.29447821107135,52.18964313646775,6849,3,stroke_nan
3438,45.5015191568832,80.03251105155006,9079,5,text_en_1919
3439,52.99843612890273,90.29313610408686,368,0,outer_ring
3440,40.808924095710324,51.31010696685518,6907,3,stroke_nan
3441,76.47923384513862,44.329212010161974,6387,2,octagram
3442,52.47924102559528,6.004086418325936,2036,0,outer_ring
3443,27.537098774784834,48.39128897031534,3820,1,inner_ring
3444,40.037203814609725,34.41363995529024,5627,2,octagram
3445,40.84958326791198,30.493634334322024,5693,2,octagram
3446,33.56209007154789,26.126272148868495,3973,1,inner_ring
3447,35.3309008723271,28.14696468394861,3972,1,inner_ring
3448,40.53823282988577,23.63970030373887,4023,1,inner_ring
3449,37.0312358662017,60.32814482791196,5144,2,octagram
3450,22.07183261910968,38.97764653186613,10725,5,text_en_1919
3451,39.38690944722595,15.24218409299731,11147,5,text_en_1919
3452,33.271734568281765,50.594174440717886,5331,2,octagram
3453,21.991147550469268,38.7219212130391,10744,5,text_en_1919
3454,52.67223618305101,46.978761810967114,7123,3,stroke_nan
3455,65.61037224942574,38.18923639815087,8474,4,stroke_kai
3456,44.273753946611166,44.85709270557268,7273,3,stroke_nan
3457,55.492180278215564,20.92276706630215,4129,1,inner_ring
3458,48.24124829413453,5.952138380845533,1716,0,outer_ring
3459,37.26839204766605,71.42520349935695,3643,1,inner_ring
3460,64.50902620963635,43.0538492143076,8314,4,stroke_kai
3461,43.040073173434784,51.13797980703999,6933,3,stroke_nan
3462,32.311099702379835,59.37747101967249,5191,2,octagram
3463,86.43207328390251,60.4646862397454,9813,5,text_en_1919
3464,49.50708149746933,6.112889097344832,1791,0,outer_ring
3465,80.9950324452768,69.56853052598991,9509,5,text_en_1919
3466,60.99242381620644,44.11551617798593,8245,4,stroke_kai
3467,79.13804067798691,38.464959446233934,6328,2,octagram
3468,75.55869981694231,45.31005393998271,6404,2,octagram
3469,52.21044440019178,55.12546219806885,6738,3,stroke_nan
3470,61.47248048664538,84.80015297925276,8681,5,text_en_1919
3471,63.31379686605362,59.53198702818725,7628,4,stroke_kai
3472,53.612843318092615,88.77171182636246,330,0,outer_ring
3473,36.611813720286555,71.47550624682627,9425,5,text_en_1919
3474,48.725800145967085,81.42708695359359,8844,5,text_en_1919
3475,28.143421506626492,80.8679640339941,1370,0,outer_ring
3476,46.3892353808804,89.54911942995895,833,0,outer_ring
3477,45.85707060011794,89.41414655661744,866,0,outer_ring
3478,41.011622228746,87.6246275942681,1139,0,outer_ring
3479,60.63572998137347,88.2346735449734,63,0,outer_ring
3480,40.825776564002325,49.906316707773705,6989,3,stroke_nan
3481,41.88229516282811,89.30617694658598,1082,0,outer_ring
3482,49.508278961381514,90.96108487933066,584,0,outer_ring
3483,30.646901844333776,36.36160084499801,5526,2,octagram
3484,21.488855958961107,58.013697394714114,9943,5,text_en_1919
3485,23.52509606433708,41.93850300508177,10577,5,text_en_1919
3486,53.810840763886,90.68096367116736,314,0,outer_ring
3487,79.59799088817243,76.00406457334482,9339,5,text_en_1919
3488,39.892912920848445,72.32024974874065,3623,1,inner_ring
3489,60.92547581964023,72.67468883048863,4734,2,octagram
3490,65.5916007392602,63.04806580679953,7590,4,stroke_kai
3491,61.4161735957991,80.58180476499317,9004,5,text_en_1919
3492,61.544429653082965,56.91711200991022,7735,4,stroke_kai
3493,72.93837229867455,81.33501468185811,9019,5,text_en_1919
3494,61.093383614494286,37.098799715710484,8503,4,stroke_kai
3495,58.575278395400076,89.04204309160103,104,0,outer_ring
3496,86.8815554682092,41.2155482373349,10676,5,text_en_1919
3497,51.470114102622915,50.983015709754625,6893,3,stroke_nan
3498,66.10224184308915,70.50687231861531,4647,2,octagram
3499,73.51690893331079,66.20598079405998,3371,1,inner_ring
3500,84.53379035852949,47.79321261836129,10401,5,text_en_1919
3501,78.45011276690366,64.14278005691942,3342,1,inner_ring
3502,68.20423001338315,56.097218950160325,7762,4,stroke_kai
3503,84.18864702778171,60.03619851801144,9836,5,text_en_1919
3504,83.49000897589285,67.89107904988921,9586,5,text_en_1919
3505,71.10755187377826,61.76339311388282,4540,2,octagram
3506,57.23343988719779,25.93792071057379,5945,2,octagram
3507,48.415789758274,5.179651195247631,1729,0,outer_ring
3508,57.92609510219676,19.99227790154922,4143,1,inner_ring
3509,78.61318896008626,55.49839645652331,6547,2,octagram
3510,81.44444402711291,56.2995711660964,3286,1,inner_ring
3511,63.57205556960894,74.55288634138745,3454,1,inner_ring
3512,79.96293624901253,59.75314445289829,3308,1,inner_ring
3513,77.57259694662297,54.66835251239557,6533,2,octagram
3514,68.98400367722475,52.99089998277408,7868,4,stroke_kai
3515,65.5379716428869,44.70472500675253,8227,4,stroke_kai
3516,64.40589500850545,7.838686963550782,3010,0,outer_ring
3517,57.37415733911732,44.6811551213889,8190,4,stroke_kai
3518,57.78711301572761,4.279087922075201,2531,0,outer_ring
3519,54.7405398166911,5.642316713117552,2237,0,outer_ring
3520,69.48988134224817,7.7097533395853,3155,0,outer_ring
3521,54.43651945114237,15.350809505680518,11121,5,text_en_1919
3522,51.62536326262837,50.70335051263753,6930,3,stroke_nan
3523,63.10953472103885,7.265242420939428,2936,0,outer_ring
3524,52.60703817689829,7.647555722234712,2043,0,outer_ring
3525,47.11937770534452,7.748511291484228,1665,0,outer_ring
3526,64.87827510844274,44.24061128174688,8233,4,stroke_kai
3527,55.30445592536721,15.8727815799893,11084,5,text_en_1919
3528,55.269979838290986,6.010207962508912,2290,0,outer_ring
3529,57.342977105070666,20.210035191327318,4141,1,inner_ring
3530,61.50596563671434,6.026678404482572,2819,0,outer_ring
3531,55.50307826826919,7.2396250500658095,2325,0,outer_ring
3532,47.829741005950936,13.883827090987108,11176,5,text_en_1919
3533,72.78335256377417,11.554581220058946,3206,0,outer_ring
3534,63.67040165596106,21.41391065753589,4191,1,inner_ring
3535,63.95741390476841,37.8673712658425,8456,4,stroke_kai
3536,67.01985684101949,7.416146428873758,3095,0,outer_ring
3537,55.19990689824445,6.196470190425919,2283,0,outer_ring
3538,81.06004480377042,57.72421956448249,3297,1,inner_ring
3539,74.97205896343911,67.24771110917528,3369,1,inner_ring
3540,90.99186351242766,62.59919016692015,9769,5,text_en_1919
3541,79.0843238197467,34.64240609433326,4327,1,inner_ring
3542,57.4200653408111,4.763154320438304,2494,0,outer_ring
3543,68.85953298396603,44.057891906975,8271,4,stroke_kai
3544,46.5399072530691,7.075898039402067,1641,0,outer_ring
3545,49.30931276073741,5.904031989974709,1778,0,outer_ring
3546,45.72675794705462,56.5364928607063,6696,3,stroke_nan
3547,27.73639461004635,82.76993910268452,1368,0,outer_ring
3548,46.68048333244369,87.93228703087789,835,0,outer_ring
3549,34.26613768293803,85.04801405497832,1317,0,outer_ring
3550,48.79365284157948,84.67206700312336,8602,5,text_en_1919
3551,63.46138926000401,88.77420755161664,34,0,outer_ring
3552,62.93562327720244,82.2685755782706,8875,5,text_en_1919
3553,49.12010398179284,81.84393680481139,8833,5,text_en_1919
3554,47.15134266948214,90.08880214451597,773,0,outer_ring
3555,22.34764712189908,59.88532224912425,9892,5,text_en_1919
3556,58.83045530188859,76.05426373709356,3494,1,inner_ring
3557,51.88765657385601,50.206126638460745,6963,3,stroke_nan
3558,24.907952144552755,77.32040660853409,1379,0,outer_ring
3559,33.82387324324516,59.27916593478562,5174,2,octagram
3560,21.529253890278497,44.09460799205845,10543,5,text_en_1919
3561,23.211681939230296,60.979045424308936,9824,5,text_en_1919
3562,34.54530653428225,42.759466092395044,7342,3,stroke_nan
3563,32.39617365371187,37.228994930972355,5543,2,octagram
3564,44.24486693170295,48.81761265069279,7040,3,stroke_nan
3565,35.91245340944118,34.7976070439743,5583,2,octagram
3566,33.31805909853674,47.924223264862036,5360,2,octagram
3567,30.52120193639809,59.34088490558842,5213,2,octagram
3568,26.627619478994273,57.96415998542624,3754,1,inner_ring
3569,34.50359573660409,49.601186378512395,5351,2,octagram
3570,48.09042256345589,8.089798613937695,1691,0,outer_ring
3571,46.51586118091208,58.967250902094285,6629,3,stroke_nan
3572,47.78623848741811,45.85560652381808,7139,3,stroke_nan
3573,64.51555505766441,55.187446145756304,7811,4,stroke_kai
3574,75.33436094057916,50.94498053199178,6487,2,octagram
3575,65.33788059333851,56.395781440149136,7767,4,stroke_kai
3576,52.157235067461585,28.27769567394227,7554,3,stroke_nan
3577,47.00485587889242,87.50004174216568,811,0,outer_ring
3578,74.17081595260194,63.345832323198685,4513,2,octagram
3579,49.71709754110045,15.276893309041355,11004,5,text_en_1919
3580,16.03684687973444,43.182493147657894,10607,5,text_en_1919
3581,63.14719184833006,16.66231847092954,10999,5,text_en_1919
3582,54.34521277966912,5.455986653403542,2200,0,outer_ring
3583,49.98695887972696,48.01623565045463,7035,3,stroke_nan
3584,28.207048702568247,34.95589872364081,3909,1,inner_ring
3585,51.69915818701647,37.36638357353401,7468,3,stroke_nan
3586,56.13297354320824,16.8018200308856,10995,5,text_en_1919
3587,22.581734273335055,56.44098312819472,10000,5,text_en_1919
3588,47.90461079502999,13.147664309145679,11202,5,text_en_1919
3589,29.46597918697368,34.11863342520848,3917,1,inner_ring
3590,11.48774206810885,55.37577280166045,1395,0,outer_ring
3591,40.39688339284108,14.272524260802884,11234,5,text_en_1919
3592,52.159244808049294,6.748503012987011,2008,0,outer_ring
3593,52.5860160479205,39.0971119767299,7432,3,stroke_nan
3594,32.9020792709344,36.1483797734205,5549,2,octagram
3595,32.01522559302279,11.761281165053518,1420,0,outer_ring
3596,45.99155288910544,7.398150823744437,1615,0,outer_ring
3597,42.986868951922695,56.05426034161792,6759,3,stroke_nan
3598,70.22257826461146,8.364599627685896,3166,0,outer_ring
3599,32.12286655232105,14.194696253279586,1419,0,outer_ring
3600,55.13993760980987,29.322605439895668,5916,2,octagram
3601,48.64817026431227,12.92422548167519,11214,5,text_en_1919
3602,46.029707429698774,6.6665645454186695,1629,0,outer_ring
3603,53.17063693089589,35.124309479190416,5903,2,octagram
3604,58.41587135888311,10.243448703392879,11341,5,text_en_1919
3605,55.12999321599139,37.333859060431784,8504,4,stroke_kai
3606,49.520482046723394,6.836276162647587,1785,0,outer_ring
3607,56.069203629231964,90.27825610584215,205,0,outer_ring
3608,64.73102389718478,39.7316165455913,8409,4,stroke_kai
3609,81.74286353028185,43.64074289906006,4391,1,inner_ring
3610,91.01547177124225,47.149262738705985,10450,5,text_en_1919
3611,47.282329454181706,74.64328012882933,3573,1,inner_ring
3612,43.67866930842409,72.10895726414034,4978,2,octagram
3613,41.85445518883152,57.03902970383596,6673,3,stroke_nan
3614,53.45514028484408,87.91152893079185,341,0,outer_ring
3615,30.930122716995985,73.42443110402796,9408,5,text_en_1919
3616,42.43108026209404,53.09996329401445,6792,3,stroke_nan
3617,46.261986026148534,89.27499998139366,847,0,outer_ring
3618,42.90637225539328,85.6222481884358,8665,5,text_en_1919
3619,46.85740665769671,89.58128828695651,795,0,outer_ring
3620,56.01334029627303,88.27551182912077,202,0,outer_ring
3621,46.01568119277076,35.35826823353714,7536,3,stroke_nan
3622,53.836216707130006,90.23131290371944,312,0,outer_ring
3623,33.488397901364074,53.1733496404313,5308,2,octagram
3624,43.65337129499361,44.31616670661409,7253,3,stroke_nan
3625,31.463320055533533,53.82594565025619,5287,2,octagram
3626,33.37377452004484,60.38733001485123,5173,2,octagram
3627,60.04758933453613,28.14936490926297,5973,2,octagram
3628,53.23593208070194,82.78234905637751,8756,5,text_en_1919
3629,59.43913179587228,82.50392023980618,8863,5,text_en_1919
3630,66.50153095873331,77.96492623738048,9282,5,text_en_1919
3631,64.88246121314661,78.83555086243052,9210,5,text_en_1919
3632,64.43922482101057,72.62722445629645,4683,2,octagram
3633,63.08275927797,51.16635914256043,7943,4,stroke_kai
3634,38.91434954118731,86.74635412870566,1221,0,outer_ring
3635,38.27398913797987,62.25120485474826,5120,2,octagram
3636,77.9120009683159,60.51069106084699,4451,2,octagram
3637,52.71556117257702,79.674301530571,9069,5,text_en_1919
3638,45.58738362590892,75.24250687095586,3581,1,inner_ring
3639,69.04069728839382,33.940404475798275,6181,2,octagram
3640,67.24267492839772,78.30701754698215,9275,5,text_en_1919
3641,54.041249350688524,75.90339593804724,9205,5,text_en_1919
3642,53.427641724561234,88.86493489541444,345,0,outer_ring
3643,77.30523394107857,35.08400030696429,6269,2,octagram
3644,68.74689271297339,62.21291618862357,4559,2,octagram
3645,86.06318134117805,63.04462417819027,9740,5,text_en_1919
3646,77.67845034131676,55.050759597046856,6536,2,octagram
3647,65.16338585612311,70.09742396150969,4655,2,octagram
3648,67.80078591111081,43.48052232317657,8282,4,stroke_kai
3649,53.463575000791934,5.411376124035857,2132,0,outer_ring
3650,48.904882361249605,47.90629485843675,7060,3,stroke_nan
3651,92.19043379243224,48.23346870361524,10340,5,text_en_1919
3652,58.38451969160561,25.64771023734839,5952,2,octagram
3653,67.95632047080875,54.179394961935394,7831,4,stroke_kai
3654,60.515137144848,54.444125794627666,7835,4,stroke_kai
3655,57.315843449064154,75.88715583215502,3503,1,inner_ring
3656,87.29039979563588,46.92197925384427,10443,5,text_en_1919
3657,54.89910928093504,5.691402391254678,2251,0,outer_ring
3658,66.24244914742255,6.307708737230647,3066,0,outer_ring
3659,53.611232181395565,2.9263982529004577,2148,0,outer_ring
3660,65.26375102940396,8.955673771864868,3055,0,outer_ring
3661,48.68728348816757,14.044048371404816,11023,5,text_en_1919
3662,65.74527230006004,8.091900989655029,3067,0,outer_ring
3663,61.563594410917695,6.4298616535253545,2825,0,outer_ring
3664,71.01156116330763,23.84731281022314,4234,1,inner_ring
3665,32.77402088118862,48.027399087219784,5353,2,octagram
3666,51.51483911779551,44.87103417375704,7194,3,stroke_nan
3667,58.16773510260868,4.494588645628783,2569,0,outer_ring
3668,53.88635057510697,6.903758714055888,2169,0,outer_ring
3669,68.48913178115951,48.793712143415824,8037,4,stroke_kai
3670,61.73617808182301,8.706285859467657,2865,0,outer_ring
3671,71.04214654707806,8.638858358372282,3174,0,outer_ring
3672,53.14805810558867,7.436347650291433,2098,0,outer_ring
3673,44.163051781002764,6.148281519138873,1573,0,outer_ring
3674,58.95123642394529,10.676436265748036,11317,5,text_en_1919
3675,61.13273719097317,7.349476888928541,2813,0,outer_ring
3676,44.70180333785301,5.971112078031586,1583,0,outer_ring
3677,77.24017817697754,31.943198218985582,4302,1,inner_ring
3678,61.998879999054616,5.546165937953,2844,0,outer_ring
3679,55.381653284302025,6.193365824943995,2304,0,outer_ring
3680,56.09035676102821,25.585173426822706,5935,2,octagram
3681,81.72443251084813,57.561733433693526,3295,1,inner_ring
3682,61.1880948721499,54.53450266364169,7836,4,stroke_kai
3683,74.31537742962404,46.22511660583633,6421,2,octagram
3684,56.18584356793847,7.017832490783154,2393,0,outer_ring
3685,78.48153986384254,43.490741253928874,4386,1,inner_ring
3686,55.38986497534387,66.5741060728768,4813,2,octagram
3687,37.91044604235089,40.58432749971361,7383,3,stroke_nan
3688,84.6650253633593,40.227895602484935,10684,5,text_en_1919
3689,47.36694625776991,89.42846683357467,766,0,outer_ring
3690,29.651651207821157,74.68698314039571,9382,5,text_en_1919
3691,43.45550016579617,87.83402000979207,1030,0,outer_ring
3692,49.201162298648654,89.96736658260748,621,0,outer_ring
3693,35.98953545259585,84.53883824424288,1299,0,outer_ring
3694,49.61941398914475,90.06410480226096,583,0,outer_ring
3695,35.783474834270905,69.2124798347478,3659,1,inner_ring
3696,42.223588053737195,87.05603932212988,1099,0,outer_ring
3697,33.289891102382036,82.53429187061354,1341,0,outer_ring
3698,35.192268612006885,47.008316843826364,7069,3,stroke_nan
3699,33.420962321603575,58.73921081057098,5187,2,octagram
3700,43.750623352517266,73.80484313434116,4959,2,octagram
3701,16.808216459693963,42.085174744407034,10622,5,text_en_1919
3702,21.578172568077523,51.600456903956065,10185,5,text_en_1919
3703,35.829024309218326,69.18944554399205,3658,1,inner_ring
3704,26.23596154518822,26.072124173844664,10829,5,text_en_1919
3705,33.07583077319474,50.23437401178982,5333,2,octagram
3706,35.25321712319604,34.55239605795405,5576,2,octagram
3707,51.518695854300674,45.30562903274673,7184,3,stroke_nan
3708,29.23033504788904,37.51695501398229,5494,2,octagram
3709,42.898181110364504,72.06472093041943,4982,2,octagram
3710,44.66943455788582,37.17116211775109,7495,3,stroke_nan
3711,66.54584074222524,67.89778607770704,4615,2,octagram
3712,61.9449342784643,71.78554140518511,4727,2,octagram
3713,65.02326221343289,25.105120931581688,6074,2,octagram
3714,74.05942368942763,9.931120955565195,3209,0,outer_ring
3715,29.16701196515776,81.4932226137097,1366,0,outer_ring
3716,56.40836209993971,56.97694376495171,7707,4,stroke_kai
3717,67.60956305461362,78.44073142049257,9268,5,text_en_1919
3718,27.34380672504294,55.12604745978239,3775,1,inner_ring
3719,49.67200469167323,66.54433531655191,6606,3,stroke_nan
3720,42.11770152431514,43.689598075765666,7302,3,stroke_nan
3721,59.7020629553045,52.912125743141985,7932,4,stroke_kai
3722,43.80554071422517,7.286511244580867,1553,0,outer_ring
3723,44.88546604858756,43.74977045122981,7284,3,stroke_nan
3724,55.313922033380216,27.775172282474614,5922,2,octagram
3725,48.49492446539192,50.461786422187735,6946,3,stroke_nan
3726,51.553714800739286,50.15405477276347,6929,3,stroke_nan
3727,67.16381974871231,30.583386673546755,6144,2,octagram
3728,41.06830942349405,23.769463002118997,4027,1,inner_ring
3729,64.14498386640103,21.327258881162926,4195,1,inner_ring
3730,28.028954397263476,56.82300990825899,3759,1,inner_ring
3731,41.201278283644626,7.844268223940323,1499,0,outer_ring
3732,35.7917217498067,46.9539881916722,7070,3,stroke_nan
3733,45.15321285594747,48.81143450979629,7042,3,stroke_nan
3734,56.992434893676844,88.12908449238616,164,0,outer_ring
3735,32.27646686522277,36.06985787279368,5545,2,octagram
3736,36.623973677686394,9.311095830583337,1442,0,outer_ring
3737,25.448040710619996,27.242021163981367,10814,5,text_en_1919
3738,33.808403965034984,35.5928440287497,5562,2,octagram
3739,41.348347432324935,50.38392362093859,6943,3,stroke_nan
3740,51.20763444652196,45.47514048139785,7159,3,stroke_nan
3741,53.02268081916333,6.421871667004523,2091,0,outer_ring
3742,65.48755304304225,7.097028365840013,3047,0,outer_ring
3743,49.81671779790369,6.517546989622057,1815,0,outer_ring
3744,53.06166510918447,69.41533578745718,4843,2,octagram
3745,34.12267082536269,48.16792350549301,5358,2,octagram
3746,57.40944937279658,27.47529861239777,5934,2,octagram
3747,74.76135024443184,60.46164227717151,4494,2,octagram
3748,42.97354737594686,86.98800357670976,1068,0,outer_ring
3749,78.72847539417305,35.32040196224946,4331,1,inner_ring
3750,59.710814671562716,58.10557604919459,7712,4,stroke_kai
3751,78.35476160563671,41.54466581549673,6349,2,octagram
3752,50.620832219197865,90.43568490755679,512,0,outer_ring
3753,46.90721702299188,43.508585691033744,7262,3,stroke_nan
3754,66.47306104685543,73.18842112745776,3438,1,inner_ring
3755,50.24613637855907,18.601626968470438,4093,1,inner_ring
3756,22.75128754527952,56.308148341244625,10002,5,text_en_1919
3757,44.52362177665361,55.668629498802346,6753,3,stroke_nan
3758,27.799545505142106,73.49489624231899,9389,5,text_en_1919
3759,50.541535217581156,88.9781656336087,529,0,outer_ring
3760,67.67504657476282,66.65483075493977,4599,2,octagram
3761,65.55301651217813,88.90777361037448,19,0,outer_ring
3762,58.55980429469388,79.14640100376296,9189,5,text_en_1919
3763,54.11148684888633,81.3311847870653,8917,5,text_en_1919
3764,47.85258924379105,53.31005255287369,6796,3,stroke_nan
3765,40.488801533319865,65.4228821017598,5056,2,octagram
3766,36.84708441154104,72.76413763813021,9409,5,text_en_1919
3767,31.15179766545785,36.422421422631665,5527,2,octagram
3768,23.535503277931653,69.41808425080542,9507,5,text_en_1919
3769,32.211589726077655,35.16629721947284,5548,2,octagram
3770,45.271608029904584,88.77020748771568,913,0,outer_ring
3771,46.45849482864278,77.86056170652449,9271,5,text_en_1919
3772,56.040648309564915,83.39519442007769,8710,5,text_en_1919
3773,62.31496387625094,81.42347054418563,8954,5,text_en_1919
3774,60.07391130048656,80.83802120838101,8992,5,text_en_1919
3775,79.58915247211564,70.96541705553251,9485,5,text_en_1919
3776,56.58293243528684,58.807502309737416,7634,4,stroke_kai
3777,57.88082870317821,23.231679981276205,5958,2,octagram
3778,59.99864183035241,69.84642647067831,4756,2,octagram
3779,70.32901901791747,62.102404276306544,4547,2,octagram
3780,68.1679213427856,80.08356584242739,9075,5,text_en_1919
3781,64.39379426385133,68.82753656896789,4654,2,octagram
3782,66.34468073550778,37.904955864475426,8475,4,stroke_kai
3783,65.73863387893515,42.652061779772545,8325,4,stroke_kai
3784,54.820276871290496,56.05781471653017,4823,2,octagram
3785,87.29495079941498,47.34356467552331,10407,5,text_en_1919
3786,79.51059586248213,60.929743629325216,3322,1,inner_ring
3787,77.31040268148679,41.16046695776737,6355,2,octagram
3788,64.82735288443205,51.85818838729771,7895,4,stroke_kai
3789,76.63607532761962,55.577763251524544,6537,2,octagram
3790,55.19965029500672,66.7873833507954,4815,2,octagram
3791,69.02162350545075,81.36854738492534,8945,5,text_en_1919
3792,30.712755719682676,15.252492402083075,1417,0,outer_ring
3793,81.45584695416575,46.54214466562245,4412,1,inner_ring
3794,77.42396462069051,56.64700253706783,6551,2,octagram
3795,82.44283971326308,44.287737874997184,4396,1,inner_ring
3796,63.13999764927193,56.70998373250042,7733,4,stroke_kai
3797,62.81404265083111,60.55017170410013,7622,4,stroke_kai
3798,87.35656214474024,48.464321951524326,10331,5,text_en_1919
3799,57.98830199819568,57.12856080690277,7689,4,stroke_kai
3800,53.7925424461387,16.841271993147426,4118,1,inner_ring
3801,62.64827439736248,23.238273117178675,6026,2,octagram
3802,47.76580140967307,4.731892306861933,1704,0,outer_ring
3803,53.99519958635429,5.666323572093641,2178,0,outer_ring
3804,55.74478970941814,7.040801379169149,2347,0,outer_ring
3805,52.80718701380764,42.703225878607675,7374,3,stroke_nan
3806,54.05632305653053,6.202216307460457,2182,0,outer_ring
3807,56.52513049048297,8.963148290166561,11359,5,text_en_1919
3808,62.23383937420142,6.132831714445908,2869,0,outer_ring
3809,48.610181167127514,6.238297391654925,1733,0,outer_ring
3810,58.85406776030169,18.05454759635561,10956,5,text_en_1919
3811,57.5782249904537,24.659670899170532,5953,2,octagram
3812,45.96842563245675,16.06899330576844,10936,5,text_en_1919
3813,53.74682674159913,6.248259401730312,2159,0,outer_ring
3814,58.89144936167743,11.414142283509227,11307,5,text_en_1919
3815,54.3057851653333,5.531677958428748,2198,0,outer_ring
3816,55.14924514826843,6.188191007873481,2275,0,outer_ring
3817,54.78863320015717,4.622721686447084,2244,0,outer_ring
3818,57.39618670521992,15.661038111263636,11065,5,text_en_1919
3819,48.10898939728155,18.897533558934917,4078,1,inner_ring
3820,82.05978917866129,44.34400905800275,4397,1,inner_ring
3821,46.79263177759779,5.318968776585844,1666,0,outer_ring
3822,68.51883495811543,38.913873110305644,8397,4,stroke_kai
3823,78.01076406163368,37.22502968938064,6292,2,octagram
3824,86.1726319997889,59.13627629391067,9871,5,text_en_1919
3825,78.26930086900562,24.056330190980486,10841,5,text_en_1919
3826,78.62267677063106,36.50376546621777,6298,2,octagram
3827,78.6557177785079,38.407402771592174,6327,2,octagram
3828,64.14771530045819,9.18505652774599,3014,0,outer_ring
3829,48.55903676120585,25.12392485280278,5852,2,octagram
3830,85.74255408781073,60.274009967462376,9820,5,text_en_1919
3831,56.93235800887647,90.24024648266169,172,0,outer_ring
3832,49.62433361084518,88.25727406196683,597,0,outer_ring
3833,41.3630822878876,88.05547980715102,1121,0,outer_ring
3834,67.05861307343716,89.76282996551829,15,0,outer_ring
3835,42.95966416426428,87.43697855250859,1061,0,outer_ring
3836,42.953837147843295,88.65510926390961,1043,0,outer_ring
3837,54.37354578685168,89.5467276759916,289,0,outer_ring
3838,38.64416486997749,45.50819145177719,7193,3,stroke_nan
3839,34.58235741510425,83.5116906137156,1324,0,outer_ring
3840,23.029409332264745,72.24463778419059,9459,5,text_en_1919
3841,18.989469543421936,57.50025093617569,9968,5,text_en_1919
3842,26.745429029821924,67.32303209338177,9578,5,text_en_1919
3843,19.472828783287117,46.719784099790864,10476,5,text_en_1919
3844,20.703063042143295,58.75365384333595,9922,5,text_en_1919
3845,27.127815083038218,52.03964288201275,3795,1,inner_ring
3846,27.509579188319698,45.69877905076879,3842,1,inner_ring
3847,25.244437447597456,45.69785714276381,3838,1,inner_ring
3848,42.69335524590962,18.824536937967448,10885,5,text_en_1919
3849,19.28668047837623,40.91596475983392,10636,5,text_en_1919
3850,28.626946849040657,38.00822179978752,5493,2,octagram
3851,22.22132244584856,39.26934467814177,10731,5,text_en_1919
3852,62.48566491242624,77.90578278339783,9273,5,text_en_1919
3853,36.15091472081789,36.707855553550694,5578,2,octagram
3854,34.92684090090008,65.49243162418058,3684,1,inner_ring
3855,64.63851942570052,68.40641400784398,4629,2,octagram
3856,26.87007720244318,66.6367245629695,9631,5,text_en_1919
3857,47.37856502138731,76.15219372097408,3569,1,inner_ring
3858,56.64588674711442,68.873294662144,4792,2,octagram
3859,52.59804553636683,91.92571139146479,392,0,outer_ring
3860,58.44166360556377,83.45479675524494,8771,5,text_en_1919
3861,57.378803899241355,76.50843704273468,3504,1,inner_ring
3862,60.97598223269215,71.62247200782357,4740,2,octagram
3863,49.67478856381878,88.30277890578981,590,0,outer_ring
3864,34.08191621765671,45.594118106566036,7164,3,stroke_nan
3865,40.46741056294066,7.302299451647902,1486,0,outer_ring
3866,92.42869365912767,48.96453678674517,10259,5,text_en_1919
3867,51.50584316755816,48.388866878008024,7015,3,stroke_nan
3868,75.98219220030172,52.7779521907841,6511,2,octagram
3869,52.67283418033448,49.97554009472801,6982,3,stroke_nan
3870,56.888289178187634,18.731407332448864,10955,5,text_en_1919
3871,52.65659837730473,36.519835455348236,7504,3,stroke_nan
3872,48.76622589578143,43.78512261980238,7256,3,stroke_nan
3873,44.80905563004381,23.037430381263015,5786,2,octagram
3874,48.94716218438335,12.7775441682502,11204,5,text_en_1919
3875,44.67764633143241,39.39251658426804,7451,3,stroke_nan
3876,38.94538804017102,50.09611415518491,6950,3,stroke_nan
3877,39.76457649496018,32.923521609095125,5628,2,octagram
3878,61.11051153340839,7.517881022895712,2815,0,outer_ring
3879,44.709064331997126,44.99015363784001,7235,3,stroke_nan
3880,31.935444355983506,77.1487029758966,9336,5,text_en_1919
3881,48.41158525509108,25.591785931342162,5858,2,octagram
3882,42.714960011217734,22.796622716521064,4044,1,inner_ring
3883,43.95044164757278,7.6539612668681976,1557,0,outer_ring
3884,54.78724166109692,6.407501948052389,2246,0,outer_ring
3885,52.6057968732519,79.00545090041611,9129,5,text_en_1919
3886,36.48930086877907,48.32975693962564,5366,2,octagram
3887,65.82117711404005,8.573640220606295,3075,0,outer_ring
3888,77.91264187182988,41.692075904830226,6351,2,octagram
3889,84.70774227107559,48.57319828358569,10328,5,text_en_1919
3890,48.31791708480178,89.35277464350386,697,0,outer_ring
3891,61.54573054729227,24.23788564264959,6015,2,octagram
3892,57.05684355516006,6.490474636834991,2473,0,outer_ring
3893,73.1498554377787,72.57449660122012,9412,5,text_en_1919
3894,90.9449129504567,54.251386197075185,10048,5,text_en_1919
3895,75.13502084940046,35.80488862099662,6245,2,octagram
3896,68.73077828839548,67.68899636587042,4605,2,octagram
3897,89.76879270744168,41.94431350553311,10633,5,text_en_1919
3898,45.42410966067917,58.39423158471077,6632,3,stroke_nan
3899,53.42167574910332,89.38544526437151,342,0,outer_ring
3900,65.95528006390761,82.5468901312403,8887,5,text_en_1919
3901,47.47376359470229,90.32814666524476,743,0,outer_ring
3902,46.89994634973306,78.35086403257702,9238,5,text_en_1919
3903,47.21053553447431,89.63347835854567,775,0,outer_ring
3904,55.853014841919126,89.99193754685679,214,0,outer_ring
3905,42.79654561711233,87.50905201173428,1070,0,outer_ring
3906,46.05813230253643,60.59489226560386,6587,3,stroke_nan
3907,44.18665328131339,79.81340414083056,9043,5,text_en_1919
3908,37.72316707510034,59.68169454001371,5136,2,octagram
3909,47.17487344343321,72.5204728896802,4921,2,octagram
3910,32.98863730047059,28.86482412425924,3956,1,inner_ring
3911,60.70459620172634,26.718751533864264,5988,2,octagram
3912,67.8349357036419,82.8581887975071,8809,5,text_en_1919
3913,63.39180860927571,50.6943699770414,7997,4,stroke_kai
3914,65.82351300544019,86.32198977209598,8654,5,text_en_1919
3915,68.55504897321077,72.55428605689465,3423,1,inner_ring
3916,68.48865444804649,87.79740538995435,9,0,outer_ring
3917,42.58178964508447,85.89163073701222,1098,0,outer_ring
3918,65.61583155002299,43.29253082102332,8286,4,stroke_kai
3919,41.11742157763811,53.353037413923666,6821,3,stroke_nan
3920,66.48752458255116,48.172910856209114,8078,4,stroke_kai
3921,53.15353905582536,46.74368835943052,7154,3,stroke_nan
3922,76.11855594718791,66.34280806445027,3360,1,inner_ring
3923,57.516506426808455,90.9120729425113,150,0,outer_ring
3924,52.08258598820853,68.06498290416738,4847,2,octagram
3925,80.36529006251727,39.3263362381023,4361,1,inner_ring
3926,57.661307975666205,58.09690356065049,7679,4,stroke_kai
3927,33.83360696502357,47.876970834610965,5364,2,octagram
3928,48.94185837305795,69.68802588862869,4887,2,octagram
3929,58.101279162637866,51.11161530015709,7964,4,stroke_kai
3930,62.62345260788932,48.40178525767691,8064,4,stroke_kai
3931,87.11545549643354,52.03394965506492,10134,5,text_en_1919
3932,52.34322564558169,5.05136472144387,2028,0,outer_ring
3933,75.7562920148036,49.21519430650557,6467,2,octagram
3934,59.81486259423635,17.151448402468578,10983,5,text_en_1919
3935,53.51857082653303,5.575490904736485,2137,0,outer_ring
3936,73.07573068358315,9.720858038465112,3200,0,outer_ring
3937,58.444045413604194,27.14048728238921,5967,2,octagram
3938,61.1955090008824,53.625069817642505,7839,4,stroke_kai
3939,88.51520084023382,54.24704751213207,10054,5,text_en_1919
3940,91.16949141435236,45.14644634280133,10525,5,text_en_1919
3941,64.17210159487284,57.237307400986374,7709,4,stroke_kai
3942,75.11026836381502,37.14530027242415,6251,2,octagram
3943,63.15030665759816,5.792521517778659,2921,0,outer_ring
3944,60.964997011739776,19.156181148924208,4163,1,inner_ring
3945,38.7684837064086,23.24316769064354,4018,1,inner_ring
3946,51.53988778617193,5.4501764841294795,1971,0,outer_ring
3947,59.16209584950109,10.766953364506058,11321,5,text_en_1919
3948,58.10977540699082,5.571098941348715,2573,0,outer_ring
3949,48.14156639033666,43.782976309336114,7277,3,stroke_nan
3950,60.29555093131837,6.8990826017943485,2745,0,outer_ring
3951,58.788069691645255,7.128947185157771,2638,0,outer_ring
3952,52.832316125417876,5.430005838110775,2071,0,outer_ring
3953,48.34149185990145,5.558927713474349,1723,0,outer_ring
3954,58.058765739335385,5.346779633809007,2567,0,outer_ring
3955,46.97796492377319,7.7308145819509635,1659,0,outer_ring
3956,59.10942417700337,47.424865635496786,8081,4,stroke_kai
3957,60.421992242310246,6.65080327402485,2751,0,outer_ring
3958,43.99113481523546,14.551947207582009,11072,5,text_en_1919
3959,53.14732316673899,5.1621542939888325,2105,0,outer_ring
3960,68.68224420016907,11.719566650600456,3162,0,outer_ring
3961,55.03487713554688,5.652540874948491,2266,0,outer_ring
3962,46.38545929792281,11.561713598770984,11222,5,text_en_1919
3963,49.87948008165361,52.99950291677584,6808,3,stroke_nan
3964,93.11221893909745,51.41972598935787,10172,5,text_en_1919
3965,95.77123326567076,51.32340638067447,10183,5,text_en_1919
3966,81.6356235686716,57.43977883454955,3294,1,inner_ring
3967,50.29962573233835,6.571656328275042,1851,0,outer_ring
3968,70.59342043898616,24.363240147952336,4233,1,inner_ring
3969,46.3309272807594,23.565257490661242,5828,2,octagram
3970,46.00222305196491,40.06898367683076,7421,3,stroke_nan
3971,52.78601603044969,5.6090785883377015,2061,0,outer_ring
3972,87.8113154356387,47.900350640389405,10388,5,text_en_1919
3973,51.65179423207476,75.66718299968939,3542,1,inner_ring
3974,47.62168993505333,88.0677650439496,763,0,outer_ring
3975,46.773705106381755,74.71165280338461,3576,1,inner_ring
3976,59.04002169123795,84.91680039225777,8671,5,text_en_1919
3977,41.4443901331435,83.83946786160568,8785,5,text_en_1919
3978,49.27711078022442,81.79720429329562,8801,5,text_en_1919
3979,45.246651779467975,89.11350901130444,907,0,outer_ring
3980,25.03834624288764,68.79809763705458,9549,5,text_en_1919
3981,40.560122678407495,62.369372681353596,5101,2,octagram
3982,30.794352511090477,62.65148338829682,3717,1,inner_ring
3983,59.97056376751533,89.18806723828146,78,0,outer_ring
3984,31.523325684101888,68.50414823243482,9511,5,text_en_1919
3985,21.650369561851274,37.66062796266146,10752,5,text_en_1919
3986,16.515718417812035,50.07228137814012,10223,5,text_en_1919
3987,22.42503660660336,58.572378461432336,9900,5,text_en_1919
3988,19.391008714939,51.46886480962005,10170,5,text_en_1919
3989,44.697578260358426,22.346549451373246,4056,1,inner_ring
3990,42.07573517007509,44.4130744568214,7239,3,stroke_nan
3991,25.930067542143842,42.15699200403993,3863,1,inner_ring
3992,48.40131899498815,56.70113549087401,6718,3,stroke_nan
3993,21.011568400164755,56.896846188757976,9992,5,text_en_1919
3994,34.60091889274869,58.31776353722669,5186,2,octagram
3995,50.02623260194351,19.12971737622143,4089,1,inner_ring
3996,53.17058060961837,84.11876077296814,8668,5,text_en_1919
3997,66.7612726008888,29.273160940185736,6129,2,octagram
3998,41.27997325465002,50.38685379357604,6923,3,stroke_nan
3999,52.64970973373436,81.48451121478354,8846,5,text_en_1919
4000,68.24517234327485,81.08245461893281,8995,5,text_en_1919
4001,61.21274573230562,83.83404353271074,8740,5,text_en_1919
4002,32.050621679269156,83.84370392487834,1344,0,outer_ring
4003,66.5924761761338,67.5646961684803,4611,2,octagram
4004,65.60537012851495,78.86669022226194,9181,5,text_en_1919
4005,44.592454203664374,89.427215459289,946,0,outer_ring
4006,50.80781232810544,22.303517336009552,5864,2,octagram
4007,47.32186697379703,89.49859647772189,770,0,outer_ring
4008,44.19667090710467,82.38481877602032,8856,5,text_en_1919
4009,83.30069229202158,53.54504662686474,3262,1,inner_ring
4010,41.277049299678666,25.331282346302725,4022,1,inner_ring
4011,40.68782351120656,50.93952219896654,6914,3,stroke_nan
4012,43.58175652596969,52.46787478563442,6874,3,stroke_nan
4013,40.14894349536945,32.806778614872506,5650,2,octagram
4014,52.34919497436451,54.87403640025501,6809,3,stroke_nan
4015,50.588206332398876,26.56619226279634,7557,3,stroke_nan
4016,57.114852823121446,25.797414975953675,5937,2,octagram
4017,52.10043965896819,45.20228490326433,7174,3,stroke_nan
4018,43.01155558186278,42.57372942181482,7310,3,stroke_nan
4019,39.39228911468006,33.46824290363959,5625,2,octagram
4020,38.22857634425069,8.052883526386923,1454,0,outer_ring
4021,49.789496639536736,8.323043006830511,11339,5,text_en_1919
4022,52.38809006730308,75.44934792052207,3536,1,inner_ring
4023,49.45474533211175,46.59741657313725,7106,3,stroke_nan
4024,48.21258212708812,13.877707269798314,11184,5,text_en_1919
4025,43.93512880337147,40.14998685032577,7416,3,stroke_nan
4026,44.077871214533765,52.28582702345032,6863,3,stroke_nan
4027,57.58459053407647,7.302178066932274,2533,0,outer_ring
4028,55.647353882599475,37.70949095671782,8481,4,stroke_kai
4029,54.35283747490372,28.678191321097678,5898,2,octagram
4030,59.06952854931975,6.045677529108054,2652,0,outer_ring
4031,84.40690176760138,40.54074501517892,10679,5,text_en_1919
4032,82.07605080881576,47.72982599716938,4418,1,inner_ring
4033,48.56417401394616,89.2353016190433,679,0,outer_ring
4034,79.92224352159371,35.4557618461881,4338,1,inner_ring
4035,79.00520658027793,38.58766398987847,6325,2,octagram
4036,77.32592664116072,51.583219358331206,6500,2,octagram
4037,61.7398562808569,42.489179856089,8279,4,stroke_kai
4038,75.22311566802098,60.01544575331999,4483,2,octagram
4039,67.5019403533703,71.02264168594441,4648,2,octagram
4040,24.472169520973605,72.06929719295044,9444,5,text_en_1919
4041,46.636338296595845,55.603389221469214,6724,3,stroke_nan
4042,42.82628140125146,85.62190036396818,1093,0,outer_ring
4043,55.93983967832484,89.89741202754398,210,0,outer_ring
4044,47.27227906075816,88.64494914819583,783,0,outer_ring
4045,55.22048257545321,80.76340890064307,8962,5,text_en_1919
4046,61.157188625175124,90.77804320589748,61,0,outer_ring
4047,48.14131795390826,89.45580760892467,710,0,outer_ring
4048,35.78877440499791,64.52250277656317,3685,1,inner_ring
4049,40.95682338880624,64.53395089729526,5060,2,octagram
4050,43.61471664722804,69.70866681651219,5004,2,octagram
4051,42.67940213196691,28.974612695482456,5708,2,octagram
4052,23.06877093428528,46.922652300911814,10501,5,text_en_1919
4053,24.504538866457533,40.23038940547737,10710,5,text_en_1919
4054,42.88274057542563,89.7759437987561,1032,0,outer_ring
4055,46.689297441219644,88.79192162051112,817,0,outer_ring
4056,52.14203536224838,90.5067292317422,416,0,outer_ring
4057,58.825657428421664,71.94746747014288,4760,2,octagram
4058,64.35729223736939,60.01989687799999,7636,4,stroke_kai
4059,47.98506799748098,71.72205636889308,4913,2,octagram
4060,57.04445474507741,69.42909220621335,4780,2,octagram
4061,67.96792814957156,60.37395107402078,7647,4,stroke_kai
4062,54.51992169561625,78.74186743461564,9144,5,text_en_1919
4063,81.72166137855233,46.54155449228164,4413,1,inner_ring
4064,58.175134794426285,54.10219366876539,7853,4,stroke_kai
4065,54.637186712500274,79.36149696655023,9083,5,text_en_1919
4066,54.930545947128635,75.26196111371537,3520,1,inner_ring
4067,82.38758386341384,48.533537598969716,3231,1,inner_ring
4068,64.51163109291039,39.26343130535449,8431,4,stroke_kai
4069,87.28653048059793,64.64031484808662,9710,5,text_en_1919
4070,92.69818968337732,51.88657690969228,10167,5,text_en_1919
4071,80.77639082247214,37.096146341165245,6312,2,octagram
4072,86.03777007056685,53.903404576301895,10100,5,text_en_1919
4073,93.531580721399,46.807334500842316,10486,5,text_en_1919
4074,53.825052512804696,21.045386419863238,4117,1,inner_ring
4075,43.45541997066731,38.04838640722597,5631,2,octagram
4076,65.06947102563032,26.12262849507048,6087,2,octagram
4077,63.711644963767,46.35739062578902,8159,4,stroke_kai
4078,61.23104738012941,6.159497765338501,2806,0,outer_ring
4079,74.81367491061685,59.74608761452984,4488,2,octagram
4080,86.38824472736508,61.2246269821717,9794,5,text_en_1919
4081,49.96864894676553,7.425032035415564,1820,0,outer_ring
4082,93.4972021986926,51.95481967955562,10164,5,text_en_1919
4083,46.26338078904489,47.34102828150895,7074,3,stroke_nan
4084,89.66052177694687,47.24858582871943,10430,5,text_en_1919
4085,77.96176818042446,41.1827470456778,6348,2,octagram
4086,70.67621831008947,25.983907843287103,4243,1,inner_ring
4087,57.87211372001161,15.521097504978483,11086,5,text_en_1919
4088,54.97759838561811,5.826835343438053,2260,0,outer_ring
4089,63.9990956117235,21.08500448957226,4193,1,inner_ring
4090,51.262511743743886,36.102451562430595,7500,3,stroke_nan
4091,55.50904142537259,6.616475767597319,2323,0,outer_ring
4092,46.25257635864491,16.28362964722227,10919,5,text_en_1919
4093,51.401101450132344,13.271492698077983,11196,5,text_en_1919
4094,51.771746497369946,6.305727332021964,1984,0,outer_ring
4095,54.63242972565765,6.496571032371334,2226,0,outer_ring
4096,57.31957310514325,12.381591150712195,11277,5,text_en_1919
4097,41.66963000109159,24.82861239737912,5748,2,octagram
4098,73.34652148874491,10.827623072988356,3208,0,outer_ring
4099,44.27025883850662,21.615777195170864,4055,1,inner_ring
4100,52.87678214599155,4.335210640095283,2078,0,outer_ring
4101,56.01592965581575,6.645220388993204,2370,0,outer_ring
4102,57.55888811387253,12.075147266337222,11290,5,text_en_1919
4103,74.62349987185591,33.88445104268464,6234,2,octagram
4104,58.6127943970158,5.1762156395040595,2609,0,outer_ring
4105,71.16415248891808,34.79342233646511,6205,2,octagram
4106,53.31742827647145,5.382190717390222,2118,0,outer_ring
4107,66.21658074057599,48.5721727161686,8060,4,stroke_kai
4108,91.91702267033891,41.53263714275169,10596,5,text_en_1919
4109,76.06100249092866,43.82472752205417,6391,2,octagram
4110,80.36494596058779,34.99737816932282,4335,1,inner_ring
4111,50.400978801947865,16.643014933116742,10941,5,text_en_1919
4112,41.069539297432144,6.952844891428619,1502,0,outer_ring
4113,53.79150089446096,67.19564383551209,4835,2,octagram
4114,91.77307784927194,50.872135800112225,10187,5,text_en_1919
4115,57.723304998781764,90.40310565788936,138,0,outer_ring
4116,24.84912016811113,70.62616361509396,9490,5,text_en_1919
4117,43.49609754669813,89.03563274095609,1009,0,outer_ring
4118,48.68214212677776,75.30454682894141,3564,1,inner_ring
4119,62.71654572265316,80.40822326370822,9074,5,text_en_1919
4120,53.548983557093095,85.32776363749622,8591,5,text_en_1919
4121,42.88329078141482,87.90023039371398,1059,0,outer_ring
4122,42.64400569036617,70.55164009957937,4999,2,octagram
4123,35.04924895012773,73.62164640463673,9393,5,text_en_1919
4124,31.545979211256135,64.5447888240086,3699,1,inner_ring
4125,20.609984706605207,48.355007024616306,10324,5,text_en_1919
4126,23.126663735255942,67.85578314929765,9555,5,text_en_1919
4127,32.057177818429686,58.562670474534336,5197,2,octagram
4128,27.948160736762176,58.997508097570105,3747,1,inner_ring
4129,42.320264089998595,24.332406779482138,5752,2,octagram
4130,46.74187681347774,63.12225402691029,6578,3,stroke_nan
4131,25.02616051162989,38.6396992525242,10720,5,text_en_1919
4132,49.95313782339495,52.42606161827169,6807,3,stroke_nan
4133,16.66239004301916,37.05771480523792,10772,5,text_en_1919
4134,45.893086804381376,21.983573967334067,5806,2,octagram
4135,20.742464149153662,41.58584805668026,10618,5,text_en_1919
4136,67.1050290628225,44.27811113014305,8260,4,stroke_kai
4137,59.49870463182559,84.3792411245713,8680,5,text_en_1919
4138,46.557123539945756,42.411712981767664,7312,3,stroke_nan
4139,30.127683500775582,57.535104417154606,5248,2,octagram
4140,52.561643518124754,89.78720570035972,397,0,outer_ring
4141,75.22443780848907,50.7447662854438,6483,2,octagram
4142,28.970546269044338,47.55923218082717,5395,2,octagram
4143,88.86982600458401,49.19297976248956,10316,5,text_en_1919
4144,20.856825122763507,67.44309078000083,9620,5,text_en_1919
4145,73.63956719216387,68.95387614048693,3380,1,inner_ring
4146,66.1952715206051,82.67542797226527,8865,5,text_en_1919
4147,63.62961861746834,83.8996213694894,8712,5,text_en_1919
4148,48.09766329354829,12.094494006519152,11248,5,text_en_1919
4149,47.829084493803855,6.26632959181174,1695,0,outer_ring
4150,60.12973459409861,47.641255669606046,8093,4,stroke_kai
4151,47.59674516040946,46.55794134543996,7111,3,stroke_nan
4152,27.582456089855555,39.50477310960769,3881,1,inner_ring
4153,53.11529619740897,5.676021744715029,2099,0,outer_ring
4154,40.72574288526647,7.408823227378981,1490,0,outer_ring
4155,28.654852999393903,56.79472358303022,5245,2,octagram
4156,48.910588177960534,46.57857090753039,7122,3,stroke_nan
4157,40.79177189326687,41.78516592943355,7356,3,stroke_nan
4158,33.249238391608955,35.21035841353883,3924,1,inner_ring
4159,53.84821807750361,6.10789443330153,2164,0,outer_ring
4160,31.75770852869593,53.90471512253136,5289,2,octagram
4161,38.69427888823142,49.42417569186818,7002,3,stroke_nan
4162,16.8564295157575,36.43448864007375,10787,5,text_en_1919
4163,42.33575738477879,26.003197733896627,5738,2,octagram
4164,51.35645785123418,15.027017772197645,11129,5,text_en_1919
4165,53.470657053455696,5.792404658545993,2131,0,outer_ring
4166,47.52763085728125,11.898117501223672,11236,5,text_en_1919
4167,62.90242137628326,83.34675821205646,8762,5,text_en_1919
4168,46.895981085584246,37.00263541123086,7502,3,stroke_nan
4169,43.17883690051685,37.08819940644366,5634,2,octagram
4170,58.65813489208803,10.07521435033366,11347,5,text_en_1919
4171,57.34632899723388,7.145954834105986,2503,0,outer_ring
4172,62.84506795003769,15.25924790937364,11135,5,text_en_1919
4173,42.36594459930785,89.24977330559054,1065,0,outer_ring
4174,84.45374322458301,57.66629548325957,9958,5,text_en_1919
4175,86.0747851696382,48.27676398516732,10364,5,text_en_1919
4176,42.94062501023144,21.71530258119965,5774,2,octagram
4177,80.10923384565275,39.13417617811641,4358,1,inner_ring
4178,57.70922510980391,49.42395671753419,8022,4,stroke_kai
4179,67.27667344069286,48.86057686348271,8048,4,stroke_kai
4180,77.2114304623582,44.17531689197948,6382,2,octagram
4181,70.27669648760661,82.47999306326294,8855,5,text_en_1919
4182,37.93982022758256,71.44670280682375,3639,1,inner_ring
4183,46.444440659752274,74.19150958175825,3578,1,inner_ring
4184,33.075465487555505,85.36346976777949,1330,0,outer_ring
4185,53.06466328190847,88.54145103687047,366,0,outer_ring
4186,71.16300830213503,78.98301776014694,9184,5,text_en_1919
4187,47.69369267156583,90.26598912980708,725,0,outer_ring
4188,42.81358174222505,88.46749873264146,1052,0,outer_ring
4189,56.710064130992244,90.90687482811344,177,0,outer_ring
4190,67.02001224427445,81.52574730799917,8935,5,text_en_1919
4191,50.39937782568805,59.31175316692926,6621,3,stroke_nan
4192,46.51883821744026,71.61204764861168,4925,2,octagram
4193,20.954650993467865,42.17217875204592,10584,5,text_en_1919
4194,26.45852792852063,51.00218239639203,3804,1,inner_ring
4195,28.59023403274143,58.1021688439477,5237,2,octagram
4196,38.240960197896044,71.1621784636626,3636,1,inner_ring
4197,43.335474499375216,73.9612132684788,4962,2,octagram
4198,58.88008321412417,87.56791969331007,8593,5,text_en_1919
4199,63.5116038011554,81.45136215762052,8967,5,text_en_1919
4200,52.851448169889785,85.13460763163387,8610,5,text_en_1919
4201,47.364437996761225,89.48083300209541,765,0,outer_ring
4202,56.51858206910271,89.98148372127372,183,0,outer_ring
4203,65.66506165601307,78.61179917730927,9274,5,text_en_1919
4204,77.86262737784506,75.71367990804693,9323,5,text_en_1919
4205,89.22776274412297,61.13132419746333,9801,5,text_en_1919
4206,56.495783065601955,48.70943584708724,8002,4,stroke_kai
4207,43.55800770099061,42.792221476942586,7328,3,stroke_nan
4208,63.84580917691948,55.231035298170994,7807,4,stroke_kai
4209,76.07667217109,54.66013128565019,6525,2,octagram
4210,73.72045133431371,69.87360625207947,3386,1,inner_ring
4211,57.464589325026566,49.45140873440233,7981,4,stroke_kai
4212,55.38993551421901,55.15928609860717,7724,4,stroke_kai
4213,73.5230705142643,64.4153591219014,4525,2,octagram
4214,80.23940256164087,66.23329380909954,9643,5,text_en_1919
4215,91.63043258884669,48.68352699775906,10271,5,text_en_1919
4216,78.93840786138355,34.7849182879342,4328,1,inner_ring
4217,52.40446350472481,52.3404410493409,6910,3,stroke_nan
4218,60.03981786607708,41.52693414841124,8374,4,stroke_kai
4219,62.53853458318347,82.0392304955903,8896,5,text_en_1919
4220,52.2371429195896,58.41211262662903,6636,3,stroke_nan
4221,83.72690320388521,62.01872353189228,9757,5,text_en_1919
4222,83.65150421919553,48.37615783150136,10345,5,text_en_1919
4223,76.47271036181434,43.556571188573095,6381,2,octagram
4224,76.48067498306547,40.76817722418475,6352,2,octagram
4225,63.89779938866442,43.411269283445506,8297,4,stroke_kai
4226,87.33820337390324,48.136572760160576,10368,5,text_en_1919
4227,65.32682444035596,23.40868213625306,6055,2,octagram
4228,59.09480062409051,11.036061908185879,11311,5,text_en_1919
4229,46.91417236097659,18.7707220050678,4075,1,inner_ring
4230,45.3219465945476,15.899387218229597,10923,5,text_en_1919
4231,54.67116454962286,80.93595043547583,8941,5,text_en_1919
4232,67.54475030018777,7.457474814100654,3113,0,outer_ring
4233,71.05614780640202,25.2156312924536,4241,1,inner_ring
4234,56.39654833374858,11.766008263214665,11305,5,text_en_1919
4235,58.98942939633389,6.074032405462327,2644,0,outer_ring
4236,43.63463134208301,6.970429742628142,1550,0,outer_ring
4237,58.29866032782317,12.510180334056754,11278,5,text_en_1919
4238,59.073083661328305,7.963159850239169,2667,0,outer_ring
4239,46.63666525303094,6.181842049658795,1655,0,outer_ring
4240,52.14349223637529,40.894678279212684,7407,3,stroke_nan
4241,54.490988275309846,6.006128140757034,2216,0,outer_ring
4242,50.37496122934442,6.437286695618953,1863,0,outer_ring
4243,48.09092877625086,49.68653140908339,6980,3,stroke_nan
4244,77.50228970870847,32.850844756193496,4309,1,inner_ring
4245,64.73157898869783,40.69389302890143,8372,4,stroke_kai
4246,65.01159599959927,6.7875518095647625,3025,0,outer_ring
4247,58.77765047058558,4.985539725144178,2617,0,outer_ring
4248,80.76724755182094,37.31456219646475,6313,2,octagram
4249,86.29299034384172,61.92554465572629,9789,5,text_en_1919
4250,71.69587989001963,33.39020357484623,6204,2,octagram
4251,68.37125788928353,41.23594898499647,8346,4,stroke_kai
4252,63.160701185963056,39.670805061084884,8423,4,stroke_kai
4253,75.19657684381795,45.240144825968564,6407,2,octagram
4254,60.480232590608516,9.98300620565312,11337,5,text_en_1919
4255,59.3543949226627,7.366908902562078,2686,0,outer_ring
4256,81.51377971049091,65.58312391895359,9684,5,text_en_1919
4257,53.349304622020675,90.28533720273688,347,0,outer_ring
4258,34.670339038885025,86.79789327009483,1303,0,outer_ring
4259,32.378070582630635,46.460794364942466,5387,2,octagram
4260,66.41540554275089,85.22582989978893,8764,5,text_en_1919
4261,49.415726449827254,90.12123721122823,596,0,outer_ring
4262,43.856895434805445,90.10082456587338,977,0,outer_ring
4263,40.56218605078476,56.253258367189524,6758,3,stroke_nan
4264,39.462884924001116,87.78823340603132,1194,0,outer_ring
4265,30.506074034055697,50.134453360930344,5322,2,octagram
4266,43.466773492246794,59.106475084219674,6601,3,stroke_nan
4267,43.01921586350112,71.78003376921995,4983,2,octagram
4268,21.528114390163175,62.37308078235116,9770,5,text_en_1919
4269,42.892857602563275,65.75166552942262,5037,2,octagram
4270,27.291281295921337,66.76187931491022,9613,5,text_en_1919
4271,25.67932978949634,64.97283641430887,9695,5,text_en_1919
4272,32.35755737945268,63.87584482459136,3701,1,inner_ring
4273,44.704490600056594,17.585734359109747,4063,1,inner_ring
4274,26.963464890389346,38.38004511637406,3890,1,inner_ring
4275,26.367347068346266,54.26823341199341,3783,1,inner_ring
4276,26.733453343416556,47.01938671276807,3826,1,inner_ring
4277,29.584849547612535,57.98603156793232,5221,2,octagram
4278,49.63231056004911,47.13359218404099,7095,3,stroke_nan
4279,49.15942368539048,62.56019571839701,6577,3,stroke_nan
4280,44.20099690513874,49.95130084894979,6984,3,stroke_nan
4281,37.35051181480484,51.33696513787947,6918,3,stroke_nan
4282,49.478287552917436,56.23233257165448,6727,3,stroke_nan
4283,70.24225750613132,71.5513977327287,3413,1,inner_ring
4284,67.51873633809922,56.45988366161964,7756,4,stroke_kai
4285,62.42650955530256,82.66708327339502,8806,5,text_en_1919
4286,68.80591541305904,79.3191223375751,9149,5,text_en_1919
4287,63.62995115188239,52.20262943682148,7906,4,stroke_kai
4288,55.80071128791411,91.34902869808734,217,0,outer_ring
4289,68.64087238758356,76.38901981905104,9322,5,text_en_1919
4290,55.440463761679766,5.415127886922194,2310,0,outer_ring
4291,47.47900096577897,43.89183372431483,7248,3,stroke_nan
4292,24.47338736409872,49.71675812853944,10239,5,text_en_1919
4293,46.17020304712433,53.00081274202491,6784,3,stroke_nan
4294,46.47776602736982,25.459740039740062,5834,2,octagram
4295,48.36467679751877,5.156848869609951,1725,0,outer_ring
4296,25.566349266500595,49.420053802094884,3810,1,inner_ring
4297,41.35071918022868,26.8328653043415,5722,2,octagram
4298,54.96587641378053,34.19730758781862,8551,4,stroke_kai
4299,26.99071281299323,37.37675084781134,3893,1,inner_ring
4300,16.661109373719135,50.841412552919024,10202,5,text_en_1919
4301,50.07396773584044,6.755017018187043,1830,0,outer_ring
4302,43.72311276332454,47.900010753795975,7057,3,stroke_nan
4303,32.91448253226692,35.25359716105751,5551,2,octagram
4304,38.20351851074832,33.107745768315645,5611,2,octagram
4305,25.307246619025747,15.675875525287125,1412,0,outer_ring
4306,36.00962009024721,9.517994436008456,1436,0,outer_ring
4307,43.1301460069621,8.437661853438863,1532,0,outer_ring
4308,53.858559135423526,5.813421831187446,2165,0,outer_ring
4309,56.0692727106035,19.91863647411644,4134,1,inner_ring
4310,60.56393695182889,20.32147476807761,4159,1,inner_ring
4311,62.30660387329181,6.790209950680729,2882,0,outer_ring
4312,53.70779339585305,6.490769148908989,2155,0,outer_ring
4313,63.98067715185357,35.91991522649864,8527,4,stroke_kai
4314,43.850773041651,35.58787639187114,5641,2,octagram
4315,64.46493748941725,56.96641010812917,7750,4,stroke_kai
4316,59.24430906644884,27.005179431205573,5976,2,octagram
4317,67.67975751937037,18.42187503715852,10897,5,text_en_1919
4318,59.954811271808516,84.72930881689724,8662,5,text_en_1919
4319,36.85305976010136,61.630546428259294,5141,2,octagram
4320,61.740431990245575,24.500855047772895,6016,2,octagram
4321,57.46691942169402,89.88221598601933,149,0,outer_ring
4322,82.1824613096573,52.27069386556452,3257,1,inner_ring
4323,65.76630157933674,73.20697186331124,3443,1,inner_ring
4324,46.11488373944978,46.51336263088212,7092,3,stroke_nan
4325,49.68174381410913,86.43942563502911,612,0,outer_ring
4326,54.11187089812446,90.01796941760945,305,0,outer_ring
4327,52.6379070697673,83.75919638684074,8677,5,text_en_1919
4328,50.55037903821355,88.39700090265987,533,0,outer_ring
4329,40.85139283142202,86.7717118236318,1158,0,outer_ring
4330,44.590781161705785,87.72112187936813,969,0,outer_ring
4331,40.44059883090169,81.04639390910522,8946,5,text_en_1919
4332,32.859737220214754,52.23550420494269,5314,2,octagram
4333,45.58491963648726,89.69916892172512,882,0,outer_ring
4334,38.038130888475486,61.769836816758804,5117,2,octagram
4335,37.25290604932079,62.26066132141005,5127,2,octagram
4336,32.227241637361665,59.224642068775374,5194,2,octagram
4337,61.64398444563003,78.90300517759032,9221,5,text_en_1919
4338,42.47824371956155,86.77952384173469,1092,0,outer_ring
4339,46.92066196483007,87.41494237645354,821,0,outer_ring
4340,46.236252198799356,88.46041104700483,859,0,outer_ring
4341,70.1551198832811,25.486865681259246,4238,1,inner_ring
4342,48.56751357515347,71.77524239513832,4895,2,octagram
4343,55.31657323635808,76.12161455370615,9218,5,text_en_1919
4344,55.44834819862254,89.10027407616184,231,0,outer_ring
4345,47.04730178098543,50.9769209391259,6899,3,stroke_nan
4346,67.66967771841664,54.66567141857322,7778,4,stroke_kai
4347,80.53925572832712,70.78638070495691,9480,5,text_en_1919
4348,79.23902524696274,57.35343940938987,6567,2,octagram
4349,44.93797915093417,74.73829089144685,3586,1,inner_ring
4350,79.99085563726413,36.98214684838293,6310,2,octagram
4351,65.59467415792331,72.8394742866785,4680,2,octagram
4352,76.76292450023085,43.087623797960404,6371,2,octagram
4353,56.63519487627299,68.98159230012935,4791,2,octagram
4354,59.16085076208827,53.19268491700254,7858,4,stroke_kai
4355,76.75200637596225,44.1162222274568,6384,2,octagram
4356,87.38278819632684,58.43375405552483,9918,5,text_en_1919
4357,90.42157544095889,60.866133306127665,9816,5,text_en_1919
4358,41.80762643703199,72.40073738777544,3612,1,inner_ring
4359,62.24574295410937,8.541988339542662,2903,0,outer_ring
4360,56.87857903757451,2.2932656056101544,2436,0,outer_ring
4361,85.35218864015313,50.630849770347616,10135,5,text_en_1919
4362,74.5260311841254,60.69339685189017,4497,2,octagram
4363,76.73271197550868,66.43169160982791,3358,1,inner_ring
4364,64.88583111011577,43.15350686873126,8287,4,stroke_kai
4365,85.09163143929905,59.623551029794484,9870,5,text_en_1919
4366,72.1209229511507,62.03893069608716,4535,2,octagram
4367,86.84947673047543,62.35729456184773,9773,5,text_en_1919
4368,40.212706567240176,12.378487860716007,1460,0,outer_ring
4369,58.50425645851231,5.727877422331763,2605,0,outer_ring
4370,78.83265120737956,26.400583424782123,10815,5,text_en_1919
4371,48.58124762765165,7.723203124971276,1720,0,outer_ring
4372,66.11807721963952,22.8429949288793,4206,1,inner_ring
4373,61.677482951593525,7.404548613818965,2845,0,outer_ring
4374,60.42671779065922,7.418558089378007,2759,0,outer_ring
4375,49.984579031748844,4.913975864668081,1837,0,outer_ring
4376,56.09854383339641,40.935700284985906,8381,4,stroke_kai
4377,57.53650352266238,4.227380854462452,2501,0,outer_ring
4378,56.17141172812374,6.260333511859919,2386,0,outer_ring
4379,68.87109049306294,5.674561544392352,3124,0,outer_ring
4380,67.95708748577269,31.41312044262967,6161,2,octagram
4381,45.53471392662631,41.10973957928997,7376,3,stroke_nan
4382,71.78206771576909,12.230561354157727,3199,0,outer_ring
4383,62.0420718370554,5.373253977926106,2847,0,outer_ring
4384,70.46745551351617,26.21523510004385,4242,1,inner_ring
4385,66.68215238244348,30.773486875577998,6146,2,octagram
4386,62.92523666433456,7.528457331429957,2929,0,outer_ring
4387,53.415548832973485,20.0725056510184,4110,1,inner_ring
4388,50.696838682218214,6.484642241793713,1884,0,outer_ring
4389,77.36586238222671,43.49570622815847,6376,2,octagram
4390,48.94669482603326,15.064070816416248,11003,5,text_en_1919
4391,74.07134013009764,45.70274507844075,6414,2,octagram
4392,86.29837066150004,47.65302904875056,10404,5,text_en_1919
4393,64.78421881802167,22.822070543434446,6045,2,octagram
4394,59.74240056269393,47.5469163524616,8092,4,stroke_kai
4395,66.01656721001663,27.344553480960425,6108,2,octagram
4396,52.53812022621793,38.28434419894738,7466,3,stroke_nan
4397,45.64520011759696,22.386890696207676,5808,2,octagram
4398,56.194292403546555,58.52441606358668,7653,4,stroke_kai
4399,41.01618751936914,73.39687805497178,3614,1,inner_ring
4400,38.78187307343998,85.44535406679533,1241,0,outer_ring
4401,45.10471201524126,88.4219277244723,927,0,outer_ring
4402,66.10037778955444,77.0151702040423,9316,5,text_en_1919
4403,43.11427644665298,88.95358840956033,1031,0,outer_ring
4404,57.85959288477322,80.38062346300111,9048,5,text_en_1919
4405,45.16690125571514,81.65824078491715,8970,5,text_en_1919
4406,24.000253426158082,69.03670409456143,9535,5,text_en_1919
4407,27.695636092395457,67.93127687918583,9580,5,text_en_1919
4408,49.88585691264065,57.72586881338272,6670,3,stroke_nan
4409,42.560552906534774,72.96579326734454,4972,2,octagram
4410,14.545539812741035,60.66935622827632,1392,0,outer_ring
4411,46.1617383727381,52.55985463411549,6826,3,stroke_nan
4412,22.20848832978835,43.48603817624471,10557,5,text_en_1919
4413,29.91783701897851,65.83212965727725,9634,5,text_en_1919
4414,37.59991653119,23.548329816353395,4012,1,inner_ring
4415,20.40644979591624,47.588034384908426,10480,5,text_en_1919
4416,42.095107867100545,26.542163683345336,5727,2,octagram
4417,34.427216955801065,50.31349773026371,5338,2,octagram
4418,28.139268272869604,59.72509237704254,3744,1,inner_ring
4419,26.097081541855594,48.90755774560734,3816,1,inner_ring
4420,47.387120153312175,77.83695876281264,9251,5,text_en_1919
4421,38.57831511599283,46.87306869989212,7089,3,stroke_nan
4422,47.730639946753634,51.910173144601025,6878,3,stroke_nan
4423,31.977860528269368,51.47149092887626,5312,2,octagram
4424,55.289711343212154,90.72868577746411,240,0,outer_ring
4425,20.991570316541637,77.8584947672121,1383,0,outer_ring
4426,47.99281536623428,88.49684000710405,723,0,outer_ring
4427,45.94384113063355,72.91931556933783,4941,2,octagram
4428,61.54785150547176,59.963421418803755,7625,4,stroke_kai
4429,60.46789884656536,84.54371048514963,8673,5,text_en_1919
4430,62.4222165713009,14.03216096867453,11152,5,text_en_1919
4431,27.407958029280742,57.67509831372941,3753,1,inner_ring
4432,30.085305622897213,66.73550374715228,9626,5,text_en_1919
4433,45.47028671060626,58.457530947947674,6622,3,stroke_nan
4434,64.99859072497104,7.804968630887938,3036,0,outer_ring
4435,66.34875941137169,40.042472219633986,8392,4,stroke_kai
4436,51.091115129349525,43.75201347204721,7219,3,stroke_nan
4437,63.40580900671548,6.661093428715429,2945,0,outer_ring
4438,44.49886647453542,6.7125485970684675,1576,0,outer_ring
4439,46.729502153367875,35.91642287018099,7537,3,stroke_nan
4440,38.88543857072544,31.751235482087953,5662,2,octagram
4441,39.42175602383166,27.140068239842194,4010,1,inner_ring
4442,39.76305308478691,50.07888063191933,6948,3,stroke_nan
4443,59.97148575909665,51.41894410665868,7939,4,stroke_kai
4444,52.65398755084947,48.52655555388262,7019,3,stroke_nan
4445,41.84233863057284,19.647996652713744,10884,5,text_en_1919
4446,36.85601390526027,10.47893760141681,1440,0,outer_ring
4447,26.9726405807058,67.59796424912828,9601,5,text_en_1919
4448,65.82570747721294,73.27376061770494,3442,1,inner_ring
4449,42.10659784040414,8.12791897167683,1517,0,outer_ring
4450,51.54116832396482,16.415079021535217,11016,5,text_en_1919
4451,63.35694766047931,7.317358692965687,2951,0,outer_ring
4452,45.23904140481851,44.362322753343655,7242,3,stroke_nan
4453,37.1547991358856,61.71699302448657,5139,2,octagram
4454,70.2903308633353,25.171197099972286,4236,1,inner_ring
4455,53.55034044262896,5.993070570712868,2138,0,outer_ring
4456,64.1379908628391,55.62869943268749,7810,4,stroke_kai
4457,65.60381247812971,6.923700456224601,3049,0,outer_ring
4458,55.55555160599626,28.309849408307596,5919,2,octagram
4459,66.03330506724203,28.769225012998323,6118,2,octagram
4460,52.571986601205474,14.053024729814913,11149,5,text_en_1919
4461,89.09428745855638,38.477788855773646,10734,5,text_en_1919
4462,53.2500212479239,77.87462424872693,9186,5,text_en_1919
4463,59.763033926676336,47.250087611914616,8104,4,stroke_kai
4464,54.43144102435836,89.4379847504075,287,0,outer_ring
4465,63.51442024490818,73.19352113164835,4702,2,octagram
4466,43.52636853534026,88.83515554658368,1011,0,outer_ring
4467,33.67248926794666,77.03009452371164,9357,5,text_en_1919
4468,43.88041833338958,81.77352873942294,8938,5,text_en_1919
4469,49.00247033883779,89.96669540928315,639,0,outer_ring
4470,41.98912532442376,82.01111444974283,8890,5,text_en_1919
4471,50.12972952425172,69.93318625905648,4873,2,octagram
4472,47.28422211474149,89.39321130427275,772,0,outer_ring
4473,42.31095353630727,69.95160511115567,5007,2,octagram
4474,48.640526342104124,57.42787245586006,6685,3,stroke_nan
4475,58.167458668422306,70.4299046574922,4766,2,octagram
4476,30.35269141938135,72.17173502993474,9419,5,text_en_1919
4477,62.73980361947377,72.59271578333522,4712,2,octagram
4478,56.848683971914575,7.691140053219129,2458,0,outer_ring
4479,28.573042989335196,39.21884985430741,5479,2,octagram
4480,53.764276119022604,83.71721779380397,8702,5,text_en_1919
4481,53.723571230718235,88.95040254988108,324,0,outer_ring
4482,66.89833695362518,61.03258834164831,7646,4,stroke_kai
4483,66.1819657104938,78.74555363497178,9233,5,text_en_1919
4484,76.14109437601175,48.91017615459779,6465,2,octagram
4485,68.91359090672896,81.60392096036684,8912,5,text_en_1919
4486,64.17037783422869,72.91374449443131,4682,2,octagram
4487,59.75682361983283,68.62529156457778,7577,4,stroke_kai
4488,62.74309456342658,72.30418789822161,4715,2,octagram
4489,80.60424893574759,76.45578628807617,9356,5,text_en_1919
4490,81.23153777953077,59.06735875727915,4422,2,octagram
4491,74.65492799851037,48.186495293932225,6457,2,octagram
4492,82.29308268000354,65.31544817098155,9660,5,text_en_1919
4493,93.08595521109206,45.288395625476475,10529,5,text_en_1919
4494,82.82260832623044,66.39703321183757,9668,5,text_en_1919
4495,73.12125594709595,35.31233414381931,6218,2,octagram
4496,59.88849941907934,55.967123782815484,7772,4,stroke_kai
4497,82.96967807038251,46.77413892849062,10437,5,text_en_1919
4498,63.662414935328776,44.01647292859726,8270,4,stroke_kai
4499,80.58336648483625,58.960469844095655,3303,1,inner_ring
4500,57.53726348339446,5.259393087460677,2514,0,outer_ring
4501,50.166877539278445,19.21023827559142,4090,1,inner_ring
4502,58.935235259070055,81.42396151193039,8919,5,text_en_1919
4503,53.257272692130016,5.214603431653025,2114,0,outer_ring
4504,74.5595794828215,70.96857819241283,9458,5,text_en_1919
4505,79.85127509210233,56.79007507307878,6565,2,octagram
4506,68.40937609058135,32.12005251382374,6169,2,octagram
4507,53.04360005673852,79.47999368682059,9120,5,text_en_1919
4508,82.88465598352221,60.39233703881498,9811,5,text_en_1919
4509,87.72983488101279,48.03116918485096,10369,5,text_en_1919
4510,81.80180483051137,26.257549836382793,10827,5,text_en_1919
4511,45.92836728603416,40.45919189640506,7393,3,stroke_nan
4512,55.49669787153403,6.764984890439464,2321,0,outer_ring
4513,77.76753227865431,41.82311550413091,6357,2,octagram
4514,65.44583828680666,8.140365080937904,3052,0,outer_ring
4515,44.51294470904157,4.68992079891759,1585,0,outer_ring
4516,53.148905291572454,13.690844139755924,11178,5,text_en_1919
4517,52.283775023848534,17.148384194573147,4105,1,inner_ring
4518,50.632500597324345,9.808218102437701,1853,0,outer_ring
4519,51.7017550871997,6.2363908147342215,1978,0,outer_ring
4520,80.90916802074075,26.991663436396905,10807,5,text_en_1919
4521,63.77531153717373,42.62006791808182,8317,4,stroke_kai
4522,46.43106698411006,7.894260535738194,1638,0,outer_ring
4523,56.513142593704195,27.342362131716488,5932,2,octagram
4524,48.795485984429284,16.771431233388864,10927,5,text_en_1919
4525,59.827122608572,5.095674104441346,2700,0,outer_ring
4526,48.32379233221986,15.303979345922937,10974,5,text_en_1919
4527,71.66163125478325,25.96485543040969,4248,1,inner_ring
4528,61.13436120640182,7.178537528652514,2808,0,outer_ring
4529,44.69420335586682,5.4663913857602315,1586,0,outer_ring
4530,59.81360535978335,4.981806822137182,2697,0,outer_ring
4531,79.5573679740619,37.439247863885235,6308,2,octagram
4532,87.930915373445,54.13064868703602,10085,5,text_en_1919
4533,93.75362500461017,53.70955009194766,10050,5,text_en_1919
4534,50.41148523420035,76.44205371493825,3554,1,inner_ring
4535,88.65357967985555,41.092740835690726,10660,5,text_en_1919
4536,61.46981285770806,5.171112161254116,2810,0,outer_ring
4537,70.19201570920515,52.59476008670205,7870,4,stroke_kai
4538,33.90968744345309,44.55167631828436,5394,2,octagram
4539,33.873858992693044,13.355298214398882,1422,0,outer_ring
4540,79.78981499565118,64.39100924041655,9707,5,text_en_1919
4541,41.31883779784204,85.65099399447398,1152,0,outer_ring
4542,39.04275641639265,83.00381221393339,1256,0,outer_ring
4543,23.264558847847507,68.01319981602143,9542,5,text_en_1919
4544,40.90583472583795,88.64853868172938,1132,0,outer_ring
4545,40.40059252242713,87.49679697733845,1165,0,outer_ring
4546,42.191016293024525,88.13020362117064,1086,0,outer_ring
4547,50.27316561451748,89.26824177145187,545,0,outer_ring
4548,36.96561982661388,86.15968078262331,1270,0,outer_ring
4549,37.002109624715665,85.88824666741134,1271,0,outer_ring
4550,31.154587641286998,55.33707440217667,5274,2,octagram
4551,20.87089356166319,60.500841830511355,9884,5,text_en_1919
4552,19.981308830338616,44.268055134482154,10555,5,text_en_1919
4553,32.33251166084216,43.9943727365756,5409,2,octagram
4554,39.5608117540419,61.22729373357621,5112,2,octagram
4555,31.328289098375066,53.3064919156131,5293,2,octagram
4556,39.75389298334432,63.447715177350865,5085,2,octagram
4557,25.250423730318538,25.260761899039387,10843,5,text_en_1919
4558,20.06643482455564,47.74624359633414,10471,5,text_en_1919
4559,36.713305326442104,35.340986677200014,5590,2,octagram
4560,37.104046578545585,60.31622385428933,5142,2,octagram
4561,51.28961611996412,89.29200475655816,477,0,outer_ring
4562,25.99635169207084,49.316007150173874,3811,1,inner_ring
4563,50.65798867917095,46.06853260162612,7141,3,stroke_nan
4564,54.16432320449159,35.276468191862755,5907,2,octagram
4565,55.509758664519474,68.22768622643346,4808,2,octagram
4566,48.53570273078058,81.22185281225258,8902,5,text_en_1919
4567,58.53713612012278,80.3236253837282,9060,5,text_en_1919
4568,42.20580402318909,69.14013709988525,5015,2,octagram
4569,46.27682761049846,91.05567820002645,816,0,outer_ring
4570,43.82833647859694,88.28013451218199,1003,0,outer_ring
4571,54.65056366933169,74.9667482335337,3522,1,inner_ring
4572,81.28570430293694,37.49429385093342,4350,1,inner_ring
4573,62.96360587433753,81.81097707043368,8897,5,text_en_1919
4574,61.31637888107892,79.69996455480808,9168,5,text_en_1919
4575,65.52493409176553,41.111241559545945,8359,4,stroke_kai
4576,48.68673228498331,89.03080638165733,672,0,outer_ring
4577,64.31245074370052,34.7882221701916,8545,4,stroke_kai
4578,67.15048054739543,32.890255325847356,8552,4,stroke_kai
4579,37.0744034260207,26.284647261126313,3996,1,inner_ring
4580,29.26956262287614,60.463343365625626,3734,1,inner_ring
4581,61.3053838700303,24.25088573028314,6013,2,octagram
4582,38.46524676479356,23.70479819022861,4015,1,inner_ring
4583,48.44436509846917,25.113345573927866,5853,2,octagram
4584,48.57241472042462,18.983419573257862,4081,1,inner_ring
4585,28.063212094911165,59.8808202744012,3742,1,inner_ring
4586,28.31859731073315,35.46916944744097,3906,1,inner_ring
4587,28.8978903843973,33.22642517261446,3922,1,inner_ring
4588,51.22767564841592,55.93665987232524,6739,3,stroke_nan
4589,23.408969946767368,37.63724964579782,10745,5,text_en_1919
4590,45.95444886266654,38.824286148688046,7472,3,stroke_nan
4591,38.61558574789145,7.908533666565853,1462,0,outer_ring
4592,71.72496980569078,10.054704778590727,3188,0,outer_ring
4593,63.558926336817386,17.710728701375988,10909,5,text_en_1919
4594,68.70710299894009,6.9339146477153095,3131,0,outer_ring
4595,63.68642411200102,6.321471326083973,2960,0,outer_ring
4596,67.208781522627,7.387295945258638,3099,0,outer_ring
4597,50.57420798537026,5.166370987434816,1883,0,outer_ring
4598,65.42268455412851,42.509922291756205,8326,4,stroke_kai
4599,84.93149747234585,56.739162195198915,9977,5,text_en_1919
4600,67.18426320210688,34.2561804348522,8533,4,stroke_kai
4601,64.11539747261615,20.41359888228808,4192,1,inner_ring
4602,92.09838097953704,47.36301684093455,10477,5,text_en_1919
4603,81.93051378341974,44.78576535874171,4401,1,inner_ring
4604,93.40914483202957,49.913501253053894,10228,5,text_en_1919
4605,51.1808383103437,94.0518119536698,462,0,outer_ring
4606,65.3796396994769,74.44668279633508,3449,1,inner_ring
4607,42.6809888240932,88.72815135846766,1055,0,outer_ring
4608,44.302966003392385,64.02083967533746,5039,2,octagram
4609,43.05639218221609,73.97563740225446,3599,1,inner_ring
4610,46.31828105351814,90.67386851162526,819,0,outer_ring
4611,43.30486377842143,73.80994765119037,4960,2,octagram
4612,35.39132608589798,86.16997930524913,1296,0,outer_ring
4613,36.12841156537621,86.32454754848224,1282,0,outer_ring
4614,37.36111006882901,69.12943725634163,3650,1,inner_ring
4615,40.66408300492909,87.82514361562642,1150,0,outer_ring
4616,60.91522103339935,72.24118103401561,4738,2,octagram
4617,50.68914509698135,69.52348219569583,4867,2,octagram
4618,67.65032657406992,81.24637132656686,8994,5,text_en_1919
4619,35.4916654918986,59.94305024584211,5161,2,octagram
4620,46.33382103950656,56.999996402474544,6661,3,stroke_nan
4621,25.157471392108782,51.09070499134634,10149,5,text_en_1919
4622,51.438308234395,90.01136769818181,466,0,outer_ring
4623,67.68627713475725,80.43055628628711,9053,5,text_en_1919
4624,40.87002624750322,87.79628798654026,1144,0,outer_ring
4625,66.36922664456203,50.14811107369998,8000,4,stroke_kai
4626,65.02646663510409,59.53112945936765,7650,4,stroke_kai
4627,56.11854202033448,89.15872112247354,201,0,outer_ring
4628,70.28180766776471,71.2411608736447,3411,1,inner_ring
4629,59.02812993456686,26.575444993092308,5975,2,octagram
4630,65.02290301974459,83.4478083190353,8753,5,text_en_1919
4631,66.66714712187299,78.41490854475374,9267,5,text_en_1919
4632,68.01958499364332,64.34468222880942,4580,2,octagram
4633,25.986233137339042,66.16058458479024,9683,5,text_en_1919
4634,91.97017007187192,56.92342855207205,10014,5,text_en_1919
4635,90.27081293933871,42.34394147895058,10604,5,text_en_1919
4636,76.46711286628467,59.226358796091056,4465,2,octagram
4637,63.87249100648784,57.14653277175839,7730,4,stroke_kai
4638,72.77121337809265,60.86914229846692,4520,2,octagram
4639,61.7668092927627,56.84705448211293,7736,4,stroke_kai
4640,67.94188438114506,51.99345582748908,7888,4,stroke_kai
4641,85.76464966271901,54.833267865326285,10060,5,text_en_1919
4642,75.8617284276089,37.03273686616861,6259,2,octagram
4643,62.745298449380606,21.942957472289873,4186,1,inner_ring
4644,84.71329385794628,48.44385266675809,10346,5,text_en_1919
4645,67.44868300374081,21.059237523655263,4210,1,inner_ring
4646,61.007295967788515,5.332319055466646,2779,0,outer_ring
4647,76.46823281024727,64.27390084153308,3349,1,inner_ring
4648,90.48716358376986,59.04573722663753,9866,5,text_en_1919
4649,76.30374628829826,53.925538464680045,6526,2,octagram
4650,82.5996298964992,54.5055178078122,3271,1,inner_ring
4651,87.87982045447875,63.12992061551325,9744,5,text_en_1919
4652,81.80491691587396,59.78082001722172,3305,1,inner_ring
4653,56.073845659491965,8.277722022507621,2384,0,outer_ring
4654,48.16372859042526,12.39685732826149,11213,5,text_en_1919
4655,58.39806826905894,47.15514732323469,8098,4,stroke_kai
4656,53.651631298870754,27.84786838142166,5889,2,octagram
4657,60.473226632356585,5.876391816348047,2750,0,outer_ring
4658,59.97809473327153,5.768046963719032,2719,0,outer_ring
4659,45.60849492526846,5.474099206625394,1617,0,outer_ring
4660,56.85077995388985,4.057564442152658,2439,0,outer_ring
4661,57.92898393042387,5.27729464991931,2549,0,outer_ring
4662,60.51614713875452,6.2719513706329835,2754,0,outer_ring
4663,55.66266052734721,18.149095755179882,4130,1,inner_ring
4664,58.76762335202094,6.104718664230469,2630,0,outer_ring
4665,53.94671590216603,6.3128379187400245,2174,0,outer_ring
4666,55.58598143707783,6.77041498779596,2334,0,outer_ring
4667,52.365353938367285,5.655737735324917,2027,0,outer_ring
4668,55.36390556819355,5.057713868677597,2295,0,outer_ring
4669,58.96990470674127,6.553532676523186,2648,0,outer_ring
4670,67.67320354616572,43.87270028181458,8255,4,stroke_kai
4671,57.87532490741262,19.80578547701205,4142,1,inner_ring
4672,55.00348955114997,6.278997536043732,2262,0,outer_ring
4673,59.83114234571086,6.553261189281254,2714,0,outer_ring
4674,80.7771180331178,56.494711492571206,3290,1,inner_ring
4675,92.62541169896124,49.358270708704545,10253,5,text_en_1919
4676,82.47141995598963,67.51989019035433,9563,5,text_en_1919
4677,49.65624608600406,5.766399949438874,1808,0,outer_ring
4678,55.167557172482766,46.99443653335387,8137,4,stroke_kai
4679,71.34864116810452,37.53513799944616,8398,4,stroke_kai
4680,66.2570939577098,17.349000729335337,10900,5,text_en_1919
4681,38.172987168346104,33.30848651139325,5609,2,octagram
4682,91.0538796333335,53.918214656101654,10058,5,text_en_1919
4683,40.83980071463435,73.71310298970808,3615,1,inner_ring
4684,43.756368499104944,83.20890507931914,8786,5,text_en_1919
4685,45.33523045089202,90.15515757126975,891,0,outer_ring
4686,45.459390437544506,89.42303532182513,895,0,outer_ring
4687,70.80080523439841,74.00367498852167,9414,5,text_en_1919
4688,40.358687874334336,87.18057860116193,1171,0,outer_ring
4689,41.492296966568325,68.38377445322268,5029,2,octagram
4690,42.45171645933742,87.54555018549652,1079,0,outer_ring
4691,54.40945155308226,81.37048559569814,8860,5,text_en_1919
4692,19.579664556054155,42.5653419475122,10592,5,text_en_1919
4693,21.86784298065809,57.49775443638342,9950,5,text_en_1919
4694,53.6522703528548,6.376352180009509,2145,0,outer_ring
4695,22.46651796829498,43.67098832152529,10553,5,text_en_1919
4696,18.04757529142537,48.82666691742241,10323,5,text_en_1919
4697,29.045661496993123,38.877638997798854,5480,2,octagram
4698,31.760877623586733,46.78241399934221,5384,2,octagram
4699,24.840084390290762,46.79531234714451,3828,1,inner_ring
4700,28.65727959990504,37.99671172265633,5491,2,octagram
4701,32.49790281756169,62.82014954808265,3709,1,inner_ring
4702,69.08298586696738,33.75083110804049,6180,2,octagram
4703,27.446899730275277,66.87630755520281,9623,5,text_en_1919
4704,41.99731097811646,21.055358616496758,10859,5,text_en_1919
4705,55.75236373022827,81.03556100048542,8931,5,text_en_1919
4706,36.74348063524229,60.33370349254149,5146,2,octagram
4707,44.901523141406365,53.06084759513644,6814,3,stroke_nan
4708,54.670533125313504,83.91179551276429,8669,5,text_en_1919
4709,45.91918167116734,22.862503123562828,5815,2,octagram
4710,46.082112629768375,88.19199633721415,869,0,outer_ring
4711,56.7828153548454,68.99086640602943,4790,2,octagram
4712,66.6262138504909,73.64882250356817,3439,1,inner_ring
4713,70.64969049608962,86.56660297599623,4,0,outer_ring
4714,62.74072379871317,75.07171726416419,3460,1,inner_ring
4715,44.80915164960005,74.04079917590903,3591,1,inner_ring
4716,53.655138497405275,82.96329741301383,8768,5,text_en_1919
4717,31.47126228810708,62.74008924622176,3714,1,inner_ring
4718,49.77568864186281,50.52167622517741,6881,3,stroke_nan
4719,53.74207141591637,89.91125699647333,320,0,outer_ring
4720,52.74191977904425,37.993602106778816,7467,3,stroke_nan
4721,69.51552833057025,32.27886196067375,6175,2,octagram
4722,57.40716771703182,34.37817604805973,5960,2,octagram
4723,28.371667680666118,36.720293052322816,5505,2,octagram
4724,44.6188716091684,22.789718491209445,5780,2,octagram
4725,46.751750021066854,23.064987589714896,5824,2,octagram
4726,48.64975356985005,12.159473481006144,11238,5,text_en_1919
4727,39.04600466498518,43.19121965354647,7339,3,stroke_nan
4728,49.27515689699882,3.1556185363246843,1802,0,outer_ring
4729,32.31525353701618,45.85546018341406,5396,2,octagram
4730,52.99816088387951,6.69696730071597,2083,0,outer_ring
4731,43.44081269826693,24.26116670482542,5760,2,octagram
4732,58.103076796978705,24.736871794623365,5956,2,octagram
4733,43.88000524579359,8.388826515610003,1547,0,outer_ring
4734,45.25541982010245,9.117491585672909,1579,0,outer_ring
4735,51.26667484583253,43.60427738217767,7229,3,stroke_nan
4736,45.751481124736216,34.211088895201584,5653,2,octagram
4737,47.80055332680394,16.49705327513502,10921,5,text_en_1919
4738,53.707525255720405,5.687039110042825,2156,0,outer_ring
4739,57.48645776517279,42.79120449978069,8261,4,stroke_kai
4740,58.7683962876809,25.35905898922976,5981,2,octagram
4741,47.80101356674074,41.3885982989094,7322,3,stroke_nan
4742,63.37866504472802,46.19877971954836,8152,4,stroke_kai
4743,87.20411678046408,62.50053236781952,9768,5,text_en_1919
4744,85.25330050539151,41.87782395489681,10657,5,text_en_1919
4745,64.50833164817213,55.05158120392811,7812,4,stroke_kai
4746,38.68162856891027,87.41012732171923,1218,0,outer_ring
4747,82.45702378021798,37.983530864646866,4355,1,inner_ring
4748,77.29003018840156,45.42629690120532,6396,2,octagram
4749,64.00957476041002,50.42816850086367,7991,4,stroke_kai
4750,43.734812013629835,88.86498757295355,996,0,outer_ring
4751,27.469005435755275,66.02498279389252,9632,5,text_en_1919
4752,48.97938104899347,90.8855371460621,630,0,outer_ring
4753,66.94445666057699,79.0903912112972,9147,5,text_en_1919
4754,41.4159038815281,86.78899763100696,1135,0,outer_ring
4755,57.164476073735884,80.50374182481072,9026,5,text_en_1919
4756,42.0005494077905,89.06817425127268,1078,0,outer_ring
4757,35.236799316401154,61.22726974471705,5160,2,octagram
4758,31.0712289160559,65.66006710054242,9618,5,text_en_1919
4759,41.3731650469406,87.49060787263652,1128,0,outer_ring
4760,26.186523922274194,67.41384770587594,9589,5,text_en_1919
4761,18.45405284001235,41.035017565733824,10635,5,text_en_1919
4762,41.914620257263,65.60772314822029,5052,2,octagram
4763,18.830870315009197,52.037711161699676,10169,5,text_en_1919
4764,52.12851057338996,90.52908635958079,418,0,outer_ring
4765,29.8157718017818,75.50391229308488,9353,5,text_en_1919
4766,47.47393298564584,89.5431488079338,752,0,outer_ring
4767,59.16045780070657,51.46877054167029,7954,4,stroke_kai
4768,66.93035558294936,79.5097977800847,9125,5,text_en_1919
4769,63.730447075048474,74.75737875394242,3453,1,inner_ring
4770,56.76508886053032,56.65903289893037,7697,4,stroke_kai
4771,57.2193464811972,52.31818760980586,7903,4,stroke_kai
4772,86.85569656870135,49.47996762439488,10285,5,text_en_1919
4773,76.86448897405378,48.9413266665177,3236,1,inner_ring
4774,56.510430234715564,26.750391636012584,5933,2,octagram
4775,76.25320352402439,57.65847186373966,4467,2,octagram
4776,85.67214029149326,42.13174364904701,10651,5,text_en_1919
4777,62.16971169595225,44.519803294576576,8238,4,stroke_kai
4778,75.80032551453418,50.989343647423034,6492,2,octagram
4779,75.00625444807378,47.039515078129234,6423,2,octagram
4780,67.67930102323834,40.60370018514867,8377,4,stroke_kai
4781,75.9599923649854,71.51136119653047,9461,5,text_en_1919
4782,79.178693319669,65.17976146911963,9701,5,text_en_1919
4783,87.58416045472119,52.557383552566435,10130,5,text_en_1919
4784,48.59442605264993,83.52280128516908,8667,5,text_en_1919
4785,39.22775737733683,64.43773726178654,5069,2,octagram
4786,62.423653695820484,7.209009263217601,2891,0,outer_ring
4787,55.924628141160696,25.413801220177618,5936,2,octagram
4788,73.95599673368896,35.575836086355,6230,2,octagram
4789,52.64295321345842,85.52223584397919,8578,5,text_en_1919
4790,80.45227121101547,65.29527463426537,9688,5,text_en_1919
4791,78.24321343751946,65.11354407017544,3346,1,inner_ring
4792,87.68344413858678,49.97941037675941,10295,5,text_en_1919
4793,80.04446683341995,60.8724742428203,3317,1,inner_ring
4794,86.94801033970735,63.27499822665933,9741,5,text_en_1919
4795,64.03711511477097,17.32702900044926,10914,5,text_en_1919
4796,51.272559778350654,6.481469027428939,1936,0,outer_ring
4797,67.60487653494428,51.95418402541189,7907,4,stroke_kai
4798,50.525435091861794,35.480077733713046,7506,3,stroke_nan
4799,49.049940323785336,47.46279166072706,7067,3,stroke_nan
4800,60.4665571348939,6.672311971710747,2755,0,outer_ring
4801,63.6904437225287,6.342677860854367,2961,0,outer_ring
4802,57.922883786984535,26.527804009932154,5947,2,octagram
4803,58.10046609789697,6.924623243082377,2583,0,outer_ring
4804,49.26095027581467,5.330106082748895,1780,0,outer_ring
4805,42.2470213703791,10.376494030288752,1505,0,outer_ring
4806,58.60908232286673,16.128568275379585,11058,5,text_en_1919
4807,49.46307133333052,13.945441658649072,11032,5,text_en_1919
4808,56.083117997862466,35.87915262142984,8518,4,stroke_kai
4809,51.822890472936884,5.807512208065395,1987,0,outer_ring
4810,33.25908376742878,13.28827121970716,1421,0,outer_ring
4811,60.1626338736851,20.950358554896635,4158,1,inner_ring
4812,58.582955650907536,5.544052768651365,2610,0,outer_ring
4813,54.63964673062938,9.864204008567155,2230,0,outer_ring
4814,69.01414850909245,44.901222721762565,8222,4,stroke_kai
4815,94.50755334179559,47.43622647821783,10475,5,text_en_1919
4816,74.83128833750628,29.44079837231401,4282,1,inner_ring
4817,69.59114506533709,40.999758702082,8343,4,stroke_kai
4818,63.319884498708596,45.64411283850156,8220,4,stroke_kai
4819,62.31396781040831,7.0794151340351545,2884,0,outer_ring
4820,81.4503356235271,41.883511214838066,4379,1,inner_ring
4821,76.41042091969149,53.119437990325316,6517,2,octagram
4822,53.00428114266808,23.321377672872206,5881,2,octagram
4823,59.91009924624126,6.155106560086085,2716,0,outer_ring
4824,92.49352708998386,48.121717889551775,10377,5,text_en_1919
4825,46.80960470968641,72.6333434513233,4930,2,octagram
4826,59.95021405151608,88.86181143743298,77,0,outer_ring
4827,41.1789582807368,72.30745893150886,3616,1,inner_ring
4828,51.856984317369715,48.03192939224938,7044,3,stroke_nan
4829,60.16789754787966,88.62473419923488,73,0,outer_ring
4830,63.08683286251248,88.64026742680095,37,0,outer_ring
4831,51.552720292040895,88.61815655097489,461,0,outer_ring
4832,24.218184240554915,69.40756184664329,9513,5,text_en_1919
4833,44.3151895606527,63.12252826111767,5040,2,octagram
4834,23.956823520120057,71.67177641316393,9449,5,text_en_1919
4835,28.951491695962705,56.77977510107548,5250,2,octagram
4836,50.74113928458975,91.09446592960315,498,0,outer_ring
4837,35.76097760665979,62.04889668006431,5157,2,octagram
4838,44.90400930308566,49.98224852721667,6972,3,stroke_nan
4839,28.98315799856634,37.68329429186446,5495,2,octagram
4840,32.603578537113826,44.32304556441071,5397,2,octagram
4841,42.27714617197481,18.156758335242753,10913,5,text_en_1919
4842,27.814824148517292,36.93705684046599,5503,2,octagram
4843,26.345167526110217,42.94104059687928,3858,1,inner_ring
4844,26.468886879726117,54.33584967705638,3781,1,inner_ring
4845,41.83851335156536,63.820175724029035,5063,2,octagram
4846,21.11349686340447,53.2291521931233,10147,5,text_en_1919
4847,33.05831557904166,47.706232504587085,5372,2,octagram
4848,45.08583802256918,87.27567054739544,947,0,outer_ring
4849,51.339002889905906,52.9521185429135,6903,3,stroke_nan
4850,46.98232027397574,57.52024887796154,6656,3,stroke_nan
4851,58.61239917790874,51.538887401821015,7959,4,stroke_kai
4852,62.55494583403579,90.05577039892549,48,0,outer_ring
4853,67.12372625973485,67.01360200229429,4608,2,octagram
4854,59.101445212799085,79.33865292652716,9111,5,text_en_1919
4855,53.764597752397584,82.98166354156788,8727,5,text_en_1919
4856,25.15588180605373,46.71648150592661,3831,1,inner_ring
4857,82.30314737472209,46.52926280648751,4414,1,inner_ring
4858,50.4791940414468,85.6420727095981,559,0,outer_ring
4859,51.97355556052904,56.075388031461756,6730,3,stroke_nan
4860,40.562262257228234,6.698982802879747,1492,0,outer_ring
4861,17.94691205647879,48.19760603654228,10416,5,text_en_1919
4862,50.31834958549444,47.23649095845878,7096,3,stroke_nan
4863,68.99876454450042,18.591481723702845,10910,5,text_en_1919
4864,46.799168827871824,21.101958893303422,5819,2,octagram
4865,52.63310499937597,50.033593059591304,6983,3,stroke_nan
4866,33.479412176063214,35.47551119773828,5561,2,octagram
4867,26.723402579954072,40.66439845666048,3874,1,inner_ring
4868,40.473622255117654,27.679420978532104,5717,2,octagram
4869,22.245048457189917,51.81027740966513,10152,5,text_en_1919
4870,25.06767425301428,53.63736350780264,10139,5,text_en_1919
4871,40.818290250910806,23.284366019990177,4028,1,inner_ring
4872,28.433860452963838,35.627214342561906,3905,1,inner_ring
4873,29.206592666122397,40.357275173689345,5455,2,octagram
4874,41.75773395828957,5.740290940690396,1523,0,outer_ring
4875,48.71331255023173,16.430070229129417,10939,5,text_en_1919
4876,56.8593579849556,7.403915596180137,2457,0,outer_ring
4877,70.30229524954093,9.456991261244704,3173,0,outer_ring
4878,51.87443572459497,47.653465668117605,7077,3,stroke_nan
4879,57.24256213611216,5.2951760954379266,2481,0,outer_ring
4880,47.862078782971395,51.748233211368,6889,3,stroke_nan
4881,48.869250266358655,7.276000066171606,1741,0,outer_ring
4882,63.192715720319484,7.474533158713215,2941,0,outer_ring
4883,80.1640667283535,37.038223923709026,6309,2,octagram
4884,90.68696292698328,49.234590085585005,10320,5,text_en_1919
4885,85.03117342615238,57.12969615237522,9969,5,text_en_1919
4886,40.85963833056445,74.15050364378251,3613,1,inner_ring
4887,56.77935068049829,82.95999661294992,8781,5,text_en_1919
4888,55.59296249157899,81.89554004449715,8836,5,text_en_1919
4889,49.52247913845701,91.50834182108478,575,0,outer_ring
4890,71.6374742502325,26.691707871796044,4252,1,inner_ring
4891,61.90984989144196,60.66219558658459,7610,4,stroke_kai
4892,31.47115437736325,62.72383622809555,3715,1,inner_ring
4893,40.96301518986359,88.94102803957814,1123,0,outer_ring
4894,51.51975811655342,76.20377618620326,3546,1,inner_ring
4895,55.166342913771956,89.29508377589477,245,0,outer_ring
4896,46.56381648477955,88.33140202722551,838,0,outer_ring
4897,57.183942997527936,90.41682435082807,162,0,outer_ring
4898,54.639684786308045,90.02731522124182,273,0,outer_ring
4899,40.755168804079695,63.555220412371064,5074,2,octagram
4900,50.38437984744871,79.90530027822831,9068,5,text_en_1919
4901,16.039671867648554,57.739643410704176,9975,5,text_en_1919
4902,40.89181999006774,61.66562389811149,5098,2,octagram
4903,48.93088298581339,54.60282770112135,6755,3,stroke_nan
4904,45.71152901120216,71.22002075899674,4929,2,octagram
4905,48.10489766468766,54.73508182055254,6763,3,stroke_nan
4906,44.750877862751175,90.6677081655943,916,0,outer_ring
4907,40.91138834406991,87.76722240271191,1143,0,outer_ring
4908,49.01630142836796,79.79174998943365,9034,5,text_en_1919
4909,58.09084658080124,83.95240237038615,8660,5,text_en_1919
4910,42.53148929362556,82.02983971780667,8925,5,text_en_1919
4911,71.19097476329696,46.56679025559508,6443,2,octagram
4912,62.07228673718394,72.80509039095416,4725,2,octagram
4913,55.076939565323556,80.52724160741771,9001,5,text_en_1919
4914,73.30362190984984,50.222769027875906,6471,2,octagram
4915,80.5394029190749,60.877977323803584,3315,1,inner_ring
4916,86.99737897127109,59.643828345513995,9872,5,text_en_1919
4917,60.481646667462925,60.173579810826574,7624,4,stroke_kai
4918,79.58424410485748,25.28784988740068,10824,5,text_en_1919
4919,59.096690556402315,55.39741190092298,7852,4,stroke_kai
4920,53.412850497171775,65.83473186630451,4830,2,octagram
4921,61.82644804251505,74.85709739623942,3469,1,inner_ring
4922,65.68270341109489,40.797450983815715,8384,4,stroke_kai
4923,84.85401931028224,48.4294940651479,10347,5,text_en_1919
4924,69.06680230998504,59.83557149856405,7718,4,stroke_kai
4925,67.20024656649429,58.91956801681559,7663,4,stroke_kai
4926,60.3500210603504,43.565781006019286,8258,4,stroke_kai
4927,41.40712197326215,31.322891028414364,5677,2,octagram
4928,64.57950007414169,8.48157941061851,3024,0,outer_ring
4929,80.96652063708072,42.942961062230886,4385,1,inner_ring
4930,78.08744426081313,38.4506376144501,6324,2,octagram
4931,63.36579956573213,6.174874445465324,2937,0,outer_ring
4932,80.28416768897111,58.612396188358254,4428,2,octagram
4933,69.37774105752541,33.93570226888463,6183,2,octagram
4934,77.01433343130537,51.565945285156744,6497,2,octagram
4935,61.27203085709221,72.02451586810486,4733,2,octagram
4936,80.92735036745567,25.381923858075087,10844,5,text_en_1919
4937,69.40746493481674,62.18828436254371,4562,2,octagram
4938,60.43445744811521,5.314407228825865,2738,0,outer_ring
4939,68.53528142601655,6.793196044130532,3125,0,outer_ring
4940,67.33645774726915,23.702435247016183,4217,1,inner_ring
4941,57.90891710522481,12.86209261650145,11243,5,text_en_1919
4942,57.43980051244354,40.29897266122069,8408,4,stroke_kai
4943,46.0977587884058,53.7735078337196,6776,3,stroke_nan
4944,45.750283714811815,4.763949823282087,1633,0,outer_ring
4945,62.8932794487384,6.236693854822194,2911,0,outer_ring
4946,40.80643529807504,9.332499737459239,1482,0,outer_ring
4947,66.39642667680826,40.86809287933192,8383,4,stroke_kai
4948,80.1607557027458,26.191021953700158,10812,5,text_en_1919
4949,51.643575091503884,4.901645716144831,1980,0,outer_ring
4950,43.14349517224196,6.344846884946932,1543,0,outer_ring
4951,50.469074389986936,12.041253355282954,11229,5,text_en_1919
4952,69.15892954757456,14.272565431015169,11166,5,text_en_1919
4953,59.47329294097538,21.29085240195003,4155,1,inner_ring
4954,59.05425171997583,42.794449219367166,8263,4,stroke_kai
4955,49.03850353278167,5.690990157758174,1764,0,outer_ring
4956,49.98434509004653,4.515533845391434,1840,0,outer_ring
4957,83.44591310625574,44.01222792648933,4394,1,inner_ring
4958,57.160409906034644,51.752290977828984,7944,4,stroke_kai
4959,90.12615240918362,52.42973175518412,10114,5,text_en_1919
4960,80.33345352925984,58.7451762306977,3301,1,inner_ring
4961,60.89865960187313,21.715330488948116,4168,1,inner_ring
4962,57.24403012583222,5.858191307594629,2485,0,outer_ring
4963,68.6488871124018,32.38865154568418,6170,2,octagram
4964,51.18162427916119,5.812875118005532,1927,0,outer_ring
4965,50.57425628811748,4.603702839764405,1887,0,outer_ring
4966,60.70944745380411,53.53985959127251,7863,4,stroke_kai
4967,50.488390977425155,81.67817578821942,8904,5,text_en_1919
4968,35.44785434976547,84.37693257349663,1308,0,outer_ring
4969,45.1458418651454,88.18911691112427,928,0,outer_ring
4970,49.41356643510109,89.13074563389728,609,0,outer_ring
4971,41.85915228518584,86.77002045126846,1117,0,outer_ring
4972,36.20138892424611,85.54793098099944,1292,0,outer_ring
4973,42.002087234886154,66.92258951155131,5033,2,octagram
4974,69.94748085940391,83.23927512858553,8765,5,text_en_1919
4975,46.24231084433243,87.31898345957399,870,0,outer_ring
4976,22.22129126662805,57.95752026160357,9915,5,text_en_1919
4977,11.72751521898441,63.36320815361985,1390,0,outer_ring
4978,28.867638409376166,34.35520299037721,3914,1,inner_ring
4979,25.804258071108475,60.28646654952418,9846,5,text_en_1919
4980,23.709897515369764,41.35885275760894,10586,5,text_en_1919
4981,20.038518825593385,42.912803138813246,10593,5,text_en_1919
4982,17.880378296918014,42.07785184975665,10623,5,text_en_1919
4983,51.75903207237382,14.593945872993322,11119,5,text_en_1919
4984,28.780138667859628,39.68114163412243,5469,2,octagram
4985,36.08711737876703,26.603469377454562,3988,1,inner_ring
4986,60.360192120993034,71.17599424986965,4747,2,octagram
4987,23.738724447263635,42.17007078346355,10569,5,text_en_1919
4988,29.986029449969436,67.69784534829245,9571,5,text_en_1919
4989,20.35464653336637,59.34820056980096,9913,5,text_en_1919
4990,47.94651788026083,57.68703772872866,6691,3,stroke_nan
4991,66.25451308646232,57.72693446791443,7713,4,stroke_kai
4992,52.12815313576994,75.29499008225402,3538,1,inner_ring
4993,27.976048299992353,36.81252330002504,5500,2,octagram
4994,61.23214219425972,75.43703506059721,3473,1,inner_ring
4995,67.44781006028627,54.53857476396463,7803,4,stroke_kai
4996,53.92789743421892,88.79666952477235,310,0,outer_ring
4997,43.50691868731805,46.86819246110564,7090,3,stroke_nan
4998,50.14326078863627,6.551424498545426,1834,0,outer_ring
4999,48.512390399022905,88.36207702487219,692,0,outer_ring
5000,45.021411308634406,6.906135776010727,1587,0,outer_ring
5001,65.79753655117005,17.983338536302966,10886,5,text_en_1919
5002,42.81191142917608,54.141326819166856,6765,3,stroke_nan
5003,58.10661872806956,19.509290074749064,4145,1,inner_ring
5004,56.847961814653196,6.238640481125089,2448,0,outer_ring
5005,56.91164491628116,15.135630884197258,11132,5,text_en_1919
5006,38.19325548791024,28.67191327218125,3989,1,inner_ring
5007,55.41664654060522,29.130639118301808,8566,4,stroke_kai
5008,55.24429792458173,6.625123507219814,2288,0,outer_ring
5009,42.42995284265563,24.60664959250797,5755,2,octagram
5010,43.733138202451094,21.863025058125597,4049,1,inner_ring
5011,39.71455540867564,44.22772163114176,7226,3,stroke_nan
5012,53.6615379259562,69.84103187340526,3531,1,inner_ring
5013,27.80970690229893,37.72236079035077,5497,2,octagram
5014,18.255602626302725,49.37559534278224,10203,5,text_en_1919
5015,28.00310810722967,53.343106675893985,3785,1,inner_ring
5016,39.29362341500978,69.7868274472965,3635,1,inner_ring
5017,69.72553700571092,24.517402197859255,4231,1,inner_ring
5018,65.21121330863308,6.323076074796493,3029,0,outer_ring
5019,47.39112426093883,4.284868598880468,1688,0,outer_ring
5020,37.977341995610516,42.47217181502372,7345,3,stroke_nan
5021,65.08024730224221,36.502586236899695,8496,4,stroke_kai
5022,52.35117979362876,10.761294560856912,11298,5,text_en_1919
5023,41.89524396881715,65.7759737170275,5053,2,octagram
5024,68.2938807046396,30.65579182603002,6150,2,octagram
5025,52.51074920485495,44.62991814644856,7199,3,stroke_nan
5026,63.701236158291366,49.8687915005864,8008,4,stroke_kai
5027,90.43131144788947,48.68586257077157,10338,5,text_en_1919
5028,55.69872336490786,46.96362494483814,8136,4,stroke_kai
5029,76.77818039704202,59.45259855230113,4466,2,octagram
5030,78.53153171703165,38.41486601356092,6326,2,octagram
5031,61.466162215452954,71.33018828599698,4735,2,octagram
5032,50.629133921520065,88.68655571138846,524,0,outer_ring
5033,64.03404563321561,47.182054199662836,8106,4,stroke_kai
5034,46.60369031621112,38.87294966563152,7457,3,stroke_nan
5035,47.72693616157465,89.39846990986811,734,0,outer_ring
5036,37.84390647915467,78.45607725903677,9248,5,text_en_1919
5037,56.001260900426324,89.64596849862768,206,0,outer_ring
5038,39.390806796000774,87.30468978446018,1199,0,outer_ring
5039,67.40889597970767,78.7340571230704,9245,5,text_en_1919
5040,45.028873407802216,87.98021220012704,941,0,outer_ring
5041,57.2511777102438,55.86560839650644,7745,4,stroke_kai
5042,47.673835242569204,90.01080631815059,732,0,outer_ring
5043,47.48811683102696,89.94288205830536,748,0,outer_ring
5044,40.49423724995761,49.41621740241569,6990,3,stroke_nan
5045,29.108775898228583,57.73903277489104,5240,2,octagram
5046,28.658126945066744,59.363021565368896,3745,1,inner_ring
5047,27.328410362794244,51.02288229692321,3803,1,inner_ring
5048,60.608526456479986,46.24408723057777,8138,4,stroke_kai
5049,45.20070863342181,73.96107865889482,3585,1,inner_ring
5050,65.00412283855798,43.57052105023433,8264,4,stroke_kai
5051,55.509756377804955,88.62850688556999,225,0,outer_ring
5052,36.63242096080255,61.15228370158651,5148,2,octagram
5053,49.8962307867498,90.21191986004212,567,0,outer_ring
5054,48.233732457795554,88.16623517714264,713,0,outer_ring
5055,49.9909078592085,92.16893883394862,546,0,outer_ring
5056,63.23984899010465,72.36257623145184,4703,2,octagram
5057,64.6020996773894,71.75596106083759,4668,2,octagram
5058,79.31065292639103,57.149985705745294,6568,2,octagram
5059,87.76379948069999,58.842163859685854,9903,5,text_en_1919
5060,74.53175860389312,60.1870476803056,4493,2,octagram
5061,58.46613134461691,90.6173244381662,114,0,outer_ring
5062,77.13783831640086,45.18426687220613,6393,2,octagram
5063,58.86810058233669,49.59546056481978,7995,4,stroke_kai
5064,80.20973646097654,57.79073059377803,6576,2,octagram
5065,93.01627385557366,48.410289662952415,10341,5,text_en_1919
5066,64.9132138156942,49.19627415565157,7984,4,stroke_kai
5067,89.21811781201721,53.39151082366248,10104,5,text_en_1919
5068,62.62217669361724,38.611625179043855,8459,4,stroke_kai
5069,58.24174923959669,36.50492628262787,8492,4,stroke_kai
5070,78.290183628478,56.25971802039082,6550,2,octagram
5071,83.72036877093836,42.46747245422071,10649,5,text_en_1919
5072,81.51524194419297,37.14013250441253,4347,1,inner_ring
5073,73.12627929649646,35.78376071145547,6220,2,octagram
5074,87.81331320378948,47.50671533966282,10408,5,text_en_1919
5075,91.94844729326188,51.547938419019545,10162,5,text_en_1919
5076,57.304343015346156,39.629392550672016,8430,4,stroke_kai
5077,90.28690553611452,60.622175650923374,9827,5,text_en_1919
5078,60.91031262877799,6.472954113650494,2785,0,outer_ring
5079,56.74694287701954,14.005070614050808,11179,5,text_en_1919
5080,54.28023789786682,6.07765278171956,2196,0,outer_ring
5081,49.61579938000069,15.677278864035905,10992,5,text_en_1919
5082,47.92888815940134,14.704261745237874,10990,5,text_en_1919
5083,57.24095502600876,11.790838433000415,11302,5,text_en_1919
5084,63.803936464271146,7.795373017612792,2985,0,outer_ring
5085,68.19843850995589,28.35633307551218,6125,2,octagram
5086,47.497384919976746,32.82857390668695,7576,3,stroke_nan
5087,57.682961125258565,4.710988867242538,2522,0,outer_ring
5088,61.46408117820653,5.219193547051369,2811,0,outer_ring
5089,68.75677923059077,15.177034683446871,11126,5,text_en_1919
5090,60.675350489753114,5.780249576193655,2761,0,outer_ring
5091,56.74743298769307,11.135619647504937,11327,5,text_en_1919
5092,62.95331984990602,7.642905028399086,2931,0,outer_ring
5093,55.22512831337062,7.82335902529058,2289,0,outer_ring
5094,66.40274161353705,15.272277215375722,11060,5,text_en_1919
5095,58.32946251086874,26.634054692713494,5972,2,octagram
5096,58.388092869522666,12.24994560240447,11284,5,text_en_1919
5097,58.27215475025486,5.503445657071933,2587,0,outer_ring
5098,45.151035747479504,23.50963693714469,5791,2,octagram
5099,67.23234278606118,42.03761813288157,8308,4,stroke_kai
5100,64.0971725536185,7.943866545001219,2998,0,outer_ring
5101,67.2260092015885,56.631329777720104,7748,4,stroke_kai
5102,86.24279423767558,52.606897336915374,10129,5,text_en_1919
5103,79.44174842803737,25.261904810644925,10835,5,text_en_1919
5104,55.435499257468514,6.831390347028997,2317,0,outer_ring
5105,71.85808395208136,32.002068523764706,6198,2,octagram
5106,53.13163835140517,5.090414446130584,2103,0,outer_ring
5107,46.82447771733979,16.09518198098197,10924,5,text_en_1919
5108,77.7998151727041,68.95978979828722,9524,5,text_en_1919
5109,49.05965895885131,89.8448732052505,633,0,outer_ring
5110,44.57321527418317,89.22860634780729,949,0,outer_ring
5111,46.63368564883849,89.40327691646264,813,0,outer_ring
5112,52.101254358845985,88.500151090062,422,0,outer_ring
5113,45.19619824305237,89.214903834938,912,0,outer_ring
5114,81.23175523484487,67.51694723788871,9562,5,text_en_1919
5115,27.602472849811118,76.34044275519756,9324,5,text_en_1919
5116,39.47470554434093,86.4146188134733,1209,0,outer_ring
5117,35.368261255661366,85.02571041280159,1305,0,outer_ring
5118,26.98011764262201,69.26768070221068,9551,5,text_en_1919
5119,20.008228031165128,58.696403542746104,9929,5,text_en_1919
5120,12.951528406425581,59.56957315489546,1393,0,outer_ring
5121,19.36060096227141,39.348798190723016,10709,5,text_en_1919
5122,21.361231482341175,47.80738728531349,10490,5,text_en_1919
5123,32.31484355097776,55.843604680131676,5276,2,octagram
5124,29.8701232880192,55.404320033973974,5269,2,octagram
5125,40.51720027013624,22.869332206557758,4026,1,inner_ring
5126,32.87378993557755,44.06859964401525,5402,2,octagram
5127,40.71065163448571,8.716034748345246,1483,0,outer_ring
5128,73.98491993165888,45.51580811513176,6415,2,octagram
5129,48.60712156438772,88.44332267168537,684,0,outer_ring
5130,43.022370831918714,47.5050998142828,7065,3,stroke_nan
5131,50.375352552102,69.70648762054374,4869,2,octagram
5132,40.00596830844589,23.74792651237415,4021,1,inner_ring
5133,53.06055500240908,61.94618284628576,4833,2,octagram
5134,56.27303212077906,68.7960072603423,4801,2,octagram
5135,31.598514251579537,63.44267239296092,3708,1,inner_ring
5136,76.35517344444746,46.388518147608366,6412,2,octagram
5137,68.97122528919414,77.49846370678166,9314,5,text_en_1919
5138,73.69828347196581,59.80329434210201,4506,2,octagram
5139,44.3978072937962,82.22637322376396,8868,5,text_en_1919
5140,46.76581349139221,90.33921971029123,792,0,outer_ring
5141,58.26683897798062,89.01687161757599,117,0,outer_ring
5142,44.87164933726688,6.948608120452791,1582,0,outer_ring
5143,54.23191507917808,20.83179266817534,4121,1,inner_ring
5144,67.7450998438381,29.11660845569479,6133,2,octagram
5145,51.90146075665974,6.715008402040403,1989,0,outer_ring
5146,73.14354490382219,35.18641660745336,6219,2,octagram
5147,52.91592823060162,6.2749631522905815,2075,0,outer_ring
5148,58.72842116900574,13.956139050531894,11208,5,text_en_1919
5149,43.19700960184578,36.14684979972237,5635,2,octagram
5150,51.251633337064696,49.7769329103503,6987,3,stroke_nan
5151,41.92111033580254,7.683929764625291,1515,0,outer_ring
5152,49.923699998732225,48.6937446033461,7033,3,stroke_nan
5153,25.61041835116773,44.121577302616295,3850,1,inner_ring
5154,17.64123708131146,38.777838504840204,10714,5,text_en_1919
5155,32.0731399228334,55.401536601759005,5279,2,octagram
5156,26.791877207836517,42.35790434003556,3862,1,inner_ring
5157,56.03413320855232,5.735237127626091,2367,0,outer_ring
5158,48.478263432696565,49.3173883589314,6998,3,stroke_nan
5159,47.87801953331285,17.340460731771117,4080,1,inner_ring
5160,55.49967438289817,9.113605737142736,2331,0,outer_ring
5161,62.028515054724984,5.320783161779099,2843,0,outer_ring
5162,54.889920277974994,9.22175208661302,2257,0,outer_ring
5163,52.61570170639129,23.42799654381893,5882,2,octagram
5164,35.691127473591216,28.164188399584642,3976,1,inner_ring
5165,56.27612690309837,17.211721808845923,10980,5,text_en_1919
5166,76.57006466345177,49.30298911966552,6464,2,octagram
5167,45.4462408835676,41.10861531572912,7377,3,stroke_nan
5168,48.62751593998523,78.4394447865894,9215,5,text_en_1919
5169,72.60555907702094,46.48958189410537,6435,2,octagram
5170,39.07846581391636,14.544288588659974,11233,5,text_en_1919
5171,65.37215602024797,69.4949574046031,4641,2,octagram
5172,77.99311032862272,35.43048847368977,6283,2,octagram
5173,65.99683820632396,48.499765803297244,8056,4,stroke_kai
5174,54.43543885001826,88.9285539478863,286,0,outer_ring
5175,60.52496769033415,58.1993515053193,7711,4,stroke_kai
5176,36.8566273509404,70.08082653560567,3648,1,inner_ring
5177,44.60686074023676,88.4394924533663,959,0,outer_ring
5178,46.099617695448345,89.24022755327547,857,0,outer_ring
5179,36.962341310294505,86.6799728606018,1264,0,outer_ring
5180,50.92111672763874,89.33846140093263,493,0,outer_ring
5181,43.849521385673974,79.58540090209773,9078,5,text_en_1919
5182,52.22755964764752,79.80441515595236,9045,5,text_en_1919
5183,55.11011592815248,89.74013228726147,251,0,outer_ring
5184,45.466255769308276,88.1154748219374,908,0,outer_ring
5185,48.66177760760145,90.35229470118175,665,0,outer_ring
5186,46.57070337072466,56.54719690167477,6675,3,stroke_nan
5187,59.60632279154809,59.40255210473191,7631,4,stroke_kai
5188,28.531678059934723,60.508799934203815,3737,1,inner_ring
5189,31.354175819140796,59.45059768212894,5203,2,octagram
5190,47.126858445706276,89.28561645208094,785,0,outer_ring
5191,41.412644240966834,84.16620259125838,8675,5,text_en_1919
5192,51.50110325970951,90.34655773376956,453,0,outer_ring
5193,38.116853712777555,87.26134421839123,1238,0,outer_ring
5194,46.073433906893044,54.7094130149921,6770,3,stroke_nan
5195,75.38051578718077,65.0715465084748,3356,1,inner_ring
5196,49.999705684223635,79.6253903416737,9080,5,text_en_1919
5197,66.97869688416904,47.899392288527245,8091,4,stroke_kai
5198,74.85705354507894,60.854611331231226,4495,2,octagram
5199,78.01504637358858,79.53265805099156,9278,5,text_en_1919
5200,84.04601057591765,47.42126268931846,10419,5,text_en_1919
5201,49.408328098081434,71.54192792940096,4890,2,octagram
5202,47.426144840416804,73.91618788935003,3574,1,inner_ring
5203,57.36578264957472,69.75677850287181,4783,2,octagram
5204,53.807568354208094,82.3339558429232,8815,5,text_en_1919
5205,92.14264907349167,48.27930371245875,10358,5,text_en_1919
5206,76.90978025959919,59.235454227475586,4461,2,octagram
5207,92.72243652425445,49.62248988546078,10247,5,text_en_1919
5208,86.93271589716333,48.069841207505874,10385,5,text_en_1919
5209,80.38770803671913,66.76485816416628,9608,5,text_en_1919
5210,60.931144529729664,10.4138989135228,11332,5,text_en_1919
5211,84.30748451220524,43.15554612763617,10632,5,text_en_1919
5212,56.91075730388363,75.00925955263953,3506,1,inner_ring
5213,51.032150565964734,38.514254853899715,7426,3,stroke_nan
5214,74.66810244327277,52.29455500261607,6495,2,octagram
5215,91.11609447694084,54.58801280350497,10035,5,text_en_1919
5216,77.17000280473717,59.20902372393136,4456,2,octagram
5217,87.23255121987978,55.71725112072095,10043,5,text_en_1919
5218,70.05307409873278,44.612705936003046,6424,2,octagram
5219,64.08465714946423,13.720443515793285,11158,5,text_en_1919
5220,73.71048535159521,26.035714724780213,4259,1,inner_ring
5221,79.79754385302564,40.10681428397144,6337,2,octagram
5222,55.95513945040788,6.151844989335123,2361,0,outer_ring
5223,55.36630596098928,6.294927056300548,2302,0,outer_ring
5224,45.81705323426257,23.98061104935973,5823,2,octagram
5225,47.455292324177734,36.26695919279684,7530,3,stroke_nan
5226,51.41668313786388,25.20407330143355,5878,2,octagram
5227,49.76069595761557,13.068248062590406,11205,5,text_en_1919
5228,62.459640850622456,6.7050845163314445,2889,0,outer_ring
5229,67.34499984071118,51.47484965513442,7909,4,stroke_kai
5230,68.12240026060542,31.260680532299656,6160,2,octagram
5231,61.86770110899967,6.579657181113297,2848,0,outer_ring
5232,57.91166162664525,11.617102006360724,11306,5,text_en_1919
5233,53.90879325258959,5.116518710666667,2172,0,outer_ring
5234,69.49876599668072,8.263640068818574,3156,0,outer_ring
5235,51.547521552642394,8.160041572179834,1952,0,outer_ring
5236,56.39238488245366,6.238883267526081,2412,0,outer_ring
5237,45.70996683557052,7.29909076577237,1605,0,outer_ring
5238,77.65263762664065,12.066236762921633,3220,0,outer_ring
5239,57.541961769497554,16.148196060530072,11027,5,text_en_1919
5240,53.725203497615134,4.045045668372537,2160,0,outer_ring
5241,90.06392981247818,59.58452025632832,9859,5,text_en_1919
5242,65.31655735986743,47.654891652793054,8128,4,stroke_kai
5243,69.22902952618053,71.89253769807421,3419,1,inner_ring
5244,76.34568334511175,65.09248896420263,3354,1,inner_ring
5245,49.611751695434094,5.878960556775618,1803,0,outer_ring
5246,76.3685734660634,56.82527181845286,4457,2,octagram
5247,78.04686416969771,36.41097408842938,6288,2,octagram
5248,58.618264903897604,26.145333863287796,5971,2,octagram
5249,49.918979649155055,4.404305123982749,1835,0,outer_ring
5250,72.080186790247,69.3141008620604,3393,1,inner_ring
5251,53.6910078689292,91.63369750436021,323,0,outer_ring
5252,38.462945622241605,75.71289481847379,9367,5,text_en_1919
5253,33.62071474563879,79.89380959328409,1351,0,outer_ring
5254,53.52162469015547,90.15081597342825,333,0,outer_ring
5255,36.88355655849538,85.99873347125582,1272,0,outer_ring
5256,56.126464637535925,82.69948892287972,8737,5,text_en_1919
5257,35.021000980057536,74.60362410186491,9390,5,text_en_1919
5258,50.247392284673765,88.70319097458481,553,0,outer_ring
5259,34.20248595815137,73.84730014603898,9386,5,text_en_1919
5260,25.17708125128009,57.987424319734366,9909,5,text_en_1919
5261,47.91588062632256,86.99421089653919,749,0,outer_ring
5262,37.38302353116637,76.84837263288601,9326,5,text_en_1919
5263,22.49342896683535,41.46201106835007,10642,5,text_en_1919
5264,28.067599659698846,63.88516643319891,9711,5,text_en_1919
5265,28.825097174083204,34.907563568117574,3911,1,inner_ring
5266,23.659653654916223,70.3454968854347,9481,5,text_en_1919
5267,20.076450623265394,57.272541208973905,9949,5,text_en_1919
5268,26.86982912473597,35.02059170403633,3903,1,inner_ring
5269,24.113075030880836,67.08015866170089,9610,5,text_en_1919
5270,42.767356113057055,49.52384073659747,6996,3,stroke_nan
5271,25.49843433070659,44.28467806946047,3848,1,inner_ring
5272,43.947032089292215,22.150062867354688,4050,1,inner_ring
5273,24.612647928243376,60.34287378981358,9838,5,text_en_1919
5274,36.72313730457197,68.52773664584926,3656,1,inner_ring
5275,51.52200875748837,68.59793696543497,4852,2,octagram
5276,54.92224495554544,89.75402249330665,259,0,outer_ring
5277,66.50551396352081,78.69036589733666,9224,5,text_en_1919
5278,40.80790820902143,72.57519288634522,3617,1,inner_ring
5279,67.45560007342428,69.87331375835602,4636,2,octagram
5280,61.10161235446548,39.706862754764586,8416,4,stroke_kai
5281,47.418900887730345,88.01463623432753,777,0,outer_ring
5282,51.03928572753693,52.0262939579095,6830,3,stroke_nan
5283,46.55258590082892,88.71042980106448,832,0,outer_ring
5284,52.04213402839085,67.49718283107799,4848,2,octagram
5285,63.14907219637925,59.04331065671187,7657,4,stroke_kai
5286,31.049479781243853,43.755714201489006,5417,2,octagram
5287,42.83269803634183,53.86529569878027,6794,3,stroke_nan
5288,77.81146197577975,62.68902681534679,3338,1,inner_ring
5289,32.57566683857412,51.32951932436669,5320,2,octagram
5290,40.852663322181876,33.671209903685536,5633,2,octagram
5291,34.545434561028436,30.485852513972606,3953,1,inner_ring
5292,50.07290892070516,7.167421697907376,1827,0,outer_ring
5293,30.79471498315522,36.465900323014594,5528,2,octagram
5294,27.28495270466254,36.95698568353557,3897,1,inner_ring
5295,11.906727034242236,40.214263909799804,1403,0,outer_ring
5296,52.80852256380154,50.64062795733275,6936,3,stroke_nan
5297,32.82486922615079,60.16722025487958,5178,2,octagram
5298,52.37019932403764,56.98999868245127,6679,3,stroke_nan
5299,55.642584875091345,5.261514303578751,2335,0,outer_ring
5300,56.30911908994285,5.094361414402345,2398,0,outer_ring
5301,50.041511970447644,45.203887244300866,7186,3,stroke_nan
5302,45.2982082131947,23.226029801548297,5811,2,octagram
5303,48.54655411080798,24.8890580549274,5855,2,octagram
5304,57.0005082839619,89.19083534798831,166,0,outer_ring
5305,55.63666380290394,6.4337613478277085,2338,0,outer_ring
5306,56.22130707326337,5.21363369494144,2388,0,outer_ring
5307,75.91614765747525,46.2380085248556,6411,2,octagram
5308,67.2906130326207,24.09750657597593,6093,2,octagram
5309,91.92968017780471,47.43871890229807,10474,5,text_en_1919
5310,53.31623768982718,84.9848851172981,8638,5,text_en_1919
5311,89.31898849922398,53.89455953401552,10065,5,text_en_1919
5312,43.10199805592809,70.53519300171047,4995,2,octagram
5313,67.54853555853643,66.83045904206408,4603,2,octagram
5314,64.9866106641636,70.9060264744995,4660,2,octagram
5315,71.07168346339724,34.49835970759235,6199,2,octagram
5316,86.53177741427801,54.40859065218233,10092,5,text_en_1919
5317,54.4502367297265,67.1751380688434,4821,2,octagram
5318,46.87467147046859,60.61528820489761,6589,3,stroke_nan
5319,35.42605106685723,83.33065742193536,1311,0,outer_ring
5320,45.12325999959128,86.85414900518562,951,0,outer_ring
5321,68.28153014096875,87.48287773268142,10,0,outer_ring
5322,47.57550366904396,69.95902332547644,4906,2,octagram
5323,45.64536081463757,88.30743793074767,899,0,outer_ring
5324,59.241580451647444,90.43393644997539,93,0,outer_ring
5325,46.96436037230293,77.37358846228754,9292,5,text_en_1919
5326,45.03687946349358,58.291202020665345,6646,3,stroke_nan
5327,68.46018882646332,74.34984965464415,3431,1,inner_ring
5328,43.98373707236721,88.7252187670859,984,0,outer_ring
5329,42.98745932275367,22.033668719974685,4046,1,inner_ring
5330,32.8109354456182,30.4586778947507,3949,1,inner_ring
5331,33.608843910392984,61.17280661569375,5170,2,octagram
5332,43.778072704112816,87.95597567229609,1010,0,outer_ring
5333,48.537452917608356,88.79470015533607,686,0,outer_ring
5334,67.98710341754418,81.2043607946238,9006,5,text_en_1919
5335,58.33323129108781,80.7981176518653,8977,5,text_en_1919
5336,59.62212996534127,90.0965207040628,85,0,outer_ring
5337,76.34372893250635,70.90164057344968,9464,5,text_en_1919
5338,64.90228212749604,73.92176939197496,4693,2,octagram
5339,66.98402065262015,55.5835075447539,7755,4,stroke_kai
5340,76.3867241796795,76.34556654150282,9297,5,text_en_1919
5341,67.61782463870131,71.50256528362391,4652,2,octagram
5342,72.10451266412787,47.34653534625126,6441,2,octagram
5343,65.53967797324214,55.867420979422185,7817,4,stroke_kai
5344,52.03751429250546,89.21753536887392,424,0,outer_ring
5345,57.64137811096916,52.28267471294626,7949,4,stroke_kai
5346,57.85618509100149,57.88161460983974,7680,4,stroke_kai
5347,91.73455042999646,54.106022284434324,10041,5,text_en_1919
5348,69.22169657129282,78.24727702994652,9311,5,text_en_1919
5349,59.91955874339299,71.07760282615676,4752,2,octagram
5350,86.76991240953068,59.77695602545541,9850,5,text_en_1919
5351,87.39648633750546,47.65425229259979,10386,5,text_en_1919
5352,50.298330575481884,34.861984566087266,7527,3,stroke_nan
5353,91.4529878168805,55.8792834125506,10020,5,text_en_1919
5354,55.75678727448529,45.75221925422698,8178,4,stroke_kai
5355,78.60471342590604,35.83095884449834,6295,2,octagram
5356,57.86754682007129,41.33240932345283,8306,4,stroke_kai
5357,74.28741889844822,46.39236422333036,6422,2,octagram
5358,79.08413593386011,60.606625803875026,3320,1,inner_ring
5359,85.22221911825693,53.33756031116808,10116,5,text_en_1919
5360,89.81569627006705,55.57567190791941,10029,5,text_en_1919
5361,64.94622085262873,22.473796693587875,4198,1,inner_ring
5362,62.98436731281985,5.974810650345174,2914,0,outer_ring
5363,61.641353783055536,6.294959875312472,2832,0,outer_ring
5364,50.695147994285854,5.639654440548785,1890,0,outer_ring
5365,41.04480646461031,8.882067816025081,1488,0,outer_ring
5366,50.33963348170958,45.39545777231211,7168,3,stroke_nan
5367,53.01505261990625,5.73389312795498,2092,0,outer_ring
5368,52.53944635519494,20.83482893473432,4104,1,inner_ring
5369,38.71486500442224,35.0913721668993,5612,2,octagram
5370,51.216477697046955,6.217354378014367,1928,0,outer_ring
5371,42.79495835071836,8.123304493744033,1527,0,outer_ring
5372,60.95201888802618,6.3628529019907845,2791,0,outer_ring
5373,66.80684753197497,6.13029140205633,3081,0,outer_ring
5374,55.95437556022298,17.31762616930743,10979,5,text_en_1919
5375,58.25133659387661,11.885109979693851,11297,5,text_en_1919
5376,58.7484957985611,8.714827059918338,2650,0,outer_ring
5377,55.413734241342375,5.88651537881108,2307,0,outer_ring
5378,57.766750389605626,6.039297146876904,2538,0,outer_ring
5379,51.66289545106951,39.59078040613419,7425,3,stroke_nan
5380,65.21350047242039,9.831682694232478,3065,0,outer_ring
5381,48.87934953495365,5.90902395684667,1756,0,outer_ring
5382,52.51995571866954,43.63704860532195,7268,3,stroke_nan
5383,64.21139042604179,21.17721715191939,6042,2,octagram
5384,74.27114151002377,65.8390169846765,3364,1,inner_ring
5385,74.92220463883977,51.01022437765218,6484,2,octagram
5386,81.07369832313249,58.659225537784856,4421,2,octagram
5387,61.07613182227657,4.141558934007276,2770,0,outer_ring
5388,52.738912922436185,5.6241166845398345,2056,0,outer_ring
5389,51.47161474290606,5.60583373897585,1960,0,outer_ring
5390,52.487040376349476,7.900491291124183,2029,0,outer_ring
5391,49.58056274368737,13.973593402209344,11024,5,text_en_1919
5392,76.2092663705978,63.412504412297075,3344,1,inner_ring
5393,49.35635090576851,90.3112740834846,600,0,outer_ring
5394,43.95861702552737,84.08064600488028,8706,5,text_en_1919
5395,43.58837201906944,89.01968474316196,1007,0,outer_ring
5396,55.505223561222124,89.78241734369502,227,0,outer_ring
5397,69.37057037582719,74.06331445657824,3424,1,inner_ring
5398,43.265450924477136,87.98636993259973,1035,0,outer_ring
5399,31.24102761344035,71.2942677889487,9445,5,text_en_1919
5400,25.44519233351555,66.18630518886796,9678,5,text_en_1919
5401,31.99221189084614,71.64605930202443,9435,5,text_en_1919
5402,42.51265909144654,67.51996392962415,5031,2,octagram
5403,48.54808223503946,25.586113693324506,7566,3,stroke_nan
5404,46.93098322856361,51.47675196923791,6887,3,stroke_nan
5405,18.516274484028294,48.97696391127057,10342,5,text_en_1919
5406,16.406129634886817,47.78482424611802,10453,5,text_en_1919
5407,17.448987186916217,38.09238880026098,10767,5,text_en_1919
5408,17.12607114213501,44.75605290823978,10580,5,text_en_1919
5409,26.598979873350384,38.70772995767739,3887,1,inner_ring
5410,24.511124282976464,52.55562740832597,10144,5,text_en_1919
5411,35.74793454136217,48.387065655216965,5369,2,octagram
5412,24.732260864248957,53.47838416470046,10140,5,text_en_1919
5413,23.320895620621386,51.8736842591341,10151,5,text_en_1919
5414,27.950145547314158,51.656283511191944,3797,1,inner_ring
5415,29.972119419276243,36.49549655753775,5517,2,octagram
5416,46.43658933539084,59.23898734240927,6611,3,stroke_nan
5417,38.144464808149905,75.82743726283846,9374,5,text_en_1919
5418,47.88229664694444,6.734927230820823,1693,0,outer_ring
5419,56.48152043969951,90.63316592952108,186,0,outer_ring
5420,39.14424193229562,44.02928989710882,7232,3,stroke_nan
5421,65.6705093249946,68.1858082829857,4618,2,octagram
5422,54.50329698404141,88.68480566167236,281,0,outer_ring
5423,63.77744007251969,59.16616973366272,7667,4,stroke_kai
5424,68.86025224469839,47.296086991838976,6449,2,octagram
5425,68.298138603549,47.22832416377539,8115,4,stroke_kai
5426,51.33838324804784,5.786078570824857,1944,0,outer_ring
5427,49.08920758295487,89.89979152621099,632,0,outer_ring
5428,56.271679460188274,14.045389149260112,11155,5,text_en_1919
5429,73.18109243086407,8.143726127493649,3194,0,outer_ring
5430,51.52471246437599,80.77219315695683,8960,5,text_en_1919
5431,51.91558063361191,46.422986737393025,7156,3,stroke_nan
5432,70.80656829438686,25.94255908691695,4244,1,inner_ring
5433,56.52923957942021,43.06555138806872,8311,4,stroke_kai
5434,30.11975138479837,35.52054081930381,5522,2,octagram
5435,55.345151169096034,6.696633269240903,2301,0,outer_ring
5436,45.62820763355861,42.60398914898629,7336,3,stroke_nan
5437,44.3776139843397,7.586444576660163,1568,0,outer_ring
5438,43.477990159653004,78.61777264047635,9127,5,text_en_1919
5439,35.82247563877695,26.71331105443881,3985,1,inner_ring
5440,45.11785227677728,13.293869387570107,11128,5,text_en_1919
5441,42.70601924745257,20.61153794952568,10875,5,text_en_1919
5442,52.69100550780373,6.2288674576224725,2050,0,outer_ring
5443,40.07685900907297,31.542787530114854,5672,2,octagram
5444,62.06862779870971,6.6619324588445785,2861,0,outer_ring
5445,48.69496957999015,15.077303349476123,10991,5,text_en_1919
5446,54.2448841852015,20.600053129717185,4122,1,inner_ring
5447,45.26912420846261,37.5242925038135,7493,3,stroke_nan
5448,62.40561078805071,5.991833009317175,2879,0,outer_ring
5449,62.97950933882156,6.854500618097065,2923,0,outer_ring
5450,72.65563181233598,47.0760395726002,6439,2,octagram
5451,69.92554331521377,23.603796123851158,4230,1,inner_ring
5452,52.74997051779736,5.522373779667911,2059,0,outer_ring
5453,74.457178445267,27.87948413457618,4269,1,inner_ring
5454,69.45861326636782,34.00979651202037,6187,2,octagram
5455,81.24981839774328,38.00588645711546,4352,1,inner_ring
5456,57.8115603001846,41.90283024908456,8285,4,stroke_kai
5457,41.617220908554366,73.15344132340498,3611,1,inner_ring
5458,61.45496004213001,56.633620137000136,7752,4,stroke_kai
5459,53.241214299672066,85.30092716855063,8616,5,text_en_1919
5460,25.71230616174085,40.42356157800464,3873,1,inner_ring
5461,49.265652664214336,89.62819622574874,618,0,outer_ring
5462,53.92957787948658,80.03209888950386,9037,5,text_en_1919
5463,56.654438796762406,90.79765342156152,180,0,outer_ring
5464,49.11380321581661,88.57324945042367,645,0,outer_ring
5465,47.403765793772116,90.68902355313814,744,0,outer_ring
5466,46.84381518414057,87.33822808494723,827,0,outer_ring
5467,59.23486897871853,80.29293743873495,9073,5,text_en_1919
5468,64.46492232088359,87.63013652362129,23,0,outer_ring
5469,61.680653493287515,79.45623880299608,9179,5,text_en_1919
5470,45.234097022035016,54.19603022494375,6766,3,stroke_nan
5471,52.631331323965306,47.00805934821399,7124,3,stroke_nan
5472,31.04259618731833,36.87229140403701,5529,2,octagram
5473,27.466069785497872,42.61584616961082,3861,1,inner_ring
5474,46.541202899202005,72.79664522880749,4934,2,octagram
5475,59.16838706195371,86.29688964272056,8619,5,text_en_1919
5476,37.84231201253161,87.34218519510684,1243,0,outer_ring
5477,62.25566505704201,53.31622695100643,7867,4,stroke_kai
5478,47.60652832351468,81.01181709468617,8857,5,text_en_1919
5479,67.73660534374764,65.74310455447345,4589,2,octagram
5480,53.103959826381285,87.63806487265231,364,0,outer_ring
5481,49.96793172562383,46.30090540237601,7130,3,stroke_nan
5482,87.13320758032935,54.45564567729813,10083,5,text_en_1919
5483,51.400874776234545,5.233224521302517,1956,0,outer_ring
5484,60.92422373477131,40.11321948997624,8417,4,stroke_kai
5485,62.64758592100451,58.88881951242786,7686,4,stroke_kai
5486,72.6706570721222,47.081492939922214,6437,2,octagram
5487,77.48914802958474,69.47215826635961,9527,5,text_en_1919
5488,91.65178646656005,47.53792469878481,10468,5,text_en_1919
5489,82.60859947378741,55.44756347045193,3277,1,inner_ring
5490,79.39273784070275,60.093730506658765,3313,1,inner_ring
5491,65.86398730503441,56.17257219048229,7760,4,stroke_kai
5492,90.98476557393174,45.963324486666025,10506,5,text_en_1919
5493,62.27538269621238,51.39167803611102,7935,4,stroke_kai
5494,75.57583524949911,46.65022823675562,6418,2,octagram
5495,59.19076575496843,25.03503022108607,5983,2,octagram
5496,66.93101802645734,63.87329242247548,4576,2,octagram
5497,48.08112219873784,6.713420726115768,1705,0,outer_ring
5498,91.41709635270284,46.10211720220535,10511,5,text_en_1919
5499,64.4089380162014,40.55677577870769,8400,4,stroke_kai
5500,58.76937385844451,80.84168494994302,8991,5,text_en_1919
5501,90.70146180723633,48.06521373754686,10357,5,text_en_1919
5502,86.54795670316169,67.60922528694896,9541,5,text_en_1919
5503,78.86656370434743,34.582073055996,4325,1,inner_ring
5504,59.23437039802628,5.875397989582413,2661,0,outer_ring
5505,66.65394854133676,23.173372760282273,4212,1,inner_ring
5506,31.708421211592267,54.14884124252772,5286,2,octagram
5507,58.34859775954171,13.901660108851626,11180,5,text_en_1919
5508,48.45179862678643,12.869667678529021,11225,5,text_en_1919
5509,62.21550338820873,6.166478289208505,2867,0,outer_ring
5510,58.042892908568355,24.270623703697154,5955,2,octagram
5511,65.56742288228031,23.794495080293405,6065,2,octagram
5512,59.022942074289666,18.211946275331854,10943,5,text_en_1919
5513,51.554926859789624,6.260335284717858,1964,0,outer_ring
5514,50.08512929229262,3.646094737445591,1861,0,outer_ring
5515,68.41007924288712,44.791782624565805,8223,4,stroke_kai
5516,43.78304905573567,23.708359457260745,5765,2,octagram
5517,45.88463097638711,50.91277034518092,6875,3,stroke_nan
5518,55.94424916529195,15.83215478474915,11034,5,text_en_1919
5519,42.10524822127127,7.15485244683801,1521,0,outer_ring
5520,57.716803093378175,4.734165212963102,2526,0,outer_ring
5521,56.66410297753989,12.89870937556961,11253,5,text_en_1919
5522,57.72460341575554,6.0802842382239985,2535,0,outer_ring
5523,55.27886101307896,35.99274248359401,8511,4,stroke_kai
5524,73.24543696171736,27.829604922649494,4265,1,inner_ring
5525,67.19722175942118,6.363891678471469,3089,0,outer_ring
5526,64.1158703121892,34.98015823994348,8537,4,stroke_kai
5527,78.73590695088944,58.82193289299674,4438,2,octagram
5528,82.55085878649417,44.65631235361251,4400,1,inner_ring
5529,91.55575636362252,61.90997851175142,9782,5,text_en_1919
5530,61.6243841577025,6.851097674747255,2835,0,outer_ring
5531,85.50728757564,40.69799229976699,10680,5,text_en_1919
5532,33.84823594592349,29.510498569706083,3958,1,inner_ring
5533,56.40214998581992,5.852732616891033,2410,0,outer_ring
5534,56.18800845127732,56.595218545984366,7706,4,stroke_kai
5535,50.63743314777972,88.2801648256183,525,0,outer_ring
5536,45.74423090989968,89.58885137360095,872,0,outer_ring
5537,39.234034797308006,86.04000748461833,1216,0,outer_ring
5538,49.91093711465357,70.58328280576657,4878,2,octagram
5539,32.121866552635446,76.376410255691,9340,5,text_en_1919
5540,42.201711780681784,88.08281788144849,1087,0,outer_ring
5541,46.976835050980014,88.40527864470721,802,0,outer_ring
5542,42.606988149054985,85.95325934057527,1097,0,outer_ring
5543,31.946581633852002,71.53620327177383,9474,5,text_en_1919
5544,52.43401366209888,49.88163213443495,6995,3,stroke_nan
5545,27.88288259871472,62.265155529564574,3727,1,inner_ring
5546,27.00002925439548,38.862330454108005,3884,1,inner_ring
5547,27.444408257986144,55.42381052817148,3772,1,inner_ring
5548,29.677011384468724,38.70324370039816,5474,2,octagram
5549,38.71541702217935,34.32648696339422,5614,2,octagram
5550,34.728605153765216,27.825001071179738,3971,1,inner_ring
5551,20.629672895076745,59.311056272334156,9898,5,text_en_1919
5552,45.93720983966985,58.53982238585211,6624,3,stroke_nan
5553,42.89564840055007,43.38547573019211,7311,3,stroke_nan
5554,28.610424149884317,38.441551548503476,5484,2,octagram
5555,47.21980222734079,3.9079803020629367,1685,0,outer_ring
5556,47.39536484840918,40.31249261857984,7397,3,stroke_nan
5557,40.23675480242045,62.16006926899677,5103,2,octagram
5558,69.22846699009725,70.53356499542666,3414,1,inner_ring
5559,57.544792132491935,78.60911260642146,9097,5,text_en_1919
5560,50.459240232468936,90.1520044092433,526,0,outer_ring
5561,55.180969493955395,76.72637462111747,9197,5,text_en_1919
5562,46.301426561542954,53.7688504981441,6782,3,stroke_nan
5563,58.21396627533552,82.46029975738773,8862,5,text_en_1919
5564,67.04642268744404,81.09866135274191,9016,5,text_en_1919
5565,64.03001035432054,52.72695588983284,7877,4,stroke_kai
5566,66.55987541849615,48.13257985441891,8072,4,stroke_kai
5567,64.12596114185342,72.43156917909512,4676,2,octagram
5568,46.14939055155154,22.741591385694296,5822,2,octagram
5569,57.37588520670862,5.061424889251914,2490,0,outer_ring
5570,38.68731367094135,7.634111912775417,1464,0,outer_ring
5571,49.784025040698445,56.340748175474,6726,3,stroke_nan
5572,52.463349263840634,6.428700803329916,2033,0,outer_ring
5573,59.3198619125075,78.83390995934005,9177,5,text_en_1919
5574,49.400751026995685,88.84076483176709,611,0,outer_ring
5575,45.28446511758983,6.731932173519532,1596,0,outer_ring
5576,52.52336143978663,7.936295090887488,2032,0,outer_ring
5577,39.8744699457987,8.127975235306756,1474,0,outer_ring
5578,43.616233581286586,7.021259873127213,1548,0,outer_ring
5579,40.91955338921691,49.58189405151334,6988,3,stroke_nan
5580,44.783203213850804,58.56646044902996,6633,3,stroke_nan
5581,20.808804718361436,37.15890421200948,10750,5,text_en_1919
5582,40.58987502608355,30.132443122559053,5689,2,octagram
5583,39.09927050845052,23.551709589263545,4020,1,inner_ring
5584,48.69915360464606,5.040397949958428,1749,0,outer_ring
5585,55.81572910200205,4.802817269149634,2346,0,outer_ring
5586,59.03585273129567,5.389322898887839,2641,0,outer_ring
5587,47.74462402015326,53.73885169392117,6780,3,stroke_nan
5588,48.91248482685786,12.215443745207436,11250,5,text_en_1919
5589,56.163562698672195,6.026465337977472,2383,0,outer_ring
5590,57.42317657784301,5.044367547746656,2496,0,outer_ring
5591,44.36509934966027,59.022028359155286,6610,3,stroke_nan
5592,40.46218063661042,33.38751096443299,5644,2,octagram
5593,41.90414895092582,7.439032232673839,1516,0,outer_ring
5594,51.32582267195005,5.2408907061475904,1948,0,outer_ring
5595,54.3795557576229,4.857719151722226,2203,0,outer_ring
5596,48.75495807799607,71.34042331267463,4893,2,octagram
5597,72.31212927418424,80.93609082275336,9008,5,text_en_1919
5598,84.63353761967156,57.86477080971914,9965,5,text_en_1919
5599,69.47790170487568,42.56363403198141,8293,4,stroke_kai
5600,41.00577708120627,65.2274478179454,5059,2,octagram
5601,63.90600589322886,70.97305438162547,4659,2,octagram
5602,37.654041427376555,88.64532731629647,1232,0,outer_ring
5603,55.47596619784624,89.5173744284862,229,0,outer_ring
5604,42.94674002273957,71.58395990963979,4987,2,octagram
5605,52.947753265455184,89.26756123848132,372,0,outer_ring
5606,45.64715919736527,89.12683241886948,885,0,outer_ring
5607,45.569311118323725,84.14828398173186,964,0,outer_ring
5608,55.63269850767452,67.31713730389913,4810,2,octagram
5609,52.602150551096344,68.79534383909458,4845,2,octagram
5610,47.97146013009898,88.13001976774154,731,0,outer_ring
5611,49.25190786391618,56.39168255363017,6706,3,stroke_nan
5612,69.69756682348351,87.51388916632713,6,0,outer_ring
5613,27.73561538443018,52.8359390847804,3790,1,inner_ring
5614,33.966615086118125,66.79894313536803,3682,1,inner_ring
5615,55.60262165074848,75.8403994578535,3517,1,inner_ring
5616,55.15075644321094,89.3949187534348,249,0,outer_ring
5617,49.387002857054064,89.6331758616982,605,0,outer_ring
5618,53.36448095584638,83.44529460187456,8694,5,text_en_1919
5619,43.95050528910616,80.50651809769353,9021,5,text_en_1919
5620,56.692976482116634,52.223019231724194,7945,4,stroke_kai
5621,62.35022699898626,89.56682868324904,49,0,outer_ring
5622,70.4914405453925,69.62457195643195,3404,1,inner_ring
5623,58.43879427168401,54.676787164552664,7851,4,stroke_kai
5624,69.71363397925306,69.80500809971285,3410,1,inner_ring
5625,76.20087761554964,34.03984090285305,6253,2,octagram
5626,51.410283193232296,82.80088826820868,8778,5,text_en_1919
5627,66.7181465444612,79.41788940908853,9139,5,text_en_1919
5628,81.95369592602634,42.69666879993352,4384,1,inner_ring
5629,73.72868653878031,67.40488092729353,3375,1,inner_ring
5630,60.02286120978833,56.541855327841226,7765,4,stroke_kai
5631,63.93921844010779,72.01937582445264,4674,2,octagram
5632,48.02961355000576,70.50792071263558,4909,2,octagram
5633,87.70499683257033,60.14521511450288,9863,5,text_en_1919
5634,58.45173193817617,71.56102904939318,4762,2,octagram
5635,83.67235136817371,66.84376096219502,9637,5,text_en_1919
5636,82.06635117666846,46.90314803061425,4417,1,inner_ring
5637,58.538299057682046,12.033032387353773,11291,5,text_en_1919
5638,59.79497017205001,5.5239345081353415,2702,0,outer_ring
5639,51.66894951136496,16.23463046528783,11047,5,text_en_1919
5640,56.923039875851416,67.2216155141677,7581,4,stroke_kai
5641,63.27899025456261,72.25615681975988,4711,2,octagram
5642,90.77161194282789,46.583639260021094,10487,5,text_en_1919
5643,88.63780556442784,49.225889604859724,10315,5,text_en_1919
5644,64.62603010210039,55.889404473022445,7782,4,stroke_kai
5645,77.41629949895795,31.977893926091276,4303,1,inner_ring
5646,54.25818988011374,49.886361379276664,4826,2,octagram
5647,80.35489554590218,27.163657956640385,10801,5,text_en_1919
5648,56.00403030596275,7.306799707078982,2372,0,outer_ring
5649,56.785584935493816,3.5932557575744983,2433,0,outer_ring
5650,64.16413065648393,14.834913131870863,11137,5,text_en_1919
5651,61.416422019527815,24.550333871763815,6010,2,octagram
5652,54.72768715320691,7.563901101815203,2238,0,outer_ring
5653,64.39627919043653,25.441725247119884,6079,2,octagram
5654,49.67072362190599,6.616446402374161,1801,0,outer_ring
5655,47.90005723628066,8.154238657049484,11350,5,text_en_1919
5656,58.29110339202249,6.2628574026043395,2591,0,outer_ring
5657,52.15187736749965,5.709730815816591,2011,0,outer_ring
5658,60.20439492728442,5.6200681111393065,2731,0,outer_ring
5659,69.54496096335662,49.37376485040451,6469,2,octagram
5660,41.952093366632425,25.29810751506402,5747,2,octagram
5661,47.106917489573,8.110503734478373,1661,0,outer_ring
5662,49.63149752491352,42.88702191157061,7306,3,stroke_nan
5663,41.69690819893161,7.517128689893244,1512,0,outer_ring
5664,58.39786655826209,4.856467773405499,2590,0,outer_ring
5665,51.43775677573482,7.166963866334893,1945,0,outer_ring
5666,55.19810829576076,5.286617871891303,2280,0,outer_ring
5667,59.27736266622901,20.52622759497813,4154,1,inner_ring
5668,64.33118346898361,5.983631746802385,2988,0,outer_ring
5669,84.78179464856785,72.24414220774241,9441,5,text_en_1919
5670,42.15362300049362,43.90146308717798,7301,3,stroke_nan
5671,60.445972341075176,3.662797383787955,2727,0,outer_ring
5672,60.12979445140305,41.469281700198906,8368,4,stroke_kai
5673,80.56455712765364,38.7762303291853,4356,1,inner_ring
5674,50.21776140632681,19.231741818564096,4092,1,inner_ring
5675,45.93379965632634,6.574931176182992,1622,0,outer_ring
5676,92.19345211121059,54.55329510810663,10031,5,text_en_1919
5677,44.21041999316016,86.73915729078705,1004,0,outer_ring
5678,53.168698058991104,90.07731408109706,357,0,outer_ring
5679,31.475219411501755,63.15038971156816,3712,1,inner_ring
5680,49.47855212929166,89.12816534161651,603,0,outer_ring
5681,53.2623484400303,84.12468085722615,8678,5,text_en_1919
5682,36.278541019270385,84.79782116292078,1295,0,outer_ring
5683,32.968906429070024,88.05343613508767,1312,0,outer_ring
5684,21.964417326981028,68.38263041400818,9575,5,text_en_1919
5685,31.430587370897396,58.934651658543345,5207,2,octagram
5686,20.022264460181116,52.5867673550651,10153,5,text_en_1919
5687,15.90873236665214,35.97642914576501,10795,5,text_en_1919
5688,36.13574449882663,60.65005061969006,5154,2,octagram
5689,22.075303491973155,43.85775778597202,10547,5,text_en_1919
5690,27.662291420039086,36.33768005534698,3898,1,inner_ring
5691,29.457050270541725,76.66876124826132,9331,5,text_en_1919
5692,21.714108189226966,57.894488016138865,9923,5,text_en_1919
5693,29.129992109748585,39.811149122781494,5468,2,octagram
5694,17.01880142205259,49.1133613627672,10255,5,text_en_1919
5695,45.170299545617304,49.188913535020696,7041,3,stroke_nan
5696,24.611010143945265,44.13510731171949,3849,1,inner_ring
5697,46.713356787456156,6.98941365468643,1651,0,outer_ring
5698,42.71319772650911,55.45105899056071,6761,3,stroke_nan
5699,68.47969308187551,20.03438333671124,10867,5,text_en_1919
5700,40.32712824448108,51.94883551684323,6894,3,stroke_nan
5701,45.54376531568477,42.77583326675267,7320,3,stroke_nan
5702,51.517832667971774,37.66730009619014,7461,3,stroke_nan
5703,69.78238581596192,74.85495855250907,9307,5,text_en_1919
5704,59.78075109543833,60.52489558090514,7618,4,stroke_kai
5705,59.05798751327699,55.458432474139904,7757,4,stroke_kai
5706,56.99949183732329,90.39845169656459,171,0,outer_ring
5707,46.6546009603957,72.50377451481616,4931,2,octagram
5708,64.48863477593974,84.50334771920681,8682,5,text_en_1919
5709,56.60426076963011,49.80397931394712,7977,4,stroke_kai
5710,53.8666113748844,5.140189458353993,2168,0,outer_ring
5711,45.862866038372964,52.9185867259873,6827,3,stroke_nan
5712,63.303189468610924,42.052465220269006,8318,4,stroke_kai
5713,50.090643142461765,5.511736922518961,1841,0,outer_ring
5714,45.56820529076668,50.288059521750355,6973,3,stroke_nan
5715,60.95875751814107,9.809918478734353,2823,0,outer_ring
5716,39.94454707536869,50.682780898265946,6934,3,stroke_nan
5717,49.46666158088039,58.47359558541832,6637,3,stroke_nan
5718,47.695622609445316,52.553863238970315,6879,3,stroke_nan
5719,36.46457726514091,26.475099184976397,3990,1,inner_ring
5720,25.43127287161371,26.89633271554177,10819,5,text_en_1919
5721,52.49712216136569,47.989919114559086,7047,3,stroke_nan
5722,39.78141679663898,67.12095985543402,5049,2,octagram
5723,23.06004027414211,42.88254078140127,10548,5,text_en_1919
5724,50.627459982388146,7.065140057095814,1875,0,outer_ring
5725,43.294739770367734,26.24303595723014,5734,2,octagram
5726,48.85674693541162,6.1607344904273145,1750,0,outer_ring
5727,44.558749789890456,10.24115457076969,11168,5,text_en_1919
5728,45.707204213346095,7.21018000749374,1606,0,outer_ring
5729,45.73187343103123,36.25302974352784,7521,3,stroke_nan
5730,49.840399400415144,6.107679868276376,1821,0,outer_ring
5731,52.089706880201405,50.26892200423128,6940,3,stroke_nan
5732,63.064090926396304,8.625139006256891,2950,0,outer_ring
5733,63.38702995243627,40.803511534060945,8378,4,stroke_kai
5734,65.37518546037305,23.748052555993965,6064,2,octagram
5735,49.79000898507416,36.275163723410195,7542,3,stroke_nan
5736,48.77757521205674,18.99804912621335,4082,1,inner_ring
5737,67.70507394342879,47.7596598771199,8074,4,stroke_kai
5738,39.425672447412175,44.12710627568362,7225,3,stroke_nan
5739,92.33493714632814,48.60065716203907,10276,5,text_en_1919
5740,76.01478072403437,34.94514021006053,6256,2,octagram
5741,86.1427399706045,48.83500847007467,10329,5,text_en_1919
5742,76.27213474572227,64.27985972294049,3350,1,inner_ring
5743,66.52489010245358,49.342357536517355,8009,4,stroke_kai
5744,26.377703642789704,71.45346828786428,9454,5,text_en_1919
5745,31.937134343031367,80.61976880631941,1357,0,outer_ring
5746,39.59456162165456,87.23911456079983,1196,0,outer_ring
5747,35.99051207007226,86.42842277823418,1284,0,outer_ring
5748,67.67901619591612,78.85534308375131,9159,5,text_en_1919
5749,44.93246607481035,79.91804227468339,9033,5,text_en_1919
5750,37.84088006396279,87.48366084147246,1242,0,outer_ring
5751,42.14047827059633,50.08317335824707,6978,3,stroke_nan
5752,26.628073654993766,60.70026775773093,9839,5,text_en_1919
5753,68.31395268437471,86.80420766819432,7,0,outer_ring
5754,38.70503465016455,62.44221746840288,5114,2,octagram
5755,32.225696945556585,47.77251273628382,5378,2,octagram
5756,35.10974869109746,70.18327284627084,3657,1,inner_ring
5757,40.87824392456198,65.58200467389597,5058,2,octagram
5758,69.61592835799209,82.4527287730059,8842,5,text_en_1919
5759,43.13527227936744,87.94405248944162,1044,0,outer_ring
5760,57.8432394426292,42.558864546515494,8283,4,stroke_kai
5761,61.2327655413028,88.75655679822907,58,0,outer_ring
5762,44.73348404032609,88.93805741737795,945,0,outer_ring
5763,66.84448068683463,74.73773845283512,3440,1,inner_ring
5764,58.7981200481245,71.94245384749192,4761,2,octagram
5765,67.05879741001272,80.31079432516746,9041,5,text_en_1919
5766,78.33826098955524,54.6203908960219,6534,2,octagram
5767,66.59057393120604,71.80392429908267,4650,2,octagram
5768,41.01472401050535,66.94029603587106,5046,2,octagram
5769,67.5936410696016,55.940599816392044,7763,4,stroke_kai
5770,63.1657490513134,47.25484596186273,8112,4,stroke_kai
5771,47.16323494022375,89.32344754467019,782,0,outer_ring
5772,48.40218226175451,43.742242419417686,7265,3,stroke_nan
5773,60.6959898095045,41.782314413996076,8344,4,stroke_kai
5774,57.56505329251299,53.91318843701447,7873,4,stroke_kai
5775,76.57812340674177,64.81370271063625,3352,1,inner_ring
5776,67.2222131934931,64.7422445905334,4581,2,octagram
5777,69.6508657662248,62.28743207655152,4563,2,octagram
5778,30.456011491748626,51.959856740919896,5302,2,octagram
5779,76.46501304867516,42.09317474492506,6367,2,octagram
5780,89.29458032770317,48.476117425980526,10354,5,text_en_1919
5781,79.34857371687464,36.73749108377319,6305,2,octagram
5782,60.40473580867105,49.41170497675266,8024,4,stroke_kai
5783,64.48460628828434,57.771846913823886,7691,4,stroke_kai
5784,82.90707494099517,62.17922989135622,9764,5,text_en_1919
5785,67.73818311415081,50.662718499072234,7936,4,stroke_kai
5786,64.6988817316964,30.249992253628527,6134,2,octagram
5787,80.86310687692135,52.05518900587916,3255,1,inner_ring
5788,64.55086230306821,23.208126994593115,6051,2,octagram
5789,54.481856252776474,78.49882377490823,9154,5,text_en_1919
5790,49.578054308510225,5.066902440813413,1809,0,outer_ring
5791,64.3458278203295,43.11727123282148,8291,4,stroke_kai
5792,62.30395094467096,74.37123930148564,3464,1,inner_ring
5793,59.78274250813934,5.927607316775287,2704,0,outer_ring
5794,47.408346790560294,15.998963515785057,10938,5,text_en_1919
5795,51.96893917647647,4.438378688580849,2005,0,outer_ring
5796,66.13478763934692,48.69583312527374,8061,4,stroke_kai
5797,68.0569127341095,8.860106825437143,3130,0,outer_ring
5798,45.526424925333465,22.878376347928807,5814,2,octagram
5799,84.59269432044589,41.99165078587621,10663,5,text_en_1919
5800,54.8819472158395,5.380788082780105,2249,0,outer_ring
5801,66.18180359394368,7.212510658644691,3074,0,outer_ring
5802,55.99765243172573,6.165372895061262,2363,0,outer_ring
5803,56.08666514233903,4.296342343193169,2365,0,outer_ring
5804,55.60675653088729,7.808811357265951,2340,0,outer_ring
5805,61.02399369516997,5.806865772780838,2786,0,outer_ring
5806,65.30238651683383,7.452560981643289,3043,0,outer_ring
5807,51.41022230200665,6.157796956167691,1951,0,outer_ring
5808,62.43083607954231,6.722176908501854,2886,0,outer_ring
5809,62.0792278747272,6.573006900743461,2860,0,outer_ring
5810,83.07505337879738,38.634917994721604,10683,5,text_en_1919
5811,73.84532209703909,36.15441875652896,6231,2,octagram
5812,74.54240273821026,37.214053326098785,6239,2,octagram
5813,71.46607628597543,61.64786574219126,4538,2,octagram
5814,38.38721640649608,13.826380166355486,11255,5,text_en_1919
5815,74.78030481549268,35.84212964289681,6235,2,octagram
5816,38.53908829074207,32.776395317529904,5619,2,octagram
5817,60.54006105387002,74.1385794004118,3477,1,inner_ring
5818,83.92685439119501,54.08178179649097,10080,5,text_en_1919
5819,51.22537943824239,89.64375259607918,479,0,outer_ring
5820,51.79750719227464,57.030434481160086,6729,3,stroke_nan
5821,21.894633793148024,66.53314621558545,9638,5,text_en_1919
5822,43.89435443806373,87.04228678584926,1017,0,outer_ring
5823,42.7919800477234,88.7383799285532,1050,0,outer_ring
5824,35.943349473002506,68.66423206081538,3663,1,inner_ring
5825,33.858088778728714,84.91034011539567,1323,0,outer_ring
5826,44.82018690136949,88.73900868632816,942,0,outer_ring
5827,28.92227594248949,67.6858611862152,9570,5,text_en_1919
5828,37.721835072580404,69.91248609481214,3645,1,inner_ring
5829,28.423542189095077,56.68032306201005,5247,2,octagram
5830,40.55956573914062,62.8224481712955,5086,2,octagram
5831,32.39234595775914,30.638337993747818,3948,1,inner_ring
5832,43.11671938143405,29.925302027928772,5699,2,octagram
5833,20.821609391712695,50.91657959813932,10204,5,text_en_1919
5834,34.93644542844491,60.83114983826665,5159,2,octagram
5835,34.23050694343451,35.26603980009172,5567,2,octagram
5836,26.249726193150327,46.45641884196552,3833,1,inner_ring
5837,21.241676167682694,38.884950607063374,10730,5,text_en_1919
5838,43.81637006633953,23.694095709425522,5779,2,octagram
5839,27.516156580258244,67.29252723995172,9602,5,text_en_1919
5840,38.66571310391875,8.23681726276597,1461,0,outer_ring
5841,30.732843303392237,38.6737684225149,5464,2,octagram
5842,52.70050684695751,38.749647871391936,7441,3,stroke_nan
5843,51.199144865975676,90.72193431986973,475,0,outer_ring
5844,84.12507095619434,66.51669424027521,9654,5,text_en_1919
5845,40.80281653980671,87.71348113280835,1149,0,outer_ring
5846,58.0080581218498,88.85876140992077,128,0,outer_ring
5847,51.074933777794875,88.37903708952267,487,0,outer_ring
5848,64.66350296245756,71.64759607111002,4671,2,octagram
5849,64.46953763238464,73.25031008332768,4698,2,octagram
5850,67.9297743963268,82.49388057253641,8878,5,text_en_1919
5851,43.88221783518379,86.84923439278187,1020,0,outer_ring
5852,50.825284855393456,19.305862622466645,4098,1,inner_ring
5853,63.38994469120137,16.920718728663683,10986,5,text_en_1919
5854,51.9453446941356,38.22687377637424,7448,3,stroke_nan
5855,56.89248493965345,6.231929646934814,2452,0,outer_ring
5856,51.551540790171806,59.7131283068356,6625,3,stroke_nan
5857,52.878524070232025,53.633495105550146,6693,3,stroke_nan
5858,41.79492487807481,42.80546325920743,7317,3,stroke_nan
5859,33.64783971145426,8.845807137285913,1429,0,outer_ring
5860,51.25066661969284,7.073818508713644,1920,0,outer_ring
5861,42.07361010437255,44.33732889463643,7246,3,stroke_nan
5862,34.644761568486814,34.30076185590294,5572,2,octagram
5863,76.46278495502465,35.94644419265451,6261,2,octagram
5864,40.49752418839527,45.571969544792424,7202,3,stroke_nan
5865,31.85165859683304,46.21992095335008,5390,2,octagram
5866,40.11268500798833,34.36202690797801,5626,2,octagram
5867,32.472238266943535,44.60007123760592,5400,2,octagram
5868,33.05296922279888,49.11648869737334,5344,2,octagram
5869,44.677906182768346,6.357666954074745,1580,0,outer_ring
5870,57.45798174610223,6.056162062775115,2511,0,outer_ring
5871,48.445006063447096,5.342872156813298,1730,0,outer_ring
5872,65.19182330235115,7.139961940614512,3037,0,outer_ring
5873,44.33936817235511,6.854896140717285,1574,0,outer_ring
5874,46.73106804737946,7.167339374531633,1649,0,outer_ring
5875,48.77614494192827,13.668025854276118,11193,5,text_en_1919
5876,46.45914261972342,47.49630422081336,7073,3,stroke_nan
5877,55.60222178609012,88.45043889036691,219,0,outer_ring
5878,29.453201028437324,37.68436951762565,5488,2,octagram
5879,76.43047753384403,60.93526599717473,4484,2,octagram
5880,90.46510424284556,54.41890755717332,10047,5,text_en_1919
5881,81.51748481690137,53.96839570314575,3269,1,inner_ring
5882,92.84228401950595,46.24657572787651,10499,5,text_en_1919
5883,68.53211340098986,45.32858567605541,8170,4,stroke_kai
5884,66.86692096621839,28.884347594294848,6126,2,octagram
5885,46.23872587009559,82.90383436496528,8666,5,text_en_1919
5886,53.69884289798655,80.48818395033048,8961,5,text_en_1919
5887,43.822394484844494,89.20622016571713,986,0,outer_ring
5888,61.5275422416903,80.77161422439242,9039,5,text_en_1919
5889,47.087028943360615,90.66995159884127,771,0,outer_ring
5890,64.78665736216746,80.79825439306614,8993,5,text_en_1919
5891,58.14669599156635,86.13259592949522,109,0,outer_ring
5892,55.52208071236273,90.23364251655167,226,0,outer_ring
5893,61.15402514013531,61.060933358888505,7603,4,stroke_kai
5894,29.954988005130485,59.434510878974855,5215,2,octagram
5895,51.68853097762748,79.60379572919528,9056,5,text_en_1919
5896,49.24104758655608,87.99241449843586,641,0,outer_ring
5897,46.72987200850886,88.5562748662509,818,0,outer_ring
5898,20.713393939048725,49.26576617500891,10274,5,text_en_1919
5899,32.90772600099943,51.37471463386258,5324,2,octagram
5900,35.529218912070135,85.57389549372338,1298,0,outer_ring
5901,57.52223050538601,88.98055852245568,144,0,outer_ring
5902,57.13061959795399,45.95797957134762,8132,4,stroke_kai
5903,61.8579090231797,80.4266617879766,9131,5,text_en_1919
5904,83.98256460343941,72.38687377221419,9439,5,text_en_1919
5905,70.461576703474,78.57654064302861,9193,5,text_en_1919
5906,69.24408477477314,41.012697990181834,8341,4,stroke_kai
5907,57.24413588523325,52.482537009804524,7904,4,stroke_kai
5908,71.03480944832192,68.520847988697,3397,1,inner_ring
5909,59.658386424061085,55.114481791166405,7779,4,stroke_kai
5910,93.55048718255924,46.45290861379564,10496,5,text_en_1919
5911,60.4303130357682,58.87866550738586,7703,4,stroke_kai
5912,62.08425183823801,60.370611847013926,7614,4,stroke_kai
5913,64.00577499083018,48.00236898044085,8068,4,stroke_kai
5914,79.19778241625245,60.08997473033596,3314,1,inner_ring
5915,85.36686895994443,70.50370012028743,9483,5,text_en_1919
5916,86.85831478181358,52.4596868992404,10124,5,text_en_1919
5917,87.50439274122529,55.55970317702062,10036,5,text_en_1919
5918,86.46581954384241,59.95588971019346,9843,5,text_en_1919
5919,87.20229745802953,57.65224874047744,9944,5,text_en_1919
5920,61.162701266285815,22.63687454570544,4172,1,inner_ring
5921,54.4310921789479,6.473458009426174,2208,0,outer_ring
5922,81.18316162047346,55.94760889047209,3283,1,inner_ring
5923,33.997676882318345,46.99284895805255,5374,2,octagram
5924,47.37894898263196,5.722219570403402,1682,0,outer_ring
5925,67.09526840596557,32.20325076125705,6165,2,octagram
5926,57.15534713051686,58.20739344611577,7670,4,stroke_kai
5927,86.57548943211636,61.05761286321231,9800,5,text_en_1919
5928,84.99969167999669,52.016093128723405,10122,5,text_en_1919
5929,87.14765275981225,55.15918247747975,10062,5,text_en_1919
5930,51.904986248005585,5.2121929715360515,1998,0,outer_ring
5931,81.03550754121726,38.69757447323697,4357,1,inner_ring
5932,50.46488123785552,24.828659266431806,5875,2,octagram
5933,77.82443239286245,13.46947791470297,3222,0,outer_ring
5934,54.63195359322107,6.085380229037264,2225,0,outer_ring
5935,47.95640820494035,36.13796845127681,7531,3,stroke_nan
5936,64.67626511886236,8.266970874930808,3026,0,outer_ring
5937,56.93149410145699,5.855142390098546,2455,0,outer_ring
5938,59.428842328900174,4.680006135468535,2664,0,outer_ring
5939,63.71897068789709,7.74749752481844,2979,0,outer_ring
5940,50.2388694918989,37.094387087350775,7402,3,stroke_nan
5941,58.30664676082154,6.513771958070129,2594,0,outer_ring
5942,51.778087585454955,37.02187464525671,7476,3,stroke_nan
5943,45.529665082585,7.17171410753325,1600,0,outer_ring
5944,47.810630224687884,17.224725435013763,4079,1,inner_ring
5945,58.10951559442853,47.118545948604414,8097,4,stroke_kai
5946,63.25861667919603,5.653592864668123,2925,0,outer_ring
5947,55.627024392158546,5.466661698728084,2333,0,outer_ring
5948,59.49415311673159,5.9267021390651,2683,0,outer_ring
5949,92.86792241575768,45.20154268267236,10523,5,text_en_1919
5950,47.23278371001829,6.452680558733001,1675,0,outer_ring
5951,69.42249486679398,40.518626021959044,8354,4,stroke_kai
5952,90.23221429610123,40.64916071656888,10639,5,text_en_1919
5953,67.2704086675537,18.873157333069877,10877,5,text_en_1919
5954,63.866579001366524,33.72255050658021,8558,4,stroke_kai
5955,80.88342389723174,25.80458137873286,10825,5,text_en_1919
5956,64.69921210801346,37.064599465209085,8471,4,stroke_kai
5957,91.59685412113596,43.79743360549536,10535,5,text_en_1919
5958,58.21848301465336,88.7396683292397,120,0,outer_ring
5959,51.19963944289896,25.58385913543751,7558,3,stroke_nan
5960,86.41637385043245,70.8833493328419,9504,5,text_en_1919
5961,45.511649072438594,76.00998492143962,9286,5,text_en_1919
5962,46.91487533120023,90.7908316717848,781,0,outer_ring
5963,31.08278230229953,71.46896239842648,9438,5,text_en_1919
5964,48.40265113577494,76.18905995802729,3565,1,inner_ring
5965,44.57216221389997,90.61699660860356,932,0,outer_ring
5966,47.66635683142139,89.72732711030358,736,0,outer_ring
5967,44.26363973919884,81.72478482806851,8914,5,text_en_1919
5968,37.390547596383165,60.272226243797626,5143,2,octagram
5969,42.12706758502885,87.21933969399866,1102,0,outer_ring
5970,44.59973697231452,59.51145118461656,6603,3,stroke_nan
5971,23.655731246235263,56.02752355781213,10008,5,text_en_1919
5972,27.447526086916362,68.15540135028122,9559,5,text_en_1919
5973,32.22005115279247,54.060747081293925,5290,2,octagram
5974,12.044274804233016,51.05342356168848,1397,0,outer_ring
5975,27.15383180111883,66.1716149957052,9640,5,text_en_1919
5976,29.051975275378194,66.49529118531306,9642,5,text_en_1919
5977,23.191501859924372,38.662307058576815,10726,5,text_en_1919
5978,31.413599121609494,35.10435832757675,5538,2,octagram
5979,37.83557806365021,46.328937718267845,7132,3,stroke_nan
5980,29.104185071487677,59.64021490492225,3739,1,inner_ring
5981,23.505127574469228,69.77095437930039,9499,5,text_en_1919
5982,37.456196754267786,62.15629636993091,5130,2,octagram
5983,46.11725620695511,59.73343575325669,6598,3,stroke_nan
5984,47.99079759615452,6.473468142574805,1700,0,outer_ring
5985,45.19605304692673,87.64346802163598,936,0,outer_ring
5986,47.863232631931645,88.97050351917945,728,0,outer_ring
5987,58.399791939432866,83.77267197404583,8738,5,text_en_1919
5988,55.251411621667394,88.01051606162282,238,0,outer_ring
5989,45.197836518431735,88.62671039328039,918,0,outer_ring
5990,57.73952373797241,90.81851636509894,140,0,outer_ring
5991,76.86635980968833,54.646637174426715,6528,2,octagram
5992,63.23484161988388,40.44696796546471,8396,4,stroke_kai
5993,53.302656864934484,3.2493871974792086,2122,0,outer_ring
5994,61.40819134431424,61.959181882704215,7597,4,stroke_kai
5995,52.931380741730194,51.15031659678694,6928,3,stroke_nan
5996,55.921657107764176,33.237471919031215,8561,4,stroke_kai
5997,38.83065354360491,37.1294092681529,5605,2,octagram
5998,47.21711808532535,23.168386467606854,5837,2,octagram
5999,42.27381824532775,28.70782366416966,5711,2,octagram
6000,56.34489537263303,73.55521030892248,3510,1,inner_ring
6001,45.137623499548724,40.81938838721617,7394,3,stroke_nan
6002,48.53412674774086,11.532321164869602,11259,5,text_en_1919
6003,41.947858593574345,30.209249082568064,5696,2,octagram
6004,53.89583020536879,15.152728017829078,11131,5,text_en_1919
6005,33.877089080180596,45.45261770265072,5383,2,octagram
6006,64.77195891891218,17.183487405343875,10903,5,text_en_1919
6007,19.799650106788043,35.746579420547086,10776,5,text_en_1919
6008,56.03308562252579,37.49112246908011,8486,4,stroke_kai
6009,62.686700309632954,21.837945545687422,4184,1,inner_ring
6010,18.60415444321437,36.9530654481919,10775,5,text_en_1919
6011,50.76485219192833,12.070832751463954,11251,5,text_en_1919
6012,61.604115430378535,5.463566357082095,2820,0,outer_ring
6013,51.51405221134119,5.256515459269832,1969,0,outer_ring
6014,52.40804044442165,5.761918802726602,2031,0,outer_ring
6015,52.87959888469858,81.13157305107389,8905,5,text_en_1919
6016,45.80903932025273,40.92140579627891,7392,3,stroke_nan
6017,52.393936589542555,43.668113710136446,7223,3,stroke_nan
6018,73.06416962649138,36.449904057449515,6223,2,octagram
6019,66.43910448137812,16.397948978512087,11051,5,text_en_1919
6020,65.96475524158045,49.61416113317104,8001,4,stroke_kai
6021,65.4723083509357,56.673415811534056,7759,4,stroke_kai
6022,54.618727736075236,85.39406448938375,8592,5,text_en_1919
6023,54.88015666204507,27.466216952071868,5918,2,octagram
6024,56.0524120422588,86.19206212975685,198,0,outer_ring
6025,57.06725885689822,57.17549954141526,7696,4,stroke_kai
6026,54.6623429240364,90.57541719815097,271,0,outer_ring
6027,57.4951561190349,34.95153194147936,8575,4,stroke_kai
6028,24.339675384936406,66.42685590112309,9677,5,text_en_1919
6029,21.53237355957011,58.96848768315408,9914,5,text_en_1919
6030,40.96218067095145,88.48806371584529,1131,0,outer_ring
6031,50.73645462996088,89.29709750698956,509,0,outer_ring
6032,45.47192498893536,89.28841103912808,896,0,outer_ring
6033,47.482234544688154,75.64304189565847,3570,1,inner_ring
6034,55.28673440181147,91.32132508859858,241,0,outer_ring
6035,43.297588075789115,87.87647796297308,1034,0,outer_ring
6036,48.30984124499146,77.0865221501296,9262,5,text_en_1919
6037,48.26827823125798,91.67863823061532,675,0,outer_ring
6038,44.530072411015716,88.96832450611032,955,0,outer_ring
6039,39.84673124203013,40.12845617664967,7401,3,stroke_nan
6040,33.95776511242682,47.61387182351537,5373,2,octagram
6041,51.04391321875954,55.47222092472452,6749,3,stroke_nan
6042,55.48891583840817,83.0529948750538,8770,5,text_en_1919
6043,32.474691226935505,69.05945904919669,9501,5,text_en_1919
6044,62.290099082056024,62.03162591525637,7592,4,stroke_kai
6045,57.318432271539585,90.49423626815982,157,0,outer_ring
6046,63.552251797101434,47.761555260639234,8082,4,stroke_kai
6047,76.24246333043165,75.47833907631491,9383,5,text_en_1919
6048,75.02309839213058,69.48860954162927,3378,1,inner_ring
6049,67.13145959832575,63.43755331004617,7604,4,stroke_kai
6050,48.943174234224685,77.47489007596401,9263,5,text_en_1919
6051,48.506523988163245,88.30179896409825,694,0,outer_ring
6052,80.59407323163927,71.03489394659272,9475,5,text_en_1919
6053,67.5560242279252,78.00772850149784,9289,5,text_en_1919
6054,78.21157969728887,67.37584629900122,9546,5,text_en_1919
6055,60.628719081116664,40.56153585482362,8391,4,stroke_kai
6056,57.03683537626707,39.46243648521917,8439,4,stroke_kai
6057,59.29822460638433,70.78213442567966,4758,2,octagram
6058,63.97999588232204,55.60250500556526,7805,4,stroke_kai
6059,82.51667059576953,74.2143126446369,9422,5,text_en_1919
6060,81.4303024706547,52.14830056244684,3256,1,inner_ring
6061,80.4002401906977,52.59225259146476,3260,1,inner_ring
6062,60.548364165910506,44.2850211741886,8246,4,stroke_kai
6063,54.703096318231374,90.75448634487611,267,0,outer_ring
6064,50.515788906369444,15.188528830762868,11005,5,text_en_1919
6065,58.224672351657254,53.05662551160459,7894,4,stroke_kai
6066,45.80305875910602,60.07961955200352,6599,3,stroke_nan
6067,79.42532083464204,59.50162281026123,4434,2,octagram
6068,64.57345350819985,61.97168496740369,7591,4,stroke_kai
6069,78.61930571784308,54.554194350545764,6539,2,octagram
6070,70.27125753288998,70.05271598313651,3408,1,inner_ring
6071,59.969771206153446,49.368171254908425,8014,4,stroke_kai
6072,55.44539919621284,5.59582685365815,2311,0,outer_ring
6073,68.87022181889537,32.92717827308954,6172,2,octagram
6074,61.392348068275794,15.925726097782151,10970,5,text_en_1919
6075,76.26953007290308,36.1615414746417,6263,2,octagram
6076,56.19405841525344,38.2055839289405,8466,4,stroke_kai
6077,64.30903944283774,22.744354862159945,6047,2,octagram
6078,66.59083378406415,14.24134655824645,11138,5,text_en_1919
6079,51.56833798668785,7.4390655254898,1958,0,outer_ring
6080,53.106791687369345,43.26946589836906,7329,3,stroke_nan
6081,57.53574773055422,4.657585842093392,2504,0,outer_ring
6082,53.04078677234029,40.31433012260356,7423,3,stroke_nan
6083,53.318282464687734,4.446547988458057,2120,0,outer_ring
6084,56.45280776508763,6.4739743685979185,2419,0,outer_ring
6085,54.381456209655475,6.348091542829235,2204,0,outer_ring
6086,57.98604971379087,16.896665661834454,10982,5,text_en_1919
6087,78.15125019638434,39.028078971814594,6332,2,octagram
6088,46.58168115140057,6.770011042271542,1645,0,outer_ring
6089,58.74155503738622,6.206295457621229,2628,0,outer_ring
6090,59.7815869878013,7.667754037887223,2722,0,outer_ring
6091,75.44287323823768,36.59962549597918,6255,2,octagram
6092,82.16344237913644,25.897195184217352,10818,5,text_en_1919
6093,48.98852662651669,25.031686943029737,5856,2,octagram
6094,79.86877610915931,38.18084507899377,6323,2,octagram
6095,82.35454423078984,54.59751725970547,3273,1,inner_ring
6096,50.43501312244295,68.6198121303634,4861,2,octagram
6097,55.84812033636076,26.209389055942182,5928,2,octagram
6098,64.993094458865,46.520902371459286,8155,4,stroke_kai
6099,56.80876573054384,3.8110894646212814,2438,0,outer_ring
6100,51.98727167750477,6.904095527621631,1994,0,outer_ring
6101,52.122837222819456,38.381209615160685,7447,3,stroke_nan
6102,85.03053880737936,54.687944641668615,10081,5,text_en_1919
6103,45.60585917412213,81.41200060078705,8799,5,text_en_1919
6104,59.99111529625508,51.74986831406139,7933,4,stroke_kai
6105,41.653723794913724,87.45944059647765,1114,0,outer_ring
6106,26.74821995113922,77.72081538402932,1377,0,outer_ring
6107,48.333001182150184,89.08749011287745,698,0,outer_ring
6108,48.38210133867559,89.59457980950292,691,0,outer_ring
6109,55.15981775561388,89.74293198348602,248,0,outer_ring
6110,40.419169236334355,63.11591548048629,5081,2,octagram
6111,52.326428934324575,76.52153863106638,9216,5,text_en_1919
6112,29.19538230650747,38.90295739480521,5476,2,octagram
6113,21.167880458484092,36.00245203808879,10786,5,text_en_1919
6114,25.47236429121475,66.39099862258253,9675,5,text_en_1919
6115,29.337546193601394,57.446885229638625,5239,2,octagram
6116,17.578741374465537,44.051253228523365,10590,5,text_en_1919
6117,27.98728907469183,39.7826814804478,3880,1,inner_ring
6118,15.93674447932371,48.373954728548085,10261,5,text_en_1919
6119,19.15736457382102,35.89299836434567,10794,5,text_en_1919
6120,34.185158517886045,44.18466643216945,7251,3,stroke_nan
6121,19.191010625716423,40.16185214068949,10641,5,text_en_1919
6122,36.32630927467005,70.47048619784152,3649,1,inner_ring
6123,20.131225868711955,43.317120191054386,10565,5,text_en_1919
6124,40.98930774941705,57.3466469335327,6668,3,stroke_nan
6125,60.425872446273736,38.298008589400574,8461,4,stroke_kai
6126,58.238506358610344,84.96273648236127,8612,5,text_en_1919
6127,37.194829335355465,61.74268469418806,5132,2,octagram
6128,50.36924648463022,79.93819728196426,9044,5,text_en_1919
6129,52.788227243754115,79.70738597469163,9057,5,text_en_1919
6130,53.98621362512834,90.03588724463707,308,0,outer_ring
6131,42.1515823849733,57.06034526517271,6702,3,stroke_nan
6132,67.59130516216041,66.39043944061011,4596,2,octagram
6133,40.64710454654835,87.20722698061154,1161,0,outer_ring
6134,56.43193799629881,88.63187771480445,184,0,outer_ring
6135,78.36874376050042,53.6138043966916,6530,2,octagram
6136,62.58321652723693,80.62813674015648,9050,5,text_en_1919
6137,50.32098258735701,6.854229236796241,1848,0,outer_ring
6138,50.70133794742107,88.69783254565793,517,0,outer_ring
6139,48.85109860812864,6.554175841364971,1743,0,outer_ring
6140,58.28948957375319,44.692594679787234,8209,4,stroke_kai
6141,42.14888929302252,55.130110976526716,6751,3,stroke_nan
6142,45.4609290322086,39.28612107702109,7446,3,stroke_nan
6143,63.953687841375384,36.527178718868655,8500,4,stroke_kai
6144,44.9742961142602,40.3629892059972,7405,3,stroke_nan
6145,36.250183638056136,33.91070179981156,5594,2,octagram
6146,39.15087794115957,49.545586750144395,6958,3,stroke_nan
6147,30.323199437642316,36.67019446569628,5518,2,octagram
6148,45.983346274280116,23.853760968483286,5821,2,octagram
6149,45.66516195414555,35.679225853415055,7533,3,stroke_nan
6150,40.00440885634304,40.1423469299503,7431,3,stroke_nan
6151,61.167428814458724,47.64912798107867,8087,4,stroke_kai
6152,54.60584666550969,6.295443889584552,2222,0,outer_ring
6153,39.224159554376726,14.944956332237258,11221,5,text_en_1919
6154,50.282722601700776,38.16209714539537,7387,3,stroke_nan
6155,53.23768434269785,41.00829571846479,7413,3,stroke_nan
6156,45.429530634644266,45.08232980966834,7241,3,stroke_nan
6157,58.079029927463026,40.91423455523937,8305,4,stroke_kai
6158,66.57926226658012,25.239838579531906,6097,2,octagram
6159,83.26815428334064,45.207272669148075,4406,1,inner_ring
6160,45.51707243169914,4.849406037856195,1619,0,outer_ring
6161,61.690383480360836,6.54963572333103,2836,0,outer_ring
6162,66.9124349048822,72.73415021050211,3434,1,inner_ring
6163,44.995032282911495,44.8547907098135,7228,3,stroke_nan
6164,79.98365209451161,54.73747357265263,6545,2,octagram
6165,51.901658576909,80.03915162940321,9036,5,text_en_1919
6166,37.78071376063754,86.31976251078369,1251,0,outer_ring
6167,85.29437316969687,39.08689259151067,10697,5,text_en_1919
6168,43.38820445617691,71.54219878513689,4989,2,octagram
6169,54.0374823861846,85.93351514739295,8582,5,text_en_1919
6170,51.377363502307894,67.98996783029405,4853,2,octagram
6171,60.11722701819477,89.9002335005094,76,0,outer_ring
6172,49.31571899190648,89.23742265478884,617,0,outer_ring
6173,50.798073442680135,76.44399286108849,3551,1,inner_ring
6174,49.470893077782385,75.42653892820886,3559,1,inner_ring
6175,48.82929837112307,89.1885729336624,664,0,outer_ring
6176,58.4363782499897,83.07494208190687,8818,5,text_en_1919
6177,65.16491461116827,73.70434864979471,4686,2,octagram
6178,21.53424851108548,47.77336243765785,10493,5,text_en_1919
6179,53.7771147571392,90.18819668930877,318,0,outer_ring
6180,53.89142239135813,85.26087560918694,8617,5,text_en_1919
6181,25.186839361895707,48.04349929639999,3822,1,inner_ring
6182,29.038762792252943,40.862676765252566,5456,2,octagram
6183,42.67415978088423,68.13177834638196,5025,2,octagram
6184,58.53517846201336,91.74016522900108,119,0,outer_ring
6185,63.55526535873547,83.957837121268,8722,5,text_en_1919
6186,66.1313868616932,79.0433942349794,9169,5,text_en_1919
6187,69.55211420367897,82.44490301550167,8889,5,text_en_1919
6188,67.61124680468095,83.53808049572967,8783,5,text_en_1919
6189,57.108028087061705,47.78005436166337,8086,4,stroke_kai
6190,62.019427066511426,83.27372716215459,8793,5,text_en_1919
6191,54.2404547014772,4.939350349646689,2193,0,outer_ring
6192,51.5953154253082,60.6441915611589,6626,3,stroke_nan
6193,47.14047239528341,72.1627205759064,4922,2,octagram
6194,56.77134237675458,88.19114983453568,174,0,outer_ring
6195,62.504255131217704,73.98560944857226,4705,2,octagram
6196,51.3269883462216,89.7092416317951,474,0,outer_ring
6197,83.48168449875261,51.39563056852775,3249,1,inner_ring
6198,57.61367889405717,44.51347687171019,8198,4,stroke_kai
6199,48.4217428144746,89.52538201921392,687,0,outer_ring
6200,92.57223163791458,52.69176385337761,10090,5,text_en_1919
6201,89.47662057737368,55.36145468408563,10033,5,text_en_1919
6202,75.75530343377086,58.9250869316382,4475,2,octagram
6203,61.80128491950866,57.529983041860376,7726,4,stroke_kai
6204,69.58446539410849,33.41008478060775,6186,2,octagram
6205,60.44113623426964,24.23614370026591,6004,2,octagram
6206,93.12740051214168,51.884484599896744,10168,5,text_en_1919
6207,80.23330019595329,56.74710441400371,6570,2,octagram
6208,76.68644607286248,51.86994533213524,6501,2,octagram
6209,79.99198220871048,58.36547429084819,4425,2,octagram
6210,77.05601184948591,36.16251059629212,6267,2,octagram
6211,64.90302817281993,46.434187119838306,8175,4,stroke_kai
6212,79.7294589629614,64.57169557925707,9703,5,text_en_1919
6213,69.38294353789546,7.336378881147557,3150,0,outer_ring
6214,69.43077092610748,35.43002106074443,6185,2,octagram
6215,79.34193210277179,40.070490966468654,6338,2,octagram
6216,47.50269348010544,24.27337499670622,5844,2,octagram
6217,53.362184995422695,4.481871859752344,2126,0,outer_ring
6218,49.36498047351932,4.663245969449396,1796,0,outer_ring
6219,51.210251524964754,6.837447622928087,1918,0,outer_ring
6220,60.53008420633242,25.740797633293358,5992,2,octagram
6221,50.90608907067235,45.196529372453426,7191,3,stroke_nan
6222,80.80657675763206,46.77744722764952,4416,1,inner_ring
6223,69.06807624087214,23.966430498661587,4225,1,inner_ring
6224,58.17524270062594,5.406397630762354,2578,0,outer_ring
6225,68.59552262335295,30.701119566831935,6154,2,octagram
6226,50.13314906183011,5.719600127485866,1844,0,outer_ring
6227,54.56897209514513,34.527740778577765,5914,2,octagram
6228,55.207280120593744,6.639373592969381,2284,0,outer_ring
6229,56.89368758342686,7.54161833809633,2462,0,outer_ring
6230,57.428479958147435,5.040788022865292,2498,0,outer_ring
6231,64.46493658005373,6.597326485421932,3003,0,outer_ring
6232,55.533013315589585,9.512874214355625,2337,0,outer_ring
6233,44.86088488050581,4.767400579131722,1595,0,outer_ring
6234,49.38946300195312,6.297752703085852,1781,0,outer_ring
6235,65.41121413941397,40.7887068792368,8371,4,stroke_kai
6236,60.83176258222125,38.14190373617446,8462,4,stroke_kai
6237,86.87451321247651,54.28076449953394,10093,5,text_en_1919
6238,80.03258051445674,30.523900555186437,10800,5,text_en_1919
6239,82.48701427267885,58.3224831832429,3298,1,inner_ring
6240,84.10084776620252,25.177548752533884,10828,5,text_en_1919
6241,84.29965008216443,49.29068069129323,10327,5,text_en_1919
6242,55.037343934537574,7.444854193005532,2270,0,outer_ring
6243,50.97994559383769,41.02613940106337,7335,3,stroke_nan
6244,68.72974069651914,55.16124596573837,7785,4,stroke_kai
6245,48.204963290606095,89.59374728220227,703,0,outer_ring
6246,35.47916580452088,84.60836135726211,1306,0,outer_ring
6247,50.1589459968313,52.28606732532579,6832,3,stroke_nan
6248,40.23420089351907,87.28786136576112,1173,0,outer_ring
6249,65.57793148180525,72.50285814192178,4672,2,octagram
6250,49.002703994236825,78.24197468296852,9230,5,text_en_1919
6251,32.71133231809421,59.678972061940705,5176,2,octagram
6252,52.34680260403635,89.18234190647355,411,0,outer_ring
6253,26.868473946842652,66.62740909591976,9639,5,text_en_1919
6254,33.27890367051218,65.90891110293046,3686,1,inner_ring
6255,12.211751550444033,45.28529614658015,1401,0,outer_ring
6256,36.69156444273469,81.70048954068629,8937,5,text_en_1919
6257,18.41818093980244,37.11445867684118,10784,5,text_en_1919
6258,29.290915685978728,40.28578202871281,5457,2,octagram
6259,30.999250341236856,41.99937705282188,5438,2,octagram
6260,51.12883449868157,46.674813671000486,7114,3,stroke_nan
6261,18.739097655661556,44.03362377692187,10563,5,text_en_1919
6262,21.729024535146586,35.246778571956824,10782,5,text_en_1919
6263,55.430047326184386,30.93259729347559,8560,4,stroke_kai
6264,35.91160043119781,67.94931636800098,3668,1,inner_ring
6265,61.31073169025702,47.38748121404762,8099,4,stroke_kai
6266,20.13199804073509,57.73929187285867,9942,5,text_en_1919
6267,40.10304600399202,48.69960324108689,7036,3,stroke_nan
6268,53.011471068141255,51.20813695669297,6937,3,stroke_nan
6269,44.92262283880926,74.08687575603159,3589,1,inner_ring
6270,61.15424464548819,75.64025260907282,3475,1,inner_ring
6271,64.30991798182924,52.84923594218101,7896,4,stroke_kai
6272,45.770532977520354,71.40723151162173,4933,2,octagram
6273,53.905183899124516,75.45323187191295,3528,1,inner_ring
6274,56.736419907132884,42.131981048719155,8328,4,stroke_kai
6275,49.29163126168148,78.90506368415694,9135,5,text_en_1919
6276,53.69386739046617,89.13507269673812,326,0,outer_ring
6277,37.684727253823134,35.49272368722939,5596,2,octagram
6278,56.387640967352354,7.541729921417636,2417,0,outer_ring
6279,67.04694362667988,22.602060239208445,4213,1,inner_ring
6280,58.738090164846305,5.002449419733567,2614,0,outer_ring
6281,49.07042014880839,57.36904089132219,6678,3,stroke_nan
6282,52.75605352325442,49.920721393466536,6981,3,stroke_nan
6283,59.6588106396076,23.944918313019596,5991,2,octagram
6284,63.433600790348976,5.647516674435463,2934,0,outer_ring
6285,50.513678014161364,80.61214477972146,8959,5,text_en_1919
6286,57.67317272714115,26.16218084078978,5948,2,octagram
6287,27.63512524220283,24.51225007537953,10849,5,text_en_1919
6288,43.228364886771224,25.610165308359257,5744,2,octagram
6289,41.77034866282942,8.487845573177944,1507,0,outer_ring
6290,56.74558330893975,7.662818390321905,2445,0,outer_ring
6291,21.39392440413693,47.95476046462682,10417,5,text_en_1919
6292,43.145015008937705,31.724759655475435,5683,2,octagram
6293,52.51487285920254,6.0195975110057836,2040,0,outer_ring
6294,55.36442574135599,5.396084781888079,2297,0,outer_ring
6295,49.553595216453544,7.005323236153963,1787,0,outer_ring
6296,52.13773777919283,6.712732928817159,2007,0,outer_ring
6297,46.55700778170386,5.829483570858424,1654,0,outer_ring
6298,63.368531256733604,6.665972352977669,2942,0,outer_ring
6299,63.74771585345003,13.132422527959,11165,5,text_en_1919
6300,51.351334491793075,40.050424862426105,7427,3,stroke_nan
6301,78.58184691378652,34.297020113155014,4320,1,inner_ring
6302,43.877015623014685,42.551845515163144,7326,3,stroke_nan
6303,57.1689242258198,69.03564642570987,4788,2,octagram
6304,47.47564971925996,15.081307352514013,10960,5,text_en_1919
6305,74.67330139002183,49.72625750927315,6474,2,octagram
6306,60.943206179928595,45.38840601774451,8191,4,stroke_kai
6307,52.57817306847876,14.526782484913264,11130,5,text_en_1919
6308,58.8936295850134,36.79371199943686,8516,4,stroke_kai
6309,68.78918732573106,51.0153125754727,7965,4,stroke_kai
6310,72.75650385172065,46.477919004484,6434,2,octagram
6311,56.494757876955305,82.4236324690094,8817,5,text_en_1919
6312,43.102765177883754,44.49052707135821,7247,3,stroke_nan
6313,60.39788300195826,88.89683801605528,70,0,outer_ring
6314,43.66569866596919,72.66485838975903,4970,2,octagram
6315,44.05775919468634,89.44474095861194,974,0,outer_ring
6316,53.76611071462398,81.8434333188921,8824,5,text_en_1919
6317,50.24557695249653,89.44403859412482,548,0,outer_ring
6318,66.82648603448544,49.03811417066235,8010,4,stroke_kai
6319,47.26139337099598,89.99887259411369,767,0,outer_ring
6320,54.4395671944587,80.19491083445745,9047,5,text_en_1919
6321,67.32124999563491,19.320289528734214,10873,5,text_en_1919
6322,43.64333837489337,72.97049864676572,4966,2,octagram
6323,28.232947746954046,35.00256682338758,3907,1,inner_ring
6324,33.428200081255966,70.2581082012542,9492,5,text_en_1919
6325,27.555203909048082,56.362140566564584,3764,1,inner_ring
6326,67.00121938471672,78.7257740406567,9256,5,text_en_1919
6327,66.46012025028503,48.313475638329365,8077,4,stroke_kai
6328,63.658711041689536,54.260270680058476,7849,4,stroke_kai
6329,59.06387659097825,83.9047722535473,8711,5,text_en_1919
6330,46.07956804799452,90.17995947170411,848,0,outer_ring
6331,61.292852476886004,58.481630068913724,7702,4,stroke_kai
6332,68.00849819530643,49.720768719954606,7994,4,stroke_kai
6333,49.309016655871055,74.23422479734869,4903,2,octagram
6334,58.46595568143458,83.44427008340509,8749,5,text_en_1919
6335,51.57363758026184,75.78818365285463,3545,1,inner_ring
6336,51.611675201542845,90.2639017421635,444,0,outer_ring
6337,57.76528147682237,51.61621829717165,7958,4,stroke_kai
6338,67.23619141994313,69.03466539849455,4628,2,octagram
6339,81.61414731689243,41.516845520103224,4377,1,inner_ring
6340,70.81433721786108,62.362275977389764,4545,2,octagram
6341,73.62680719340828,62.009850527236345,4514,2,octagram
6342,66.86646208644628,66.4734164462908,4598,2,octagram
6343,82.90134130997599,51.6797017266862,3250,1,inner_ring
6344,64.3944927690912,60.38131613404353,7630,4,stroke_kai
6345,83.26214666236024,60.92458152122761,9805,5,text_en_1919
6346,53.58019142616511,29.951700331784558,5899,2,octagram
6347,53.46132087060319,5.336384943058564,2130,0,outer_ring
6348,69.1387757590984,49.67012431152188,7985,4,stroke_kai
6349,59.01398423712798,11.128542890142144,11313,5,text_en_1919
6350,83.53406257490583,39.47928007822642,10689,5,text_en_1919
6351,70.46711940893717,43.55269675390511,6417,2,octagram
6352,75.2594670969687,60.561040363343324,4489,2,octagram
6353,86.61725969342902,54.66318586595235,10061,5,text_en_1919
6354,68.59967936422166,8.122189084096052,3138,0,outer_ring
6355,69.00534311009937,56.03421138314036,7741,4,stroke_kai
6356,63.382056507486205,41.60547162195956,8351,4,stroke_kai
6357,59.91274692710338,6.257379383971123,2718,0,outer_ring
6358,47.474095104509864,55.82804284953516,6716,3,stroke_nan
6359,81.1581973353521,43.6410752710206,4390,1,inner_ring
6360,67.36826013486395,18.086792190479674,10892,5,text_en_1919
6361,69.55903280224403,8.53085950779139,3157,0,outer_ring
6362,49.644348036924065,19.317912615601728,4087,1,inner_ring
6363,44.93185571219272,5.510265713490407,1592,0,outer_ring
6364,51.58746616546262,6.493648599947419,1967,0,outer_ring
6365,63.69126032701547,7.018013711320471,2968,0,outer_ring
6366,55.166501933307224,6.20733559020359,2277,0,outer_ring
6367,61.940852271027154,8.342809787585944,2875,0,outer_ring
6368,60.53302678682504,5.410991294545463,2748,0,outer_ring
6369,50.44457856629913,11.86136934029927,11241,5,text_en_1919
6370,57.486116930818206,6.262475562279208,2516,0,outer_ring
6371,46.14798234857789,22.119036613956126,5816,2,octagram
6372,68.23226150676719,8.391721611801891,3133,0,outer_ring
6373,69.28021182125023,8.058979030043652,3153,0,outer_ring
6374,48.31057622369537,5.695819167060734,1721,0,outer_ring
6375,56.11108593184311,6.557540494709427,2381,0,outer_ring
6376,78.039994051275,35.25553517604374,6281,2,octagram
6377,94.69067021686561,50.08853565883614,10222,5,text_en_1919
6378,68.8216411788272,47.71455183358588,6446,2,octagram
6379,84.63024624238238,47.180631848163316,10455,5,text_en_1919
6380,70.21034935592515,36.26758903533888,8442,4,stroke_kai
6381,73.05794926352617,34.8215067375297,6216,2,octagram
6382,57.10704069294207,4.31939286738965,2464,0,outer_ring
6383,82.51024833350272,46.17855008775268,4409,1,inner_ring
6384,48.74782148136231,55.77976273960219,6746,3,stroke_nan
6385,55.69396250532804,27.244325667229976,5920,2,octagram
6386,81.93564526325571,49.314788407196616,3237,1,inner_ring
6387,63.94385101321498,89.80210967214774,30,0,outer_ring
6388,43.59631332178396,90.3450534268221,982,0,outer_ring
6389,42.482021043685414,90.45644987583863,1040,0,outer_ring
6390,61.99960134070712,74.3375889899538,3467,1,inner_ring
6391,55.73219912112103,89.77007831805277,218,0,outer_ring
6392,51.82903932134032,70.00216595158068,4860,2,octagram
6393,45.79287018256336,60.944862903638885,6586,3,stroke_nan
6394,53.11828814413652,91.35220821387955,360,0,outer_ring
6395,41.22619973254776,68.55259498608274,5023,2,octagram
6396,27.099505888754727,64.09582255803885,9709,5,text_en_1919
6397,53.33269350698422,79.88224598164311,9070,5,text_en_1919
6398,31.861113517062407,58.19003945330269,5202,2,octagram
6399,23.523446352600672,43.812598516841504,10545,5,text_en_1919
6400,27.678333610323982,39.085834259699816,3885,1,inner_ring
6401,16.060797885604206,41.1715934182632,10654,5,text_en_1919
6402,33.5789109407947,48.426240363375165,5357,2,octagram
6403,34.83142184808554,29.276645517821674,3967,1,inner_ring
6404,26.51746390911834,70.80111872865265,9486,5,text_en_1919
6405,25.25443134763279,18.3823277436663,1411,0,outer_ring
6406,28.79203052834793,45.084463036982264,5418,2,octagram
6407,23.08234237655876,58.06895063648738,9924,5,text_en_1919
6408,35.20427695186203,10.678241310227335,1431,0,outer_ring
6409,49.734131247139224,73.87439655451031,4896,2,octagram
6410,50.74483713429516,45.277371698209365,7185,3,stroke_nan
6411,67.64046191572183,68.82711007820735,4624,2,octagram
6412,57.1400332183312,4.382560461689939,2467,0,outer_ring
6413,53.415676652252216,89.48472927832228,343,0,outer_ring
6414,62.162774805447626,76.90288024316284,3471,1,inner_ring
6415,30.578912897860206,57.462894487250125,5253,2,octagram
6416,54.34236948954318,90.05904132555526,291,0,outer_ring
6417,68.30552764691753,78.55774643826562,9246,5,text_en_1919
6418,63.27117116789978,73.8560186631252,4701,2,octagram
6419,44.63151006431168,90.23771835525159,933,0,outer_ring
6420,47.93488602470018,55.51608795156075,6715,3,stroke_nan
6421,45.141437256200334,6.106871840260831,1593,0,outer_ring
6422,60.23406204293459,24.118199299870888,6002,2,octagram
6423,65.02335251466265,22.788817727615207,6048,2,octagram
6424,43.32007183137768,21.512748191385782,4047,1,inner_ring
6425,55.444619801948434,28.640067396469824,8571,4,stroke_kai
6426,40.24662106256462,9.217376104264638,1473,0,outer_ring
6427,40.579408917524844,29.884475001406482,5694,2,octagram
6428,47.75372290960835,25.154122731300085,5848,2,octagram
6429,42.54965617162183,9.068055985098562,1520,0,outer_ring
6430,26.639313268143436,16.04742575477051,1413,0,outer_ring
6431,40.48606558563037,46.12697956501047,7171,3,stroke_nan
6432,43.3501302100534,21.70141438346753,5770,2,octagram
6433,40.619365963164185,14.905360562237602,11154,5,text_en_1919
6434,45.60020043190562,20.548163840572954,5798,2,octagram
6435,36.056497908842374,36.40252129403715,5579,2,octagram
6436,50.0853417218455,4.448227848057422,1850,0,outer_ring
6437,43.81632474557335,7.529459043827369,1552,0,outer_ring
6438,77.80505887531844,32.6643935514698,4310,1,inner_ring
6439,54.26068918777892,22.767807247002214,4123,1,inner_ring
6440,49.204822190867695,3.4564403927398244,1795,0,outer_ring
6441,68.6826171940612,52.248852131498964,7884,4,stroke_kai
6442,64.55420420381482,40.31851932041622,8399,4,stroke_kai
6443,43.068847317090075,8.076678502183508,1535,0,outer_ring
6444,51.37084922235055,84.35899088403048,8637,5,text_en_1919
6445,60.729573762595905,7.210597370136829,2780,0,outer_ring
6446,75.98187922308969,48.479784778840894,6460,2,octagram
6447,76.34993670152534,41.93158446857451,6360,2,octagram
6448,74.88054858962211,48.42422440959466,6456,2,octagram
6449,64.12296418375053,47.34051916141546,8108,4,stroke_kai
6450,68.61732304639898,45.54754277388994,8169,4,stroke_kai
6451,65.08096915093361,8.818723548364398,3048,0,outer_ring
6452,64.97243018934147,46.278026958453765,8174,4,stroke_kai
6453,48.01195609193583,71.56277881811963,4910,2,octagram
6454,41.21184948251347,69.19631783246132,5019,2,octagram
6455,52.17763929759983,81.97876465397775,8823,5,text_en_1919
6456,56.72046206947614,89.95407291237903,175,0,outer_ring
6457,57.824039268974914,81.38143134345937,8849,5,text_en_1919
6458,70.87207659074856,78.34308076156584,9202,5,text_en_1919
6459,54.876426938448645,89.90513157162061,262,0,outer_ring
6460,20.803008001510563,59.05244933534048,9906,5,text_en_1919
6461,54.353107313014256,88.88019795034104,290,0,outer_ring
6462,28.59794437675345,66.73807182849691,9615,5,text_en_1919
6463,41.6504127127815,46.66169381928268,7125,3,stroke_nan
6464,36.55946360735699,61.25630960569395,5145,2,octagram
6465,25.781289466684097,45.32643594893665,3843,1,inner_ring
6466,40.421569552636335,59.06437712942882,5111,2,octagram
6467,35.89992127838226,48.9877817463618,5361,2,octagram
6468,38.252868185841216,85.9515579496577,1246,0,outer_ring
6469,63.496712697627125,87.90727377728804,29,0,outer_ring
6470,48.49280051180591,71.97875361640577,4897,2,octagram
6471,67.54652082108072,81.6021661464024,8898,5,text_en_1919
6472,43.77082777948595,87.07041685479922,1025,0,outer_ring
6473,68.57535786993559,79.51355325766693,9160,5,text_en_1919
6474,74.3694636089068,36.8827722610882,6236,2,octagram
6475,65.85783311949842,51.17685863081483,7922,4,stroke_kai
6476,65.62062355401683,73.71747560714503,3444,1,inner_ring
6477,60.238081025401925,55.57342071754149,7787,4,stroke_kai
6478,67.98677680302853,64.79622952260215,4577,2,octagram
6479,58.21798257109885,69.6197726786044,4772,2,octagram
6480,65.95490943064783,70.6262066675611,4646,2,octagram
6481,73.5695375702777,61.3851769499183,4511,2,octagram
6482,76.53154647272382,60.20535180117413,4471,2,octagram
6483,70.66078861293164,41.438684058383366,8335,4,stroke_kai
6484,78.76463534930461,60.73734880028635,3323,1,inner_ring
6485,57.05279202906344,49.59232072010697,7976,4,stroke_kai
6486,89.58646775792558,58.94241716572836,9878,5,text_en_1919
6487,70.25211595969077,62.8395416393689,4564,2,octagram
6488,75.9719919800531,29.760291527352376,4286,1,inner_ring
6489,62.544934071219984,54.18364636260204,7834,4,stroke_kai
6490,77.6357731675932,59.31495004735567,4452,2,octagram
6491,81.4054095298306,37.08802739575518,4345,1,inner_ring
6492,53.207426498849834,27.77287345557247,5886,2,octagram
6493,74.90599458813708,10.727708294335516,3214,0,outer_ring
6494,86.42616034402995,40.351716803496515,10686,5,text_en_1919
6495,56.46637062383914,69.38366693306422,4795,2,octagram
6496,91.91774296109932,48.39358552205167,10396,5,text_en_1919
6497,56.21885922185532,48.15958187734775,8053,4,stroke_kai
6498,57.158143941011446,47.18059882358255,8096,4,stroke_kai
6499,54.1492536612722,6.091517933557898,2188,0,outer_ring
6500,48.75117622113027,24.671931436046208,5851,2,octagram
6501,83.4609036701008,60.74298920880979,9819,5,text_en_1919
6502,64.16884318466376,6.395547230304295,2986,0,outer_ring
6503,59.12406298529752,20.725777874287225,4152,1,inner_ring
6504,61.04886705387957,5.842356153848996,2794,0,outer_ring
6505,62.756930786637874,8.677933515997678,2932,0,outer_ring
6506,57.82137002995814,4.881085204941671,2534,0,outer_ring
6507,52.847724671796314,5.516847402310422,2072,0,outer_ring
6508,47.678095703128854,46.74101450577428,7112,3,stroke_nan
6509,69.55358562670662,8.94138869291178,3159,0,outer_ring
6510,45.01221012334847,5.394896313455383,1597,0,outer_ring
6511,51.632090988111045,5.159247261668855,1977,0,outer_ring
6512,57.85821351731875,6.766854689255486,2556,0,outer_ring
6513,49.57213775228879,25.044662183342034,5867,2,octagram
6514,55.35811153519825,38.087551892029374,8469,4,stroke_kai
6515,68.8942347841114,23.94117315202623,4223,1,inner_ring
6516,53.898611611977266,4.088840810905138,2171,0,outer_ring
6517,83.60440975127099,25.195930661225006,10838,5,text_en_1919
6518,75.1122428413408,31.423126337301063,4291,1,inner_ring
6519,87.55649750013636,40.544924702628684,10701,5,text_en_1919
6520,71.69663125980922,25.96616157566273,4249,1,inner_ring
6521,78.11946302864398,36.068218830776985,6286,2,octagram
6522,88.32782359157373,38.95439189762207,10706,5,text_en_1919
6523,56.10373804274147,5.923984232507303,2377,0,outer_ring
6524,72.2319954688204,35.36504020535236,6212,2,octagram
6525,59.9520150052927,45.04285987504977,8184,4,stroke_kai
6526,56.47446443173136,42.21633824186521,8315,4,stroke_kai
6527,52.483442757379336,45.63376827130901,7173,3,stroke_nan
6528,67.29309684273737,53.427147383604954,7860,4,stroke_kai
6529,45.10901312750313,88.51963705504494,926,0,outer_ring
6530,48.68514723336953,71.42944353391803,4894,2,octagram
6531,46.2058405146744,89.34950718233387,852,0,outer_ring
6532,67.89952284380094,76.50599965163036,9328,5,text_en_1919
6533,24.10601372055569,69.12098544312398,9523,5,text_en_1919
6534,53.58944345533039,89.39434213050546,331,0,outer_ring
6535,27.04262451569848,80.134443828626,1373,0,outer_ring
6536,25.301330218546152,59.29719313803746,9881,5,text_en_1919
6537,60.54960928007733,88.44230179037731,67,0,outer_ring
6538,41.271929840770795,40.093613985113414,5623,2,octagram
6539,42.70614590757276,51.71129777664172,6915,3,stroke_nan
6540,46.60191735091855,78.94758231908065,9213,5,text_en_1919
6541,30.26595579749808,53.99124660148502,5281,2,octagram
6542,30.119726112907404,52.966982183141084,5292,2,octagram
6543,25.737193433717422,66.3907485949667,9664,5,text_en_1919
6544,33.924391643675015,35.8634282754595,5559,2,octagram
6545,33.36748458306965,34.46657411250174,3930,1,inner_ring
6546,29.96222658984049,12.20653582529018,1418,0,outer_ring
6547,31.41982219529332,42.42474304141549,5430,2,octagram
6548,36.67603605518615,24.598578649024194,4002,1,inner_ring
6549,28.952688092934626,62.71601363342041,9723,5,text_en_1919
6550,27.831051817634894,57.145234363802565,3756,1,inner_ring
6551,23.69713107736303,51.129628717105234,10186,5,text_en_1919
6552,54.376847558387546,81.9254754288781,8825,5,text_en_1919
6553,46.03900919437064,78.30033065499441,9249,5,text_en_1919
6554,60.30969527536598,79.0690028830634,9123,5,text_en_1919
6555,55.182899346924856,33.775236126273235,8550,4,stroke_kai
6556,62.23148220234153,73.55289716386156,4714,2,octagram
6557,58.89777983755685,48.6593797424703,8038,4,stroke_kai
6558,70.50077836356373,70.47664255774497,3409,1,inner_ring
6559,67.82298362219443,72.9447977438874,3430,1,inner_ring
6560,41.552293073639305,87.25390221135041,1122,0,outer_ring
6561,47.50083378262239,74.3494462144122,4904,2,octagram
6562,47.85014260797158,6.95686332411644,1689,0,outer_ring
6563,50.252325278157514,24.368777919392894,5873,2,octagram
6564,56.46804359993825,69.08041816612906,4797,2,octagram
6565,48.9402022149419,52.429883331046014,6843,3,stroke_nan
6566,56.780917064911115,8.071494412406418,2453,0,outer_ring
6567,42.11121685254486,33.06286359174691,5655,2,octagram
6568,57.46709924007461,39.85807506855935,8413,4,stroke_kai
6569,50.90359692257308,42.88900541685151,7230,3,stroke_nan
6570,41.08422004790345,7.715434358058231,1498,0,outer_ring
6571,36.930028280938004,30.35056128075714,3969,1,inner_ring
6572,69.09488397112511,34.411751748250865,6184,2,octagram
6573,44.19740350663188,47.51194413102264,7103,3,stroke_nan
6574,40.91043562650017,22.25527747913742,4034,1,inner_ring
6575,39.34848665325177,32.87478817952987,5622,2,octagram
6576,31.393330385377272,42.71107649397791,5420,2,octagram
6577,51.97293663479532,6.552420990609218,1996,0,outer_ring
6578,40.23549683178811,12.599562182113738,11283,5,text_en_1919
6579,50.378572618442085,6.611555365295692,1862,0,outer_ring
6580,60.95148946240055,21.075170070030616,4166,1,inner_ring
6581,57.26268362486324,6.758139668686638,2493,0,outer_ring
6582,52.25160705521024,14.327681146083693,11141,5,text_en_1919
6583,57.21918616309827,14.075154786656388,11171,5,text_en_1919
6584,46.08011848110674,6.178369261352401,1636,0,outer_ring
6585,63.84394205726034,39.29843348708063,8415,4,stroke_kai
6586,48.91143334408138,13.427864305270326,11194,5,text_en_1919
6587,92.25492086043829,59.753560318410564,9828,5,text_en_1919
6588,55.12374744741305,54.73230820484504,7797,4,stroke_kai
6589,73.25755483623276,8.689666450428051,3196,0,outer_ring
6590,80.38379459230588,57.248057493185605,6572,2,octagram
6591,61.242205424392246,52.37298624131216,7898,4,stroke_kai
6592,43.10527032021471,67.72222971539027,5030,2,octagram
6593,91.25796535862868,48.96170029521982,10264,5,text_en_1919
6594,41.18453002267123,51.69552418231551,6906,3,stroke_nan
6595,49.160040479501646,73.39459858665052,4898,2,octagram
6596,36.16988956580719,67.00128372445268,3671,1,inner_ring
6597,40.56659660418449,85.64764004687073,1179,0,outer_ring
6598,52.422549838798886,89.81260657542472,406,0,outer_ring
6599,43.47572255745313,73.66412751879764,4963,2,octagram
6600,40.88308368885997,89.02298917751068,1127,0,outer_ring
6601,35.66675262456067,68.55662957617498,3667,1,inner_ring
6602,63.536593663717355,84.49922004256926,8690,5,text_en_1919
6603,39.10980676243101,71.81485487617314,3630,1,inner_ring
6604,43.73937234206753,88.71260974026679,1000,0,outer_ring
6605,33.57311368524909,65.51198901352707,3687,1,inner_ring
6606,62.63984424736063,82.21641303288447,8853,5,text_en_1919
6607,39.50280350336218,62.06878080374082,5108,2,octagram
6608,30.970856628181664,42.316762840734874,5435,2,octagram
6609,27.56950105854567,54.47337910344331,3778,1,inner_ring
6610,39.64060632148128,87.86974389047616,1185,0,outer_ring
6611,67.21539283060407,63.82164856372384,4574,2,octagram
6612,44.51311773126537,87.63909097064838,973,0,outer_ring
6613,48.18651153990277,80.6432942078433,8971,5,text_en_1919
6614,62.48721510565902,71.5815021164623,4722,2,octagram
6615,76.42122374668763,79.35363608076148,9150,5,text_en_1919
6616,72.18378854074058,28.618165263740575,4264,1,inner_ring
6617,77.02575405304799,69.39635491359815,9482,5,text_en_1919
6618,26.214600928516123,68.7850729483961,9566,5,text_en_1919
6619,70.9615447296883,33.79399528559322,6189,2,octagram
6620,87.05304040596825,48.94714497094735,10312,5,text_en_1919
6621,75.74153271753084,42.16261127642147,6368,2,octagram
6622,52.69221838478565,51.95761166913585,6911,3,stroke_nan
6623,62.030472268644225,53.681281891600094,7846,4,stroke_kai
6624,57.2064677730791,49.88637262022313,7974,4,stroke_kai
6625,76.97515623393478,54.703415299365425,6531,2,octagram
6626,91.43113629204751,51.533007807394625,10166,5,text_en_1919
6627,73.43790646566406,50.58536032097031,6480,2,octagram
6628,70.22276301496095,77.77478890594682,9258,5,text_en_1919
6629,77.7476971988988,67.7315500298163,9540,5,text_en_1919
6630,61.18789144707449,72.10954122838228,4731,2,octagram
6631,80.33464034726636,38.3974818997638,4353,1,inner_ring
6632,64.1037285667854,53.26890241695475,7854,4,stroke_kai
6633,60.895969731491924,47.34718589462627,8100,4,stroke_kai
6634,81.25813302595157,40.349044710953805,4371,1,inner_ring
6635,53.748665224663185,67.31847106929754,4842,2,octagram
6636,87.84174869506823,52.39235034154656,10119,5,text_en_1919
6637,83.44283013823821,44.716338885955466,4402,1,inner_ring
6638,84.27134041614697,39.124330751484386,10694,5,text_en_1919
6639,77.21790614765686,52.57172844495557,6514,2,octagram
6640,73.63284596122992,35.648361240075076,6226,2,octagram
6641,60.52638486883453,45.94275628549503,8151,4,stroke_kai
6642,66.7632286366008,41.73713456427433,8360,4,stroke_kai
6643,48.973255152899966,57.91083746392201,6677,3,stroke_nan
6644,43.80490786628509,43.47952487756822,7260,3,stroke_nan
6645,50.91580026225556,6.859389414210131,1900,0,outer_ring
6646,67.39366595890209,9.401109652392284,3120,0,outer_ring
6647,51.69147297186526,4.4113321545985995,1986,0,outer_ring
6648,41.21317009393998,7.643686126582887,1501,0,outer_ring
6649,65.62130062803726,28.385526777973595,6115,2,octagram
6650,66.62125976156497,7.847578806752578,3086,0,outer_ring
6651,53.03075061552884,6.832044159500014,2089,0,outer_ring
6652,61.46025175356353,4.421453368054259,2803,0,outer_ring
6653,62.533051859174115,5.254066996537226,2878,0,outer_ring
6654,49.01212733517325,5.735318916537194,1762,0,outer_ring
6655,41.51739023716483,22.57361260632911,4039,1,inner_ring
6656,46.77397565976175,20.514601421875504,4072,1,inner_ring
6657,39.928305410864844,32.853308213856074,5652,2,octagram
6658,63.97819973669185,6.144649464951635,2975,0,outer_ring
6659,69.18416164706787,62.01584557906804,4558,2,octagram
6660,89.60470337086946,47.62217266765931,10392,5,text_en_1919
6661,59.903076676441984,37.844520709960186,8489,4,stroke_kai
6662,85.51951393466466,54.132038447617745,10091,5,text_en_1919
6663,69.7278120291421,44.45165752002067,6426,2,octagram
6664,74.51844549762085,59.00267678973298,4479,2,octagram
6665,65.25099120783896,6.060042454952637,3027,0,outer_ring
6666,56.33867658341346,5.289529129154812,2404,0,outer_ring
6667,56.166326685896536,12.592021759472003,11271,5,text_en_1919
6668,42.62408506633322,8.134457402203436,1526,0,outer_ring
6669,56.2887619300815,11.908779290159153,11289,5,text_en_1919
6670,67.69829551509466,78.0311110134283,9276,5,text_en_1919
6671,41.019271828393705,68.39289879367173,5028,2,octagram
6672,50.66620272130391,81.79267228807566,8845,5,text_en_1919
6673,70.91505422781181,80.11145867334145,9161,5,text_en_1919
6674,34.51418073643374,84.67927614700325,1315,0,outer_ring
6675,37.55297603352114,81.88863110243324,8913,5,text_en_1919
6676,35.70597369610683,86.88942249289612,1285,0,outer_ring
6677,50.19596175530342,88.51306030401864,558,0,outer_ring
6678,51.48069232137051,89.12977243588008,467,0,outer_ring
6679,40.95508216971222,47.79487027184267,7100,3,stroke_nan
6680,52.10739292669994,85.93696530595588,8581,5,text_en_1919
6681,26.611899982466642,62.090959867328074,9834,5,text_en_1919
6682,22.294138803557527,56.54705848988181,9997,5,text_en_1919
6683,46.207624987629565,45.76287455058358,7181,3,stroke_nan
6684,30.53936628568888,59.06047172716487,5214,2,octagram
6685,21.76566314566346,57.83397220275408,9938,5,text_en_1919
6686,33.95823561822276,71.39546366507051,9417,5,text_en_1919
6687,30.05980540414387,60.38543131789432,3732,1,inner_ring
6688,28.325765347648325,38.921161007264864,5486,2,octagram
6689,28.481163079446695,33.101252083448834,3921,1,inner_ring
6690,41.444318192794256,73.51534484517715,3610,1,inner_ring
6691,16.111704936778224,47.92184329021985,10267,5,text_en_1919
6692,32.82043831277248,47.06090728764427,5381,2,octagram
6693,44.04604154784519,45.75175437337053,7161,3,stroke_nan
6694,49.86181853785984,79.4393126955311,9067,5,text_en_1919
6695,45.4289811082403,59.082551260142544,6608,3,stroke_nan
6696,62.76217737593533,17.55824069633063,10934,5,text_en_1919
6697,69.62617784311654,72.8514479909632,3420,1,inner_ring
6698,57.13162628769221,81.93543810380339,8861,5,text_en_1919
6699,29.080204666362516,34.960990254808024,3912,1,inner_ring
6700,45.544758775907354,90.04369496808633,879,0,outer_ring
6701,58.95296574790217,89.74757379709219,99,0,outer_ring
6702,32.6031052372748,83.32846120716167,1343,0,outer_ring
6703,36.34171106074658,27.012308066302843,3987,1,inner_ring
6704,57.42134861084245,15.60308150612366,11075,5,text_en_1919
6705,45.71341310157872,8.029554376013,1602,0,outer_ring
6706,68.34944063821521,78.15584575532773,9257,5,text_en_1919
6707,45.04278732604162,52.463437484741284,6853,3,stroke_nan
6708,44.715361782619254,23.81176441536215,5789,2,octagram
6709,64.86604681916103,24.513328850537935,6071,2,octagram
6710,52.35941392363243,37.10743742430943,7473,3,stroke_nan
6711,41.3390036273068,26.335270833468034,5726,2,octagram
6712,47.19404829558121,46.37222100555394,7137,3,stroke_nan
6713,31.28255135498862,40.92628487356076,5442,2,octagram
6714,66.0632033597671,14.193427208488298,11146,5,text_en_1919
6715,45.092637615601966,39.623877522272494,7445,3,stroke_nan
6716,21.139910010472548,67.97706501908712,9599,5,text_en_1919
6717,39.93740722274456,26.768249651564183,4014,1,inner_ring
6718,52.283022961649614,36.270059315810016,7505,3,stroke_nan
6719,51.87525624289699,42.161091981855414,7288,3,stroke_nan
6720,46.812701819586024,44.6403098540076,7263,3,stroke_nan
6721,57.929066938868914,5.510298738199877,2553,0,outer_ring
6722,49.954499545598416,6.389205212019635,1826,0,outer_ring
6723,41.4775864307416,23.051866875210145,4037,1,inner_ring
6724,49.726678864398075,24.9121119813398,5872,2,octagram
6725,63.06164952587942,21.959559662916966,4190,1,inner_ring
6726,47.40991398485285,83.30379424105433,8636,5,text_en_1919
6727,48.716667004359266,5.587269547785382,1744,0,outer_ring
6728,67.32692577871924,27.51808628596543,6116,2,octagram
6729,64.71887046980657,71.99087806422447,4669,2,octagram
6730,61.88078063274353,7.242066245756599,2853,0,outer_ring
6731,60.51840813886571,88.23942253449357,66,0,outer_ring
6732,77.97252596328785,32.872829341164326,4312,1,inner_ring
6733,68.80271663936642,62.99708071556744,4566,2,octagram
6734,91.78168201271507,49.91666635865975,10214,5,text_en_1919
6735,57.69085683346066,69.9134970339181,4776,2,octagram
6736,46.218809074935606,89.90827373858681,841,0,outer_ring
6737,51.04636751027715,76.22265519944466,3550,1,inner_ring
6738,26.623243515304782,67.06785308769491,9622,5,text_en_1919
6739,45.23907653273328,88.27952061352173,921,0,outer_ring
6740,33.38422261099386,75.31775455011682,9366,5,text_en_1919
6741,56.47428542208977,90.58269872395765,187,0,outer_ring
6742,56.43766045786363,58.17971155580778,7654,4,stroke_kai
6743,51.55319500488482,49.17329543756678,7016,3,stroke_nan
6744,50.27110889472313,90.27832464133502,538,0,outer_ring
6745,64.49586027928282,45.0461900962514,8217,4,stroke_kai
6746,45.05995767975119,47.08859971592382,7094,3,stroke_nan
6747,42.15271370247925,78.88225132612628,9090,5,text_en_1919
6748,47.028648805205016,89.07802407262295,790,0,outer_ring
6749,33.91373699512451,51.637304051475446,5326,2,octagram
6750,25.876068827997546,51.63061967922306,3801,1,inner_ring
6751,32.04254050629799,63.494726507830215,3706,1,inner_ring
6752,50.150255985561884,89.17672527478356,557,0,outer_ring
6753,53.18399676026368,82.46406442179463,8790,5,text_en_1919
6754,66.29848696696733,75.60615900407379,9341,5,text_en_1919
6755,47.46764923617074,89.09210541615987,762,0,outer_ring
6756,49.41722765001162,90.28902896208268,594,0,outer_ring
6757,49.28835674459374,77.91228871520875,9241,5,text_en_1919
6758,71.74307681922281,67.31200654110675,3384,1,inner_ring
6759,58.610319624103475,46.04267599579354,8125,4,stroke_kai
6760,83.11175159449459,72.0960234866009,9429,5,text_en_1919
6761,75.31530175235808,44.05184942429512,6395,2,octagram
6762,66.23345381888336,75.7386098724176,9327,5,text_en_1919
6763,56.200267331847286,90.35032778550494,200,0,outer_ring
6764,54.92221646382327,78.91635468806729,9108,5,text_en_1919
6765,76.4833652810401,43.89841455738246,6385,2,octagram
6766,64.43152169344347,74.9014246638507,3451,1,inner_ring
6767,74.08033348194095,59.88771065270953,4500,2,octagram
6768,76.97309742736107,52.19024959213254,6504,2,octagram
6769,55.47797382007181,40.60897702183722,8453,4,stroke_kai
6770,92.48851194765186,44.400995816217716,10531,5,text_en_1919
6771,83.64237770932662,64.89230463680845,9669,5,text_en_1919
6772,41.59119863950393,33.83393910922277,5646,2,octagram
6773,53.33673165289016,8.92347333059746,2113,0,outer_ring
6774,67.5489043652371,16.907880463133445,10971,5,text_en_1919
6775,56.140568122383264,20.93946782844535,4135,1,inner_ring
6776,72.17589673297341,61.485285367023636,4528,2,octagram
6777,57.33239926554206,35.56597295048779,8573,4,stroke_kai
6778,52.51642537824479,71.05562155195008,3537,1,inner_ring
6779,68.7289500012096,40.37586023739358,8375,4,stroke_kai
6780,83.02497427864662,59.61562327335331,9868,5,text_en_1919
6781,86.6987291455486,54.600818793304086,10072,5,text_en_1919
6782,65.73940139209336,40.14552106990897,8393,4,stroke_kai
6783,66.93587720148929,38.32562574683262,8473,4,stroke_kai
6784,74.75314429803225,9.064804320052058,3210,0,outer_ring
6785,65.63997245851769,21.430990434888407,4200,1,inner_ring
6786,53.6643818828608,6.474370019505691,2147,0,outer_ring
6787,45.30262113092802,8.084685479031165,1588,0,outer_ring
6788,34.647287633435916,11.413034798407159,1428,0,outer_ring
6789,45.7299024744382,14.468000806197198,11040,5,text_en_1919
6790,60.27030152232398,6.85106519047635,2741,0,outer_ring
6791,47.46489601167525,4.982259652832657,1687,0,outer_ring
6792,58.35560162245613,6.83308751654249,2600,0,outer_ring
6793,61.614693163737776,27.32162383849988,5996,2,octagram
6794,50.476737569679976,16.137558596023187,10977,5,text_en_1919
6795,55.578908306349284,5.442038283841664,2328,0,outer_ring
6796,63.10367856356654,9.539546087753823,2967,0,outer_ring
6797,46.67531373528375,51.43021852968803,6876,3,stroke_nan
6798,56.257141165344926,4.991341600700047,2392,0,outer_ring
6799,61.74185568256273,6.673359280537959,2838,0,outer_ring
6800,78.3478980660391,32.0546486645032,4308,1,inner_ring
6801,56.38236366811041,7.540079039956179,2416,0,outer_ring
6802,46.82526118391474,48.08758500522558,7045,3,stroke_nan
6803,64.95616991002998,6.651912156191848,3019,0,outer_ring
6804,41.457915321133015,9.12004421839962,1497,0,outer_ring
6805,84.9841281260752,66.42245946742071,9670,5,text_en_1919
6806,91.17500958412977,48.80795588881562,10321,5,text_en_1919
6807,54.42208866257134,5.987795486680167,2207,0,outer_ring
6808,63.0057707954611,6.451288762351844,2920,0,outer_ring
6809,63.99843620861171,15.081673220790364,11124,5,text_en_1919
6810,30.640014715519666,68.05221419199277,9584,5,text_en_1919
6811,53.120053871372264,33.37342971629181,5901,2,octagram
6812,61.874958762804894,53.641817408078055,7866,4,stroke_kai
6813,49.80791716317011,88.56249379303131,578,0,outer_ring
6814,53.379644248712495,92.18952212506655,340,0,outer_ring
6815,39.612463101430635,85.86410781290984,1212,0,outer_ring
6816,57.40419445987642,84.29996581429353,8640,5,text_en_1919
6817,52.7800556081611,84.2615151392271,8647,5,text_en_1919
6818,37.26917689103347,61.60563237517884,5131,2,octagram
6819,27.068960144306217,44.701912596378655,3847,1,inner_ring
6820,33.96498636009312,85.72321570809916,1316,0,outer_ring
6821,14.245210059489427,43.75100006264965,1402,0,outer_ring
6822,33.22902547710428,61.14258910144888,5172,2,octagram
6823,20.075890494754336,74.10126831254956,1385,0,outer_ring
6824,33.716454355340325,74.34626667575675,9379,5,text_en_1919
6825,10.954461402549791,49.084718169501684,1398,0,outer_ring
6826,41.264074019511504,22.639507442877967,4036,1,inner_ring
6827,29.656474007723826,39.81218281343109,5462,2,octagram
6828,23.303348458477007,43.42897967802399,10549,5,text_en_1919
6829,25.740113922999758,48.55483057289737,3819,1,inner_ring
6830,31.782435681555913,34.707586696211244,5542,2,octagram
6831,29.13939553884307,58.15367911409716,5228,2,octagram
6832,19.776303127265688,56.09109985343615,9988,5,text_en_1919
6833,48.42085149564708,56.929894660425944,6705,3,stroke_nan
6834,40.24953893074542,33.05603093826736,5648,2,octagram
6835,35.90597363785667,48.923794345773494,5365,2,octagram
6836,41.99289928130656,56.23047042987445,6722,3,stroke_nan
6837,42.14913505854544,57.330847519547376,6664,3,stroke_nan
6838,29.998186105264026,53.03001632992493,5285,2,octagram
6839,67.54001175360686,70.58075991131903,4644,2,octagram
6840,49.698169503501155,50.71014169337561,6902,3,stroke_nan
6841,92.7413141976197,50.81918776993164,10188,5,text_en_1919
6842,48.984917071100696,89.96679306628864,642,0,outer_ring
6843,54.31995066341188,78.30287689071774,9164,5,text_en_1919
6844,72.69038315697355,77.58449240065454,9172,5,text_en_1919
6845,44.11362909140597,86.31551315993983,1015,0,outer_ring
6846,59.24473449165437,6.288993976572803,2665,0,outer_ring
6847,26.09709804972522,49.29811018418326,3812,1,inner_ring
6848,45.81313670663274,5.274961565990319,1632,0,outer_ring
6849,62.31359604951647,6.345239360058252,2876,0,outer_ring
6850,44.616774852670865,8.705109473825011,1567,0,outer_ring
6851,40.0631217726836,19.18054799122177,10912,5,text_en_1919
6852,65.99033472151706,26.796961645844778,6101,2,octagram
6853,55.11209186463366,80.49914354753108,9013,5,text_en_1919
6854,43.804480161624866,22.158099431813138,5776,2,octagram
6855,56.04732108620966,35.20447345863157,8542,4,stroke_kai
6856,62.865309890925296,22.7735033020202,6029,2,octagram
6857,24.50891214172563,54.95880173758698,10027,5,text_en_1919
6858,51.09781411010743,68.84914934354698,4859,2,octagram
6859,29.987278576126016,42.83823373603747,5436,2,octagram
6860,44.84085287607628,22.621632756003514,5804,2,octagram
6861,44.35807285637804,55.97219771414554,6744,3,stroke_nan
6862,48.73713236844463,47.45088179578747,7068,3,stroke_nan
6863,60.32684011887734,6.44242788854234,2740,0,outer_ring
6864,50.19423707557034,6.100504432289401,1846,0,outer_ring
6865,52.38287576710854,17.763472727057856,4106,1,inner_ring
6866,67.28166084201101,47.46224921676328,8089,4,stroke_kai
6867,61.3325931493144,23.62241451166311,6017,2,octagram
6868,48.8466524059379,7.811741651529611,1734,0,outer_ring
6869,59.52995888093984,86.04193106160477,8613,5,text_en_1919
6870,91.64877347858908,49.629496105864085,10226,5,text_en_1919
6871,53.67533280074509,6.313045110157051,2150,0,outer_ring
6872,62.37691246385662,60.132174801719685,7611,4,stroke_kai
6873,32.26406607225273,51.73781714997651,5315,2,octagram
6874,52.0473339999292,51.60092732292207,6921,3,stroke_nan
6875,48.58450531877096,70.65830038702771,4892,2,octagram
6876,59.11902815217582,55.473963355663976,7780,4,stroke_kai
6877,42.84013754716607,70.22059992074679,4997,2,octagram
6878,77.43040931536716,43.67387621793693,6380,2,octagram
6879,62.35045449488872,59.105451793948646,7677,4,stroke_kai
6880,41.45918604635218,87.26957822529256,1125,0,outer_ring
6881,48.471987324767056,52.571813984429866,6842,3,stroke_nan
6882,50.79695234444229,59.48801746338338,6619,3,stroke_nan
6883,38.976496043862156,84.17967697019752,1247,0,outer_ring
6884,66.19437405872623,82.96655125588322,8808,5,text_en_1919
6885,55.36113907800007,89.7679387615194,236,0,outer_ring
6886,52.27385054686509,87.69147278876494,417,0,outer_ring
6887,52.44496421776633,89.86243665500025,404,0,outer_ring
6888,49.67887142237418,89.54149774841457,581,0,outer_ring
6889,58.99661550689871,88.81773143804364,94,0,outer_ring
6890,79.70994944249583,74.56505224416104,9368,5,text_en_1919
6891,25.203221157333434,48.60413429539453,3818,1,inner_ring
6892,41.7465506249354,26.34599384323493,5725,2,octagram
6893,17.764586556794995,50.41252484367652,10210,5,text_en_1919
6894,48.13343173671316,57.34849754284528,6692,3,stroke_nan
6895,49.94063125279849,81.32212522388276,8891,5,text_en_1919
6896,63.062604568383605,80.21737767694684,9062,5,text_en_1919
6897,67.975982232341,79.99069468643168,9064,5,text_en_1919
6898,65.2638119160603,69.21439261118265,4639,2,octagram
6899,43.54809995177625,88.33775501137073,1018,0,outer_ring
6900,45.77402313944174,89.83112911826758,865,0,outer_ring
6901,49.103654199433144,55.05672957979001,6756,3,stroke_nan
6902,58.460123411440264,77.58655815277469,9219,5,text_en_1919
6903,55.818302039373044,90.57136221500983,216,0,outer_ring
6904,73.90785119375039,47.56896607744225,6432,2,octagram
6905,59.58094080994797,73.54400363028662,3480,1,inner_ring
6906,57.13832290720397,68.02468979917538,4789,2,octagram
6907,76.38101675008693,51.99529315885732,6498,2,octagram
6908,78.16731156873408,61.48872800422322,3329,1,inner_ring
6909,86.33135950435043,48.55130105495891,10330,5,text_en_1919
6910,77.57806380984323,58.91065209441348,4455,2,octagram
6911,71.9098114033437,68.90012618398254,3391,1,inner_ring
6912,65.33061886657177,54.877509287040915,7815,4,stroke_kai
6913,77.08153678624193,43.39034259233176,6377,2,octagram
6914,83.05429553726839,59.69183926199897,9840,5,text_en_1919
6915,67.16796649791121,27.105806344494393,6111,2,octagram
6916,84.13088827000527,67.44891442566455,9629,5,text_en_1919
6917,62.4442122634755,48.93978188659109,8042,4,stroke_kai
6918,88.80838162619109,40.5255296121496,10688,5,text_en_1919
6919,91.90259262901995,50.2520855988087,10193,5,text_en_1919
6920,93.4287516625543,47.106314786251595,10478,5,text_en_1919
6921,82.35334701847107,53.72693120424697,3264,1,inner_ring
6922,81.55335657903626,60.53988526035371,3309,1,inner_ring
6923,60.5363508229225,41.69880246313863,8333,4,stroke_kai
6924,57.93716052751704,44.61273588509675,8199,4,stroke_kai
6925,65.66928961744823,13.33069808481384,11159,5,text_en_1919
6926,53.011979084657334,43.55946170179771,7330,3,stroke_nan
6927,65.76378910564071,15.772795570534301,11078,5,text_en_1919
6928,56.463229933803625,16.548546731888024,11006,5,text_en_1919
6929,52.75991373571168,4.419116957697558,2064,0,outer_ring
6930,63.726174479883625,6.512503684074021,2963,0,outer_ring
6931,59.837984679754435,19.710316487922437,4156,1,inner_ring
6932,51.37956528807655,6.95525115485763,1940,0,outer_ring
6933,50.16613783692966,19.027285767993533,4091,1,inner_ring
6934,38.35083407226614,34.84569509166453,5607,2,octagram
6935,64.85948396414838,4.9519265519201685,3002,0,outer_ring
6936,65.87899182853494,7.628082789914931,3068,0,outer_ring
6937,52.76560241958688,7.308433807517039,2054,0,outer_ring
6938,46.30140269445745,39.007239548952136,7464,3,stroke_nan
6939,45.85925515341608,12.487973786698184,11160,5,text_en_1919
6940,45.52052145581763,39.27257198456066,7444,3,stroke_nan
6941,57.145932285014815,11.882401475716646,11296,5,text_en_1919
6942,58.99158036339486,6.188471213625193,2646,0,outer_ring
6943,79.44142887506442,33.92479488218551,4321,1,inner_ring
6944,60.290235685567794,5.345759202028445,2732,0,outer_ring
6945,75.80744927102472,35.161100995406514,6249,2,octagram
6946,75.20318938585169,61.79413076591431,4490,2,octagram
6947,72.30626979408571,34.173810673134724,6208,2,octagram
6948,78.4227537230264,73.33918672654583,9399,5,text_en_1919
6949,67.86589101008461,32.70633849955365,6171,2,octagram
6950,60.901889362852735,43.6249443996962,8252,4,stroke_kai
6951,63.78693702916616,6.886799511200588,2973,0,outer_ring
6952,72.10440051031945,9.572759040813581,3189,0,outer_ring
6953,65.17162809929258,27.07387950642101,6090,2,octagram
6954,75.09724740178272,59.525552049587105,4480,2,octagram
6955,51.626106574900255,88.1547531600444,454,0,outer_ring
6956,39.300721938934494,69.54834110687031,3637,1,inner_ring
6957,50.93240908017828,89.2961210781637,492,0,outer_ring
6958,31.574735404229205,82.002127540889,1355,0,outer_ring
6959,59.44905835979358,82.52480685175031,8851,5,text_en_1919
6960,63.34724254046872,75.0236327354939,3456,1,inner_ring
6961,33.364153961514724,70.90471828923016,9484,5,text_en_1919
6962,20.09017653960556,42.97394647500036,10583,5,text_en_1919
6963,41.22775671488879,88.08926968917747,1124,0,outer_ring
6964,46.99738189759698,70.74095025297044,4916,2,octagram
6965,24.396422752823227,64.75328154232658,9698,5,text_en_1919
6966,16.976626590598418,50.385901790576575,10230,5,text_en_1919
6967,27.98048522297474,56.84236916094146,3758,1,inner_ring
6968,30.452372309579296,73.24332847668515,9404,5,text_en_1919
6969,40.60168198249689,42.602914322577575,7318,3,stroke_nan
6970,30.53668485546779,32.33642940463147,3931,1,inner_ring
6971,28.40611173508078,58.41156613630009,5233,2,octagram
6972,45.61827111461514,24.749751164668112,5825,2,octagram
6973,28.365166970496027,37.92789785830672,5498,2,octagram
6974,34.11431243255269,48.879423417607946,5352,2,octagram
6975,16.01689583324228,41.81372904004513,10634,5,text_en_1919
6976,29.8370324509942,61.379870458701006,3725,1,inner_ring
6977,51.02003516837022,70.41343375318172,4866,2,octagram
6978,43.717318488658314,49.644556836232695,7008,3,stroke_nan
6979,51.20409897071505,6.495125800032576,1919,0,outer_ring
6980,40.85130783500185,52.65620274555972,6884,3,stroke_nan
6981,63.60465451650526,58.49141420788048,7668,4,stroke_kai
6982,53.679736205015494,90.51669209752487,325,0,outer_ring
6983,59.304932874457435,79.37806611204726,9122,5,text_en_1919
6984,48.36593089714201,89.85437359719168,689,0,outer_ring
6985,55.34173031147163,41.251978160263604,8454,4,stroke_kai
6986,60.925768511963916,55.70085732673433,7800,4,stroke_kai
6987,33.93575592155607,47.907733637179845,5362,2,octagram
6988,42.05229541314846,9.141891807912202,1508,0,outer_ring
6989,58.954065709124464,6.6306847510160996,2647,0,outer_ring
6990,61.160521456549816,42.586950278057564,8280,4,stroke_kai
6991,68.75235299519025,49.01795290412263,8036,4,stroke_kai
6992,55.50222780387548,53.16142847003563,7808,4,stroke_kai
6993,55.053170361407425,44.539018066282445,8267,4,stroke_kai
6994,55.881955332218354,29.076482003073494,8565,4,stroke_kai
6995,41.861239797036525,52.23767775043982,6862,3,stroke_nan
6996,25.800245838873842,41.64674982682133,3867,1,inner_ring
6997,48.39614382168121,47.41120994413865,7083,3,stroke_nan
6998,35.24169389035744,29.731679106358087,3965,1,inner_ring
6999,53.54285615779871,29.64714718176994,5892,2,octagram
7000,40.913710765809356,8.807069079990695,1485,0,outer_ring
7001,44.24379447545682,8.448761080000851,1558,0,outer_ring
7002,32.62208993085359,53.19487034968124,5301,2,octagram
7003,33.08204559844591,36.0765057370562,5552,2,octagram
7004,57.07545082993599,15.642407927269955,11035,5,text_en_1919
7005,53.89554775774399,7.497753108192762,2170,0,outer_ring
7006,50.89592214157332,15.161005055733172,11118,5,text_en_1919
7007,30.528721666946723,57.52653551578265,5252,2,octagram
7008,55.08159168447554,7.198867605168336,2274,0,outer_ring
7009,55.42296045896159,5.851386676796321,2309,0,outer_ring
7010,56.937832903202015,6.388013900498129,2459,0,outer_ring
7011,69.36235664837466,23.324540002593714,4224,1,inner_ring
7012,57.51176893676643,11.47047687452811,11309,5,text_en_1919
7013,51.77414301842785,40.719989144366544,7403,3,stroke_nan
7014,58.41296614714521,6.298124905083253,2602,0,outer_ring
7015,68.1502051015777,61.45914625810402,7645,4,stroke_kai
7016,83.49206983898365,57.86240317163494,9939,5,text_en_1919
7017,88.2690627052103,41.019334141868875,10672,5,text_en_1919
7018,56.77888938031851,41.08115688219699,8361,4,stroke_kai
7019,47.00025175702132,72.39654354401544,4924,2,octagram
7020,68.81844040972769,15.800664020966884,11079,5,text_en_1919
7021,37.46914457972321,85.136463525147,1269,0,outer_ring
7022,63.87740742630317,82.86550804912169,8763,5,text_en_1919
7023,37.88295326746599,73.63467024219389,3631,1,inner_ring
7024,53.743447546673366,84.8901726875267,8624,5,text_en_1919
7025,44.47791037331612,89.28187136931234,954,0,outer_ring
7026,65.16663094212363,73.86884343035915,4685,2,octagram
7027,52.70184518740369,43.92889435850307,7215,3,stroke_nan
7028,49.060740279764,87.79880351964823,660,0,outer_ring
7029,67.80816418770331,63.79629106402203,4568,2,octagram
7030,44.17284615729881,51.63935756044338,6897,3,stroke_nan
7031,43.90460995030422,47.18811363867732,7102,3,stroke_nan
7032,45.93792667632206,89.25946219157058,863,0,outer_ring
7033,30.241088003571274,42.73923245027277,5429,2,octagram
7034,38.15591125655368,60.44882453246563,5125,2,octagram
7035,42.72991272945153,21.0731221545302,5771,2,octagram
7036,55.0988307296809,88.41438372665894,250,0,outer_ring
7037,51.50662337483805,89.03944463035255,464,0,outer_ring
7038,65.5472993216704,85.21832308437898,8683,5,text_en_1919
7039,38.33160894876391,86.90752969879452,1233,0,outer_ring
7040,68.19759104307326,84.26586712376935,8784,5,text_en_1919
7041,53.563245968086065,73.87814582197286,3530,1,inner_ring
7042,62.13516814190162,71.52224253750384,4726,2,octagram
7043,60.07071682114229,61.2093259033976,7595,4,stroke_kai
7044,63.3357833163682,74.3934574115089,3455,1,inner_ring
7045,56.2871912683009,68.66412269474986,4799,2,octagram
7046,63.58992738658517,40.783742944994096,8379,4,stroke_kai
7047,61.06085878663866,46.76659126121281,8146,4,stroke_kai
7048,65.0832193664484,45.805375805159066,8188,4,stroke_kai
7049,72.29134645751672,71.34517671885061,3403,1,inner_ring
7050,58.533988208509385,19.995737645741478,4148,1,inner_ring
7051,85.23471064186447,47.38484214306532,10439,5,text_en_1919
7052,79.19239478924298,57.78580767645813,4437,2,octagram
7053,83.92169548296715,50.82592232999004,3243,1,inner_ring
7054,87.6539019906238,55.70987364891026,10037,5,text_en_1919
7055,83.27486417745928,61.54128044840294,9798,5,text_en_1919
7056,59.71733036734756,6.809637315310487,2708,0,outer_ring
7057,56.596070113695205,35.953300609119744,8494,4,stroke_kai
7058,44.00802081869304,75.30503985640216,3596,1,inner_ring
7059,73.76000104673605,76.26817641543535,9347,5,text_en_1919
7060,89.9185673045562,55.73230794982063,10024,5,text_en_1919
7061,60.303786130806756,45.94116579667085,8172,4,stroke_kai
7062,62.72726160809072,51.98973661260171,7920,4,stroke_kai
7063,77.65142493157902,63.38982371599086,3340,1,inner_ring
7064,66.63374636691945,46.37631960623981,8141,4,stroke_kai
7065,38.92883795142102,44.34830881544115,7213,3,stroke_nan
7066,89.03949689086333,48.95840648024207,10317,5,text_en_1919
7067,60.112802181080404,5.809599377813937,2725,0,outer_ring
7068,55.848338885762196,7.088888530683549,2354,0,outer_ring
7069,56.84957725872367,5.832745606031621,2444,0,outer_ring
7070,75.0320226752945,50.11012144705149,6481,2,octagram
7071,48.992939821174815,5.895379350336174,1760,0,outer_ring
7072,66.81022768340173,28.409231517353838,6120,2,octagram
7073,46.669971629255734,6.093107223149789,1656,0,outer_ring
7074,67.3605684040284,7.891659959897563,3109,0,outer_ring
7075,46.636959876624076,5.179695803233752,1664,0,outer_ring
7076,68.63787992139201,12.104728997471184,11279,5,text_en_1919
7077,51.03606835386309,12.820818742840398,11217,5,text_en_1919
7078,49.30354412512733,12.654669054780134,11215,5,text_en_1919
7079,59.26480273856011,8.369781018947927,2689,0,outer_ring
7080,47.6983695047856,7.282059077204555,1683,0,outer_ring
7081,64.64265763460264,7.315259500713501,3015,0,outer_ring
7082,48.78177723922545,7.223526792164069,1736,0,outer_ring
7083,51.895704780509305,5.080473272957513,1997,0,outer_ring
7084,61.50135662487304,15.634504844745738,10984,5,text_en_1919
7085,64.00982841116272,5.290936752560108,2964,0,outer_ring
7086,62.03433505450813,21.543942377028724,4177,1,inner_ring
7087,63.957732657037205,8.103010382553306,2995,0,outer_ring
7088,91.41184174425388,59.367385183844505,9852,5,text_en_1919
7089,89.47720722008785,48.48271673478167,10337,5,text_en_1919
7090,78.68757658355017,59.6586494731031,4446,2,octagram
7091,50.09390038417169,4.533979238298486,1849,0,outer_ring
7092,71.19725526979836,8.560296205324725,3177,0,outer_ring
7093,64.46618665684922,7.2427894632642165,3008,0,outer_ring
7094,53.056701279213954,41.4672373190073,7411,3,stroke_nan
7095,56.54794413522689,33.60285967271112,8549,4,stroke_kai
7096,79.43839441619636,59.24061775811822,4436,2,octagram
7097,54.79711818427293,89.94293637644218,266,0,outer_ring
7098,39.67297331011472,86.79199344013118,1197,0,outer_ring
7099,57.128045805769865,68.58962313711977,4787,2,octagram
7100,22.959616904823793,50.211120218492596,10206,5,text_en_1919
7101,29.66510301987575,59.54082321016684,5216,2,octagram
7102,40.80056542324919,64.64447133620058,5061,2,octagram
7103,21.534524937487017,70.16150463245708,1387,0,outer_ring
7104,47.02409170954831,71.64266702671756,4919,2,octagram
7105,58.45928001650158,82.50598630094356,8850,5,text_en_1919
7106,26.51835507465063,55.0331263855988,3777,1,inner_ring
7107,19.38382520212469,57.670371186666394,9953,5,text_en_1919
7108,29.172570413415485,39.16071651510658,5472,2,octagram
7109,19.30421525380301,42.12681815947338,10601,5,text_en_1919
7110,26.010668676312086,64.80650304448683,9696,5,text_en_1919
7111,30.912118794760566,66.85017029889853,9597,5,text_en_1919
7112,24.957319730557035,66.6817887125211,9663,5,text_en_1919
7113,31.24528923397514,31.56762406646532,3939,1,inner_ring
7114,40.88479164601132,32.07831806763761,5664,2,octagram
7115,20.576241138866553,47.89819686858049,10379,5,text_en_1919
7116,20.377768141970314,49.06212495870157,10268,5,text_en_1919
7117,67.09809497142327,26.83565560738872,6105,2,octagram
7118,24.442129390345755,50.941402581722166,10155,5,text_en_1919
7119,67.66174434954799,68.42096627385423,4613,2,octagram
7120,46.843459322371125,59.183948432211245,6592,3,stroke_nan
7121,41.62838842806804,43.55071060864038,7271,3,stroke_nan
7122,36.88865047310402,78.80207503955099,9162,5,text_en_1919
7123,93.00506779687171,49.00552148215851,10272,5,text_en_1919
7124,34.4244779993677,83.69565326869514,1325,0,outer_ring
7125,44.06089011435776,89.19695415238051,978,0,outer_ring
7126,66.2784814788006,81.21042111494108,8980,5,text_en_1919
7127,52.03221987316288,88.40290605085423,426,0,outer_ring
7128,52.54066054090253,88.68591548653627,401,0,outer_ring
7129,54.39213821879232,85.25996842056409,8598,5,text_en_1919
7130,61.247115018668865,54.445134315501456,7840,4,stroke_kai
7131,59.07974176831917,20.42751978115285,4151,1,inner_ring
7132,46.144419942690206,41.78304049441083,7364,3,stroke_nan
7133,64.11303791331753,21.668273431039427,6043,2,octagram
7134,79.00198150496708,32.502919940789546,4317,1,inner_ring
7135,40.308594911357766,29.911707714965964,5690,2,octagram
7136,48.72668913582681,16.211762869493956,10950,5,text_en_1919
7137,60.818003573052465,46.072154124545996,8139,4,stroke_kai
7138,33.47870794038902,35.6821009481749,5554,2,octagram
7139,17.300678666825533,51.154776476418775,10173,5,text_en_1919
7140,54.08254274599431,6.764631136950442,2185,0,outer_ring
7141,31.071435089553155,43.24742653481811,5422,2,octagram
7142,54.45632703158672,6.134155474468231,2213,0,outer_ring
7143,42.41529678879874,26.425726760648903,5732,2,octagram
7144,33.00715836516615,36.46894207140518,5547,2,octagram
7145,35.47245142888848,35.91295178964525,5575,2,octagram
7146,45.50722288088539,6.234439594846016,1607,0,outer_ring
7147,48.88799694984761,49.73674037586981,6967,3,stroke_nan
7148,60.366288456236866,2.937636542611589,2720,0,outer_ring
7149,64.89284858297589,24.579243493589374,6069,2,octagram
7150,62.62944378409244,6.417435189556103,2898,0,outer_ring
7151,49.33929844928184,86.38968853996273,649,0,outer_ring
7152,54.67359871995618,6.090430216575549,2231,0,outer_ring
7153,60.21057001648349,45.03539837225959,8157,4,stroke_kai
7154,49.343979162408246,35.73407159823281,7563,3,stroke_nan
7155,85.2697883853556,47.85421824482579,10382,5,text_en_1919
7156,56.62129164063177,80.24815352085017,8989,5,text_en_1919
7157,56.15819287799917,23.4208325530725,5942,2,octagram
7158,61.06129751575079,89.76287510707782,60,0,outer_ring
7159,54.396324079007684,80.70312222177566,8988,5,text_en_1919
7160,65.68842966840126,71.30685356676604,4661,2,octagram
7161,39.09045261575209,44.31177415363686,7233,3,stroke_nan
7162,52.85427309949715,27.623289025528695,5883,2,octagram
7163,69.17146376865114,52.64667742981916,7869,4,stroke_kai
7164,42.80489418934085,83.50799853620916,8777,5,text_en_1919
7165,41.8412170568223,88.01829004899717,1104,0,outer_ring
7166,47.26412858472922,56.064439634613365,6703,3,stroke_nan
7167,52.87950416316364,90.09355833572455,377,0,outer_ring
7168,59.537800117747146,81.84200125633389,8874,5,text_en_1919
7169,56.784482704915824,91.44151917032944,176,0,outer_ring
7170,51.99276436369751,88.72545866544658,427,0,outer_ring
7171,50.69230666617608,90.97500000788745,500,0,outer_ring
7172,46.114700364063104,90.70228727127765,837,0,outer_ring
7173,45.34081672855897,89.1886400823789,906,0,outer_ring
7174,54.315171081808636,80.92203373212077,8930,5,text_en_1919
7175,26.72037866627669,23.086285468663508,10857,5,text_en_1919
7176,43.56165428696383,51.4893247468683,6886,3,stroke_nan
7177,23.54122148374166,61.58778894483702,9804,5,text_en_1919
7178,49.635195041526366,90.33723390013827,577,0,outer_ring
7179,31.74421885896006,82.21361617326829,1354,0,outer_ring
7180,42.11749470984172,89.80008765307971,1071,0,outer_ring
7181,62.6311460079882,46.56296659539742,8111,4,stroke_kai
7182,59.33096852526045,85.12730522515844,8641,5,text_en_1919
7183,65.8601600067096,71.43637450777572,4658,2,octagram
7184,66.18033012170841,77.2501453543442,9313,5,text_en_1919
7185,45.704993947735794,74.57864827848226,3582,1,inner_ring
7186,43.29720646171309,44.23550894480628,7254,3,stroke_nan
7187,59.59566331966979,49.400918014422004,8006,4,stroke_kai
7188,60.22434708204634,57.440839043791584,7739,4,stroke_kai
7189,83.57438564994331,59.47732047996894,9869,5,text_en_1919
7190,55.16897575819666,34.642694451341406,8544,4,stroke_kai
7191,88.2349930212366,56.56350285484607,9940,5,text_en_1919
7192,84.35797407966972,67.40362326005348,9609,5,text_en_1919
7193,70.87536223964783,60.87775720597967,4537,2,octagram
7194,66.3707900246195,44.95995812537338,8210,4,stroke_kai
7195,77.15972417851764,58.76627250986237,4458,2,octagram
7196,85.96902670429874,61.9901216959671,9772,5,text_en_1919
7197,88.85109038322798,47.66083928899186,10391,5,text_en_1919
7198,68.4150784522649,72.53776224570278,3425,1,inner_ring
7199,64.68623661610108,51.289555727514745,7946,4,stroke_kai
7200,60.87665027249753,24.47558674210402,6008,2,octagram
7201,40.9010128139006,56.71125425641818,6667,3,stroke_nan
7202,60.9815036534992,48.25127310054253,8059,4,stroke_kai
7203,86.15975927505323,48.32114895289425,10384,5,text_en_1919
7204,61.439989913646556,43.82477043298567,8253,4,stroke_kai
7205,91.29894538120705,48.14540113226384,10376,5,text_en_1919
7206,68.13579669386502,34.29308295960233,8530,4,stroke_kai
7207,92.52084862252899,50.0233892217915,10208,5,text_en_1919
7208,74.89394680548807,47.42200989962787,6430,2,octagram
7209,66.10137827761254,8.927904585653899,3082,0,outer_ring
7210,45.040803260237524,23.223652765017203,5792,2,octagram
7211,85.15278044279981,56.7291272404858,9981,5,text_en_1919
7212,64.51057650297362,8.472665520078339,3020,0,outer_ring
7213,66.6325886278359,9.837062451130151,3105,0,outer_ring
7214,49.20220306756581,6.188690479206989,1771,0,outer_ring
7215,62.584517189608064,7.259232075249881,2906,0,outer_ring
7216,65.2154914219174,7.353839835696961,3039,0,outer_ring
7217,52.52958179579086,6.471611980921955,2038,0,outer_ring
7218,75.05842137133232,28.43202937981201,4277,1,inner_ring
7219,74.47655094656184,43.54632816781577,6392,2,octagram
7220,47.341862320187886,11.920433534695098,11235,5,text_en_1919
7221,44.796096740217,36.786960524221676,5638,2,octagram
7222,69.73882418066839,9.22583874220636,3165,0,outer_ring
7223,61.4668690397726,7.228158633523109,2831,0,outer_ring
7224,62.15924024322789,6.085836494371579,2858,0,outer_ring
7225,57.0701491182962,6.864541877479623,2477,0,outer_ring
7226,71.39081471883914,35.08276566191296,6203,2,octagram
7227,59.747540013535286,7.165364754445505,2712,0,outer_ring
7228,49.82720529995576,6.210706179083533,1819,0,outer_ring
7229,69.73953402808345,8.787895227185675,3161,0,outer_ring
7230,55.81438157297487,45.25705394263105,8193,4,stroke_kai
7231,93.19880406093488,46.46604591078418,10492,5,text_en_1919
7232,64.7490520561994,39.182457537298255,8428,4,stroke_kai
7233,73.34992593615927,26.516769552017028,4260,1,inner_ring
7234,81.33197911542027,48.913524361833055,3232,1,inner_ring
7235,44.1543907158102,7.57349562788889,1560,0,outer_ring
7236,60.51667127822561,23.7881411316043,6005,2,octagram
7237,51.74017982017415,6.659962261658683,1979,0,outer_ring
7238,91.4051259452836,47.856655546887744,10395,5,text_en_1919
7239,38.24600533625136,87.21358094050696,1231,0,outer_ring
7240,39.66616451922425,88.63197305927974,1174,0,outer_ring
7241,55.37631731164502,69.64607089638857,4804,2,octagram
7242,54.894666206373984,89.2439432950677,260,0,outer_ring
7243,54.95721162904881,84.64059591510888,8632,5,text_en_1919
7244,43.50615770706991,83.85017409620919,8723,5,text_en_1919
7245,46.32716253286988,88.28532376413952,855,0,outer_ring
7246,34.62644274708268,78.9260577085456,8997,5,text_en_1919
7247,40.82038214243183,70.39001480387243,5000,2,octagram
7248,34.59896105460403,80.31283942697637,8983,5,text_en_1919
7249,32.91134466901861,59.04813164503255,5188,2,octagram
7250,42.536384751192415,73.77125050215915,3602,1,inner_ring
7251,24.562761962156404,69.87825958409219,9500,5,text_en_1919
7252,42.00019675130262,23.38492884997035,4040,1,inner_ring
7253,31.8263162268363,43.19198866571048,5416,2,octagram
7254,23.071653585884818,48.59262070623653,10280,5,text_en_1919
7255,19.67610690709271,37.55094994181371,10741,5,text_en_1919
7256,31.28926586502758,52.10674090290398,5305,2,octagram
7257,40.70434216822057,9.317064249480925,1480,0,outer_ring
7258,30.99814750785336,55.05922539489323,5278,2,octagram
7259,51.354062536770456,44.397474298843626,7208,3,stroke_nan
7260,43.72022138153512,48.09857242219691,7058,3,stroke_nan
7261,43.72490383674557,56.49970228151752,6689,3,stroke_nan
7262,49.08916404494653,82.55929818535876,8734,5,text_en_1919
7263,41.62941098356932,64.04603234659544,5065,2,octagram
7264,45.15443529894706,73.61158776242299,4950,2,octagram
7265,43.157119727230224,87.74766771445526,1046,0,outer_ring
7266,75.58751694827471,74.85677379309914,9380,5,text_en_1919
7267,44.17822233700117,86.96578501313272,1002,0,outer_ring
7268,62.26299489303132,80.12764391360602,9100,5,text_en_1919
7269,55.44221458545614,75.58903056091901,3518,1,inner_ring
7270,63.862890094150565,71.17092061695287,4663,2,octagram
7271,44.24645533028381,81.57891029095153,8969,5,text_en_1919
7272,57.55959184689847,89.6951678260243,145,0,outer_ring
7273,40.24367035427232,42.53367544851583,7354,3,stroke_nan
7274,42.00790048370769,52.727883264663575,6836,3,stroke_nan
7275,40.27429584194569,72.2478190961293,3621,1,inner_ring
7276,51.05541122675196,6.469743909528948,1907,0,outer_ring
7277,50.75038307271574,57.40456228178304,6654,3,stroke_nan
7278,57.36640770819611,6.94615983705079,2505,0,outer_ring
7279,39.20033862651024,45.58069032103336,7187,3,stroke_nan
7280,62.675193202859944,20.71057451676086,4182,1,inner_ring
7281,16.871630547593366,40.99422910405372,10647,5,text_en_1919
7282,37.190534499049825,34.195750584897006,5593,2,octagram
7283,23.93787420029859,37.816572918924386,10733,5,text_en_1919
7284,44.45174189985194,56.64780288414565,6690,3,stroke_nan
7285,51.66949522229773,5.867516381461085,1976,0,outer_ring
7286,29.259599228487925,41.12675664735387,5454,2,octagram
7287,47.58005874032229,49.461017476806816,6991,3,stroke_nan
7288,33.974523694421556,28.663896133304515,3963,1,inner_ring
7289,44.082100492299574,41.25722641268871,7372,3,stroke_nan
7290,49.488943277943726,11.830517980974927,11260,5,text_en_1919
7291,50.86543136705105,35.02984613422404,7516,3,stroke_nan
7292,49.49416515948934,47.37944393621866,7105,3,stroke_nan
7293,53.194420465851756,6.4416619019055865,2107,0,outer_ring
7294,48.36093335722973,53.68944862388847,6786,3,stroke_nan
7295,68.25643738842606,30.683768188242414,6149,2,octagram
7296,81.50314024298623,41.41946394542898,4376,1,inner_ring
7297,65.20205441135643,25.226589497424555,6080,2,octagram
7298,56.34357643333404,4.5552466016926445,2399,0,outer_ring
7299,55.6702682885321,91.1976696003056,221,0,outer_ring
7300,65.2548300749552,85.66334579178442,8664,5,text_en_1919
7301,89.70305069786954,53.91037788648355,10076,5,text_en_1919
7302,69.05723274082433,61.87577037172223,4556,2,octagram
7303,86.48184405938495,59.69134410456098,9862,5,text_en_1919
7304,77.55970236514233,53.08599732032825,6521,2,octagram
7305,50.60000624923085,89.42657900261331,520,0,outer_ring
7306,57.674362806247395,82.45196372682757,8728,5,text_en_1919
7307,48.9673105422222,82.5119185033281,8767,5,text_en_1919
7308,41.30734383995525,47.74231176543282,7072,3,stroke_nan
7309,39.47329077030932,86.81377141131271,1203,0,outer_ring
7310,40.376058282647904,86.59720603824005,1175,0,outer_ring
7311,49.35328214822792,83.73118024987251,8615,5,text_en_1919
7312,50.8234320787677,89.70549274459923,499,0,outer_ring
7313,58.67865733876769,61.84733473926146,7587,4,stroke_kai
7314,36.74570322166546,86.17848334870621,1276,0,outer_ring
7315,19.156801786045243,58.336844187003315,9912,5,text_en_1919
7316,50.16193532981803,88.28916907491563,564,0,outer_ring
7317,21.19726371167149,48.847184848319145,10288,5,text_en_1919
7318,33.62586959088519,49.604236219557514,5345,2,octagram
7319,48.77856497533903,21.80641433920608,5839,2,octagram
7320,67.09328453817365,61.63701713686588,7619,4,stroke_kai
7321,57.11607392830908,90.77238700371758,165,0,outer_ring
7322,44.682856542204824,73.23114039097874,4948,2,octagram
7323,63.354423501534704,90.47152506443939,39,0,outer_ring
7324,59.74760954941781,84.16346194403285,8730,5,text_en_1919
7325,71.8410314969622,79.80875804378607,9126,5,text_en_1919
7326,50.14601630021724,90.10354198577987,552,0,outer_ring
7327,73.19547553179471,50.40343989690836,6475,2,octagram
7328,61.71815485646114,49.95856738670014,7998,4,stroke_kai
7329,61.98053835265467,72.97415559019221,4718,2,octagram
7330,66.46596112728669,66.50131273192447,4600,2,octagram
7331,42.568924099795254,58.78996431982596,6652,3,stroke_nan
7332,49.12042842811501,88.32705419325292,647,0,outer_ring
7333,48.131533544011255,5.377167298777605,1713,0,outer_ring
7334,60.939788983947125,86.62297245908968,8607,5,text_en_1919
7335,80.8577822114953,70.7789222671775,9472,5,text_en_1919
7336,92.04786754699053,53.01162004012623,10099,5,text_en_1919
7337,59.84797720484306,46.919608138671585,8105,4,stroke_kai
7338,92.61169369051457,46.94394050563128,10485,5,text_en_1919
7339,78.45127648855222,56.231592500044194,6556,2,octagram
7340,78.86840650033587,32.18643073004909,4311,1,inner_ring
7341,68.95827475982438,39.97970775271637,8367,4,stroke_kai
7342,84.49924218471047,61.77200598170373,9750,5,text_en_1919
7343,76.51117979288627,59.488043377679475,4472,2,octagram
7344,56.382221974770395,50.08032040263478,7971,4,stroke_kai
7345,80.61477250189228,37.34911929950058,6311,2,octagram
7346,68.139338961147,67.00749080624647,4602,2,octagram
7347,69.19053386996302,61.56593619456091,4555,2,octagram
7348,57.11710858248728,5.044283156192779,2470,0,outer_ring
7349,87.98515227352873,47.609264457479284,10409,5,text_en_1919
7350,46.83108870176021,57.154499245120476,6660,3,stroke_nan
7351,64.7830431146361,7.9979431637747345,3030,0,outer_ring
7352,49.44637306695708,35.980876874807116,7541,3,stroke_nan
7353,59.57329591045155,10.403999944602804,11342,5,text_en_1919
7354,56.335180670898296,6.744402294721531,2408,0,outer_ring
7355,56.480436619114286,18.807134838093752,10954,5,text_en_1919
7356,78.33008280579733,34.719735852363236,4323,1,inner_ring
7357,56.61348486563611,13.47106072273913,11187,5,text_en_1919
7358,61.844763021178764,21.481498139587064,4176,1,inner_ring
7359,50.866118764720675,43.887383558231264,7210,3,stroke_nan
7360,46.08550733437259,10.524974757632252,11246,5,text_en_1919
7361,43.711002300524136,21.825985092235612,4048,1,inner_ring
7362,58.26778501959555,20.109545269654646,4146,1,inner_ring
7363,64.24827247375187,7.728197473325759,3004,0,outer_ring
7364,62.51568741672937,15.45484693631188,11123,5,text_en_1919
7365,58.26348365882279,12.000220525231834,11286,5,text_en_1919
7366,51.351550205227404,5.392553245090571,1950,0,outer_ring
7367,48.105963052386016,12.410322381718348,11224,5,text_en_1919
7368,59.59219780303688,12.828135656120702,11274,5,text_en_1919
7369,62.70847581199005,39.72301727215765,8421,4,stroke_kai
7370,67.14365835726265,45.80716810821268,8181,4,stroke_kai
7371,70.21688980577538,41.42877376128776,8334,4,stroke_kai
7372,82.6966760813877,48.96366637140963,3233,1,inner_ring
7373,90.24888479797723,47.20079371069175,10467,5,text_en_1919
7374,64.64484796222484,43.62149346860812,8249,4,stroke_kai
7375,51.38678751995551,6.690424541137637,1943,0,outer_ring
7376,62.282396010333564,36.15637025698553,8501,4,stroke_kai
7377,57.733253504196114,14.275627201740864,11162,5,text_en_1919
7378,44.47474169424737,14.930236862428748,11046,5,text_en_1919
7379,53.37340312946569,6.662091525726287,2121,0,outer_ring
7380,63.58034679549812,58.33573908909478,7683,4,stroke_kai
7381,46.78160214881958,90.3479143415325,791,0,outer_ring
7382,43.85669984018892,70.26228450017538,4998,2,octagram
7383,42.22585257994813,88.12959617921703,1083,0,outer_ring
7384,47.79023145949114,88.77066276025172,738,0,outer_ring
7385,41.9427892091758,88.2604307472339,1096,0,outer_ring
7386,69.62563795231247,80.90957969489195,9018,5,text_en_1919
7387,61.43036079225245,78.14602331387708,9264,5,text_en_1919
7388,29.65991324316403,61.86145956457214,3723,1,inner_ring
7389,34.340344441745415,59.86027658418341,5169,2,octagram
7390,25.06485214589158,70.22563390445612,9496,5,text_en_1919
7391,48.23088224389543,87.46870991067773,717,0,outer_ring
7392,28.35665678438841,68.99511125580354,9560,5,text_en_1919
7393,30.119136040403923,38.547645122037544,5477,2,octagram
7394,28.80975214979573,58.19292549875778,5238,2,octagram
7395,44.201027757759014,23.067136999031682,5783,2,octagram
7396,30.389103696363343,44.574823026757265,5410,2,octagram
7397,30.55778420349688,41.62277674466297,5444,2,octagram
7398,40.5050999176754,8.965773826858078,1478,0,outer_ring
7399,26.17140454903482,49.697899855631086,3808,1,inner_ring
7400,54.85102386834948,85.47085656860618,8583,5,text_en_1919
7401,31.088953055939818,55.50751064310824,5271,2,octagram
7402,52.44829893275728,39.392925559497975,7433,3,stroke_nan
7403,47.5173978034862,59.10365350029309,6593,3,stroke_nan
7404,38.29481671313678,52.24702900958215,6908,3,stroke_nan
7405,51.394424327107146,35.67843477694822,7513,3,stroke_nan
7406,47.54820627090134,87.7748930508351,774,0,outer_ring
7407,51.47254678748206,80.92994134224388,8948,5,text_en_1919
7408,42.73980646524496,88.47833390390478,1057,0,outer_ring
7409,48.39043105428426,73.63229707159509,4905,2,octagram
7410,46.886451114158426,89.45431687614749,794,0,outer_ring
7411,73.22622366420752,74.78720939345726,9375,5,text_en_1919
7412,52.60708777878178,79.60311020405464,9094,5,text_en_1919
7413,50.16123759083377,25.214657873094534,5874,2,octagram
7414,52.96259169179818,6.069303127942179,2081,0,outer_ring
7415,51.32224747896642,51.310764090452984,6845,3,stroke_nan
7416,42.5970962462243,7.248480283857941,1529,0,outer_ring
7417,64.95976061966059,23.68918989038484,6061,2,octagram
7418,43.937269199442134,24.410075018476626,5757,2,octagram
7419,42.827667881501746,29.422166921283075,5700,2,octagram
7420,50.913886232688924,36.37906517451717,7499,3,stroke_nan
7421,40.603944806991024,32.21065111971108,5663,2,octagram
7422,31.621753142543938,61.327165651100024,5184,2,octagram
7423,30.911176471484044,51.74642825922994,5310,2,octagram
7424,47.118173218088806,35.04174412218855,7564,3,stroke_nan
7425,30.86850864146915,52.721249164720184,5295,2,octagram
7426,47.8111569654939,50.745326288419,6955,3,stroke_nan
7427,29.60333174084795,56.692953304217966,5254,2,octagram
7428,38.78662265856592,41.89145467515636,7351,3,stroke_nan
7429,53.811236922884596,27.58499492628363,5890,2,octagram
7430,39.66281860959325,46.45468144418815,7116,3,stroke_nan
7431,56.43745769659639,5.770738281304747,2415,0,outer_ring
7432,41.20927053574166,27.976140540066485,5715,2,octagram
7433,42.37981977312696,24.039769386122366,5758,2,octagram
7434,55.9262362068594,76.74692670223614,9188,5,text_en_1919
7435,56.36326261137397,4.521893270425974,2402,0,outer_ring
7436,65.09799555035217,39.41898891925152,8426,4,stroke_kai
7437,58.43760005705432,12.102488979097101,11287,5,text_en_1919
7438,73.89625380014137,27.275880556179725,4266,1,inner_ring
7439,79.20765073871723,34.285709925640255,4324,1,inner_ring
7440,78.62410851648693,36.615968857264114,6301,2,octagram
7441,39.795186080377874,49.94585131936582,6954,3,stroke_nan
7442,88.03451392474808,64.13268599103704,9715,5,text_en_1919
7443,80.3414732779051,40.55687092472927,4370,1,inner_ring
7444,53.055696400544015,54.312407366197306,6695,3,stroke_nan
7445,33.88481559601803,71.27757911234251,9479,5,text_en_1919
7446,65.43102220917898,69.0789828290518,4633,2,octagram
7447,83.95394524738275,62.0976982836691,9734,5,text_en_1919
7448,30.984789017333593,50.800738176355516,5317,2,octagram
7449,43.640327579307545,79.22517807904863,9077,5,text_en_1919
7450,41.61504571303817,71.32640813453921,4994,2,octagram
7451,44.78159374291388,90.40428045769961,919,0,outer_ring
7452,57.48383147840472,81.42675439428939,8951,5,text_en_1919
7453,52.61131072149807,90.03999868798616,395,0,outer_ring
7454,39.91211144396933,71.4684054629875,3627,1,inner_ring
7455,59.59992895424519,88.55877655360929,81,0,outer_ring
7456,34.07945741474088,68.25320310681496,3677,1,inner_ring
7457,29.707010860592206,53.6405726810097,5283,2,octagram
7458,36.064242719599285,67.31014883649962,3670,1,inner_ring
7459,31.0889743870869,60.09048352896714,5206,2,octagram
7460,18.32617479483416,55.720059420440606,9989,5,text_en_1919
7461,17.54992002951068,48.99320616079233,10256,5,text_en_1919
7462,52.088301470090116,89.06276672127552,421,0,outer_ring
7463,45.22231616253034,88.41788762109826,920,0,outer_ring
7464,65.20612805084679,73.68265015400625,4687,2,octagram
7465,66.87497034160052,64.96175080913234,4584,2,octagram
7466,60.45946657627598,59.65275165172365,7643,4,stroke_kai
7467,67.84546401444945,72.29278748160675,3428,1,inner_ring
7468,57.876176272942836,73.43195437986753,3498,1,inner_ring
7469,65.4526114395653,53.452789058888705,7790,4,stroke_kai
7470,59.246252211006045,89.27788013132205,89,0,outer_ring
7471,49.89218632131861,42.538874934195945,7305,3,stroke_nan
7472,79.69578693951232,57.25952765185619,6573,2,octagram
7473,61.35745736316943,60.47637995882523,7609,4,stroke_kai
7474,57.44968894914559,59.17097733246008,7639,4,stroke_kai
7475,46.500761837754624,88.56199517585313,839,0,outer_ring
7476,82.99099425458601,72.6126556917575,9424,5,text_en_1919
7477,62.540637240041065,24.12272816296873,6021,2,octagram
7478,85.2771987235334,60.97509744321144,9759,5,text_en_1919
7479,94.59873662425717,48.3257935334345,10378,5,text_en_1919
7480,86.79778758448965,58.7377076474139,9910,5,text_en_1919
7481,91.61369561540009,51.51930848098268,10171,5,text_en_1919
7482,60.846231068837675,6.259275637650438,2778,0,outer_ring
7483,51.983786936136966,5.095102901755245,2003,0,outer_ring
7484,51.93017663331572,58.33496809741511,6628,3,stroke_nan
7485,76.56275833896214,44.13680548857395,6389,2,octagram
7486,61.50629022363113,80.7172251143562,9049,5,text_en_1919
7487,91.00379700642958,58.385144402835024,9890,5,text_en_1919
7488,90.3548614393276,51.15991433967006,10106,5,text_en_1919
7489,70.84063460838324,24.232519713285953,4235,1,inner_ring
7490,57.77819065956785,56.207418463505356,7705,4,stroke_kai
7491,61.41191034990135,42.33530628189988,8301,4,stroke_kai
7492,55.17910045536721,5.898298263859697,2279,0,outer_ring
7493,66.5698844522336,26.895706117916923,6106,2,octagram
7494,76.56913305548294,48.51948050830396,6466,2,octagram
7495,59.82181664753528,5.030587725110918,2699,0,outer_ring
7496,86.5208706900902,47.21157868352105,10423,5,text_en_1919
7497,46.328495681586325,5.64704286239257,1644,0,outer_ring
7498,64.56896175831575,42.68456306020012,8330,4,stroke_kai
7499,57.39209129067259,6.705895957175727,2508,0,outer_ring
7500,61.04857250754855,20.713395881745832,4167,1,inner_ring
7501,55.864716029646374,16.168485714403456,11025,5,text_en_1919
7502,65.31915024672118,29.495857675215216,6127,2,octagram
7503,58.675134888585745,6.4916418915528675,2624,0,outer_ring
7504,45.26427135543563,5.9121872003017,1601,0,outer_ring
7505,58.09357350215246,4.824433382190546,2565,0,outer_ring
7506,49.48719043721643,18.831012279521765,4086,1,inner_ring
7507,47.583428559821506,7.892031987222916,1679,0,outer_ring
7508,47.38451634215128,4.734013504497384,1686,0,outer_ring
7509,59.86118758450894,6.190876670828539,2711,0,outer_ring
7510,80.95144714972946,25.400483464750714,10846,5,text_en_1919
7511,63.35704962484449,7.622774272954379,2956,0,outer_ring
7512,68.33962081580897,45.0972958029851,8202,4,stroke_kai
7513,78.10445027348808,40.301719931474466,6346,2,octagram
7514,75.29506235365878,60.92199573260941,4491,2,octagram
7515,91.04053784106225,53.1686058100073,10098,5,text_en_1919
7516,56.65685940960299,48.41357471031908,8029,4,stroke_kai
7517,70.22836775462181,8.934163655289508,3169,0,outer_ring
7518,71.46848376416102,7.734058092202809,3176,0,outer_ring
7519,48.643254259204724,12.515313674924535,11237,5,text_en_1919
7520,44.17977719355557,22.125040376708412,4053,1,inner_ring
7521,43.053776831274305,21.256798016622515,5772,2,octagram
7522,54.189039871035895,68.09314393685828,4834,2,octagram
7523,59.976798352320436,84.23537616333803,8720,5,text_en_1919
7524,37.89086408460417,88.14532719023572,1229,0,outer_ring
7525,42.941960601285395,85.21023890210287,8698,5,text_en_1919
7526,49.84300780648512,88.53889855502973,573,0,outer_ring
7527,49.45686080825954,79.0489173854919,9118,5,text_en_1919
7528,23.627220222407942,54.8964516233351,10018,5,text_en_1919
7529,52.288055414845715,90.21224002853859,412,0,outer_ring
7530,40.92209425298766,75.04838837458901,3607,1,inner_ring
7531,17.39651824207087,58.65277543028255,9941,5,text_en_1919
7532,30.045437564596146,67.17096428086738,9595,5,text_en_1919
7533,37.06636970875252,29.137265477534836,3981,1,inner_ring
7534,26.08988386920554,41.868674303226484,3865,1,inner_ring
7535,17.84881923756948,56.966682380953245,9964,5,text_en_1919
7536,32.518940004734745,68.98838367494452,9505,5,text_en_1919
7537,31.39788573169184,59.95023979596718,5199,2,octagram
7538,21.947865179082484,52.500680471896295,10145,5,text_en_1919
7539,20.772154747010624,38.364981391284,10743,5,text_en_1919
7540,24.142930446628867,37.01930964057074,10754,5,text_en_1919
7541,42.28119651951295,55.66557243396391,6732,3,stroke_nan
7542,43.107774965398534,72.83926946220843,4971,2,octagram
7543,18.735638778802,42.57370043243483,10608,5,text_en_1919
7544,49.57955778590367,42.68422857633452,7323,3,stroke_nan
7545,87.26837289200415,58.93341437647781,9889,5,text_en_1919
7546,38.164565473817234,60.19589464106157,5123,2,octagram
7547,27.711711819682247,52.10002517611555,3794,1,inner_ring
7548,56.85319112620706,89.14615832204575,173,0,outer_ring
7549,48.063628694468115,87.6334166439926,730,0,outer_ring
7550,48.76803427722745,89.80350747872211,662,0,outer_ring
7551,77.27032092527052,36.16480152637096,6273,2,octagram
7552,40.67264255462834,88.13646861957419,1148,0,outer_ring
7553,61.20339534932646,54.985067432950935,7818,4,stroke_kai
7554,56.71865513996534,69.46851467897696,4786,2,octagram
7555,55.20690540275227,22.00570301269986,4128,1,inner_ring
7556,68.03215585122857,23.151154288817846,4221,1,inner_ring
7557,53.91612429997977,4.950145101883517,2173,0,outer_ring
7558,57.79154015921742,48.30112541690914,8051,4,stroke_kai
7559,48.79572535265031,6.548972346929903,1742,0,outer_ring
7560,48.776880471266956,5.275672983660869,1753,0,outer_ring
7561,46.89539493227469,54.90780200998553,6771,3,stroke_nan
7562,41.57554508755337,30.838667620332952,5685,2,octagram
7563,43.6647869711946,6.523700170097424,1556,0,outer_ring
7564,58.12129954728862,32.63335700697357,5964,2,octagram
7565,37.76255066743621,24.801389868821037,4007,1,inner_ring
7566,39.79149028452985,43.8164637296294,7292,3,stroke_nan
7567,51.31727655412566,45.16659065647601,7190,3,stroke_nan
7568,20.77019407523858,57.29029232547984,9976,5,text_en_1919
7569,20.83310543788416,36.7410488107201,10785,5,text_en_1919
7570,34.083793556557474,40.70660569016987,7362,3,stroke_nan
7571,38.69653734517,8.821270726589422,1458,0,outer_ring
7572,45.48953024684662,37.51797700783141,7491,3,stroke_nan
7573,52.522693616066505,37.35883496606711,7474,3,stroke_nan
7574,48.41887197060054,5.473999967104391,1726,0,outer_ring
7575,53.38339359751923,28.817401101280424,5894,2,octagram
7576,57.45368873424785,10.31610948097011,11346,5,text_en_1919
7577,62.551348863303964,23.985842329758423,6019,2,octagram
7578,64.07406489878495,38.49211642106922,8448,4,stroke_kai
7579,50.477165797101286,5.791712778586588,1872,0,outer_ring
7580,76.15001514094313,45.7635726978364,6406,2,octagram
7581,47.456626661116104,35.067609393586054,7562,3,stroke_nan
7582,68.64226324041051,39.47114858084362,8388,4,stroke_kai
7583,51.88014375918993,6.027477742537914,1991,0,outer_ring
7584,75.66087895409115,45.571710551300306,6405,2,octagram
7585,65.70458396499589,21.431484699736163,4201,1,inner_ring
7586,42.76632338476109,88.91782701179463,1048,0,outer_ring
7587,57.916592359672215,48.690053338746175,8052,4,stroke_kai
7588,52.36043244917257,79.52023645176189,9081,5,text_en_1919
7589,72.02692263138108,81.42052624284972,8968,5,text_en_1919
7590,38.875157477342775,87.45361914607521,1214,0,outer_ring
7591,49.688657505673234,89.43970091278214,582,0,outer_ring
7592,51.558448958585345,89.5466072843007,452,0,outer_ring
7593,48.90641116585121,83.00053579729561,8692,5,text_en_1919
7594,49.005481482789925,88.1886655496377,661,0,outer_ring
7595,55.894833735047946,83.52491816773654,8687,5,text_en_1919
7596,46.95150756123939,81.86324358243859,8755,5,text_en_1919
7597,33.93351470588866,48.31244562996778,5356,2,octagram
7598,66.5311552569074,68.95390653480236,4635,2,octagram
7599,56.5140560867405,91.66058724525251,189,0,outer_ring
7600,54.68621169277395,67.21354328541803,4818,2,octagram
7601,30.66698550400665,56.582992256443276,5258,2,octagram
7602,58.365300303792495,89.64499296151295,113,0,outer_ring
7603,36.51153914511937,63.61333625849836,5137,2,octagram
7604,39.00863479480495,85.99968400000941,1226,0,outer_ring
7605,66.4324858607076,69.12622457176175,4631,2,octagram
7606,63.065159577047424,81.05724412717444,8966,5,text_en_1919
7607,68.6337602981063,80.84379256573679,9007,5,text_en_1919
7608,62.155416272982706,74.52927353915707,3466,1,inner_ring
7609,67.76337799966534,41.77092755314043,8309,4,stroke_kai
7610,68.04324159025597,75.55793745399656,9358,5,text_en_1919
7611,40.99513238424417,56.30063394699067,6700,3,stroke_nan
7612,75.95660792957918,44.54161745447226,6394,2,octagram
7613,63.95342482808667,73.8430863188717,4695,2,octagram
7614,41.17803081349889,88.80668761010843,1120,0,outer_ring
7615,73.13948288689646,69.08219305082112,3385,1,inner_ring
7616,76.4292622304317,77.97392624695048,9259,5,text_en_1919
7617,81.94494335909785,45.89734625530281,4408,1,inner_ring
7618,67.14678150556847,45.187923439442514,8206,4,stroke_kai
7619,56.70108317049931,44.61871163849664,8194,4,stroke_kai
7620,78.17198037689333,63.79132464639698,3341,1,inner_ring
7621,56.25276413830163,57.91999936451962,7676,4,stroke_kai
7622,62.203641827780565,53.57382001670733,7845,4,stroke_kai
7623,55.0382503937111,55.87125151378336,4820,2,octagram
7624,50.88788888001873,7.408112969980283,1893,0,outer_ring
7625,64.06099933941049,47.932627559919446,8094,4,stroke_kai
7626,69.36504734148123,52.21953131787186,7883,4,stroke_kai
7627,87.08948772752844,62.71378569231836,9754,5,text_en_1919
7628,63.12940746684863,40.63294521461555,8365,4,stroke_kai
7629,59.7498933544339,43.7666991589977,8256,4,stroke_kai
7630,63.79930294459298,58.37779169963691,7682,4,stroke_kai
7631,86.2849480112941,61.062210410336924,9799,5,text_en_1919
7632,88.29318301617639,40.78346130579788,10704,5,text_en_1919
7633,91.30263043245968,44.39093152349693,10530,5,text_en_1919
7634,55.87342402951944,6.775173524661241,2357,0,outer_ring
7635,60.509758359733894,15.738968090923223,10969,5,text_en_1919
7636,81.20486491070581,25.45711315890464,10826,5,text_en_1919
7637,63.99900596031432,6.713822864241548,2983,0,outer_ring
7638,46.60169116374347,55.93880680621642,6725,3,stroke_nan
7639,53.87700111838096,29.179561939812647,5895,2,octagram
7640,52.271853506458456,6.406882464487214,2019,0,outer_ring
7641,56.17026604802322,27.26378830742938,5925,2,octagram
7642,50.65718179802683,5.264314222428269,1889,0,outer_ring
7643,52.68847708313147,34.87157268561573,7525,3,stroke_nan
7644,49.262683583083,5.568192237783948,1777,0,outer_ring
7645,64.74931862687284,35.9583607099906,8526,4,stroke_kai
7646,66.75761462942722,27.02976827974631,6107,2,octagram
7647,60.292527697653675,6.3230664850996625,2737,0,outer_ring
7648,48.596625950972985,45.96744645844261,7148,3,stroke_nan
7649,51.746259687830864,46.07167517540779,7158,3,stroke_nan
7650,49.97405802636431,4.887120731657945,1836,0,outer_ring
7651,52.75545940816648,7.214927984008607,2052,0,outer_ring
7652,66.50748859418921,18.73303623725453,10882,5,text_en_1919
7653,61.06725275539632,6.1995358310528195,2797,0,outer_ring
7654,60.6479633025469,22.10184005825349,4165,1,inner_ring
7655,61.65865636304047,6.431445210766163,2833,0,outer_ring
7656,86.95004599814013,68.65993228010416,9530,5,text_en_1919
7657,86.90814059084626,59.26873063374132,9895,5,text_en_1919
7658,84.8039605228697,56.94822033213307,9973,5,text_en_1919
7659,58.98144534224822,48.49100382058267,8039,4,stroke_kai
7660,55.03109611331861,5.453999266683876,2265,0,outer_ring
7661,93.62290947182107,48.784428423235774,10277,5,text_en_1919
7662,54.80896984070237,5.7681656378172095,2247,0,outer_ring
7663,55.66102444129834,6.464618643502064,2341,0,outer_ring
7664,81.57642211714128,57.706282037155155,3296,1,inner_ring
7665,49.74269592729275,89.04076768310212,579,0,outer_ring
7666,49.592025271706895,83.36779751394701,8693,5,text_en_1919
7667,41.955063500196346,86.77772110638841,1113,0,outer_ring
7668,57.07581503517336,90.93581285269816,169,0,outer_ring
7669,38.97955727982455,87.5267919557011,1211,0,outer_ring
7670,25.856850891993215,66.00784255154213,9680,5,text_en_1919
7671,47.267761760645485,89.85150981394528,768,0,outer_ring
7672,52.805125757415986,89.06613093058013,385,0,outer_ring
7673,29.747388823264806,64.85583119235476,9666,5,text_en_1919
7674,24.537071686007657,62.36867362822674,9784,5,text_en_1919
7675,24.56443553108036,68.44500281636915,9544,5,text_en_1919
7676,28.405539110669014,59.41769381589924,3746,1,inner_ring
7677,26.21324321387942,41.7931742737365,3866,1,inner_ring
7678,29.597265824019757,39.44519607752666,5467,2,octagram
7679,26.70327193241183,48.94053310116633,3815,1,inner_ring
7680,16.91737615759498,42.4614394744138,10615,5,text_en_1919
7681,32.683055030807395,51.495208036355365,5318,2,octagram
7682,22.964363448894517,40.573675387095726,10648,5,text_en_1919
7683,38.72281023457203,60.70543333323477,5119,2,octagram
7684,28.195758059922564,62.93717336207102,9728,5,text_en_1919
7685,40.47360667444009,5.963315885186907,1496,0,outer_ring
7686,50.764716481082516,41.50612421722257,7333,3,stroke_nan
7687,23.353336736012324,68.14801476208655,9537,5,text_en_1919
7688,28.485415037749583,74.34477860142295,9378,5,text_en_1919
7689,26.320608608657498,69.49640126251299,9545,5,text_en_1919
7690,54.44480951922948,83.11590898766886,8748,5,text_en_1919
7691,49.914444842859616,88.61235158392347,571,0,outer_ring
7692,64.81654731766322,67.85656680740463,4619,2,octagram
7693,86.8277544590083,55.48056691378056,10052,5,text_en_1919
7694,31.576861818551347,59.65584152968864,5200,2,octagram
7695,42.57919117693408,86.85225451307494,1085,0,outer_ring
7696,63.25897139840135,58.0157278466007,7700,4,stroke_kai
7697,48.074123349734,82.25448065621606,8813,5,text_en_1919
7698,46.319092680603866,60.43062931881417,6588,3,stroke_nan
7699,51.59613141367735,68.59503328846978,4854,2,octagram
7700,38.37284065643465,46.65709291471555,7134,3,stroke_nan
7701,59.33922610306995,6.0394517034354,2672,0,outer_ring
7702,34.751430222610786,46.575679519628814,7098,3,stroke_nan
7703,67.04294134559042,24.053198029296112,4216,1,inner_ring
7704,58.24140111149697,5.563215735778875,2584,0,outer_ring
7705,35.44507214531362,31.14317502029738,3955,1,inner_ring
7706,29.80317378050832,34.01952663788697,3920,1,inner_ring
7707,15.729096308780168,42.13584101107032,10627,5,text_en_1919
7708,29.884638351825267,61.02655716625901,3729,1,inner_ring
7709,29.440573873312673,40.215857229029844,5459,2,octagram
7710,20.35590568278245,59.05301369169886,9937,5,text_en_1919
7711,18.94428724552454,42.55244163333226,10591,5,text_en_1919
7712,30.602800006625632,53.683355134573,5288,2,octagram
7713,37.69966686182112,26.0611182893,4000,1,inner_ring
7714,54.70937210874281,26.035132689200076,5893,2,octagram
7715,40.430047249295875,9.39651199661629,1476,0,outer_ring
7716,53.20268930594787,7.951590569938129,2102,0,outer_ring
7717,57.413974236849114,14.355573737928978,11133,5,text_en_1919
7718,57.88427795187632,29.012398706016423,5968,2,octagram
7719,48.271430620239315,40.01464115502562,7415,3,stroke_nan
7720,45.94499079699565,8.286599902020122,1608,0,outer_ring
7721,69.49021514350734,32.635207439195774,6174,2,octagram
7722,81.58330945187146,40.69433602964454,4372,1,inner_ring
7723,63.14830629595921,15.148177766022744,11136,5,text_en_1919
7724,45.89515389105856,58.00964268630008,6639,3,stroke_nan
7725,53.748875817445,82.37689015053944,8803,5,text_en_1919
7726,56.64648727204013,74.90867365200116,3509,1,inner_ring
7727,81.86079416455647,44.44654939532097,4399,1,inner_ring
7728,63.86365838471131,78.97149532042559,9180,5,text_en_1919
7729,51.979037202885216,83.59549026603091,8701,5,text_en_1919
7730,43.806203493163586,88.46954702879867,999,0,outer_ring
7731,52.17172551123975,49.152255618802634,7005,3,stroke_nan
7732,50.916717183069665,89.38908615239518,494,0,outer_ring
7733,42.40723744584597,88.0384768461214,1076,0,outer_ring
7734,44.46554006534192,89.00570770971143,960,0,outer_ring
7735,49.00546036675175,88.33859956163225,657,0,outer_ring
7736,58.33941060367543,89.02944015178508,112,0,outer_ring
7737,65.78419914349548,79.98018696807308,9114,5,text_en_1919
7738,46.25178330322159,90.35006829992852,829,0,outer_ring
7739,49.50465125719225,88.90993349748433,602,0,outer_ring
7740,57.61987029082154,87.80499298663987,134,0,outer_ring
7741,21.683986665405637,48.38042385231857,10325,5,text_en_1919
7742,55.642227642789855,83.99199745614021,8670,5,text_en_1919
7743,45.66271451869574,72.01354936019194,4940,2,octagram
7744,32.02022802264688,51.40682231654367,5311,2,octagram
7745,32.45309693689166,46.11124660105531,5388,2,octagram
7746,51.50078305103554,89.79342098436427,458,0,outer_ring
7747,40.523184404584214,86.92825048534986,1169,0,outer_ring
7748,68.33669857029217,81.29865124415518,8936,5,text_en_1919
7749,55.5356271252389,67.66661569425425,4807,2,octagram
7750,67.16432423498891,55.04035511817158,7769,4,stroke_kai
7751,57.63347472030999,50.57694462478135,7969,4,stroke_kai
7752,61.18467672042292,55.06734105464474,7819,4,stroke_kai
7753,55.85086718129183,37.950075189817596,8485,4,stroke_kai
7754,75.94061844374403,77.34367671813474,9270,5,text_en_1919
7755,64.55326227555742,22.10060858789749,4196,1,inner_ring
7756,66.70513642023202,68.76641177881272,4625,2,octagram
7757,68.09073066263326,49.182421399790776,8020,4,stroke_kai
7758,69.91183103336078,76.78073214227715,9290,5,text_en_1919
7759,56.195365299561736,76.18798229584496,3514,1,inner_ring
7760,90.5783558272556,49.40658562076569,10302,5,text_en_1919
7761,62.86608156974848,54.3849684581306,7833,4,stroke_kai
7762,78.40880116896862,51.71877577063558,6513,2,octagram
7763,68.55163477282127,57.05994805143346,7720,4,stroke_kai
7764,80.3936914231075,40.478828420094864,4368,1,inner_ring
7765,81.97502252266231,39.27779135436549,4363,1,inner_ring
7766,77.96047435497358,42.74776100685126,6363,2,octagram
7767,58.198814744433875,82.96072556798373,8838,5,text_en_1919
7768,42.906302863486275,69.74650282066911,5006,2,octagram
7769,64.5242224886055,8.636526448966107,3023,0,outer_ring
7770,84.56221047104341,41.75692113223004,10668,5,text_en_1919
7771,60.49638777701611,25.675777567071197,5994,2,octagram
7772,81.33453181061083,44.35121448593084,4395,1,inner_ring
7773,66.092821190105,52.05424095606604,7915,4,stroke_kai
7774,75.36417199109809,46.0177950131182,6410,2,octagram
7775,84.18424895093005,68.3457236763579,9528,5,text_en_1919
7776,56.997334422934316,5.092016041118928,2456,0,outer_ring
7777,57.136225150333935,6.389262980131426,2480,0,outer_ring
7778,38.19678690969611,25.916344367530762,4004,1,inner_ring
7779,56.80574500037842,48.29242903358309,8030,4,stroke_kai
7780,35.55314547019443,34.34310089136768,5585,2,octagram
7781,58.83852851831784,7.3176520415384765,2642,0,outer_ring
7782,67.34138944751109,15.462660427431576,11036,5,text_en_1919
7783,62.09504682479742,6.3875304011443035,2856,0,outer_ring
7784,59.54713982155411,8.016089237543552,2707,0,outer_ring
7785,51.01025067927385,6.481919839225328,1906,0,outer_ring
7786,70.72000354451089,34.20264808121859,6193,2,octagram
7787,59.5086676421552,12.639145497915969,11282,5,text_en_1919
7788,64.22088739673782,7.104143856495989,2997,0,outer_ring
7789,61.499429901873086,5.642374784972851,2817,0,outer_ring
7790,58.85038684241148,17.582230175508325,10968,5,text_en_1919
7791,54.582392589902405,5.7144259587614625,2221,0,outer_ring
7792,51.27825277692461,6.499804460082158,1937,0,outer_ring
7793,54.882973651490154,16.56910269806517,4126,1,inner_ring
7794,65.77826988138976,7.66751621993348,3060,0,outer_ring
7795,56.78872766712804,3.182335531933325,2429,0,outer_ring
7796,49.27701804166877,4.137184576927833,1793,0,outer_ring
7797,57.54471068287355,82.41463382689494,8759,5,text_en_1919
7798,51.09716216605725,6.528921653935762,1911,0,outer_ring
7799,64.85334692362908,48.49239716909213,8067,4,stroke_kai
7800,81.03968854757363,57.94281953501422,3300,1,inner_ring
7801,86.617346595359,53.76583394194401,10110,5,text_en_1919
7802,57.91052397546979,44.40315558783189,8214,4,stroke_kai
7803,72.11000498450908,25.20555425242307,4247,1,inner_ring
7804,52.64580524389315,6.876188130936854,2045,0,outer_ring
7805,46.36728734718292,42.59316658520216,7349,3,stroke_nan
7806,78.3098805201098,64.94489944845347,3345,1,inner_ring
7807,36.18821062053518,88.3772249638688,1265,0,outer_ring
7808,39.880738541341564,86.85817233615342,1189,0,outer_ring
7809,46.46665928631489,88.7056603085182,840,0,outer_ring
7810,28.661532148963545,80.53803029712525,1369,0,outer_ring
7811,42.64089788558759,72.6440096274381,4976,2,octagram
7812,51.59220904741183,88.65301365458977,455,0,outer_ring
7813,47.66089534096474,88.34538270631651,753,0,outer_ring
7814,45.02716194276042,80.045807842296,9022,5,text_en_1919
7815,19.255800491146683,50.20994671951616,10184,5,text_en_1919
7816,36.244957610625384,79.79144211315302,9117,5,text_en_1919
7817,46.37821217201696,41.56374337634537,7382,3,stroke_nan
7818,22.02735642501422,70.57770588304909,1386,0,outer_ring
7819,62.728964211164964,89.74175003181345,43,0,outer_ring
7820,30.596807598626977,36.44112399408323,5523,2,octagram
7821,20.737019318698202,56.41181246141896,9993,5,text_en_1919
7822,26.96109275701216,26.123127647584987,10831,5,text_en_1919
7823,38.58434034864183,46.79471407629513,7142,3,stroke_nan
7824,29.265231766355434,57.996138777691606,5241,2,octagram
7825,22.332192401552764,38.23342649912813,10737,5,text_en_1919
7826,18.74566839418143,50.63240044237882,10189,5,text_en_1919
7827,14.317620018077296,35.30096344899585,1406,0,outer_ring
7828,18.482647594247474,57.7857698069049,9935,5,text_en_1919
7829,51.36924151648084,51.473759217652805,6846,3,stroke_nan
7830,40.63560182357042,46.59351065820036,7153,3,stroke_nan
7831,46.453928057295215,60.92769702812995,6582,3,stroke_nan
7832,64.82112903071946,38.507900191227634,8446,4,stroke_kai
7833,50.32134345381387,86.8405979999137,562,0,outer_ring
7834,89.52029697051731,47.83524907251426,10373,5,text_en_1919
7835,71.54172273044696,25.799573747020936,4246,1,inner_ring
7836,45.92622654208139,75.00097729508337,3579,1,inner_ring
7837,48.82984031637427,70.88553818135381,4891,2,octagram
7838,60.291142643466614,47.852444381670324,8076,4,stroke_kai
7839,61.03778848629646,38.15812608551109,8479,4,stroke_kai
7840,57.7834191219989,17.664919632430067,10942,5,text_en_1919
7841,57.244162881315496,6.988622430772694,2492,0,outer_ring
7842,56.20379715045722,5.948089069931398,2391,0,outer_ring
7843,44.5445270386618,40.77200659026552,7388,3,stroke_nan
7844,54.96121981254369,6.4049217447438425,2259,0,outer_ring
7845,51.998551757724904,48.37297912064822,7038,3,stroke_nan
7846,57.71867341595851,25.699937945011396,5950,2,octagram
7847,58.3302207748906,6.607256279558205,2595,0,outer_ring
7848,38.670903374088645,9.233098962291113,1453,0,outer_ring
7849,37.449615498455316,34.54767977192738,5598,2,octagram
7850,39.49640035597582,11.193715012055167,1456,0,outer_ring
7851,37.370964172094894,34.407379324476906,5597,2,octagram
7852,29.582343196485635,60.74425418702818,3730,1,inner_ring
7853,32.686985223387154,25.170304099200447,3974,1,inner_ring
7854,51.429521206283205,5.040249766121722,1959,0,outer_ring
7855,61.48601314706822,15.302290820641593,11067,5,text_en_1919
7856,49.13726533722894,24.36181432536966,5857,2,octagram
7857,52.16326780992358,27.463461147118434,5885,2,octagram
7858,55.80851905235878,22.360869056607005,4132,1,inner_ring
7859,49.808568592825594,7.264732600709358,1807,0,outer_ring
7860,45.09018847731765,7.328666694443427,1584,0,outer_ring
7861,60.74824972229098,44.538223028383015,8225,4,stroke_kai
7862,48.00253606341738,7.411552714434637,1694,0,outer_ring
7863,60.77535401395386,24.88794570979494,6003,2,octagram
7864,64.02556883277433,36.50493450663175,8499,4,stroke_kai
7865,61.99421613484924,22.858373189144494,6024,2,octagram
7866,79.51982041765591,37.069641721919936,6306,2,octagram
7867,73.7778824052538,48.5682136530453,6450,2,octagram
7868,52.890267277638955,83.83855628980959,8685,5,text_en_1919
7869,71.58434280440908,61.83725475985985,4533,2,octagram
7870,62.53581274103187,72.51119584215601,4713,2,octagram
7871,48.207345994945264,88.14730073185969,716,0,outer_ring
7872,58.171774079318325,83.20138340639058,8827,5,text_en_1919
7873,53.461201521237555,70.53169919904889,3532,1,inner_ring
7874,46.86285170536757,52.80715205204656,6840,3,stroke_nan
7875,48.94826230614207,93.66560345537758,604,0,outer_ring
7876,61.56374800436991,88.83874849668067,54,0,outer_ring
7877,45.55941630086527,88.77225327740545,898,0,outer_ring
7878,42.194064952686986,72.42885108675719,4980,2,octagram
7879,51.03683394205408,89.50981555704986,486,0,outer_ring
7880,64.6456535073514,88.04917537932182,22,0,outer_ring
7881,54.9872567000632,90.26669218584037,256,0,outer_ring
7882,48.32409716502784,78.06227352592973,9229,5,text_en_1919
7883,42.78784926796713,87.67243589849183,1066,0,outer_ring
7884,43.4453016397024,69.15620253126706,5013,2,octagram
7885,19.8851893795634,62.94354608460866,9736,5,text_en_1919
7886,33.03641536094089,51.431379362856134,5323,2,octagram
7887,23.114474433352587,44.33562813111383,10541,5,text_en_1919
7888,59.86561098449091,89.18005885913425,79,0,outer_ring
7889,52.454104550575536,89.29319136496103,405,0,outer_ring
7890,48.89380842109602,91.94139899615026,625,0,outer_ring
7891,66.45887099421478,69.43343678703685,4638,2,octagram
7892,46.058622650682224,88.38127390659928,868,0,outer_ring
7893,36.30184649218557,60.867730410900876,5149,2,octagram
7894,54.42540014688907,68.48883290520831,4812,2,octagram
7895,64.03184704582529,56.45527740519342,7751,4,stroke_kai
7896,53.14692073603647,91.00024791895164,356,0,outer_ring
7897,59.52247628644627,85.07103056424062,8651,5,text_en_1919
7898,48.574518516366,89.55701799045664,673,0,outer_ring
7899,55.0184601594857,69.62845582561448,4802,2,octagram
7900,50.11676041103974,52.010662845358176,6856,3,stroke_nan
7901,68.93300883282686,71.72519729610747,3421,1,inner_ring
7902,53.418649886231115,89.31335474548062,344,0,outer_ring
7903,90.35999961826796,46.3211161833165,10472,5,text_en_1919
7904,56.243818066715185,76.34903456142007,3513,1,inner_ring
7905,91.88293980046238,45.922146245701484,10515,5,text_en_1919
7906,87.29184356459294,68.85215017234097,9531,5,text_en_1919
7907,59.49786273440896,53.07245436135553,7917,4,stroke_kai
7908,76.6599324665133,40.89954948920392,6353,2,octagram
7909,45.58102173101963,53.023646095261924,6825,3,stroke_nan
7910,54.668292983339036,90.25047513416061,270,0,outer_ring
7911,49.74847964710492,7.880495062171603,11355,5,text_en_1919
7912,60.84480321946638,23.754702302630083,6007,2,octagram
7913,64.09031488694242,21.36895262004245,4194,1,inner_ring
7914,88.97324441310563,52.067538533563905,10113,5,text_en_1919
7915,88.37990523185057,52.45995921640044,10120,5,text_en_1919
7916,78.99521488063338,57.59072479658718,6571,2,octagram
7917,88.68647136680215,47.578659950737745,10410,5,text_en_1919
7918,56.78677840302481,5.84962522313917,2441,0,outer_ring
7919,59.2838374228415,9.535305109964943,11348,5,text_en_1919
7920,52.28555561491726,7.217858766780324,2018,0,outer_ring
7921,58.16105837521093,5.2187334599318635,2575,0,outer_ring
7922,56.18746259054367,4.419389123980361,2380,0,outer_ring
7923,57.96383804757868,56.191226251533976,7704,4,stroke_kai
7924,48.91098843180476,5.220326901476616,1761,0,outer_ring
7925,48.34857229276546,6.958566676130307,1712,0,outer_ring
7926,60.349076107334106,5.688113170759048,2735,0,outer_ring
7927,58.738723021388736,14.243583645502541,11181,5,text_en_1919
7928,62.545137116259205,4.6742449303629625,2871,0,outer_ring
7929,53.01185033471484,44.76455411479482,7217,3,stroke_nan
7930,65.99107478597948,27.43725250603357,6112,2,octagram
7931,58.251223406580024,7.778748305132607,2599,0,outer_ring
7932,49.96373847293758,24.081121169373308,5868,2,octagram
7933,48.424299685685355,7.172998758368773,1715,0,outer_ring
7934,67.1330205678617,8.47325389489996,3108,0,outer_ring
7935,60.15849578106566,5.5833489151926825,2726,0,outer_ring
7936,45.92169992132165,20.86615317894313,5803,2,octagram
7937,56.86802731464677,16.614798427245866,10996,5,text_en_1919
7938,53.675627833288246,5.2190083808955645,2152,0,outer_ring
7939,58.79214473214621,14.038709611046173,11198,5,text_en_1919
7940,71.94571898051133,34.13634718281979,6211,2,octagram
7941,71.09526059543892,73.30677366986127,9415,5,text_en_1919
7942,84.5581278323214,47.68210587807564,10420,5,text_en_1919
7943,61.018853747011356,39.57616196955714,8451,4,stroke_kai
7944,80.02329956921908,36.300611841036826,4341,1,inner_ring
7945,78.09222604643038,23.52586799749905,10853,5,text_en_1919
7946,60.34406385433916,7.594523155259885,2756,0,outer_ring
7947,61.593304755098394,40.8098016134562,8386,4,stroke_kai
7948,79.8290358651017,36.54539278321155,6307,2,octagram
7949,30.294043578779952,82.69141572952836,1358,0,outer_ring
7950,36.9249547539487,87.97256682704142,1255,0,outer_ring
7951,30.752509249493794,77.75904033633594,9332,5,text_en_1919
7952,49.48220341810264,89.90599164039928,592,0,outer_ring
7953,34.60250066344949,60.54424455040834,5165,2,octagram
7954,30.496969823365344,60.29832232865436,5211,2,octagram
7955,32.833479386380304,63.531218806871486,3700,1,inner_ring
7956,46.35897770777835,90.39944660576617,820,0,outer_ring
7957,30.241379549282716,60.306179959922304,3731,1,inner_ring
7958,14.429270466801016,38.13760482752379,1405,0,outer_ring
7959,33.209438223592244,62.25245492103205,5175,2,octagram
7960,17.800650803935138,49.073669789221846,10262,5,text_en_1919
7961,24.59079071242021,57.41461639963492,9916,5,text_en_1919
7962,30.30232236208658,67.10189920038255,9606,5,text_en_1919
7963,21.86229356038646,37.112633173369865,10764,5,text_en_1919
7964,28.05141579547735,36.84228694163011,5502,2,octagram
7965,30.454287780013274,34.683134173410664,3916,1,inner_ring
7966,24.22984865297801,40.25614214562709,10711,5,text_en_1919
7967,32.86523154546994,48.60518202438977,5347,2,octagram
7968,28.545032782568907,36.86943360181571,5507,2,octagram
7969,31.655774738175108,64.04429821379239,3704,1,inner_ring
7970,56.507927011365304,91.48081129784913,188,0,outer_ring
7971,57.27906992622983,29.503394178905914,8568,4,stroke_kai
7972,85.45925433791028,46.593130086944946,10457,5,text_en_1919
7973,31.466437869564928,52.25026376485966,5304,2,octagram
7974,33.44764122722818,67.15028721576367,3683,1,inner_ring
7975,48.96487820402389,55.39145205621424,6747,3,stroke_nan
7976,56.122579720796416,85.60817643386784,8577,5,text_en_1919
7977,67.570461565699,65.51575650381065,4588,2,octagram
7978,62.334554143097634,87.40167406283855,41,0,outer_ring
7979,36.804791946251044,87.32421624238265,1260,0,outer_ring
7980,53.938104752309776,77.09584604261724,9187,5,text_en_1919
7981,64.30883818578667,82.54541159302569,8841,5,text_en_1919
7982,59.188201929091385,5.274786325366392,2656,0,outer_ring
7983,65.17606781833815,23.593355011382396,6060,2,octagram
7984,56.89585864780775,19.573546329708677,4138,1,inner_ring
7985,23.00428484916772,41.82577552568738,10619,5,text_en_1919
7986,68.30711840890548,29.798296088494737,6140,2,octagram
7987,55.75218054108438,27.073460007021772,5921,2,octagram
7988,59.017131671942444,34.64113789283897,5962,2,octagram
7989,35.474031695969934,10.284830607772042,1432,0,outer_ring
7990,38.33539872355354,8.050763267173222,1457,0,outer_ring
7991,39.4761146856701,47.564601456278766,7080,3,stroke_nan
7992,18.61136944336104,43.6686999069582,10581,5,text_en_1919
7993,41.10864643208904,57.191624146163285,6665,3,stroke_nan
7994,82.30232319426372,26.368756840267338,10813,5,text_en_1919
7995,23.442143960347178,44.36542367139727,10540,5,text_en_1919
7996,36.335804878714335,28.2034889850242,3982,1,inner_ring
7997,21.201533221599266,41.61936451081655,10603,5,text_en_1919
7998,56.95539597321238,7.611272371752642,2471,0,outer_ring
7999,52.542635073309306,14.605705798720708,11108,5,text_en_1919
8000,56.29484635352577,5.319999510610415,2397,0,outer_ring
8001,56.698407405783705,12.861055185936461,11262,5,text_en_1919
8002,47.39190591031277,43.420197387525185,7287,3,stroke_nan
8003,50.59073839492181,18.296212968086753,4097,1,inner_ring
8004,70.92003521240285,34.08923636516013,6197,2,octagram
8005,63.480428643123794,22.824808537903362,6032,2,octagram
8006,79.77256428425275,38.09743825399475,6315,2,octagram
8007,52.01605044994131,22.465927023074144,4100,1,inner_ring
8008,55.24741214624699,5.982301521707348,2286,0,outer_ring
8009,70.81733262116971,48.745271321287206,6453,2,octagram
8010,58.95749351429178,71.5451591457817,4759,2,octagram
8011,74.30202944938647,70.93740763172414,9443,5,text_en_1919
8012,67.63579209129234,28.521651447953627,6123,2,octagram
8013,50.98553577143394,51.73826125028124,6844,3,stroke_nan
8014,54.33086201347765,88.9057063554007,293,0,outer_ring
8015,59.013835148678176,61.78010797569326,7589,4,stroke_kai
8016,26.071484637948046,60.23898205874,9847,5,text_en_1919
8017,28.28439120054079,78.94262334661803,9295,5,text_en_1919
8018,49.534917670261734,69.49528642938775,4875,2,octagram
8019,64.74525221587074,73.86392110163882,4692,2,octagram
8020,51.45079148919268,58.46048431863275,6653,3,stroke_nan
8021,47.399835096896076,79.98520113448288,9092,5,text_en_1919
8022,29.318001178917147,80.82379603633747,1367,0,outer_ring
8023,35.34993962470344,67.6101927101524,3673,1,inner_ring
8024,52.43596445590577,90.5160077620126,403,0,outer_ring
8025,58.957004818136475,49.441228507172546,8032,4,stroke_kai
8026,38.31522546850301,46.081518715543375,7183,3,stroke_nan
8027,20.480543343016578,49.63538639362308,10237,5,text_en_1919
8028,60.72193647544567,22.59874946527604,4169,1,inner_ring
8029,36.077195706530695,68.7129702527043,3660,1,inner_ring
8030,44.29527826518408,89.45559975147489,963,0,outer_ring
8031,62.42717392958886,45.850294560700824,8154,4,stroke_kai
8032,62.494794343542516,80.71744670242623,9040,5,text_en_1919
8033,74.56459789680211,72.16189467342424,9430,5,text_en_1919
8034,43.82352525024365,89.38554732542899,983,0,outer_ring
8035,61.439320732453574,56.950265458191026,7737,4,stroke_kai
8036,43.0096341555585,88.87973119109196,1038,0,outer_ring
8037,37.9464650151965,84.61191888176475,1261,0,outer_ring
8038,67.31129913570508,79.43645312403324,9140,5,text_en_1919
8039,55.8829450841716,48.32667083100154,8054,4,stroke_kai
8040,59.06470047686791,56.618417143671905,7758,4,stroke_kai
8041,80.49869330905274,54.0047957786382,3272,1,inner_ring
8042,34.44796287429647,64.70616057800288,3688,1,inner_ring
8043,75.8916501936644,52.32955515452908,6503,2,octagram
8044,57.29041442990126,12.120791159954345,11294,5,text_en_1919
8045,82.21298463840265,63.41497815423424,9716,5,text_en_1919
8046,88.87342270391446,48.674798399353485,10335,5,text_en_1919
8047,64.89993259393448,74.16621960061077,4690,2,octagram
8048,79.28400742004797,77.53521470150012,9315,5,text_en_1919
8049,70.34497405486404,69.8880037524572,3406,1,inner_ring
8050,48.95500730994536,22.43725626741774,5845,2,octagram
8051,46.74129960380322,6.468503360083918,1657,0,outer_ring
8052,91.2042997092894,47.57428039957605,10432,5,text_en_1919
8053,68.2209627176803,17.74910901999301,10945,5,text_en_1919
8054,69.15353129523287,23.997419094213956,4228,1,inner_ring
8055,77.92832915130865,38.17651199971624,6293,2,octagram
8056,51.542838070840595,11.311870593466589,11301,5,text_en_1919
8057,86.42753013050633,60.611879430200574,9807,5,text_en_1919
8058,65.65917136538114,59.3391756815173,7641,4,stroke_kai
8059,58.79714008059317,6.509039018690788,2636,0,outer_ring
8060,65.15912551029803,23.69644883430985,6059,2,octagram
8061,82.45025198238767,36.518231083645134,6314,2,octagram
8062,72.46798496793731,34.289174350794426,6209,2,octagram
8063,57.94273273942348,15.519692525075584,11066,5,text_en_1919
8064,56.784963605764716,4.117956962694231,2437,0,outer_ring
8065,46.6691277035997,36.29820425626658,7529,3,stroke_nan
8066,59.58522247177298,16.210820679628256,11050,5,text_en_1919
8067,57.37689081518651,6.290823430026844,2500,0,outer_ring
8068,50.13506105464196,14.460461772599466,11033,5,text_en_1919
8069,44.32445763520196,7.070216182946405,1571,0,outer_ring
8070,68.34423004944138,29.379820467564812,6139,2,octagram
8071,67.49000656020874,9.542946089476436,3122,0,outer_ring
8072,61.57812510781113,6.446881272835855,2828,0,outer_ring
8073,57.35362008925158,11.119451285185713,11319,5,text_en_1919
8074,63.51787741727911,7.583907927282408,2965,0,outer_ring
8075,65.69903434489498,8.026892044914803,3063,0,outer_ring
8076,47.73589809000695,4.3045790923328315,1706,0,outer_ring
8077,56.87627408120141,6.088107878757767,2450,0,outer_ring
8078,79.4798130127688,38.40132548611241,6320,2,octagram
8079,51.167444872565476,6.594342201704976,1915,0,outer_ring
8080,60.39593050085732,8.438601138500847,2767,0,outer_ring
8081,48.29615435674637,20.617340374459875,5831,2,octagram
8082,70.57747308043167,61.546017925512025,4543,2,octagram
8083,91.7567429038782,46.49625248584081,10498,5,text_en_1919
8084,72.34644170202176,59.82589670393196,4524,2,octagram
8085,86.33088064001682,49.3943664710001,10284,5,text_en_1919
8086,73.73833785604008,34.735386989806294,6224,2,octagram
8087,78.99166719310301,35.425944604631596,4333,1,inner_ring
8088,25.509389330247163,26.015072416439416,10839,5,text_en_1919
8089,53.185813480387615,5.48034383798649,2110,0,outer_ring
8090,67.23287349384286,47.38942456232917,8103,4,stroke_kai
8091,19.078704065718995,64.41342828699943,9733,5,text_en_1919
8092,46.684778354062104,89.7985290348437,807,0,outer_ring
8093,42.60442060555829,72.54574850605408,4974,2,octagram
8094,67.17372943708229,89.37351465956833,14,0,outer_ring
8095,51.3275809878306,89.78782939572035,473,0,outer_ring
8096,49.147917376726724,87.73929599579189,651,0,outer_ring
8097,39.72555793013139,85.55494708924786,1213,0,outer_ring
8098,24.156352155022777,68.37280908124184,9556,5,text_en_1919
8099,50.82589748216651,69.75903780873577,4863,2,octagram
8100,45.32005694279348,87.4056808930656,930,0,outer_ring
8101,29.490211322879606,58.351169296448184,5222,2,octagram
8102,25.20113383124001,59.95665418774729,9845,5,text_en_1919
8103,28.945847383858485,37.254656910610166,5509,2,octagram
8104,26.282680163649367,58.19663753883782,3752,1,inner_ring
8105,21.73196201665188,50.63778436888962,10212,5,text_en_1919
8106,23.477004369799207,65.71023024607942,9686,5,text_en_1919
8107,27.616472904751117,36.02204052292919,3901,1,inner_ring
8108,46.47899927740541,37.30568299534777,7501,3,stroke_nan
8109,32.89100947983655,48.66001583036964,5350,2,octagram
8110,25.73812850010848,42.47299322320314,3860,1,inner_ring
8111,23.569305122603236,42.594883431453304,10562,5,text_en_1919
8112,48.012652488594895,54.048533862136985,6775,3,stroke_nan
8113,41.85790889565298,49.759969496941004,6966,3,stroke_nan
8114,51.248298876685965,76.52484625827627,3548,1,inner_ring
8115,46.34099853761339,52.59186508633691,6806,3,stroke_nan
8116,40.36017895724864,62.74047369329258,5093,2,octagram
8117,29.74253753414992,81.56725366673025,1364,0,outer_ring
8118,59.11440725753602,81.76704915853627,8895,5,text_en_1919
8119,58.16794549701329,88.86760198994784,122,0,outer_ring
8120,29.584790918724966,67.91463390625383,9582,5,text_en_1919
8121,51.71835326117746,49.809809193829174,6976,3,stroke_nan
8122,40.526309387918474,66.31677649975504,5047,2,octagram
8123,51.246818771410005,6.133627401083609,1935,0,outer_ring
8124,52.31336227819801,70.93593009277625,3540,1,inner_ring
8125,41.05614251151997,6.878573746498359,1503,0,outer_ring
8126,69.00185673698711,29.62600798569955,6147,2,octagram
8127,62.66658926030582,6.244458496513916,2899,0,outer_ring
8128,68.41210342812396,20.18150136313681,10864,5,text_en_1919
8129,42.57922301092632,26.277836623898033,5730,2,octagram
8130,50.78362944439704,50.83515176720323,6880,3,stroke_nan
8131,40.45044089954289,29.659753599950854,5702,2,octagram
8132,32.01530066651409,53.13405151489477,5299,2,octagram
8133,29.46045116734267,37.62734207267035,5487,2,octagram
8134,39.27757978336167,17.229346965647792,11052,5,text_en_1919
8135,46.35986209222627,35.28107287013829,7552,3,stroke_nan
8136,17.073333142027725,62.83304512271796,9748,5,text_en_1919
8137,21.194546969988938,43.309969263092185,10556,5,text_en_1919
8138,30.061708206840517,42.554111564204035,5440,2,octagram
8139,47.85684431116256,47.961898796317556,7052,3,stroke_nan
8140,52.163302823222686,40.308866793161904,7418,3,stroke_nan
8141,53.115995349193135,75.26890115106566,3533,1,inner_ring
8142,54.73370011479854,4.497583875848475,2236,0,outer_ring
8143,68.262898446015,8.703736609358746,3135,0,outer_ring
8144,45.26292438708141,39.99516227574002,7428,3,stroke_nan
8145,42.57728019005328,23.15197846063171,5769,2,octagram
8146,66.32615083946017,19.010426355640426,10872,5,text_en_1919
8147,57.43785665607137,6.08942189303453,2507,0,outer_ring
8148,55.18187776484834,4.945358366985172,2276,0,outer_ring
8149,48.27586938498906,11.382813791069454,11258,5,text_en_1919
8150,57.34800632801063,41.565956410630584,8349,4,stroke_kai
8151,64.1528339515405,36.49594299629173,8509,4,stroke_kai
8152,60.300336604846976,59.24928292646704,7649,4,stroke_kai
8153,49.87833152938404,89.34013284235395,570,0,outer_ring
8154,52.78771327520294,90.1958009307358,383,0,outer_ring
8155,76.16347393415153,42.62899087477681,6370,2,octagram
8156,56.041502894092076,11.853553552696962,11276,5,text_en_1919
8157,55.171159331086294,90.10841072830134,246,0,outer_ring
8158,34.45225113002451,84.30135287823576,1319,0,outer_ring
8159,46.39512905551064,57.801891025314404,6640,3,stroke_nan
8160,39.8490257959064,87.34948326213014,1183,0,outer_ring
8161,58.85672039489729,86.85168215251541,8606,5,text_en_1919
8162,57.54334881600516,46.254376189139144,8126,4,stroke_kai
8163,45.49922523116506,80.44992068639154,9011,5,text_en_1919
8164,43.40218589125302,88.99541348660755,1014,0,outer_ring
8165,46.98141432307676,70.6078051554892,4915,2,octagram
8166,20.944883638315837,49.65728570350019,10232,5,text_en_1919
8167,34.42601986190132,46.490636599600094,7097,3,stroke_nan
8168,41.84448632988355,46.04073291664426,7126,3,stroke_nan
8169,24.828462642847644,69.32556731503087,9510,5,text_en_1919
8170,11.920000620591995,49.398037711023974,10235,5,text_en_1919
8171,15.111076625782065,61.073735733384666,1391,0,outer_ring
8172,58.37002182780678,51.45102531712916,7960,4,stroke_kai
8173,36.8312709697951,76.99962196887327,9312,5,text_en_1919
8174,57.5743676462513,84.4533827291665,8625,5,text_en_1919
8175,37.56188201795159,72.28988215219765,9407,5,text_en_1919
8176,38.37493295862825,84.81412735490879,1253,0,outer_ring
8177,61.64079587028987,55.360722581648695,7825,4,stroke_kai
8178,78.33115182665219,31.948685777896095,4307,1,inner_ring
8179,70.62094159701985,86.49978401099662,5,0,outer_ring
8180,78.32376837713602,78.1881292007006,9304,5,text_en_1919
8181,80.30490119176022,54.07968396619573,3274,1,inner_ring
8182,89.77664581767952,59.78204085241532,9858,5,text_en_1919
8183,57.568684228198016,53.30467607796605,7879,4,stroke_kai
8184,77.33788293987296,43.4291104060712,6373,2,octagram
8185,62.411102817110276,45.977454758064226,8153,4,stroke_kai
8186,88.10557903490141,60.423886454250926,9822,5,text_en_1919
8187,68.3999535921348,44.21480307513913,8276,4,stroke_kai
8188,67.01449036660084,67.94729215878652,4614,2,octagram
8189,85.88549693477869,62.79353979083485,9753,5,text_en_1919
8190,67.73670897561661,65.22816754393087,4585,2,octagram
8191,76.74377153636237,53.73139671451142,6523,2,octagram
8192,48.6639418630988,6.518629804456482,1735,0,outer_ring
8193,61.51996116797224,53.14119690316124,7886,4,stroke_kai
8194,84.34671137618899,60.27869294010693,9826,5,text_en_1919
8195,59.9251507695871,46.64343879294325,8165,4,stroke_kai
8196,91.90448417550762,61.180433378681116,9786,5,text_en_1919
8197,44.69433430089492,49.60174585630692,7004,3,stroke_nan
8198,91.77902250250632,49.29900698540233,10252,5,text_en_1919
8199,84.77705544064769,71.07051918285704,9453,5,text_en_1919
8200,60.44171496136858,54.98042468627764,7829,4,stroke_kai
8201,81.45657367861004,59.53791982398899,3304,1,inner_ring
8202,48.51003131284594,56.10099660616433,6745,3,stroke_nan
8203,53.541059791780775,4.024527501973612,2140,0,outer_ring
8204,56.43979836643727,8.753823054548182,2426,0,outer_ring
8205,52.86742000673687,21.43428231247406,4108,1,inner_ring
8206,50.83495344473504,14.537469809910679,11140,5,text_en_1919
8207,79.51282907440736,25.59163331029975,10823,5,text_en_1919
8208,65.30779060876199,12.644262476601968,11292,5,text_en_1919
8209,49.25300681815845,12.457257522877407,11227,5,text_en_1919
8210,60.20139331525539,5.588117004956152,2730,0,outer_ring
8211,66.12870505974102,6.007623854594653,3058,0,outer_ring
8212,62.53353971361332,7.827549829625268,2908,0,outer_ring
8213,58.32093678024101,6.366046468883771,2593,0,outer_ring
8214,46.91293368957773,24.04201801388834,5836,2,octagram
8215,62.94842903867962,4.025319143621085,2888,0,outer_ring
8216,57.33647415839922,5.3256921353650615,2488,0,outer_ring
8217,50.63818644000023,4.588893232286441,1892,0,outer_ring
8218,52.097409977177634,16.12894353301604,11073,5,text_en_1919
8219,48.290495799089314,5.798733651713642,1719,0,outer_ring
8220,64.59992398366226,21.19966333854485,6044,2,octagram
8221,67.55707162195179,23.475802490347064,4219,1,inner_ring
8222,68.12512159367384,16.280147793563625,11029,5,text_en_1919
8223,92.45601220735186,39.13591631741183,10748,5,text_en_1919
8224,66.3881117473824,49.55161190871173,8028,4,stroke_kai
8225,80.75850540395072,45.27555926962556,4405,1,inner_ring
8226,86.3220948844604,57.19904278344087,9974,5,text_en_1919
8227,66.895804866318,30.168681788259313,6141,2,octagram
8228,78.1791832336504,40.734016334943554,6344,2,octagram
8229,78.78307877844956,37.22853867273723,6303,2,octagram
8230,47.70263677495104,18.22639636153964,4077,1,inner_ring
8231,45.38223211112484,14.059770570275289,11116,5,text_en_1919
8232,65.31819238522405,48.74611467572652,8057,4,stroke_kai
8233,43.20927704273696,87.77085791979643,1041,0,outer_ring
8234,53.142472230580914,88.37612847716038,362,0,outer_ring
8235,49.7603833507541,80.16641695244915,9035,5,text_en_1919
8236,51.75969353310744,90.6631361469595,436,0,outer_ring
8237,48.84121944291546,89.97061136859168,652,0,outer_ring
8238,42.222950163936346,87.76526444239626,1089,0,outer_ring
8239,34.83942547546368,69.68821602018691,3665,1,inner_ring
8240,59.69958926603376,85.56787072537523,8627,5,text_en_1919
8241,35.495729432799585,71.67557283652273,9405,5,text_en_1919
8242,32.630239561338456,44.52819670407963,5398,2,octagram
8243,25.379712395683143,64.96134531410335,9700,5,text_en_1919
8244,21.326417371068317,48.8462650597993,10279,5,text_en_1919
8245,18.916607714871688,38.212702311273816,10749,5,text_en_1919
8246,18.8373513791241,49.375391029203904,10278,5,text_en_1919
8247,37.93801995390503,44.25638210069221,7252,3,stroke_nan
8248,24.386176049214054,38.666120574849685,10728,5,text_en_1919
8249,51.814707299460075,58.23228545844745,6635,3,stroke_nan
8250,48.2516167793493,34.950546390487,7571,3,stroke_nan
8251,44.64278008594482,8.469741019979006,1570,0,outer_ring
8252,39.91408653587978,62.37988397329936,5104,2,octagram
8253,46.198349401573545,59.641965897178,6596,3,stroke_nan
8254,42.31977300718885,54.817599904473624,6764,3,stroke_nan
8255,41.054989196227844,31.510265229457964,5671,2,octagram
8256,43.53942826892983,46.51316201868881,7119,3,stroke_nan
8257,61.530375724218445,6.149396663912766,2821,0,outer_ring
8258,28.842367584966645,60.477143902731065,3736,1,inner_ring
8259,39.90761360975338,86.82704659408414,1188,0,outer_ring
8260,40.35932661394919,88.16162324134949,1160,0,outer_ring
8261,50.00704120679094,60.66159953063922,6591,3,stroke_nan
8262,44.53407477328361,86.07690421048854,991,0,outer_ring
8263,57.87434704646585,88.69715769089386,133,0,outer_ring
8264,43.3561741158357,74.50094902666183,3598,1,inner_ring
8265,50.447609444840346,52.79155760581248,6797,3,stroke_nan
8266,64.17394398260036,39.18420086615455,8414,4,stroke_kai
8267,44.828102653625066,49.74201728198333,7003,3,stroke_nan
8268,49.82335232646466,16.274444970243874,10963,5,text_en_1919
8269,50.434272902965574,45.79060822145569,7140,3,stroke_nan
8270,56.43754079591261,43.84197718320504,8239,4,stroke_kai
8271,53.47079119908004,4.766322473863125,2135,0,outer_ring
8272,41.58395137301514,31.423859510784155,5678,2,octagram
8273,42.192274425665246,6.955564281116691,1525,0,outer_ring
8274,39.71563905896177,47.9578320002107,7056,3,stroke_nan
8275,35.267183079429,35.98131220145002,5574,2,octagram
8276,40.21036760172874,31.067049930164302,5676,2,octagram
8277,39.12220701647737,46.169471706571684,7170,3,stroke_nan
8278,31.5305031660689,44.77291626319791,5403,2,octagram
8279,31.53861013326192,32.18189430489275,3936,1,inner_ring
8280,45.89596353344541,56.68156643022555,6674,3,stroke_nan
8281,51.67975555648507,36.67334275595001,7498,3,stroke_nan
8282,47.724911778531045,10.416312254936956,11247,5,text_en_1919
8283,49.51685768558821,5.5390231590718155,1799,0,outer_ring
8284,41.13591479612584,25.655822795621088,5736,2,octagram
8285,60.449628988736485,6.6980642979819045,2753,0,outer_ring
8286,53.67846861681462,15.041283423176626,11120,5,text_en_1919
8287,74.37353568727447,25.518284707562614,4261,1,inner_ring
8288,67.55589188525028,47.87478087603287,8073,4,stroke_kai
8289,63.568294717462514,36.396908631415,8502,4,stroke_kai
8290,60.73136088746739,37.95849908078894,8478,4,stroke_kai
8291,75.36309882336182,35.596941039385555,6246,2,octagram
8292,46.94828024932827,12.595965443244102,11211,5,text_en_1919
8293,79.9343946210834,34.08301468433918,4326,1,inner_ring
8294,93.40654348815355,43.3407546160889,10536,5,text_en_1919
8295,74.360821193729,29.254916168134482,4279,1,inner_ring
8296,66.76914851326464,18.425917203660745,10887,5,text_en_1919
8297,78.13275666605797,58.4250950588942,4443,2,octagram
8298,64.4690449882231,43.296299812326154,8292,4,stroke_kai
8299,52.72617547687277,89.93804893540222,388,0,outer_ring
8300,46.14046477325533,70.72186643308757,4926,2,octagram
8301,36.4862386678367,27.19592288569503,3986,1,inner_ring
8302,51.62281279715667,89.81540220511918,448,0,outer_ring
8303,60.11519713234721,85.08252305237868,8642,5,text_en_1919
8304,63.33429622400939,79.52396120693078,9157,5,text_en_1919
8305,44.406508276882775,89.15617434570595,961,0,outer_ring
8306,67.63468678907326,74.76839290026136,9361,5,text_en_1919
8307,50.79285467292771,88.61206831637972,510,0,outer_ring
8308,47.17432805363741,70.51576277626499,4914,2,octagram
8309,53.03765506411561,89.76847336090587,365,0,outer_ring
8310,46.74086513351495,71.40910265934293,4920,2,octagram
8311,55.418707390735435,25.804677703591906,5927,2,octagram
8312,26.87253800947534,58.724188406626745,3748,1,inner_ring
8313,20.21523660348906,59.596007658629,9905,5,text_en_1919
8314,33.36185125953879,84.57233516460826,1331,0,outer_ring
8315,53.17957940288513,89.19357926187185,359,0,outer_ring
8316,67.45385210154654,65.32738270980798,4586,2,octagram
8317,42.04435570716476,87.49681620778088,1101,0,outer_ring
8318,54.772567823541294,84.38468293391826,8639,5,text_en_1919
8319,41.047167591867904,87.72624796643665,1136,0,outer_ring
8320,79.33348861123825,38.017794618149914,6322,2,octagram
8321,62.55944620443536,58.8928936241539,7685,4,stroke_kai
8322,63.59474139885276,49.64067627583124,8033,4,stroke_kai
8323,56.96912967239703,75.7038210883493,3507,1,inner_ring
8324,83.28716692604165,72.11194781807309,9437,5,text_en_1919
8325,89.36820942862798,48.47997600872233,10355,5,text_en_1919
8326,63.89462870028089,22.73904847412069,6040,2,octagram
8327,83.63563653818692,61.70794119261271,9771,5,text_en_1919
8328,63.54851698179926,72.07106714182126,4706,2,octagram
8329,81.8657468646693,58.100081839099474,3299,1,inner_ring
8330,87.40346402211934,53.05090047185607,10111,5,text_en_1919
8331,93.13689110719064,48.17714548088138,10359,5,text_en_1919
8332,64.99594268764638,55.98327916485147,7783,4,stroke_kai
8333,75.40695567774816,45.696739849678366,6413,2,octagram
8334,65.31381687413504,25.871985441009578,6084,2,octagram
8335,65.04559114712352,39.15328092782699,8427,4,stroke_kai
8336,41.957624464029045,17.77256820189131,10946,5,text_en_1919
8337,85.80027119126645,54.59725076757682,10071,5,text_en_1919
8338,54.28343768209003,84.57710070543921,8648,5,text_en_1919
8339,58.2864170925008,26.12410809219266,5954,2,octagram
8340,77.44945795867191,59.45187353925823,4454,2,octagram
8341,86.41646102464068,62.435792629479955,9767,5,text_en_1919
8342,65.54379694932103,52.16675960679146,7916,4,stroke_kai
8343,64.36215183024834,7.64042178676406,3007,0,outer_ring
8344,91.63126215162647,53.701357928098794,10078,5,text_en_1919
8345,57.15101512585527,6.013017328802515,2479,0,outer_ring
8346,67.23342095954533,7.916051053779575,3107,0,outer_ring
8347,72.50563967146986,8.74415600414254,3190,0,outer_ring
8348,55.84696965189562,5.36199899813636,2350,0,outer_ring
8349,63.709107502807356,22.40169451237491,6036,2,octagram
8350,68.24243572375009,41.989403568236575,8320,4,stroke_kai
8351,57.59244897170719,6.614481112338453,2529,0,outer_ring
8352,41.788605871198136,29.9269972236269,5698,2,octagram
8353,38.84231091175429,13.33816914990968,11244,5,text_en_1919
8354,50.88293987452274,26.853743721869073,7556,3,stroke_nan
8355,60.54374470022469,6.592059925604088,2758,0,outer_ring
8356,70.27635773665355,23.83071880660701,4232,1,inner_ring
8357,51.92038685020688,7.000795806361347,1990,0,outer_ring
8358,55.93466441087807,5.621365693895926,2358,0,outer_ring
8359,43.85117397623765,59.373724282292024,6605,3,stroke_nan
8360,56.023812743030646,19.58458923400908,4133,1,inner_ring
8361,45.06536778090682,22.844604298749413,5809,2,octagram
8362,50.45699442732024,7.194047150914284,1864,0,outer_ring
8363,50.79105692764944,16.483166797478834,10978,5,text_en_1919
8364,49.890146838261806,6.8480803611787024,1817,0,outer_ring
8365,67.82655818974716,44.334481794468644,8254,4,stroke_kai
8366,72.6860367430147,10.957800703585848,3204,0,outer_ring
8367,91.1887947752841,48.89174884604046,10303,5,text_en_1919
8368,76.60183654150846,35.88661274215599,6262,2,octagram
8369,44.068811121087585,6.692199014246549,1563,0,outer_ring
8370,92.38552370547933,48.87050876503086,10265,5,text_en_1919
8371,56.34996306058954,6.020823205706723,2406,0,outer_ring
8372,45.9864212302624,37.94347114333361,7484,3,stroke_nan
8373,45.02134801627853,6.668485897270523,1590,0,outer_ring
8374,81.50016438815292,67.57647794348914,9573,5,text_en_1919
8375,52.65897774446351,90.08059995439451,393,0,outer_ring
8376,52.76613327950014,90.31192123790017,384,0,outer_ring
8377,46.15936187249624,87.89491340463921,867,0,outer_ring
8378,41.19527176060215,87.57110096407295,1133,0,outer_ring
8379,53.13922938999266,80.01453632960008,9046,5,text_en_1919
8380,59.16076913206945,88.15576166067358,8589,5,text_en_1919
8381,34.89222110456827,74.43484578050777,9388,5,text_en_1919
8382,54.3950499940741,83.94053048025565,8658,5,text_en_1919
8383,29.741919470007943,74.9692170209144,9369,5,text_en_1919
8384,19.32116526932354,51.36876149461791,10174,5,text_en_1919
8385,18.970091448309965,53.55443058817722,10154,5,text_en_1919
8386,26.495777411621745,68.620339041123,9557,5,text_en_1919
8387,24.431074468217112,59.76650050087366,9860,5,text_en_1919
8388,14.226206547833899,57.45419065069757,1394,0,outer_ring
8389,24.002330987001674,37.370990283424604,10759,5,text_en_1919
8390,23.27767341207378,59.829055552004014,9875,5,text_en_1919
8391,36.978496678151345,26.77119176298983,3993,1,inner_ring
8392,29.152632128081194,33.86134451895287,3919,1,inner_ring
8393,37.75574102740543,24.66522571493316,4008,1,inner_ring
8394,25.48397059353146,40.84725339335374,3870,1,inner_ring
8395,28.10276521050425,36.327588542540965,3899,1,inner_ring
8396,51.44723463333919,69.51559066120025,4857,2,octagram
8397,39.3196245959372,31.999693899674426,5665,2,octagram
8398,46.5243434956263,59.44395841905419,6612,3,stroke_nan
8399,62.44423779557876,73.00349697472538,4716,2,octagram
8400,53.21844054462465,89.74209394454563,355,0,outer_ring
8401,46.708034301385304,78.21144198454947,9260,5,text_en_1919
8402,58.99709949308571,83.79658241032988,8729,5,text_en_1919
8403,47.54860174211941,89.78711133233709,745,0,outer_ring
8404,79.01746402955891,58.08501699853602,4435,2,octagram
8405,54.515058601137206,90.78161218069482,282,0,outer_ring
8406,50.04421635794536,91.7699045535702,544,0,outer_ring
8407,86.25929864023368,59.69636813647345,9856,5,text_en_1919
8408,54.58925858880331,79.44327843198667,9071,5,text_en_1919
8409,54.07345128992675,5.4969821226216515,2184,0,outer_ring
8410,39.11568757449719,48.60628040624791,7024,3,stroke_nan
8411,27.841861151572726,28.194478697443657,10803,5,text_en_1919
8412,58.1101772056065,4.073842367059111,2557,0,outer_ring
8413,62.171564787137214,6.884651680581189,2873,0,outer_ring
8414,51.58885279494572,45.0382050951604,7189,3,stroke_nan
8415,54.16877390091665,26.58133822920123,5891,2,octagram
8416,30.360891901216018,36.34352143572362,5521,2,octagram
8417,40.96579315779888,31.59220615872268,5673,2,octagram
8418,48.09912558535597,50.124319661429055,6957,3,stroke_nan
8419,51.4245754134706,51.4196176089562,6818,3,stroke_nan
8420,53.87002819040495,20.482052326633518,4119,1,inner_ring
8421,43.385279480739676,15.64646760391355,11011,5,text_en_1919
8422,28.07975206781713,36.070326355028044,3902,1,inner_ring
8423,36.31460160019586,11.782702993112245,1435,0,outer_ring
8424,51.500645371244815,41.91619503335143,7290,3,stroke_nan
8425,37.80931803753548,9.928950952008647,1446,0,outer_ring
8426,51.568374386646816,44.48391186583576,7209,3,stroke_nan
8427,57.10252486094909,6.29298172902945,2476,0,outer_ring
8428,23.241513823954715,48.613047647190044,10270,5,text_en_1919
8429,50.60295677638816,7.084035074917087,1873,0,outer_ring
8430,68.55363757155224,9.367164648180081,3147,0,outer_ring
8431,49.29139781269011,88.67700023031695,624,0,outer_ring
8432,93.50422281503123,45.30829412811077,10532,5,text_en_1919
8433,76.47917160918489,45.65768682021152,6401,2,octagram
8434,41.3382439587739,61.5254990646205,5097,2,octagram
8435,68.33494416895176,46.71569598850503,8122,4,stroke_kai
8436,78.5895091419904,58.83820092026896,4441,2,octagram
8437,77.06533115946165,54.871645202182464,6535,2,octagram
8438,35.47354309065408,68.90895378784691,3666,1,inner_ring
8439,88.48807039404129,47.70652045971111,10390,5,text_en_1919
8440,40.792762741578024,62.501912651065744,5090,2,octagram
8441,63.832664407989164,74.30463374908774,3452,1,inner_ring
8442,26.958521268576483,68.83274543362867,9558,5,text_en_1919
8443,49.34476681532354,84.89051539813278,8590,5,text_en_1919
8444,43.31767282816943,81.41253458275185,8985,5,text_en_1919
8445,54.21337636463212,89.10183158367975,302,0,outer_ring
8446,42.6674960412058,86.74257216845601,1081,0,outer_ring
8447,42.44056355099123,89.53623560371881,1056,0,outer_ring
8448,32.479019920153505,75.15887913088967,9348,5,text_en_1919
8449,46.02640293224251,71.7124188459481,4932,2,octagram
8450,49.725033959165216,85.22315409252968,8597,5,text_en_1919
8451,47.388328710119346,52.817426990885615,6855,3,stroke_nan
8452,49.7399360341465,76.04459006686,3557,1,inner_ring
8453,18.177370901449173,42.28886476940001,10616,5,text_en_1919
8454,31.50408580561395,44.694425973879056,5404,2,octagram
8455,37.947678618853864,62.5534762926458,5118,2,octagram
8456,58.96715006466256,78.32333726962719,9208,5,text_en_1919
8457,36.81917113959648,80.26053126219725,9103,5,text_en_1919
8458,62.971844088906366,74.17814020206954,3457,1,inner_ring
8459,55.54487282989651,88.95319362832407,223,0,outer_ring
8460,73.16767712517029,80.85180115590849,9020,5,text_en_1919
8461,52.35705196347411,78.27448466439355,9163,5,text_en_1919
8462,45.90123571230809,88.33736870777372,880,0,outer_ring
8463,58.80347704951412,52.03051487539301,7926,4,stroke_kai
8464,77.31333672055374,64.55810459885926,3347,1,inner_ring
8465,85.31350536938669,42.224564715168185,10650,5,text_en_1919
8466,46.059752871196906,71.99906434202063,4936,2,octagram
8467,66.75387758080515,67.79003218819358,4612,2,octagram
8468,90.38905986533001,61.41303929398371,9796,5,text_en_1919
8469,63.06749132429297,59.63216460253023,7656,4,stroke_kai
8470,85.60633750391547,57.57329433532317,9970,5,text_en_1919
8471,33.55601083898745,50.97616021071589,5330,2,octagram
8472,54.051228106957204,53.49877853055029,4828,2,octagram
8473,71.6813632255539,61.4995173501851,4534,2,octagram
8474,73.5015860847172,37.90909967226889,6237,2,octagram
8475,93.9531119451081,49.426138944783325,10254,5,text_en_1919
8476,55.66768273256479,5.765002492780903,2339,0,outer_ring
8477,58.33664394512162,88.73700689778475,111,0,outer_ring
8478,65.50940410275173,8.198002350006073,3056,0,outer_ring
8479,79.51072222924896,56.380284178290246,6563,2,octagram
8480,87.16349886321879,53.18130614958274,10118,5,text_en_1919
8481,87.67288588460053,64.01216640844186,9727,5,text_en_1919
8482,86.45632006840121,63.453564205072865,9738,5,text_en_1919
8483,75.45898196648656,34.28549297627103,6244,2,octagram
8484,56.468546064351614,18.240183001568727,10953,5,text_en_1919
8485,53.26143992773931,20.801458901360267,4109,1,inner_ring
8486,58.420287462944664,10.253030724656249,11335,5,text_en_1919
8487,58.039648920441955,5.883563839282333,2568,0,outer_ring
8488,69.33476828390044,34.15708274471329,6182,2,octagram
8489,56.24159219993629,33.62577319852341,8541,4,stroke_kai
8490,81.6011207343123,27.17594862125849,10802,5,text_en_1919
8491,49.09877721843215,7.048171040315871,1758,0,outer_ring
8492,47.478933494998245,15.680242039060449,10949,5,text_en_1919
8493,61.02562111773862,6.543260729936834,2799,0,outer_ring
8494,51.53848755821083,5.771460487321535,1966,0,outer_ring
8495,48.97235028127775,7.217724989952682,1748,0,outer_ring
8496,51.60331334244867,5.002216408829092,1975,0,outer_ring
8497,56.54008995951888,5.789606454163006,2420,0,outer_ring
8498,52.60941450858892,5.0703885595618905,2048,0,outer_ring
8499,80.44425175067016,25.7972543519722,10836,5,text_en_1919
8500,50.84486548130787,6.683591474169492,1896,0,outer_ring
8501,50.986324129799414,41.758233142431486,7315,3,stroke_nan
8502,55.45603260915317,4.541786028592467,2308,0,outer_ring
8503,70.94962156753508,9.365846169452581,3179,0,outer_ring
8504,58.47168535877721,11.968877486885713,11303,5,text_en_1919
8505,64.19991199859349,21.454275570178524,6041,2,octagram
8506,74.90689896642296,31.56200183852992,4289,1,inner_ring
8507,61.94461923431924,44.39456453037629,8237,4,stroke_kai
8508,78.05744731361371,31.845616764704314,4306,1,inner_ring
8509,82.60616718550824,53.607847234558065,3263,1,inner_ring
8510,51.691308122964166,81.59721274698339,8858,5,text_en_1919
8511,79.46994705783644,37.50722304520237,6319,2,octagram
8512,52.3539064880094,13.818844604033615,11169,5,text_en_1919
8513,63.587211174871925,26.95885098479012,6094,2,octagram
8514,53.38707409049485,6.2475584211414645,2124,0,outer_ring
8515,49.7164499664928,48.18394950153136,7059,3,stroke_nan
8516,57.18749995723158,61.107808062309516,7627,4,stroke_kai
8517,37.73047164073624,70.91745276071913,3642,1,inner_ring
8518,54.12440073843745,88.8241967497682,304,0,outer_ring
8519,26.507016228021566,50.310609874285795,3806,1,inner_ring
8520,50.76760435082133,89.5885471507899,503,0,outer_ring
8521,32.083311767010215,72.22433121372876,9431,5,text_en_1919
8522,52.07153284918461,89.61810849928054,420,0,outer_ring
8523,31.431991434575888,75.4245929398161,9343,5,text_en_1919
8524,27.69323735384021,66.11100738025776,9641,5,text_en_1919
8525,50.63495628018359,88.74936502876561,522,0,outer_ring
8526,38.33851861854258,52.88599869092388,6833,3,stroke_nan
8527,40.217375850221885,70.41485514803358,3628,1,inner_ring
8528,40.697004622511145,86.76696697626431,1163,0,outer_ring
8529,29.309223504127324,63.384342846596326,9719,5,text_en_1919
8530,38.4479682900327,41.48503846764799,7350,3,stroke_nan
8531,40.56593138908837,18.012114360262125,10916,5,text_en_1919
8532,18.01152941282682,42.00371643661288,10629,5,text_en_1919
8533,32.415141854011075,37.01454497713704,5544,2,octagram
8534,30.175955548435486,54.644309490103424,5277,2,octagram
8535,41.24696607889013,22.398801055130246,4038,1,inner_ring
8536,27.92099116568444,68.52236900519578,9569,5,text_en_1919
8537,41.874696912092794,51.653960695050515,6916,3,stroke_nan
8538,21.23878940888125,51.136451008345986,10197,5,text_en_1919
8539,41.640873783195126,56.30035849845021,6701,3,stroke_nan
8540,46.08641539788777,7.242469059600471,1626,0,outer_ring
8541,73.07268968835768,24.693714529081557,4250,1,inner_ring
8542,37.797522944021225,61.28977768848444,5126,2,octagram
8543,49.159653409165145,89.48980692854289,629,0,outer_ring
8544,45.012173455868584,74.16320905516856,3587,1,inner_ring
8545,77.2182446037105,37.72531581817773,6275,2,octagram
8546,68.69236874836011,66.1754574142,4590,2,octagram
8547,46.161766114533144,88.72784147729027,860,0,outer_ring
8548,52.36988657838034,42.40350567533629,7375,3,stroke_nan
8549,61.67383591881081,57.28664689844778,7727,4,stroke_kai
8550,52.14819789993155,6.107443801548886,2010,0,outer_ring
8551,45.64377273636085,7.683162179836282,1603,0,outer_ring
8552,52.685439792591595,5.36432060522712,2053,0,outer_ring
8553,53.97507204555425,6.335489889095065,2177,0,outer_ring
8554,48.837017908283094,14.24683630638102,11014,5,text_en_1919
8555,73.37417062795807,10.26607892617284,3205,0,outer_ring
8556,36.49805516000566,24.562408866947692,3998,1,inner_ring
8557,27.57802632902901,37.55965231080331,3894,1,inner_ring
8558,31.47063197617471,35.68392993217533,5539,2,octagram
8559,56.37693552520881,36.2051834442516,8519,4,stroke_kai
8560,75.34869515347602,36.8386273254866,6250,2,octagram
8561,40.52952450128411,62.456887074962026,5094,2,octagram
8562,18.69366991867849,62.49331932308079,9745,5,text_en_1919
8563,29.976821958592424,32.743509902747476,3927,1,inner_ring
8564,39.58154764600332,20.41912055337802,10865,5,text_en_1919
8565,44.64995821330872,6.5181303949683675,1578,0,outer_ring
8566,35.37347456656683,27.50241020964952,3979,1,inner_ring
8567,49.67959169069558,8.930614716427128,11324,5,text_en_1919
8568,56.041029469477806,51.59423969087217,7848,4,stroke_kai
8569,53.17417493339917,6.40379971239549,2104,0,outer_ring
8570,44.69749921136612,24.133083764167843,5790,2,octagram
8571,52.07784315069417,6.786809916078745,2004,0,outer_ring
8572,50.0327650948526,6.511769935190483,1828,0,outer_ring
8573,64.02531159075909,35.30080290508125,8535,4,stroke_kai
8574,45.20357781796353,87.24705737739043,939,0,outer_ring
8575,58.09119877606563,68.83618096384401,4777,2,octagram
8576,55.578016137749664,27.257158167021025,5923,2,octagram
8577,53.032571378096605,87.19684209265446,370,0,outer_ring
8578,69.4655946266878,47.175863728449734,6448,2,octagram
8579,86.2616028588639,49.10032476178953,10311,5,text_en_1919
8580,40.33483944023386,61.758840489801585,5102,2,octagram
8581,77.00968402301743,52.072375211271876,6505,2,octagram
8582,80.35593960140392,35.612026251380136,4340,1,inner_ring
8583,63.60051539921961,83.21602135194735,8752,5,text_en_1919
8584,36.152082144747204,85.79064348319841,1289,0,outer_ring
8585,56.360023518407445,89.2300751656576,190,0,outer_ring
8586,43.26165942272404,88.63421821614908,1028,0,outer_ring
8587,53.75544673464237,91.0630030232865,319,0,outer_ring
8588,66.25656882167509,85.42124245529013,8742,5,text_en_1919
8589,52.366273817678454,82.77809507490123,8789,5,text_en_1919
8590,47.63496089566747,88.4922142538876,754,0,outer_ring
8591,39.98490126369662,39.88637720393477,7430,3,stroke_nan
8592,52.65449578713503,89.58696115511123,394,0,outer_ring
8593,48.91200082602691,74.61626272548152,4902,2,octagram
8594,59.46121308822036,89.84400560279568,87,0,outer_ring
8595,28.165096867444927,63.10803493542291,9726,5,text_en_1919
8596,29.422607868141085,32.37960051565715,3928,1,inner_ring
8597,27.797532746260682,36.624871425282045,5504,2,octagram
8598,66.97934836254115,63.80440390500299,4573,2,octagram
8599,68.37308388840579,72.59669303481145,3427,1,inner_ring
8600,62.08782625087857,85.41126596371338,8653,5,text_en_1919
8601,55.94676716204677,51.78592452457927,7842,4,stroke_kai
8602,50.77781459783839,78.26168843273442,9106,5,text_en_1919
8603,58.07639240532443,70.00979506145724,4774,2,octagram
8604,64.51563545052817,79.49429570294839,9132,5,text_en_1919
8605,60.21960760595427,82.04509625955212,8885,5,text_en_1919
8606,56.27876264121559,46.607516466787196,8120,4,stroke_kai
8607,47.21220422659396,53.640791072554016,6778,3,stroke_nan
8608,60.3597539365621,83.24097519634229,8773,5,text_en_1919
8609,76.39357360152704,79.13548141591777,9236,5,text_en_1919
8610,92.35351644411435,59.70270880482871,9833,5,text_en_1919
8611,70.26296149240599,61.75979033926841,4549,2,octagram
8612,89.78676782720426,54.303175394098545,10066,5,text_en_1919
8613,75.31403065795507,79.28000756442833,9235,5,text_en_1919
8614,75.5838290253159,51.384454941499385,6494,2,octagram
8615,82.01637509058658,48.26177266567908,3229,1,inner_ring
8616,78.49857023932798,56.90441076085298,6559,2,octagram
8617,74.0588668902741,60.83571602440539,4507,2,octagram
8618,41.70671301107769,62.988148622780905,5080,2,octagram
8619,73.44468743295255,47.41117665488056,6438,2,octagram
8620,57.25064469834061,38.85033884453748,8438,4,stroke_kai
8621,63.39264917601871,72.3650161201887,4707,2,octagram
8622,62.56595416632574,23.03283633228819,6030,2,octagram
8623,40.17296291128983,32.92413787536017,5649,2,octagram
8624,92.32867598321545,52.78652045907266,10089,5,text_en_1919
8625,51.54956257294163,14.525423414829179,11148,5,text_en_1919
8626,90.7868124602562,46.67362379138955,10473,5,text_en_1919
8627,88.51303695049835,53.77799620706518,10095,5,text_en_1919
8628,68.32044768727654,40.04538287219159,8376,4,stroke_kai
8629,52.53978598736066,6.107273087317467,2042,0,outer_ring
8630,59.599337625828944,5.991981018598661,2692,0,outer_ring
8631,61.02262509620946,19.700100260412356,4164,1,inner_ring
8632,55.1523112087244,7.382342967677878,2278,0,outer_ring
8633,57.626349280555296,10.890925493600918,11330,5,text_en_1919
8634,51.9077916542072,50.28587402210238,6939,3,stroke_nan
8635,57.67139594103871,5.673561626562437,2530,0,outer_ring
8636,52.974452312746436,5.18293727853038,2085,0,outer_ring
8637,39.33356708316467,24.574948344891663,4017,1,inner_ring
8638,59.90286461171062,5.405461169557226,2709,0,outer_ring
8639,44.89125044269978,26.872192043736714,5737,2,octagram
8640,52.18496980560561,6.262264467178909,2013,0,outer_ring
8641,58.79308787001458,14.661276914880709,11122,5,text_en_1919
8642,59.17829467674234,6.4240739475306015,2662,0,outer_ring
8643,56.96705615928494,39.687812414976854,8429,4,stroke_kai
8644,51.072055317976975,6.328548188095273,1909,0,outer_ring
8645,51.4689022692709,6.094449287735614,1957,0,outer_ring
8646,60.24687799548484,4.377815938805683,2723,0,outer_ring
8647,58.69910452514388,24.3641712730183,5957,2,octagram
8648,63.09708606842335,6.299512265258775,2924,0,outer_ring
8649,58.723583631776755,10.743033011828658,11315,5,text_en_1919
8650,65.09111009468634,38.600967065228,8443,4,stroke_kai
8651,81.72565618280044,68.9834577590906,9520,5,text_en_1919
8652,76.78574670104139,60.646128206590134,4473,2,octagram
8653,85.58248781770156,55.9582325656721,9986,5,text_en_1919
8654,75.85778151070012,52.910507483889845,6510,2,octagram
8655,56.281780137992776,24.98333187277346,5941,2,octagram
8656,69.10050084955978,7.996973797953634,3149,0,outer_ring
8657,60.39669328817367,6.2776535951013805,2747,0,outer_ring
8658,57.378870005947086,89.45357837535533,152,0,outer_ring
8659,47.956004344143274,88.63745360603686,724,0,outer_ring
8660,44.50664407129119,72.34828507686045,4947,2,octagram
8661,42.56776995105243,82.76997993543621,8843,5,text_en_1919
8662,48.510597700218916,81.03050602566448,8915,5,text_en_1919
8663,46.869205513388586,88.79593945504948,806,0,outer_ring
8664,43.13254769505232,88.44062832518934,1037,0,outer_ring
8665,36.90788589926035,46.21400309475088,7133,3,stroke_nan
8666,38.61280627586267,85.894161002068,1240,0,outer_ring
8667,52.49470252082521,83.16827945561313,8726,5,text_en_1919
8668,36.88958654962257,84.07046675040883,1293,0,outer_ring
8669,17.60344669254392,57.103424739019935,9979,5,text_en_1919
8670,17.866451881360593,58.85145898869739,9928,5,text_en_1919
8671,33.02965978838619,52.38065045934232,5309,2,octagram
8672,25.99852453266601,45.83244148522538,3836,1,inner_ring
8673,20.506419585206412,43.09792138591747,10573,5,text_en_1919
8674,31.14717037355593,35.64712501068381,5532,2,octagram
8675,31.598917993816286,42.07807898454701,5428,2,octagram
8676,18.766966464158955,43.89374906488046,10571,5,text_en_1919
8677,21.68748957843771,37.5954832282432,10758,5,text_en_1919
8678,61.98829492475841,7.47608271771385,2870,0,outer_ring
8679,56.5332303236192,69.29391305550365,4794,2,octagram
8680,40.38209758210247,52.108819730079325,6882,3,stroke_nan
8681,38.73324097514116,47.074849614745084,7078,3,stroke_nan
8682,40.34872512746431,60.45956303987146,5106,2,octagram
8683,39.64610740798649,21.961711398798766,10862,5,text_en_1919
8684,67.86812002790862,76.125311309476,9333,5,text_en_1919
8685,43.46524338752186,7.18100625564032,1544,0,outer_ring
8686,52.16184806828561,60.2983207185256,6617,3,stroke_nan
8687,59.77871123947855,56.98681251847921,7766,4,stroke_kai
8688,63.93413946134317,56.87500398597254,7732,4,stroke_kai
8689,56.596819815552664,89.63038031933078,178,0,outer_ring
8690,59.4923038663845,69.64772889783819,4764,2,octagram
8691,48.64031546640359,49.63463554104339,6968,3,stroke_nan
8692,52.94952589831252,45.739482104018265,7177,3,stroke_nan
8693,51.25313847770877,76.19905795860159,3549,1,inner_ring
8694,64.19056296639418,5.682178764653304,2978,0,outer_ring
8695,46.414022351081584,5.050569870980634,1653,0,outer_ring
8696,55.36917432818882,5.556253356910519,2299,0,outer_ring
8697,68.68794345598425,30.945147960008924,6159,2,octagram
8698,41.58310586187974,16.564419307213537,11045,5,text_en_1919
8699,45.09761394046872,73.30837958632154,4945,2,octagram
8700,61.7331991138193,22.4769567628838,6018,2,octagram
8701,44.128840168690395,26.75337034382753,5733,2,octagram
8702,50.61062089906749,5.7811353328714326,1882,0,outer_ring
8703,27.787338396891098,27.032465836429893,10809,5,text_en_1919
8704,68.30644921251526,8.081611558094052,3129,0,outer_ring
8705,42.66875050417677,5.745222872608958,1538,0,outer_ring
8706,42.89474856134885,49.43452914111804,7012,3,stroke_nan
8707,32.891218312654495,30.393742667058177,3950,1,inner_ring
8708,64.36557798994026,25.432261102346736,6077,2,octagram
8709,47.35436198104516,6.761424001403472,1677,0,outer_ring
8710,41.80158567530473,8.639915584847774,1506,0,outer_ring
8711,50.71057125017342,40.74173473551108,7352,3,stroke_nan
8712,53.66580126069052,7.371492705303808,2144,0,outer_ring
8713,55.8091998251356,6.443883474111431,2351,0,outer_ring
8714,37.31097935150599,23.967967296558374,4009,1,inner_ring
8715,64.04472463659984,8.697792590667813,3005,0,outer_ring
8716,40.912130356710726,13.987000980107313,11275,5,text_en_1919
8717,45.485880675228685,21.625278129250397,5802,2,octagram
8718,53.719830219275565,26.014330661895183,5887,2,octagram
8719,74.96933609237483,44.72685453327072,6403,2,octagram
8720,86.31504387997691,57.798320629295795,9957,5,text_en_1919
8721,53.18050296428966,60.3096686101239,4829,2,octagram
8722,93.30614998182749,53.730100086642324,10079,5,text_en_1919
8723,85.44282982212678,41.31770550247494,10658,5,text_en_1919
8724,55.947004530624625,32.87690759046048,8562,4,stroke_kai
8725,62.82401345197898,81.91914014596362,8909,5,text_en_1919
8726,40.5334548979743,60.29291218167553,5099,2,octagram
8727,56.2785413331254,89.15301703775656,194,0,outer_ring
8728,46.53473945788766,87.76737640989927,850,0,outer_ring
8729,47.62730010652075,90.0973981098122,733,0,outer_ring
8730,69.0686840118206,85.38010136954803,8743,5,text_en_1919
8731,46.91175128415473,87.91857580275531,812,0,outer_ring
8732,73.80357537680949,66.91957164212342,3373,1,inner_ring
8733,37.17776733845347,61.27070322234327,5138,2,octagram
8734,44.18916886655909,87.17932406218642,995,0,outer_ring
8735,52.499041351983216,68.79171928060362,4846,2,octagram
8736,50.52747543821631,89.13346420393093,530,0,outer_ring
8737,23.096143705046163,48.31201798216294,10326,5,text_en_1919
8738,45.38416276404732,62.56690749839664,5038,2,octagram
8739,53.91121247459864,68.06330531273653,4841,2,octagram
8740,55.18590816262474,88.62310804250255,242,0,outer_ring
8741,50.118104357496314,89.87386667531868,554,0,outer_ring
8742,48.01639104019204,87.17782316885591,740,0,outer_ring
8743,62.512836936738154,60.66863538217017,7612,4,stroke_kai
8744,55.95208447304549,89.81564678608113,208,0,outer_ring
8745,61.3010175961071,88.43013683282356,55,0,outer_ring
8746,66.58088717819919,82.25857088661134,8877,5,text_en_1919
8747,53.40886289977809,79.1539909000413,9130,5,text_en_1919
8748,44.241838469628824,51.0131030325845,6961,3,stroke_nan
8749,66.54012240152727,54.80718320477552,7788,4,stroke_kai
8750,60.508618894202485,73.71501168504706,3476,1,inner_ring
8751,74.43003436080667,42.85769310802818,6386,2,octagram
8752,59.03219277271543,25.734303540957214,5980,2,octagram
8753,92.50093614499704,54.627678401042445,10042,5,text_en_1919
8754,62.04071666476245,60.072735272317,7615,4,stroke_kai
8755,83.46588469982662,59.11698422035493,9876,5,text_en_1919
8756,41.90263972068637,53.61453010365531,6813,3,stroke_nan
8757,84.85750267957523,41.36340278628537,10674,5,text_en_1919
8758,82.43794202526192,56.52374458146117,3285,1,inner_ring
8759,60.40425138832202,49.44333729431269,8015,4,stroke_kai
8760,63.86468931988656,7.035929076887796,2977,0,outer_ring
8761,91.99985954058702,49.834287406688794,10227,5,text_en_1919
8762,70.07132990543843,9.513194118891613,3170,0,outer_ring
8763,62.0598875207575,6.66145781982338,2859,0,outer_ring
8764,40.78297487040675,29.763758841754253,5695,2,octagram
8765,66.02149455404772,21.88172168079212,4203,1,inner_ring
8766,55.87620863595648,57.79829658862104,7675,4,stroke_kai
8767,93.46125139938563,49.268605220931605,10248,5,text_en_1919
8768,87.23734007522873,54.49598583192638,10073,5,text_en_1919
8769,66.12846306780912,27.34874001855388,6110,2,octagram
8770,68.16054564083345,16.522722089698693,11010,5,text_en_1919
8771,48.52470550879841,5.950121826147036,1728,0,outer_ring
8772,59.37395022496828,5.512720925689998,2668,0,outer_ring
8773,72.47378025374937,67.90573623967587,3382,1,inner_ring
8774,63.926351660057776,23.91281137249433,6058,2,octagram
8775,50.67495730631434,6.215730300413331,1885,0,outer_ring
8776,47.57088578954256,40.00644318528925,7414,3,stroke_nan
8777,62.599889153440564,22.492244091252218,6031,2,octagram
8778,59.51062304431843,7.0346512947747675,2693,0,outer_ring
8779,58.85820375399467,6.555885031456142,2639,0,outer_ring
8780,61.401351976409074,7.437437619400551,2826,0,outer_ring
8781,52.85011896392795,5.295550416975591,2073,0,outer_ring
8782,58.55696429476583,4.8370274225737795,2601,0,outer_ring
8783,64.03087022269142,36.04361259651543,8510,4,stroke_kai
8784,66.36357492494966,7.4292601869995405,3078,0,outer_ring
8785,49.54917999892244,5.826267502068527,1798,0,outer_ring
8786,69.59107587149464,9.53740870020619,3164,0,outer_ring
8787,51.04076349954625,7.9421799554201264,1902,0,outer_ring
8788,63.007533328014674,6.881827812753472,2926,0,outer_ring
8789,76.35208208739684,33.67420399994095,6254,2,octagram
8790,63.89548322453947,34.631212294733274,8557,4,stroke_kai
8791,59.47272011802015,6.289786229837558,2685,0,outer_ring
8792,75.41808949978943,65.30952929175817,3357,1,inner_ring
8793,62.477383887462274,59.295584470079014,7673,4,stroke_kai
8794,92.33515664300128,54.38617309670578,10049,5,text_en_1919
8795,82.32866015285818,38.817638518608376,4362,1,inner_ring
8796,60.58002120655762,8.725416091224432,2788,0,outer_ring
8797,57.58674625412313,4.478115933262244,2513,0,outer_ring
8798,42.41386995601632,24.677814160112913,5756,2,octagram
8799,50.23259575392788,58.416297186080584,6645,3,stroke_nan
8800,64.73305785335405,54.5412517798808,7824,4,stroke_kai
8801,44.94044098702515,89.51839546283365,923,0,outer_ring
8802,42.14747233756482,67.0482136795282,5027,2,octagram
8803,71.08005163995293,81.64999191217778,8924,5,text_en_1919
8804,47.85828392828903,88.55739087709831,735,0,outer_ring
8805,33.58940745917647,82.95550945159549,1335,0,outer_ring
8806,45.233572428852305,89.16199712730774,909,0,outer_ring
8807,43.692240535539604,82.3034038851632,8879,5,text_en_1919
8808,53.417498615817536,85.3623246618427,8585,5,text_en_1919
8809,26.924026259695783,58.19355355396236,3751,1,inner_ring
8810,43.462163288704325,88.0263161445872,1027,0,outer_ring
8811,27.0974792958655,69.18705083648219,9552,5,text_en_1919
8812,52.37610101586178,67.67462696116453,4851,2,octagram
8813,27.452905837294136,67.70137461350417,9592,5,text_en_1919
8814,26.933513860431447,41.371173926804104,3869,1,inner_ring
8815,33.1211651456395,74.77583222119843,9363,5,text_en_1919
8816,27.9347160369028,34.579677921346594,3910,1,inner_ring
8817,34.65744976317277,34.91616079005804,5569,2,octagram
8818,24.93502899979695,43.75674406855058,3852,1,inner_ring
8819,32.327885106695476,32.009646699600765,3940,1,inner_ring
8820,18.387494530234708,57.69334878973092,9955,5,text_en_1919
8821,46.806693038499525,39.52957515249786,7422,3,stroke_nan
8822,41.52387011831454,68.92210637102502,5021,2,octagram
8823,29.730064138719143,57.50497271179144,5246,2,octagram
8824,51.889709114577364,89.92688302024658,430,0,outer_ring
8825,43.4280068785177,88.36431279463504,1024,0,outer_ring
8826,26.74015922073281,26.669031995227172,10820,5,text_en_1919
8827,53.87786712071511,82.75299024014635,8779,5,text_en_1919
8828,60.87780115136902,42.55944825404627,8278,4,stroke_kai
8829,58.00324333864393,44.25397592522947,8231,4,stroke_kai
8830,44.77952224795503,90.26004851184022,922,0,outer_ring
8831,69.31127482161973,80.11507029459811,9076,5,text_en_1919
8832,49.972023238547365,70.89368563649691,4882,2,octagram
8833,65.72889144848232,7.915472933980465,3062,0,outer_ring
8834,66.72896977739101,69.34349215116052,4632,2,octagram
8835,40.484207205590096,53.22575802717376,6822,3,stroke_nan
8836,56.850570141654856,45.099826348650154,8195,4,stroke_kai
8837,41.1908560091081,23.853591624912767,4031,1,inner_ring
8838,76.61429343891167,30.205004752032796,4290,1,inner_ring
8839,49.829434193036676,7.463876653551928,1806,0,outer_ring
8840,39.82807393354269,49.63078501645903,6970,3,stroke_nan
8841,47.34599089522362,7.460097168464955,1673,0,outer_ring
8842,52.399837877291624,47.77187479297624,7108,3,stroke_nan
8843,28.373494939101235,38.55226314293719,5482,2,octagram
8844,26.753737491770448,38.765252357129015,3886,1,inner_ring
8845,68.26019839926754,32.20834531519393,6167,2,octagram
8846,32.38214657539379,26.959540478319354,3966,1,inner_ring
8847,29.55159530395635,66.20138481278565,9651,5,text_en_1919
8848,39.59331562009998,20.181845235803053,10868,5,text_en_1919
8849,34.543505215430024,34.75526971007524,5568,2,octagram
8850,58.62080015436441,19.33505281015188,4147,1,inner_ring
8851,46.24440560484668,13.038903332761434,11117,5,text_en_1919
8852,69.192439627129,8.49389049987546,3154,0,outer_ring
8853,55.88647669565624,44.50674194452386,8266,4,stroke_kai
8854,54.897313697580856,7.135504964755505,2253,0,outer_ring
8855,59.427489717097146,56.328559739885876,7771,4,stroke_kai
8856,92.46624327197021,45.31464194053049,10518,5,text_en_1919
8857,60.68517572185022,9.072718533732282,2801,0,outer_ring
8858,38.91156673425193,45.57057072223054,7188,3,stroke_nan
8859,45.39035889323452,7.256775788697634,1594,0,outer_ring
8860,58.78580765325457,5.13979447443292,2621,0,outer_ring
8861,50.37437276154714,78.86662125163748,9093,5,text_en_1919
8862,88.81965236397194,49.465148073708065,10299,5,text_en_1919
8863,88.4052144835463,48.94066741768038,10334,5,text_en_1919
8864,90.10637673921185,46.57815865234912,10466,5,text_en_1919
8865,53.737025833114416,88.84533149101851,321,0,outer_ring
8866,61.860853092581884,53.70166412933157,7841,4,stroke_kai
8867,44.21428742565935,79.70287505743794,9054,5,text_en_1919
8868,56.890302342887765,84.26361458439683,8703,5,text_en_1919
8869,53.63687482510539,88.65862679315724,328,0,outer_ring
8870,46.97740682618598,88.79400231841059,798,0,outer_ring
8871,38.54121869811428,88.93287208662052,1208,0,outer_ring
8872,34.22086319236649,83.77144132210151,1326,0,outer_ring
8873,46.675781560474796,89.08898088660729,815,0,outer_ring
8874,38.82715823026831,87.00411411066096,1219,0,outer_ring
8875,48.10062900533058,89.47080305346643,712,0,outer_ring
8876,30.146617270930452,81.17883189989824,1362,0,outer_ring
8877,44.37029770434588,23.385869650262993,5787,2,octagram
8878,39.94850151058196,47.93599238991254,7055,3,stroke_nan
8879,33.99392841766454,47.001624255279886,5375,2,octagram
8880,36.66411600700906,63.42293931144327,5133,2,octagram
8881,44.472963285912876,23.692857684473992,5785,2,octagram
8882,40.872518466426946,86.80471949906247,1155,0,outer_ring
8883,53.07377184721932,90.9588807022359,361,0,outer_ring
8884,48.261019787614885,88.82103319202383,708,0,outer_ring
8885,76.79693915677416,41.81043901425571,6362,2,octagram
8886,58.60481749167115,89.51158648031041,105,0,outer_ring
8887,54.82551359874515,90.36924832328621,264,0,outer_ring
8888,71.83167414934712,85.29040604420553,3,0,outer_ring
8889,68.4191919797749,79.81047429560084,9102,5,text_en_1919
8890,69.71935087659092,74.15557070218843,3422,1,inner_ring
8891,55.58912211555003,89.61314892205026,222,0,outer_ring
8892,80.59112099401217,37.58333156062126,4348,1,inner_ring
8893,77.52014978529333,37.18871189864783,6282,2,octagram
8894,38.905270197534286,61.96134372311254,5116,2,octagram
8895,82.94076973516921,66.98285385132286,9619,5,text_en_1919
8896,64.0092428077074,48.249771555530025,8069,4,stroke_kai
8897,90.32396536268685,48.31977299310471,10356,5,text_en_1919
8898,84.6900504050534,59.84719145195704,9861,5,text_en_1919
8899,88.0457107017221,57.760205628766926,9926,5,text_en_1919
8900,75.21284338484794,50.71399733274387,6478,2,octagram
8901,78.4411131808453,65.6286259113822,3348,1,inner_ring
8902,61.92481731397934,20.95617613848725,4175,1,inner_ring
8903,73.44109565348847,9.432077108013678,3203,0,outer_ring
8904,64.68027217898197,19.58794856510844,10894,5,text_en_1919
8905,79.73959070708365,35.140410274437635,4334,1,inner_ring
8906,66.3473970907446,24.216725247758188,6068,2,octagram
8907,88.21862144570723,63.056955884989534,9729,5,text_en_1919
8908,78.95969684785098,58.67778734728811,4440,2,octagram
8909,51.9042668562591,47.00493655846477,7085,3,stroke_nan
8910,62.23646278931054,42.08902380267952,8300,4,stroke_kai
8911,69.23599567086383,33.03056701076233,6176,2,octagram
8912,69.14404781891942,13.623953049429973,11175,5,text_en_1919
8913,47.96806202157007,5.5606939842863214,1707,0,outer_ring
8914,69.64901142391031,23.078886214439567,4226,1,inner_ring
8915,64.16773591962459,50.10989111449482,8016,4,stroke_kai
8916,66.129808788592,23.053933766420492,4208,1,inner_ring
8917,60.7542358977941,7.586785222079874,2787,0,outer_ring
8918,47.60900360213807,10.183991781911608,11257,5,text_en_1919
8919,79.56827848660264,38.84835973054146,6333,2,octagram
8920,59.64243735925471,8.207932562694344,2717,0,outer_ring
8921,60.38323649993223,49.52823708340149,7989,4,stroke_kai
8922,65.39959901580642,24.22253562871734,6066,2,octagram
8923,57.819872378110006,6.478427367042234,2547,0,outer_ring
8924,60.41330259072377,5.200919179190936,2734,0,outer_ring
8925,47.959607049239494,6.877632900598092,1697,0,outer_ring
8926,54.51857942524455,33.96704153428385,5911,2,octagram
8927,45.94406836689588,6.561647418223926,1624,0,outer_ring
8928,56.83744094068779,6.737371602412372,2451,0,outer_ring
8929,60.179925243793974,7.54849440333361,2742,0,outer_ring
8930,52.81212229218723,5.1973078038710305,2070,0,outer_ring
8931,67.89553287738828,42.220114214834105,8303,4,stroke_kai
8932,66.64477984344114,12.102581156976271,11288,5,text_en_1919
8933,71.19693976406074,8.804669956466817,3181,0,outer_ring
8934,80.84128842441628,53.018249699972905,3261,1,inner_ring
8935,52.02102660512118,25.868958219687432,5880,2,octagram
8936,88.74956745081577,49.476950038063634,10298,5,text_en_1919
8937,77.77065249748254,56.53145491483145,6552,2,octagram
8938,61.041664320802674,51.12302903932897,7987,4,stroke_kai
8939,57.582097172056386,43.48130523656351,8247,4,stroke_kai
8940,66.14707825265617,8.933940845218112,3084,0,outer_ring
8941,35.025604382981705,27.355458774176356,3977,1,inner_ring
8942,60.959416203911516,53.22353149817425,7885,4,stroke_kai
8943,39.448362317835056,85.94182674338148,1215,0,outer_ring
8944,39.59177798525656,88.40857212398811,1177,0,outer_ring
8945,55.52125216350686,59.36755122659834,4824,2,octagram
8946,59.886894616269565,76.87585099365525,9232,5,text_en_1919
8947,33.10475482659821,84.08318271897238,1334,0,outer_ring
8948,43.659660857843974,73.54374482371544,4955,2,octagram
8949,24.02547192262901,76.76795803358917,1381,0,outer_ring
8950,45.429401643346964,14.322692026273518,11081,5,text_en_1919
8951,43.31060206509129,81.0860535037717,8984,5,text_en_1919
8952,29.878033177084713,54.621976699948156,5275,2,octagram
8953,29.709993768702677,58.47145078954386,5220,2,octagram
8954,21.26142807853662,56.01103518688419,9995,5,text_en_1919
8955,59.73130841856653,58.68344462707421,7660,4,stroke_kai
8956,34.90744460320611,60.75485749538757,5163,2,octagram
8957,21.012589564912304,42.074515501108046,10574,5,text_en_1919
8958,37.93944233964375,34.4376955338769,5599,2,octagram
8959,52.7628482435932,39.01984917631653,7434,3,stroke_nan
8960,27.795921181281248,13.527038319153142,1415,0,outer_ring
8961,52.02295261407651,77.2950352540954,9195,5,text_en_1919
8962,65.87062240360451,6.897585322543371,3057,0,outer_ring
8963,40.17182734821755,15.775397437860404,11104,5,text_en_1919
8964,30.038223427822015,35.57229070537929,5519,2,octagram
8965,60.251606354623675,48.506651661282625,8047,4,stroke_kai
8966,29.90544938844597,55.65275413636222,5265,2,octagram
8967,50.06703589072121,44.162868691204096,7212,3,stroke_nan
8968,42.05474850121155,50.06539872688921,6965,3,stroke_nan
8969,49.172410516480376,83.19021249714778,8684,5,text_en_1919
8970,69.36832177069711,45.61222679017693,6442,2,octagram
8971,55.763021332055196,81.89107346853395,8848,5,text_en_1919
8972,51.732335808329225,87.40218946305873,449,0,outer_ring
8973,57.64397295653072,89.55616113004622,139,0,outer_ring
8974,42.85122267037051,71.28272452174448,4990,2,octagram
8975,39.32242032487472,72.54247196393747,3626,1,inner_ring
8976,54.7734336879085,6.62871807659969,2245,0,outer_ring
8977,50.41788968895871,11.579315330090504,11304,5,text_en_1919
8978,43.44149524494073,52.53391402985366,6823,3,stroke_nan
8979,59.61219522022647,46.78085116840011,8166,4,stroke_kai
8980,45.75744205552376,35.80631129445057,7532,3,stroke_nan
8981,59.345731510092406,6.2917220467789505,2674,0,outer_ring
8982,51.858591551848676,4.606665202038252,1995,0,outer_ring
8983,51.12006100059111,5.2508357945538995,1922,0,outer_ring
8984,50.8028629418404,20.145488748316296,4096,1,inner_ring
8985,25.694756585996352,38.6665844111289,3882,1,inner_ring
8986,46.30959702272997,35.57508129363486,7538,3,stroke_nan
8987,59.4017958598728,79.28766223329477,9156,5,text_en_1919
8988,60.88769544217125,72.12439701494199,4737,2,octagram
8989,30.975115357147466,58.595065243490765,5209,2,octagram
8990,46.125911712365365,38.45032862623905,7470,3,stroke_nan
8991,49.934276330962525,7.218631549178326,1818,0,outer_ring
8992,56.59294490025771,5.962782510802937,2427,0,outer_ring
8993,47.102282356669946,6.937002863022888,1667,0,outer_ring
8994,41.54006401814725,25.71751879329277,5740,2,octagram
8995,51.66788516792294,7.612146958768637,1970,0,outer_ring
8996,58.91870034489141,27.088782389061986,5970,2,octagram
8997,58.203940922678676,6.443152422521081,2588,0,outer_ring
8998,35.10338557595528,48.6236933339502,5363,2,octagram
8999,68.21181377580471,48.67838635461771,8065,4,stroke_kai
9000,46.52308634631022,26.22282864532467,7565,3,stroke_nan
9001,63.887135056961796,18.91929680871987,10902,5,text_en_1919
9002,57.70832870266108,26.294298236146684,5944,2,octagram
9003,81.78789652061039,49.815662033593476,3240,1,inner_ring
9004,82.60064142600989,56.334833508544165,3282,1,inner_ring
9005,68.73460080444478,23.562597346060205,4222,1,inner_ring
9006,45.341145660571556,36.128125285550645,7524,3,stroke_nan
9007,62.89993948258974,57.36157243900708,7734,4,stroke_kai
9008,64.26520996065601,39.62883899559655,8410,4,stroke_kai
9009,59.12591237361893,51.67525957104592,7955,4,stroke_kai
9010,19.115299181622134,42.336425994571826,10600,5,text_en_1919
9011,59.062513021923955,89.3414578562246,95,0,outer_ring
9012,49.544577614434935,89.67227445264135,588,0,outer_ring
9013,61.818084849035756,89.03746363757988,52,0,outer_ring
9014,63.565831425854306,88.79633375558167,33,0,outer_ring
9015,56.30729772809273,90.50969238058963,196,0,outer_ring
9016,43.403803526408716,88.93901166411007,1016,0,outer_ring
9017,64.15743339071544,79.35381170717338,9146,5,text_en_1919
9018,82.52982432616021,49.80150916769945,3239,1,inner_ring
9019,55.04338733975491,88.21356203419721,252,0,outer_ring
9020,42.29035840145404,87.44953877548026,1090,0,outer_ring
9021,34.67925360378933,66.3454713046644,3680,1,inner_ring
9022,22.118166930897576,50.96316565353217,10198,5,text_en_1919
9023,30.81973031038288,60.96229292151498,3724,1,inner_ring
9024,65.08460595970094,54.42857312304904,7816,4,stroke_kai
9025,54.17640027585898,84.63820730874596,8631,5,text_en_1919
9026,60.369078377702394,82.03864754588677,8852,5,text_en_1919
9027,51.31852641426143,91.79931374860966,465,0,outer_ring
9028,59.01154143075432,89.61970812752047,96,0,outer_ring
9029,50.962332312954025,58.67588891604311,6644,3,stroke_nan
9030,51.92670198867045,89.43467879072323,429,0,outer_ring
9031,69.36153176195211,41.9779233044262,8319,4,stroke_kai
9032,59.810103710444274,59.60941559875629,7632,4,stroke_kai
9033,53.696257192424504,91.2096650059526,322,0,outer_ring
9034,57.231775565940254,43.898722237089224,8235,4,stroke_kai
9035,73.85789103627786,49.501304713601485,6462,2,octagram
9036,66.78541086350057,58.55790469661231,7664,4,stroke_kai
9037,61.143190263558736,46.01890993000565,8179,4,stroke_kai
9038,76.65565612400603,63.544725844497314,3343,1,inner_ring
9039,92.77496134027724,50.86270835253501,10182,5,text_en_1919
9040,86.04624207540058,62.4888218555156,9760,5,text_en_1919
9041,87.88059813357894,53.17451739350319,10112,5,text_en_1919
9042,81.8405531654371,55.9834218126738,3281,1,inner_ring
9043,59.79909106477939,60.09793195509851,7616,4,stroke_kai
9044,58.10237997871742,6.217494881661353,2580,0,outer_ring
9045,65.2201322723258,26.110327426990537,6089,2,octagram
9046,55.963081340463155,28.670898683169316,8569,4,stroke_kai
9047,43.22989964134272,8.515270093812157,1536,0,outer_ring
9048,58.098254012859236,4.755726997705503,2564,0,outer_ring
9049,90.16798559496785,54.64602809791672,10056,5,text_en_1919
9050,50.15643084637067,56.84188046368662,6671,3,stroke_nan
9051,80.70949415709931,36.13398420452473,4342,1,inner_ring
9052,74.41648845826978,47.0499387508859,6427,2,octagram
9053,61.99351240127877,61.54425184322543,7599,4,stroke_kai
9054,57.45361904460398,44.113789807672504,8218,4,stroke_kai
9055,67.9315651014777,19.283584568753366,10883,5,text_en_1919
9056,80.66330000947063,42.68770588364981,4382,1,inner_ring
9057,51.303709299325114,6.814048838231283,1938,0,outer_ring
9058,49.83656445945003,14.762541891488553,11015,5,text_en_1919
9059,50.82465648434914,6.561132147026063,1895,0,outer_ring
9060,79.7919221724111,15.684083571759011,3224,0,outer_ring
9061,46.2487401516151,19.36060220544036,4069,1,inner_ring
9062,40.05602704357801,33.795475429713406,5629,2,octagram
9063,53.67102032837882,4.157759977809979,2154,0,outer_ring
9064,56.29931446295049,5.699316118997517,2400,0,outer_ring
9065,56.73350106938987,24.636538373686808,5943,2,octagram
9066,62.78608826985259,8.155971760107136,2928,0,outer_ring
9067,64.30396055425331,8.480629145443258,3013,0,outer_ring
9068,66.55014307981163,8.75793333868206,3090,0,outer_ring
9069,56.89995670232496,7.474461355321313,2463,0,outer_ring
9070,51.22335230236539,37.37173037774806,7475,3,stroke_nan
9071,52.46487356576249,5.842523421963866,2035,0,outer_ring
9072,59.63212050302353,10.922929084975134,11318,5,text_en_1919
9073,46.235853182180776,38.934398193949285,7463,3,stroke_nan
9074,62.8440582733889,6.7859810167141985,2916,0,outer_ring
9075,55.43541413736155,6.018475274612769,2312,0,outer_ring
9076,74.05208853417763,26.52435942035845,4263,1,inner_ring
9077,61.305027777051016,49.65036180573414,8041,4,stroke_kai
9078,92.45290326108903,48.09744572816351,10397,5,text_en_1919
9079,82.43629731175432,41.68463204571556,10655,5,text_en_1919
9080,74.84330334300034,27.81304274049351,4271,1,inner_ring
9081,62.12273712202501,8.222920824068984,2885,0,outer_ring
9082,67.68247111127242,23.08975635751055,4218,1,inner_ring
9083,49.763135213274886,6.458834196951459,1811,0,outer_ring
9084,92.06592840025587,50.14197023585085,10207,5,text_en_1919
9085,38.76292876190536,68.42143893785322,3646,1,inner_ring
9086,68.44957656591095,74.6246591751826,3432,1,inner_ring
9087,43.82452825252633,82.1936998733341,8926,5,text_en_1919
9088,44.39140816354847,88.69647949330725,967,0,outer_ring
9089,32.05403767906431,84.64832850050244,1340,0,outer_ring
9090,32.59244580536685,58.95004694170382,5190,2,octagram
9091,44.720725596436196,74.64185282550736,3590,1,inner_ring
9092,64.14897615421302,59.943617598938125,7637,4,stroke_kai
9093,32.917742890597225,51.14592623239238,5327,2,octagram
9094,21.563985447900947,68.55126083787172,9564,5,text_en_1919
9095,39.83443378044879,40.35934261271328,7399,3,stroke_nan
9096,58.26849955586665,89.41916100773823,121,0,outer_ring
9097,23.386271018986307,70.3297207691278,9470,5,text_en_1919
9098,17.229485764103824,36.121338201294044,10793,5,text_en_1919
9099,31.62404182288126,44.79732676786414,5401,2,octagram
9100,32.9532027848187,41.92962428197669,5419,2,octagram
9101,45.52324187501351,42.55719411846662,7361,3,stroke_nan
9102,27.9435021276064,41.22218208250111,3871,1,inner_ring
9103,41.29226184428461,28.466184186916877,5709,2,octagram
9104,26.759721035391085,54.63519227148642,3779,1,inner_ring
9105,22.04185539639413,55.60279854332982,10010,5,text_en_1919
9106,44.34858236406627,37.19440298787786,5636,2,octagram
9107,50.87411948933686,57.008885199033244,6707,3,stroke_nan
9108,56.422253744149195,9.36937047838791,11356,5,text_en_1919
9109,21.717438213710775,42.392279908007126,10594,5,text_en_1919
9110,34.027051525851064,51.69053185011676,5325,2,octagram
9111,66.2468468054752,6.608389309325192,3071,0,outer_ring
9112,26.00443948654074,70.65676374778768,9478,5,text_en_1919
9113,62.10767477095327,45.755106105626005,8168,4,stroke_kai
9114,55.30135187853356,83.48212758517988,8679,5,text_en_1919
9115,54.66554459345434,82.1673390521471,8816,5,text_en_1919
9116,68.96425641924591,50.5658419427742,7967,4,stroke_kai
9117,89.29494200125518,39.82516345480757,10708,5,text_en_1919
9118,46.67607895423817,57.01374637978394,6662,3,stroke_nan
9119,39.11060875387449,43.60235651858687,7309,3,stroke_nan
9120,61.820998153730145,42.01613668765714,8302,4,stroke_kai
9121,40.73911313924118,47.43019685199154,7101,3,stroke_nan
9122,46.94761691587733,48.504423760208624,7027,3,stroke_nan
9123,63.420403306701324,7.196569938110395,2954,0,outer_ring
9124,51.47402133061845,45.770547061604205,7160,3,stroke_nan
9125,32.50560976453862,59.96355684520016,5182,2,octagram
9126,30.966972143498513,42.08527635244023,5434,2,octagram
9127,43.224231668514804,17.57216753134688,4058,1,inner_ring
9128,49.10405689045068,3.9907031370252675,1782,0,outer_ring
9129,45.10200670826851,29.092832992480812,5712,2,octagram
9130,35.434636234313146,27.412251729746536,3980,1,inner_ring
9131,32.17742453555317,46.78065326458728,5386,2,octagram
9132,50.281066863081655,43.383924465688466,7237,3,stroke_nan
9133,34.3931194377271,60.797398696505134,5166,2,octagram
9134,58.474073876366624,5.709759757294608,2604,0,outer_ring
9135,53.72487277560971,4.948642711053934,2158,0,outer_ring
9136,48.50362750949483,39.731637886181616,7435,3,stroke_nan
9137,50.47209750971864,34.618934873584514,7534,3,stroke_nan
9138,52.4971564454808,35.42388167250968,7510,3,stroke_nan
9139,74.74699080135565,51.369493154780486,6486,2,octagram
9140,62.5511016854069,19.16664015260536,10898,5,text_en_1919
9141,57.495973645503554,24.951365865978158,5951,2,octagram
9142,43.77278451130751,52.26290172792992,6898,3,stroke_nan
9143,39.05721011806381,44.338355405932106,7214,3,stroke_nan
9144,68.75133110361216,46.961441076806054,8121,4,stroke_kai
9145,67.53245385709106,48.67430360348522,8049,4,stroke_kai
9146,67.23800743972349,30.1213114838712,6142,2,octagram
9147,77.36833530832497,53.6314344268798,6524,2,octagram
9148,60.386146288733684,51.480854984670636,7940,4,stroke_kai
9149,53.22989570971643,89.58079697209793,354,0,outer_ring
9150,20.36174144149393,50.22600384920655,10211,5,text_en_1919
9151,73.57835349906725,35.54776303523346,6228,2,octagram
9152,52.26356936511116,57.627667003148126,6643,3,stroke_nan
9153,40.73979918677426,87.18558317615947,1156,0,outer_ring
9154,49.58481970536035,70.0248812818533,4874,2,octagram
9155,42.66091810517502,88.326769540764,1064,0,outer_ring
9156,52.89318134451562,90.5230328271094,373,0,outer_ring
9157,49.02894646012166,88.86879308116245,648,0,outer_ring
9158,60.66488305737448,88.02598848345478,62,0,outer_ring
9159,48.85947319415938,91.18300885847648,637,0,outer_ring
9160,52.214427491658086,89.55104765274352,414,0,outer_ring
9161,42.34990998018101,73.10780585006712,3604,1,inner_ring
9162,47.530281141046515,88.89350979230986,759,0,outer_ring
9163,44.37108285099475,74.89594387058999,3593,1,inner_ring
9164,42.36588422565641,69.9125629510567,5008,2,octagram
9165,21.452626922471236,49.69599170267927,10238,5,text_en_1919
9166,61.79718424915656,71.98475590186976,4729,2,octagram
9167,71.6377983721934,73.62378835284532,9411,5,text_en_1919
9168,52.90008002716064,89.34508836504374,378,0,outer_ring
9169,65.90177946130689,41.94845114619204,8336,4,stroke_kai
9170,70.51319914179408,68.82530531102343,3401,1,inner_ring
9171,61.478582367471326,45.45045526782084,8180,4,stroke_kai
9172,42.396604454184626,86.81189754031497,1095,0,outer_ring
9173,61.38610200659676,51.65436473724073,7881,4,stroke_kai
9174,62.90526341840906,62.221743890820754,7593,4,stroke_kai
9175,81.91666516993486,53.65366474328894,3265,1,inner_ring
9176,49.23938624535424,70.73744353614354,4885,2,octagram
9177,92.89267288074481,49.69511176602231,10234,5,text_en_1919
9178,76.16816862894424,59.515353729788735,4477,2,octagram
9179,74.34615469744833,61.294425638239325,4501,2,octagram
9180,69.58030503101611,63.77755258564801,4572,2,octagram
9181,78.87945830369969,68.76269865527948,9493,5,text_en_1919
9182,57.0397382081311,56.056378373902305,7729,4,stroke_kai
9183,89.78102606370474,61.68913665076292,9780,5,text_en_1919
9184,84.31029825953166,56.05373357722074,9980,5,text_en_1919
9185,80.42376891073243,58.191564878133214,4423,2,octagram
9186,78.30813377444373,36.84964362744809,6296,2,octagram
9187,69.85517185948422,15.247072032940052,11080,5,text_en_1919
9188,69.94451536412927,9.622985023000153,3168,0,outer_ring
9189,46.280837155235176,7.157943163473341,1637,0,outer_ring
9190,65.465434311615,11.830947006617816,3088,0,outer_ring
9191,84.58092278481848,48.21278559205105,10362,5,text_en_1919
9192,52.1925520490334,67.75951035937551,4850,2,octagram
9193,88.7013100121305,55.07189642662614,10045,5,text_en_1919
9194,74.21360138344534,34.44887314812918,6225,2,octagram
9195,90.67319551431139,40.29731080731654,10620,5,text_en_1919
9196,87.2581304535567,48.43157972563522,10349,5,text_en_1919
9197,68.29782900986623,15.954280819142527,11037,5,text_en_1919
9198,52.99499888672976,6.763966618162452,2082,0,outer_ring
9199,74.28751460508386,44.27218164830186,6402,2,octagram
9200,51.07671930980663,3.985117578958109,1932,0,outer_ring
9201,65.20599915004333,40.14716836725542,8405,4,stroke_kai
9202,57.23633382279917,5.631541999513446,2482,0,outer_ring
9203,52.98136416015845,5.339528318067854,2086,0,outer_ring
9204,53.66322369333293,8.979803206763687,2141,0,outer_ring
9205,73.63784138285833,26.625222910309006,4262,1,inner_ring
9206,75.17527957755917,34.93145489720039,6241,2,octagram
9207,73.07833676826249,8.302098576756196,3193,0,outer_ring
9208,59.95943345976102,7.3332871862625035,2729,0,outer_ring
9209,50.50511891907419,6.163751449325956,1871,0,outer_ring
9210,67.77711686014464,6.056835071146163,3104,0,outer_ring
9211,44.91591663516047,7.333309268736013,1581,0,outer_ring
9212,47.17173732347485,34.651544255722676,7573,3,stroke_nan
9213,61.06063933797818,7.810469693343853,2814,0,outer_ring
9214,49.497296141836344,7.676283469410911,1775,0,outer_ring
9215,50.76874043921309,5.743733148075636,1897,0,outer_ring
9216,46.97436765644457,7.206282567207626,1663,0,outer_ring
9217,55.939771810918764,15.665873904798158,11041,5,text_en_1919
9218,59.06258796113144,60.09564721671048,7666,4,stroke_kai
9219,57.5083925836647,25.37143886705303,5946,2,octagram
9220,77.7093994986328,62.280931763112626,3335,1,inner_ring
9221,65.98342289566311,39.1686458660235,8437,4,stroke_kai
9222,59.37441835279463,6.504123329020486,2678,0,outer_ring
9223,59.547118328592106,9.240078667855267,11358,5,text_en_1919
9224,46.35218671523697,11.930676605366452,11210,5,text_en_1919
9225,66.69826373290182,29.91556836490429,6135,2,octagram
9226,66.8217118396219,54.83920634571465,7789,4,stroke_kai
9227,44.23113350708928,58.24369921074335,6650,3,stroke_nan
9228,62.43072261402265,72.56229703271092,4717,2,octagram
9229,24.207863860048032,59.22379296274751,9867,5,text_en_1919
9230,51.16692389238552,89.63262337622346,481,0,outer_ring
9231,43.33914948653199,87.3870300911166,1039,0,outer_ring
9232,47.521661327530076,88.86120557278217,761,0,outer_ring
9233,46.91537695191249,82.76914822193905,8715,5,text_en_1919
9234,18.548709446379135,67.21427501411955,1388,0,outer_ring
9235,26.30158420708548,43.605595795493265,3853,1,inner_ring
9236,52.68647486922239,90.40492638973014,391,0,outer_ring
9237,23.47024494281426,69.92247098111848,9494,5,text_en_1919
9238,34.2010418682172,35.28191743163824,5563,2,octagram
9239,18.93273465275616,49.93157024771102,10196,5,text_en_1919
9240,21.194536690967762,41.49393364995762,10611,5,text_en_1919
9241,16.12896196146927,49.74708214430769,10249,5,text_en_1919
9242,16.759441908497234,49.88592074502646,10236,5,text_en_1919
9243,19.92614909036427,37.12564897124166,10769,5,text_en_1919
9244,43.88366688608809,53.70793864441631,6760,3,stroke_nan
9245,52.04678886842168,43.50515203994504,7224,3,stroke_nan
9246,41.59150213819231,43.39253883967607,7283,3,stroke_nan
9247,40.29867217121495,30.404677277444605,5687,2,octagram
9248,44.91654416624069,46.437243622809255,7093,3,stroke_nan
9249,39.30560878910724,50.50655767998489,6935,3,stroke_nan
9250,49.5028278018313,70.14721198159008,4880,2,octagram
9251,27.304384067086627,67.83453172914359,9579,5,text_en_1919
9252,44.29913420752649,83.10261705890352,8812,5,text_en_1919
9253,60.81785728484728,57.73953738818344,7717,4,stroke_kai
9254,61.046489596578674,40.45054579770141,8390,4,stroke_kai
9255,67.82384320167866,83.01508897721205,8796,5,text_en_1919
9256,49.05548574952718,91.61530489586227,615,0,outer_ring
9257,60.903115494078016,71.84885544530509,4736,2,octagram
9258,61.57244406622761,74.08088067304514,3470,1,inner_ring
9259,54.47454014587179,85.0290151692155,8604,5,text_en_1919
9260,64.33623903396303,8.163043424118316,3012,0,outer_ring
9261,42.08101487098648,65.19751334661674,5055,2,octagram
9262,56.1112258268971,21.856484892414144,4136,1,inner_ring
9263,57.49752639700729,5.419412558606752,2510,0,outer_ring
9264,69.27265746432442,16.089916608181632,11038,5,text_en_1919
9265,44.58749396804346,38.18447326692138,7489,3,stroke_nan
9266,51.34840892211965,5.584937293306667,1947,0,outer_ring
9267,41.74228413167983,44.06386248793988,7270,3,stroke_nan
9268,44.43256285949496,43.834597127900594,7272,3,stroke_nan
9269,43.16467263094479,9.234365588990128,1530,0,outer_ring
9270,37.984926290453096,25.303037662119745,4006,1,inner_ring
9271,42.87765232388002,25.168650766877157,5750,2,octagram
9272,55.1826577019585,28.290952491092405,5917,2,octagram
9273,31.937267012663238,30.83878998033264,3943,1,inner_ring
9274,50.28536661424437,12.14042718678114,11240,5,text_en_1919
9275,38.77770630421008,43.308992290720475,7307,3,stroke_nan
9276,40.97667681047342,15.452311739286703,11093,5,text_en_1919
9277,56.30307398950985,7.0170228203911815,2407,0,outer_ring
9278,44.96671725817896,38.27506846551208,7460,3,stroke_nan
9279,51.49332574440329,43.0855909351319,7244,3,stroke_nan
9280,57.84782644413883,4.93921826583486,2537,0,outer_ring
9281,44.70661308180994,22.664761608038738,5781,2,octagram
9282,62.8144274928046,42.234032968199124,8339,4,stroke_kai
9283,79.21859446430474,56.539140946197975,6558,2,octagram
9284,47.89363973817015,53.29711568952043,6795,3,stroke_nan
9285,50.14235308682448,6.710918132607325,1833,0,outer_ring
9286,91.18020259461439,44.72455584413578,10528,5,text_en_1919
9287,53.53076372910649,83.36123095897044,8717,5,text_en_1919
9288,87.69695828074498,53.81551478639919,10084,5,text_en_1919
9289,78.2413384977239,41.55428250164936,6354,2,octagram
9290,47.48639403670029,57.84178781501107,6631,3,stroke_nan
9291,44.90410406942023,75.34091532973665,3583,1,inner_ring
9292,68.92950169121832,8.18794171047365,3145,0,outer_ring
9293,65.72707674272552,74.57540624283317,3446,1,inner_ring
9294,60.282597678960926,89.89089830410731,75,0,outer_ring
9295,48.12823937846554,90.23126891934157,700,0,outer_ring
9296,35.26318284854874,86.27782855931845,1297,0,outer_ring
9297,50.24648806434755,73.16601774889114,4889,2,octagram
9298,26.808908346803157,67.44849843432986,9590,5,text_en_1919
9299,64.23104630284075,80.8116567341536,9015,5,text_en_1919
9300,55.53491050459049,92.77194973706763,232,0,outer_ring
9301,67.19856557111224,81.57227006821208,8922,5,text_en_1919
9302,34.55130048256166,84.3312039180362,1318,0,outer_ring
9303,54.02179706754561,81.79384001528808,8835,5,text_en_1919
9304,40.12808097226753,88.23836672836975,1166,0,outer_ring
9305,31.60719362871277,34.68128188996208,5536,2,octagram
9306,23.62131334650839,40.09983516253414,10715,5,text_en_1919
9307,25.49480316180309,54.19481894291434,10138,5,text_en_1919
9308,49.27022987872664,86.80949571921916,650,0,outer_ring
9309,58.80976044013505,73.8732772319618,3489,1,inner_ring
9310,68.71830311022113,78.76453140472697,9201,5,text_en_1919
9311,49.38341932008473,90.02873226462219,601,0,outer_ring
9312,54.28491104050533,68.34820348066822,4838,2,octagram
9313,75.25239322494589,45.51982104164612,6409,2,octagram
9314,87.6862358258209,47.61813918081397,10387,5,text_en_1919
9315,62.35997123486444,52.686640145114204,7892,4,stroke_kai
9316,77.60699253034282,36.95849150061973,6284,2,octagram
9317,65.32071272678097,51.024293447462405,7951,4,stroke_kai
9318,56.31135551507012,90.36605128389427,195,0,outer_ring
9319,49.8247159283191,83.50548742296864,8646,5,text_en_1919
9320,91.80460975995136,60.70471824588798,9823,5,text_en_1919
9321,74.46612178168033,47.45871329146597,6433,2,octagram
9322,57.81795508455627,53.53016548101983,7875,4,stroke_kai
9323,56.28155018800733,39.21295856739204,8435,4,stroke_kai
9324,89.24930561545932,55.25023004135177,10038,5,text_en_1919
9325,80.23048371904436,50.843838924241275,3248,1,inner_ring
9326,83.6972980215501,57.48476025502481,9956,5,text_en_1919
9327,77.83772588054066,56.879665534524655,6555,2,octagram
9328,73.81159618746621,33.0250376967483,6217,2,octagram
9329,57.76037075157048,81.17721945600522,8872,5,text_en_1919
9330,54.88093766102513,5.823927789513339,2250,0,outer_ring
9331,63.42620175984896,43.33502437085981,8295,4,stroke_kai
9332,93.95553002972584,40.37483852032523,10613,5,text_en_1919
9333,87.14529734104792,41.71635796817588,10671,5,text_en_1919
9334,92.47376192147539,49.60278432717024,10240,5,text_en_1919
9335,77.48870460745721,34.55389396565462,6268,2,octagram
9336,56.569363572159546,43.5337736367221,8288,4,stroke_kai
9337,73.66609465559443,35.11868929311485,6222,2,octagram
9338,57.90470266740735,20.92596036514191,4144,1,inner_ring
9339,48.89708758488688,16.470405677058086,10962,5,text_en_1919
9340,71.14325667688101,33.2301230707484,6194,2,octagram
9341,48.84594588876307,9.898572860478295,11316,5,text_en_1919
9342,49.918746589738696,25.54767199457821,7560,3,stroke_nan
9343,51.1665009126007,5.834244191594841,1923,0,outer_ring
9344,52.14969652673089,5.2169696636577925,2014,0,outer_ring
9345,54.02673326740932,6.446371474732383,2179,0,outer_ring
9346,44.231266216278634,7.561795335275007,1562,0,outer_ring
9347,41.47929564997032,6.914702539758493,1511,0,outer_ring
9348,43.70752306846592,6.84583351731342,1555,0,outer_ring
9349,62.332299063644356,51.45106988239188,7928,4,stroke_kai
9350,58.18011556444279,12.472175362302297,11273,5,text_en_1919
9351,49.608476809539184,25.908902404253546,7561,3,stroke_nan
9352,51.76410694533755,6.4862889731120275,1982,0,outer_ring
9353,56.982803365837434,7.024685996429278,2468,0,outer_ring
9354,58.112397264167356,6.950147219494886,2585,0,outer_ring
9355,48.37437337950562,6.425577188592404,1718,0,outer_ring
9356,62.742694917862885,4.775745785310641,2883,0,outer_ring
9357,64.52953596336206,38.86002851417284,8432,4,stroke_kai
9358,59.71877360973966,40.31905047814117,8425,4,stroke_kai
9359,52.275233549088135,6.4312326655978875,2020,0,outer_ring
9360,62.32328741234245,40.545229834767966,8385,4,stroke_kai
9361,72.39434230078496,62.057355739578156,4531,2,octagram
9362,69.00012879814032,42.500411690720284,8321,4,stroke_kai
9363,85.89787751135941,39.75926948908734,10698,5,text_en_1919
9364,75.66913711066597,45.53825475059529,6408,2,octagram
9365,83.8713238686988,57.60087965170827,9947,5,text_en_1919
9366,62.43449988000355,7.350019717577713,2896,0,outer_ring
9367,55.9809438092174,69.58033915536674,4793,2,octagram
9368,90.88307207948682,49.33030979805946,10258,5,text_en_1919
9369,36.90421372861389,84.52003769717554,1283,0,outer_ring
9370,37.707128978589665,88.38643628714017,1234,0,outer_ring
9371,46.4317759808021,88.71144048077527,844,0,outer_ring
9372,44.92553515060457,89.14804279297923,929,0,outer_ring
9373,54.85546014629476,83.30991840243897,8695,5,text_en_1919
9374,54.71568261740704,85.71886487641527,8580,5,text_en_1919
9375,36.629924063225545,86.4979546515257,1275,0,outer_ring
9376,32.60214537018674,65.58883613566701,3689,1,inner_ring
9377,51.830157514852395,60.7347628024549,6615,3,stroke_nan
9378,53.18557275383881,70.14028025029438,3534,1,inner_ring
9379,29.11142948594476,59.26556788779087,5229,2,octagram
9380,29.56960197540816,66.63997710753675,9605,5,text_en_1919
9381,44.213281339793625,55.04025564378096,6754,3,stroke_nan
9382,37.21216625772987,48.06239359730593,5367,2,octagram
9383,25.057325387236226,56.947497870892406,10007,5,text_en_1919
9384,30.250199614839968,39.69961093928369,5458,2,octagram
9385,26.447820017699794,47.67588042783052,3823,1,inner_ring
9386,28.246317728232725,57.268707090389896,5242,2,octagram
9387,23.131958168406968,50.837217448123056,10199,5,text_en_1919
9388,40.10309064439431,63.646565509736284,5076,2,octagram
9389,48.51930154767557,45.751469220287916,7147,3,stroke_nan
9390,27.994986785183972,37.037635826868886,5501,2,octagram
9391,47.36966298242644,48.27844511595342,7053,3,stroke_nan
9392,45.5930071076743,54.610201114618256,6768,3,stroke_nan
9393,60.77971880183277,19.886209286031985,4162,1,inner_ring
9394,58.32920939233067,92.11883175783608,127,0,outer_ring
9395,54.60785999718968,83.75394351963715,8686,5,text_en_1919
9396,50.30582088516892,89.69673472218672,539,0,outer_ring
9397,56.19856767787339,26.224579623547697,5930,2,octagram
9398,81.91263018805424,48.43941804117533,3230,1,inner_ring
9399,30.52449717588519,54.23370201408255,5282,2,octagram
9400,65.09484916380677,67.84044560713978,4621,2,octagram
9401,62.70345022537848,73.28049301800775,4710,2,octagram
9402,69.22910373394403,8.097501519376515,3152,0,outer_ring
9403,53.46177742265468,4.956109476142877,2134,0,outer_ring
9404,64.98008178807406,12.82299779448864,11153,5,text_en_1919
9405,79.98310258436977,38.37362112863448,4351,1,inner_ring
9406,52.63422919683839,69.48293509165799,4844,2,octagram
9407,63.827618985864355,23.512054899462775,6052,2,octagram
9408,50.96973611389325,11.872820608527643,11252,5,text_en_1919
9409,27.406507515714598,60.124236170799975,3743,1,inner_ring
9410,42.41218497504406,5.874810044847607,1531,0,outer_ring
9411,44.865108663604474,24.385088995910333,5788,2,octagram
9412,28.72123967304007,24.497516424897455,10833,5,text_en_1919
9413,31.838148575485214,44.19213895104184,5407,2,octagram
9414,31.989081938698664,65.48385589302895,3691,1,inner_ring
9415,37.567687200572806,25.340592112394493,4003,1,inner_ring
9416,38.362483887253894,10.834331371403948,1448,0,outer_ring
9417,52.996476843278884,6.328015963526624,2084,0,outer_ring
9418,50.84580862407244,22.84213755667539,5871,2,octagram
9419,41.11647586258813,32.95176151382067,5656,2,octagram
9420,44.85284657418126,38.9687912768095,7458,3,stroke_nan
9421,48.85684443541496,7.3534327870185825,1740,0,outer_ring
9422,48.732426116597495,7.233668123465148,1731,0,outer_ring
9423,50.27927563207589,49.69713583790282,7010,3,stroke_nan
9424,45.38270720975279,15.198431863156772,10989,5,text_en_1919
9425,43.710160873323126,49.96385542136288,6985,3,stroke_nan
9426,64.48422470025642,39.44062628969027,8411,4,stroke_kai
9427,87.12268741688474,40.36471539324169,10699,5,text_en_1919
9428,38.87542280097287,70.17107939200034,3638,1,inner_ring
9429,76.04368797351182,59.54644873649591,4476,2,octagram
9430,46.658659172457305,37.81750379196353,7477,3,stroke_nan
9431,67.28324925566,46.73909925578909,8123,4,stroke_kai
9432,55.22321719742608,78.6833115137019,9145,5,text_en_1919
9433,67.91362042536088,46.84960969632808,8113,4,stroke_kai
9434,84.56080697724252,60.27425266531457,9831,5,text_en_1919
9435,56.27004260609754,60.04370938471751,7626,4,stroke_kai
9436,47.098032450781986,78.64139857318659,9239,5,text_en_1919
9437,37.17984119175654,61.6673038904719,5134,2,octagram
9438,45.1727714145315,78.63509288551016,9185,5,text_en_1919
9439,25.69823569695571,67.12086647431461,9588,5,text_en_1919
9440,36.535358668042235,85.04495989848508,1288,0,outer_ring
9441,54.196269057380704,81.41071879535099,8893,5,text_en_1919
9442,54.01399059142421,90.1974960595817,307,0,outer_ring
9443,58.10412618354313,81.99180060979306,8894,5,text_en_1919
9444,44.99144387396146,88.6383970378356,935,0,outer_ring
9445,26.999676990246467,62.74759034900858,3728,1,inner_ring
9446,46.72418010154149,71.75513766255357,4927,2,octagram
9447,27.133986628108705,54.11462372629094,3782,1,inner_ring
9448,29.871861200695477,57.8410537894598,5218,2,octagram
9449,29.778050070785923,38.985995427845104,5471,2,octagram
9450,50.94239403629617,89.92842266422467,488,0,outer_ring
9451,61.902249759945526,78.76884328425474,9243,5,text_en_1919
9452,54.90558207941673,85.40783668958528,8587,5,text_en_1919
9453,62.61915718392284,56.3027981582827,7743,4,stroke_kai
9454,52.917151110683946,89.28699941450611,375,0,outer_ring
9455,80.23381692688054,48.89577715517525,3234,1,inner_ring
9456,68.67345349017205,78.501698084698,9211,5,text_en_1919
9457,60.07830882952004,71.58366559630501,4745,2,octagram
9458,64.4593170247198,59.394486163474056,7651,4,stroke_kai
9459,68.86256516061312,66.80976951541376,4597,2,octagram
9460,55.541201930622556,89.39017880437791,224,0,outer_ring
9461,53.79891029653781,79.53365384696367,9058,5,text_en_1919
9462,53.73906250099893,54.81633544899622,4827,2,octagram
9463,61.503979004309336,46.24870103523496,8167,4,stroke_kai
9464,77.71565543992061,62.510384205438264,3337,1,inner_ring
9465,81.86969139738703,66.43671229791235,9667,5,text_en_1919
9466,90.81955285275967,45.160482897502675,10522,5,text_en_1919
9467,79.73183422198164,58.3511778016908,4432,2,octagram
9468,84.47284961413925,47.97381643752815,10361,5,text_en_1919
9469,78.44672028935793,56.552964318467886,6561,2,octagram
9470,59.21480571433503,5.5580981391610855,2659,0,outer_ring
9471,57.56791984153559,4.655584047061986,2512,0,outer_ring
9472,56.78522767497659,75.50189405071274,3508,1,inner_ring
9473,68.62621859410316,53.9017584238418,7821,4,stroke_kai
9474,88.57918025529888,63.91846137171488,9718,5,text_en_1919
9475,67.68270497176161,8.168609526556951,3117,0,outer_ring
9476,68.7968193960948,40.39359727657777,8366,4,stroke_kai
9477,59.91105463385736,46.064960562710574,8164,4,stroke_kai
9478,78.91735881671116,39.528043210610484,6336,2,octagram
9479,56.76160213757663,40.04040292310541,8402,4,stroke_kai
9480,81.9411341316588,37.96531498921291,4354,1,inner_ring
9481,57.433464403247854,40.626404081679524,8407,4,stroke_kai
9482,52.70616583408013,6.0077058990975045,2051,0,outer_ring
9483,35.40147572824275,35.046865138611196,5580,2,octagram
9484,66.1473069416917,4.966787586360443,3050,0,outer_ring
9485,60.14612766051407,5.911493968851725,2728,0,outer_ring
9486,47.7660636592643,6.104105304889738,1690,0,outer_ring
9487,50.42417848038247,5.318461378250364,1870,0,outer_ring
9488,51.07257098905852,4.777244315314254,1921,0,outer_ring
9489,58.89801118784035,17.091358624206592,10998,5,text_en_1919
9490,57.13330373928705,7.401358202052329,2484,0,outer_ring
9491,48.798659966782125,5.971753393852429,1747,0,outer_ring
9492,48.66310468438113,11.965291743014852,11249,5,text_en_1919
9493,52.98496573984507,5.4172148685903005,2087,0,outer_ring
9494,46.69011748077998,34.36285969241289,7574,3,stroke_nan
9495,57.771535357057864,12.245386380410677,11272,5,text_en_1919
9496,46.54158068601226,41.89155389860639,7347,3,stroke_nan
9497,64.3354341733732,23.60827856449718,6054,2,octagram
9498,68.52235645663283,7.532737529934127,3132,0,outer_ring
9499,70.83975604825994,50.91068962958381,6468,2,octagram
9500,68.0175259690758,39.48743090767887,8387,4,stroke_kai
9501,76.31762903816879,36.18958528435543,6265,2,octagram
9502,93.1543103772273,52.01344355345241,10163,5,text_en_1919
9503,82.31317781510948,60.77579176006268,9797,5,text_en_1919
9504,89.99180059978632,47.33429079241816,10412,5,text_en_1919
9505,64.69337150595366,5.457584454332843,2999,0,outer_ring
9506,56.02405346013807,6.422464343396949,2369,0,outer_ring
9507,69.01024004364926,33.71021699349849,6178,2,octagram
9508,56.28654307066667,6.679337925517339,2405,0,outer_ring
9509,49.239314661562624,5.498292039956571,1776,0,outer_ring
9510,75.79570716297295,53.99638846362219,6518,2,octagram
9511,41.17592467141871,68.90084255252494,5024,2,octagram
9512,46.57559771745995,87.50974067891933,851,0,outer_ring
9513,62.4548485721897,88.15952558422407,42,0,outer_ring
9514,54.257972216453965,89.55433021734758,298,0,outer_ring
9515,44.11890336321933,73.1058545429512,4952,2,octagram
9516,42.69743244331754,88.58937696888111,1058,0,outer_ring
9517,23.585652625384522,52.953640361019445,10148,5,text_en_1919
9518,25.51403241649028,77.1092656936603,1378,0,outer_ring
9519,30.48319095591097,54.50901260130703,5280,2,octagram
9520,56.99492726585914,87.51858270898703,161,0,outer_ring
9521,22.940787975088337,39.2182180400828,10722,5,text_en_1919
9522,32.77098420608875,60.57198653354565,5179,2,octagram
9523,25.995005881525863,49.25958420659102,3813,1,inner_ring
9524,26.26805755150024,40.158623202096706,3876,1,inner_ring
9525,28.840551015405754,58.43138646861919,5227,2,octagram
9526,18.097257152011352,34.972879243013885,10796,5,text_en_1919
9527,19.51272514962686,62.427206205401944,9742,5,text_en_1919
9528,37.68943064940216,33.97396320906994,5602,2,octagram
9529,27.495993160870977,39.93302319805091,3879,1,inner_ring
9530,20.195886402476553,51.01752576057405,10165,5,text_en_1919
9531,24.504962851308765,60.34139064545535,9853,5,text_en_1919
9532,59.65252543705441,6.149589221631069,2696,0,outer_ring
9533,58.3087493253783,46.97675474499051,8110,4,stroke_kai
9534,48.2985334115869,37.3048401724254,7518,3,stroke_nan
9535,31.487635794857326,59.85611723733156,5201,2,octagram
9536,50.21656570206785,87.8323125854959,563,0,outer_ring
9537,51.24297706324537,88.9094992776213,480,0,outer_ring
9538,36.266573671335124,86.6821471653773,1279,0,outer_ring
9539,52.374775487906625,90.80210933569644,407,0,outer_ring
9540,69.60920807157562,65.42064281315159,4578,2,octagram
9541,33.98678327854842,87.15937024244178,1309,0,outer_ring
9542,61.519076062146766,59.032163689419676,7678,4,stroke_kai
9543,29.93530350996673,62.70082208595966,3720,1,inner_ring
9544,65.1270583268364,25.127047104186822,6073,2,octagram
9545,60.83373790813739,6.303612523674719,2777,0,outer_ring
9546,65.28817339700323,53.14944252909853,7901,4,stroke_kai
9547,66.09784805949249,39.18908921729114,8445,4,stroke_kai
9548,50.92394184506047,41.38287051955173,7331,3,stroke_nan
9549,46.55569828805039,6.474460567823357,1646,0,outer_ring
9550,37.627260284563576,60.07921841788874,5135,2,octagram
9551,33.05092460977157,11.21951116738796,1424,0,outer_ring
9552,36.14230532555158,25.541041844553025,3994,1,inner_ring
9553,41.8260472365057,52.86809012572329,6835,3,stroke_nan
9554,43.47468944558612,48.089685021731384,7051,3,stroke_nan
9555,28.15716279164485,67.4304374754193,9603,5,text_en_1919
9556,29.604541515407103,58.26067303832767,5223,2,octagram
9557,41.92223780863648,53.10998191355805,6812,3,stroke_nan
9558,53.646275879963824,6.921078147291244,2143,0,outer_ring
9559,27.068288131242365,45.81253633456615,3839,1,inner_ring
9560,41.68233194147818,30.961881159031485,5682,2,octagram
9561,69.6227951911257,56.36945871991,4486,2,octagram
9562,53.317712883961754,5.660079602548486,2117,0,outer_ring
9563,58.81642364459994,6.000973281217075,2633,0,outer_ring
9564,64.9391613834581,25.2455617592311,6078,2,octagram
9565,59.40927619093013,27.05524987825793,5977,2,octagram
9566,51.37729173814346,42.81498683991897,7243,3,stroke_nan
9567,92.57698138217538,49.73140516428503,10221,5,text_en_1919
9568,49.93547096504237,7.89565363785908,1813,0,outer_ring
9569,55.27191605132785,15.595977264385864,11098,5,text_en_1919
9570,63.84769780086143,82.7058864479831,8794,5,text_en_1919
9571,78.26704483003958,38.06763807083529,6299,2,octagram
9572,74.4527404194451,28.857175369816847,4276,1,inner_ring
9573,57.95600127727242,56.922633202151,7690,4,stroke_kai
9574,52.377178887194106,33.162694876776854,7546,3,stroke_nan
9575,85.8793802368659,58.31158444797192,9925,5,text_en_1919
9576,51.46764884668788,88.22962579051583,472,0,outer_ring
9577,51.4117151816187,89.30881064350436,469,0,outer_ring
9578,25.841472133934232,56.62236383578977,3766,1,inner_ring
9579,61.24063988828008,55.48810058448941,7793,4,stroke_kai
9580,50.16589525534688,88.59912941342075,560,0,outer_ring
9581,49.30746096372757,90.28348668348642,607,0,outer_ring
9582,58.19527597965496,80.44364059117441,9072,5,text_en_1919
9583,62.393760513328864,88.89985987594329,46,0,outer_ring
9584,43.09352655271302,71.01291812511445,4991,2,octagram
9585,50.15440728230295,81.23897427689815,8939,5,text_en_1919
9586,41.70396611511989,51.56469496797556,6913,3,stroke_nan
9587,60.194594785189345,89.00815176996832,74,0,outer_ring
9588,41.58843227287342,71.38424094083713,4993,2,octagram
9589,20.04693497186528,56.14739999058748,9990,5,text_en_1919
9590,29.579729319383272,48.52240976356561,3817,1,inner_ring
9591,45.69275187167746,62.87735496955191,5036,2,octagram
9592,58.127711179323725,89.2088769649994,125,0,outer_ring
9593,43.13744913456911,71.84931039077333,4986,2,octagram
9594,78.48765763554049,61.78612800505614,3331,1,inner_ring
9595,67.90583145735326,63.724819606578684,4571,2,octagram
9596,59.01319191330748,83.47193382765684,8772,5,text_en_1919
9597,54.912387822037346,87.86848216475512,258,0,outer_ring
9598,85.25607884838234,68.50512644327468,9529,5,text_en_1919
9599,60.45474237752507,59.94019373591632,7644,4,stroke_kai
9600,70.94860866750201,70.53676200216323,3405,1,inner_ring
9601,56.372260655893086,49.01144016072067,8003,4,stroke_kai
9602,58.00820549420722,79.29388644947011,9155,5,text_en_1919
9603,64.62786913198711,58.75647857202911,7692,4,stroke_kai
9604,58.18271369104359,58.48780331337072,7665,4,stroke_kai
9605,57.76830497888346,47.73577210394935,8071,4,stroke_kai
9606,78.8869011115606,60.22533681913609,3316,1,inner_ring
9607,56.68665457279505,37.59115947574792,8465,4,stroke_kai
9608,56.93141764060061,48.748269448198506,8012,4,stroke_kai
9609,90.26476679665505,45.93745960303362,10510,5,text_en_1919
9610,90.33317279081548,41.60965607572521,10626,5,text_en_1919
9611,64.15281760010977,73.74605202660649,4696,2,octagram
9612,33.64762001852153,50.37901484408519,5336,2,octagram
9613,42.04858573210215,53.192768282699944,6811,3,stroke_nan
9614,41.52475883126363,62.20736412627223,5091,2,octagram
9615,58.29705194872659,6.4555974406550085,2592,0,outer_ring
9616,88.39920084846568,41.438545084839745,10666,5,text_en_1919
9617,76.30190322456215,29.46053377644593,4285,1,inner_ring
9618,67.33202004220148,58.21513922529244,7719,4,stroke_kai
9619,90.44202717200002,47.79863131295433,10375,5,text_en_1919
9620,88.62875678012115,47.975178176062656,10371,5,text_en_1919
9621,80.88176324685172,39.05749824319763,4360,1,inner_ring
9622,39.77577421852644,49.61495330790202,6959,3,stroke_nan
9623,75.13042553068883,50.851739187630756,6482,2,octagram
9624,69.27696738018702,9.422273794127218,3158,0,outer_ring
9625,57.07404114817351,5.669189889690475,2469,0,outer_ring
9626,45.50593159274632,6.03211151708744,1609,0,outer_ring
9627,42.60417522422647,7.409761621352378,1528,0,outer_ring
9628,56.54810991315044,6.231504076602597,2422,0,outer_ring
9629,42.470123980710156,27.282532901820204,5724,2,octagram
9630,51.048928935130256,4.97013145985629,1916,0,outer_ring
9631,75.24727322173202,28.056726748011076,4275,1,inner_ring
9632,72.81939660620671,9.50291850226875,3195,0,outer_ring
9633,70.30692630961654,8.997445717127999,3171,0,outer_ring
9634,64.35680694251626,7.456501614076033,3006,0,outer_ring
9635,56.97683926562733,5.89404811954484,2461,0,outer_ring
9636,45.93606871349612,13.995048440331061,11082,5,text_en_1919
9637,45.68753767204849,14.92848570375667,10973,5,text_en_1919
9638,59.19971672566839,6.524967403398569,2663,0,outer_ring
9639,44.588592341646105,24.00942566532736,5784,2,octagram
9640,52.30418626291043,33.85681936474534,7540,3,stroke_nan
9641,71.7964588501642,10.792329807959533,3192,0,outer_ring
9642,67.45238057507149,43.08150054989739,8281,4,stroke_kai
9643,57.759117267640256,6.65020755654662,2541,0,outer_ring
9644,68.37251507548599,8.093438887706759,3134,0,outer_ring
9645,92.08733572428218,46.53901638553372,10491,5,text_en_1919
9646,81.42360076637092,37.12374005569536,4346,1,inner_ring
9647,77.62214953507623,61.9782954942683,3333,1,inner_ring
9648,54.63480278251986,17.0680774788976,4125,1,inner_ring
9649,82.94933516523798,24.50454289844377,10842,5,text_en_1919
9650,58.05956514919169,13.675890589472743,11197,5,text_en_1919
9651,78.77309569470083,41.23758369200913,6350,2,octagram
9652,86.71644710339672,46.67733177891563,10459,5,text_en_1919
9653,38.61922559312058,86.6782351478444,1227,0,outer_ring
9654,39.529390394420794,86.55121237639445,1207,0,outer_ring
9655,44.021331616248446,88.25242028219918,989,0,outer_ring
9656,49.970654248560976,79.87791045469147,9055,5,text_en_1919
9657,44.851382935719876,88.45847393463153,944,0,outer_ring
9658,48.22589431040471,90.27253459692446,693,0,outer_ring
9659,51.70395470424365,88.71102703252771,445,0,outer_ring
9660,42.20379817600242,49.63459872635886,6977,3,stroke_nan
9661,22.433407274732723,55.97430139422209,10005,5,text_en_1919
9662,22.597754491418325,41.65543637440383,10631,5,text_en_1919
9663,39.871070287321885,64.38449852551554,5067,2,octagram
9664,24.844505357678706,77.368789537017,1380,0,outer_ring
9665,31.30934499917595,53.34426790301205,5297,2,octagram
9666,37.613665976518554,48.994212121816524,7031,3,stroke_nan
9667,40.95450691625308,23.455847469875213,4029,1,inner_ring
9668,24.031414959359058,57.17695116616259,9999,5,text_en_1919
9669,36.74749431555279,24.859722061312134,3999,1,inner_ring
9670,20.548223411035202,36.37955281882187,10789,5,text_en_1919
9671,36.58009515778763,25.713867146553092,3995,1,inner_ring
9672,21.74751549576643,61.18868631108541,9783,5,text_en_1919
9673,20.599622945691397,58.67039361230991,9930,5,text_en_1919
9674,50.01210668063187,51.66018067740138,6858,3,stroke_nan
9675,43.17617125427549,57.13808618266095,6688,3,stroke_nan
9676,45.651297550456995,37.58095817673605,7492,3,stroke_nan
9677,40.00836006806953,61.7111958593039,5107,2,octagram
9678,54.68189319545269,89.64278548768773,268,0,outer_ring
9679,43.01382636290141,58.30853751301786,6663,3,stroke_nan
9680,65.96437058846315,72.84799641818262,4678,2,octagram
9681,41.16918308277716,46.73686733196275,7151,3,stroke_nan
9682,53.48219610902332,89.79917760072001,335,0,outer_ring
9683,60.304648011779676,71.72888543630992,4744,2,octagram
9684,53.319118439196735,89.85860048803876,350,0,outer_ring
9685,33.636823483086594,49.85933900050616,5339,2,octagram
9686,47.16667402912948,49.73326518157334,6992,3,stroke_nan
9687,44.96300376159816,24.86242216842389,5795,2,octagram
9688,55.35150258984138,6.153592735662362,2298,0,outer_ring
9689,66.85013554139569,17.524722463497007,10901,5,text_en_1919
9690,42.96891632535164,33.223043069982964,5661,2,octagram
9691,70.66981655982556,25.294667864807717,4239,1,inner_ring
9692,50.430711170655286,6.263393377766139,1868,0,outer_ring
9693,63.08206496344404,21.438538263809516,4189,1,inner_ring
9694,34.1159503339108,29.662716449936482,3959,1,inner_ring
9695,52.545557420551134,6.1499239620249515,2044,0,outer_ring
9696,42.8817928794409,46.16183680181661,7135,3,stroke_nan
9697,42.6251994894251,43.51152774647718,7300,3,stroke_nan
9698,39.659862981602025,48.419482490099945,7025,3,stroke_nan
9699,37.91567375000063,33.67872621579999,5606,2,octagram
9700,37.12780480549557,7.859186068922186,1447,0,outer_ring
9701,51.58658700999218,48.03085648569357,7039,3,stroke_nan
9702,46.22587893692119,8.518331268886365,1618,0,outer_ring
9703,28.950153616513504,64.47810171773475,9665,5,text_en_1919
9704,44.157226342832864,4.948791195236314,1577,0,outer_ring
9705,82.03070763564283,43.23550079197299,4389,1,inner_ring
9706,77.99698295022529,43.170332855271575,6366,2,octagram
9707,90.0706488536608,43.30900987761142,10558,5,text_en_1919
9708,58.53158949457971,14.107213711095273,11173,5,text_en_1919
9709,65.0689743156871,36.5624525909635,8488,4,stroke_kai
9710,68.89568705440786,8.365749801554239,3146,0,outer_ring
9711,55.545425103140815,6.131865761067502,2326,0,outer_ring
9712,51.60861996688724,6.521691786551566,1972,0,outer_ring
9713,50.252692479877005,58.85537944842205,6638,3,stroke_nan
9714,63.53114501352657,81.95732135380109,8920,5,text_en_1919
9715,84.72500981154269,42.58779360102091,10643,5,text_en_1919
9716,68.22328081605471,79.58768462446214,9115,5,text_en_1919
9717,31.185678346186762,56.36751457214842,5262,2,octagram
9718,49.32853548790896,84.35182143438035,8614,5,text_en_1919
9719,78.05440166535215,54.98038845738772,6538,2,octagram
9720,37.461906355985796,68.85202864313061,3651,1,inner_ring
9721,58.877679165771625,86.26917194131536,8626,5,text_en_1919
9722,56.36713957452238,90.48616196358232,192,0,outer_ring
9723,50.50698932404637,89.43567958288382,528,0,outer_ring
9724,58.540185566020085,83.41743246192004,8760,5,text_en_1919
9725,60.57072214663708,88.34875070857429,65,0,outer_ring
9726,59.00113325655101,80.64926833502773,9003,5,text_en_1919
9727,38.605773552638105,89.61030936047811,1198,0,outer_ring
9728,42.52147449597365,74.8289761725322,3600,1,inner_ring
9729,23.522704721558178,67.65336055060762,9565,5,text_en_1919
9730,30.361838393296292,55.393346851354984,5272,2,octagram
9731,32.37407308706742,64.94308717573436,3692,1,inner_ring
9732,23.416208094234776,43.96739659591931,10542,5,text_en_1919
9733,45.34283916801645,58.9902241019798,6613,3,stroke_nan
9734,59.727327268591104,80.36067671859453,9061,5,text_en_1919
9735,45.773961368498526,88.06263520580796,893,0,outer_ring
9736,44.20007238700086,86.1828988010909,8645,5,text_en_1919
9737,65.41350650387365,73.57821689468786,4689,2,octagram
9738,69.03173559748495,71.37051441327297,3418,1,inner_ring
9739,47.99860843101235,88.98594767787638,718,0,outer_ring
9740,51.009229160711556,19.853262911741883,4099,1,inner_ring
9741,58.41165923319823,81.27588503955442,8952,5,text_en_1919
9742,57.623224991445504,57.880510840437395,7681,4,stroke_kai
9743,57.9762234663033,70.52902344093826,4768,2,octagram
9744,56.180082472286635,68.30094420544997,4803,2,octagram
9745,53.94607125640953,83.00359555029985,8757,5,text_en_1919
9746,63.844507647478764,60.110292820695896,7623,4,stroke_kai
9747,82.70036934443156,63.5030573123171,9713,5,text_en_1919
9748,44.79824420323163,27.677707091768898,5728,2,octagram
9749,87.15401888644232,48.58076999086096,10367,5,text_en_1919
9750,61.71025777503007,57.68157281281552,7722,4,stroke_kai
9751,65.46217997697408,56.091720387774906,7768,4,stroke_kai
9752,90.46758153855113,53.87477793505566,10077,5,text_en_1919
9753,78.17642438258686,61.49286958744621,3328,1,inner_ring
9754,58.01061992438211,12.330874061962946,11281,5,text_en_1919
9755,46.971035450752446,45.176914183429126,7220,3,stroke_nan
9756,49.17944968597826,49.03570093481168,7061,3,stroke_nan
9757,75.98169439051341,35.945428760720965,6257,2,octagram
9758,64.38948522673786,5.8610135160095425,2991,0,outer_ring
9759,58.30559249131138,7.807920777323172,2606,0,outer_ring
9760,65.60397451007847,56.478381469973506,7761,4,stroke_kai
9761,78.46332704471881,59.08870270994041,4442,2,octagram
9762,77.05024549493469,38.167071590164184,6278,2,octagram
9763,64.38494301372269,34.94322770883792,8546,4,stroke_kai
9764,72.97464661876663,25.646278299444408,4255,1,inner_ring
9765,65.19011555082261,4.560650698844267,3009,0,outer_ring
9766,70.69632514202328,35.06633457158962,6202,2,octagram
9767,48.133321042695634,7.207381895575937,1703,0,outer_ring
9768,50.12442588261425,5.643923233966789,1843,0,outer_ring
9769,58.62716062040584,15.601964627247353,11076,5,text_en_1919
9770,56.61617204424606,5.2526010530025244,2424,0,outer_ring
9771,58.50921089578802,10.372239830057715,11328,5,text_en_1919
9772,67.09839147547426,9.95038762546844,3116,0,outer_ring
9773,55.45106366523518,5.52315239101455,2314,0,outer_ring
9774,45.63075716759959,6.027174862081156,1612,0,outer_ring
9775,53.82680261701019,6.66436853854963,2163,0,outer_ring
9776,61.67566252752212,5.978388687063279,2830,0,outer_ring
9777,67.25410003897974,47.752616444799344,8090,4,stroke_kai
9778,61.551739112224304,9.664535842268988,2863,0,outer_ring
9779,50.26384655792001,7.478663849493121,1838,0,outer_ring
9780,52.54315346718912,6.760639780983136,2039,0,outer_ring
9781,63.535277957666494,5.943000045008037,2943,0,outer_ring
9782,59.25665573194055,7.454253379929959,2677,0,outer_ring
9783,65.73310095069172,25.75252482450766,6088,2,octagram
9784,59.499191961383175,6.313108457374548,2687,0,outer_ring
9785,64.86696550166214,8.27067289161862,3035,0,outer_ring
9786,68.87353723354387,30.271568284683113,6151,2,octagram
9787,77.71292128321647,52.59755684503929,6515,2,octagram
9788,67.61517235097811,48.56924234245294,8043,4,stroke_kai
9789,83.50255762483532,52.20646915709515,3251,1,inner_ring
9790,57.73293718706687,16.19307503901831,11008,5,text_en_1919
9791,71.17324232898865,9.073369618215349,3182,0,outer_ring
9792,44.94073210311083,39.41757798050302,7452,3,stroke_nan
9793,48.06784206250449,4.918164455885114,1714,0,outer_ring
9794,89.69260295416149,56.14402063575412,10023,5,text_en_1919
9795,52.58516516664698,83.30247999960729,8708,5,text_en_1919
9796,42.6681083283746,90.31962498172862,1033,0,outer_ring
9797,52.451850059167455,92.24616106651867,398,0,outer_ring
9798,46.868191657417796,89.64549808179567,793,0,outer_ring
9799,49.68420363079204,80.8411553672472,8972,5,text_en_1919
9800,32.17905765109178,82.28279718445049,1349,0,outer_ring
9801,42.175998827613704,80.26881839807567,9031,5,text_en_1919
9802,24.332651113781758,37.47796348371156,10739,5,text_en_1919
9803,30.16602021023908,66.7765436173802,9617,5,text_en_1919
9804,42.65910892615268,60.51568235028393,5095,2,octagram
9805,35.682891139574416,26.957310771659273,3984,1,inner_ring
9806,30.049990393286905,55.25340302668381,5270,2,octagram
9807,26.079179917305147,57.138771301795835,3762,1,inner_ring
9808,17.592707576461365,37.111995837025084,10774,5,text_en_1919
9809,22.174234137472627,45.23801814048718,10544,5,text_en_1919
9810,40.76204810834473,31.201757131937804,5679,2,octagram
9811,30.893795511785317,30.428469842141244,3941,1,inner_ring
9812,20.597420982078212,43.27117648998272,10560,5,text_en_1919
9813,22.817569730111625,49.03815428991609,10263,5,text_en_1919
9814,27.369970913939625,43.54526807500327,3855,1,inner_ring
9815,30.506074501384457,71.44716240252596,9440,5,text_en_1919
9816,28.043954488376095,63.63072231148113,9722,5,text_en_1919
9817,44.57601697884962,73.90440289097815,4954,2,octagram
9818,20.166352121900186,60.81138700807014,9775,5,text_en_1919
9819,37.419144356342095,86.17897997552946,1259,0,outer_ring
9820,72.81915061024799,48.651572918127684,6451,2,octagram
9821,44.35424506654608,83.69547918828908,8724,5,text_en_1919
9822,34.63231297515651,60.66000844789292,5164,2,octagram
9823,49.50709454423959,89.39249026890408,595,0,outer_ring
9824,65.78770468038302,56.62473709779881,7749,4,stroke_kai
9825,43.371146493187624,72.54778144145449,4977,2,octagram
9826,36.021107413795015,34.60488573102206,5589,2,octagram
9827,53.280430937127385,45.33746543740823,7178,3,stroke_nan
9828,27.859296428015664,56.70574970809588,3760,1,inner_ring
9829,43.73000089787252,46.031318427858295,7145,3,stroke_nan
9830,60.53157041964196,9.056921935600469,2790,0,outer_ring
9831,55.70529548084452,26.181757082203376,5924,2,octagram
9832,41.949354163855546,30.838427991796166,5686,2,octagram
9833,49.33317640550182,5.819687880212516,1783,0,outer_ring
9834,45.40058738831241,45.493235989892206,7197,3,stroke_nan
9835,43.61811443239186,89.17058225000461,1001,0,outer_ring
9836,28.859831072021663,24.39250703441432,10851,5,text_en_1919
9837,31.426325966984205,32.53212243882554,3932,1,inner_ring
9838,38.276029075273,22.968543458923957,4016,1,inner_ring
9839,51.167388005398124,77.69305443912754,9119,5,text_en_1919
9840,41.773037610047524,13.947373022199194,11115,5,text_en_1919
9841,47.092593696656536,22.257619904458085,5826,2,octagram
9842,41.29447023943135,40.891660506610265,7400,3,stroke_nan
9843,44.08588714082845,26.159771814126252,5739,2,octagram
9844,38.601758543673526,29.0141529791466,3991,1,inner_ring
9845,52.385523631610276,6.201089113641943,2026,0,outer_ring
9846,55.38903364820921,8.328544589093218,2316,0,outer_ring
9847,53.647148324632944,42.758479385020514,7379,3,stroke_nan
9848,40.42464380680393,23.247710129542444,4025,1,inner_ring
9849,45.85142731055075,43.38587259980161,7304,3,stroke_nan
9850,65.30654700795452,42.499436511183184,8338,4,stroke_kai
9851,46.96237198885986,51.53690485651058,6900,3,stroke_nan
9852,65.436261434699,73.03193896805216,4681,2,octagram
9853,84.62005843489787,61.69178934238998,9758,5,text_en_1919
9854,39.97023788610421,56.90168132838937,6757,3,stroke_nan
9855,58.54784991729197,27.237553504785176,5969,2,octagram
9856,72.84893037353835,79.99655504877077,9030,5,text_en_1919
9857,88.75574883267126,59.20664355028627,9883,5,text_en_1919
9858,72.21398292087154,60.76038898191019,4527,2,octagram
9859,69.51230579166057,42.34934362589381,8298,4,stroke_kai
9860,60.30135867026874,55.53626248010511,7799,4,stroke_kai
9861,58.182173950224694,77.48610883457224,9242,5,text_en_1919
9862,31.168917615124695,83.36619710276081,1352,0,outer_ring
9863,42.151836231129316,70.09451462083513,5001,2,octagram
9864,45.01966446401165,90.07850803370702,911,0,outer_ring
9865,62.16565290771633,88.94648634383375,50,0,outer_ring
9866,50.51617944238679,89.99887634024442,523,0,outer_ring
9867,54.51882289570017,80.4001025112212,9012,5,text_en_1919
9868,48.20014685353576,89.21749172101964,709,0,outer_ring
9869,66.97591765781286,72.21779061956575,4651,2,octagram
9870,50.528531446346264,92.33669036859918,506,0,outer_ring
9871,49.236761245122594,89.02872420997039,628,0,outer_ring
9872,47.417168251400746,76.50724028803151,9280,5,text_en_1919
9873,33.28314105556086,45.48415852339021,5391,2,octagram
9874,20.312860353653015,52.70398040912322,10150,5,text_en_1919
9875,29.643982407486234,58.14238518844956,5225,2,octagram
9876,46.429698847314185,78.75791593797182,9227,5,text_en_1919
9877,74.86121930871649,66.19638962484343,3363,1,inner_ring
9878,60.167135188070546,80.33671010167674,9027,5,text_en_1919
9879,59.46183274269022,71.03268830011656,4753,2,octagram
9880,53.43648147059723,90.38641805473164,339,0,outer_ring
9881,54.100638856805006,66.89792066733173,4832,2,octagram
9882,50.89614647433688,89.91460891074352,490,0,outer_ring
9883,57.62930764709224,91.2238359744071,147,0,outer_ring
9884,76.92901551838492,81.0271077821759,9141,5,text_en_1919
9885,56.88539925344823,77.38266433709823,9176,5,text_en_1919
9886,69.60326734379643,62.52420453568214,4561,2,octagram
9887,41.75895765870509,73.2543160443847,3606,1,inner_ring
9888,70.03516998203561,77.90981399113436,9269,5,text_en_1919
9889,58.67041493083091,75.24128397416473,3495,1,inner_ring
9890,62.428739546202586,47.65589315282517,8062,4,stroke_kai
9891,77.84824701109076,37.731061228445924,6291,2,octagram
9892,60.184556861589805,76.80784301152669,3482,1,inner_ring
9893,61.3918019780242,61.98156372519411,7598,4,stroke_kai
9894,63.003741599511166,51.2667825194258,7927,4,stroke_kai
9895,75.73056862730701,61.114503465252916,4485,2,octagram
9896,81.16029970595196,24.52686885220667,10847,5,text_en_1919
9897,61.357495749212454,7.76048519522756,2829,0,outer_ring
9898,50.210718762285154,6.3988592729619205,1845,0,outer_ring
9899,58.718424275063015,51.01637164805222,7961,4,stroke_kai
9900,76.85017938344268,31.809792670026525,4299,1,inner_ring
9901,74.1977474455112,28.77194897098257,4272,1,inner_ring
9902,82.36607659215859,60.648049017235714,9818,5,text_en_1919
9903,80.97022089038067,56.207670811137824,3288,1,inner_ring
9904,63.967549794038916,22.147037278787312,6037,2,octagram
9905,52.004299713783496,7.723298409193136,1992,0,outer_ring
9906,56.89059212604428,43.34658268994782,8241,4,stroke_kai
9907,50.77166952626164,6.357669367557589,1891,0,outer_ring
9908,54.358314713371215,4.617671446872669,2201,0,outer_ring
9909,57.13963640086961,5.2803223815913665,2474,0,outer_ring
9910,60.76056054187649,5.97544285303824,2768,0,outer_ring
9911,61.26087189499958,6.346663976036174,2807,0,outer_ring
9912,48.87613081480339,9.632340631721451,11326,5,text_en_1919
9913,40.430695204502015,9.684620991175972,1475,0,outer_ring
9914,55.49132332556702,5.8555765295513345,2319,0,outer_ring
9915,62.421999497974866,41.121740895411364,8363,4,stroke_kai
9916,43.47682698434664,11.59832323404156,11127,5,text_en_1919
9917,66.81308072252692,19.32191910132025,10866,5,text_en_1919
9918,48.350937164196246,16.63595109038711,10926,5,text_en_1919
9919,41.491877203296596,9.70981570037053,1491,0,outer_ring
9920,46.477901884476616,19.860420158130513,4070,1,inner_ring
9921,45.402258578241174,24.36809542155425,5793,2,octagram
9922,66.68336881261986,19.574869449771047,10863,5,text_en_1919
9923,66.11896273043851,30.891721414409737,6148,2,octagram
9924,66.42795422647791,6.557779320003351,3076,0,outer_ring
9925,54.471272130667245,7.731770356282069,2215,0,outer_ring
9926,64.2409562154555,6.944198111574458,2996,0,outer_ring
9927,77.9631493449768,35.43656295386476,6280,2,octagram
9928,56.59893748642782,28.89926907187572,8567,4,stroke_kai
9929,88.21593079556563,53.47624847295591,10103,5,text_en_1919
9930,82.87741559766351,59.71640936398631,9835,5,text_en_1919
9931,57.44101688516919,4.85877306885868,2497,0,outer_ring
9932,68.57092478127478,38.15789026380574,8441,4,stroke_kai
9933,80.97092501869506,40.87678576994056,4373,1,inner_ring
9934,56.26898400547258,6.420723301999763,2401,0,outer_ring
9935,47.8032602783346,10.325532791293112,11266,5,text_en_1919
9936,72.36867168562408,67.88094664011113,3383,1,inner_ring
9937,46.215759090954684,89.66543614474149,846,0,outer_ring
9938,65.53108051317339,69.8397630277696,4642,2,octagram
9939,54.59355272685005,85.45617499797753,8586,5,text_en_1919
9940,51.84867641867916,90.415966811381,431,0,outer_ring
9941,46.4750049489773,87.40438641124187,856,0,outer_ring
9942,28.390485297542064,59.98501503631296,3738,1,inner_ring
9943,47.85888432111434,71.73560141729878,4911,2,octagram
9944,42.510034127758445,89.51228515066208,1053,0,outer_ring
9945,40.878989364169804,57.045846234562354,6669,3,stroke_nan
9946,23.37162535859223,73.34941886086604,9432,5,text_en_1919
9947,27.268243117226817,47.652697484718956,3824,1,inner_ring
9948,26.13404702660187,44.85946931508968,3846,1,inner_ring
9949,28.724976877496605,35.811535063974134,3904,1,inner_ring
9950,28.233701931555565,58.67836587459702,5232,2,octagram
9951,25.645265398040447,38.155654255282684,3888,1,inner_ring
9952,20.027590166407897,37.518607406475056,10757,5,text_en_1919
9953,29.367182833395216,33.230684850567876,3923,1,inner_ring
9954,51.05144175600165,38.31324565298403,7442,3,stroke_nan
9955,31.128628343241594,31.495658610561282,3938,1,inner_ring
9956,60.88351463263362,24.618867082199337,6001,2,octagram
9957,42.47423655089643,34.08759108378824,5645,2,octagram
9958,67.66824048751094,8.671895408977985,3121,0,outer_ring
9959,57.29918049032313,11.014305757214297,11325,5,text_en_1919
9960,44.52653387738361,32.972943129340756,5669,2,octagram
9961,59.63690663143251,74.96098678850818,3484,1,inner_ring
9962,60.867743539165104,71.62158289248286,4739,2,octagram
9963,42.922405799962256,52.46559670562199,6803,3,stroke_nan
9964,48.39560263630098,49.704854383189364,6969,3,stroke_nan
9965,64.26552385586665,81.93939767469412,8876,5,text_en_1919
9966,46.42254997541921,53.97426050546103,6777,3,stroke_nan
9967,55.257069293867865,83.91963654263641,8649,5,text_en_1919
9968,53.681379197198716,89.21488336312785,327,0,outer_ring
9969,59.73207601944484,90.31387778841155,82,0,outer_ring
9970,53.16574066340308,42.89111874012767,7378,3,stroke_nan
9971,46.39670391505964,6.483856666332492,1640,0,outer_ring
9972,82.69548330447749,44.78490796289431,4403,1,inner_ring
9973,33.05574579727367,48.7703376085791,5348,2,octagram
9974,59.52767576620156,49.32140119656647,8004,4,stroke_kai
9975,51.406043021534614,5.928800110350057,1954,0,outer_ring
9976,72.81229201405306,34.59992833111063,6215,2,octagram
9977,41.15963660482796,32.701225662882734,5659,2,octagram
9978,50.128728876117904,16.53346874575042,10951,5,text_en_1919
9979,31.876074388817113,36.896213580136155,5537,2,octagram
9980,30.65476090541534,57.41719571546588,5256,2,octagram
9981,29.96502856604286,76.31141628631451,9325,5,text_en_1919
9982,49.48490734855948,56.574609367540525,6698,3,stroke_nan
9983,40.27654979163237,43.1605024138873,7325,3,stroke_nan
9984,40.143807098459305,17.350262665077256,11039,5,text_en_1919
9985,31.294591546620534,40.44346030018993,5448,2,octagram
9986,52.28996298248832,36.88320146446696,7480,3,stroke_nan
9987,59.93465160931848,75.6344120539337,3481,1,inner_ring
9988,46.6907123031406,6.133897404654128,1658,0,outer_ring
9989,56.66459395847659,5.435924634099046,2430,0,outer_ring
9990,59.743894867933385,5.567007324613361,2698,0,outer_ring
9991,55.67241733850258,52.48672544898297,7809,4,stroke_kai
9992,53.68254819001362,6.108018516618112,2151,0,outer_ring
9993,48.643701552227284,9.554596737346015,11333,5,text_en_1919
9994,44.21748102413786,14.689227591163762,11062,5,text_en_1919
9995,51.44191045712559,46.31228579950403,7149,3,stroke_nan
9996,62.02267314508636,41.45259531596069,8364,4,stroke_kai
9997,55.20255155200215,5.93860419102894,2282,0,outer_ring
9998,50.084352703054826,83.06682630462713,8735,5,text_en_1919
9999,76.57622251854977,73.73541962252108,9402,5,text_en_1919
10000,87.60422407846502,46.821619940206226,10444,5,text_en_1919
10001,47.04285531923417,78.69179981714747,9228,5,text_en_1919
10002,62.09426121552608,24.203526788236196,6020,2,octagram
10003,63.777446259630615,54.35036809274455,7823,4,stroke_kai
10004,32.92978134591347,62.90644344745318,3705,1,inner_ring
10005,36.863729991889976,86.59473292501767,1267,0,outer_ring
10006,41.32309187221232,86.20700036396158,1147,0,outer_ring
10007,46.25310576683023,89.51723093300859,845,0,outer_ring
10008,38.68456882514779,84.04908268278943,1254,0,outer_ring
10009,45.91484226211347,88.86281655159395,871,0,outer_ring
10010,54.258720606852016,90.27678050459264,297,0,outer_ring
10011,25.33373000919645,68.7414601432862,9576,5,text_en_1919
10012,57.251784776889316,89.70125025424122,159,0,outer_ring
10013,41.39562476455308,88.21809234047757,1118,0,outer_ring
10014,49.08138690042365,90.01848152664405,631,0,outer_ring
10015,21.074750855783147,55.387464771429734,10003,5,text_en_1919
10016,41.913583913949275,32.18533362536729,5670,2,octagram
10017,64.45995463802272,50.529349739161276,7982,4,stroke_kai
10018,44.8891742554044,86.67547240449466,966,0,outer_ring
10019,37.05379736167509,68.35595317391302,3655,1,inner_ring
10020,59.38588783487967,90.54932044211749,90,0,outer_ring
10021,56.84068852052142,54.51052758683619,7801,4,stroke_kai
10022,62.43386058639748,58.0473365873206,7687,4,stroke_kai
10023,44.775888051971826,85.44216822791732,985,0,outer_ring
10024,48.004786800370766,89.56117521319692,714,0,outer_ring
10025,79.39730125990761,61.74615535050575,3327,1,inner_ring
10026,75.16236202717317,51.15298528093486,6490,2,octagram
10027,69.09317622703811,62.528964643919544,4567,2,octagram
10028,52.60373286682257,88.00364162047312,399,0,outer_ring
10029,88.52923127401942,48.63497235151822,10352,5,text_en_1919
10030,68.62435346113773,64.40786194959013,4575,2,octagram
10031,67.94046346981035,62.59968015204168,4565,2,octagram
10032,60.6322227384424,54.551179101729964,7827,4,stroke_kai
10033,64.17466455737114,49.65145768981495,8034,4,stroke_kai
10034,90.71905970960017,41.633124664757496,10595,5,text_en_1919
10035,56.459041668775306,69.25234747847446,4796,2,octagram
10036,72.9049784193101,60.76212338698692,4521,2,octagram
10037,87.17498749601792,63.229530949538855,9732,5,text_en_1919
10038,60.54184988683087,5.3747124580549865,2749,0,outer_ring
10039,93.13391440320078,45.316165225725115,10512,5,text_en_1919
10040,68.49562572704659,44.97099189189564,8224,4,stroke_kai
10041,74.28341253601619,66.36520106315801,3367,1,inner_ring
10042,78.89403681424278,34.329228635586986,4322,1,inner_ring
10043,83.88618476801965,70.02250697424897,9456,5,text_en_1919
10044,68.91352722691745,49.63561689006487,7986,4,stroke_kai
10045,85.95153346707525,56.40018674519911,9982,5,text_en_1919
10046,51.19196074508177,5.976265227477108,1926,0,outer_ring
10047,82.20112077856996,54.59800420592998,3275,1,inner_ring
10048,65.96530781760103,42.08740158793209,8324,4,stroke_kai
10049,51.758916846036406,37.506772481273366,7469,3,stroke_nan
10050,60.1822972004453,6.980624931086192,2736,0,outer_ring
10051,57.23332553744586,14.309081291506976,11143,5,text_en_1919
10052,60.722821952131994,6.258211598077334,2769,0,outer_ring
10053,61.707635023752196,7.6293071141806506,2849,0,outer_ring
10054,46.64931400333296,20.481233784509797,4071,1,inner_ring
10055,69.56389375594789,16.432735351848,10972,5,text_en_1919
10056,56.05188327545642,6.733459107940078,2374,0,outer_ring
10057,49.4907801623496,6.386508603612733,1788,0,outer_ring
10058,51.2209671307099,5.9198378811554395,1933,0,outer_ring
10059,50.878026114045205,8.098720459277176,1886,0,outer_ring
10060,55.90971739560811,5.6652518300430055,2356,0,outer_ring
10061,58.222858683365686,13.372665537914415,11219,5,text_en_1919
10062,61.85219649518464,38.25791462830794,8452,4,stroke_kai
10063,50.165711781518645,8.351336250825812,1825,0,outer_ring
10064,72.84434026201843,11.4795769574199,3207,0,outer_ring
10065,57.89192831910133,5.827767343542716,2551,0,outer_ring
10066,50.548943157598416,48.25260690374906,7034,3,stroke_nan
10067,64.93317175865883,6.448295079049103,3017,0,outer_ring
10068,53.232003479609624,9.101235594346834,2101,0,outer_ring
10069,60.67228862752641,6.386489036882975,2765,0,outer_ring
10070,49.226817831683455,45.44813812360424,7121,3,stroke_nan
10071,89.06971388869246,48.950531297570194,10336,5,text_en_1919
10072,70.61718924514052,61.80612879190869,4542,2,octagram
10073,72.34052838328793,34.09972572245907,6207,2,octagram
10074,82.06061997782972,40.969817507627866,4374,1,inner_ring
10075,75.02796246337782,28.157174548415316,4274,1,inner_ring
10076,56.09829038035491,5.691110157047529,2375,0,outer_ring
10077,61.55027830263092,21.58453006378896,4174,1,inner_ring
10078,73.18862262673103,68.52145122352033,3381,1,inner_ring
10079,40.64543431974389,87.3860661696826,1157,0,outer_ring
10080,45.41201391566093,58.15586242335119,6647,3,stroke_nan
10081,29.399635422162447,65.44247930406276,9658,5,text_en_1919
10082,72.34229141796587,69.06609330431347,3389,1,inner_ring
10083,51.618607039324964,89.92917112697579,447,0,outer_ring
10084,58.2658011058005,90.16294935166502,123,0,outer_ring
10085,17.647334503505757,58.94549825615024,9920,5,text_en_1919
10086,41.93880427157476,87.96513250158364,1100,0,outer_ring
10087,45.53328575286067,88.33515728506012,904,0,outer_ring
10088,36.125964680142836,86.66437070882563,1281,0,outer_ring
10089,17.496747133556593,57.93265737264964,9960,5,text_en_1919
10090,35.26996730512594,68.48120393826211,3669,1,inner_ring
10091,23.335031622232407,57.129584646347254,9996,5,text_en_1919
10092,31.385194069956945,40.89554753635652,5443,2,octagram
10093,22.064483897510904,60.19510776101197,9874,5,text_en_1919
10094,39.1178930728697,43.90268763604084,7259,3,stroke_nan
10095,50.23796244318681,52.29234526119171,6831,3,stroke_nan
10096,22.440929377746944,40.023574549468655,10718,5,text_en_1919
10097,42.258174464154294,72.85777331967603,3605,1,inner_ring
10098,26.734472871037898,46.0625286374604,3835,1,inner_ring
10099,24.936979851166697,69.01598513089574,9518,5,text_en_1919
10100,51.96943472846045,43.506509790973396,7222,3,stroke_nan
10101,50.33563971690733,55.764396492786375,6719,3,stroke_nan
10102,49.58182521243953,88.93141708865727,593,0,outer_ring
10103,62.81304941081484,75.11046466424477,3459,1,inner_ring
10104,48.88605364320205,89.62783800436941,653,0,outer_ring
10105,43.40900465642595,88.46695425914918,1023,0,outer_ring
10106,57.83028076720917,90.5288738507885,136,0,outer_ring
10107,35.76381947618772,84.78244721666294,1302,0,outer_ring
10108,59.12515636976496,89.39120342680509,92,0,outer_ring
10109,63.664713393752,23.879758702946376,6057,2,octagram
10110,52.08962963165765,42.36495515227155,7279,3,stroke_nan
10111,55.922656652578254,6.752216601394062,2360,0,outer_ring
10112,65.03576953403102,35.808153733845955,8525,4,stroke_kai
10113,49.518358846872324,51.09437949609893,6868,3,stroke_nan
10114,34.347014098419585,46.395275609994286,7163,3,stroke_nan
10115,45.675421372838315,36.18956021815132,7520,3,stroke_nan
10116,61.75629496617822,22.503458934827236,6025,2,octagram
10117,52.245151355907225,4.85844158307516,2023,0,outer_ring
10118,67.70263448562184,79.57335236773214,9133,5,text_en_1919
10119,21.70426115156349,59.18358843711878,9899,5,text_en_1919
10120,50.46259643619769,7.176600712806447,1865,0,outer_ring
10121,40.08479445855616,10.365925684388793,1469,0,outer_ring
10122,28.783223413921945,54.90988799370229,5266,2,octagram
10123,53.66207299368851,27.152148131317087,5888,2,octagram
10124,23.074964734363746,56.49167895544031,10004,5,text_en_1919
10125,52.26772979576611,69.1117991710623,4849,2,octagram
10126,27.07504618567524,24.890670911333363,10840,5,text_en_1919
10127,41.123105498685895,23.328451147900147,4032,1,inner_ring
10128,41.63243371023579,8.679752219693766,1504,0,outer_ring
10129,50.47835492308857,5.665210071183415,1874,0,outer_ring
10130,54.62377373700289,6.853196798826317,2223,0,outer_ring
10131,61.710172694588586,7.725289930655149,2851,0,outer_ring
10132,54.60993171854471,67.31434827820577,4816,2,octagram
10133,52.24386306048306,6.8062390586901085,2016,0,outer_ring
10134,39.747838344553436,48.69427869449908,7001,3,stroke_nan
10135,70.88276462122795,9.548613050931362,3180,0,outer_ring
10136,59.90200326906343,42.490395506351696,8323,4,stroke_kai
10137,64.53579828600519,23.333324485944473,6050,2,octagram
10138,65.12140429602927,35.925677827322275,8524,4,stroke_kai
10139,42.882816566387184,72.49948757296717,4975,2,octagram
10140,65.50104699146804,41.001832602595826,8358,4,stroke_kai
10141,54.900537896532065,83.10421716970521,8780,5,text_en_1919
10142,60.79609759868923,49.221004127480306,8025,4,stroke_kai
10143,53.94835564669798,89.23419947468308,309,0,outer_ring
10144,72.51162739441318,60.17069042237167,4519,2,octagram
10145,60.289265455935336,82.77910227489424,8829,5,text_en_1919
10146,40.92630400251092,87.84405219978532,1141,0,outer_ring
10147,32.98548930380359,83.55253991211946,1338,0,outer_ring
10148,59.97030130918549,83.09845746213642,8819,5,text_en_1919
10149,32.83679500219794,71.76707279374288,9423,5,text_en_1919
10150,58.428974557089084,90.28824452659386,115,0,outer_ring
10151,69.98265032315965,83.13141870357097,8797,5,text_en_1919
10152,67.40901164400749,78.28065369483761,9283,5,text_en_1919
10153,48.30338723595834,87.55518091339871,715,0,outer_ring
10154,54.113812969742845,75.44890269514941,3526,1,inner_ring
10155,50.74389887608588,52.95183600950363,6791,3,stroke_nan
10156,43.909554337888906,66.45129104401317,5034,2,octagram
10157,16.052612357420333,41.747033498717194,10640,5,text_en_1919
10158,63.33952393435368,59.22099945416776,7655,4,stroke_kai
10159,33.777083232989064,49.02340602983099,5354,2,octagram
10160,54.448658416382045,89.66234390534534,285,0,outer_ring
10161,54.48908077237553,90.18234865649846,283,0,outer_ring
10162,51.92152639127821,88.64785540869715,434,0,outer_ring
10163,66.62140951957299,68.77200503601925,4623,2,octagram
10164,43.825961567146564,62.89802859399045,5071,2,octagram
10165,60.0403901979585,49.757984148044834,7988,4,stroke_kai
10166,50.59903543656721,89.4615664712658,519,0,outer_ring
10167,78.7256543482615,59.1315234042964,4439,2,octagram
10168,54.54218633671963,90.44345037241837,279,0,outer_ring
10169,62.066095354829656,59.816867862608845,7672,4,stroke_kai
10170,65.88516307173873,78.15588913371384,9288,5,text_en_1919
10171,46.564552826941075,52.5971945059792,6804,3,stroke_nan
10172,50.31714025810619,56.97657800112484,6708,3,stroke_nan
10173,64.03954329439239,50.261013420895324,8017,4,stroke_kai
10174,52.94026461705106,86.45374479259668,380,0,outer_ring
10175,75.03794954008792,71.95899618105179,9436,5,text_en_1919
10176,80.62381051630686,60.37578988243394,3311,1,inner_ring
10177,77.6074096691797,35.71992434985978,6271,2,octagram
10178,88.06094764520375,62.50578053684981,9762,5,text_en_1919
10179,54.40780715055598,76.84076184427316,9196,5,text_en_1919
10180,62.96228707823952,9.250838566784815,2953,0,outer_ring
10181,81.41782003670451,50.95954805776013,3247,1,inner_ring
10182,66.70446127461214,24.53187555821192,4215,1,inner_ring
10183,55.29419344366847,44.9854992405947,8268,4,stroke_kai
10184,79.30371550619083,37.987346493994124,6321,2,octagram
10185,65.71141483499191,25.680255992705852,6081,2,octagram
10186,76.76820034371956,52.56439623082985,6509,2,octagram
10187,74.61211594998514,71.07177710118907,9452,5,text_en_1919
10188,61.58798446062228,55.79050163071066,7795,4,stroke_kai
10189,83.41073982548089,49.715465922478394,10290,5,text_en_1919
10190,55.453031615467694,14.574955333913877,11142,5,text_en_1919
10191,44.48758824705914,19.32842472661501,4061,1,inner_ring
10192,61.7814056984964,5.7440945900218,2834,0,outer_ring
10193,56.43595896861503,5.187704075287265,2411,0,outer_ring
10194,59.47116122360861,6.275152424114759,2684,0,outer_ring
10195,61.80242943559541,5.088462171622893,2827,0,outer_ring
10196,56.07941576159861,4.932989166464828,2368,0,outer_ring
10197,48.413020314541,6.809517227808686,1717,0,outer_ring
10198,71.81471487121968,9.374828082302688,3187,0,outer_ring
10199,55.53356767609919,6.922239420298002,2327,0,outer_ring
10200,66.82906061484357,8.645433329369943,3100,0,outer_ring
10201,51.14547204351103,6.39811420423238,1914,0,outer_ring
10202,58.37857717628267,8.020240641982108,2613,0,outer_ring
10203,57.27480152674963,5.834503555961816,2487,0,outer_ring
10204,58.061165497915184,6.050101205357343,2572,0,outer_ring
10205,37.9160721144402,47.12812328470251,7062,3,stroke_nan
10206,58.68399912467226,5.6224783519166195,2615,0,outer_ring
10207,44.401997165040875,20.795487985544526,5801,2,octagram
10208,63.05515551659862,6.075097377290329,2917,0,outer_ring
10209,54.312937261086766,6.762187689068546,2199,0,outer_ring
10210,85.08542257930057,50.294481649145304,10283,5,text_en_1919
10211,55.81496308620369,3.8550301952191695,2345,0,outer_ring
10212,66.39763704557089,55.51082156472687,7747,4,stroke_kai
10213,70.01934403589493,42.52967152723301,8294,4,stroke_kai
10214,87.66284975031132,60.677718220338285,9821,5,text_en_1919
10215,77.08212393150664,32.03544144358846,4301,1,inner_ring
10216,61.23034595125775,38.90765441124179,8450,4,stroke_kai
10217,63.844618255667456,7.406781345835868,2984,0,outer_ring
10218,41.70477483433321,6.502093366312684,1518,0,outer_ring
10219,51.043793209844274,5.899110497253221,1910,0,outer_ring
10220,77.41267986623166,51.97654258836607,6512,2,octagram
10221,42.83788852139514,57.27193696066519,6711,3,stroke_nan
10222,45.63343398125837,79.28550370360777,9128,5,text_en_1919
10223,39.76785989098752,63.31140115506186,5084,2,octagram
10224,32.44568465698791,82.06302345218623,1348,0,outer_ring
10225,27.71935372075625,60.12724665478029,3741,1,inner_ring
10226,40.646727927783886,72.69846690022125,3618,1,inner_ring
10227,48.62948866330094,90.09865853071064,667,0,outer_ring
10228,31.361592423060937,65.30063713159645,3696,1,inner_ring
10229,21.11274636207012,55.878339787264714,10001,5,text_en_1919
10230,32.84906684311963,49.44587684870074,5340,2,octagram
10231,38.718913207440075,54.23589992404059,6800,3,stroke_nan
10232,24.202292859263093,58.86288743757183,9887,5,text_en_1919
10233,21.870120933011297,60.67580204706035,9879,5,text_en_1919
10234,28.422355934562585,67.25076499696112,9614,5,text_en_1919
10235,28.534175151830773,25.08153568553893,10832,5,text_en_1919
10236,22.61491011954518,45.747299883444676,10539,5,text_en_1919
10237,29.747152422634787,42.69949973119894,5441,2,octagram
10238,49.818822503761965,51.92697325130985,6857,3,stroke_nan
10239,22.521159952139,48.65614233385296,10289,5,text_en_1919
10240,33.48312526155031,42.88083359766807,7341,3,stroke_nan
10241,18.102365367941253,49.23702311254375,10287,5,text_en_1919
10242,18.647007800216304,65.67195430093237,9731,5,text_en_1919
10243,26.6200575426741,51.5716540129699,3800,1,inner_ring
10244,42.32013872458799,51.320305696548196,6917,3,stroke_nan
10245,53.654461868099574,69.03857821982334,4839,2,octagram
10246,39.69015590549384,45.673390662700704,7182,3,stroke_nan
10247,51.627401229826404,90.60935010783528,443,0,outer_ring
10248,55.769339746686924,89.10325475803539,215,0,outer_ring
10249,54.04343826753546,67.6367881071026,4836,2,octagram
10250,69.64804676911862,82.79944313950013,8831,5,text_en_1919
10251,68.51485234381592,84.2100205216659,8775,5,text_en_1919
10252,59.57679122642184,82.92418694091789,8839,5,text_en_1919
10253,51.2139153460617,52.286313708537634,6819,3,stroke_nan
10254,43.58006508028003,72.78256031014656,4965,2,octagram
10255,51.493979444390284,51.05485310640006,6892,3,stroke_nan
10256,50.268815329012945,12.400965946509471,11228,5,text_en_1919
10257,55.05755216260388,4.897958962064885,2268,0,outer_ring
10258,44.40212784360695,52.73092083479371,6839,3,stroke_nan
10259,55.23784504556299,7.760899837727198,2291,0,outer_ring
10260,44.373535435625485,42.808946904381706,7294,3,stroke_nan
10261,50.74808199206296,39.25168221792851,7386,3,stroke_nan
10262,20.638729522348665,50.185638312013936,10225,5,text_en_1919
10263,54.733239218555354,16.313175633026756,11055,5,text_en_1919
10264,34.15360616434825,49.698445369302824,5349,2,octagram
10265,31.508932805261217,59.10788523126572,5205,2,octagram
10266,32.380492039309075,51.06302100429108,5328,2,octagram
10267,37.66517955888546,25.083149870622897,4005,1,inner_ring
10268,52.69730848870944,43.30947751554071,7358,3,stroke_nan
10269,30.184700446276082,38.970832163356505,5466,2,octagram
10270,40.95105506137351,20.651598350898766,10871,5,text_en_1919
10271,49.11968090905707,7.40536291532433,1757,0,outer_ring
10272,56.23642887105111,35.74722101376805,8520,4,stroke_kai
10273,47.28584207979633,53.84336732244571,6779,3,stroke_nan
10274,45.882241846272365,45.42677505159905,7180,3,stroke_nan
10275,77.07082945313284,30.42542719184883,4294,1,inner_ring
10276,41.806251651920135,64.10481145198838,5066,2,octagram
10277,52.14932968884073,82.18210489478007,8802,5,text_en_1919
10278,69.39756674429965,32.11668777396055,6168,2,octagram
10279,85.04523579519717,50.52457057787518,10282,5,text_en_1919
10280,45.6411320426609,89.71492371960922,875,0,outer_ring
10281,90.88161582439244,50.41099848211735,10181,5,text_en_1919
10282,64.71106646036759,36.35856049760121,8498,4,stroke_kai
10283,57.236073063969904,55.095337319667664,7746,4,stroke_kai
10284,85.87506603630237,57.04144722114413,9978,5,text_en_1919
10285,45.62111903721061,88.90022015530252,888,0,outer_ring
10286,56.95507710598261,51.334340692881085,7956,4,stroke_kai
10287,66.99649829819265,66.28183811293854,4595,2,octagram
10288,61.43969169037829,89.66203958950176,56,0,outer_ring
10289,48.05789318812115,53.07633287451111,6828,3,stroke_nan
10290,40.520938927986315,86.9285690212257,1170,0,outer_ring
10291,46.47028056427573,62.25238158899113,6580,3,stroke_nan
10292,45.59807144751261,88.05351735064882,902,0,outer_ring
10293,53.472069095875725,89.92194969433879,337,0,outer_ring
10294,57.59411263299227,89.80777370824985,143,0,outer_ring
10295,64.91088505125252,74.93296222830298,3450,1,inner_ring
10296,65.96415494726348,78.6545753338621,9266,5,text_en_1919
10297,49.696561602359296,69.84908868886825,4877,2,octagram
10298,50.54996551883543,91.50991049071527,511,0,outer_ring
10299,24.421560283938703,71.56859148204826,9451,5,text_en_1919
10300,44.734240292844014,45.48860517772558,7196,3,stroke_nan
10301,20.77393115699949,47.77246773672503,10436,5,text_en_1919
10302,60.370891821575896,84.51095730635704,8652,5,text_en_1919
10303,54.87632769434771,89.00294632132632,261,0,outer_ring
10304,67.32446314960248,77.51909876616038,9310,5,text_en_1919
10305,52.024613469821,91.96130735833414,419,0,outer_ring
10306,58.49219175821431,81.23399546244858,8932,5,text_en_1919
10307,59.71416140694403,84.744769434408,8672,5,text_en_1919
10308,57.28400509121264,81.28038884989934,8942,5,text_en_1919
10309,57.7881198341451,87.36889811793986,131,0,outer_ring
10310,93.17646388535307,54.513877178285696,10026,5,text_en_1919
10311,47.26495575167035,88.84907380925011,780,0,outer_ring
10312,85.711250980027,70.41514206029773,9517,5,text_en_1919
10313,48.47776870862107,89.04410476545125,690,0,outer_ring
10314,51.540691299425184,69.43936469065437,4856,2,octagram
10315,57.548718205773994,51.64577962414057,7948,4,stroke_kai
10316,93.62694183450456,51.191035076307585,10177,5,text_en_1919
10317,43.55912462366379,69.37518978982979,5009,2,octagram
10318,90.15338621309033,54.965767613365145,10039,5,text_en_1919
10319,87.6388003999156,60.2747059169264,9857,5,text_en_1919
10320,76.18144752775686,51.28676203004772,6496,2,octagram
10321,91.12083551951513,47.62556469648762,10413,5,text_en_1919
10322,88.47846843652846,61.45751385690797,9790,5,text_en_1919
10323,60.324869801280535,24.350726489181866,5999,2,octagram
10324,58.843804777312236,46.93759356809509,8080,4,stroke_kai
10325,90.9404430964503,53.83944158269652,10067,5,text_en_1919
10326,50.38997062048191,6.821159040901986,1860,0,outer_ring
10327,73.45091111589751,60.91340584079892,4512,2,octagram
10328,66.69012309938283,65.94335001497905,4591,2,octagram
10329,81.55110412108067,53.73430783173841,3267,1,inner_ring
10330,67.05796173634408,29.902742402116882,6137,2,octagram
10331,93.49363238310542,49.52565278964716,10241,5,text_en_1919
10332,54.72195177726424,5.1833745647592195,2235,0,outer_ring
10333,64.29438135476917,6.56764648792843,2993,0,outer_ring
10334,66.52018947258821,7.083859992782701,3079,0,outer_ring
10335,91.80296245338523,43.17768017442413,10570,5,text_en_1919
10336,53.35338671601187,4.575230143437121,2125,0,outer_ring
10337,48.703935344608325,12.816465660729163,11226,5,text_en_1919
10338,54.435332210361175,5.44987137218325,2210,0,outer_ring
10339,62.75315826311427,17.26546540954479,10985,5,text_en_1919
10340,44.91807254784895,21.08487290915691,5797,2,octagram
10341,60.629435475060326,6.44853934461352,2764,0,outer_ring
10342,80.21585159499632,26.094326087272304,10816,5,text_en_1919
10343,72.12198985769498,9.74725013134557,3191,0,outer_ring
10344,59.809824252339034,4.055346261430744,2691,0,outer_ring
10345,45.22154220837185,6.354882127960036,1598,0,outer_ring
10346,71.21855363096756,14.45025735238216,11114,5,text_en_1919
10347,58.41639093851025,13.803040210094222,11207,5,text_en_1919
10348,47.637647350349084,10.021101133781075,11344,5,text_en_1919
10349,59.83049249812883,4.63423239736581,2695,0,outer_ring
10350,92.5498018876878,44.84309077449439,10526,5,text_en_1919
10351,58.507916935323536,6.070912065691322,2608,0,outer_ring
10352,61.278856613208454,24.483449723481687,6006,2,octagram
10353,62.777939422248025,7.4771807553971605,2918,0,outer_ring
10354,78.92044786937299,58.50298610305973,4433,2,octagram
10355,81.19995594819122,59.92821469172393,3307,1,inner_ring
10356,57.89807804984161,44.88519493730412,8200,4,stroke_kai
10357,77.4690836049312,40.640641317776705,6347,2,octagram
10358,59.60300045697965,11.912758604526553,11300,5,text_en_1919
10359,77.56463922441041,57.39624321808885,4448,2,octagram
10360,52.76713712325579,48.835644024846104,7006,3,stroke_nan
10361,56.304403808571166,4.950533799332429,2396,0,outer_ring
10362,73.30311055181166,60.4736353725703,4515,2,octagram
10363,47.819372279114106,89.71103088859022,721,0,outer_ring
10364,29.916834581322803,70.71885249569873,9463,5,text_en_1919
10365,43.9284248969841,88.70101119517942,988,0,outer_ring
10366,39.16718211083952,88.76636914422754,1191,0,outer_ring
10367,64.67335683079772,87.27080212783449,21,0,outer_ring
10368,42.969329817720855,47.36395095864739,7064,3,stroke_nan
10369,40.809044758842155,87.9469857166347,1145,0,outer_ring
10370,45.51799503427144,88.41662467335856,903,0,outer_ring
10371,54.73342755809609,85.14092601317046,8605,5,text_en_1919
10372,29.553203828343676,58.44647070191887,5224,2,octagram
10373,40.049498594785874,73.42740336284295,3620,1,inner_ring
10374,47.46359202444558,45.27499801102708,7221,3,stroke_nan
10375,22.35931602917226,39.831351649758865,10717,5,text_en_1919
10376,45.18155655126083,37.48086121926196,7494,3,stroke_nan
10377,29.5260490186886,34.82735889408913,3913,1,inner_ring
10378,30.3393955756835,42.43999442400172,5433,2,octagram
10379,30.113330869472502,37.09503047629393,5516,2,octagram
10380,21.621087877018976,61.439097253586844,9778,5,text_en_1919
10381,28.930553182177263,34.22700134430385,3915,1,inner_ring
10382,44.05805054299156,49.57010942523723,7009,3,stroke_nan
10383,48.208772077421564,53.60789656854638,6788,3,stroke_nan
10384,39.95114198011809,63.22326637725195,5088,2,octagram
10385,59.07238243432662,61.371892326877884,7607,4,stroke_kai
10386,58.802573559780605,20.825783545931078,4150,1,inner_ring
10387,39.19268340708674,73.34716042637837,3624,1,inner_ring
10388,65.64450653702256,7.915066748300123,3059,0,outer_ring
10389,66.77473895917338,79.2872633241943,9158,5,text_en_1919
10390,49.82631337091313,70.01636331174319,4876,2,octagram
10391,62.87141315251564,20.357900039824592,4183,1,inner_ring
10392,68.32228857241095,53.61267923874096,7838,4,stroke_kai
10393,43.944601039143805,85.40979492151835,8699,5,text_en_1919
10394,57.12326996876201,53.334058793900866,7878,4,stroke_kai
10395,41.94798829829557,55.105372841573626,6742,3,stroke_nan
10396,51.45181455951404,37.86999785524224,7462,3,stroke_nan
10397,36.05547696457684,34.904580374232026,5586,2,octagram
10398,18.72410842669316,56.520957527956234,9991,5,text_en_1919
10399,61.963553601641514,58.24402207664147,7694,4,stroke_kai
10400,58.25514181257578,48.67273107665576,8021,4,stroke_kai
10401,37.71197412023641,43.85731064948771,7258,3,stroke_nan
10402,44.556735144738504,49.42731216713976,7018,3,stroke_nan
10403,47.074607792372866,23.94624187521839,5835,2,octagram
10404,35.65877081140388,10.471234021506657,1434,0,outer_ring
10405,23.815704751928383,45.67786792118674,10538,5,text_en_1919
10406,33.178613592594125,35.684486942754035,5553,2,octagram
10407,62.01026476232451,22.397029668821357,6023,2,octagram
10408,51.47936191891146,75.98106084681723,3547,1,inner_ring
10409,29.001136817561438,38.68899486388248,5478,2,octagram
10410,42.57637788504803,23.070522210151896,5767,2,octagram
10411,23.00095785454139,45.767050912028544,10524,5,text_en_1919
10412,51.30647151193941,28.925866110688794,7547,3,stroke_nan
10413,49.101799221872945,5.418764640634244,1770,0,outer_ring
10414,54.707529904516576,6.1876240974347825,2234,0,outer_ring
10415,43.49743589170912,47.25950409916166,7082,3,stroke_nan
10416,56.89477040365673,4.961143166628979,2443,0,outer_ring
10417,77.81622598369157,13.321196890258788,3221,0,outer_ring
10418,41.056081728245914,19.39416917636557,10893,5,text_en_1919
10419,51.56272775687715,43.049267981269736,7245,3,stroke_nan
10420,53.82546467977767,21.487015036247133,4116,1,inner_ring
10421,53.601149109099964,4.584320371094614,2142,0,outer_ring
10422,58.79540295460165,12.794709969580145,11264,5,text_en_1919
10423,52.80249808065613,89.00144011626571,386,0,outer_ring
10424,74.26939569593428,61.36539370287774,4503,2,octagram
10425,81.58554721498056,40.07440226554683,4367,1,inner_ring
10426,75.91841103858792,51.03850048134146,6493,2,octagram
10427,62.439466394885216,88.46893854169308,44,0,outer_ring
10428,64.0934249111165,84.02008331362103,8741,5,text_en_1919
10429,66.65232214772098,50.69851162688252,7930,4,stroke_kai
10430,34.633806511486604,72.22989420598947,9395,5,text_en_1919
10431,32.4568156399919,51.56678560848351,5319,2,octagram
10432,46.47786590668416,54.46476579474575,6773,3,stroke_nan
10433,46.379414818517716,88.35797998193958,853,0,outer_ring
10434,49.48573700829719,89.20718360280607,599,0,outer_ring
10435,38.725059958633025,86.75220804323979,1225,0,outer_ring
10436,48.98339410433363,80.93619462339409,8958,5,text_en_1919
10437,58.64019905024792,81.25546398295123,8943,5,text_en_1919
10438,58.753490644756,83.01839375912833,8828,5,text_en_1919
10439,58.25497244181964,90.39268087770056,124,0,outer_ring
10440,46.90713712072126,5.6512330691288195,1669,0,outer_ring
10441,25.189195225105575,51.52198530772695,10146,5,text_en_1919
10442,22.252863298018006,42.69843121425347,10576,5,text_en_1919
10443,12.796961139786312,47.397540400027985,1400,0,outer_ring
10444,54.63400622110834,83.25669059459038,8709,5,text_en_1919
10445,68.10101159451962,82.91137072439548,8830,5,text_en_1919
10446,66.77775966665902,74.73115795530421,3441,1,inner_ring
10447,59.29337096462063,48.844267434992574,8045,4,stroke_kai
10448,60.986274801424166,74.14551862369719,3472,1,inner_ring
10449,67.38740203750164,77.92786372797389,9296,5,text_en_1919
10450,77.56597138668702,54.00127002614817,6529,2,octagram
10451,68.20939085040537,79.75732415574561,9088,5,text_en_1919
10452,49.89948729754899,84.80684711691504,8603,5,text_en_1919
10453,85.21205615876501,70.27380120169263,9516,5,text_en_1919
10454,60.79214454214775,81.18915989809408,8979,5,text_en_1919
10455,81.93209043476287,44.0153326498486,4393,1,inner_ring
10456,62.23964109763701,56.23994700625621,7742,4,stroke_kai
10457,65.13974240419365,57.23554466950889,7714,4,stroke_kai
10458,56.85496919482666,7.021873866315459,2454,0,outer_ring
10459,63.097889747941636,53.54224539763356,7844,4,stroke_kai
10460,74.98025556709023,68.11698578034311,3374,1,inner_ring
10461,62.995941139628904,61.47662918278272,7600,4,stroke_kai
10462,78.17349171997257,53.579035791919786,6527,2,octagram
10463,57.47934057760663,58.15866696851249,7671,4,stroke_kai
10464,47.97964275200661,6.402388694447757,1701,0,outer_ring
10465,42.015378300859695,30.64915200867517,5692,2,octagram
10466,64.28342832794439,32.842064814404395,8559,4,stroke_kai
10467,66.36648264337147,39.36117360317074,8420,4,stroke_kai
10468,79.00640754335828,39.76154804164484,6339,2,octagram
10469,87.7722406287454,54.92445846375557,10063,5,text_en_1919
10470,81.39218102316273,35.98254908909036,4343,1,inner_ring
10471,65.78692628858798,40.225780156612835,8394,4,stroke_kai
10472,78.77792268862727,32.93129436918529,4318,1,inner_ring
10473,80.70550098706919,51.88563893872158,3253,1,inner_ring
10474,31.88894286310395,52.814042113487574,5300,2,octagram
10475,55.89830529631227,47.866734778488436,8084,4,stroke_kai
10476,51.31195989218473,41.42676804782153,7332,3,stroke_nan
10477,64.80789169466398,52.67779642310624,7897,4,stroke_kai
10478,62.42190125808724,25.746713084443396,6014,2,octagram
10479,59.33385486198644,5.96370667573008,2670,0,outer_ring
10480,63.05848670661693,13.525064322303411,11174,5,text_en_1919
10481,51.105949232752444,4.597335617022613,1930,0,outer_ring
10482,56.51637608646583,15.954302846229343,11026,5,text_en_1919
10483,76.86233586961748,33.64343802313084,4315,1,inner_ring
10484,61.04086071440539,6.063140799392164,2795,0,outer_ring
10485,59.75254681351784,6.180536690715106,2705,0,outer_ring
10486,63.977866600638954,6.759291310794878,2981,0,outer_ring
10487,66.91547101131108,25.78760978147581,6100,2,octagram
10488,48.02600263516604,12.862117926269692,11212,5,text_en_1919
10489,57.20308738165723,6.269393425014705,2483,0,outer_ring
10490,43.167377417713034,25.28611543221801,5745,2,octagram
10491,46.479121328979716,13.382078106761043,11106,5,text_en_1919
10492,50.40609425356842,7.086132613063687,1859,0,outer_ring
10493,64.96071507230646,23.903522453902706,6063,2,octagram
10494,58.04261146449784,5.365632806256962,2563,0,outer_ring
10495,57.58277768604436,6.220920204438471,2525,0,outer_ring
10496,64.90503040913448,36.21812282313652,8514,4,stroke_kai
10497,85.18098695490727,47.45243489740223,10402,5,text_en_1919
10498,88.32284458802253,48.28972111241512,10351,5,text_en_1919
10499,67.01721984832207,42.671776385988736,8307,4,stroke_kai
10500,64.68375351767067,7.47055496131918,3018,0,outer_ring
10501,61.946653260830956,5.416699344360746,2837,0,outer_ring
10502,47.774880692909676,6.08385838167491,1692,0,outer_ring
10503,41.00682236899886,14.767595943333422,11182,5,text_en_1919
10504,82.48996039065501,59.50159483350433,9848,5,text_en_1919
10505,51.771360336933974,89.78348841168446,437,0,outer_ring
10506,43.93478509075738,73.02943348822245,4958,2,octagram
10507,48.52477367231547,82.46045786488072,8745,5,text_en_1919
10508,74.4149052079446,74.56672474628313,9350,5,text_en_1919
10509,47.64304784822279,85.88784004243922,788,0,outer_ring
10510,29.905950063744974,73.684541889188,9387,5,text_en_1919
10511,28.01863798699994,64.94827126937615,9650,5,text_en_1919
10512,39.3868869091069,75.7219924139565,9371,5,text_en_1919
10513,53.2698968998253,46.563751481911964,7166,3,stroke_nan
10514,55.99368217580259,89.56902360112224,207,0,outer_ring
10515,43.15981834795146,87.47339741211303,1049,0,outer_ring
10516,32.79268129544751,60.598787877735276,5180,2,octagram
10517,22.72868405232329,49.990504684688645,10245,5,text_en_1919
10518,46.13921732557776,46.8081989180086,7075,3,stroke_nan
10519,24.457728639283946,45.44658795449365,3841,1,inner_ring
10520,32.93453710721413,31.14746755387661,3946,1,inner_ring
10521,27.800615932247986,37.92084584641817,3892,1,inner_ring
10522,22.815936989765593,37.49519750296336,10771,5,text_en_1919
10523,21.73044821158166,49.22658944216606,10257,5,text_en_1919
10524,43.83113701352158,52.3434411776249,6837,3,stroke_nan
10525,26.605780611649468,53.603412041816775,3786,1,inner_ring
10526,28.81319472562781,67.29379754913396,9593,5,text_en_1919
10527,34.044007653371516,59.84141876100462,5171,2,octagram
10528,73.89875779781967,59.552338772833544,4502,2,octagram
10529,44.87106981369259,77.7736838655861,9194,5,text_en_1919
10530,51.51798467980702,89.2708319332219,460,0,outer_ring
10531,38.90041239320249,62.13081530546343,5110,2,octagram
10532,50.84038681289701,90.62715778268321,491,0,outer_ring
10533,39.85225006002028,9.847745854280891,1468,0,outer_ring
10534,71.62544126978489,35.594162435286925,6210,2,octagram
10535,47.11385091501252,48.981820776564675,7026,3,stroke_nan
10536,86.0861094182124,48.48127026145181,10348,5,text_en_1919
10537,57.5348227803613,88.68881281465409,141,0,outer_ring
10538,54.39085266217228,8.515965578579971,2205,0,outer_ring
10539,59.31781886047952,35.995810627099054,8529,4,stroke_kai
10540,67.79530408247503,20.216543917879207,10861,5,text_en_1919
10541,54.65719628683181,90.47968874308292,272,0,outer_ring
10542,35.78703634899501,34.935775833173416,5581,2,octagram
10543,57.38134422613678,14.338277050225214,11156,5,text_en_1919
10544,50.577734521274,10.726081856510989,11314,5,text_en_1919
10545,53.90851871843024,15.179593422156744,11097,5,text_en_1919
10546,49.67994914340793,20.017684903938033,4085,1,inner_ring
10547,46.28895276634682,12.212750201538388,11190,5,text_en_1919
10548,29.636713177941594,60.133894080841095,3735,1,inner_ring
10549,44.73706597816847,51.73201764995553,6864,3,stroke_nan
10550,21.75744690693434,47.93070270604514,10418,5,text_en_1919
10551,44.63377620878413,49.21636730596328,7030,3,stroke_nan
10552,26.66165822843769,41.46535472450745,3868,1,inner_ring
10553,40.890506397261944,17.551745373675967,11031,5,text_en_1919
10554,39.44655570455326,32.06065254694141,5660,2,octagram
10555,42.95265949981525,28.090337621183085,5718,2,octagram
10556,57.997990094452646,5.059761478886148,2555,0,outer_ring
10557,50.71605045358158,7.174855510563141,1881,0,outer_ring
10558,46.93827811385263,5.833511468938093,1668,0,outer_ring
10559,53.30965857935344,55.120136846907315,6694,3,stroke_nan
10560,49.57980332990881,13.355318148378116,11195,5,text_en_1919
10561,73.95201673193162,49.68552438752357,6472,2,octagram
10562,56.98244679459073,6.529133150290497,2466,0,outer_ring
10563,59.31600608326593,10.563390310304376,11331,5,text_en_1919
10564,88.02004858834212,37.858834047034534,10707,5,text_en_1919
10565,52.24520629759548,67.21073533589849,6616,3,stroke_nan
10566,73.5250403318615,60.36506650152002,4510,2,octagram
10567,78.91953065524625,61.26825488707623,3326,1,inner_ring
10568,82.13354596262228,57.537358488927595,3293,1,inner_ring
10569,53.49553940147431,88.66794175142846,336,0,outer_ring
10570,59.19816131022099,39.89867291372043,8424,4,stroke_kai
10571,59.565262168304365,77.97778106842152,9220,5,text_en_1919
10572,63.02164666156607,77.85746538418339,9293,5,text_en_1919
10573,55.39434048185549,90.26991396854258,233,0,outer_ring
10574,39.39882967131494,87.13698205805883,1202,0,outer_ring
10575,41.91749701121545,90.61736420659773,1067,0,outer_ring
10576,65.6650305496596,88.65737120575793,17,0,outer_ring
10577,49.3855945285099,91.23528186039347,586,0,outer_ring
10578,67.86848875108063,49.23289595085415,7992,4,stroke_kai
10579,67.85155758532983,79.01645165842399,9183,5,text_en_1919
10580,44.340519232444464,88.25468574360589,976,0,outer_ring
10581,59.72901140568951,89.27852749934252,80,0,outer_ring
10582,66.26080288750835,68.47622491051723,4622,2,octagram
10583,49.34012097387654,49.77064276922579,6952,3,stroke_nan
10584,40.18379938865199,38.84722925021497,5617,2,octagram
10585,25.615176353671032,65.86890992846367,9682,5,text_en_1919
10586,43.79492485336033,88.81414323477914,993,0,outer_ring
10587,67.53568898042445,70.77687239224908,4645,2,octagram
10588,54.309672469465596,88.46807100623384,294,0,outer_ring
10589,61.192238860261405,84.9683798804469,8635,5,text_en_1919
10590,37.986938127985844,86.7999591554944,1244,0,outer_ring
10591,50.06699739813658,88.06658876669226,568,0,outer_ring
10592,59.015334525209916,81.88906283738243,8884,5,text_en_1919
10593,61.94851992270648,71.49049648559732,4732,2,octagram
10594,64.77254892845228,50.157534534758206,7983,4,stroke_kai
10595,68.52227798152016,77.58004014875027,9318,5,text_en_1919
10596,50.75665373645886,41.91272887996928,7316,3,stroke_nan
10597,54.99247027680562,80.7012979281546,8975,5,text_en_1919
10598,63.431208402205726,49.54546707269176,8035,4,stroke_kai
10599,64.37875422505611,88.12440483240205,26,0,outer_ring
10600,47.84417005180922,52.24669625568738,6877,3,stroke_nan
10601,57.18476176222885,50.660666080845786,7968,4,stroke_kai
10602,48.823181323857995,75.11781396076702,3563,1,inner_ring
10603,89.22620651822979,54.64099611087224,10046,5,text_en_1919
10604,77.94114869415563,59.83522135235325,4449,2,octagram
10605,77.14485041007256,77.41050682445152,9285,5,text_en_1919
10606,45.68273829528041,35.45746859717597,7543,3,stroke_nan
10607,89.89714321958402,45.41279368743799,10514,5,text_en_1919
10608,55.76654261134332,7.412170063644047,2348,0,outer_ring
10609,72.50332563005074,62.11654107382859,4526,2,octagram
10610,85.42967389119552,40.796949806348124,10675,5,text_en_1919
10611,84.18208684540319,71.30004234611893,9446,5,text_en_1919
10612,92.72980489317744,45.99012611205806,10503,5,text_en_1919
10613,72.96171828164208,69.29606777730997,3387,1,inner_ring
10614,64.57190924535357,72.85198361764621,4684,2,octagram
10615,84.81517938936165,47.268858484277054,10438,5,text_en_1919
10616,46.28388645964089,4.665113529440379,1650,0,outer_ring
10617,76.33235996584547,52.477147832277716,6507,2,octagram
10618,58.90923994006792,5.150487659887923,2634,0,outer_ring
10619,52.09804788894974,6.113929492406548,2006,0,outer_ring
10620,58.405994312136784,14.581528714874752,11110,5,text_en_1919
10621,67.451926381563,18.051037499667824,10888,5,text_en_1919
10622,58.40005608325163,11.709787935100819,11310,5,text_en_1919
10623,55.68703134343827,3.9944417122241465,2336,0,outer_ring
10624,86.30459293416286,60.197689975892146,9849,5,text_en_1919
10625,55.03839995758637,6.500360282613768,2269,0,outer_ring
10626,65.47355960743184,24.98353824943138,6076,2,octagram
10627,59.23493999042554,23.821144824072405,5993,2,octagram
10628,66.57373049656555,9.390409515384489,3098,0,outer_ring
10629,57.72090059197939,4.9783752194400055,2528,0,outer_ring
10630,61.4453800694797,5.309547559603548,2809,0,outer_ring
10631,51.1239827612743,54.03127744805794,6859,3,stroke_nan
10632,65.26746891352973,8.935881691485369,3054,0,outer_ring
10633,61.595244614054714,15.504360238948724,11059,5,text_en_1919
10634,58.048661619075766,45.81272525572582,8144,4,stroke_kai
10635,61.41928013321285,21.88098608652577,4173,1,inner_ring
10636,85.57439940372828,40.404748913335794,10685,5,text_en_1919
10637,64.06736695263359,15.750509132226272,11101,5,text_en_1919
10638,77.55841630020775,44.01507136262338,6378,2,octagram
10639,91.70467256431235,43.02941984144549,10587,5,text_en_1919
10640,74.7263611605297,50.99056644216771,6477,2,octagram
10641,88.79332642723978,48.7070603390306,10353,5,text_en_1919
10642,80.23186919735642,40.00492377381751,4364,1,inner_ring
10643,77.02342635980513,59.58784708857864,4464,2,octagram
10644,52.182722285341214,13.600253810895797,11177,5,text_en_1919
10645,46.589750785123506,6.574895174028405,1647,0,outer_ring
10646,84.96838324409217,71.51028386117959,9448,5,text_en_1919
10647,55.04679056827482,88.47925436358452,253,0,outer_ring
10648,47.407772329789076,89.57515868326277,760,0,outer_ring
10649,44.98676080920747,87.17400780308978,953,0,outer_ring
10650,36.56322100882829,86.31152406436532,1277,0,outer_ring
10651,50.03993509184673,67.3320023738177,6607,3,stroke_nan
10652,47.533903842186106,74.53802240930668,3572,1,inner_ring
10653,25.66815928688648,70.89595982020779,9460,5,text_en_1919
10654,23.892479583242462,70.32689142098486,9495,5,text_en_1919
10655,39.49647823054454,86.89218559641556,1201,0,outer_ring
10656,36.35781990691316,70.77863548504604,3647,1,inner_ring
10657,31.300039679546487,52.833007618673236,5294,2,octagram
10658,24.50948399779915,36.998344208390414,10746,5,text_en_1919
10659,20.786083608323203,43.58726991221145,10551,5,text_en_1919
10660,22.07297431835789,58.50492231257823,9907,5,text_en_1919
10661,35.86713336474021,35.19568942801417,5584,2,octagram
10662,15.077070399982468,47.06337863743714,10597,5,text_en_1919
10663,23.859501198226894,38.351312067460775,10727,5,text_en_1919
10664,17.37868563319086,49.175928420345855,10250,5,text_en_1919
10665,15.281980368597695,49.30859734268235,10242,5,text_en_1919
10666,24.05507495329744,39.28087641142205,10719,5,text_en_1919
10667,29.160209613573354,56.15997126218866,5257,2,octagram
10668,28.59203133473403,54.821979411577615,3774,1,inner_ring
10669,53.105658955680546,4.770166806504232,2100,0,outer_ring
10670,41.59655208151025,30.910847608578425,5688,2,octagram
10671,49.15713771212634,53.715126524464445,6785,3,stroke_nan
10672,46.96986287031287,58.9006913596165,6594,3,stroke_nan
10673,58.383868403466955,80.19518345402857,9110,5,text_en_1919
10674,47.464012933724774,89.61957818348748,751,0,outer_ring
10675,92.32497613486208,47.790115900788464,10433,5,text_en_1919
10676,44.39318633765345,87.57345062169567,981,0,outer_ring
10677,51.55397430751814,89.22427511317967,456,0,outer_ring
10678,52.147794927321044,49.83303434173273,6974,3,stroke_nan
10679,29.218342632083445,66.92806888137454,9604,5,text_en_1919
10680,60.416867054759,84.07351558603516,8731,5,text_en_1919
10681,51.47620111337048,5.482208705661092,1961,0,outer_ring
10682,53.062713020427864,6.689601137875704,2094,0,outer_ring
10683,66.05563049106674,37.86125369753197,8476,4,stroke_kai
10684,60.47228024222381,70.01498730278252,4749,2,octagram
10685,42.15059768178992,7.079713310128784,1524,0,outer_ring
10686,55.192259490809825,6.250235301160621,2281,0,outer_ring
10687,45.63459354235406,45.49666804467063,7176,3,stroke_nan
10688,46.194858936946,38.07603070107683,7478,3,stroke_nan
10689,35.598291500793266,35.69092121816933,5577,2,octagram
10690,32.673036595047975,31.034788603819557,3945,1,inner_ring
10691,47.28242919071187,52.92912106462425,6854,3,stroke_nan
10692,44.17428481117731,42.95734724034519,7293,3,stroke_nan
10693,31.065611596741554,35.010257756404165,5534,2,octagram
10694,37.203097577869286,40.83566892868209,7363,3,stroke_nan
10695,26.62897985420046,44.058661745639,3851,1,inner_ring
10696,56.51589899653516,48.59345852569876,8013,4,stroke_kai
10697,52.86049132700675,6.703416502243863,2069,0,outer_ring
10698,41.033151941132914,47.728923940966595,7099,3,stroke_nan
10699,56.976279843435016,45.04959043262999,8189,4,stroke_kai
10700,63.700972615393304,38.03789999177006,8457,4,stroke_kai
10701,67.25874512669638,7.4624151513417605,3102,0,outer_ring
10702,82.90347961196044,54.16242363472563,3268,1,inner_ring
10703,86.4543537629226,42.44315457060728,10665,5,text_en_1919
10704,53.53265690470929,39.45477255345935,5908,2,octagram
10705,47.971101112451215,12.464706792745842,11223,5,text_en_1919
10706,47.76955456031833,5.875007813723557,1696,0,outer_ring
10707,61.89575505206596,6.990140409891881,2852,0,outer_ring
10708,81.29524467469325,42.46875185583194,4381,1,inner_ring
10709,92.00451107595362,61.13010026312552,9810,5,text_en_1919
10710,71.27072640932772,71.3878942752314,3407,1,inner_ring
10711,45.567009720059,42.692344353922806,7337,3,stroke_nan
10712,44.22433321656638,75.41368832232638,3592,1,inner_ring
10713,79.91718570723594,35.40667274646991,4337,1,inner_ring
10714,47.15828699875728,48.27122750232085,7046,3,stroke_nan
10715,35.542527977359384,85.24668378951156,1301,0,outer_ring
10716,40.857145282292144,87.03978214211497,1151,0,outer_ring
10717,54.82420200225979,74.24563884504353,3521,1,inner_ring
10718,57.23671816321096,48.80550381473987,7980,4,stroke_kai
10719,48.68975122345599,90.70346821218918,658,0,outer_ring
10720,72.09974655880684,61.45697217895165,4530,2,octagram
10721,56.24167300166777,82.46146822094765,8805,5,text_en_1919
10722,50.786094138666016,45.67385587111206,7169,3,stroke_nan
10723,47.63375178705241,88.28181497754747,758,0,outer_ring
10724,48.56478451874118,72.18558705668048,4899,2,octagram
10725,22.435446881708696,51.64262481455301,10180,5,text_en_1919
10726,26.80688573246728,46.727315156078255,3832,1,inner_ring
10727,31.557841045285006,51.045658604965595,5316,2,octagram
10728,64.77150070929429,85.74294568893662,8674,5,text_en_1919
10729,47.71862687305308,88.94909316005491,741,0,outer_ring
10730,52.018069207075435,87.92694244479799,428,0,outer_ring
10731,56.981710074908634,89.53662385121248,168,0,outer_ring
10732,55.871964499127586,89.15883214937777,212,0,outer_ring
10733,56.68722527700441,70.011038097671,3502,1,inner_ring
10734,64.78894495494664,73.73143805270198,4688,2,octagram
10735,71.59922916517537,70.17373653088744,3400,1,inner_ring
10736,59.150096125153134,87.46801320836269,8600,5,text_en_1919
10737,55.9646653015627,56.258586503646754,7723,4,stroke_kai
10738,59.52342699109587,24.937632713868272,5987,2,octagram
10739,46.69597667137991,23.89500318679289,5829,2,octagram
10740,78.35542417351522,58.27521831390768,4444,2,octagram
10741,75.4551358117236,53.03776887835356,6508,2,octagram
10742,54.201882298203344,82.71362994671365,8791,5,text_en_1919
10743,62.76581840836674,88.11459489970277,40,0,outer_ring
10744,81.70771059943199,72.50983437078774,9434,5,text_en_1919
10745,55.1690137099505,90.13519444672366,247,0,outer_ring
10746,93.40379438440931,47.99396484528479,10398,5,text_en_1919
10747,61.69740737910597,51.48399435476587,7934,4,stroke_kai
10748,56.00908315730787,5.972606929840601,2364,0,outer_ring
10749,54.60132562777725,88.9145149151128,276,0,outer_ring
10750,47.05865676424528,9.899208841074115,11343,5,text_en_1919
10751,65.82491143283019,35.679069377511226,8534,4,stroke_kai
10752,76.66489027296163,37.63967010069128,6270,2,octagram
10753,83.05823847894833,67.14566860151997,9628,5,text_en_1919
10754,82.1461498700669,65.22101811197761,9676,5,text_en_1919
10755,73.74919667304336,36.8594506257745,6233,2,octagram
10756,81.83529089938774,63.10937365466892,9720,5,text_en_1919
10757,55.98472949390449,37.75518766203237,8484,4,stroke_kai
10758,73.90407836936258,34.54134739255665,6229,2,octagram
10759,51.553304890353985,14.868803259870228,11107,5,text_en_1919
10760,65.24932102927262,21.762544321949033,4197,1,inner_ring
10761,56.781940121161824,7.204580634499369,2446,0,outer_ring
10762,54.45676443347535,20.193427293406852,4124,1,inner_ring
10763,61.584865236394684,11.611562417526109,2893,0,outer_ring
10764,54.77149318735139,6.062831592958462,2243,0,outer_ring
10765,49.0399560298739,7.133063086798044,1755,0,outer_ring
10766,69.02617390132687,7.124712811773908,3139,0,outer_ring
10767,59.971017925681146,13.93120211924598,11163,5,text_en_1919
10768,58.34261562760262,14.342140972182063,11134,5,text_en_1919
10769,57.80453732707564,6.37550560189053,2543,0,outer_ring
10770,49.78693240117735,6.799962840494327,1810,0,outer_ring
10771,48.07934536297062,7.140699438388933,1699,0,outer_ring
10772,60.45208372236076,21.372159726641097,4161,1,inner_ring
10773,53.86849962849638,31.505242488058983,5900,2,octagram
10774,48.95269622552541,22.685577347330405,5850,2,octagram
10775,63.548814181880104,38.150413558753044,8449,4,stroke_kai
10776,51.68658917529949,6.81048051159216,1974,0,outer_ring
10777,68.41231934427455,7.6971078076784485,3127,0,outer_ring
10778,45.475310846942946,16.317374842332192,10918,5,text_en_1919
10779,58.949934874294975,1.5220761615745935,2607,0,outer_ring
10780,66.27674572356781,49.574872293608045,8026,4,stroke_kai
10781,47.11265147048302,52.10540739297181,6866,3,stroke_nan
10782,67.81929930323042,46.08092005622965,8149,4,stroke_kai
10783,81.26024503128048,50.64652805499979,3244,1,inner_ring
10784,91.99569285584785,46.1249002338709,10507,5,text_en_1919
10785,63.87851504258261,6.829177455365071,2976,0,outer_ring
10786,52.29650431531186,6.35475803784662,2021,0,outer_ring
10787,48.48932172090097,13.674534902842804,11185,5,text_en_1919
10788,85.07948414551913,51.580988437843764,10131,5,text_en_1919
10789,42.47653543480715,69.88500231866257,5005,2,octagram
10790,45.728588259477284,88.3621420760163,889,0,outer_ring
10791,64.14462487932124,84.24239306708522,8697,5,text_en_1919
10792,44.75966267219828,88.51356328183238,948,0,outer_ring
10793,35.54715218819519,73.19470538255604,9401,5,text_en_1919
10794,46.492977479598096,89.04937336228825,831,0,outer_ring
10795,33.90531698307923,84.27492497155387,1327,0,outer_ring
10796,35.97276670793957,86.30948314450397,1287,0,outer_ring
10797,49.38025718521474,88.17433324475299,623,0,outer_ring
10798,37.87532084934269,60.40566705919552,5128,2,octagram
10799,23.041945863062367,59.69978912174992,9893,5,text_en_1919
10800,28.497258125867425,61.96505207813517,9730,5,text_en_1919
10801,14.6209487752522,58.51853228615577,9948,5,text_en_1919
10802,23.001745342813507,58.184669143983506,9908,5,text_en_1919
10803,41.14701735411519,22.427793587736844,4035,1,inner_ring
10804,29.762508200736015,55.514452313909025,5267,2,octagram
10805,17.223930806893904,36.161976128668336,10791,5,text_en_1919
10806,31.551222788012215,43.92789451248066,5411,2,octagram
10807,39.98405489661304,34.83105030789069,5624,2,octagram
10808,40.137858687871514,7.345730520151718,1481,0,outer_ring
10809,47.63311746499632,57.9848694097824,6595,3,stroke_nan
10810,22.874876694762662,50.106767544903065,10213,5,text_en_1919
10811,27.599724099145885,56.769423607492875,3761,1,inner_ring
10812,40.13907536494342,43.68400377148572,7291,3,stroke_nan
10813,54.432215622853846,6.03333462733374,2209,0,outer_ring
10814,53.386437958075696,78.27899497235477,9153,5,text_en_1919
10815,59.09941408186171,26.141640291802236,5974,2,octagram
10816,50.005888436678234,11.897465109541141,11269,5,text_en_1919
10817,55.80908893286191,74.90986474113673,3515,1,inner_ring
10818,64.30720721215128,87.32761772898066,24,0,outer_ring
10819,58.889234493316515,67.82285967293355,7578,4,stroke_kai
10820,64.37372898143923,40.83653367506414,8401,4,stroke_kai
10821,66.6342956683989,79.72257849623577,9124,5,text_en_1919
10822,40.9302891771128,7.736848750421293,1494,0,outer_ring
10823,46.77708795934852,40.233347483834635,7409,3,stroke_nan
10824,39.86053849021338,12.818957082177825,11280,5,text_en_1919
10825,49.01899899110891,7.131166465028257,1752,0,outer_ring
10826,57.09204457590909,6.423604468598242,2475,0,outer_ring
10827,46.381447805259555,6.191022994859805,1642,0,outer_ring
10828,58.23819890485299,6.212677729685926,2589,0,outer_ring
10829,50.65793581039993,6.661916975266351,1879,0,outer_ring
10830,39.103579186381786,7.136402334664765,1471,0,outer_ring
10831,51.21222332401814,5.766584874685915,1934,0,outer_ring
10832,33.74609580543535,49.71031115856303,5343,2,octagram
10833,21.739709769447842,47.49603268803774,10497,5,text_en_1919
10834,19.045637044007332,52.98003404602424,10160,5,text_en_1919
10835,47.81672809252518,47.46431095305482,7084,3,stroke_nan
10836,39.831371143294554,42.09089561003705,7355,3,stroke_nan
10837,45.103232487291905,25.15117455365921,5794,2,octagram
10838,45.41457012357979,44.174602028005346,7275,3,stroke_nan
10839,57.6455971942182,4.38101853341657,2519,0,outer_ring
10840,47.1443248339843,15.008862236216613,10948,5,text_en_1919
10841,48.67907740115801,6.389340366476876,1738,0,outer_ring
10842,58.146690107225595,14.446452491612435,11151,5,text_en_1919
10843,58.46096473469817,47.05833533248886,8109,4,stroke_kai
10844,50.599545874617405,5.911445309598885,1880,0,outer_ring
10845,45.34497345522537,34.96914766609961,5640,2,octagram
10846,54.656600959863425,5.840272376731217,2229,0,outer_ring
10847,53.37911459797783,6.0198222782106985,2123,0,outer_ring
10848,82.5993889670381,42.85125136364485,4387,1,inner_ring
10849,60.602323513278726,44.93483081886072,8197,4,stroke_kai
10850,59.39832124202955,88.31257435306729,84,0,outer_ring
10851,90.51158578911684,37.51767520366357,10761,5,text_en_1919
10852,67.54757328409167,74.50328088302166,3435,1,inner_ring
10853,61.69489538722562,74.11555112812486,3468,1,inner_ring
10854,57.735993859912384,44.28952053036649,8219,4,stroke_kai
10855,64.87918542968876,87.63541803718765,20,0,outer_ring
10856,32.13852921527199,84.10827029758481,1342,0,outer_ring
10857,55.23135245711803,91.08827905931508,244,0,outer_ring
10858,56.842657943235054,69.41934572912466,4785,2,octagram
10859,30.813598161837202,83.6519384243999,1353,0,outer_ring
10860,44.79059689031948,87.34213708542987,965,0,outer_ring
10861,52.704231541302065,90.88138655044537,387,0,outer_ring
10862,46.41656581055702,58.643703743128555,6630,3,stroke_nan
10863,38.74914625892619,86.77132930387756,1224,0,outer_ring
10864,46.42144850928642,81.00251491300591,8928,5,text_en_1919
10865,47.55724171892755,88.9343351876476,755,0,outer_ring
10866,42.32513291135025,65.60345063484593,5050,2,octagram
10867,47.03325861799034,43.99320186485911,7250,3,stroke_nan
10868,30.392191857891852,38.41048301830257,5473,2,octagram
10869,24.22496379517884,50.509817475416945,10157,5,text_en_1919
10870,38.369079915787225,66.39866487997223,5057,2,octagram
10871,44.85108767920642,74.55378922823111,3588,1,inner_ring
10872,68.65029066983017,82.91051209543177,8821,5,text_en_1919
10873,59.49674545522987,84.22291010107655,8719,5,text_en_1919
10874,71.88711480763075,39.26939230153039,8353,4,stroke_kai
10875,88.05586324616607,71.67414780598452,9506,5,text_en_1919
10876,58.37790991510597,82.11787644631113,8883,5,text_en_1919
10877,52.89858036594487,45.77226123884631,7167,3,stroke_nan
10878,62.32399425229048,53.291138769516955,7890,4,stroke_kai
10879,64.7171988446427,61.88452854778926,7605,4,stroke_kai
10880,56.26411465980356,43.69590389259732,8289,4,stroke_kai
10881,74.12956550897583,77.33423935656515,9334,5,text_en_1919
10882,53.960473891095326,74.44960613705872,3527,1,inner_ring
10883,64.384413037954,47.51964450722417,8107,4,stroke_kai
10884,59.644650289436775,61.8098791288459,7594,4,stroke_kai
10885,76.01069092818885,60.24321331209839,4482,2,octagram
10886,71.13810978992032,60.509664214612094,4536,2,octagram
10887,67.2622589661986,51.2126312755579,7937,4,stroke_kai
10888,65.55172892583802,35.93472430890262,8521,4,stroke_kai
10889,81.62673178756022,54.50265495571387,3276,1,inner_ring
10890,48.445453800554624,14.719079319801853,11002,5,text_en_1919
10891,87.67931406568306,46.65438018360224,10462,5,text_en_1919
10892,65.24055549150084,45.508212411757754,8187,4,stroke_kai
10893,91.51441302973278,41.04326979644028,10605,5,text_en_1919
10894,80.87621466576698,68.63767855038094,9547,5,text_en_1919
10895,47.744732242081554,45.553588676311605,7138,3,stroke_nan
10896,67.4096447606884,45.619514390567176,8207,4,stroke_kai
10897,65.5988721437147,51.3401333126569,7923,4,stroke_kai
10898,81.41888698971951,46.60654137624363,4415,1,inner_ring
10899,86.90615392249487,39.438962786882506,10703,5,text_en_1919
10900,64.24460214389032,16.022123181731978,11112,5,text_en_1919
10901,59.52127736711685,5.334450663252416,2680,0,outer_ring
10902,57.41902846067552,7.165178241007909,2517,0,outer_ring
10903,58.09618693946841,6.06439925994334,2576,0,outer_ring
10904,60.79737022778832,7.392051369126885,2792,0,outer_ring
10905,61.05378543635162,5.212580635322723,2783,0,outer_ring
10906,51.27816983477383,6.149686188418384,1939,0,outer_ring
10907,57.88265478139234,5.73340000569562,2546,0,outer_ring
10908,72.20984924829969,10.991203418087652,3197,0,outer_ring
10909,60.88557345380072,6.842538282749776,2793,0,outer_ring
10910,53.08131185058038,5.085947028367038,2097,0,outer_ring
10911,62.284485170003606,5.684120314417766,2866,0,outer_ring
10912,62.55389369013424,7.936255970193663,2910,0,outer_ring
10913,49.11243777311166,55.67817237000361,6717,3,stroke_nan
10914,54.44367404221791,4.958135132237149,2212,0,outer_ring
10915,62.08580978944945,9.077812924555296,2894,0,outer_ring
10916,55.286699362803596,4.154978793868983,2287,0,outer_ring
10917,44.893743710507124,6.187804070243328,1589,0,outer_ring
10918,65.07036957834016,6.773966266027125,3028,0,outer_ring
10919,68.44659275341878,19.94338315079086,10870,5,text_en_1919
10920,57.035082563272674,6.724014308733229,2472,0,outer_ring
10921,42.44575903996597,47.83692113802528,7050,3,stroke_nan
10922,68.54821708139194,61.71792975803726,7659,4,stroke_kai
10923,92.12638415377405,49.67620886694032,10233,5,text_en_1919
10924,76.80423120605293,60.36891918079553,4468,2,octagram
10925,65.99687482510026,7.015262426077351,3064,0,outer_ring
10926,62.52388665454721,8.291049738964475,2915,0,outer_ring
10927,49.12211813349395,6.035759544390684,1766,0,outer_ring
10928,36.86074032064525,10.48195559714412,1441,0,outer_ring
10929,56.49149895604773,13.111318507917433,11231,5,text_en_1919
10930,73.0539801439348,60.414919420121336,4518,2,octagram
10931,29.695851979563813,57.577533960469786,5244,2,octagram
10932,35.53934042986112,84.91714223529026,1304,0,outer_ring
10933,49.07696898567076,91.07085090083142,620,0,outer_ring
10934,46.710879172668534,89.21715119809014,809,0,outer_ring
10935,45.13513543739526,89.14469604020074,914,0,outer_ring
10936,38.799658950031514,87.10902053873286,1217,0,outer_ring
10937,19.026767800208734,50.69297696077958,10190,5,text_en_1919
10938,42.22050093167113,62.29895262957337,5092,2,octagram
10939,40.94024051907425,63.353485122699595,5073,2,octagram
10940,18.88700275934529,49.730742746619576,10218,5,text_en_1919
10941,25.67106669957,66.42206739619103,9656,5,text_en_1919
10942,37.26945031196175,72.97152522784668,9406,5,text_en_1919
10943,20.756301750301397,49.59651642903129,10244,5,text_en_1919
10944,19.165841988994753,42.356215951096395,10582,5,text_en_1919
10945,41.558533164798376,35.235542795061406,5632,2,octagram
10946,27.123028557827446,23.8034179658586,10855,5,text_en_1919
10947,46.74379514873938,44.8855534903025,7264,3,stroke_nan
10948,33.031747597371066,50.21220942579383,5329,2,octagram
10949,52.44704786250125,35.70368388871249,7512,3,stroke_nan
10950,45.85304353527632,39.801077093566406,7439,3,stroke_nan
10951,41.088570825556914,67.02371989314344,5043,2,octagram
10952,63.108077729662355,78.29097564822867,9265,5,text_en_1919
10953,58.46197377489164,13.90747510836225,11188,5,text_en_1919
10954,27.719335728045202,52.882418618389345,3788,1,inner_ring
10955,25.907553425552333,56.398194614472416,3767,1,inner_ring
10956,46.72240955255682,34.92308530673822,7569,3,stroke_nan
10957,46.76363442728816,79.43281677567633,9214,5,text_en_1919
10958,62.585440876046945,84.8755404293222,8689,5,text_en_1919
10959,59.42612623702531,83.71930512262297,8750,5,text_en_1919
10960,68.07403561115964,81.35734243874573,8911,5,text_en_1919
10961,87.9499292864652,47.34923319523437,10427,5,text_en_1919
10962,36.710708419702094,87.26468501978562,1263,0,outer_ring
10963,53.24968341152441,79.6727406735254,9082,5,text_en_1919
10964,53.0791738406842,5.641059216748777,2096,0,outer_ring
10965,38.963534958227626,34.667490291026205,5613,2,octagram
10966,67.21528863336516,6.592322198162931,3092,0,outer_ring
10967,44.05676199233216,25.264420680668373,5749,2,octagram
10968,42.051089421137135,6.8959766107734435,1522,0,outer_ring
10969,60.91225604789495,5.274659014458686,2771,0,outer_ring
10970,68.43514437526281,43.82066823841688,8277,4,stroke_kai
10971,67.04641063863328,30.869335409381904,6152,2,octagram
10972,44.24870894175363,22.91818600057697,5782,2,octagram
10973,61.21242913171873,73.41971587173222,4724,2,octagram
10974,61.9381441152868,21.90141229663109,4180,1,inner_ring
10975,41.9598188704636,32.99338162871736,5654,2,octagram
10976,29.11613457722926,51.906049281936376,3793,1,inner_ring
10977,23.235130573487922,36.87117454866814,10765,5,text_en_1919
10978,27.967598347668655,37.22362967927057,5499,2,octagram
10979,42.32073181234665,34.0854679383851,5642,2,octagram
10980,62.46673553394637,20.86389960627977,4181,1,inner_ring
10981,47.1508179057158,4.811720008015828,1681,0,outer_ring
10982,60.64074168795109,44.70805564304212,8204,4,stroke_kai
10983,49.25001297595486,11.41230379524513,11268,5,text_en_1919
10984,45.97538215482391,7.73301777659188,1611,0,outer_ring
10985,51.73993983196269,27.976671684609993,7555,3,stroke_nan
10986,57.228117519942735,20.30210056323105,4139,1,inner_ring
10987,49.0525746543828,4.458517241602763,1774,0,outer_ring
10988,68.39448528583064,19.873014721375643,10878,5,text_en_1919
10989,49.25611497337679,50.136776334127894,6947,3,stroke_nan
10990,46.07456805953474,72.8089371286078,4939,2,octagram
10991,53.940539091841735,80.90443870484522,8949,5,text_en_1919
10992,85.0122038869195,60.41627259612595,9841,5,text_en_1919
10993,58.79217139160221,88.11166294569173,8588,5,text_en_1919
10994,67.79906103601787,55.423119034562674,7770,4,stroke_kai
10995,43.93576078509841,87.6719772801173,1008,0,outer_ring
10996,49.53663571735463,16.684051024054025,10940,5,text_en_1919
10997,41.51684478886145,6.588818778471677,1514,0,outer_ring
10998,30.27486707104857,56.44148006723939,5261,2,octagram
10999,44.84011231022325,55.75362989651431,6752,3,stroke_nan
11000,36.01211945074827,81.2744432494483,8956,5,text_en_1919
11001,54.98304418486903,89.44750534652019,255,0,outer_ring
11002,59.81000197339975,79.37883233754766,9099,5,text_en_1919
11003,68.93039019056711,80.88862899149437,8982,5,text_en_1919
11004,52.95848175750605,89.81569218624014,369,0,outer_ring
11005,43.38632697715929,88.67868577281497,1022,0,outer_ring
11006,35.717288991773934,84.93239375561261,1300,0,outer_ring
11007,51.68000848671732,90.34538039137708,441,0,outer_ring
11008,44.728092015081565,52.34656599049258,6852,3,stroke_nan
11009,48.196673576980544,46.35653036431176,7113,3,stroke_nan
11010,48.86589320240029,77.48550025288189,9253,5,text_en_1919
11011,41.71816520210689,56.27208163176029,6723,3,stroke_nan
11012,58.83681342957574,89.66782636491808,102,0,outer_ring
11013,50.84993106926133,87.08155312694132,515,0,outer_ring
11014,68.15538100389739,79.54252209545615,9148,5,text_en_1919
11015,48.395283226866255,90.02941360377135,683,0,outer_ring
11016,48.49675655700096,69.69622603168835,4907,2,octagram
11017,49.69585232769503,70.87332194615855,4879,2,octagram
11018,60.024868883782354,71.37970545221359,4746,2,octagram
11019,67.96610824208332,44.765113612799006,8211,4,stroke_kai
11020,64.81371917164434,71.99953293408291,4670,2,octagram
11021,82.9670020904685,58.16106693124016,9888,5,text_en_1919
11022,57.00785586646266,46.64591451596263,8118,4,stroke_kai
11023,65.05096686451071,51.188377270722796,7952,4,stroke_kai
11024,86.47740088892002,60.4581537119381,9832,5,text_en_1919
11025,86.1567548482158,70.29178197329729,9526,5,text_en_1919
11026,87.86905697447337,48.32051249962264,10350,5,text_en_1919
11027,89.31330745474354,64.00521701362685,9725,5,text_en_1919
11028,90.58452249163996,61.73498523794855,9781,5,text_en_1919
11029,80.81348606693068,64.44516242151447,9706,5,text_en_1919
11030,61.74080307215067,52.4519254048677,7899,4,stroke_kai
11031,81.07774156339886,69.01525617732645,9512,5,text_en_1919
11032,62.8648895223279,21.53976983533098,4185,1,inner_ring
11033,88.39049978390965,48.80075524784589,10333,5,text_en_1919
11034,67.24166194919266,29.802930122526917,6138,2,octagram
11035,64.24388599380454,45.556222557330095,8215,4,stroke_kai
11036,66.24770442363416,32.895463610611834,8553,4,stroke_kai
11037,86.90507553355168,46.55409633321461,10460,5,text_en_1919
11038,74.87044985726398,46.595724271250454,6419,2,octagram
11039,62.76251876092451,61.346169993094236,7601,4,stroke_kai
11040,74.94021782980903,35.458285629196496,6240,2,octagram
11041,72.50839677601738,62.96889216777347,4532,2,octagram
11042,80.23457597748938,55.8372725239277,6562,2,octagram
11043,59.774391099110964,25.105098742167307,5989,2,octagram
11044,57.4893296288618,13.786409886800822,11172,5,text_en_1919
11045,58.08856474667659,5.8886690296962065,2574,0,outer_ring
11046,50.839160923931196,5.38114686938577,1903,0,outer_ring
11047,57.45286497518798,16.401205653987663,11018,5,text_en_1919
11048,54.40549663654495,5.547331162070259,2206,0,outer_ring
11049,50.8947807864448,6.756679905511377,1899,0,outer_ring
11050,58.2111991919603,12.867080184690106,11263,5,text_en_1919
11051,52.14996079665607,15.446010431538033,11083,5,text_en_1919
11052,60.533858283724385,6.69678617069668,2760,0,outer_ring
11053,56.95185053142516,17.893303977514357,10981,5,text_en_1919
11054,50.04705477457112,16.87967406395086,4095,1,inner_ring
11055,74.25227174900282,28.146797613155453,4270,1,inner_ring
11056,56.86028930648499,33.14712925091385,8548,4,stroke_kai
11057,42.91705177590391,28.223894921334644,5720,2,octagram
11058,62.643064490818354,5.617850645218548,2887,0,outer_ring
11059,55.72695764521612,38.62221104431953,8468,4,stroke_kai
11060,72.63887420527608,27.147425227820122,4258,1,inner_ring
11061,64.70915088680162,22.423733254301546,6049,2,octagram
11062,79.05484056881518,32.220748627228595,4313,1,inner_ring
11063,55.13958960187509,34.92302457263044,8543,4,stroke_kai
11064,84.01160734582989,59.61174720678042,9855,5,text_en_1919
11065,77.87239482524468,56.52772362596969,6553,2,octagram
11066,61.16758984096432,52.515345341676536,7911,4,stroke_kai
11067,51.851491608944585,36.1195229080513,7497,3,stroke_nan
11068,60.28130933340492,38.22220070668844,8463,4,stroke_kai
11069,57.1520069100841,18.041706877793672,10967,5,text_en_1919
11070,61.67997210469539,15.118434399258756,11077,5,text_en_1919
11071,40.62472367764023,28.23769191293056,5707,2,octagram
11072,59.40243323228307,74.87877240975722,3486,1,inner_ring
11073,46.13247541787369,88.41424960348432,861,0,outer_ring
11074,40.17661828584408,88.44823644999826,1162,0,outer_ring
11075,45.95379468655396,87.99137448206785,881,0,outer_ring
11076,49.409815512775054,89.07056375649464,610,0,outer_ring
11077,34.229618262579336,75.60174650355806,9370,5,text_en_1919
11078,45.42303989740807,89.19013191159286,901,0,outer_ring
11079,49.282046227825305,79.22217924248967,9104,5,text_en_1919
11080,33.031741678394546,57.883582781517845,5192,2,octagram
11081,50.20180430195002,72.17389189114311,4884,2,octagram
11082,45.090844933536914,73.08123500262012,4943,2,octagram
11083,29.981679836287558,70.14772424099803,9508,5,text_en_1919
11084,36.81718818823621,34.99675040006737,5591,2,octagram
11085,25.025272608741687,67.14687593600395,9621,5,text_en_1919
11086,29.55748274282006,39.30010493931207,5465,2,octagram
11087,33.07609353794087,47.113586643461716,5380,2,octagram
11088,17.70925245689805,39.69427322081057,10662,5,text_en_1919
11089,20.20282173031487,47.22336008087299,10483,5,text_en_1919
11090,17.28265987442967,58.28752940624544,9945,5,text_en_1919
11091,26.21890304044762,52.777274570462275,3792,1,inner_ring
11092,26.455734098706653,67.20018819363565,9612,5,text_en_1919
11093,31.366915679726233,38.94084520672936,5461,2,octagram
11094,38.34692693405509,24.75668076905153,4011,1,inner_ring
11095,49.76718005848205,81.39339950408689,8880,5,text_en_1919
11096,50.044123759405785,7.414369018565435,1822,0,outer_ring
11097,37.26431267828048,86.10028511977102,1262,0,outer_ring
11098,66.45279231660702,31.479135284165974,6157,2,octagram
11099,43.907565115631776,79.00781414400001,9142,5,text_en_1919
11100,62.31850466071804,88.61048338336641,47,0,outer_ring
11101,40.01120446839508,52.58128978539281,6847,3,stroke_nan
11102,47.41372215583305,54.23855202876667,6774,3,stroke_nan
11103,37.361280443991234,85.40529172865769,1268,0,outer_ring
11104,65.6953359769062,89.21766068177902,18,0,outer_ring
11105,63.39801184257211,55.180861118173496,7806,4,stroke_kai
11106,43.87283495113342,52.547463975048615,6838,3,stroke_nan
11107,46.90747130459061,44.706297448664735,7249,3,stroke_nan
11108,61.87341378631766,5.973239141948884,2841,0,outer_ring
11109,50.416909024712055,39.760280730938625,7385,3,stroke_nan
11110,36.4387843618243,9.964327891926075,1437,0,outer_ring
11111,74.21994680426867,68.1634845065556,3377,1,inner_ring
11112,54.200685339285116,5.643561171071702,2192,0,outer_ring
11113,44.213478128123725,22.037936114785502,4054,1,inner_ring
11114,33.8518309859414,28.595667960991012,3962,1,inner_ring
11115,45.00095248177673,57.91843005447158,6648,3,stroke_nan
11116,56.54137465972574,55.05598509540983,7792,4,stroke_kai
11117,31.01733376457582,29.64735214684507,3947,1,inner_ring
11118,47.6167711733971,6.41651699674781,1684,0,outer_ring
11119,48.34409544297778,39.61575489589051,7436,3,stroke_nan
11120,28.04049796126754,41.95221884681923,5450,2,octagram
11121,36.353795854397454,35.06320105613843,5588,2,octagram
11122,49.15617401739689,21.164719805052872,5841,2,octagram
11123,50.669671868234076,15.577591058372821,10994,5,text_en_1919
11124,61.029921716105676,6.689379836050718,2800,0,outer_ring
11125,60.46152919828781,8.355351227567787,2772,0,outer_ring
11126,51.18483727502751,7.179806556626315,1912,0,outer_ring
11127,42.796745621082046,68.48514701573036,5020,2,octagram
11128,49.03341975330983,5.469987212672498,1765,0,outer_ring
11129,55.00976508376895,6.752778517493013,2264,0,outer_ring
11130,56.26275864907896,6.694406640297346,2403,0,outer_ring
11131,55.46888721442985,4.815083676156867,2313,0,outer_ring
11132,60.682258790138455,47.24567769170753,8088,4,stroke_kai
11133,41.97206543026651,30.29244571824893,5697,2,octagram
11134,78.61419573504317,38.7693031719644,6330,2,octagram
11135,57.66524556787082,70.66945447760834,4771,2,octagram
11136,85.03983390316193,60.96407504105836,9765,5,text_en_1919
11137,40.53287091271466,86.9610989479135,1168,0,outer_ring
11138,55.763837820820484,78.69874351064482,9121,5,text_en_1919
11139,91.52878190450934,43.12954637296244,10579,5,text_en_1919
11140,50.58874431010703,90.29842767610297,513,0,outer_ring
11141,43.91571207575942,88.58693257349749,990,0,outer_ring
11142,48.39889930518575,75.88904542762884,3566,1,inner_ring
11143,41.829383422001094,86.80687464968234,1119,0,outer_ring
11144,58.581654934893926,89.7172041294961,107,0,outer_ring
11145,73.13175645704841,87.19136192916449,2,0,outer_ring
11146,57.29194250975569,90.14847846933144,158,0,outer_ring
11147,68.6693704654807,88.01100232039187,8,0,outer_ring
11148,41.99055211263562,27.3718606306266,5721,2,octagram
11149,33.47364949251708,43.62868973776818,5405,2,octagram
11150,24.885853991158456,61.44847862758622,9829,5,text_en_1919
11151,15.53158453559913,41.03844967353686,10653,5,text_en_1919
11152,35.99837321558205,59.64674795491121,5156,2,octagram
11153,29.691170414095605,39.51499396182171,5463,2,octagram
11154,36.22157217331791,85.78141845750606,1286,0,outer_ring
11155,54.331196065243375,88.60198682763257,292,0,outer_ring
11156,47.07092926972025,84.71997490620663,8595,5,text_en_1919
11157,54.80847042775017,80.90731409771982,8950,5,text_en_1919
11158,53.32206758514526,89.92276183703517,349,0,outer_ring
11159,63.81660131224143,59.21333299960433,7669,4,stroke_kai
11160,64.42393773602966,43.04608584343996,8290,4,stroke_kai
11161,78.09760774578726,71.41144805272694,9420,5,text_en_1919
11162,83.11463630713244,50.5757919394367,3241,1,inner_ring
11163,63.03300881307079,54.97775919934187,7826,4,stroke_kai
11164,79.12093832107784,75.09142341784252,9362,5,text_en_1919
11165,76.04855010453333,83.94571779207715,1,0,outer_ring
11166,48.96337277234653,6.723808114233457,1751,0,outer_ring
11167,64.24667365842538,52.632265991732865,7913,4,stroke_kai
11168,62.474870345846526,52.03966783132539,7872,4,stroke_kai
11169,63.66035266360001,45.94769584264149,8161,4,stroke_kai
11170,82.10905261758714,69.73648859001268,9515,5,text_en_1919
11171,87.7869252280128,49.29197269261986,10313,5,text_en_1919
11172,70.10116418944952,71.24482579952048,3412,1,inner_ring
11173,85.88684060449407,58.62304145061391,9917,5,text_en_1919
11174,60.7410205036186,54.94447297261831,7828,4,stroke_kai
11175,78.0963726658909,36.94366746154634,6294,2,octagram
11176,60.555759308732036,76.63214937248243,3479,1,inner_ring
11177,54.49794393208266,5.547526026259019,2217,0,outer_ring
11178,86.35804634174332,54.71488525645053,10051,5,text_en_1919
11179,84.50132498436511,58.043078432749454,9954,5,text_en_1919
11180,56.008321225839715,66.66404437685138,4809,2,octagram
11181,63.82791550750713,56.101419721764316,7774,4,stroke_kai
11182,88.20944613016793,52.892051889482325,10126,5,text_en_1919
11183,85.62286502236473,39.941002972066734,10695,5,text_en_1919
11184,88.29674145862833,47.32118031726995,10428,5,text_en_1919
11185,67.30044462607474,15.180289777594838,11090,5,text_en_1919
11186,45.69659861991523,42.576262027809236,7344,3,stroke_nan
11187,69.21963320356299,14.561375064712735,11103,5,text_en_1919
11188,43.726262622703885,9.206356228847943,1540,0,outer_ring
11189,41.06325692232905,30.232674091581643,5691,2,octagram
11190,58.81730937600259,5.389622880407451,2626,0,outer_ring
11191,54.469468617125884,28.873629820514957,5897,2,octagram
11192,41.023095101218274,9.251096968966953,1484,0,outer_ring
11193,75.45737424522044,31.085923204447834,4288,1,inner_ring
11194,55.57272841527682,4.379849072470674,2322,0,outer_ring
11195,66.85650919809245,22.478138246926537,4211,1,inner_ring
11196,58.89314405595657,5.575920378825464,2635,0,outer_ring
11197,52.86287238921083,43.22165259216523,7357,3,stroke_nan
11198,50.112174214884206,24.698326646840975,5876,2,octagram
11199,61.03634164780465,5.217709544047025,2781,0,outer_ring
11200,55.04202990389625,5.598663696621457,2267,0,outer_ring
11201,65.01007447562402,6.7019361474802395,3022,0,outer_ring
11202,68.3196054008264,9.805430616539818,3144,0,outer_ring
11203,58.125051556488685,5.002788913949972,2571,0,outer_ring
11204,65.41082381830039,6.037381013381306,3033,0,outer_ring
11205,76.15395714350181,28.91119405062439,4283,1,inner_ring
11206,75.65780845565288,51.1853333302943,6491,2,octagram
11207,86.02836459032147,39.85586182414687,10691,5,text_en_1919
11208,88.65499043173985,54.047382438316724,10074,5,text_en_1919
11209,61.10165306471807,6.78371181549344,2804,0,outer_ring
11210,67.59737591054402,9.671092099681367,3126,0,outer_ring
11211,87.07646554928516,41.15293077787867,10687,5,text_en_1919
11212,41.58713859349577,9.762800245340676,1495,0,outer_ring
11213,39.81604802002056,13.801613193794642,11245,5,text_en_1919
11214,56.662158495399346,66.29614855893198,7580,4,stroke_kai
11215,39.84108759716383,89.11678466982197,1164,0,outer_ring
11216,43.44663024178666,88.58188601877262,1019,0,outer_ring
11217,54.18158509441951,85.72198440649962,8579,5,text_en_1919
11218,51.93245118860284,90.31487074348071,425,0,outer_ring
11219,69.14057818171268,62.416510963950415,4560,2,octagram
11220,24.244991246631272,56.35736497241944,10009,5,text_en_1919
11221,42.83100289776651,69.94735190977164,5003,2,octagram
11222,45.31400549033882,88.2893989167043,915,0,outer_ring
11223,20.479100321769156,39.415473953007044,10729,5,text_en_1919
11224,36.56142569649775,60.772085472151154,5147,2,octagram
11225,28.925724753112096,66.40978825857674,9624,5,text_en_1919
11226,25.025882384101354,49.20594734056049,3814,1,inner_ring
11227,30.4551405748304,35.38227638598628,5531,2,octagram
11228,22.02993296532954,47.53105513310332,10500,5,text_en_1919
11229,36.32613798022269,26.042161389884125,3992,1,inner_ring
11230,40.81055899963515,26.573106672353845,5729,2,octagram
11231,21.128897837706308,37.204050961552745,10751,5,text_en_1919
11232,18.880227386195227,41.96373419649125,10609,5,text_en_1919
11233,45.2284815731871,56.95216238427498,6683,3,stroke_nan
11234,30.12527393839374,42.20664151947095,5437,2,octagram
11235,34.572202873698146,67.52735594333106,3678,1,inner_ring
11236,42.73350607372324,25.083910641869213,5751,2,octagram
11237,62.94728048278625,5.660776025415327,2907,0,outer_ring
11238,56.37086706825509,90.31611673095698,191,0,outer_ring
11239,54.6278823207466,7.766554250563399,2227,0,outer_ring
11240,51.77933023983413,49.7378705914778,6975,3,stroke_nan
11241,59.36606085393563,71.3806057069616,4751,2,octagram
11242,63.45317898357956,41.174720209255824,8352,4,stroke_kai
11243,39.85285614777115,85.73813038562493,1205,0,outer_ring
11244,48.253303018158086,88.98525034622732,706,0,outer_ring
11245,67.01903591910761,81.09888007254833,9028,5,text_en_1919
11246,38.93978044923675,86.69918351638991,1220,0,outer_ring
11247,46.22305329123749,86.84746821041033,878,0,outer_ring
11248,52.97413083201741,80.81477285730479,8940,5,text_en_1919
11249,86.87488008713426,54.01241838729495,10101,5,text_en_1919
11250,52.22917629624326,50.10940948906437,6964,3,stroke_nan
11251,45.49906077645735,57.79517162181062,6658,3,stroke_nan
11252,57.214554156456295,26.48525897321185,5940,2,octagram
11253,59.17928315479373,25.13599716109596,5985,2,octagram
11254,66.89705880623326,27.274758929109833,6114,2,octagram
11255,49.720932441898135,6.57645750685005,1805,0,outer_ring
11256,57.113038092231456,33.43554553226185,5961,2,octagram
11257,38.23835038765411,18.68464670958619,10958,5,text_en_1919
11258,22.705068773966413,48.04393712006321,10344,5,text_en_1919
11259,42.947876574659674,51.98071446969907,6850,3,stroke_nan
11260,30.33599793676909,62.16989247478661,3721,1,inner_ring
11261,61.21659239711362,23.839735045947656,6012,2,octagram
11262,43.80100367904725,7.505852094371453,1551,0,outer_ring
11263,39.95339301112324,16.510456846912785,11071,5,text_en_1919
11264,30.670603102068938,36.24976419835489,5524,2,octagram
11265,42.723323410724866,6.77885187814872,1534,0,outer_ring
11266,46.30029483221726,7.916478910146472,1631,0,outer_ring
11267,66.70988344580184,30.087395927242238,6143,2,octagram
11268,40.93433059173832,31.299212757431814,5675,2,octagram
11269,55.45274576217984,58.08442443706046,7674,4,stroke_kai
11270,51.23700086263316,4.884028453248406,1941,0,outer_ring
11271,70.78816205431593,25.30091430785314,4240,1,inner_ring
11272,45.53397772085407,19.34446497708909,4065,1,inner_ring
11273,59.32129565202031,6.978352014621399,2681,0,outer_ring
11274,32.59594891556242,64.661916171829,3693,1,inner_ring
11275,71.27253961857843,33.55780541483006,6200,2,octagram
11276,75.55840121810775,48.609048189685716,6463,2,octagram
11277,86.5267809013852,60.509891721956755,9814,5,text_en_1919
11278,87.6075219944944,55.149127806197164,10044,5,text_en_1919
11279,21.689816050989936,51.98064657797378,10159,5,text_en_1919
11280,63.969764979243266,53.17452565354377,7855,4,stroke_kai
11281,83.13229555633754,44.978337400962225,4404,1,inner_ring
11282,41.15100671822053,86.02081346517667,1153,0,outer_ring
11283,44.41232584302573,57.17508263303729,6682,3,stroke_nan
11284,45.160831135155775,90.01619798205456,905,0,outer_ring
11285,37.96118294315411,86.1838295550411,1250,0,outer_ring
11286,43.110153091262994,85.08584457093649,8705,5,text_en_1919
11287,55.39594028401135,90.38243550566085,235,0,outer_ring
11288,68.55334295977175,81.5251705729387,8923,5,text_en_1919
11289,34.18187760792292,85.60048769401602,1314,0,outer_ring
11290,47.630423178464326,87.71709525825635,769,0,outer_ring
11291,49.447122105812724,88.29676492465084,616,0,outer_ring
11292,49.43865283343281,69.18577929238293,4872,2,octagram
11293,23.053939632159448,65.78373008044568,9681,5,text_en_1919
11294,31.089415780316195,53.27569660008283,5296,2,octagram
11295,25.131961134607927,46.79428473955334,3829,1,inner_ring
11296,43.823675508151744,88.20272017686479,1005,0,outer_ring
11297,54.5130710629667,87.94243530567459,280,0,outer_ring
11298,63.84499111852487,81.73107170901346,8934,5,text_en_1919
11299,67.09514748115595,78.93599866525642,9182,5,text_en_1919
11300,54.507385792319056,73.7480135467985,3523,1,inner_ring
11301,86.68174580278077,68.40612138608964,9536,5,text_en_1919
11302,82.14631530865194,55.70396971612166,3278,1,inner_ring
11303,52.408827265284934,81.57505250144307,8869,5,text_en_1919
11304,90.55941115746441,47.6586455553349,10394,5,text_en_1919
11305,57.37513024173013,73.80392266314895,3501,1,inner_ring
11306,53.33867883218923,89.62138683718346,348,0,outer_ring
11307,63.92085311639775,54.16236469648596,7850,4,stroke_kai
11308,88.38443874129193,55.30960138771409,10032,5,text_en_1919
11309,37.894776619219456,72.85218633981282,3634,1,inner_ring
11310,84.01925182017244,41.443861737857084,10673,5,text_en_1919
11311,65.77483882772492,57.738230584712404,7715,4,stroke_kai
11312,87.4985153965882,64.05612350576585,9717,5,text_en_1919
11313,90.00008028490274,53.55603800304426,10096,5,text_en_1919
11314,92.0578343742282,54.06347981226468,10068,5,text_en_1919
11315,57.638672529515325,69.85566082222262,4779,2,octagram
11316,50.19384395237909,5.196590586008321,1857,0,outer_ring
11317,77.72594405891248,40.532720076839446,6342,2,octagram
11318,60.934622470367735,5.55990924487706,2774,0,outer_ring
11319,59.58211282111992,5.829889623203636,2690,0,outer_ring
11320,59.626971947875475,4.0919810463494715,2675,0,outer_ring
11321,80.60041935801888,61.334287488809245,3319,1,inner_ring
11322,56.195376177294804,50.80619019003301,7963,4,stroke_kai
11323,70.12646584806886,35.92959923323769,6192,2,octagram
11324,75.52275356756518,31.926922068448413,4296,1,inner_ring
11325,90.54469346127586,56.13925856204171,10019,5,text_en_1919
11326,84.79767953846667,52.972306393584695,10121,5,text_en_1919
11327,74.95840445748122,43.74670375711982,6390,2,octagram
11328,64.37733130371136,23.534888145060567,6056,2,octagram
11329,52.784709734768605,37.25943811617901,7465,3,stroke_nan
11330,57.412463337468346,5.947213592709338,2502,0,outer_ring
11331,56.44889842113599,4.922445506572168,2409,0,outer_ring
11332,48.00732982362919,4.813872692885651,1711,0,outer_ring
11333,61.638142660696836,7.296875912389859,2839,0,outer_ring
11334,57.14307532505845,5.9966596887575605,2478,0,outer_ring
11335,58.82454257129329,12.862978916027714,11254,5,text_en_1919
11336,59.612607883886014,7.795235640509242,2710,0,outer_ring
11337,68.80486928145702,7.926817742522487,3142,0,outer_ring
11338,55.679618393569285,25.84604338047466,5931,2,octagram
11339,37.45639129143527,34.957407045037506,5592,2,octagram
11340,46.88883007488351,23.55113325624423,5830,2,octagram
11341,59.25779450553061,25.590678218834963,5978,2,octagram
11342,51.86704429742343,53.78912219191908,6870,3,stroke_nan
11343,59.18235941942897,7.033264399482681,2666,0,outer_ring
11344,58.12423743142881,4.417941069704709,2562,0,outer_ring
11345,57.12030920090412,10.520641074300185,11334,5,text_en_1919
11346,63.08573679603775,7.314606618086255,2935,0,outer_ring
11347,73.04806385547667,33.66276215572819,6214,2,octagram
11348,58.45923596806796,36.38603331933769,8528,4,stroke_kai
11349,83.93066150461135,57.127182419649024,9962,5,text_en_1919
11350,82.47141981894673,57.59847477331405,3292,1,inner_ring
11351,52.8909863924289,6.466826005812953,2074,0,outer_ring
11352,86.72939088173926,47.71184773196259,10405,5,text_en_1919
11353,70.04064553829699,33.34895906979879,6190,2,octagram
11354,43.94617739964578,6.896025987497973,1559,0,outer_ring
11355,59.67828780145929,89.97689100315856,83,0,outer_ring
11356,65.58641238009746,50.45020030675218,7999,4,stroke_kai
11357,43.6734648358716,78.68902756754414,9151,5,text_en_1919
11358,20.911461551545205,67.29026546912334,9646,5,text_en_1919
11359,49.28519063133222,89.76739585993921,613,0,outer_ring
