point_id,x,y,assigned_slot_id,assigned_layer_id,assigned_layer_name
0,55.44114085394959,97.48767060566882,386,0,outer_ring
1,51.55056714592562,96.31811977838508,518,0,outer_ring
2,46.103602104559904,94.75829349053464,935,0,outer_ring
3,42.73175807009479,91.65475221082517,1128,0,outer_ring
4,40.65673821952679,88.55390527310206,1203,0,outer_ring
5,38.5817183689588,85.0661372768259,1267,0,outer_ring
6,35.469239171273095,80.02794592069645,3601,1,inner_ring
7,32.87548964714625,77.70012500041166,3621,1,inner_ring
8,28.725551102342852,74.59490673771188,1373,0,outer_ring
9,25.87233558510399,71.49248322864611,9432,5,text_en_1919
10,22.75985638741829,66.45429187251666,9522,5,text_en_1919
11,21.981761877080015,61.80815337159184,9722,5,text_en_1919
12,21.981761877080015,57.163691853657326,9941,5,text_en_1919
13,23.01922122419772,52.90848800126042,10242,5,text_en_1919
14,25.612970748324567,50.97886909182789,10417,5,text_en_1919
15,29.244280775901707,50.98669544848235,3765,1,inner_ring
16,32.61612481036683,50.9939625927902,5265,2,octagram
17,35.20987433449368,51.38667507198905,5188,2,octagram
18,40.13800854596794,51.39729640029402,6794,3,stroke_nan
19,44.02868341032451,52.95376850414735,6784,3,stroke_nan
20,46.62243293445135,54.120524359780575,6657,3,stroke_nan
21,49.99427696891647,55.28885656873999,5010,2,octagram
22,53.106756166602175,55.68258640693492,6686,3,stroke_nan
23,56.73806619417931,56.07743445180657,4787,2,octagram
24,59.33181571830616,58.01823368387418,7948,4,stroke_kai
25,61.40683556887416,62.28014568624883,7766,4,stroke_kai
26,61.66620040565358,66.53814451029626,9112,5,text_en_1919
27,61.925565242433,69.2479559518108,8729,5,text_en_1919
28,57.51616070451759,55.3050680583625,7616,4,stroke_kai
29,54.922411180390746,49.88097300267608,7848,4,stroke_kai
30,52.58802649304332,46.0055236941885,7154,3,stroke_nan
31,48.17862195512791,38.2552847012076,7411,3,stroke_nan
32,49.47554729535763,42.12849803237475,7490,3,stroke_nan
33,51.03173631603417,44.06706106910544,7323,3,stroke_nan
34,45.325507594221634,36.314027104474015,5590,2,octagram
35,42.73175807009479,32.43801880165635,5790,2,octagram
36,38.5817183689588,31.26800939169011,3943,1,inner_ring
37,34.95050949771425,30.09901755873647,7431,3,stroke_nan
38,32.3567599735874,32.028636468169,5423,2,octagram
39,29.763010449460555,36.667507824785964,3829,1,inner_ring
40,33.394219320705105,41.319795481358426,5383,2,octagram
41,36.5067996747234,45.58384304940588,7180,3,stroke_nan
42,38.06298869539995,49.07059346866944,7000,3,stroke_nan
43,29.503645612681133,35.89280482435736,10572,5,text_en_1919
44,29.503645612681133,32.02248731252135,10705,5,text_en_1919
45,29.763010449460555,28.926772171449823,1406,0,outer_ring
46,31.83803030002855,26.609013585139905,3922,1,inner_ring
47,35.72860400805252,25.069211335575083,1424,0,outer_ring
48,40.91610305630621,25.08039165821016,1553,0,outer_ring
49,44.02868341032451,25.474121714421603,11316,5,text_en_1919
50,47.141162608010205,28.577204629465104,4083,1,inner_ring
51,49.47554729535763,31.291488243636984,5862,2,octagram
52,51.55056714592562,34.77925623991314,7447,3,stroke_nan
53,53.62548584016102,37.492980641738406,5918,2,octagram
54,55.181776017170165,40.59260896113716,5924,2,octagram
55,56.73806619417931,42.144150527667165,8120,4,stroke_kai
56,59.33181571830616,44.471971447951965,8075,4,stroke_kai
57,62.444294915991854,46.02676635079846,8044,4,stroke_kai
58,65.0380444401187,46.8065005182145,7990,4,stroke_kai
59,68.1505236378044,47.97427373284381,6479,2,octagram
60,70.74427316193125,53.78549110641156,6517,2,octagram
61,71.78183366538154,60.75431894898611,7822,4,stroke_kai
62,71.78183366538154,64.62473709048624,7658,4,stroke_kai
63,69.70681381481354,69.65174812398061,4575,2,octagram
64,46.88179777123078,80.05254276130353,9090,5,text_en_1919
65,48.17862195512791,84.31277756267137,939,0,outer_ring
66,49.99427696891647,85.47775580565016,783,0,outer_ring
67,53.106756166602175,85.48446395562792,503,0,outer_ring
68,55.44114085394959,86.26353849904973,401,0,outer_ring
69,56.73806619417931,86.26633368871674,8612,5,text_en_1919
70,56.21923536428786,83.1689413466384,9121,5,text_en_1919
71,53.88495183327305,80.84167963870024,3512,1,inner_ring
72,51.2912023091462,78.90098103629674,4848,2,octagram
73,49.99427696891647,78.89818584662973,9215,5,text_en_1919
74,47.91925711834848,77.73254797965669,4918,2,octagram
75,29.503645612681133,59.88915579046429,6757,3,stroke_nan
76,29.503645612681133,62.21138654943154,3701,1,inner_ring
77,31.05993578969028,62.60176242164586,5044,2,octagram
78,58.03489037807644,99.8154915259536,276,0,outer_ring
79,61.925565242433,99.43685518872098,197,0,outer_ring
80,65.0380444401187,97.89537595616584,106,0,outer_ring
81,68.66925331136325,94.41990627118496,41,0,outer_ring
82,71.00363799871067,91.32856267310666,5,0,outer_ring
83,72.30056333894038,86.6869969745033,9053,5,text_en_1919
84,74.11621835272896,83.59453538776478,9339,5,text_en_1919
85,75.4130425366261,79.33999115936209,4625,2,octagram
86,76.96933271363524,75.4729272018591,9502,5,text_en_1919
87,78.00679206075293,71.6048456673435,3351,1,inner_ring
88,80.08181191132093,66.96485632206631,9704,5,text_en_1919
89,82.15683176188892,60.38965790603908,9740,5,text_en_1919
90,83.71302078256547,55.361528665868,3299,1,inner_ring
91,85.52867579635405,51.495124332359225,9877,5,text_en_1919
92,86.82560113658377,47.62750138052612,3278,1,inner_ring
93,88.38179015726033,46.082667963973854,10028,5,text_en_1919
94,89.93808033426947,42.60272632435217,10088,5,text_en_1919
95,93.82865404229344,39.90185901013577,10207,5,text_en_1919
96,95.90367389286143,36.810057047391474,10414,5,text_en_1919
97,98.7567882537677,33.719932067637494,10783,5,text_en_1919
98,56.73806619417931,40.59596314513429,6024,2,octagram
99,59.33181571830616,38.27932254748458,8265,4,stroke_kai
100,60.88800473898271,33.638315625194814,8425,4,stroke_kai
101,63.22238942633013,28.998885274247737,8387,4,stroke_kai
102,64.25994992978042,25.130703328084525,6206,2,octagram
103,64.51931476655984,23.97019725776306,6142,2,octagram
104,74.63494802628782,22.83083321438743,10643,5,text_en_1919
105,71.52246882860211,22.824125064409685,6405,2,octagram
106,68.1505236378044,22.04281432565095,6306,2,octagram
107,66.07550378723641,20.10313308224355,6116,2,octagram
108,63.22238942633013,18.935918861944344,10899,5,text_en_1919
109,61.40683556887416,18.932005901633627,4155,1,inner_ring
110,58.81298488841471,18.152271516201072,2731,0,outer_ring
111,55.181776017170165,18.144445377563123,11272,5,text_en_1919
112,52.3286616562639,18.13829622191548,2368,0,outer_ring
113,49.734912132137055,17.358662684163562,11308,5,text_en_1919
114,47.40052744478962,15.805444134643253,1623,0,outer_ring
115,44.80677792066278,13.477723844022576,1555,0,outer_ring
116,48.697351628686754,14.647174041642195,1909,0,outer_ring
117,51.2912023091462,14.652764420976249,2219,0,outer_ring
118,54.14431667005247,14.658913576623888,2485,0,outer_ring
119,56.21923536428786,13.889342154830338,2598,0,outer_ring
120,52.06929681948447,12.3322106449993,2330,0,outer_ring
121,48.697351628686754,10.77675590014207,1944,0,outer_ring
122,47.141162608010205,9.612336869509882,1726,0,outer_ring
123,46.103602104559904,5.739682532672831,1664,0,outer_ring
124,50.513006642475325,9.232582325600532,2177,0,outer_ring
125,53.88495183327305,10.01389306435928,2478,0,outer_ring
126,57.51616070451759,10.021719202997224,2644,0,outer_ring
127,60.10991022864444,10.41433105253195,2732,0,outer_ring
128,64.25994992978042,10.423275397846616,2879,0,outer_ring
129,67.11306429068671,10.429424553494258,11021,5,text_en_1919
130,71.52246882860211,10.43892789313903,6106,2,octagram
131,74.63494802628782,10.445636043116778,4313,1,inner_ring
132,78.52552173431178,10.454021176084836,10790,5,text_en_1919
133,68.1505236378044,8.49655208972873,3179,0,outer_ring
134,68.66925331136325,5.014273625106,3050,0,outer_ring
135,68.40988847458382,2.691483871808643,2932,0,outer_ring
136,37.5442590218411,25.589153431525236,4021,1,inner_ring
137,39.35991403562967,25.206044921635268,1478,0,outer_ring
138,91.75373534805804,41.57458166743356,10348,5,text_en_1919
139,49.99427696891647,96.05675113557648,641,0,outer_ring
140,47.91925711834848,95.27823558648475,788,0,outer_ring
141,44.02868341032451,92.94761969454947,1057,0,outer_ring
142,52.5471342793491,96.6443770959682,500,0,outer_ring
143,48.813457510002,95.53635738266568,744,0,outer_ring
144,45.09408768672454,93.90781007160032,1011,0,outer_ring
145,41.69834351806424,90.23327531053964,1165,0,outer_ring
146,41.76872689756004,90.12350837171988,1164,0,outer_ring
147,39.28670253821839,86.35116519966286,1248,0,outer_ring
148,37.66666291783216,83.71539770507636,1281,0,outer_ring
149,31.822282901520197,76.89028330388503,9406,5,text_en_1919
150,29.67225683113826,75.25568143354093,9346,5,text_en_1919
151,27.64425280989352,73.38363388200857,9431,5,text_en_1919
152,22.407087747410436,64.21199281634549,9640,5,text_en_1919
153,22.29420091698918,64.24655617506204,9599,5,text_en_1919
154,22.20077879469376,55.85347863618279,9971,5,text_en_1919
155,25.00997444697842,51.540955787750974,10213,5,text_en_1919
156,26.63096939775536,51.05254169560417,10148,5,text_en_1919
157,26.687826039957493,51.01855325705444,10141,5,text_en_1919
158,31.652501386620777,50.96932762294058,5254,2,octagram
159,37.15434913646257,49.79095245974213,6918,3,stroke_nan
160,40.80329531398582,51.68182470366934,6873,3,stroke_nan
161,44.76764083301295,53.30426245700552,6776,3,stroke_nan
162,48.60544224973413,54.76094132858805,6963,3,stroke_nan
163,51.63267677660131,55.58602138987491,4907,2,octagram
164,52.44227767075824,55.424572195544265,6872,3,stroke_nan
165,57.19148888643521,56.55555308691058,3498,1,inner_ring
166,58.77529622266606,57.52334131360252,4696,2,octagram
167,61.479259745382905,63.05338822209248,3440,1,inner_ring
168,61.384088375510615,63.34908681547584,4690,2,octagram
169,61.6846936920177,65.06524463853071,9267,5,text_en_1919
170,56.96737212725316,55.76286624264068,4780,2,octagram
171,56.61371818207184,53.50188510308704,7690,4,stroke_kai
172,54.536614491173786,49.104299036669495,4821,2,octagram
173,47.52443946819723,37.84727437819802,7391,3,stroke_nan
174,48.45394247785751,39.014330553525305,7378,3,stroke_nan
175,51.577048084158726,44.70757264273748,7288,3,stroke_nan
176,43.5916603090805,33.7407352257593,5729,2,octagram
177,40.174976089670096,31.622352348630464,3977,1,inner_ring
178,38.02735247120104,31.079061820403307,3938,1,inner_ring
179,36.50833218904973,30.509154711297185,7293,3,stroke_nan
180,31.868377534165205,32.02571308981984,5442,2,octagram
181,29.495028959313792,36.39640519255239,1399,0,outer_ring
182,35.65873231098681,44.59600024597192,7101,3,stroke_nan
183,37.15548099593747,47.0760714176464,7094,3,stroke_nan
184,38.52749127953953,49.67396244768554,6943,3,stroke_nan
185,29.84899196597784,36.44801179661779,3834,1,inner_ring
186,31.849821872084757,31.99915741953824,5448,2,octagram
187,29.565254748427733,30.407566890450678,10774,5,text_en_1919
188,30.471423663808,28.46612976473335,5498,2,octagram
189,36.98491910018743,25.37094936310452,10915,5,text_en_1919
190,42.01631095161533,25.0592076090406,11349,5,text_en_1919
191,42.491593561365576,25.293036646709,11176,5,text_en_1919
192,45.93941222028819,27.33287126636016,10952,5,text_en_1919
193,47.786613005371656,29.504896461117337,5809,2,octagram
194,51.94411779946046,35.42578349248905,7432,3,stroke_nan
195,54.28316056043408,39.050029821804216,5923,2,octagram
196,56.39660383693645,40.65201314287488,6000,2,octagram
197,56.409270539864856,41.92587077273291,8266,4,stroke_kai
198,58.81614762167938,43.88766020853277,8179,4,stroke_kai
199,61.84093183216825,45.62816808444286,8114,4,stroke_kai
200,66.55638241059185,47.31945164672165,7993,4,stroke_kai
201,65.44542016718643,47.0032747262301,7941,4,stroke_kai
202,69.62346077065254,51.333621696665226,6507,2,octagram
203,71.35045583474455,56.90207436513197,4444,2,octagram
204,71.90257831762439,63.09907191117416,7719,4,stroke_kai
205,63.76839247816847,69.41892845285358,9125,5,text_en_1919
206,47.534887576594926,78.57145016217991,4951,2,octagram
207,49.48588591377846,85.23184655311802,803,0,outer_ring
208,50.93551449106061,85.44712392764309,673,0,outer_ring
209,51.39889938919735,85.40077470987657,637,0,outer_ring
210,56.1378752211555,86.42147064150032,365,0,outer_ring
211,56.1633949687762,86.25325146383148,363,0,outer_ring
212,55.90008247412836,85.10757212660187,8790,5,text_en_1919
213,54.46640389949189,81.42249428019396,9196,5,text_en_1919
214,50.853493217988245,78.72470900779321,4853,2,octagram
215,48.75346135531584,78.1621988020173,4896,2,octagram
216,47.49869883137877,78.86273339587521,3586,1,inner_ring
217,29.48439139151396,60.3294965922515,5180,2,octagram
218,30.70593103823341,62.402951804573895,5071,2,octagram
219,30.649854651174078,62.52768884755184,5053,2,octagram
220,55.997214423012615,97.9311091464713,349,0,outer_ring
221,62.71078731179229,99.10582971879911,181,0,outer_ring
222,62.58750801749138,99.21977918431617,186,0,outer_ring
223,67.97478929478443,95.07937023849192,43,0,outer_ring
224,69.49935676900742,93.45446551451757,30,0,outer_ring
225,73.34145473453607,84.69560649433322,3424,1,inner_ring
226,72.64332348402533,85.92951565297676,9225,5,text_en_1919
227,75.78200056033435,78.24884139981918,4617,2,octagram
228,77.51614150330603,73.11467575283588,4579,2,octagram
229,77.86162259294301,72.52008139243563,9529,5,text_en_1919
230,80.30115640403129,65.70914166052845,4515,2,octagram
231,83.36287555386869,56.9685033029916,9790,5,text_en_1919
232,84.16125216592457,54.821785218885786,9801,5,text_en_1919
233,85.84641357439317,50.67023277208224,9827,5,text_en_1919
234,87.42772960655749,47.05978223479257,9986,5,text_en_1919
235,87.77016359481256,46.623045258894514,10121,5,text_en_1919
236,90.68015730181968,42.217153764028325,3230,1,inner_ring
237,94.57206093067428,38.99634790482196,10208,5,text_en_1919
238,95.13883852915032,37.96151649943111,10303,5,text_en_1919
239,97.6415822452732,35.31341137707069,10532,5,text_en_1919
240,56.86539055225338,40.91872822952068,6059,2,octagram
241,58.78694868615207,39.01685665548867,8302,4,stroke_kai
242,62.32342542323215,30.799130521498025,8426,4,stroke_kai
243,63.4232861798582,27.945787901827902,8482,4,stroke_kai
244,64.09604719453522,25.77943222357505,6212,2,octagram
245,64.5897670292788,24.18441776328797,6145,2,octagram
246,73.33392687599469,22.71604680781355,4369,1,inner_ring
247,69.75065652229547,22.298027936542045,8281,4,stroke_kai
248,66.80194005801323,20.768545960378408,6133,2,octagram
249,64.50182066159073,19.483197803378424,4198,1,inner_ring
250,62.920507260976265,18.85824777548296,10903,5,text_en_1919
251,62.09204718048909,18.80275377377839,11043,5,text_en_1919
252,56.93620566633196,18.057118475992677,11317,5,text_en_1919
253,56.54437644940632,18.10545104778328,11312,5,text_en_1919
254,54.20498460436252,18.08121281398684,11305,5,text_en_1919
255,49.26289634841545,17.10700941581933,1961,0,outer_ring
256,49.26295175658648,17.10447253195633,1962,0,outer_ring
257,45.95444223808541,13.824503717476972,1586,0,outer_ring
258,48.22557576841362,15.068060964102765,1778,0,outer_ring
259,51.54194027622254,13.877675200467372,2255,0,outer_ring
260,52.879070578872,14.68583933522175,2393,0,outer_ring
261,54.91802914309798,14.426903362126076,2528,0,outer_ring
262,52.650663757498975,11.425307141827531,2372,0,outer_ring
263,48.338080469512285,10.614714630475596,1903,0,outer_ring
264,48.58346553231848,9.442912552332205,1940,0,outer_ring
265,46.83269034026631,8.347038268709603,1708,0,outer_ring
266,47.65498320976539,9.48989096552534,1827,0,outer_ring
267,51.080284350559374,9.391991399631095,2208,0,outer_ring
268,54.94180922295022,10.031204380248852,2508,0,outer_ring
269,62.47028474597289,10.481103210446967,2846,0,outer_ring
270,65.8347724133464,10.41009030773582,2919,0,outer_ring
271,64.77885064110066,10.299049942699142,2881,0,outer_ring
272,70.59730638038823,9.823405650425896,6100,2,octagram
273,72.25186271367158,10.48072205205483,4236,1,inner_ring
274,75.03868136406754,10.487083788557044,4315,1,inner_ring
275,67.71184458976754,9.34711565000338,3163,0,outer_ring
276,68.40724789702303,7.076868986707822,3131,0,outer_ring
277,68.39268706895609,6.096144275052801,3055,0,outer_ring
278,36.89625669962689,25.3126148358088,11061,5,text_en_1919
279,39.03271288152048,25.34738642718396,1474,0,outer_ring
280,92.50348534478292,40.95221351648179,10405,5,text_en_1919
281,49.03737121089422,95.89122814158294,716,0,outer_ring
282,47.10283462881203,95.03032460125422,864,0,outer_ring
283,43.36827053468166,92.35026765538213,1096,0,outer_ring
284,54.38132058046003,97.106180764342,416,0,outer_ring
285,50.71738986946356,96.38746709694722,575,0,outer_ring
286,47.20237443209307,95.03414634340471,857,0,outer_ring
287,43.23946309574055,92.22618293824124,1107,0,outer_ring
288,40.06618885535634,87.68076796372986,1217,0,outer_ring
289,37.75630394053788,83.57703334509274,1279,0,outer_ring
290,34.82145731956729,79.48883608516138,9066,5,text_en_1919
291,30.323681238377954,75.57719513865376,3649,1,inner_ring
292,27.900403617560794,73.70795648748557,9360,5,text_en_1919
293,27.81797262099309,73.53715351789099,9396,5,text_en_1919
294,25.342403584004018,70.65801399739982,9447,5,text_en_1919
295,21.931604346640647,59.68154846155438,9748,5,text_en_1919
296,22.475515105193757,54.900624598131465,9994,5,text_en_1919
297,23.68671936972754,52.433631763359806,10190,5,text_en_1919
298,28.43984422019967,51.0426784013818,3769,1,inner_ring
299,30.056526393091907,51.065241336510695,3750,1,inner_ring
300,31.85124648332,51.078963688626,3735,1,inner_ring
301,33.62746554451658,51.27361296832948,3728,1,inner_ring
302,39.57584249826748,50.76708429141426,6835,3,stroke_nan
303,45.51317125343432,53.76143848730264,6647,3,stroke_nan
304,47.27235676591808,54.42618297186189,6623,3,stroke_nan
305,50.764531732443125,55.4632274518749,5000,2,octagram
306,54.24978977592936,55.75613903390821,4834,2,octagram
307,56.91825272762432,55.80804336584175,4781,2,octagram
308,58.897471984538704,57.36622071926806,7944,4,stroke_kai
309,60.54005589968459,60.56794921475346,7851,4,stroke_kai
310,61.77893081128392,67.48069729206847,9039,5,text_en_1919
311,61.737202269883525,65.37166262248564,9256,5,text_en_1919
312,58.55168412981911,56.73446475034365,7977,4,stroke_kai
313,52.85188033725577,46.72660191196966,7084,3,stroke_nan
314,51.76250677291102,44.99480790369276,7204,3,stroke_nan
315,49.07182358552199,40.63684326987464,7551,3,stroke_nan
316,50.4755290842618,43.615451670153405,7337,3,stroke_nan
317,51.95138576931893,45.298642821212844,7186,3,stroke_nan
318,47.094411774067545,37.48492063545533,5655,2,octagram
319,44.538535988254665,35.34362252219495,5577,2,octagram
320,37.45444568831103,30.90554984408119,3927,1,inner_ring
321,37.44164006791382,30.978045298506665,7220,3,stroke_nan
322,33.97728035003482,30.771546163346173,5556,2,octagram
323,29.59607468808334,36.02323553114462,10561,5,text_en_1919
324,32.674340453757125,40.37223749287242,5389,2,octagram
325,35.91216813420951,44.66194660554051,7181,3,stroke_nan
326,39.211706305326665,50.35264689235637,6915,3,stroke_nan
327,29.659527274305923,32.90771855912958,3866,1,inner_ring
328,31.135742905999344,32.09991952631555,5472,2,octagram
329,29.67085792830384,30.770328690744307,10737,5,text_en_1919
330,33.9957990978704,25.7966828680114,10833,5,text_en_1919
331,38.1692956143479,25.1134834895031,1468,0,outer_ring
332,40.21002068676246,25.136196277433932,1527,0,outer_ring
333,41.89643306254962,25.125408724210704,11168,5,text_en_1919
334,45.40219672248372,26.799952652462323,10975,5,text_en_1919
335,51.08114328806549,33.81936665054717,7474,3,stroke_nan
336,52.87670185401824,36.65755554548825,5890,2,octagram
337,53.25212285283095,36.96184666612178,5912,2,octagram
338,55.51937463018733,40.465456902056246,5940,2,octagram
339,56.01137204305064,41.49323565129811,8492,4,stroke_kai
340,58.23591870920178,43.369616218228245,8173,4,stroke_kai
341,63.5783125824102,46.42446978308879,8013,4,stroke_kai
342,64.34507899499155,46.46170136894413,8025,4,stroke_kai
343,66.4235223623545,47.518962793607656,7790,4,stroke_kai
344,71.3287267018718,57.2260209101656,4458,2,octagram
345,71.94020471537448,63.50388630288691,7720,4,stroke_kai
346,71.82831722257814,63.58192993090907,7692,4,stroke_kai
347,70.64674394041964,67.51972274708045,4556,2,octagram
348,47.22980470318249,79.29120879705016,3592,1,inner_ring
349,47.71150058304413,82.71726982455203,997,0,outer_ring
350,51.61440681499253,85.55290295370176,608,0,outer_ring
351,50.8567016297971,85.32739533399823,689,0,outer_ring
352,55.07044717133274,86.10087424155412,407,0,outer_ring
353,55.955099794726806,86.32807810966548,379,0,outer_ring
354,56.43570184419011,84.51373930412892,8931,5,text_en_1919
355,51.87561755395447,79.31112938874551,8947,5,text_en_1919
356,52.31384300641682,79.63045448539921,8735,5,text_en_1919
357,51.00396326218112,78.97412344713571,3546,1,inner_ring
358,47.50839745601047,78.51009879341272,4972,2,octagram
359,29.88119220717529,60.36609322836928,6765,3,stroke_nan
360,29.865788554259424,62.37031217878129,3689,1,inner_ring
361,30.77266101005722,62.40022030666321,5066,2,octagram
362,56.49187778821416,98.27266738545492,314,0,outer_ring
363,63.19958051595045,98.85420925856718,166,0,outer_ring
364,62.81606335975387,98.91740572433076,175,0,outer_ring
365,70.215203944841,92.3624692679942,8644,5,text_en_1919
366,70.27148074983361,92.35694009773783,13,0,outer_ring
367,73.66899155895823,84.34331722599532,9391,5,text_en_1919
368,73.8118528286316,84.12691319195034,9323,5,text_en_1919
369,75.11786382557122,80.75473886235504,9443,5,text_en_1919
370,76.76389478850146,76.14205932570276,9498,5,text_en_1919
371,79.32008535490363,68.30148093610913,4522,2,octagram
372,79.77922209352928,67.8518609540228,9662,5,text_en_1919
373,83.21629224382238,56.99179716901094,9868,5,text_en_1919
374,84.40133945134696,53.87529889329166,3294,1,inner_ring
375,84.52048723564263,53.56638689529751,6562,2,octagram
376,86.35384577486049,48.830867300085146,6537,2,octagram
377,88.10829794361847,46.5278007832153,10036,5,text_en_1919
378,88.66231185246241,45.579566918139605,10033,5,text_en_1919
379,95.11194011165443,37.93137699218808,10375,5,text_en_1919
380,94.36143244884283,39.00279505158407,10336,5,text_en_1919
381,98.18695141657103,34.13589091974804,10779,5,text_en_1919
382,56.186354806144166,40.60647638554698,5984,2,octagram
383,57.18979734783263,41.27619690044083,8240,4,stroke_kai
384,60.39539040496215,35.256286056471026,8336,4,stroke_kai
385,63.55406957007841,28.18743355774356,8473,4,stroke_kai
386,64.50373463580365,24.176118246717454,6144,2,octagram
387,64.48305650115844,24.23701081664968,6152,2,octagram
388,73.89491672752933,22.71345469130904,10668,5,text_en_1919
389,70.3895746235442,22.710088108859328,6437,2,octagram
390,67.02267882926203,20.79305138148084,6259,2,octagram
391,66.60480957983424,20.65797676878903,6127,2,octagram
392,62.06422638584748,18.945003618614525,4172,1,inner_ring
393,59.2402449840704,18.305589150455692,2738,0,outer_ring
394,55.765390408266605,18.240879546744704,10982,5,text_en_1919
395,53.77682380686064,18.23348338821049,10955,5,text_en_1919
396,54.408987273694514,18.143216127540644,11243,5,text_en_1919
397,50.8594873444162,17.711396163438007,2195,0,outer_ring
398,47.95744132255089,16.44914185685255,1657,0,outer_ring
399,45.771050605994894,14.282907328049006,1571,0,outer_ring
400,48.33232485021635,15.098454007603657,1797,0,outer_ring
401,49.66168502053681,14.622495730632806,2055,0,outer_ring
402,54.76803959074783,14.452919573436262,2521,0,outer_ring
403,54.55687478153376,14.45128427856838,2503,0,outer_ring
404,52.52435991733984,11.81679765210196,2364,0,outer_ring
405,48.01726965160542,10.269231646661945,1870,0,outer_ring
406,47.36262289615807,9.942181614688558,1747,0,outer_ring
407,46.82069686558935,8.767676051422072,1694,0,outer_ring
408,49.56828225756061,10.023377301131845,2068,0,outer_ring
409,53.38868996599227,10.625949894744672,2451,0,outer_ring
410,59.572062239778646,10.151366783643631,2724,0,outer_ring
411,63.27627897001535,10.61386118840916,2863,0,outer_ring
412,66.05293062958825,10.333168862147062,2924,0,outer_ring
413,67.59105206740414,9.401868452639192,3108,0,outer_ring
414,69.35431582034663,9.315539741669213,3206,0,outer_ring
415,76.64176871314024,10.436089155782732,10813,5,text_en_1919
416,76.87699692945176,10.500682574121557,6341,2,octagram
417,68.44533825388217,6.342242087772313,3083,0,outer_ring
418,68.43726879992367,7.186835130961235,3144,0,outer_ring
419,68.48710806662608,3.8827825053384544,2985,0,outer_ring
420,36.99870758804117,25.49033361742737,4010,1,inner_ring
421,40.422052474255,25.14005356630819,1536,0,outer_ring
422,92.64534673600843,40.79510561554936,10442,5,text_en_1919
423,51.29119330968968,96.313520110497,520,0,outer_ring
424,47.53171800984416,95.2442011301126,814,0,outer_ring
425,44.7899858106787,93.46186542389408,1034,0,outer_ring
426,53.658939186310775,96.9198197483702,454,0,outer_ring
427,50.227602396014206,96.14656025315657,626,0,outer_ring
428,45.63282832126188,94.29023037858492,955,0,outer_ring
429,43.66690864084102,92.68652498528628,1073,0,outer_ring
430,42.12777354106883,90.80544316528696,1141,0,outer_ring
431,39.375280404275045,86.48107634805308,1242,0,outer_ring
432,35.8583501610663,80.9134897446927,1338,0,outer_ring
433,34.32373510806629,78.88072923666905,4985,2,octagram
434,30.170731436677627,75.77694099125411,1369,0,outer_ring
435,25.27143393255615,70.33028445725141,9596,5,text_en_1919
436,23.99724065289824,68.35778523990889,9642,5,text_en_1919
437,22.00759688719497,58.7577939665654,9880,5,text_en_1919
438,22.447424990548814,55.01030376639058,9990,5,text_en_1919
439,22.417464135783515,55.483318913928905,9946,5,text_en_1919
440,24.99892519126114,51.42183116548394,10279,5,text_en_1919
441,27.005671758968965,50.9999576201506,10027,5,text_en_1919
442,34.02256846433899,51.06067958054793,5293,2,octagram
443,35.87872603945033,50.82952925985264,5315,2,octagram
444,38.85325417973074,50.147222172509416,6847,3,stroke_nan
445,45.89122815502451,53.84881580896987,6632,3,stroke_nan
446,49.179498648510815,55.04436782378875,5018,2,octagram
447,50.65298158950954,55.38723409953087,5008,2,octagram
448,51.37611968151103,55.43452089689172,6685,3,stroke_nan
449,58.37750519255189,57.2936245760756,3464,1,inner_ring
450,57.87312831774389,55.96734649555256,4736,2,octagram
451,60.31554160552591,60.26006000342535,7879,4,stroke_kai
452,61.78125816000528,67.50305598887135,8979,5,text_en_1919
453,61.4860484821217,64.12649131146256,9281,5,text_en_1919
454,58.4984937007491,56.94979127523848,4680,2,octagram
455,57.0450965443461,54.43233035702978,7640,4,stroke_kai
456,51.78828588479183,45.1430613583521,7189,3,stroke_nan
457,48.49775706407597,39.33026443450007,5641,2,octagram
458,49.687462402259165,42.53281701036648,7458,3,stroke_nan
459,51.65859613976885,44.78103510103498,7243,3,stroke_nan
460,46.0786446157559,36.79065933538154,5601,2,octagram
461,40.85095803130079,31.81123416326837,5753,2,octagram
462,35.77979008167213,30.29984779659244,7282,3,stroke_nan
463,35.88447973599492,30.358910675592604,7281,3,stroke_nan
464,30.956979679869708,32.09568782864798,5481,2,octagram
465,29.610624496364547,36.38015388618443,10493,5,text_en_1919
466,34.78173231043705,43.01982557006325,7202,3,stroke_nan
467,34.690245494347906,42.9933417095852,7201,3,stroke_nan
468,36.2994264494514,50.53947848215915,5334,2,octagram
469,29.59641863583924,33.525046172136506,10630,5,text_en_1919
470,29.517524721206392,30.62364144633017,10766,5,text_en_1919
471,30.259821365848943,28.43362297191539,3895,1,inner_ring
472,33.438533276860994,26.17259164906673,10806,5,text_en_1919
473,36.92488570935606,25.10192391119044,1458,0,outer_ring
474,40.07143926463876,25.153114737773755,1512,0,outer_ring
475,45.62616808846053,27.01608331574353,10976,5,text_en_1919
476,46.62016122115543,28.015123087983905,4079,1,inner_ring
477,50.67047939350786,33.254404109372985,7510,3,stroke_nan
478,52.38059145703909,35.71869088305806,11055,5,text_en_1919
479,52.16383818252694,35.46362863202179,11083,5,text_en_1919
480,56.25494308963587,41.71203107324514,8402,4,stroke_kai
481,56.87524059368483,41.453855803248,8236,4,stroke_kai
482,60.275933975270114,45.12260826125839,8064,4,stroke_kai
483,61.68396032430174,45.84370574439181,8060,4,stroke_kai
484,66.39379255313187,47.161663605554814,8009,4,stroke_kai
485,63.33281430416528,46.432182655838886,6455,2,octagram
486,68.75394248264453,49.14865289023331,6482,2,octagram
487,71.76761458060527,61.418225918234015,7823,4,stroke_kai
488,70.69230262272166,67.11290726372337,7628,4,stroke_kai
489,64.94504663374533,69.47131226150005,7648,4,stroke_kai
490,47.53681105724493,78.48463946948638,4948,2,octagram
491,48.54871421579387,84.56758940012477,931,0,outer_ring
492,48.82443566296832,84.55187584761688,911,0,outer_ring
493,54.642446559616026,86.0594006548323,434,0,outer_ring
494,53.54390507051974,85.60349121332592,495,0,outer_ring
495,56.5190424498996,86.17556243634942,8632,5,text_en_1919
496,56.466225835120696,85.28978476598294,8757,5,text_en_1919
497,52.744535195340205,79.92061290707659,3536,1,inner_ring
498,53.49629131652291,80.3378595104177,3513,1,inner_ring
499,48.80489389966452,78.19225206803642,4893,2,octagram
500,49.35116947917604,78.64518767202262,9251,5,text_en_1919
501,29.54407818426285,60.68877013184688,5158,2,octagram
502,30.17307387749227,62.33902900151915,5106,2,octagram
503,30.300748000824832,62.34890167297142,5091,2,octagram
504,58.84462517263464,99.73722418309308,267,0,outer_ring
505,63.36453722035054,98.73469417724752,159,0,outer_ring
506,64.29147956827035,98.3725781631197,119,0,outer_ring
507,70.31447485072181,92.06777886655786,8721,5,text_en_1919
508,71.936123342922,87.97720684316604,8995,5,text_en_1919
509,71.53261245572524,89.25985517202274,8877,5,text_en_1919
510,72.66244534880555,85.8993267447998,9269,5,text_en_1919
511,76.21715284780468,77.53393110676866,9482,5,text_en_1919
512,75.89684336713646,78.04989367772517,3389,1,inner_ring
513,79.81139527307974,67.75553997280772,9670,5,text_en_1919
514,79.11767676114707,68.73787817976296,4524,2,octagram
515,81.45702719894766,62.255370134849926,3316,1,inner_ring
516,84.10647919098068,54.67711810904738,9870,5,text_en_1919
517,84.47495665790329,53.7017645283993,3293,1,inner_ring
518,87.86879303528451,46.603621725762586,10061,5,text_en_1919
519,87.2808821071138,47.091857812692055,3260,1,inner_ring
520,91.25537765377844,41.80752087105927,10363,5,text_en_1919
521,94.38984227103344,38.63856792636895,10463,5,text_en_1919
522,97.963308448253,34.63067081312927,10604,5,text_en_1919
523,97.48958401861798,35.02712057253721,10666,5,text_en_1919
524,56.8417398712486,41.80572655248364,8142,4,stroke_kai
525,58.53480307237936,39.17293513538591,8279,4,stroke_kai
526,60.38146408714894,35.201785954308974,8351,4,stroke_kai
527,61.25430199471074,32.822861137270266,8379,4,stroke_kai
528,64.48301587655071,24.23026559013235,6151,2,octagram
529,64.19284798057673,24.91063282285894,6181,2,octagram
530,72.99457333150373,22.71918114612059,6347,2,octagram
531,73.90487116128146,22.860877645088944,4394,1,inner_ring
532,70.02382834661536,22.41193603737252,8271,4,stroke_kai
533,67.40024706963969,21.09774623018628,4332,1,inner_ring
534,64.06742549790928,19.459559431834357,6036,2,octagram
535,59.312234031108034,18.36327627729812,2741,0,outer_ring
536,59.20264885368555,18.26874895577745,2733,0,outer_ring
537,53.6082110203897,18.180208032088856,10981,5,text_en_1919
538,50.33343941788033,17.481119124171745,2159,0,outer_ring
539,48.08708399623927,16.351385986729742,1714,0,outer_ring
540,47.82619226009123,15.999408820824382,1648,0,outer_ring
541,47.018231753114655,14.03989007369163,1622,0,outer_ring
542,49.86359705283267,14.695191586894843,2093,0,outer_ring
543,51.98072958556049,12.945020477304524,2324,0,outer_ring
544,53.666548963602175,14.681097900965014,2481,0,outer_ring
545,55.84226075813232,14.124168298506277,2591,0,outer_ring
546,53.368054341790106,10.6946095014233,2449,0,outer_ring
547,49.780882953273874,10.005159423790351,2102,0,outer_ring
548,49.85278655202541,9.267251212236571,2120,0,outer_ring
549,49.442295290445,8.475006639379572,2057,0,outer_ring
550,49.2986576897169,10.482680957819724,2034,0,outer_ring
551,52.33196435274768,11.948324040991722,2346,0,outer_ring
552,56.78534892520549,10.0280121410686,2602,0,outer_ring
553,61.495625815718185,10.492260633904811,2793,0,outer_ring
554,61.773351629982,10.397717732896917,2810,0,outer_ring
555,67.80397877299252,9.14419510046293,3166,0,outer_ring
556,73.8346532083228,10.529527533204124,4296,1,inner_ring
557,72.06690025049933,10.47259628111034,4226,1,inner_ring
558,76.26890405441102,10.41361563602444,10846,5,text_en_1919
559,68.5596846926032,5.706597689839043,3069,0,outer_ring
560,68.34959411243557,6.663664093039749,3081,0,outer_ring
561,68.32305303033604,3.478347516099042,2936,0,outer_ring
562,38.04045740395802,25.341946450162936,10916,5,text_en_1919
563,38.766760663837545,25.265630780251858,4050,1,inner_ring
564,90.909079163078,42.09756578126255,10327,5,text_en_1919
565,49.6322018171112,95.9234552669303,661,0,outer_ring
566,49.43134437944251,95.9006766914382,681,0,outer_ring
567,43.356694184329726,92.3396430586526,1098,0,outer_ring
568,52.72192692227074,96.57283272172673,494,0,outer_ring
569,50.53597094327897,96.01983869651475,597,0,outer_ring
570,45.57915341381951,94.21938185329176,961,0,outer_ring
571,42.38642296815972,90.8341371439612,1132,0,outer_ring
572,38.8358998116983,85.67281881526803,1266,0,outer_ring
573,40.24667454771283,87.87093381725299,1210,0,outer_ring
574,33.93207393408229,78.58820513150533,3615,1,inner_ring
575,32.074265456228375,77.05811257732404,3627,1,inner_ring
576,28.073802797609677,73.94092425340317,9330,5,text_en_1919
577,26.989427933010397,72.62727770481045,9497,5,text_en_1919
578,23.5646520754192,67.7041170138937,9602,5,text_en_1919
579,21.92751596170558,58.86002177524283,9884,5,text_en_1919
580,22.73277451191371,54.30381818159451,10006,5,text_en_1919
581,24.39335051288295,51.93987744849919,10191,5,text_en_1919
582,23.795098354864123,52.319439064109126,10196,5,text_en_1919
583,27.56631947210609,50.812389090144414,3819,1,inner_ring
584,30.711028271528107,50.972918337039104,5238,2,octagram
585,34.710228346755976,51.20827790598379,5299,2,octagram
586,38.90078295625796,50.02059167605929,6922,3,stroke_nan
587,41.01839857145641,51.70529584825008,6865,3,stroke_nan
588,47.48717126623331,54.42003640948223,6817,3,stroke_nan
589,47.49553225683872,54.29694749541635,6857,3,stroke_nan
590,51.09404169198652,55.21789344007885,6718,3,stroke_nan
591,57.04769574318985,55.43185443242438,7635,4,stroke_kai
592,58.0554021340786,56.10016994316519,4726,2,octagram
593,61.28075626866756,63.66940700089313,9242,5,text_en_1919
594,61.9145791020996,68.55517877468343,8761,5,text_en_1919
595,61.67355753747989,66.44954998320833,9123,5,text_en_1919
596,58.253979270708456,56.47868275898104,4714,2,octagram
597,53.69385010582076,47.87211422791291,7048,3,stroke_nan
598,51.46380368496007,44.544484433525966,7333,3,stroke_nan
599,47.50304369148797,37.6778641283157,7420,3,stroke_nan
600,50.50738162380938,43.6122487673197,7344,3,stroke_nan
601,50.03218194671233,42.85788750616045,7437,3,stroke_nan
602,46.6900950882888,37.27234382932003,5616,2,octagram
603,43.92669529739401,34.01011243429042,5723,2,octagram
604,35.7015192672268,30.315788995044333,7368,3,stroke_nan
605,33.63511968800423,31.121073844456888,7258,3,stroke_nan
606,31.692471340731142,31.96100725808329,5461,2,octagram
607,29.66108701130326,34.21211954271164,10612,5,text_en_1919
608,35.89532858591197,44.83098967331937,7144,3,stroke_nan
609,34.619129349982984,43.09861164181166,7164,3,stroke_nan
610,39.19637437594734,50.211123649963625,7029,3,stroke_nan
611,29.57109552390553,34.91232965992085,10584,5,text_en_1919
612,31.68314696192983,32.03946517389937,5452,2,octagram
613,30.60245234671249,27.879913716270583,3903,1,inner_ring
614,30.416390764192432,28.21031842212649,5502,2,octagram
615,36.37179803329754,25.21009981774784,1444,0,outer_ring
616,41.98168897754263,25.09083904633311,11343,5,text_en_1919
617,44.59174866673659,25.94593161256438,11250,5,text_en_1919
618,46.57942322962669,27.982659806817217,4078,1,inner_ring
619,50.10807406672938,32.44944124526437,7565,3,stroke_nan
620,50.36847460647857,32.576849725062004,7559,3,stroke_nan
621,54.10273004713797,38.69040237146047,4139,1,inner_ring
622,55.83547277947811,41.32097322286411,8454,4,stroke_kai
623,56.829549918827325,41.43303904769781,6087,2,octagram
624,60.666920670598,45.21797985084835,8069,4,stroke_kai
625,62.91448243364346,46.13850086606025,8066,4,stroke_kai
626,63.5336544631427,46.35672589720232,6463,2,octagram
627,66.34084651769425,47.38312288313868,7915,4,stroke_kai
628,68.63876558678174,49.10508612974035,6485,2,octagram
629,71.852618462623,62.17852061522825,7768,4,stroke_kai
630,71.71502735789625,62.720149036222594,7739,4,stroke_kai
631,65.84823928016141,69.4218895991946,7603,4,stroke_kai
632,48.26514385191523,79.48155728005806,1003,0,outer_ring
633,47.80460529482568,83.13979314567592,993,0,outer_ring
634,49.42874031633892,85.17712025786668,812,0,outer_ring
635,53.91484159800646,85.77931006497533,480,0,outer_ring
636,54.6472693155194,86.01657124524715,433,0,outer_ring
637,56.53050601253696,84.58420919627811,8951,5,text_en_1919
638,56.68146286194733,85.63043510399918,8660,5,text_en_1919
639,52.82729440280395,79.96010964061685,4793,2,octagram
640,51.0032817830424,79.01626767519026,9055,5,text_en_1919
641,50.418662757152674,78.94728073173971,8971,5,text_en_1919
642,49.70834782413426,78.63943811096699,3560,1,inner_ring
643,30.677093075238343,62.07474929217712,5097,2,octagram
644,29.568601615496675,60.28746147000432,6758,3,stroke_nan
645,30.6613428865762,62.4574900986823,5059,2,octagram
646,61.066503582540726,99.53651675234114,204,0,outer_ring
647,62.42783029335935,99.24990567507804,193,0,outer_ring
648,67.03952167033344,95.98388006107656,77,0,outer_ring
649,69.47503351891105,93.51380633803828,31,0,outer_ring
650,71.82901981424331,88.38131062948004,8936,5,text_en_1919
651,72.78229170025692,85.96016421531407,9126,5,text_en_1919
652,73.53296319539322,84.60235724931853,9375,5,text_en_1919
653,74.84690439829846,81.1368092047045,4637,2,octagram
654,76.004244146834,78.09625621494334,9471,5,text_en_1919
655,77.4312720114796,73.3834433034783,4583,2,octagram
656,78.68783970148435,69.98710063076643,4533,2,octagram
657,83.17483862979401,57.03797886899177,3302,1,inner_ring
658,82.50595574814336,59.1878135192055,9798,5,text_en_1919
659,86.64020299930141,48.42027645302363,9969,5,text_en_1919
660,85.90432303325231,50.22614440146221,3287,1,inner_ring
661,88.78562725531674,45.06566414442372,10124,5,text_en_1919
662,90.83269061787928,42.13781660918656,10290,5,text_en_1919
663,94.46159139333852,38.83962588283882,10391,5,text_en_1919
664,96.77884309932897,35.77329673061527,10665,5,text_en_1919
665,97.1623683447343,35.709549459273525,10492,5,text_en_1919
666,56.419292093756575,40.64002418318631,6006,2,octagram
667,58.24998399568244,39.9318749987973,8244,4,stroke_kai
668,60.005118708418095,36.53300820209296,8312,4,stroke_kai
669,63.45326594772844,27.693414692428416,8499,4,stroke_kai
670,63.97164824174261,26.288225203345917,8552,4,stroke_kai
671,64.33292165456146,24.690146180293414,6188,2,octagram
672,73.31696839162407,22.766546982395035,4372,1,inner_ring
673,69.80184755315211,22.606938321217783,8206,4,stroke_kai
674,70.55100199747514,22.59558875641061,6425,2,octagram
675,67.5997048299744,21.358813960557907,4337,1,inner_ring
676,64.20460433606722,19.326165425117303,6041,2,octagram
677,62.43200570509417,18.90759431410777,10986,5,text_en_1919
678,60.26928036725904,18.59306147758459,2796,0,outer_ring
679,56.16347121866829,18.0662946646441,11323,5,text_en_1919
680,53.26405915321012,18.076617941456146,11056,5,text_en_1919
681,50.70624349523789,17.713825121387295,11177,5,text_en_1919
682,49.1316225974623,16.919742720639434,1941,0,outer_ring
683,46.63785225613786,14.070373130556185,1609,0,outer_ring
684,49.85448841851951,14.499443191240635,2089,0,outer_ring
685,51.54114580797573,14.213128744396675,2256,0,outer_ring
686,52.69631883735149,14.749645418160227,2390,0,outer_ring
687,56.936945335266245,11.91101884912959,2628,0,outer_ring
688,52.80412575236276,11.207836900164146,2385,0,outer_ring
689,48.31691118795374,10.445704881800069,1902,0,outer_ring
690,47.812954067998376,9.986908585658725,1845,0,outer_ring
691,46.63760443288177,7.5453946017183,1699,0,outer_ring
692,49.503014190429845,9.937748154971215,2059,0,outer_ring
693,51.50172009179629,9.418887465354809,2239,0,outer_ring
694,55.4192312029645,9.98194043935036,2540,0,outer_ring
695,63.43748351138995,10.479930227059135,2868,0,outer_ring
696,62.99320062077537,10.28000461394015,2854,0,outer_ring
697,65.16305089075323,10.45693759240276,2892,0,outer_ring
698,69.04708995411468,8.910890612305579,3199,0,outer_ring
699,74.1535878586611,10.383901584240952,4302,1,inner_ring
700,76.02446377252424,10.473158259879838,10801,5,text_en_1919
701,67.16759512804234,10.055809798480633,11090,5,text_en_1919
702,68.64144623726106,4.085123541424409,3015,0,outer_ring
703,68.47069176541125,3.2823670100909297,2951,0,outer_ring
704,38.98681905600205,25.294944321712133,1472,0,outer_ring
705,38.577588196266944,25.39117899822768,5774,2,octagram
706,93.13245744439055,40.41379184775227,10370,5,text_en_1919
707,51.297810772702114,96.14032377565344,521,0,outer_ring
708,47.6293263741866,95.14646456345082,807,0,outer_ring
709,45.50927734549191,94.33493554626502,964,0,outer_ring
710,55.84161710704464,97.93203134790072,361,0,outer_ring
711,49.56553657169579,95.75663227103588,669,0,outer_ring
712,45.753631493315375,94.367574185736,946,0,outer_ring
713,41.58306207545661,89.65659138252289,8655,5,text_en_1919
714,41.24274242139244,89.61247628028906,1190,0,outer_ring
715,39.77208823278215,87.06472481349083,1230,0,outer_ring
716,36.58166556686166,81.87726610930125,1318,0,outer_ring
717,33.9555470193907,78.6390340536128,3614,1,inner_ring
718,28.349724455766253,74.0384830911469,3653,1,inner_ring
719,25.230945507388924,70.43308594755061,9595,5,text_en_1919
720,24.92668033260116,69.93059935025349,9570,5,text_en_1919
721,22.160541355370853,63.1935982882224,9685,5,text_en_1919
722,21.81345023573152,58.20697344598776,1393,0,outer_ring
723,22.231550181938186,56.17898623701667,9937,5,text_en_1919
724,23.524204382451614,52.55305439594362,10230,5,text_en_1919
725,31.990747357555723,51.079447844788895,3733,1,inner_ring
726,33.60192773681678,51.15647313665436,5275,2,octagram
727,33.11959622957019,51.05071097256743,5269,2,octagram
728,43.3706250456386,52.72973787801857,6768,3,stroke_nan
729,45.81770283818631,53.90783232835916,6624,3,stroke_nan
730,48.4902342105932,54.80386387858504,6819,3,stroke_nan
731,51.14945073087367,55.38847863554712,6591,3,stroke_nan
732,54.19659701085545,55.98898584236447,4840,2,octagram
733,57.27895955495849,55.5573490556008,7587,4,stroke_kai
734,58.76139412839432,57.567847520526726,3453,1,inner_ring
735,61.50931021350369,64.03477570206917,9313,5,text_en_1919
736,61.98860894308681,68.38902341719975,8896,5,text_en_1919
737,61.73190223559817,66.2663817498952,9169,5,text_en_1919
738,56.92532588478532,55.731920445974175,4784,2,octagram
739,55.847438954656994,51.88157768723331,7745,4,stroke_kai
740,53.72143894719277,47.863348905524525,7047,3,stroke_nan
741,48.83555448628544,39.971725310439865,7573,3,stroke_nan
742,50.34685486118588,43.21473858924335,7393,3,stroke_nan
743,51.41082562017522,44.470914297436046,7352,3,stroke_nan
744,45.77460027718102,36.61895920283231,5593,2,octagram
745,39.26615658328284,31.53027569587152,3946,1,inner_ring
746,37.11820366315629,30.86611813040623,7250,3,stroke_nan
747,38.01146077406298,31.040223441160343,3940,1,inner_ring
748,30.74635007146162,32.00875109138032,3892,1,inner_ring
749,29.791857023985173,35.46543784028415,3857,1,inner_ring
750,32.16728002251013,39.716737050510005,5400,2,octagram
751,34.76519716117234,43.174739505800886,7183,3,stroke_nan
752,36.39363787252272,50.27804063818824,5340,2,octagram
753,29.807701877817863,36.510514967123214,3831,1,inner_ring
754,29.70808431654838,29.75132997227027,10789,5,text_en_1919
755,29.684768028496944,30.79360943623368,10738,5,text_en_1919
756,30.41098197672254,28.093890610377382,3899,1,inner_ring
757,37.34801750390259,25.22236858882604,11071,5,text_en_1919
758,40.01792711270068,25.2362791058545,1508,0,outer_ring
759,46.01125752133201,27.46249437349188,4068,1,inner_ring
760,45.84712369261285,27.15564935846512,11004,5,text_en_1919
761,50.974954512120696,33.84939871446958,7481,3,stroke_nan
762,50.43216663535384,32.81736995042955,7547,3,stroke_nan
763,54.77874176183834,39.5695101356436,5932,2,octagram
764,56.02192522427304,41.33441321326546,5968,2,octagram
765,56.63373545760165,41.10746654938934,5999,2,octagram
766,61.95866764585264,45.79739876794493,8049,4,stroke_kai
767,59.839276516358446,44.80832847016063,8059,4,stroke_kai
768,64.2435058790388,46.67176525015883,7987,4,stroke_kai
769,66.79182630115965,47.46978069654196,7884,4,stroke_kai
770,71.51843423297125,59.19669091272342,7836,4,stroke_kai
771,70.91963088553071,55.29360531596388,6525,2,octagram
772,71.71022281644012,61.7964636417464,7786,4,stroke_kai
773,69.98314643342671,68.69778921078165,4569,2,octagram
774,48.58831846779904,79.3871043067289,8715,5,text_en_1919
775,48.78014574441096,84.6216677608235,915,0,outer_ring
776,49.56859833062296,85.23490705232376,797,0,outer_ring
777,54.74708346881648,86.0667811300316,428,0,outer_ring
778,56.3470605467773,86.22977549192782,8604,5,text_en_1919
779,55.95613474946455,86.2211354177111,380,0,outer_ring
780,55.79850023664836,84.86065875985784,8824,5,text_en_1919
781,55.62908532658727,82.66561064549231,9095,5,text_en_1919
782,52.29786546930262,79.66486063502609,8656,5,text_en_1919
783,48.73012283589773,78.31091537085749,3572,1,inner_ring
784,47.65168528454639,78.38751987388483,4941,2,octagram
785,29.38656816815641,61.42951042598368,3716,1,inner_ring
786,30.436215020500025,62.569497196194575,5058,2,octagram
787,30.65185845896025,62.264986621164105,5089,2,octagram
788,55.98983207955581,97.96489770489688,350,0,outer_ring
789,62.39370364099726,99.07778376822635,195,0,outer_ring
790,67.90740061604436,95.07530717972064,46,0,outer_ring
791,69.76621329712914,92.91604045980928,8662,5,text_en_1919
792,71.32288054962797,90.43202165291304,8713,5,text_en_1919
793,71.87955165316575,88.15844561475538,8981,5,text_en_1919
794,74.71591041628417,81.16047677662704,4644,2,octagram
795,76.33172123982872,77.0066145396559,3378,1,inner_ring
796,75.91714205624353,77.93570013524045,4611,2,octagram
797,79.2683228465907,68.7672510405167,9688,5,text_en_1919
798,79.12332992334514,68.92277555426867,4526,2,octagram
799,81.28654234947996,62.87630270635808,3323,1,inner_ring
800,84.66314186648366,53.28587775037063,3291,1,inner_ring
801,84.39512738441894,54.11606996124922,9769,5,text_en_1919
802,87.80421451117954,46.72148359352124,10071,5,text_en_1919
803,89.07964042281003,44.56228027351034,10055,5,text_en_1919
804,90.44726362028902,42.357086691562685,10079,5,text_en_1919
805,92.3241549442032,41.05357077352234,10422,5,text_en_1919
806,97.97898315724,34.6821852957419,10595,5,text_en_1919
807,96.51810245511636,36.40744811845001,10398,5,text_en_1919
808,56.7212464800674,41.59930096193383,8575,4,stroke_kai
809,58.77006706399349,39.07702018696357,8274,4,stroke_kai
810,59.83058942919599,36.95658868889653,8297,4,stroke_kai
811,63.75467891462552,27.2736942693522,8525,4,stroke_kai
812,63.70027744382028,27.25092006366556,8524,4,stroke_kai
813,64.4895770149381,24.28679481005609,6157,2,octagram
814,70.725352882135,22.34988701437431,6406,2,octagram
815,72.32096256841588,22.925770195436836,6398,2,octagram
816,70.37947645812623,22.61905132600527,6440,2,octagram
817,67.70409558996128,21.76022138429319,6303,2,octagram
818,63.88776079218531,19.142459601795974,10886,5,text_en_1919
819,62.44179186025712,18.906108938578253,10911,5,text_en_1919
820,59.21545075032032,18.362319604086903,2735,0,outer_ring
821,56.31337382084811,18.084832689674197,11297,5,text_en_1919
822,50.68378314930602,17.468027446846328,2182,0,outer_ring
823,51.16036169742367,17.880589665094227,11130,5,text_en_1919
824,48.651053870660405,16.573450270251723,1812,0,outer_ring
825,46.9998368537989,15.458483915383766,1615,0,outer_ring
826,48.0708010470299,15.331892633797024,1736,0,outer_ring
827,51.88849198469591,12.820677670454849,2311,0,outer_ring
828,54.65427291643142,14.413390439631186,2514,0,outer_ring
829,55.15399051076855,14.32247141128468,2549,0,outer_ring
830,53.52244522265296,10.533012343204511,2461,0,outer_ring
831,47.3916493357036,9.809409312965345,1753,0,outer_ring
832,48.86081461999581,9.40263132700386,1975,0,outer_ring
833,47.87506956623595,7.080119200526774,1886,0,outer_ring
834,48.65599263641666,9.367773711399138,1950,0,outer_ring
835,53.159736642514936,11.090511415621757,2432,0,outer_ring
836,58.68497905078338,10.302969426430302,2681,0,outer_ring
837,62.15838561707011,10.334396628745978,2829,0,outer_ring
838,62.74189319510617,10.454584390431345,2851,0,outer_ring
839,65.65904463838368,10.365793858113776,2908,0,outer_ring
840,73.0013801309558,10.41745250703964,4258,1,inner_ring
841,77.28191647503361,10.527851587119455,4364,1,inner_ring
842,75.98937357008055,10.454666322672267,10816,5,text_en_1919
843,67.44249402196044,9.718854318743787,3071,0,outer_ring
844,68.63795962567806,3.884833728331565,3004,0,outer_ring
845,68.36920783146239,4.163832630253978,2974,0,outer_ring
846,38.61861962688381,25.363007254503565,5773,2,octagram
847,38.50396118600114,25.44325447016329,5767,2,octagram
848,92.506381494478,40.83702629320197,10458,5,text_en_1919
849,48.54384685325109,95.49839736183657,765,0,outer_ring
850,48.93438709785512,95.55055796216476,729,0,outer_ring
851,43.08960169852586,92.15681426750704,1121,0,outer_ring
852,56.09179323380855,97.95774273447678,342,0,outer_ring
853,49.87544541952735,95.72878766121036,648,0,outer_ring
854,46.85286869890875,94.825473544681,894,0,outer_ring
855,43.80811722546245,92.708441506316,1061,0,outer_ring
856,40.36587610435034,87.97827936255997,1206,0,outer_ring
857,36.72686968627151,81.96412719138718,1312,0,outer_ring
858,36.14631297355108,80.98750573461749,8913,5,text_en_1919
859,33.97419396926405,78.85966014759646,1343,0,outer_ring
860,31.2757784274519,76.47739085520764,9409,5,text_en_1919
861,24.153382289718397,68.89305489147378,9489,5,text_en_1919
862,24.363000409879064,69.2949976669963,9470,5,text_en_1919
863,21.891494423991297,58.69188959912032,9905,5,text_en_1919
864,22.40122169391483,55.19066564282676,9989,5,text_en_1919
865,22.78212147571189,53.94157417380169,10018,5,text_en_1919
866,28.08399905622116,50.79331329255527,3820,1,inner_ring
867,27.48694720018981,50.92903084713681,3809,1,inner_ring
868,33.79998004422039,51.20742779086611,5210,2,octagram
869,33.10019397053315,51.07315776151813,5263,2,octagram
870,42.10134539540097,52.09203953986487,7059,3,stroke_nan
871,41.37762811460882,51.95018910132142,6852,3,stroke_nan
872,47.49235095724047,54.48022155087428,6611,3,stroke_nan
873,47.960571834591214,54.634676133254345,6747,3,stroke_nan
874,52.14718513552936,55.46250914805273,6859,3,stroke_nan
875,57.52349202858807,56.667566665991146,3493,1,inner_ring
876,58.2515634431044,56.53094011405488,4713,2,octagram
877,61.69513204553733,64.8724500869141,9276,5,text_en_1919
878,61.88021959010133,67.67843168850123,8966,5,text_en_1919
879,61.433318478476885,63.64694309321872,9344,5,text_en_1919
880,58.82443029946138,57.22594767389381,7969,4,stroke_kai
881,56.729062665025616,53.98194374215489,7654,4,stroke_kai
882,52.23033884542412,45.525261918044606,7167,3,stroke_nan
883,49.09317888849818,41.111191864908456,7520,3,stroke_nan
884,50.76816129811222,43.70109100565313,7322,3,stroke_nan
885,50.26221516957635,43.13807543986325,7394,3,stroke_nan
886,44.48694813008692,35.14735591283651,5685,2,octagram
887,39.28834019052943,31.510073192077165,3948,1,inner_ring
888,41.32306859081717,31.99577855438026,5748,2,octagram
889,33.37019812571093,31.23515846251682,5539,2,octagram
890,31.180478096164855,31.85747174094105,5493,2,octagram
891,29.79583951482501,35.85269073528579,3854,1,inner_ring
892,35.54939544042364,44.047753118476784,7196,3,stroke_nan
893,37.40106895134287,47.30033788033221,7111,3,stroke_nan
894,39.12319379961838,50.02097581529296,7042,3,stroke_nan
895,29.572445228858022,36.02559885820234,10566,5,text_en_1919
896,29.634478839404323,30.558313530831995,10752,5,text_en_1919
897,31.27114666005914,27.24133172243637,3911,1,inner_ring
898,32.91949927214803,26.10821374022548,1411,0,outer_ring
899,36.08156595951177,25.03081080755806,1434,0,outer_ring
900,42.999087077333854,25.45481203524924,10948,5,text_en_1919
901,45.44931739466251,26.89164165659724,10962,5,text_en_1919
902,47.92210558617759,29.39718618447862,4093,1,inner_ring
903,50.23309089704862,32.45680424740499,7555,3,stroke_nan
904,49.79308723402596,31.827876553150123,5861,2,octagram
905,53.13375508214684,36.756021274930525,5899,2,octagram
906,55.35889603267853,40.97568182237459,8506,4,stroke_kai
907,56.7401331321348,40.86010375319746,6026,2,octagram
908,60.31980691398084,45.005357350127085,8111,4,stroke_kai
909,61.1293336123389,45.50435921439036,8078,4,stroke_kai
910,64.42579520837921,46.76072391571724,7881,4,stroke_kai
911,65.22096051430181,46.96549084365627,7919,4,stroke_kai
912,71.60517079950566,59.104593731667634,7846,4,stroke_kai
913,71.04467413771783,57.990641581268434,7911,4,stroke_kai
914,70.63636467618738,67.42758287420622,4558,2,octagram
915,68.18402865061047,69.57815341123151,7612,4,stroke_kai
916,47.26259637758811,79.17543814694267,3595,1,inner_ring
917,49.59508284793512,85.0076794323137,798,0,outer_ring
918,48.95178803356052,84.98030161765044,896,0,outer_ring
919,50.475965068361134,85.49189890689681,732,0,outer_ring
920,54.00294319002165,85.73238077235166,477,0,outer_ring
921,56.115420719579305,86.18209676980658,8624,5,text_en_1919
922,56.31421868732454,83.71555303571623,9096,5,text_en_1919
923,54.91757588463886,81.76932532460248,3508,1,inner_ring
924,53.4315764214747,80.42478928795951,3514,1,inner_ring
925,48.693671489416616,78.03480781042154,6626,3,stroke_nan
926,47.43106224510812,78.79464071259179,4968,2,octagram
927,29.38604769089337,60.72321505484646,5172,2,octagram
928,30.391945001703483,62.3989495575891,5079,2,octagram
929,30.655561802792697,61.91349087267104,6603,3,stroke_nan
930,56.904707367980265,98.73181193157905,302,0,outer_ring
931,60.39111704861247,99.55469547576268,221,0,outer_ring
932,63.344199663045465,98.81823527345772,161,0,outer_ring
933,67.1645272688753,95.76228638042436,71,0,outer_ring
934,71.72423956023621,88.32819783993187,8993,5,text_en_1919
935,72.02764425565161,87.942843885697,8982,5,text_en_1919
936,74.90889295513112,81.33253235898525,9416,5,text_en_1919
937,74.30550583436988,82.61889462490993,4653,2,octagram
938,77.73377037300008,72.1715324358151,4574,2,octagram
939,77.65867033876167,73.35919421861541,9521,5,text_en_1919
940,81.10633859726909,63.57172127278819,9713,5,text_en_1919
941,81.30394075751438,63.09289114193754,3327,1,inner_ring
942,82.76338582749511,58.6970160535904,9761,5,text_en_1919
943,84.11176242129604,54.699619274131095,9813,5,text_en_1919
944,88.02537202074475,46.22665904946991,10135,5,text_en_1919
945,87.80972851063581,46.69710858538371,10091,5,text_en_1919
946,91.0345967684956,41.84533808896519,10454,5,text_en_1919
947,94.25871667936178,39.373936048175416,10201,5,text_en_1919
948,95.43001766678633,37.50626686143459,10396,5,text_en_1919
949,97.5856354186524,35.325325567277986,10508,5,text_en_1919
950,56.674517032669215,41.21728627952237,5998,2,octagram
951,57.33806468794506,41.515026470871305,8158,4,stroke_kai
952,60.4759024443203,34.982233009281664,8352,4,stroke_kai
953,63.67701255207203,28.16797266682819,8442,4,stroke_kai
954,64.25733265471034,24.60874445398064,6174,2,octagram
955,64.4681011377642,24.288968165648456,6156,2,octagram
956,73.32262396463133,22.86324002860609,4381,1,inner_ring
957,70.34251451219157,22.396336160137626,6421,2,octagram
958,70.33103232027023,22.473563007828428,6423,2,octagram
959,67.13894731097041,21.21620425888795,6276,2,octagram
960,65.1616880506466,19.77058741914984,4208,1,inner_ring
961,62.79513372614176,18.990308544404883,4191,1,inner_ring
962,60.02154332616567,18.46187090038284,2784,0,outer_ring
963,56.70444431456569,18.085835518805197,11341,5,text_en_1919
964,50.57659215936106,17.592529005032247,2178,0,outer_ring
965,50.55497941601239,17.600600522693632,2175,0,outer_ring
966,47.63717914176349,15.664098674336344,1631,0,outer_ring
967,45.94334039338297,14.412977035119631,1579,0,outer_ring
968,49.51669784224892,14.74528593379022,2038,0,outer_ring
969,51.92791753615496,12.915635107270504,2317,0,outer_ring
970,55.91396811155977,14.07736659308673,2594,0,outer_ring
971,55.13972467678328,14.240998039149224,2548,0,outer_ring
972,52.95598330706135,11.052446705361987,2416,0,outer_ring
973,48.40297492116488,10.610871499234158,1912,0,outer_ring
974,49.05969838580705,9.33229483497599,1998,0,outer_ring
975,48.43901657325342,7.628126459110739,1938,0,outer_ring
976,48.48326203998206,9.436534051577624,1930,0,outer_ring
977,51.18991037874363,9.341443138829357,2214,0,outer_ring
978,54.85369783896013,10.15517451386664,2500,0,outer_ring
979,61.569677358925375,10.474932559539084,2797,0,outer_ring
980,61.1718050386536,10.40238744474896,2781,0,outer_ring
981,67.95046071999228,8.923137133864515,3176,0,outer_ring
982,72.91427120194899,10.35382617856385,4250,1,inner_ring
983,76.06229988727264,10.431632586814914,10844,5,text_en_1919
984,75.34907281646815,10.448989902784676,4320,1,inner_ring
985,68.66029764779223,5.592511459801116,3080,0,outer_ring
986,68.5843064096606,4.1889688506735965,3007,0,outer_ring
987,68.5192597848446,4.57328237875528,3014,0,outer_ring
988,37.824149236823125,25.496499558714955,4023,1,inner_ring
989,38.06944258022311,25.40347445793904,10859,5,text_en_1919
990,92.64229479092816,40.80472979562887,10424,5,text_en_1919
991,48.983452675602926,95.70009474427096,725,0,outer_ring
992,48.60282852744788,95.48649559102506,761,0,outer_ring
993,45.5933119599334,94.37008060431543,959,0,outer_ring
994,56.64051059863747,98.58395693425288,309,0,outer_ring
995,50.343988868616016,96.10718427061394,612,0,outer_ring
996,45.35044175771085,94.26451069083308,975,0,outer_ring
997,43.20688421013124,92.24392487681844,1111,0,outer_ring
998,41.63130847987102,89.91379894033595,1172,0,outer_ring
999,38.921976526006205,85.72947665987677,1263,0,outer_ring
1000,34.38110221604282,78.97230528824012,4986,2,octagram
1001,30.48491969571632,75.79499253510535,3647,1,inner_ring
1002,30.925989347676406,76.29215113920645,1364,0,outer_ring
1003,24.969862175954056,70.04985951762897,9582,5,text_en_1919
1004,23.91961229786848,68.32044738505817,9568,5,text_en_1919
1005,22.01569651850361,58.91688200795349,9860,5,text_en_1919
1006,21.9475431370846,59.39392112208081,9770,5,text_en_1919
1007,24.557890070779248,51.6147776953038,10244,5,text_en_1919
1008,23.656520494387017,52.62098783267162,10169,5,text_en_1919
1009,30.91099982786639,50.90119408812564,5241,2,octagram
1010,30.554206403342143,50.931800354180304,5231,2,octagram
1011,33.58916268983322,51.1259195092711,5282,2,octagram
1012,39.79622225849067,50.82821621160321,6972,3,stroke_nan
1013,41.35067498263845,52.00325265508452,6851,3,stroke_nan
1014,47.94380216663827,54.65993445853933,6746,3,stroke_nan
1015,47.43934273077516,54.46164337369108,6639,3,stroke_nan
1016,53.92510467353455,55.88916218411455,4846,2,octagram
1017,57.01605296851045,56.06384553120172,4750,2,octagram
1018,58.096708606491205,57.2067217279706,3477,1,inner_ring
1019,60.99451751365506,61.40903104762077,7780,4,stroke_kai
1020,61.77505627414803,65.02378270365698,9268,5,text_en_1919
1021,61.647889925951,64.14607646250086,9306,5,text_en_1919
1022,57.24574134160893,55.42764591963582,7631,4,stroke_kai
1023,54.295233600199744,48.92645226871945,4832,2,octagram
1024,54.033398903964816,48.60424895575783,6911,3,stroke_nan
1025,48.53089178304924,40.04353436397072,5624,2,octagram
1026,50.07729184319496,42.79303791990104,7457,3,stroke_nan
1027,49.97675040999202,42.6300989717021,7472,3,stroke_nan
1028,44.51732549541998,35.02196063918196,5689,2,octagram
1029,39.53668883394663,31.47876784510404,3957,1,inner_ring
1030,36.044952574433445,30.49622313419895,7270,3,stroke_nan
1031,33.448926281211484,31.261664543957338,5540,2,octagram
1032,30.979061999172743,31.9814649744523,5487,2,octagram
1033,29.447511259544992,36.13063318303009,1401,0,outer_ring
1034,31.715477394603177,39.31996764450251,5402,2,octagram
1035,37.74050914799671,48.11390933729786,7055,3,stroke_nan
1036,36.858466543654686,49.977640032606686,5356,2,octagram
1037,29.540565483893225,35.08166398589903,10583,5,text_en_1919
1038,29.520327440898853,31.133737461293908,10741,5,text_en_1919
1039,29.53241863181268,31.27951050785479,10729,5,text_en_1919
1040,34.4652862400858,25.67905072815564,3975,1,inner_ring
1041,36.20905979692408,25.162496949298934,1437,0,outer_ring
1042,39.640015099246106,25.25661737996797,1480,0,outer_ring
1043,45.92191413925652,27.29235280743825,10977,5,text_en_1919
1044,48.455385231054265,30.12417972469787,5825,2,octagram
1045,48.57626151750015,30.44261937115138,5840,2,octagram
1046,52.00347415232642,35.458318535611454,7433,3,stroke_nan
1047,52.54315357763051,35.99897929890936,4114,1,inner_ring
1048,55.44300552724587,40.94178436814007,8550,4,stroke_kai
1049,56.78612813006073,41.07887885369677,6067,2,octagram
1050,61.25521128874171,45.446475821636,8147,4,stroke_kai
1051,60.16739575339363,44.96559469687621,8152,4,stroke_kai
1052,64.21360288698332,46.56065251781399,7988,4,stroke_kai
1053,66.45101847570038,47.4324405355478,7909,4,stroke_kai
1054,69.4551241249099,51.11345037432098,6501,2,octagram
1055,71.7484430446888,62.64171643243,7742,4,stroke_kai
1056,70.27941045220678,68.58951465872664,4567,2,octagram
1057,66.83998559492358,69.6399432011033,7593,4,stroke_kai
1058,47.60672780188664,78.40810015011598,4943,2,octagram
1059,49.37565012656029,84.97730306240989,824,0,outer_ring
1060,48.74229700016424,84.69387617733372,920,0,outer_ring
1061,52.02737908304567,85.48191378644293,548,0,outer_ring
1062,56.379998888381145,86.32041896758739,334,0,outer_ring
1063,55.63776998797448,86.561089188572,399,0,outer_ring
1064,56.614686415627126,84.7596668233692,8963,5,text_en_1919
1065,52.71449172413451,79.95011574955626,3537,1,inner_ring
1066,52.88560782488894,80.07137446866471,3532,1,inner_ring
1067,50.53138254264873,78.92680358047414,9104,5,text_en_1919
1068,48.94516945041183,78.22786006259312,4884,2,octagram
1069,30.076810818543077,61.002438327672095,5127,2,octagram
1070,29.6310426737257,60.41046318981368,6740,3,stroke_nan
1071,30.36966724748639,61.29453022255585,6688,3,stroke_nan
1072,59.700549949110666,99.64048601247153,244,0,outer_ring
1073,58.76769791796178,99.85556032938928,272,0,outer_ring
1074,67.92926022291036,95.18549437373298,45,0,outer_ring
1075,66.6396968857372,96.36973688274762,89,0,outer_ring
1076,71.81128278711347,88.9305640274637,8889,5,text_en_1919
1077,71.83719503535904,88.52350360425754,8912,5,text_en_1919
1078,75.13847928613194,80.39699278022167,3397,1,inner_ring
1079,76.06153896665268,77.83122212869065,3387,1,inner_ring
1080,76.53722509748684,76.94714027141863,9446,5,text_en_1919
1081,77.33514163856776,74.21149397536122,9512,5,text_en_1919
1082,81.23265047684751,63.35607505996121,9720,5,text_en_1919
1083,83.09958186724438,57.360771668415,9841,5,text_en_1919
1084,84.68665183908806,53.2605066289963,9939,5,text_en_1919
1085,86.63396100253846,48.28041192124938,3280,1,inner_ring
1086,87.89802837262822,46.54403699188121,10100,5,text_en_1919
1087,89.53983610299971,43.64328633854262,10057,5,text_en_1919
1088,88.6808195399931,45.3163255207925,10094,5,text_en_1919
1089,94.859659527291,38.27345100526269,10392,5,text_en_1919
1090,97.83668347454729,34.611033287028924,10706,5,text_en_1919
1091,95.59026721229068,37.55526705068159,10304,5,text_en_1919
1092,56.65547825886499,41.70823632710721,8429,4,stroke_kai
1093,58.49882309388117,39.25974091395649,8280,4,stroke_kai
1094,59.56953473357187,37.39646739889311,8340,4,stroke_kai
1095,61.70452134307256,32.10404995939475,8384,4,stroke_kai
1096,64.36931404415404,24.76276247839557,6211,2,octagram
1097,66.55513777102402,22.887957590067284,6267,2,octagram
1098,72.28094689425055,22.5529817525448,6363,2,octagram
1099,73.42669462037175,22.747679581766143,4373,1,inner_ring
1100,67.73405299218285,21.5797301022282,6305,2,octagram
1101,64.30646686992034,19.36056195052662,10872,5,text_en_1919
1102,65.63574065493721,19.92093421196996,6108,2,octagram
1103,62.89329296691415,19.047834502999688,6035,2,octagram
1104,56.31078715688184,17.959766628113883,11352,5,text_en_1919
1105,53.264907205230536,18.1876467417036,10979,5,text_en_1919
1106,53.89288671050572,17.903068351152253,11359,5,text_en_1919
1107,50.135860938401294,17.51704491233226,11301,5,text_en_1919
1108,48.13079072866126,16.289055772839735,1728,0,outer_ring
1109,46.36316159816645,14.83582760419931,1595,0,outer_ring
1110,50.60631501593602,14.826401248751516,2180,0,outer_ring
1111,49.961755149862974,14.679528572544,2118,0,outer_ring
1112,55.884454267600375,14.084119097147685,2593,0,outer_ring
1113,56.813880758197534,12.490238310434918,2621,0,outer_ring
1114,52.9421802444223,11.128001220967214,2414,0,outer_ring
1115,47.73173601360448,10.186122717875245,1828,0,outer_ring
1116,49.72186709001899,9.319608933532235,2097,0,outer_ring
1117,47.44693742258987,6.754883839017744,1839,0,outer_ring
1118,49.92366744429152,9.182574520522031,2130,0,outer_ring
1119,52.89046601304957,11.286992403849004,2408,0,outer_ring
1120,59.32776483221953,10.198223170385065,2714,0,outer_ring
1121,58.55545544538969,10.173935279522112,2676,0,outer_ring
1122,64.9473967343062,10.440741777981223,2887,0,outer_ring
1123,64.86814264466084,10.346088408907043,2883,0,outer_ring
1124,72.98799087637413,10.393663830076314,4257,1,inner_ring
1125,73.69279624347077,10.587662267759512,4291,1,inner_ring
1126,76.93365717563736,10.447566871126313,6340,2,octagram
1127,67.5632951688228,9.622103441817371,3142,0,outer_ring
1128,68.62936828495434,4.30965552179822,3018,0,outer_ring
1129,68.53128151068975,3.469056117898674,2975,0,outer_ring
1130,38.55818024395449,25.33862611016553,5771,2,octagram
1131,39.003372098503206,25.26254025419751,1473,0,outer_ring
1132,92.24361543164233,41.18845622922861,10365,5,text_en_1919
1133,50.27953509677128,96.06776473647278,619,0,outer_ring
1134,47.42419575299803,95.00212152946855,828,0,outer_ring
1135,43.19475711403484,92.16275171948668,1115,0,outer_ring
1136,53.21841311391418,96.87327699933093,476,0,outer_ring
1137,49.56318951731714,95.69215138328354,670,0,outer_ring
1138,46.873454368122175,94.80481060000147,891,0,outer_ring
1139,43.24848178877852,92.0235690150976,1113,0,outer_ring
1140,42.17174886027143,90.64801354725438,1142,0,outer_ring
1141,37.99968756377832,84.11034409990054,1272,0,outer_ring
1142,34.60481353764525,79.21173686149977,4977,2,octagram
1143,34.218532776164324,78.863835421041,3612,1,inner_ring
1144,31.86058512349401,76.91615604765136,3634,1,inner_ring
1145,24.818056849921827,69.80068671999192,9581,5,text_en_1919
1146,22.41883422666992,63.61064174930034,9680,5,text_en_1919
1147,22.39386074132675,64.13989368710871,9639,5,text_en_1919
1148,22.145102574113352,59.77224465478911,9784,5,text_en_1919
1149,25.06167636681716,51.305281253555066,10324,5,text_en_1919
1150,26.348037869520383,51.06022445926082,10151,5,text_en_1919
1151,28.67309778441877,51.0644544410402,3767,1,inner_ring
1152,34.347025302822374,51.434057948352816,5199,2,octagram
1153,33.608734474356446,51.23288641994101,5208,2,octagram
1154,39.342286870980416,50.43895564863197,6984,3,stroke_nan
1155,45.159541957851,53.55059950775777,6696,3,stroke_nan
1156,44.50545734218178,53.09625722355244,6840,3,stroke_nan
1157,47.90823427114815,54.53926815140838,6798,3,stroke_nan
1158,53.98419624744073,55.90137799570607,4844,2,octagram
1159,57.34422212001699,56.500459966319,3494,1,inner_ring
1160,58.82636137597914,57.2673721287324,7956,4,stroke_kai
1161,61.35904475794762,63.05298137371161,3447,1,inner_ring
1162,61.53837713715891,64.27496831325817,9298,5,text_en_1919
1163,61.72662828915142,67.15069697310459,9061,5,text_en_1919
1164,58.11236998139056,56.23911415891468,4721,2,octagram
1165,56.71809962474236,53.83292605151177,7671,4,stroke_kai
1166,51.75780336699116,44.76331449604992,7268,3,stroke_nan
1167,48.56879480883594,39.79608000974953,5626,2,octagram
1168,48.77911955249781,40.31479269557656,7544,3,stroke_nan
1169,52.12889749934335,45.35286628705641,7217,3,stroke_nan
1170,46.47909276053343,37.03322688531642,5672,2,octagram
1171,39.59625039291399,31.56801277108392,3953,1,inner_ring
1172,40.61532275248527,31.83178758107763,5570,2,octagram
1173,37.08954553297917,30.570055054801344,7275,3,stroke_nan
1174,30.519757982714683,32.16018958844231,3870,1,inner_ring
1175,29.493335827338303,36.04225383502816,10571,5,text_en_1919
1176,34.71113871525471,43.34558537371122,7165,3,stroke_nan
1177,37.93044893397324,48.49813921355777,7050,3,stroke_nan
1178,38.691683965683936,49.90172476398482,6882,3,stroke_nan
1179,29.614819914346533,36.38357633062724,10497,5,text_en_1919
1180,30.60242191655905,32.05179276973092,3888,1,inner_ring
1181,30.434487818088986,28.243484140844487,5501,2,octagram
1182,30.95237202826396,27.736636958770056,5521,2,octagram
1183,36.69972678620191,25.496452428246723,3996,1,inner_ring
1184,39.86064276012954,25.014984828760596,1499,0,outer_ring
1185,41.66976793336442,25.08815831495075,11128,5,text_en_1919
1186,48.55023645216083,30.30643043051077,5831,2,octagram
1187,50.66660024481577,33.31283504734701,7511,3,stroke_nan
1188,49.98569864629398,32.15474946708389,5870,2,octagram
1189,54.009390269210805,38.01976444979156,4131,1,inner_ring
1190,56.07254650545087,40.57885678085776,5977,2,octagram
1191,56.76697614690932,41.03570249918761,6065,2,octagram
1192,59.90910670153729,44.736620976989215,8100,4,stroke_kai
1193,61.7169575715808,45.68319259610619,8073,4,stroke_kai
1194,66.27837237603757,47.42353400350598,7916,4,stroke_kai
1195,66.14764040870054,47.29005933736185,7897,4,stroke_kai
1196,70.97955878611351,56.11779421911007,4461,2,octagram
1197,71.5801784572291,59.24824006111525,7833,4,stroke_kai
1198,71.81817056597963,62.300652357463846,7759,4,stroke_kai
1199,70.13178583118307,68.75625378742556,4571,2,octagram
1200,47.25803312010795,79.18123743591333,3597,1,inner_ring
1201,47.32218490265921,81.2247173181918,9022,5,text_en_1919
1202,50.60250620718623,85.5594967531226,718,0,outer_ring
1203,54.2306346698164,85.87494176543066,460,0,outer_ring
1204,55.83943855451903,86.18818821128502,388,0,outer_ring
1205,56.43112383447173,85.11037714167725,8779,5,text_en_1919
1206,56.57327581812376,85.28545344224622,8781,5,text_en_1919
1207,51.80710479134885,79.16756532342373,3543,1,inner_ring
1208,50.18915249913773,78.95331821685465,8928,5,text_en_1919
1209,50.93572336704184,79.03321544845106,8986,5,text_en_1919
1210,47.31710512708195,79.11880702916231,3590,1,inner_ring
1211,29.63863292757196,61.20391013458522,5137,2,octagram
1212,30.06666035495404,62.34527415214527,3679,1,inner_ring
1213,30.357162152781378,62.343443265332,5087,2,octagram
1214,56.01186141663394,98.07566208736978,347,0,outer_ring
1215,61.33427547033608,99.5122198177664,198,0,outer_ring
1216,64.45038536339473,98.16219999025432,115,0,outer_ring
1217,65.81316162026377,97.0579089681286,102,0,outer_ring
1218,70.05181997369363,92.52997893464956,8730,5,text_en_1919
1219,71.31920753200566,90.25112472557493,8807,5,text_en_1919
1220,72.79911073398226,85.85868069906127,9172,5,text_en_1919
1221,76.50525901073681,76.84061917502629,9480,5,text_en_1919
1222,77.3959236092146,73.96556342257026,9546,5,text_en_1919
1223,77.10159163613689,74.02283267380949,4594,2,octagram
1224,79.56115709408579,67.94572684178888,4516,2,octagram
1225,82.92248893052648,57.7347771942235,4430,2,octagram
1226,83.2298522881742,57.29567708085976,9794,5,text_en_1919
1227,86.02459031218298,49.81499119232698,6542,2,octagram
1228,87.93931688093369,46.45880824168089,10123,5,text_en_1919
1229,87.71727634893013,46.78530196998855,10060,5,text_en_1919
1230,89.65378476650287,43.50519358981872,10048,5,text_en_1919
1231,94.5915353460797,39.1176124420188,10194,5,text_en_1919
1232,94.54433081223188,38.789766328937446,10354,5,text_en_1919
1233,96.04153094006388,37.11416009463616,10341,5,text_en_1919
1234,55.50161934751496,40.649005869427015,5933,2,octagram
1235,58.59815228798499,39.399789911213134,8242,4,stroke_kai
1236,60.34788198915036,35.184313757256035,8395,4,stroke_kai
1237,63.52227952554645,27.59978083066399,8509,4,stroke_kai
1238,64.48964598397549,24.459128804968277,6219,2,octagram
1239,67.4958214990039,22.51871463288906,6320,2,octagram
1240,73.54623155378205,22.79497346853205,4377,1,inner_ring
1241,72.41746181744745,22.822167794945752,6385,2,octagram
1242,66.83124471573828,20.877992636921864,6137,2,octagram
1243,67.13463915814947,21.1711790921319,6275,2,octagram
1244,61.72357492485023,18.87362284491723,4158,1,inner_ring
1245,62.03429128107245,19.05222005948686,4171,1,inner_ring
1246,56.52338844202536,18.197639962104056,11122,5,text_en_1919
1247,55.95485978330501,18.17481031012764,11162,5,text_en_1919
1248,54.43194858845304,18.079630055510528,11309,5,text_en_1919
1249,48.20272320878787,16.24740720573829,1737,0,outer_ring
1250,48.59610643698548,16.57033572704666,1803,0,outer_ring
1251,46.13694787893772,14.556663028879465,1587,0,outer_ring
1252,47.87617672856388,15.431601166494666,1687,0,outer_ring
1253,49.863871427307465,14.690645600967464,2094,0,outer_ring
1254,54.849944052048514,14.393340783812532,2523,0,outer_ring
1255,57.06876083863396,11.516879684355096,2634,0,outer_ring
1256,51.63881197036931,13.724209403089077,2270,0,outer_ring
1257,49.52355177539487,9.989760662016266,2061,0,outer_ring
1258,49.2867318611552,9.36031350737543,2040,0,outer_ring
1259,47.32396306532584,6.599242641777188,1826,0,outer_ring
1260,48.99381276158549,9.375670722415087,1987,0,outer_ring
1261,51.93181936301671,9.467488429796568,2306,0,outer_ring
1262,55.43492435534402,10.091554759887089,2543,0,outer_ring
1263,58.32771012774618,10.068358607851827,2659,0,outer_ring
1264,61.95024845199549,10.532636457602017,2818,0,outer_ring
1265,67.33647716926764,9.819432236575224,11288,5,text_en_1919
1266,70.3866796152683,9.673056152590412,4220,1,inner_ring
1267,77.52292452197159,10.461270255487731,10669,5,text_en_1919
1268,77.30894320104272,10.405710605730526,4356,1,inner_ring
1269,67.79247912209212,9.2330663409981,3169,0,outer_ring
1270,68.47866132886067,6.29947382813743,3091,0,outer_ring
1271,68.49960018258115,3.303439924439729,2959,0,outer_ring
1272,38.88786613684477,25.207411060243928,4055,1,inner_ring
1273,40.158911828598,25.141222342511995,1523,0,outer_ring
1274,92.59550954537016,40.94721088335418,10331,5,text_en_1919
1275,49.2706904543136,95.77125780925562,697,0,outer_ring
1276,48.90559722048903,95.72416067978097,730,0,outer_ring
1277,45.031744950596455,93.72213683102574,1017,0,outer_ring
1278,53.567289478474365,96.99059560181529,459,0,outer_ring
1279,50.98631318973474,96.1555165805198,551,0,outer_ring
1280,45.16921260760381,93.88360730483213,990,0,outer_ring
1281,43.4574211503666,92.31883451434942,1093,0,outer_ring
1282,39.0775812277378,86.12890000899421,1256,0,outer_ring
1283,37.40061754581372,83.18805283269617,1287,0,outer_ring
1284,36.80559880186449,82.35307744592286,1304,0,outer_ring
1285,34.36489367912627,79.0635578005176,9226,5,text_en_1919
1286,27.63731470413273,73.28633153913165,3663,1,inner_ring
1287,26.662176103180464,72.33058172358102,9503,5,text_en_1919
1288,24.359375891424317,69.14563247936776,9496,5,text_en_1919
1289,22.110939704733333,63.45121313336935,9647,5,text_en_1919
1290,22.14047090342336,56.30784301701984,9948,5,text_en_1919
1291,22.71046981248956,53.55035323281256,1398,0,outer_ring
1292,27.922320656097824,50.91637411770255,3803,1,inner_ring
1293,31.9163114687805,51.083295121952425,3734,1,inner_ring
1294,33.30940715631727,50.92123307978755,5287,2,octagram
1295,33.80482845302651,51.12243842157491,5285,2,octagram
1296,43.33946667644575,52.64407631559294,6804,3,stroke_nan
1297,42.28113951732115,52.30378036633535,6951,3,stroke_nan
1298,47.311156995965085,54.38914002668575,6655,3,stroke_nan
1299,49.28460219484599,55.17621156603249,5011,2,octagram
1300,53.881569045309256,55.77882169700258,4845,2,octagram
1301,57.00099280766396,55.66999523922503,4782,2,octagram
1302,58.81447548836783,57.51749646979015,4686,2,octagram
1303,61.096041316342905,61.51407095960485,7764,4,stroke_kai
1304,61.516078267818735,64.05677460056721,9305,5,text_en_1919
1305,61.81994240675432,67.79040203011417,8933,5,text_en_1919
1306,58.38721423095098,56.57779537403613,4670,2,octagram
1307,56.5449695561317,53.30587572274591,7698,4,stroke_kai
1308,53.32982257911701,47.100123017232285,7115,3,stroke_nan
1309,48.886950925425296,39.94683656452932,7572,3,stroke_nan
1310,49.76601932614437,42.47409374738363,7486,3,stroke_nan
1311,49.59619211285347,42.52818582837891,7459,3,stroke_nan
1312,43.30924818368577,33.402300185066615,5727,2,octagram
1313,43.93038119610187,34.3994245632803,5715,2,octagram
1314,37.07916412483816,30.86930308974517,7263,3,stroke_nan
1315,33.11043959040617,31.51382142720709,5429,2,octagram
1316,34.28546259007663,30.69540002588593,7355,3,stroke_nan
1317,29.6380968752916,33.03847793943842,10642,5,text_en_1919
1318,34.68001366748909,42.98253577785261,7193,3,stroke_nan
1319,37.56912091544729,47.85311205670887,5367,2,octagram
1320,39.4620496835002,50.44925784176707,7022,3,stroke_nan
1321,29.41348892864946,34.31265976648031,10606,5,text_en_1919
1322,29.565580463209933,29.95101611002369,10795,5,text_en_1919
1323,29.69824347092256,29.855663472015475,10785,5,text_en_1919
1324,34.989036052912255,25.281734835576664,1421,0,outer_ring
1325,36.35824905276574,25.210121986708018,1443,0,outer_ring
1326,39.81901851299138,25.15106265189091,1496,0,outer_ring
1327,42.8429694554587,25.45004329124223,10920,5,text_en_1919
1328,44.9894956682768,26.42264967569957,11215,5,text_en_1919
1329,48.166806181420895,30.105436079798576,5827,2,octagram
1330,52.07585396218976,35.46188596889987,7423,3,stroke_nan
1331,51.915572431711,35.36371825052734,7434,3,stroke_nan
1332,55.43572460961397,40.68198933926739,8563,4,stroke_kai
1333,56.78906297552686,41.61878166174584,8194,4,stroke_kai
1334,57.857197800368446,43.27517706821335,8070,4,stroke_kai
1335,63.13081574629487,46.17657717867535,6447,2,octagram
1336,66.0083398833339,47.28865958861352,7854,4,stroke_kai
1337,66.81250816417663,47.3050818318397,7985,4,stroke_kai
1338,71.4889834998556,59.05071318470223,7835,4,stroke_kai
1339,71.72942246482116,63.84890636595807,7701,4,stroke_kai
1340,71.34961935153814,65.5290632139286,7683,4,stroke_kai
1341,66.6638275894345,69.5849154165465,7592,4,stroke_kai
1342,47.17561472383047,79.74040268723675,9151,5,text_en_1919
1343,49.33095250397616,85.13341318126817,826,0,outer_ring
1344,49.12479420451326,84.80192043255619,872,0,outer_ring
1345,51.4457600052657,85.41498070096056,633,0,outer_ring
1346,54.58130022391821,85.97897294562571,442,0,outer_ring
1347,56.53245943312237,86.19411829202207,8605,5,text_en_1919
1348,56.215484554919264,83.83076015601503,9058,5,text_en_1919
1349,55.22350602585566,82.10113940878364,3504,1,inner_ring
1350,52.19077057118031,79.58326601604317,8746,5,text_en_1919
1351,50.84719365034355,78.81311220689307,4854,2,octagram
1352,49.29602552376024,78.47135447950811,4877,2,octagram
1353,29.52854860033571,60.41190854896417,5163,2,octagram
1354,30.469363531873416,62.60177178855723,5047,2,octagram
1355,29.68627254935176,60.43124719225343,6741,3,stroke_nan
1356,58.88724311759572,99.79458166259052,266,0,outer_ring
1357,60.091355827648734,99.5411239973947,230,0,outer_ring
1358,66.64164772378123,96.314449381397,88,0,outer_ring
1359,69.63620104522519,93.23185819859528,25,0,outer_ring
1360,69.39504336503812,93.36879627295504,8620,5,text_en_1919
1361,71.41558173086413,90.14595360449415,8742,5,text_en_1919
1362,73.62936586578269,84.4848669183972,9315,5,text_en_1919
1363,76.64609568165311,76.25905918179403,3372,1,inner_ring
1364,77.64408987953615,72.86345671494558,3358,1,inner_ring
1365,79.14988329381237,68.71336580813681,4527,2,octagram
1366,81.03428528428064,63.839703237463176,4487,2,octagram
1367,83.4159560170911,56.71123348570373,9795,5,text_en_1919
1368,82.47255172727202,59.12729195268963,3309,1,inner_ring
1369,85.86225291635601,50.49370931992336,9917,5,text_en_1919
1370,87.77177138920888,46.68220423053575,10108,5,text_en_1919
1371,87.45794545469155,46.6700766127585,3251,1,inner_ring
1372,89.68671306996427,43.30368557862488,10067,5,text_en_1919
1373,92.1824887835823,41.172349769481485,10440,5,text_en_1919
1374,94.44103131388091,39.07605747480715,10226,5,text_en_1919
1375,98.13597843213284,34.38886197827088,10740,5,text_en_1919
1376,56.64230558711393,41.76288833238887,8408,4,stroke_kai
1377,57.05936642536541,40.1496417137121,6030,2,octagram
1378,62.172213263561865,31.11559342011678,8404,4,stroke_kai
1379,62.13121929482935,31.436883854069475,8335,4,stroke_kai
1380,63.7320627308862,26.985368641881315,8535,4,stroke_kai
1381,67.6253214428097,22.39070251814817,6323,2,octagram
1382,72.37590550121752,22.847925323121995,6390,2,octagram
1383,70.0208047945537,22.45401889712976,8224,4,stroke_kai
1384,67.221867391224,21.04029267087907,6280,2,octagram
1385,66.54180939157897,20.67230285933475,6124,2,octagram
1386,64.24195232899977,19.44039392014445,6047,2,octagram
1387,62.35449864632641,18.939914667674746,4184,1,inner_ring
1388,56.27991182905819,18.076957620220288,11306,5,text_en_1919
1389,56.96461698841851,18.048574980174983,11336,5,text_en_1919
1390,54.20806421463806,18.227944446072947,11027,5,text_en_1919
1391,51.60900508284863,17.98587778855904,11131,5,text_en_1919
1392,48.23981504676707,15.02507338464332,1786,0,outer_ring
1393,47.8401250382123,14.460915261461857,1725,0,outer_ring
1394,48.279758521331296,14.983450551711414,1793,0,outer_ring
1395,51.92233206955218,12.867174671774968,2315,0,outer_ring
1396,53.01824477165923,14.367368662602123,2433,0,outer_ring
1397,54.38680545722341,14.340335428004096,2491,0,outer_ring
1398,51.70864932189787,13.381210861202163,2283,0,outer_ring
1399,48.08305710871311,10.150769055174315,1879,0,outer_ring
1400,48.97523258545488,9.41959282518129,1982,0,outer_ring
1401,49.60107883938423,8.44917219044929,2082,0,outer_ring
1402,49.77657066584699,9.330400040092355,2105,0,outer_ring
1403,51.7858374406991,9.57959152107214,2284,0,outer_ring
1404,59.511062136086366,10.344455121746158,2723,0,outer_ring
1405,58.80915447226776,10.245799233911429,2688,0,outer_ring
1406,62.8748205549703,10.531093877683432,2853,0,outer_ring
1407,66.6496101064309,10.316645577555311,11060,5,text_en_1919
1408,73.26039611214728,10.444044149532502,4268,1,inner_ring
1409,72.25490634224602,10.46680867871016,4235,1,inner_ring
1410,77.37167527638437,10.439819202791568,10683,5,text_en_1919
1411,67.52060025750819,10.052189768794271,11030,5,text_en_1919
1412,68.62185590425636,4.4826487574635365,3026,0,outer_ring
1413,68.34583325921844,3.849075931112523,2950,0,outer_ring
1414,36.90291671167877,25.3102140983285,11093,5,text_en_1919
1415,39.004933128560495,25.21454755699778,1476,0,outer_ring
1416,91.34458485042953,41.72101867234506,10402,5,text_en_1919
1417,49.34452953484635,95.93581619371864,688,0,outer_ring
1418,49.26514527056396,95.80090012419642,698,0,outer_ring
1419,43.47262659036026,92.29539527467642,1091,0,outer_ring
1420,56.30893208392668,98.51467506850548,324,0,outer_ring
1421,49.73388490882979,95.7594630497942,654,0,outer_ring
1422,44.57025406844772,93.3439325218248,1044,0,outer_ring
1423,41.3807983166886,89.5959841168686,1187,0,outer_ring
1424,42.39047989516602,91.04962562798008,1130,0,outer_ring
1425,36.11778986743596,80.93605147559481,8937,5,text_en_1919
1426,33.842475465254935,78.50413605253294,4994,2,octagram
1427,34.303902479217165,78.90574134572816,4984,2,octagram
1428,29.78627451831569,75.59314024088792,1371,0,outer_ring
1429,25.26747672277717,70.62319561287126,9454,5,text_en_1919
1430,24.128759900561207,68.79809259794484,9499,5,text_en_1919
1431,21.88183255441985,58.69452144677318,9912,5,text_en_1919
1432,22.132619522498445,58.153708489311455,9901,5,text_en_1919
1433,22.291494683858872,55.76399293952424,9953,5,text_en_1919
1434,23.81978999038719,52.2723053540004,10273,5,text_en_1919
1435,30.018695368767435,51.05875143322091,3752,1,inner_ring
1436,30.596871685953925,51.05192634699575,3746,1,inner_ring
1437,37.2655809515408,49.58270047280794,6953,3,stroke_nan
1438,39.56243622602262,50.790278950771295,6811,3,stroke_nan
1439,45.01702479279384,53.61816894567392,6649,3,stroke_nan
1440,44.7931460737568,53.49383687532331,6648,3,stroke_nan
1441,51.210812188282056,55.41897156313444,6691,3,stroke_nan
1442,52.62869644445748,55.62571521389784,6730,3,stroke_nan
1443,56.71054378845596,55.80542050331585,4792,2,octagram
1444,58.68480870199278,56.98258780958334,7973,4,stroke_kai
1445,61.60931406069672,64.0284129976497,9310,5,text_en_1919
1446,61.68296842575489,67.28127954245814,9014,5,text_en_1919
1447,61.743077843938224,68.18270715560901,8838,5,text_en_1919
1448,57.91488969883892,55.94724605621142,4734,2,octagram
1449,56.23690283617746,52.52180581357885,7729,4,stroke_kai
1450,52.06388711671883,45.45179144977967,7160,3,stroke_nan
1451,46.77198597828329,37.35224813460919,5619,2,octagram
1452,50.23259501912938,43.2597263392541,7371,3,stroke_nan
1453,51.39681187202749,44.44789043576179,7369,3,stroke_nan
1454,47.37562356012345,37.65597531027883,7426,3,stroke_nan
1455,41.23731078391727,32.034472407169986,5741,2,octagram
1456,40.60340978174859,31.913001289710326,5568,2,octagram
1457,37.84892816144325,30.981496334406483,3936,1,inner_ring
1458,31.72374841826841,32.051502669777584,5449,2,octagram
1459,29.756154436267277,36.35144989485679,3843,1,inner_ring
1460,34.01189509187256,42.35864562050708,5377,2,octagram
1461,37.834791620616855,48.503176936544826,7001,3,stroke_nan
1462,36.09717326992157,50.757818154451634,5320,2,octagram
1463,29.65828206865658,36.28932371468323,3845,1,inner_ring
1464,30.429192210572158,32.021792865742185,3887,1,inner_ring
1465,29.77404518871563,29.75033295523527,10771,5,text_en_1919
1466,33.268991396710874,26.08649092961626,10809,5,text_en_1919
1467,36.195459651278185,25.31610546433468,3988,1,inner_ring
1468,39.71776318978026,25.141831997962004,1486,0,outer_ring
1469,41.57398217263746,25.18676825682974,11053,5,text_en_1919
1470,45.441433270883984,26.812407411075164,11003,5,text_en_1919
1471,48.68392660224522,30.63575598988286,5844,2,octagram
1472,50.36949802713831,32.96348873900758,7527,3,stroke_nan
1473,54.575183659513286,39.09214274655754,4151,1,inner_ring
1474,55.72119828829237,41.00102770832255,8540,4,stroke_kai
1475,56.60639601532088,41.84860533523775,8288,4,stroke_kai
1476,61.328917354670814,45.4433888264889,8148,4,stroke_kai
1477,64.47986763647324,46.72580898264911,7934,4,stroke_kai
1478,64.60288075668095,46.72768782549665,7991,4,stroke_kai
1479,63.32579916612824,46.25608942549676,6450,2,octagram
1480,70.94808474343282,54.85860211286666,6521,2,octagram
1481,71.79871782652401,63.40892484621821,7710,4,stroke_kai
1482,71.73302032609251,62.46375031707238,7752,4,stroke_kai
1483,70.15914753003685,68.13206608201268,7604,4,stroke_kai
1484,48.72677315617759,79.38389963481207,8629,5,text_en_1919
1485,48.99976180190306,84.82966900638974,895,0,outer_ring
1486,51.88381229810079,85.52795681396077,568,0,outer_ring
1487,54.21008789619985,85.90173962711764,462,0,outer_ring
1488,53.57002620774392,85.55067141640797,8789,5,text_en_1919
1489,56.51289192150588,86.23207919853488,8584,5,text_en_1919
1490,55.72064807490971,85.08364135691824,8814,5,text_en_1919
1491,51.63946327127759,79.30182391157923,8833,5,text_en_1919
1492,52.10874985687537,79.40708271462495,8939,5,text_en_1919
1493,50.33843330406047,79.03568596751843,8813,5,text_en_1919
1494,48.2568763103372,77.99506203029101,4916,2,octagram
1495,29.513758725756784,61.47623290748248,3714,1,inner_ring
1496,30.37165553481075,62.43146764710564,5073,2,octagram
1497,30.3308895382506,61.24721918489716,5118,2,octagram
1498,57.47088825757588,99.44833032296124,280,0,outer_ring
1499,62.69187460454356,98.85602480528264,182,0,outer_ring
1500,64.22323600548738,98.18686392507615,122,0,outer_ring
1501,70.01473892855053,92.76074185866074,17,0,outer_ring
1502,71.91234821011915,87.72508992937739,9016,5,text_en_1919
1503,72.65089429041385,86.16831036809333,9076,5,text_en_1919
1504,74.57459148752724,81.76900395204254,4645,2,octagram
1505,74.3240882559325,82.60214931937821,4651,2,octagram
1506,77.76700102629157,72.76846924898885,9533,5,text_en_1919
1507,77.59329397831031,73.58268843998141,9516,5,text_en_1919
1508,79.31211269597978,68.80815970538487,9644,5,text_en_1919
1509,81.56114935517344,62.2939358062704,9750,5,text_en_1919
1510,83.9395288650971,54.50060251331304,6572,2,octagram
1511,86.59604441162523,48.21490959197917,6528,2,octagram
1512,85.81113776963794,50.70516984555768,9889,5,text_en_1919
1513,89.16069886051301,44.32228132395407,10075,5,text_en_1919
1514,90.56997737137814,42.26120171551717,10167,5,text_en_1919
1515,94.72184852317449,38.48490823805293,10355,5,text_en_1919
1516,97.13123907872492,35.5734774514716,10515,5,text_en_1919
1517,97.19967883223345,35.88173401545493,10478,5,text_en_1919
1518,56.80305793841702,40.91711782220966,6023,2,octagram
1519,57.71726076191248,39.7089429426781,8284,4,stroke_kai
1520,61.51826813014339,32.37391429947876,8372,4,stroke_kai
1521,62.39558586507314,30.585194328017888,8428,4,stroke_kai
1522,63.89536913717173,26.30772847601899,8555,4,stroke_kai
1523,66.87419904809995,22.81449880367108,6331,2,octagram
1524,73.32937126132799,22.568185852242465,4367,1,inner_ring
1525,73.62204636538318,22.85183447638532,4389,1,inner_ring
1526,67.57444561362858,21.55740096613419,6300,2,octagram
1527,64.72575237049057,19.67345234708091,4200,1,inner_ring
1528,64.37695327652268,19.418911433092667,4197,1,inner_ring
1529,59.44643687477071,18.435066035070328,2748,0,outer_ring
1530,57.31238805044655,18.014026477024007,2653,0,outer_ring
1531,53.419117695633375,18.03304885265272,11293,5,text_en_1919
1532,50.66418776089776,17.70586113990606,11140,5,text_en_1919
1533,48.63218836990031,16.589709667422937,1809,0,outer_ring
1534,48.28339214418129,15.01230187712143,1794,0,outer_ring
1535,45.78378811189735,14.485313787874809,1569,0,outer_ring
1536,47.57846583952239,15.510923417559177,1629,0,outer_ring
1537,51.83087457118572,13.033244241116384,2303,0,outer_ring
1538,52.85870256279044,14.636902303057234,2392,0,outer_ring
1539,55.52153077452683,14.092290497488952,2575,0,outer_ring
1540,52.95205582645544,11.37468517296719,2418,0,outer_ring
1541,49.40964436748632,10.080008553996706,2049,0,outer_ring
1542,49.56731139647731,9.27835379266456,2075,0,outer_ring
1543,46.24789337395934,6.5035387773512525,1666,0,outer_ring
1544,47.947573078274175,9.512741893280335,1871,0,outer_ring
1545,52.996889005153534,9.899584408987522,2413,0,outer_ring
1546,58.97204108133709,10.121462465406845,2693,0,outer_ring
1547,58.70296849235972,10.230924823898448,2683,0,outer_ring
1548,65.7207933190456,10.424692132658407,2910,0,outer_ring
1549,66.093753743881,10.522214707408397,11125,5,text_en_1919
1550,73.71837235884324,10.542903574689213,4290,1,inner_ring
1551,74.06074576806161,10.451779800863092,4303,1,inner_ring
1552,76.55334355970348,10.301976173771074,10854,5,text_en_1919
1553,67.34595173014577,10.03345662820388,11079,5,text_en_1919
1554,68.32658548523322,7.1562780304371145,3118,0,outer_ring
1555,68.25979106236379,7.372324060841962,3120,0,outer_ring
1556,38.50362683441839,25.423800811434667,5768,2,octagram
1557,39.64311576082303,25.206398121800557,1481,0,outer_ring
1558,93.14342118380694,40.47307851852137,10334,5,text_en_1919
1559,50.817278258632186,96.12290297330831,566,0,outer_ring
1560,47.44408900290247,95.13711765593372,825,0,outer_ring
1561,43.23709850054506,92.10440319190349,1112,0,outer_ring
1562,52.21401643949218,96.48250400615598,504,0,outer_ring
1563,50.88672116127936,96.3188002991761,556,0,outer_ring
1564,45.831547754380544,94.38712504979964,938,0,outer_ring
1565,43.22402874258575,92.31048711360366,1106,0,outer_ring
1566,42.01439953158459,90.5451589200638,1144,0,outer_ring
1567,37.4359224448005,83.20460472892019,1286,0,outer_ring
1568,34.85756762148132,79.44720035909545,3605,1,inner_ring
1569,33.91735895841764,78.74623325266938,1344,0,outer_ring
1570,27.769515781632432,73.58749469205411,9373,5,text_en_1919
1571,25.006254688441548,70.07549158900056,9571,5,text_en_1919
1572,22.11114051229088,62.70408707497931,9709,5,text_en_1919
1573,22.03267403848546,58.653254226356346,9886,5,text_en_1919
1574,22.05832471786215,58.83083586807317,9867,5,text_en_1919
1575,22.195034222392763,56.45098188546316,9923,5,text_en_1919
1576,27.35835686218922,50.99072310931538,3801,1,inner_ring
1577,28.22369907848397,50.96578359661845,3786,1,inner_ring
1578,33.02907894081747,51.1316815214519,5218,2,octagram
1579,36.47346379888623,50.23484978050392,5343,2,octagram
1580,42.63408461938575,52.3817305480032,7020,3,stroke_nan
1581,43.40444801472157,52.584823087851206,6806,3,stroke_nan
1582,45.92404853734717,53.79584667890712,6714,3,stroke_nan
1583,50.97370833645304,55.4472370530328,6583,3,stroke_nan
1584,50.87481535363759,55.371178845233786,6582,3,stroke_nan
1585,58.59668150979405,57.49173833106154,3459,1,inner_ring
1586,58.380252099103565,57.342546346111305,3465,1,inner_ring
1587,61.436448992772014,63.13094437924663,3444,1,inner_ring
1588,61.841476878103286,68.12842538423865,8851,5,text_en_1919
1589,61.638050382260666,66.62781741841901,9111,5,text_en_1919
1590,58.162792871551794,56.283967047432526,4659,2,octagram
1591,56.90931930874692,54.23560245483566,7653,4,stroke_kai
1592,51.46119826147438,44.793377204392286,7212,3,stroke_nan
1593,47.50631762975903,37.79872031696611,7403,3,stroke_nan
1594,50.725807082820445,43.42244070037787,7402,3,stroke_nan
1595,49.794349768280526,42.47018613805824,7484,3,stroke_nan
1596,46.31288939926432,37.27637791280701,5612,2,octagram
1597,40.177987244170886,31.723492818131778,3971,1,inner_ring
1598,40.11697285222863,31.742354425656085,3966,1,inner_ring
1599,35.69961956876025,30.26695740515092,7401,3,stroke_nan
1600,33.93338324390248,30.902985603211672,7342,3,stroke_nan
1601,29.58297367473397,34.22361102784873,10602,5,text_en_1919
1602,31.46074582624088,38.88043980237869,5406,2,octagram
1603,36.83632380313161,46.54013213168496,7119,3,stroke_nan
1604,39.64777144019008,50.71505891942298,7004,3,stroke_nan
1605,29.70134626894749,36.41466314782222,3839,1,inner_ring
1606,30.79873660688772,31.912100408503587,5495,2,octagram
1607,29.579536520811864,30.305385182047445,10768,5,text_en_1919
1608,35.08418344573502,25.33221845373057,1422,0,outer_ring
1609,36.332337510743216,25.27041336290835,11255,5,text_en_1919
1610,40.09928070070714,25.226226382242025,1513,0,outer_ring
1611,42.07842596308444,25.273797098495702,11054,5,text_en_1919
1612,48.17182243059137,29.817872919397203,5821,2,octagram
1613,47.58725137285693,29.13163943856404,5802,2,octagram
1614,52.71389583310235,36.508935940705335,5879,2,octagram
1615,52.79045624550532,36.408146925055306,5886,2,octagram
1616,55.56565240935824,40.7263776959979,8568,4,stroke_kai
1617,56.7188967732405,41.07223296838222,6014,2,octagram
1618,60.856091769963626,45.261352694845705,8129,4,stroke_kai
1619,61.17409188415972,45.31645166954304,8163,4,stroke_kai
1620,65.95910995271251,47.13159725552936,7999,4,stroke_kai
1621,63.96136419501122,46.5320649775588,8047,4,stroke_kai
1622,71.59160615176812,59.64556151167014,7818,4,stroke_kai
1623,71.5909222832064,59.319867395951945,7832,4,stroke_kai
1624,70.82810706005372,66.96298830792166,7619,4,stroke_kai
1625,71.33967933895998,65.91876424566314,7647,4,stroke_kai
1626,47.63287202806357,78.37189802549591,4940,2,octagram
1627,48.75252838810702,84.66712796398916,918,0,outer_ring
1628,51.06621323334464,85.5385997159372,655,0,outer_ring
1629,52.238928060195455,85.58019402485196,516,0,outer_ring
1630,54.60099601743846,85.85586103553212,8685,5,text_en_1919
1631,56.4708419657737,85.02641510709086,8803,5,text_en_1919
1632,56.4741663015502,84.77192250804725,8871,5,text_en_1919
1633,51.86667708055352,79.23799376941822,9119,5,text_en_1919
1634,53.13325322212227,80.22683382406733,3524,1,inner_ring
1635,49.41529077877858,78.73021925573012,9214,5,text_en_1919
1636,47.53397277221417,78.54529115833157,4954,2,octagram
1637,29.46388646008093,61.07228203313197,5162,2,octagram
1638,29.51804175020558,60.99078440340951,5156,2,octagram
1639,29.87660264176418,60.784125352360014,6668,3,stroke_nan
1640,57.46103895443067,99.31052396114792,281,0,outer_ring
1641,63.82002910504819,98.29425074372054,137,0,outer_ring
1642,63.710563361987006,98.61565335730724,146,0,outer_ring
1643,67.45302176919361,95.59755530886672,60,0,outer_ring
1644,69.87025487358046,92.83220473990156,18,0,outer_ring
1645,72.65781491509823,85.93479039318262,9193,5,text_en_1919
1646,72.62946716713768,85.9194383652972,9277,5,text_en_1919
1647,75.8726451694688,78.35923420102392,9467,5,text_en_1919
1648,76.50885205729043,76.5774457483113,3374,1,inner_ring
1649,79.27424668055265,68.66343620557012,4520,2,octagram
1650,80.62475935807461,65.26438758143178,4505,2,octagram
1651,83.12517233601275,57.05249209726965,4426,2,octagram
1652,83.39281243585941,56.35030562133855,4420,2,octagram
1653,86.1712157475861,49.514920725562085,3284,1,inner_ring
1654,86.39617851779326,48.63013958932678,6535,2,octagram
1655,87.58446771251963,47.049511272717126,9866,5,text_en_1919
1656,88.95486910062108,44.970345545899285,10029,5,text_en_1919
1657,92.54785323690732,40.93490056257707,10385,5,text_en_1919
1658,96.84342891977536,35.72421254493832,10659,5,text_en_1919
1659,97.67930024560364,35.028579066869085,10536,5,text_en_1919
1660,56.76114056165434,41.736529113406114,8176,4,stroke_kai
1661,58.75061685151636,38.71743387894322,8356,4,stroke_kai
1662,59.81128712128215,36.36723329234084,8373,4,stroke_kai
1663,62.65398060802829,30.16879879597301,8376,4,stroke_kai
1664,63.99824501720114,25.95767289582709,6195,2,octagram
1665,66.07838041946005,22.995989621038788,6255,2,octagram
1666,73.87475051020574,22.759352459491097,10655,5,text_en_1919
1667,70.12666772877893,22.365872675555394,6427,2,octagram
1668,70.02079343448858,22.383621018115736,8293,4,stroke_kai
1669,64.62822870458476,19.605890789456573,4199,1,inner_ring
1670,62.946272521555976,18.80553529618634,11101,5,text_en_1919
1671,59.39191481807404,18.37783556437368,2744,0,outer_ring
1672,60.307200515707386,18.569988903727605,2800,0,outer_ring
1673,54.1988165358749,18.161518577780846,11133,5,text_en_1919
1674,53.94603617206656,18.111456633939635,11262,5,text_en_1919
1675,48.94071369946799,16.78126578372199,1920,0,outer_ring
1676,48.59216629969948,14.963962308208494,1893,0,outer_ring
1677,46.4179439038625,14.012452284915874,1603,0,outer_ring
1678,49.33391484357214,14.735151122031674,1995,0,outer_ring
1679,49.351741137029904,14.541383010896888,2001,0,outer_ring
1680,55.91608439338265,14.124851975356265,2596,0,outer_ring
1681,55.11199329129367,14.146992547384995,2545,0,outer_ring
1682,51.56648618228021,13.38147358297774,2258,0,outer_ring
1683,47.4962482228563,9.864081679124697,1767,0,outer_ring
1684,49.36607430116788,9.335765939790612,2046,0,outer_ring
1685,46.28552723940533,6.886551599285333,1661,0,outer_ring
1686,50.177747064065365,9.46571326771778,2154,0,outer_ring
1687,52.618427272924016,9.879203300297952,2367,0,outer_ring
1688,58.09659944881005,10.16679905766172,2650,0,outer_ring
1689,63.63208142835615,10.350531902831657,2877,0,outer_ring
1690,66.25100786396261,10.389887346360474,11153,5,text_en_1919
1691,66.30527268566486,10.358067577083084,2930,0,outer_ring
1692,72.18308226747456,10.49463605324994,4232,1,inner_ring
1693,76.05369391856244,10.484337587478649,4325,1,inner_ring
1694,74.59732382662682,10.389877102622895,4310,1,inner_ring
1695,67.51231298597489,9.678338988014644,3113,0,outer_ring
1696,68.57179686250203,4.6409270412261705,3024,0,outer_ring
1697,68.49718030661982,4.545993778328814,3008,0,outer_ring
1698,37.98274951437129,25.56434194050024,4026,1,inner_ring
1699,40.07788684554073,25.11674978898941,1515,0,outer_ring
1700,90.85349274297737,41.96396117794544,4407,1,inner_ring
1701,48.79855109397284,95.65096570425136,742,0,outer_ring
1702,49.44510610058488,96.10624623059708,676,0,outer_ring
1703,45.31432276083294,94.16026617434432,977,0,outer_ring
1704,52.56350224242117,96.53397022035604,499,0,outer_ring
1705,50.38372082102233,95.97734695636728,609,0,outer_ring
1706,46.97572159867583,94.94434526175718,879,0,outer_ring
1707,41.582119380644926,89.7641023063327,1174,0,outer_ring
1708,42.172521716834126,91.02145748394484,1137,0,outer_ring
1709,39.6487553306594,86.81150877695562,1237,0,outer_ring
1710,33.87022320611186,78.48496629084961,4991,2,octagram
1711,29.505359880027942,75.28595586464243,1372,0,outer_ring
1712,27.154938240304396,72.89769846546467,9435,5,text_en_1919
1713,26.664252656496316,72.51955004201594,1381,0,outer_ring
1714,24.728349445130444,70.03356922176451,1385,0,outer_ring
1715,22.037903540282308,60.78551297584458,3723,1,inner_ring
1716,22.01179489334424,58.768719705596055,9875,5,text_en_1919
1717,22.675516996044998,54.427882656421765,10002,5,text_en_1919
1718,23.578413966657592,52.5111897052343,10224,5,text_en_1919
1719,31.60450920124695,50.87457601016805,5257,2,octagram
1720,34.02316387116609,51.25622543385212,5206,2,octagram
1721,36.06447306204807,50.73843578770139,5324,2,octagram
1722,41.96580311410629,52.20324844157251,6956,3,stroke_nan
1723,40.82962516622472,51.83076272675339,6793,3,stroke_nan
1724,47.825830129172175,54.52851538762263,6797,3,stroke_nan
1725,51.93627752736349,55.59857997259351,6645,3,stroke_nan
1726,50.96111698541823,55.574583260658976,5002,2,octagram
1727,57.120479664013885,55.804864192682174,4756,2,octagram
1728,58.31914747376271,56.710873478536776,4709,2,octagram
1729,61.575786002671926,65.80296204930652,9137,5,text_en_1919
1730,61.59645157882578,64.214819374402,9302,5,text_en_1919
1731,61.68131303325382,67.64600427923517,8964,5,text_en_1919
1732,56.86301534574745,55.73821409468632,4790,2,octagram
1733,55.80554401147175,52.07994415525148,7723,4,stroke_kai
1734,51.4385090421148,44.50433786203307,7334,3,stroke_nan
1735,48.763712202990845,40.05359746801168,5633,2,octagram
1736,49.69215576016227,42.46201626010481,7488,3,stroke_nan
1737,52.11279088912153,45.285927429919646,7215,3,stroke_nan
1738,46.104995856645886,36.85607499525305,5604,2,octagram
1739,43.2920300699593,33.1406870958677,5791,2,octagram
1740,41.5619162125565,32.07933141426308,5744,2,octagram
1741,35.500346090889906,30.39673381452725,7366,3,stroke_nan
1742,34.05686467525369,30.87509876276073,7325,3,stroke_nan
1743,29.65346408354484,35.16253542603761,10576,5,text_en_1919
1744,35.141001059523425,43.63783327019136,7088,3,stroke_nan
1745,34.57487524175046,42.94279020559136,7192,3,stroke_nan
1746,36.35516655744771,50.53902848778992,5337,2,octagram
1747,29.52826761664272,34.39715414383821,10600,5,text_en_1919
1748,31.032774592878457,31.926055797319247,5494,2,octagram
1749,29.70184050308653,30.291982529792087,10764,5,text_en_1919
1750,32.87182410307672,26.07836814526321,1410,0,outer_ring
1751,36.94086781771258,25.43359215930867,4008,1,inner_ring
1752,40.10288838739642,25.140801962334677,1517,0,outer_ring
1753,46.495667933973415,27.90264754079041,4076,1,inner_ring
1754,47.68033889607356,29.09236532185959,4085,1,inner_ring
1755,50.62482574927222,33.335196891191,7496,3,stroke_nan
1756,50.32641151567206,32.69691490698895,7548,3,stroke_nan
1757,53.1624249725281,36.86953923320716,5902,2,octagram
1758,56.28874914523264,41.69348110421039,8403,4,stroke_kai
1759,55.54751415651035,40.943343580608655,8544,4,stroke_kai
1760,60.94119619443652,45.146789899719,8202,4,stroke_kai
1761,63.107275323717246,46.21071036764787,6446,2,octagram
1762,63.57381659537205,46.447931086249056,7980,4,stroke_kai
1763,63.68033040219036,46.50676316429894,8021,4,stroke_kai
1764,68.83495012075657,49.389449063734936,6490,2,octagram
1765,71.75089965169114,62.35106852384907,7753,4,stroke_kai
1766,71.83352301443563,61.49640098356599,7810,4,stroke_kai
1767,70.94497066256591,67.01038894155349,4550,2,octagram
1768,47.984882980463176,79.67460502253992,1008,0,outer_ring
1769,49.27801206546676,84.97273817147371,842,0,outer_ring
1770,52.432998446487794,85.46488134899215,510,0,outer_ring
1771,54.89368913362596,86.10108580041909,418,0,outer_ring
1772,56.43364901942554,86.42203985836916,326,0,outer_ring
1773,56.46654346158513,86.18793138849463,8639,5,text_en_1919
1774,56.33992464554497,83.9815285589797,9013,5,text_en_1919
1775,53.20298582527394,80.31529376806819,3521,1,inner_ring
1776,50.21326285292363,78.94159296226057,9230,5,text_en_1919
1777,48.36368170108255,78.00334735774099,6606,3,stroke_nan
1778,47.72150331370311,78.07742540870973,4919,2,octagram
1779,29.925349648926595,60.42238104610746,6759,3,stroke_nan
1780,29.45564795817464,61.62354062799324,3710,1,inner_ring
1781,30.207004107970132,62.39542381882619,5085,2,octagram
1782,60.1305009026035,99.71928510556089,229,0,outer_ring
1783,59.138779113794406,99.6389632811221,260,0,outer_ring
1784,63.36078070354779,98.6861274350242,160,0,outer_ring
1785,67.6111983686955,95.25308611745848,8589,5,text_en_1919
1786,69.85213864928316,93.08445080559906,19,0,outer_ring
1787,73.2869392813159,85.09650742396042,9342,5,text_en_1919
1788,72.84336222158116,85.52698640629838,3434,1,inner_ring
1789,74.9331910638836,80.63439481905294,4630,2,octagram
1790,76.1637176856787,77.3890750834698,4602,2,octagram
1791,77.30952598455677,74.29848286526388,9527,5,text_en_1919
1792,79.44859651168119,68.37576410910515,9694,5,text_en_1919
1793,80.5045815391602,65.51634711512636,4513,2,octagram
1794,84.38393904941414,54.01302784839294,9832,5,text_en_1919
1795,86.2308513624813,49.58531824528617,9911,5,text_en_1919
1796,86.47047602164612,48.76506981426863,3281,1,inner_ring
1797,88.24727145195814,46.42542887305552,10032,5,text_en_1919
1798,89.22868938386674,44.045888074975394,10134,5,text_en_1919
1799,95.4205879941421,37.81043786087021,10272,5,text_en_1919
1800,97.70895653467662,34.982110733901074,10558,5,text_en_1919
1801,98.07625170706814,34.412728283745366,10747,5,text_en_1919
1802,56.75346597609733,40.93803541480051,6019,2,octagram
1803,57.85705011650782,40.21680731742212,8247,4,stroke_kai
1804,62.45535506991179,30.597765605755598,8419,4,stroke_kai
1805,61.4295007555028,32.34997171481713,8450,4,stroke_kai
1806,64.40633219812614,24.85445793702964,6223,2,octagram
1807,64.43156201122781,24.52914770708892,6203,2,octagram
1808,71.7337022638912,22.461644499185255,6384,2,octagram
1809,73.82770902023927,22.875327277848356,4395,1,inner_ring
1810,68.83760704398118,22.19159452651858,6313,2,octagram
1811,66.65998518402004,20.704674883142804,6126,2,octagram
1812,62.51983280626076,18.94674315197993,4186,1,inner_ring
1813,62.65888805945418,19.00145430657115,6034,2,octagram
1814,57.71157945916234,18.153217353775467,11318,5,text_en_1919
1815,53.305708512097134,18.268382331486706,10953,5,text_en_1919
1816,51.23191404414382,17.74812426068249,2218,0,outer_ring
1817,51.418436871837066,17.854387096488164,2233,0,outer_ring
1818,47.80614401858541,15.26132207914494,1669,0,outer_ring
1819,46.37076137192911,14.885298255152245,1594,0,outer_ring
1820,50.67933935663556,14.652032741632349,2184,0,outer_ring
1821,51.40484325842751,14.115781304735144,2230,0,outer_ring
1822,55.41487878980881,14.004200046443849,2569,0,outer_ring
1823,56.82368762473492,12.029890712172367,2616,0,outer_ring
1824,51.993552046278765,12.74963173334568,2325,0,outer_ring
1825,49.40554856690685,10.145965398645494,2048,0,outer_ring
1826,47.78240916233451,9.442558931767053,1849,0,outer_ring
1827,46.59343031234364,7.532080783884048,1690,0,outer_ring
1828,48.83158149879243,9.378834372040629,1969,0,outer_ring
1829,51.8348156495564,9.65465156958475,2295,0,outer_ring
1830,55.65364057183287,9.953035134250385,2559,0,outer_ring
1831,62.35839219949473,10.307372555603209,2837,0,outer_ring
1832,62.17514107159851,10.323948254121303,2830,0,outer_ring
1833,65.75477807464014,10.368428736838226,2913,0,outer_ring
1834,68.98305059553229,8.880860312175166,3197,0,outer_ring
1835,73.78442556020354,10.430847631534313,4287,1,inner_ring
1836,76.39588875640314,10.556274419355084,4329,1,inner_ring
1837,68.61543216053335,5.662841283800589,3076,0,outer_ring
1838,68.19380991627699,7.7094985279253265,3132,0,outer_ring
1839,68.27053056877214,4.93459542466919,2987,0,outer_ring
1840,38.642736216659664,25.30276121960042,5770,2,octagram
1841,38.57145413437182,25.41661910101652,4046,1,inner_ring
1842,93.24808761038796,40.17570666059326,10445,5,text_en_1919
1843,48.86464092283119,95.61800255447932,734,0,outer_ring
1844,47.525512829436224,95.2075701633901,817,0,outer_ring
1845,43.45253842478855,92.24436946502884,1094,0,outer_ring
1846,54.71345722122997,97.25262429777096,403,0,outer_ring
1847,49.509027972847775,95.81742301072472,672,0,outer_ring
1848,44.553010902300514,93.57178397263552,1043,0,outer_ring
1849,41.57879634018214,89.72426621554908,1175,0,outer_ring
1850,39.980546942540485,87.43182743284562,1222,0,outer_ring
1851,40.383740081777546,88.00781485361094,1205,0,outer_ring
1852,37.394075408781504,83.16722803404159,1289,0,outer_ring
1853,30.39194184792185,75.81324192674228,9381,5,text_en_1919
1854,27.47581128671237,73.19977463779293,9433,5,text_en_1919
1855,26.704342016281576,72.445533069517,9484,5,text_en_1919
1856,22.545974199581817,64.78467271859296,9632,5,text_en_1919
1857,22.127334995461094,62.874875076537336,9698,5,text_en_1919
1858,22.10328975707565,57.90298838640696,9907,5,text_en_1919
1859,23.90650893924154,52.45952554040362,10150,5,text_en_1919
1860,27.804835113921136,50.902819656534525,3810,1,inner_ring
1861,31.832011412100265,51.02405946227742,5221,2,octagram
1862,34.33032991870343,51.17462677104632,5298,2,octagram
1863,33.87103542584374,51.363768789902224,3727,1,inner_ring
1864,42.31076171430954,52.34214142496581,6946,3,stroke_nan
1865,40.98185200897216,51.673978010263696,6896,3,stroke_nan
1866,44.55603750549111,53.0704438299918,6866,3,stroke_nan
1867,52.145080902016645,55.39583368625426,6860,3,stroke_nan
1868,55.15935497719981,55.90969098459432,4818,2,octagram
1869,58.06865082147945,57.104461209069605,3478,1,inner_ring
1870,58.792155228065496,57.65082514793566,3454,1,inner_ring
1871,61.41305332122288,64.98791417492795,9207,5,text_en_1919
1872,62.00816609314762,67.92967186732864,8934,5,text_en_1919
1873,61.81611725396997,68.26826583288975,8828,5,text_en_1919
1874,58.71003131870066,57.04616742390236,7971,4,stroke_kai
1875,53.95663159067963,48.20398354348789,6983,3,stroke_nan
1876,51.57925164654131,44.93818631095934,7195,3,stroke_nan
1877,47.37881964365671,37.71071822064618,5646,2,octagram
1878,48.92429761172463,40.40732651648425,7563,3,stroke_nan
1879,51.61598128224989,44.83936770896671,7230,3,stroke_nan
1880,44.31849463034511,34.94367667725758,5695,2,octagram
1881,40.86434011886408,31.79357073434116,5759,2,octagram
1882,36.124951217874624,30.663524185718934,7239,3,stroke_nan
1883,33.11398752744799,31.5708069045103,5422,2,octagram
1884,33.716987829817185,31.013840077639305,5550,2,octagram
1885,29.693321007857197,35.40802139443562,10569,5,text_en_1919
1886,31.681893002153195,39.19900032277463,5407,2,octagram
1887,36.7347670521784,46.22763315721588,7118,3,stroke_nan
1888,38.56977482826272,49.861329928539,6895,3,stroke_nan
1889,29.631102757876924,33.203236351621086,10631,5,text_en_1919
1890,30.12191577638682,32.00495385075375,3878,1,inner_ring
1891,30.59643346147797,28.057255898984987,5510,2,octagram
1892,32.87091089877012,26.243608872183252,10814,5,text_en_1919
1893,37.20680051723491,25.493836229378797,4019,1,inner_ring
1894,41.89076102417478,25.108537587951567,11190,5,text_en_1919
1895,41.90752281868775,25.19169327774234,11105,5,text_en_1919
1896,48.24170914174044,29.73856101472152,4096,1,inner_ring
1897,50.14230658670347,32.10951673903219,5878,2,octagram
1898,52.40891456186587,35.80585269379641,4106,1,inner_ring
1899,54.02500504475466,38.34474102581499,4134,1,inner_ring
1900,55.8202448373447,40.59718072404331,5953,2,octagram
1901,55.44185974465232,40.82273700265554,8561,4,stroke_kai
1902,59.93189946972221,44.71782328793703,8146,4,stroke_kai
1903,63.59577468536786,46.42128463520493,8012,4,stroke_kai
1904,66.27809578060365,47.35212130638329,7922,4,stroke_kai
1905,66.70190525224936,47.572546852746655,7831,4,stroke_kai
1906,71.55447526869781,59.04773211561923,7839,4,stroke_kai
1907,71.40984799315102,57.43703792254041,4453,2,octagram
1908,71.77016782685077,61.84422477069239,7795,4,stroke_kai
1909,70.7826084469784,66.71991993557535,7686,4,stroke_kai
1910,47.672000191788506,78.3527473904494,4935,2,octagram
1911,47.78321410354865,83.06689392992848,995,0,outer_ring
1912,51.63624266412384,85.58799841860422,604,0,outer_ring
1913,52.36212755004937,85.59501260074569,511,0,outer_ring
1914,54.36474909483648,85.79165487974808,8677,5,text_en_1919
1915,56.356712958405495,84.33793357967681,8930,5,text_en_1919
1916,56.7419694883036,85.58139229588414,8696,5,text_en_1919
1917,52.235531507863925,79.74267404964093,8596,5,text_en_1919
1918,51.06589078184872,78.82168799146201,4847,2,octagram
1919,49.46555287592922,78.58569429855453,3564,1,inner_ring
1920,48.82727234930773,78.32896466427135,3571,1,inner_ring
1921,29.516469051646222,61.443650605847786,5136,2,octagram
1922,30.74333947925248,62.545528702154215,5041,2,octagram
1923,30.580468152161025,62.35857817452538,5080,2,octagram
1924,57.19597621580468,99.18880197453436,286,0,outer_ring
1925,60.68451221660766,99.46923816530467,213,0,outer_ring
1926,67.83610407619443,95.13150926532307,49,0,outer_ring
1927,70.06802168438568,92.49575715321534,8731,5,text_en_1919
1928,71.45653121895305,89.95327766710645,8754,5,text_en_1919
1929,72.12301920630743,87.92431504246639,8945,5,text_en_1919
1930,72.7136635744191,86.07680249762798,9042,5,text_en_1919
1931,75.0033174406241,80.90027249485172,3402,1,inner_ring
1932,77.76136509146701,72.59276614951884,3355,1,inner_ring
1933,77.4366756054624,73.91396447459618,9520,5,text_en_1919
1934,79.72199122369932,67.69947460259401,3337,1,inner_ring
1935,83.04571554103978,57.65695881300427,9788,5,text_en_1919
1936,84.1199035527436,54.29386015781632,6568,2,octagram
1937,86.41536008524182,48.71178914457522,6536,2,octagram
1938,86.65896572858091,48.58463617838488,9951,5,text_en_1919
1939,87.72450462689469,46.91335928316556,9852,5,text_en_1919
1940,88.70312827076626,45.32790577899135,10054,5,text_en_1919
1941,94.77789625322278,38.640311768092616,10234,5,text_en_1919
1942,98.08735612352302,34.63093912593067,10587,5,text_en_1919
1943,96.79452572113888,35.681876295280496,10681,5,text_en_1919
1944,56.67749489042435,41.831983735396925,8328,4,stroke_kai
1945,58.8882871124139,39.03006909255389,8249,4,stroke_kai
1946,61.43118310098235,32.625034639457546,8359,4,stroke_kai
1947,62.11869437314324,30.94806092049898,8477,4,stroke_kai
1948,64.45496766949468,24.497871199739382,6207,2,octagram
1949,64.31199725875041,24.92178162256832,6201,2,octagram
1950,69.94985320217235,22.2120766352025,8298,4,stroke_kai
1951,73.60396404166582,22.81834127003379,4382,1,inner_ring
1952,67.40433240324262,21.51416742240447,6294,2,octagram
1953,66.83809059031977,20.701641853558208,6132,2,octagram
1954,62.6331016783984,18.93690820343271,10909,5,text_en_1919
1955,60.70166758624391,18.66941138505361,2825,0,outer_ring
1956,59.683129464088765,18.450210286978407,2764,0,outer_ring
1957,53.26048314556503,18.13283753103036,10995,5,text_en_1919
1958,53.61732024844322,18.16262839820665,11017,5,text_en_1919
1959,48.61679335111652,16.406081823774933,1810,0,outer_ring
1960,48.467535114537895,16.5086144211423,1795,0,outer_ring
1961,46.49629076821237,15.00789523495942,1599,0,outer_ring
1962,50.17530774901631,14.646774489198854,2142,0,outer_ring
1963,51.48750997100058,13.604692721754,2245,0,outer_ring
1964,52.13807345910856,14.492521807975535,2335,0,outer_ring
1965,56.71752451039968,12.5525341693601,2611,0,outer_ring
1966,51.5331039675286,13.729859766565149,2253,0,outer_ring
1967,47.4361082618814,9.948908250842862,1756,0,outer_ring
1968,49.02519700274283,9.404911072314365,1993,0,outer_ring
1969,49.34263614265443,8.398961874944128,2050,0,outer_ring
1970,49.476339321787655,9.335858979880918,2058,0,outer_ring
1971,53.49735658084693,10.478461621515116,2460,0,outer_ring
1972,58.76914729701067,10.38046692350769,2687,0,outer_ring
1973,59.18574290236517,10.401964735652411,2709,0,outer_ring
1974,63.5543143749684,10.438235799753429,2873,0,outer_ring
1975,64.97012365078626,10.517701160289027,2888,0,outer_ring
1976,70.23286471454753,9.806374307656611,6102,2,octagram
1977,77.50455279259813,10.362702678775165,10679,5,text_en_1919
1978,72.94145810655948,10.442572029047255,4256,1,inner_ring
1979,67.46321557007202,9.707601967680157,3096,0,outer_ring
1980,68.21411224721069,7.903325046987376,3154,0,outer_ring
1981,68.32776501240417,6.006009793953979,3038,0,outer_ring
1982,36.29116475554517,25.23835391668326,1439,0,outer_ring
1983,39.94189300430595,25.180487836296145,1503,0,outer_ring
1984,92.86651386990944,40.65570748041801,10332,5,text_en_1919
1985,49.11849897018539,95.89838944238775,707,0,outer_ring
1986,47.34394641342663,95.20613900560964,833,0,outer_ring
1987,45.05113377930192,93.77335703906375,1016,0,outer_ring
1988,52.39242052402033,96.33464299503612,501,0,outer_ring
1989,50.677436706750775,96.2335823990479,582,0,outer_ring
1990,45.50973085582796,94.39796821143858,962,0,outer_ring
1991,43.51610041000101,92.54643952939684,1085,0,outer_ring
1992,41.99755901735358,90.51308321901526,1146,0,outer_ring
1993,39.70069495451969,86.9434498982759,1235,0,outer_ring
1994,35.98919980214114,80.91697187366572,1336,0,outer_ring
1995,29.70451728319973,75.36549438439751,9340,5,text_en_1919
1996,31.882009826756253,76.8874182790113,3635,1,inner_ring
1997,24.786560224561185,69.88736954755409,9473,5,text_en_1919
1998,23.35285899472564,67.46135844502294,9518,5,text_en_1919
1999,22.336314242386383,64.00952595737836,9656,5,text_en_1919
2000,22.174485020895183,56.100281081043406,9952,5,text_en_1919
2001,23.886721155930932,52.330779521629104,10154,5,text_en_1919
2002,27.23053586524368,50.97965021264839,3804,1,inner_ring
2003,32.0862849853083,50.946593348264585,5261,2,octagram
2004,30.486145715798223,50.93974763240623,5234,2,octagram
2005,33.07325349217416,50.98972406473689,5273,2,octagram
2006,38.80949553522586,49.92293692948107,6932,3,stroke_nan
2007,42.05469901445967,52.25226551337951,6957,3,stroke_nan
2008,47.63649524366351,54.60450977329638,6630,3,stroke_nan
2009,49.27425350229444,55.17893917086676,5015,2,octagram
2010,55.79130738674936,56.07221977412998,4808,2,octagram
2011,58.04413779303097,57.1221289094781,3479,1,inner_ring
2012,58.502742427954814,57.40269818464014,3460,1,inner_ring
2013,60.18245153396454,59.49184226267596,7925,4,stroke_kai
2014,61.78696143365019,67.95597610098613,8874,5,text_en_1919
2015,61.697969617226974,67.91641335335677,8862,5,text_en_1919
2016,57.09376769063692,55.85205579109423,4753,2,octagram
2017,53.15850913128283,47.08628280765233,7105,3,stroke_nan
2018,53.041661300021374,46.613349812227895,7140,3,stroke_nan
2019,48.6055481670837,40.05366660087488,5623,2,octagram
2020,49.100498679514736,41.163178050628886,7509,3,stroke_nan
2021,52.05310943191732,45.38213487061506,7174,3,stroke_nan
2022,44.76436165847109,35.6355429729219,5581,2,octagram
2023,41.54953358115874,32.20369993290729,5733,2,octagram
2024,35.66786650427899,30.416839547628317,7283,3,stroke_nan
2025,36.27434497513816,30.39513416955535,7328,3,stroke_nan
2026,31.54052487395072,31.92731910604936,5466,2,octagram
2027,29.67508334711337,33.48653364184146,3863,1,inner_ring
2028,32.36015364008537,39.98966168007237,5395,2,octagram
2029,37.45029895399607,47.50873195076674,7112,3,stroke_nan
2030,38.484262075475726,49.38639186543466,7057,3,stroke_nan
2031,29.4738703070587,35.13676051404069,10590,5,text_en_1919
2032,31.153182292073637,32.03961775862484,5478,2,octagram
2033,29.58404532410053,30.068575051337447,10791,5,text_en_1919
2034,31.127123115019987,27.627278100776103,5524,2,octagram
2035,36.41241334303623,25.06826369961771,1450,0,outer_ring
2036,39.77443678070456,25.161297491266964,1492,0,outer_ring
2037,46.41823925110233,27.78025968503213,4074,1,inner_ring
2038,44.78078802591806,26.195223087124603,11239,5,text_en_1919
2039,48.723871224021806,30.754043459092408,5847,2,octagram
2040,52.44568568579613,35.793103109228824,4107,1,inner_ring
2041,53.25754836577093,36.92977080271102,5911,2,octagram
2042,55.45978039391235,40.906699808745714,8551,4,stroke_kai
2043,56.60015843804492,41.04554388490732,5997,2,octagram
2044,61.24754421745155,45.53922513166413,8057,4,stroke_kai
2045,60.89489753145287,45.21910604850545,8156,4,stroke_kai
2046,66.84380581883799,47.36616329454617,7966,4,stroke_kai
2047,66.77640329144697,47.50846412654732,7837,4,stroke_kai
2048,71.16551515193154,56.25524090877872,4446,2,octagram
2049,71.25674367109377,56.691023461213646,4449,2,octagram
2050,70.43369753543618,67.6888478524761,7623,4,stroke_kai
2051,68.39279584200105,69.73362079324275,7591,4,stroke_kai
2052,47.73944504237635,78.14831289004283,4921,2,octagram
2053,47.47750131446789,82.02984285671388,8812,5,text_en_1919
2054,52.09085726723864,85.59058284964493,533,0,outer_ring
2055,54.96766158452674,85.98167170759368,8668,5,text_en_1919
2056,53.48615964549033,85.6229786496594,497,0,outer_ring
2057,56.46403308380899,85.18189413836444,8768,5,text_en_1919
2058,56.3389821749315,83.8809761518576,9047,5,text_en_1919
2059,55.0312790428718,81.65712867778294,3507,1,inner_ring
2060,50.73228191229036,78.88779261987456,3552,1,inner_ring
2061,48.59127039182452,78.0206826929288,6625,3,stroke_nan
2062,48.89808617009424,78.23112954050683,4891,2,octagram
2063,30.671660270896066,61.89973600988748,6604,3,stroke_nan
2064,29.622386485211607,61.52504510469249,5132,2,octagram
2065,30.32372355094544,61.17490428128035,6690,3,stroke_nan
2066,59.61571702381769,99.59276106362276,247,0,outer_ring
2067,62.983275202053896,98.9060838413848,171,0,outer_ring
2068,64.49507758327871,98.11895160569676,111,0,outer_ring
2069,69.41378494101322,93.59226993643772,34,0,outer_ring
2070,68.91127722757754,93.83510809201564,8606,5,text_en_1919
2071,73.37767593324017,84.69932453720449,3423,1,inner_ring
2072,74.93350857650043,80.79571339050193,4633,2,octagram
2073,75.80557319144063,78.69043293525945,9461,5,text_en_1919
2074,76.37701220676755,77.07722555459003,3379,1,inner_ring
2075,79.08333568387462,69.25189632495291,9684,5,text_en_1919
2076,80.47754724813595,65.76804947418394,3335,1,inner_ring
2077,82.60597596713475,59.14089251507731,9747,5,text_en_1919
2078,82.64790890239075,58.90454390728922,9760,5,text_en_1919
2079,85.15587843626054,52.13610939424252,9947,5,text_en_1919
2080,87.14846108328803,47.35754010541437,9985,5,text_en_1919
2081,89.31257818432192,44.02463314710659,10056,5,text_en_1919
2082,88.76456102249833,44.89185945698915,3247,1,inner_ring
2083,92.47354841972086,40.974932724859606,10423,5,text_en_1919
2084,97.26396511589972,35.16114626940237,10692,5,text_en_1919
2085,97.1046915187752,35.64612828266139,10499,5,text_en_1919
2086,56.36149232377197,40.54461648564166,6001,2,octagram
2087,57.47377742262159,41.25231126927709,8157,4,stroke_kai
2088,62.25109916684725,30.783232275727396,8479,4,stroke_kai
2089,61.841064407363504,31.898094013141552,8394,4,stroke_kai
2090,63.48970894189747,28.15671460244776,8470,4,stroke_kai
2091,64.65188537694789,24.19699154975225,6237,2,octagram
2092,73.79273303400382,22.80910523898508,4385,1,inner_ring
2093,69.64225446439752,22.398795737105004,8227,4,stroke_kai
2094,67.70905441003181,21.734065049373196,6302,2,octagram
2095,67.42611244010334,21.33100718023265,6293,2,octagram
2096,64.62229937472719,19.651270021138664,6052,2,octagram
2097,62.434510971875824,18.93734675596968,4185,1,inner_ring
2098,59.37347021095557,18.35880928074202,2742,0,outer_ring
2099,52.79558750500251,18.245213741452343,2395,0,outer_ring
2100,53.12561518658298,18.07075112526845,2405,0,outer_ring
2101,49.00391557070236,16.847559755268406,1926,0,outer_ring
2102,49.1148774147289,16.902529464869023,1939,0,outer_ring
2103,45.68005487911957,14.107065006005207,1568,0,outer_ring
2104,49.927245437810285,14.6389513524354,2110,0,outer_ring
2105,50.19578436581148,14.716447650065897,2148,0,outer_ring
2106,54.85576379365526,14.39007899929372,2524,0,outer_ring
2107,56.79258836440444,12.896914182581092,2624,0,outer_ring
2108,51.52011478542141,13.727209346538402,2252,0,outer_ring
2109,48.22461577268455,10.412127479849012,1896,0,outer_ring
2110,48.15258842577703,10.20762563505508,1887,0,outer_ring
2111,46.716386182120026,7.707799259864146,1705,0,outer_ring
2112,48.9177187983081,9.376367523717336,1978,0,outer_ring
2113,52.74542292785022,11.306499901448262,2381,0,outer_ring
2114,58.38878578871484,10.119772149290569,2666,0,outer_ring
2115,60.93709126032424,10.366269296289474,2768,0,outer_ring
2116,62.06863122069255,10.374775698519628,2824,0,outer_ring
2117,67.40704802394859,9.87994866514898,11166,5,text_en_1919
2118,73.71536475129432,10.40400710139538,4281,1,inner_ring
2119,73.73984394937699,10.523003199199543,4289,1,inner_ring
2120,77.8998333090354,10.543828936966044,10691,5,text_en_1919
2121,68.62867271450455,5.556589273318181,3072,0,outer_ring
2122,68.41870878414316,3.381409651346757,2943,0,outer_ring
2123,68.51241704096495,3.7520949074987087,2983,0,outer_ring
2124,36.02402628832978,25.21757853838736,1426,0,outer_ring
2125,38.47678702711087,25.41499501699065,4044,1,inner_ring
2126,91.1850930149328,41.730115737687846,10455,5,text_en_1919
2127,50.84622559906855,96.38297579181612,560,0,outer_ring
2128,49.40045263187948,95.92261993743948,683,0,outer_ring
2129,43.19411906335164,92.07825228669483,1117,0,outer_ring
2130,56.90105876837511,98.83922090223068,303,0,outer_ring
2131,50.94363455016337,96.14062258371172,554,0,outer_ring
2132,44.77867861447665,93.55453270144956,1033,0,outer_ring
2133,41.470279463903296,89.79373063090802,1179,0,outer_ring
2134,41.162785858862335,89.11511715258948,1195,0,outer_ring
2135,39.09040107373186,85.9399477795751,1258,0,outer_ring
2136,37.04166108566736,82.76072192224522,1299,0,outer_ring
2137,31.693977016658305,76.73517777456001,3637,1,inner_ring
2138,28.19464381859576,73.96763597108259,9325,5,text_en_1919
2139,23.938695337331232,68.44263965637072,9514,5,text_en_1919
2140,22.57911248423423,65.14814093879288,9589,5,text_en_1919
2141,21.935553110038043,59.257900635184825,9791,5,text_en_1919
2142,22.062417764767105,60.72770595327528,3724,1,inner_ring
2143,22.58308454453612,54.92224972314187,9996,5,text_en_1919
2144,24.19843687773365,52.03815584925984,10159,5,text_en_1919
2145,28.52947463195567,50.95160253704714,3772,1,inner_ring
2146,30.969807539989823,51.03034777465809,3742,1,inner_ring
2147,34.73791903999587,51.29700079786067,5186,2,octagram
2148,39.75061746746096,50.78559447704778,7023,3,stroke_nan
2149,43.19147648165268,52.73398303278559,6752,3,stroke_nan
2150,45.0901968516082,53.39865260088654,6879,3,stroke_nan
2151,51.87084678157751,55.58464188916514,6637,3,stroke_nan
2152,53.82573300585328,55.84666118737599,6679,3,stroke_nan
2153,57.20823227385008,55.61610799828783,7579,4,stroke_kai
2154,58.37346480923181,56.72541471278081,4710,2,octagram
2155,60.2262029231838,59.56853043043833,7933,4,stroke_kai
2156,61.48569579566414,64.1325794255657,9273,5,text_en_1919
2157,61.66678720942852,65.62892359096585,9180,5,text_en_1919
2158,57.141095737197695,55.75033003095248,4754,2,octagram
2159,54.360702183713336,48.99029201893476,4833,2,octagram
2160,51.230674555604594,44.43012386601416,7297,3,stroke_nan
2161,46.718148022873,37.36132047542117,5618,2,octagram
2162,48.82774733508551,39.91851013684824,7576,3,stroke_nan
2163,51.557948994084086,44.889520453650064,7210,3,stroke_nan
2164,44.25310595221311,34.752943942207224,5703,2,octagram
2165,40.881837807263445,32.011540870765856,5572,2,octagram
2166,41.703546790797375,32.063418326756164,5755,2,octagram
2167,36.27725902231634,30.466928689057696,7311,3,stroke_nan
2168,32.920964965722426,31.626941772284408,5427,2,octagram
2169,29.85371810460232,36.37377819450094,3842,1,inner_ring
2170,35.86530276455223,44.81869919803986,7091,3,stroke_nan
2171,34.52642077285361,42.85473235207161,7206,3,stroke_nan
2172,36.22506653569893,50.59550344003758,5333,2,octagram
2173,29.44128032559689,34.7878661401636,10589,5,text_en_1919
2174,29.544534527817834,31.135328160578737,10735,5,text_en_1919
2175,29.69953525985144,29.692345927934618,10794,5,text_en_1919
2176,33.85853769385814,25.82532819104626,10851,5,text_en_1919
2177,37.17803960731157,25.176562399458145,11280,5,text_en_1919
2178,41.90617414392564,25.147536572983327,11117,5,text_en_1919
2179,42.25558697444999,25.325072489536623,10936,5,text_en_1919
2180,49.21870474279512,30.728645120453024,5864,2,octagram
2181,48.81436310226466,30.381210856134928,5846,2,octagram
2182,50.9269446544566,33.57525073635033,7504,3,stroke_nan
2183,52.6105999025696,36.03416933574398,4117,1,inner_ring
2184,55.54863117993147,40.644816825054775,5938,2,octagram
2185,56.20177266069403,41.64528508736811,8434,4,stroke_kai
2186,60.52753703786911,45.1613618325957,8082,4,stroke_kai
2187,64.2529119775132,46.43162294757206,8014,4,stroke_kai
2188,65.91758839235455,47.117028647777,7947,4,stroke_kai
2189,66.70442350912936,47.58796556420911,7770,4,stroke_kai
2190,70.22339096506425,52.383620245627455,6511,2,octagram
2191,71.93852623020848,61.58688418718856,7817,4,stroke_kai
2192,71.78079455441873,62.71948212196321,7744,4,stroke_kai
2193,66.68196887046192,69.37234005158989,7678,4,stroke_kai
2194,47.27459145453413,79.59641149180533,3584,1,inner_ring
2195,49.27065604462527,84.78740263466962,856,0,outer_ring
2196,52.51526314177116,85.45049497972775,509,0,outer_ring
2197,55.021145902240654,86.29585529547742,410,0,outer_ring
2198,55.93638006358455,86.33658790282979,382,0,outer_ring
2199,56.6238100056502,85.6476558933607,8640,5,text_en_1919
2200,56.44425967707389,84.69340015240707,8870,5,text_en_1919
2201,52.83732775478225,79.8997921959519,4797,2,octagram
2202,53.26678097542335,80.17576718750266,3520,1,inner_ring
2203,50.53904190629874,78.92120768573156,9173,5,text_en_1919
2204,46.95731331933221,79.57741711840532,3599,1,inner_ring
2205,29.476574164602223,61.639581590319885,3708,1,inner_ring
2206,30.4450968717104,62.47955252035612,5068,2,octagram
2207,29.90413082575015,62.325759603628505,3690,1,inner_ring
2208,57.5728774515001,99.41008491762352,279,0,outer_ring
2209,59.27400492438868,99.71535664887396,255,0,outer_ring
2210,64.58108593870871,98.15311907896933,108,0,outer_ring
2211,69.89459755754852,92.75373086851512,8681,5,text_en_1919
2212,71.83654027634705,89.0291069837978,8855,5,text_en_1919
2213,73.32059477779117,85.0255177596029,9347,5,text_en_1919
2214,73.75265818359148,84.09055602895052,9415,5,text_en_1919
2215,76.37901091377239,76.90925351727196,3377,1,inner_ring
2216,77.82586772692457,72.58419101210124,9585,5,text_en_1919
2217,78.8043878224781,69.81204303352371,3344,1,inner_ring
2218,81.3525258200934,63.156080343353885,9710,5,text_en_1919
2219,80.28705477582666,65.78087203907481,4514,2,octagram
2220,82.79553635411654,58.111424075707234,4435,2,octagram
2221,84.70850056142271,53.60492320311984,9774,5,text_en_1919
2222,85.8057219290788,50.81547955940378,9816,5,text_en_1919
2223,87.8938982699249,46.40202182616815,3248,1,inner_ring
2224,89.65533663716194,43.38030225724365,10058,5,text_en_1919
2225,94.89790598949412,38.2798106412733,10320,5,text_en_1919
2226,95.47442221912844,37.39637319313472,10450,5,text_en_1919
2227,96.40005306807151,36.107264466492985,10664,5,text_en_1919
2228,56.40001723790505,40.65614839638654,6002,2,octagram
2229,57.42319718429985,40.72096829493957,8239,4,stroke_kai
2230,60.28397019892903,35.46720910000228,8330,4,stroke_kai
2231,62.07370213680294,31.41780372087991,8346,4,stroke_kai
2232,64.03286736638627,25.987890503544712,6214,2,octagram
2233,65.15694081772142,23.626761422892628,6247,2,octagram
2234,73.1480399002215,22.62584971253674,6345,2,octagram
2235,73.24012831192465,23.007740733886106,4402,1,inner_ring
2236,66.77128267969329,20.835016199606777,6139,2,octagram
2237,65.6698527010701,19.859909676326083,6111,2,octagram
2238,65.24620341242743,19.75779069802448,4210,1,inner_ring
2239,62.721520450560455,18.968229667773024,4190,1,inner_ring
2240,57.34791876999935,18.103711485827827,11313,5,text_en_1919
2241,54.1667254815663,18.182304964293863,11035,5,text_en_1919
2242,51.34560483770843,17.729202423824198,2225,0,outer_ring
2243,48.12997127250603,16.343906204207244,1727,0,outer_ring
2244,48.41426088852076,16.469291521256828,1784,0,outer_ring
2245,46.93581088052232,15.28856065601613,1613,0,outer_ring
2246,47.92844674030863,15.422091099190167,1709,0,outer_ring
2247,51.72176650022844,13.561552858845909,2288,0,outer_ring
2248,54.71351135826042,14.376639663916867,2516,0,outer_ring
2249,54.48007359317077,14.578529479797991,2499,0,outer_ring
2250,51.63343519479567,13.89645042495914,2269,0,outer_ring
2251,49.81477332051523,9.682300089090605,2113,0,outer_ring
2252,47.59029526789468,10.13827798459564,1775,0,outer_ring
2253,48.09223154118365,7.3083307742535695,1907,0,outer_ring
2254,47.74048121729284,9.47318654805646,1843,0,outer_ring
2255,51.0259293179108,9.47724725155578,2204,0,outer_ring
2256,55.70060289539257,9.891742475613007,2561,0,outer_ring
2257,58.940541070756765,10.239762158508434,2691,0,outer_ring
2258,61.23078686710704,10.459843938848294,2783,0,outer_ring
2259,65.51725060541473,10.43295954873384,2902,0,outer_ring
2260,73.60435487811012,10.418537243258562,4275,1,inner_ring
2261,77.84356241061704,10.45751047693723,10698,5,text_en_1919
2262,77.25762602999941,10.553707574336478,4365,1,inner_ring
2263,67.30723435142868,10.050608952228146,11091,5,text_en_1919
2264,68.61718971054167,6.324356917978278,3123,0,outer_ring
2265,68.45825539302066,3.745215931935874,2973,0,outer_ring
2266,38.81042889429493,25.314176892725403,5782,2,octagram
2267,40.49868676220446,25.081548948813023,1544,0,outer_ring
2268,90.30416817982068,42.48399472618768,10068,5,text_en_1919
2269,50.72184056097288,96.35685028644788,574,0,outer_ring
2270,49.32608873113369,95.72234892312414,694,0,outer_ring
2271,45.429195033131165,94.35895569097738,970,0,outer_ring
2272,56.63663146702077,98.4697017418884,310,0,outer_ring
2273,50.87613227920097,95.94449850623651,561,0,outer_ring
2274,44.54167617986767,93.27949479139843,1045,0,outer_ring
2275,43.17818713987417,92.08119095258196,1119,0,outer_ring
2276,39.2851271180628,86.11125090714688,1250,0,outer_ring
2277,39.75789994892234,86.9987000697729,1232,0,outer_ring
2278,34.50706769861341,79.06386998133854,4980,2,octagram
2279,30.646947462404803,76.02780522221704,9393,5,text_en_1919
2280,31.57562658875352,76.5601948988941,3638,1,inner_ring
2281,25.27557969596853,70.64949377595264,9444,5,text_en_1919
2282,22.641723504498,65.73525761822617,9535,5,text_en_1919
2283,22.024673935472805,60.91852832677365,3722,1,inner_ring
2284,21.926541217419302,59.5676640478128,9751,5,text_en_1919
2285,22.77914977192122,54.16122514246115,10008,5,text_en_1919
2286,27.21896117640309,50.790173384686746,3821,1,inner_ring
2287,27.545348181418152,51.13836244108398,3781,1,inner_ring
2288,33.34259589817259,51.07939344802815,5274,2,octagram
2289,36.07749589832637,50.737952163534615,5321,2,octagram
2290,41.16742019215467,51.72737647825726,7027,3,stroke_nan
2291,45.30394731964301,53.55907784898406,6772,3,stroke_nan
2292,47.82481220867712,54.68908443994792,6629,3,stroke_nan
2293,49.3937912602002,55.063117710541775,5021,2,octagram
2294,50.78906452747825,55.206181210721205,6594,3,stroke_nan
2295,57.138820375552655,55.89601290531045,4745,2,octagram
2296,58.00042820256012,56.22575389740195,4728,2,octagram
2297,59.58401307037936,58.70174029317419,7955,4,stroke_kai
2298,61.6800844134991,67.45533540416582,8977,5,text_en_1919
2299,61.558952291772506,63.96821876207454,9317,5,text_en_1919
2300,57.85503511079172,55.70650304673395,4743,2,octagram
2301,54.19778390038726,48.72333296287508,6693,3,stroke_nan
2302,52.32661312668468,45.58808154644132,7166,3,stroke_nan
2303,46.04065288862738,36.896713044618295,5603,2,octagram
2304,49.04675975299151,40.76168505360096,7538,3,stroke_nan
2305,51.63738456180038,45.09723693178987,7191,3,stroke_nan
2306,43.58023868441828,33.69959061103541,5725,2,octagram
2307,44.51890035868056,35.05490215374347,5690,2,octagram
2308,36.33453964139749,30.51269323758647,7310,3,stroke_nan
2309,36.81611771337726,30.79755225185493,7228,3,stroke_nan
2310,33.99091859927749,31.014675121791417,7307,3,stroke_nan
2311,29.6307377304487,35.47827070565715,10575,5,text_en_1919
2312,34.75988190561071,42.89679674879659,7207,3,stroke_nan
2313,35.37080425773637,44.012153820395966,7080,3,stroke_nan
2314,36.06038329688422,50.78494129589782,5318,2,octagram
2315,29.59774364520313,36.06811774821555,10553,5,text_en_1919
2316,30.02020743227891,32.035939572680675,10710,5,text_en_1919
2317,29.77937772482291,29.956298237690213,10765,5,text_en_1919
2318,30.2425319776177,28.592832461918803,5496,2,octagram
2319,38.39299408127373,25.09662983579332,1469,0,outer_ring
2320,40.18675460881728,25.075278373849383,1526,0,outer_ring
2321,42.52077596797197,25.245451686818303,11211,5,text_en_1919
2322,48.525609356895664,30.25451189808645,5832,2,octagram
2323,50.70221717103212,33.493229595337695,7483,3,stroke_nan
2324,50.47385732240584,33.05009729606845,7513,3,stroke_nan
2325,54.20196839025672,38.80574137990496,4146,1,inner_ring
2326,56.396097270906345,41.729591969268384,8413,4,stroke_kai
2327,55.52797672874255,40.98182811979485,8512,4,stroke_kai
2328,57.12875224290599,42.5354427612704,8118,4,stroke_kai
2329,61.13126755188351,45.3352822215147,8162,4,stroke_kai
2330,66.5819927042393,47.29373963235386,7994,4,stroke_kai
2331,65.24544404468922,47.00254148445092,7905,4,stroke_kai
2332,70.97153552401852,54.96940430281525,6519,2,octagram
2333,71.23012498792545,56.89581938106909,4457,2,octagram
2334,71.24294971666777,66.00517717560194,7646,4,stroke_kai
2335,67.23091064667821,69.50058411463874,7610,4,stroke_kai
2336,47.620381149521,79.88317334377325,9249,5,text_en_1919
2337,47.43013178505943,81.91885093114564,8856,5,text_en_1919
2338,52.044174538763166,85.73902044904209,540,0,outer_ring
2339,51.76181757939016,85.56904735782783,587,0,outer_ring
2340,56.01304073474621,86.2864321709672,373,0,outer_ring
2341,56.57652033280683,85.3235812121431,8737,5,text_en_1919
2342,56.51536601012793,84.07297101800577,9059,5,text_en_1919
2343,55.45010501725672,82.38808226730035,9130,5,text_en_1919
2344,53.4281496097217,80.4740937838138,3515,1,inner_ring
2345,50.943339134297375,78.94028818753166,3548,1,inner_ring
2346,48.51457203821229,77.92607328919982,6636,3,stroke_nan
2347,29.46473234633542,60.25122382498266,5178,2,octagram
2348,29.819545259549493,62.19906402515361,3699,1,inner_ring
2349,30.769117390759973,61.93869940100168,6605,3,stroke_nan
2350,59.32186966056205,99.6483066568729,253,0,outer_ring
2351,59.75127260419786,99.63397663117088,239,0,outer_ring
2352,62.55621229722093,99.31863837146471,190,0,outer_ring
2353,67.33602147088713,95.85407728020502,65,0,outer_ring
2354,71.67662054039081,88.89295217082875,8898,5,text_en_1919
2355,72.61195918311304,86.14878917123409,9116,5,text_en_1919
2356,73.56708816485815,84.57382868624548,9355,5,text_en_1919
2357,74.81170826389832,81.95795397400525,9368,5,text_en_1919
2358,77.39682597941453,73.32953149857664,4585,2,octagram
2359,78.7882183203194,69.94140026831136,9628,5,text_en_1919
2360,78.71493231829105,70.19119698534564,9586,5,text_en_1919
2361,83.18522307928194,57.38151591584428,9793,5,text_en_1919
2362,84.89685633928563,53.02827934909705,9782,5,text_en_1919
2363,85.79084969364146,50.82543494117373,9873,5,text_en_1919
2364,86.40936896150546,48.70575919317392,6531,2,octagram
2365,89.28874166230585,43.72759151175987,3245,1,inner_ring
2366,90.3684706847344,42.23960366047599,3235,1,inner_ring
2367,93.09675404413392,40.55560462910411,10315,5,text_en_1919
2368,95.10636678101896,38.03187454791174,10259,5,text_en_1919
2369,96.70056874597742,35.71528026840626,10658,5,text_en_1919
2370,55.75134750927124,40.55525951267997,5946,2,octagram
2371,57.94682565006244,40.07842265165682,8245,4,stroke_kai
2372,60.27734440255614,35.566771837749926,8331,4,stroke_kai
2373,63.515810006284966,28.218481687357883,8444,4,stroke_kai
2374,63.76144275074288,27.34828610586245,8521,4,stroke_kai
2375,64.42628764659767,24.91627851627717,6235,2,octagram
2376,72.86159868054659,22.49105177788714,6343,2,octagram
2377,72.21406385982215,22.917484524206376,6402,2,octagram
2378,70.97918096296013,22.6081711572167,6407,2,octagram
2379,65.22215157461034,19.715613308101076,10864,5,text_en_1919
2380,65.36978789334417,19.811633338269097,4214,1,inner_ring
2381,60.78137526404361,18.79774687142036,2832,0,outer_ring
2382,57.99091850303537,18.122243785538675,2697,0,outer_ring
2383,57.502228779110645,18.167662225135032,11303,5,text_en_1919
2384,52.85695971350111,18.11777384476305,2396,0,outer_ring
2385,50.73103918645269,17.808687227414698,11096,5,text_en_1919
2386,48.372706402305965,15.023860466648962,1800,0,outer_ring
2387,47.36797366833624,14.128887099692967,1634,0,outer_ring
2388,49.143174475517306,14.726140975843968,1967,0,outer_ring
2389,51.48999955340594,14.157656537657443,2246,0,outer_ring
2390,53.07226426149646,14.633316491927346,2443,0,outer_ring
2391,57.30895033128698,10.815037860804338,2639,0,outer_ring
2392,51.726491311145054,13.60783301190954,2290,0,outer_ring
2393,49.46768138340632,10.253391447237128,2052,0,outer_ring
2394,47.707389498331885,10.156000772123503,1825,0,outer_ring
2395,46.53559423685032,7.227745560156208,1688,0,outer_ring
2396,48.80430853342858,9.56831239719478,1965,0,outer_ring
2397,52.3232106313838,9.695500970355042,2338,0,outer_ring
2398,59.07307296104811,10.227865361577138,2699,0,outer_ring
2399,62.395666765970006,10.54877684377724,2841,0,outer_ring
2400,63.2292103563829,10.381486181077385,2860,0,outer_ring
2401,65.92919793001887,10.51337236837324,11174,5,text_en_1919
2402,73.76216859200515,10.503251432165229,4288,1,inner_ring
2403,75.34706891783219,10.326786776405818,10811,5,text_en_1919
2404,77.53058094737158,10.30446724057527,10694,5,text_en_1919
2405,68.59318105863741,5.8434117768116565,3085,0,outer_ring
2406,68.58202178390746,3.12249408643482,2968,0,outer_ring
2407,68.60954121868332,4.583014897379549,3027,0,outer_ring
2408,38.21468690588886,25.50469342156768,4039,1,inner_ring
2409,39.93264792597887,25.259164777799395,1498,0,outer_ring
2410,93.54260893864657,40.24606720921185,10193,5,text_en_1919
2411,50.400757193380535,96.23560337015904,605,0,outer_ring
2412,49.0186385524356,95.73426194603464,723,0,outer_ring
2413,44.98765015352928,93.78282211898184,1019,0,outer_ring
2414,54.32124736141003,97.17692322442142,419,0,outer_ring
2415,50.8773980297079,96.21928195945318,558,0,outer_ring
2416,46.9542421676107,95.09395720049082,877,0,outer_ring
2417,41.53935970842405,89.78915647353519,1176,0,outer_ring
2418,40.152787504657695,87.77385816685936,1215,0,outer_ring
2419,39.11234034885131,85.79798955895905,8776,5,text_en_1919
2420,37.12686292177053,82.81547028123927,1298,0,outer_ring
2421,30.58924216276795,76.05319955184234,1365,0,outer_ring
2422,32.11927847934953,77.26552757931105,1352,0,outer_ring
2423,23.53224507798233,67.94991910718723,9494,5,text_en_1919
2424,22.49582176177209,65.2389980882353,9556,5,text_en_1919
2425,22.45607522978864,64.36759696738963,9631,5,text_en_1919
2426,22.411243928410364,55.87732516381677,9924,5,text_en_1919
2427,24.76993876293881,51.69429159737932,10180,5,text_en_1919
2428,27.87414565579753,51.04464567397835,3783,1,inner_ring
2429,30.38584981889483,50.95918542049756,3748,1,inner_ring
2430,33.22617055274074,51.09399492229326,5266,2,octagram
2431,36.14917905769912,50.630042359081045,5332,2,octagram
2432,39.01084037282478,50.12736463913173,6924,3,stroke_nan
2433,44.50898877703133,53.21929371238611,6682,3,stroke_nan
2434,49.04258730888317,54.95360505241349,5028,2,octagram
2435,51.33519689530601,55.3103690623923,6736,3,stroke_nan
2436,55.75202695417769,55.88538041865202,4807,2,octagram
2437,57.65859543992032,56.79966778036307,3488,1,inner_ring
2438,58.30488526635947,56.56622894569836,4712,2,octagram
2439,61.72877820312138,65.61633801256188,9224,5,text_en_1919
2440,61.91068581873503,68.1918781267079,8908,5,text_en_1919
2441,61.75207148229778,66.98424107422177,9100,5,text_en_1919
2442,57.14245699506343,55.83003347048763,4748,2,octagram
2443,56.62466124141079,53.56894520656796,7676,4,stroke_kai
2444,53.280320420352254,47.10765474456575,7114,3,stroke_nan
2445,48.73703476136596,40.1117613115872,5630,2,octagram
2446,48.34934095418556,38.847248940683016,7390,3,stroke_nan
2447,49.7143708915739,42.65759900230928,7452,3,stroke_nan
2448,43.1827010822349,33.155080381667666,5788,2,octagram
2449,40.8413077015337,31.878757270236974,5747,2,octagram
2450,40.6903278616692,31.856995353948943,5742,2,octagram
2451,36.67498424490795,30.577230170831097,7284,3,stroke_nan
2452,34.4162309737453,30.454424013742734,7384,3,stroke_nan
2453,29.513291825639715,36.14880158319619,10555,5,text_en_1919
2454,34.941574599800475,43.4330860441421,7132,3,stroke_nan
2455,37.11991910992046,47.03432589025905,7103,3,stroke_nan
2456,38.44104525296189,49.57625128572524,6989,3,stroke_nan
2457,29.574429886786596,33.526780711214734,10624,5,text_en_1919
2458,31.76618568219073,31.97821866282949,5453,2,octagram
2459,29.74106422134734,30.01583074190387,10759,5,text_en_1919
2460,33.01948969513206,26.13214744424901,10843,5,text_en_1919
2461,36.09007349632171,25.34354093421443,3985,1,inner_ring
2462,40.46479513356009,25.038377794202685,1541,0,outer_ring
2463,41.948691060315305,25.211423910626408,11094,5,text_en_1919
2464,44.75458018838921,26.33893221046354,10990,5,text_en_1919
2465,50.013647571209184,32.358568366482245,5875,2,octagram
2466,52.69612940692728,36.41072276037728,5880,2,octagram
2467,54.11384391556763,38.58881644855696,4140,1,inner_ring
2468,56.33784704667526,40.501795331622624,6008,2,octagram
2469,56.69970995073502,41.57445893041784,8576,4,stroke_kai
2470,60.32352921034399,45.00569727152568,8159,4,stroke_kai
2471,61.09091550401142,45.33521446400783,8141,4,stroke_kai
2472,67.18948574465243,47.50951947194492,7870,4,stroke_kai
2473,63.99626834449559,46.68017204588112,8005,4,stroke_kai
2474,71.11943765289226,56.47469424581857,4456,2,octagram
2475,71.33995195396164,58.72871741678076,7862,4,stroke_kai
2476,71.87709268914202,62.8066513271187,7747,4,stroke_kai
2477,64.3976078070144,69.33531908070688,9192,5,text_en_1919
2478,47.35346988710632,79.87663947208057,9142,5,text_en_1919
2479,47.83711865998062,83.05289688257234,992,0,outer_ring
2480,51.29087976335019,85.49468546102345,643,0,outer_ring
2481,52.6099179359658,85.60824010526285,507,0,outer_ring
2482,56.16419082817351,86.31847028570277,362,0,outer_ring
2483,56.62137689073247,85.67383171435495,8625,5,text_en_1919
2484,56.80112623612068,85.2179092447513,8759,5,text_en_1919
2485,54.32197112706733,81.1760247180256,3510,1,inner_ring
2486,52.17360508121053,79.45278106333248,8904,5,text_en_1919
2487,49.18285670412095,78.52055775178263,9227,5,text_en_1919
2488,47.29107306751981,79.03591518069935,4966,2,octagram
2489,29.98251971110132,60.889749926147296,6665,3,stroke_nan
2490,29.502083520134835,60.28950299263568,5174,2,octagram
2491,30.55688710475981,62.55689792891604,5049,2,octagram
2492,61.06996678384159,99.52784626876232,203,0,outer_ring
2493,60.08197463372761,99.67598201006896,231,0,outer_ring
2494,67.42936677216586,95.64341894845718,61,0,outer_ring
2495,69.50052781591161,93.35402629592112,29,0,outer_ring
2496,71.3615608192486,90.38703873303956,8732,5,text_en_1919
2497,71.28643558832763,89.79678978134179,8820,5,text_en_1919
2498,74.85225574152652,81.17864146968626,3407,1,inner_ring
2499,76.37472355940474,76.86309018893078,4597,2,octagram
2500,77.227174945528,74.3302012009573,3371,1,inner_ring
2501,77.543152694146,73.46717886284488,9547,5,text_en_1919
2502,81.75424777553033,62.25032760011069,9721,5,text_en_1919
2503,82.41611946110665,59.55356615427116,9759,5,text_en_1919
2504,82.84066185106563,58.22346925296179,9826,5,text_en_1919
2505,86.10907493307442,49.64475396369364,6541,2,octagram
2506,85.64721778577308,50.658951703149896,6545,2,octagram
2507,88.74772901676812,45.21305275256905,10084,5,text_en_1919
2508,89.18885137235176,44.38014125319231,10039,5,text_en_1919
2509,94.17042100725313,39.193294232030254,10410,5,text_en_1919
2510,94.34471308349626,39.08035762591072,10300,5,text_en_1919
2511,98.14277762503336,34.285809136325874,10760,5,text_en_1919
2512,56.68849668702979,41.82334824228879,8136,4,stroke_kai
2513,57.20680689497344,41.50464751371654,8199,4,stroke_kai
2514,59.80840547437392,37.19562413560421,8291,4,stroke_kai
2515,63.65556392562142,27.72761314639913,8488,4,stroke_kai
2516,64.31363827725123,24.842340883067088,6190,2,octagram
2517,64.40979569876103,24.63080938439964,6208,2,octagram
2518,73.32882104331046,22.65240039551729,4368,1,inner_ring
2519,73.030154378468,22.78780507550569,6353,2,octagram
2520,70.45904872561846,22.64547579262236,6436,2,octagram
2521,64.21354329386196,19.260041541607965,10896,5,text_en_1919
2522,61.86839796951659,19.03676655423603,4165,1,inner_ring
2523,62.42787928295319,18.75093849282212,11144,5,text_en_1919
2524,59.29704763080783,18.110180015522683,2740,0,outer_ring
2525,56.17242806270985,18.047670804833142,11330,5,text_en_1919
2526,53.33428850451792,18.11496254300463,11026,5,text_en_1919
2527,48.5970298465811,16.5677319426089,1804,0,outer_ring
2528,47.93704721509252,15.385781371485429,1713,0,outer_ring
2529,45.52204328707419,13.643939594788812,1565,0,outer_ring
2530,50.44034374232377,14.680314005574552,2172,0,outer_ring
2531,51.41309243742143,14.291390898787276,2231,0,outer_ring
2532,54.81499031279231,14.418018967555136,2522,0,outer_ring
2533,57.012891568942905,11.501254879801015,2630,0,outer_ring
2534,53.09628085250711,10.992108016755246,2425,0,outer_ring
2535,49.12173015650097,10.41973399658646,1999,0,outer_ring
2536,47.79797691126761,10.092877140841203,1840,0,outer_ring
2537,46.55304502965079,7.0517391581244695,1697,0,outer_ring
2538,48.61948532943605,9.571301154492858,1945,0,outer_ring
2539,52.73312341174443,11.402743142027632,2379,0,outer_ring
2540,55.24995276205332,9.88700346456023,2526,0,outer_ring
2541,58.37858404388269,10.089101084650764,2665,0,outer_ring
2542,60.98068861533479,10.457843458007254,2771,0,outer_ring
2543,66.12156728196047,10.420393883537962,2928,0,outer_ring
2544,72.17310546714732,10.413572733854409,4229,1,inner_ring
2545,76.09514493002037,10.508917666614742,4326,1,inner_ring
2546,73.95911242465378,10.379557450926391,3216,0,outer_ring
2547,67.46734460981492,9.669984614306586,3078,0,outer_ring
2548,68.47158584179925,3.1382797017713955,2944,0,outer_ring
2549,68.10870841392676,7.138658197000417,3053,0,outer_ring
2550,37.90726413316396,25.505627246974772,4025,1,inner_ring
2551,39.785106933798914,25.147884462099174,1493,0,outer_ring
2552,90.90292800818445,42.1429144895682,10281,5,text_en_1919
2553,50.65722492442936,96.12755072505688,584,0,outer_ring
2554,48.49540159002207,95.40371149720691,770,0,outer_ring
2555,44.83844488684297,93.76576085333244,1029,0,outer_ring
2556,54.11838333484523,97.1227439652446,430,0,outer_ring
2557,50.42808758270979,96.19392276027564,602,0,outer_ring
2558,44.89909124094807,93.7441403267963,1028,0,outer_ring
2559,41.37970296781569,89.62932341619734,1186,0,outer_ring
2560,40.24781921951897,87.83132736490992,1211,0,outer_ring
2561,35.96862693822964,80.82578177973338,1337,0,outer_ring
2562,38.16837872258057,84.27534438952333,1268,0,outer_ring
2563,33.71215324131727,78.6172784640742,1347,0,outer_ring
2564,27.815606955853475,73.66559711424189,9369,5,text_en_1919
2565,23.44065513269585,67.61233685007777,9519,5,text_en_1919
2566,22.565730386542764,65.58244350041035,9542,5,text_en_1919
2567,22.156200024199077,62.55073358229559,9723,5,text_en_1919
2568,22.77486544625035,53.62225269023963,10229,5,text_en_1919
2569,22.204544711456883,55.76212862417417,9979,5,text_en_1919
2570,25.05752110763164,51.41875307955169,10257,5,text_en_1919
2571,26.963764791312222,50.91259426029383,10149,5,text_en_1919
2572,30.98709768699557,50.95080184734873,5242,2,octagram
2573,33.09818464504077,51.159505826916494,5219,2,octagram
2574,38.916673237852365,49.84866490356293,7041,3,stroke_nan
2575,43.44194948002095,52.70859816089112,6783,3,stroke_nan
2576,45.51167304531223,53.54023683601224,6828,3,stroke_nan
2577,51.56640638605116,55.35991878494233,6726,3,stroke_nan
2578,56.09035393217143,55.99569030933933,4806,2,octagram
2579,57.19755262871615,56.34977745163252,3497,1,inner_ring
2580,58.84327399593936,57.17762766812033,7972,4,stroke_kai
2581,60.46212608381538,60.52013372467816,7874,4,stroke_kai
2582,61.559318635025065,65.65370068204119,9156,5,text_en_1919
2583,61.81014070527431,67.9837395978427,8863,5,text_en_1919
2584,58.08257975137962,56.279976276778505,4725,2,octagram
2585,54.480773514790464,48.894042195427645,4827,2,octagram
2586,51.8430168271661,45.18690339739484,7184,3,stroke_nan
2587,46.84764438255163,37.37248194013272,5660,2,octagram
2588,49.129094626271225,41.10067509906098,7529,3,stroke_nan
2589,52.37488421609199,45.61855868953578,7178,3,stroke_nan
2590,47.51782908222618,37.71507394084093,7418,3,stroke_nan
2591,44.891748092094026,35.64809026391906,5591,2,octagram
2592,35.936578930596355,30.52545497908421,7269,3,stroke_nan
2593,37.15327971378106,30.682708474780664,7262,3,stroke_nan
2594,31.63130481826664,32.07333702461945,5451,2,octagram
2595,29.68752065378206,36.15370062541176,3849,1,inner_ring
2596,32.66705621660155,40.45581456781595,5390,2,octagram
2597,35.00396785348005,43.51898356690921,7116,3,stroke_nan
2598,35.71724388773008,50.93065605843363,5302,2,octagram
2599,29.41526111285796,34.60851362473066,10598,5,text_en_1919
2600,29.511659148505416,30.94582857433957,10756,5,text_en_1919
2601,29.692779182252373,30.98435031997917,10728,5,text_en_1919
2602,31.321061512524377,27.17955181611548,3914,1,inner_ring
2603,37.06568701193309,25.05626139887126,1460,0,outer_ring
2604,39.90438511433018,24.963147922183516,1504,0,outer_ring
2605,44.429747574255046,26.105300365183023,11193,5,text_en_1919
2606,47.93051657898408,29.58457879824274,5812,2,octagram
2607,49.931806797664805,31.75537316100044,5869,2,octagram
2608,50.57715594110402,33.31730053920245,7498,3,stroke_nan
2609,54.29056019021392,38.64912451736935,4147,1,inner_ring
2610,55.9756647982876,40.48695782964218,5957,2,octagram
2611,56.62141061647162,41.33900256041798,5986,2,octagram
2612,60.58380909275665,45.04249532971744,8134,4,stroke_kai
2613,63.469625906990935,46.243913029231365,6442,2,octagram
2614,63.39202768301759,46.23870654907453,6443,2,octagram
2615,66.99594060966733,47.56647058471811,7838,4,stroke_kai
2616,69.43853149952382,51.0259722251342,6503,2,octagram
2617,71.50775283086924,58.45393541887003,7890,4,stroke_kai
2618,71.63491338659959,63.07431463540843,7738,4,stroke_kai
2619,71.26550428155286,65.6009466167437,7702,4,stroke_kai
2620,47.147854025841546,79.55340635509232,3591,1,inner_ring
2621,47.62546159205402,82.41970464856452,1000,0,outer_ring
2622,49.65194782278971,85.28256150609357,791,0,outer_ring
2623,53.860985602383295,85.66527782171451,483,0,outer_ring
2624,56.0254130107737,86.14026314339046,8669,5,text_en_1919
2625,56.44939291193945,84.92280035597477,8825,5,text_en_1919
2626,56.55811865023954,84.45644883401982,8989,5,text_en_1919
2627,54.749757848666114,81.63407000686584,3509,1,inner_ring
2628,50.67516544719865,78.966102223653,9067,5,text_en_1919
2629,50.79680164522517,78.77098689199546,4859,2,octagram
2630,49.23490067823428,78.56126674822077,9238,5,text_en_1919
2631,30.2383383006686,60.89048830047646,6711,3,stroke_nan
2632,30.78939860809989,62.58917895728466,5043,2,octagram
2633,30.931432993913862,62.1083415954698,6596,3,stroke_nan
2634,59.861418720393125,99.67787448053318,235,0,outer_ring
2635,61.31383065472625,99.51167979845192,199,0,outer_ring
2636,64.29876811951559,98.18353210612968,118,0,outer_ring
2637,69.87462995138009,92.79030441801208,8673,5,text_en_1919
2638,71.69896955726041,88.81868902908634,8910,5,text_en_1919
2639,73.30774380064274,85.277657233126,9270,5,text_en_1919
2640,74.78653874511907,81.48755630431093,9436,5,text_en_1919
2641,75.91620859096531,78.14101528581489,3390,1,inner_ring
2642,75.80053345687297,78.45023917647708,3392,1,inner_ring
2643,77.76902570404236,73.04843793988402,9525,5,text_en_1919
2644,80.82570391732663,64.71451666036427,4503,2,octagram
2645,82.93035647360246,57.785413498019125,3305,1,inner_ring
2646,82.86203791225901,57.93632046784391,4434,2,octagram
2647,84.83078708602312,52.66380864847913,6549,2,octagram
2648,87.17049498520667,47.35302379063827,9977,5,text_en_1919
2649,87.47440670614658,47.01766917795853,10080,5,text_en_1919
2650,90.5030905584414,42.22703009989145,3233,1,inner_ring
2651,92.0651783063304,41.24385345099776,10383,5,text_en_1919
2652,94.75420930324132,38.64395198312244,10240,5,text_en_1919
2653,96.55362047551938,36.04255650603848,10651,5,text_en_1919
2654,55.46251741411033,40.55196161682692,5936,2,octagram
2655,57.63147113829439,40.72800771330639,8231,4,stroke_kai
2656,61.65695679866548,32.44294034496984,8303,4,stroke_kai
2657,63.71612234622357,27.08532282486253,8523,4,stroke_kai
2658,64.1390346901626,25.842634948937544,6231,2,octagram
2659,65.58886296848077,23.45081040689471,6251,2,octagram
2660,72.69113091661058,22.9671684017602,6380,2,octagram
2661,73.96991900541511,22.80320882568816,10663,5,text_en_1919
2662,66.92664990141759,20.8211432907714,6138,2,octagram
2663,67.79146526526222,21.738764894098864,6308,2,octagram
2664,64.63310978175224,19.40269889503165,10922,5,text_en_1919
2665,60.287841703670296,18.707387024639942,11100,5,text_en_1919
2666,57.83734565903023,18.21003584966713,11264,5,text_en_1919
2667,53.19022508350067,18.0746115580548,11041,5,text_en_1919
2668,52.8920306881439,18.02234148730761,2397,0,outer_ring
2669,50.9457892929162,17.753992457624697,11230,5,text_en_1919
2670,47.81988785279777,15.35071101371306,1668,0,outer_ring
2671,45.92754548866506,14.619510064146148,1576,0,outer_ring
2672,49.66954461233492,14.537374790579918,2056,0,outer_ring
2673,51.73298151928677,13.087160968272414,2289,0,outer_ring
2674,55.00488325065489,14.374564592648554,2535,0,outer_ring
2675,54.62025292624037,14.377534045195034,2510,0,outer_ring
2676,52.99618958087552,11.415259306083923,2419,0,outer_ring
2677,49.52187731274677,9.924048370369364,2062,0,outer_ring
2678,48.36904988124022,10.510076982436964,1910,0,outer_ring
2679,47.69580301126638,7.018671004622554,1868,0,outer_ring
2680,49.18915223673183,10.277421159846044,2014,0,outer_ring
2681,53.57795424121704,10.369149689879984,2464,0,outer_ring
2682,55.61715976252698,9.933553692062212,2557,0,outer_ring
2683,59.44792978100694,10.346484200688153,2720,0,outer_ring
2684,66.67868926035604,10.210765726205588,2931,0,outer_ring
2685,65.4840034100868,10.4193273755484,2901,0,outer_ring
2686,70.14897248771157,9.43630187318319,4219,1,inner_ring
2687,73.63793977132842,10.370117038758115,3214,0,outer_ring
2688,77.63802243469233,10.487442285862898,10690,5,text_en_1919
2689,67.40808486916771,9.81684334313234,11189,5,text_en_1919
2690,68.51883615480108,6.12117894618298,3088,0,outer_ring
2691,68.40866247854646,4.644868058076192,2996,0,outer_ring
2692,37.83654491989076,25.51732323909967,4024,1,inner_ring
2693,39.662249055522345,25.121496887819607,1482,0,outer_ring
2694,90.97581484795046,41.92962326819226,10400,5,text_en_1919
2695,49.39326982789986,95.9362300625526,684,0,outer_ring
2696,47.26864732553727,94.9379213692154,848,0,outer_ring
2697,45.621251942522406,94.37542483853036,953,0,outer_ring
2698,57.1153145333733,99.08361504183084,290,0,outer_ring
2699,50.26129991356937,96.03535233047896,625,0,outer_ring
2700,44.9880325343521,93.68453255967935,1021,0,outer_ring
2701,41.485120136065895,89.79121231744014,1178,0,outer_ring
2702,41.095155865329126,89.11428210001247,1197,0,outer_ring
2703,36.82685285208662,82.24273320154177,1305,0,outer_ring
2704,33.23485564013879,78.24415123516327,1349,0,outer_ring
2705,34.917229418678254,79.60955978115045,8998,5,text_en_1919
2706,27.304158742544463,73.25256707986526,1378,0,outer_ring
2707,25.453965746631248,70.47165208549535,9607,5,text_en_1919
2708,22.044393202988992,63.00271169502385,9686,5,text_en_1919
2709,22.33132666443435,63.32716765527855,9690,5,text_en_1919
2710,22.02372363460309,59.89739932871332,9752,5,text_en_1919
2711,24.942078778284625,51.60425999207484,10192,5,text_en_1919
2712,24.0063874357108,52.04941387529409,10342,5,text_en_1919
2713,28.15023651499742,50.85813958724426,3813,1,inner_ring
2714,34.75273606132494,51.35546953686513,5187,2,octagram
2715,34.67543908942143,51.304773756112304,5192,2,octagram
2716,39.75802329127601,50.94547615598835,6803,3,stroke_nan
2717,45.49236305186468,53.67538994285532,6676,3,stroke_nan
2718,48.5782026329436,54.92457929957614,6818,3,stroke_nan
2719,51.538357646273255,55.592102136072654,6578,3,stroke_nan
2720,55.17384136619223,55.92523865418456,4816,2,octagram
2721,58.71679654601459,57.68269475071318,3458,1,inner_ring
2722,58.36430002583403,57.032236205202814,4706,2,octagram
2723,61.68843285650078,64.20587275075896,9314,5,text_en_1919
2724,61.3583850539197,63.60640346319178,9287,5,text_en_1919
2725,61.76742917672389,67.0338668036701,9113,5,text_en_1919
2726,58.23941744863543,56.386434997266434,4662,2,octagram
2727,55.38024137564113,50.674055614662,7847,4,stroke_kai
2728,53.22195289688057,47.07828686649891,7095,3,stroke_nan
2729,49.06517731220797,40.72108101079448,7537,3,stroke_nan
2730,48.9435084864585,40.19465652436081,7568,3,stroke_nan
2731,49.7667163405045,42.464854565149,7485,3,stroke_nan
2732,47.50686064518628,37.59697826761921,7425,3,stroke_nan
2733,44.75233080368328,35.6168201817473,5583,2,octagram
2734,39.39925711621146,31.503623949601334,3952,1,inner_ring
2735,36.63115834486055,30.637795250421124,7272,3,stroke_nan
2736,30.090040727810035,32.01136763043208,3877,1,inner_ring
2737,29.59399561330459,36.34071422249832,10500,5,text_en_1919
2738,31.567677459284447,38.7357721536565,5414,2,octagram
2739,35.52946092492729,44.36649417193557,7100,3,stroke_nan
2740,37.33390340464584,49.599125082584045,6948,3,stroke_nan
2741,29.569097192662195,36.3739480857728,10480,5,text_en_1919
2742,29.50065681300507,31.21932794804396,10724,5,text_en_1919
2743,29.546071581388823,31.5135769248513,10712,5,text_en_1919
2744,34.15346729155325,25.853232172716503,10834,5,text_en_1919
2745,36.959390823680906,25.37186814540257,10935,5,text_en_1919
2746,41.39328867312783,25.325503995341684,4059,1,inner_ring
2747,45.26133057596977,26.65743233022672,10991,5,text_en_1919
2748,47.9486976755002,29.475493259810083,5813,2,octagram
2749,50.21913042345162,32.372153247713,7566,3,stroke_nan
2750,52.57210840728297,36.02446431263671,4115,1,inner_ring
2751,53.06943857058685,37.11627891635675,5903,2,octagram
2752,55.55044164798407,40.70438697071759,8565,4,stroke_kai
2753,56.70404223676847,41.17718052776846,6004,2,octagram
2754,60.097800386102286,44.92756583371971,8167,4,stroke_kai
2755,59.84717179319232,44.79937368692647,8058,4,stroke_kai
2756,62.90805124045647,46.08817915051627,8065,4,stroke_kai
2757,66.38902368240764,47.48089797221522,7789,4,stroke_kai
2758,69.17909986018178,50.17842673996199,6492,2,octagram
2759,71.54120350026764,58.69827627279414,7844,4,stroke_kai
2760,71.7480382908598,61.71831924451134,7798,4,stroke_kai
2761,70.10893621783673,68.84413760337533,4576,2,octagram
2762,47.62522699749883,78.07818872675013,4924,2,octagram
2763,49.33160333137923,85.02633171730128,829,0,outer_ring
2764,51.83813837490746,85.5573699078667,577,0,outer_ring
2765,52.23629930569445,85.57034873686538,517,0,outer_ring
2766,56.42649636553298,86.30396645296304,329,0,outer_ring
2767,55.95384934943306,86.18544723912669,8585,5,text_en_1919
2768,55.804665132494655,84.5495748951154,8916,5,text_en_1919
2769,54.24436765219217,81.31193334562613,9174,5,text_en_1919
2770,51.939316606735375,79.41821660719178,8903,5,text_en_1919
2771,48.8505113913908,78.20480449601965,4892,2,octagram
2772,48.849881676914165,78.25890663895647,4895,2,octagram
2773,30.690438210706493,62.1631522560365,5095,2,octagram
2774,30.181801714913043,62.33125357524955,5104,2,octagram
2775,29.93443835746904,62.230384326000646,3694,1,inner_ring
2776,61.24821231728431,99.58466784947734,201,0,outer_ring
2777,59.73496579172552,99.69308314316878,241,0,outer_ring
2778,63.657095404306965,98.5259847171172,150,0,outer_ring
2779,69.57836377212877,93.14101815341093,8627,5,text_en_1919
2780,70.21901332098653,92.3020737646806,8663,5,text_en_1919
2781,72.81780503059058,85.87582736362143,9161,5,text_en_1919
2782,73.90328215963287,84.28642326757048,0,0,outer_ring
2783,74.78512577572101,81.44922101824187,3408,1,inner_ring
2784,76.47523231772989,76.73046781561649,3375,1,inner_ring
2785,79.62081849820807,67.82322100217726,4518,2,octagram
2786,79.04439188710305,69.59039203481716,9548,5,text_en_1919
2787,82.90243079545395,57.85176599982996,4436,2,octagram
2788,82.94843844015934,58.26777535306783,9735,5,text_en_1919
2789,85.94629909764048,50.19518901332511,9910,5,text_en_1919
2790,86.59476886732726,48.289959062059104,6527,2,octagram
2791,87.19873398658065,47.19347100764584,3266,1,inner_ring
2792,90.36290988286308,42.48976161368967,10042,5,text_en_1919
2793,92.81080858250006,40.61875170317021,10425,5,text_en_1919
2794,96.71925927094236,35.95269294381944,10491,5,text_en_1919
2795,97.92405709468512,34.88965333212677,10550,5,text_en_1919
2796,56.70846673546552,41.4107143690352,6081,2,octagram
2797,58.10980587961988,39.81206371538247,8252,4,stroke_kai
2798,60.49881220225206,35.152872111673325,8338,4,stroke_kai
2799,62.38744413004788,30.509464548040945,8489,4,stroke_kai
2800,64.44301310307193,24.36320839637368,6165,2,octagram
2801,67.07299463852804,22.66426053720317,6326,2,octagram
2802,72.12913515735713,22.803937436727097,6396,2,octagram
2803,68.6166077206816,22.345027504148675,6317,2,octagram
2804,66.88435349100335,20.900163371097356,6140,2,octagram
2805,65.03339048089585,19.711532961465146,4206,1,inner_ring
2806,62.68080303618625,18.856012296182858,11135,5,text_en_1919
2807,62.62378191767271,18.949699076268303,4189,1,inner_ring
2808,56.03511435100571,18.143128195758447,11263,5,text_en_1919
2809,57.75124688774775,18.29646060037946,11087,5,text_en_1919
2810,51.7506674471683,18.0117651863213,11121,5,text_en_1919
2811,48.73782039068078,16.742640311387554,11355,5,text_en_1919
2812,48.56861630143132,16.571020228842833,1802,0,outer_ring
2813,46.15408948621676,14.828076910623878,1584,0,outer_ring
2814,47.94212809766345,15.168681752035958,1724,0,outer_ring
2815,49.81954008105497,14.669373231264842,2083,0,outer_ring
2816,52.73899701191157,14.591756859322436,2391,0,outer_ring
2817,56.79981521904266,12.133704315447972,2614,0,outer_ring
2818,53.45679814197072,10.502894322263124,2455,0,outer_ring
2819,49.06343150285983,10.433140320023432,1988,0,outer_ring
2820,48.013463879777696,10.326194892739103,1869,0,outer_ring
2821,46.5155067200003,6.962339908126936,1691,0,outer_ring
2822,47.697100563639175,9.699366968802464,1830,0,outer_ring
2823,52.52478998015155,11.781593068456909,2363,0,outer_ring
2824,59.37834729659227,10.235038608867493,2717,0,outer_ring
2825,63.04560205272123,10.41618972417011,2856,0,outer_ring
2826,65.70140248508991,10.499146915924008,2909,0,outer_ring
2827,67.16089605795366,9.915518980712903,11295,5,text_en_1919
2828,72.55745964339636,10.431564389717607,4244,1,inner_ring
2829,74.06393728743426,10.439388775592612,4301,1,inner_ring
2830,75.2438528902644,10.331029709423142,3221,0,outer_ring
2831,68.38354499518246,6.26937423811119,3064,0,outer_ring
2832,68.51582620722411,5.702126028407427,3056,0,outer_ring
2833,68.50973627152702,4.283787456192542,3000,0,outer_ring
2834,38.76342454974168,25.21654179180609,4052,1,inner_ring
2835,40.180521951514415,25.216679271423757,1524,0,outer_ring
2836,90.32861624392572,42.28011604217792,3240,1,inner_ring
2837,48.85889572507385,95.58032616460818,736,0,outer_ring
2838,49.48972209708789,95.73082023250711,677,0,outer_ring
2839,43.532403455645685,92.67342843996003,1082,0,outer_ring
2840,56.904709661122894,98.84534139486249,301,0,outer_ring
2841,50.47965715274674,96.0008504303064,601,0,outer_ring
2842,45.16617657150655,94.09424267427318,987,0,outer_ring
2843,43.10238111232376,92.18736906857536,1120,0,outer_ring
2844,39.71722919643843,86.91704583997807,1234,0,outer_ring
2845,36.18572131034091,81.45316928120258,1330,0,outer_ring
2846,36.20346789548677,81.38508603106537,1332,0,outer_ring
2847,29.537695734165048,75.26366462086783,9336,5,text_en_1919
2848,31.697258369404533,76.82408492577409,1357,0,outer_ring
2849,27.14431769720577,72.95159961447354,9428,5,text_en_1919
2850,22.435336749671908,64.72076819889969,9600,5,text_en_1919
2851,22.02005697097181,62.53704117805589,9714,5,text_en_1919
2852,22.05815403438811,59.22748346896235,9847,5,text_en_1919
2853,22.823213311953225,54.57183168545804,9999,5,text_en_1919
2854,27.041808116856828,50.87111526441869,3816,1,inner_ring
2855,27.479447717553143,50.93648770355975,3807,1,inner_ring
2856,34.69515103591518,51.31115646475808,5190,2,octagram
2857,35.92948789090583,50.89156965544687,5311,2,octagram
2858,38.68837255704487,49.79156465162362,6966,3,stroke_nan
2859,41.926286340959805,52.11125395615412,6999,3,stroke_nan
2860,45.27484645164648,53.47703462673285,6779,3,stroke_nan
2861,51.60567932389476,55.61562527771791,4906,2,octagram
2862,52.2724565121383,55.651259999575615,6620,3,stroke_nan
2863,57.09573044442074,55.68242288101129,4768,2,octagram
2864,58.41051442126455,57.37742807263039,3463,1,inner_ring
2865,61.64826658955708,65.78301389100986,9157,5,text_en_1919
2866,61.69887660075253,67.50553712376879,8978,5,text_en_1919
2867,61.78834507780561,67.11644076929888,9087,5,text_en_1919
2868,58.23458747758097,56.26349934226267,4658,2,octagram
2869,55.70684211020758,51.45721448951584,7801,4,stroke_kai
2870,52.98245533054926,46.632588772557,7121,3,stroke_nan
2871,47.25226216428728,37.49787031673246,5661,2,octagram
2872,48.8596304578988,40.27096068922902,7571,3,stroke_nan
2873,51.731780143608844,44.77298571831648,7244,3,stroke_nan
2874,44.25781201942942,34.67234356758978,5705,2,octagram
2875,44.80221978463277,35.70750931006967,5584,2,octagram
2876,41.007698477313575,31.97108885721169,5734,2,octagram
2877,34.26629979824688,30.491236727729085,5560,2,octagram
2878,30.37024044862708,32.04193142776751,3882,1,inner_ring
2879,29.7550182755553,36.42025981524405,3838,1,inner_ring
2880,34.78375321441676,43.29115482347694,7170,3,stroke_nan
2881,35.419360119978194,44.16883471660478,7062,3,stroke_nan
2882,38.87722051273781,49.956913034385,6977,3,stroke_nan
2883,29.52426940636427,34.115687447042205,10608,5,text_en_1919
2884,31.10635183905207,31.99362458028564,5484,2,octagram
2885,29.61243454476029,30.318980199659983,10762,5,text_en_1919
2886,30.64641834880213,28.13825223970038,5513,2,octagram
2887,38.30574105767155,25.326347873256072,10880,5,text_en_1919
2888,43.23540634507454,25.390390232755188,11248,5,text_en_1919
2889,45.18947360982674,26.53781847112985,11195,5,text_en_1919
2890,48.217246701421125,29.81563492541385,5823,2,octagram
2891,50.62271986616536,33.1468958164982,7512,3,stroke_nan
2892,50.917321764569465,34.00430061272514,7462,3,stroke_nan
2893,54.40099138210608,39.19333012416867,5919,2,octagram
2894,56.18335753304964,40.65459292388024,5981,2,octagram
2895,56.76586376880925,41.220560358027136,6072,2,octagram
2896,60.171426763396845,44.90099654959276,8153,4,stroke_kai
2897,63.70062618432387,46.36339663562579,6459,2,octagram
2898,67.51736697168423,47.647536280494776,6475,2,octagram
2899,67.62520417623136,47.671458394701546,6477,2,octagram
2900,69.03758937732326,50.203949217744935,6494,2,octagram
2901,71.72805147565833,62.02210516733437,7787,4,stroke_kai
2902,70.26153115411587,68.10704493732638,7605,4,stroke_kai
2903,70.04808245069887,68.79272774194794,4568,2,octagram
2904,48.11215632239794,79.60572565430678,1005,0,outer_ring
2905,47.50070644639165,81.77955375956249,8901,5,text_en_1919
2906,48.79272448008022,84.68354998626285,912,0,outer_ring
2907,50.89997253286301,85.58194237983133,679,0,outer_ring
2908,54.92975252481941,86.14847029414716,415,0,outer_ring
2909,55.860982906200974,86.31020411147183,385,0,outer_ring
2910,56.43922345134456,84.77188999309095,8860,5,text_en_1919
2911,52.98468046184289,80.12978530663605,3528,1,inner_ring
2912,52.06349180934078,79.26411466559408,3541,1,inner_ring
2913,51.00628105527304,78.7376206718254,4851,2,octagram
2914,48.429462708006426,77.93664831730116,6635,3,stroke_nan
2915,30.877073175402995,62.1257982417116,6597,3,stroke_nan
2916,29.974978141158196,62.34180404124928,3686,1,inner_ring
2917,30.043132792679582,62.35817446598462,3681,1,inner_ring
2918,60.06648252671664,99.63036993351356,232,0,outer_ring
2919,64.44811451985802,98.38032150359136,116,0,outer_ring
2920,63.50450725154785,98.64710803203371,156,0,outer_ring
2921,67.39102462176423,95.5920535971216,62,0,outer_ring
2922,70.36822193269307,92.0602356668685,8697,5,text_en_1919
2923,73.07203823873235,85.37840119055282,3430,1,inner_ring
2924,75.07966978787572,80.1894322889432,4626,2,octagram
2925,74.49388426044449,82.42007365974064,9426,5,text_en_1919
2926,77.42776674960788,73.62882754156107,3366,1,inner_ring
2927,79.02245392509002,69.19318026215554,4523,2,octagram
2928,80.79994912697404,64.62224633080575,4501,2,octagram
2929,82.62462482615425,58.22821259066173,4439,2,octagram
2930,82.67584767418468,58.7152930831125,9819,5,text_en_1919
2931,85.87147363515318,50.73883564427442,9823,5,text_en_1919
2932,87.86519988977324,46.569969433700166,10109,5,text_en_1919
2933,89.28530451683287,43.97393169884556,10104,5,text_en_1919
2934,90.76814302096028,41.89751515274186,4404,1,inner_ring
2935,92.87848776901365,40.63464998643956,10387,5,text_en_1919
2936,95.18946842058978,37.88702355870994,10321,5,text_en_1919
2937,97.17337533748848,35.450572866983805,10520,5,text_en_1919
2938,56.5565358903994,41.87528441740232,8289,4,stroke_kai
2939,57.66940652989292,40.9185813558926,8185,4,stroke_kai
2940,60.15208760516308,35.9823880777446,8314,4,stroke_kai
2941,63.40326292126105,28.22424685912697,8455,4,stroke_kai
2942,64.2990923161271,24.61026023701881,6173,2,octagram
2943,66.82884148816748,22.747245103104785,6330,2,octagram
2944,74.0638289865093,23.052983428037,4403,1,inner_ring
2945,72.51436642941557,22.858285564392816,6378,2,octagram
2946,69.9320231242397,22.484141736264185,8210,4,stroke_kai
2947,67.1670121316683,21.25062317870184,6279,2,octagram
2948,62.04944427796673,18.982971738151218,4170,1,inner_ring
2949,60.86776443435362,18.78708554521068,2833,0,outer_ring
2950,56.09838925931968,18.08018563639958,11319,5,text_en_1919
2951,54.671393495922544,18.047165253505423,11327,5,text_en_1919
2952,50.74700117120482,17.690806981273145,2189,0,outer_ring
2953,50.90688787077229,17.685501675495125,2199,0,outer_ring
2954,48.29670082450764,16.312655857342328,1758,0,outer_ring
2955,45.4718365937238,13.70799252816888,1564,0,outer_ring
2956,48.2333889319311,15.024018627680752,1782,0,outer_ring
2957,49.908807210658,14.60264346854774,2103,0,outer_ring
2958,53.70144912847917,14.551023396587318,2482,0,outer_ring
2959,57.2032020080626,11.157858324662683,2636,0,outer_ring
2960,53.32989489879906,10.76060784700254,2447,0,outer_ring
2961,49.157692066030044,10.27026160283996,2008,0,outer_ring
2962,48.1408086576349,10.377251881493947,1884,0,outer_ring
2963,46.825849544503846,6.315122850529363,1742,0,outer_ring
2964,48.49016251938525,9.39898547331839,1933,0,outer_ring
2965,53.06945111441954,11.201792671385448,2424,0,outer_ring
2966,54.90560685590127,10.022849861529515,2505,0,outer_ring
2967,63.34068220173671,10.492635663524204,2864,0,outer_ring
2968,63.20419031411643,10.403567452004538,2859,0,outer_ring
2969,67.72966335093571,8.964210199427825,3109,0,outer_ring
2970,73.64193510737603,10.366020148425328,3215,0,outer_ring
2971,77.42089078078192,10.536573925374412,10673,5,text_en_1919
2972,76.80647874319301,10.592088129764145,6338,2,octagram
2973,67.54817965812532,9.721547877995995,3155,0,outer_ring
2974,68.64801672535214,4.561776264886809,3032,0,outer_ring
2975,68.3695318863344,3.7721283180630536,2953,0,outer_ring
2976,37.10287948646159,25.396795851307843,10874,5,text_en_1919
2977,39.769554540909546,25.310796724727584,1485,0,outer_ring
2978,90.4669408741602,42.259545015614975,3239,1,inner_ring
2979,50.76630838947111,96.2716047232534,570,0,outer_ring
2980,47.28232846256461,94.91790598733806,846,0,outer_ring
2981,44.91566588484904,93.73145272032411,1025,0,outer_ring
2982,52.98118945860372,96.68239404848524,485,0,outer_ring
2983,50.39678455472636,96.20659818986788,606,0,outer_ring
2984,46.91570532462646,94.99992570796395,884,0,outer_ring
2985,43.26774847825124,92.32566934789196,1103,0,outer_ring
2986,41.43123961991438,89.4791796960971,8676,5,text_en_1919
2987,39.34463482800577,86.35355467674853,1244,0,outer_ring
2988,34.192990772962574,78.74504803971833,4990,2,octagram
2989,32.25705366281987,77.1573376046122,3623,1,inner_ring
2990,26.463390169838384,72.1219391807858,9508,5,text_en_1919
2991,27.408424058890716,73.13867318114889,9421,5,text_en_1919
2992,23.42911811235738,67.74338388626975,9513,5,text_en_1919
2993,21.971797610878347,59.2837372516519,9783,5,text_en_1919
2994,22.588721426501863,54.77309662074792,9997,5,text_en_1919
2995,22.18698463475667,55.90973236749182,9964,5,text_en_1919
2996,24.0600788852644,52.30465712224539,10143,5,text_en_1919
2997,30.688210567027586,51.02078501175587,3745,1,inner_ring
2998,34.080130092463,50.95706536649165,5301,2,octagram
2999,36.021935192116004,50.73031511751474,5323,2,octagram
3000,39.695985100518826,50.76753283905539,6973,3,stroke_nan
3001,45.16153483886802,53.44056390912204,6778,3,stroke_nan
3002,47.68448710725389,54.62456012559983,6631,3,stroke_nan
3003,50.62794596150425,55.34769285043565,6581,3,stroke_nan
3004,50.98862900528199,55.41665497402295,6584,3,stroke_nan
3005,57.35129106778132,55.47881594733849,7607,4,stroke_kai
3006,58.82770985090578,57.42418718699757,4687,2,octagram
3007,61.59959103555804,65.32372042590244,9200,5,text_en_1919
3008,61.493398352376914,63.176284027709904,3442,1,inner_ring
3009,61.80693985253497,67.62628366197953,8944,5,text_en_1919
3010,58.34282449459835,56.5771704725553,4671,2,octagram
3011,52.99253350180005,46.59014874275427,7147,3,stroke_nan
3012,51.43546347296272,44.54907046136231,7335,3,stroke_nan
3013,46.23723928151644,36.87248759287825,5674,2,octagram
3014,49.17464241378788,40.81924938049259,7542,3,stroke_nan
3015,50.18315912837394,42.94553845275255,7449,3,stroke_nan
3016,44.90001105465868,35.437809400028925,5681,2,octagram
3017,41.190792474589415,32.03310081274276,5738,2,octagram
3018,36.73794407034843,30.694433483383243,7273,3,stroke_nan
3019,37.84851971575085,31.03349417893852,3934,1,inner_ring
3020,33.52459799138997,31.101842064971645,5544,2,octagram
3021,29.52626989736544,36.07747421216857,10560,5,text_en_1919
3022,31.970629111997408,39.55524343719048,5399,2,octagram
3023,34.5499941500278,43.06326218501165,7163,3,stroke_nan
3024,36.27432589561799,50.39516919134344,5341,2,octagram
3025,29.641022164563548,36.44048916397298,10490,5,text_en_1919
3026,31.66748911095931,32.10386808627868,5443,2,octagram
3027,29.69093885302184,29.96062190646805,10770,5,text_en_1919
3028,35.08266162817003,25.287203574166355,1423,0,outer_ring
3029,36.987428829851694,25.500880970438708,4009,1,inner_ring
3030,43.5105963092789,25.432275670903078,11249,5,text_en_1919
3031,45.892087436447575,27.18287482783148,11005,5,text_en_1919
3032,47.53022800011058,29.025427100278364,4084,1,inner_ring
3033,50.35449893496951,32.89366527876287,7535,3,stroke_nan
3034,52.1076221033164,35.54361149142778,7424,3,stroke_nan
3035,53.13556723122474,36.969177953960674,5904,2,octagram
3036,55.57791119583925,41.05674090536772,8504,4,stroke_kai
3037,56.84550032642056,41.42621736709135,6089,2,octagram
3038,57.09493251000436,42.6063892986857,8119,4,stroke_kai
3039,64.4674873220226,46.713687285450405,7935,4,stroke_kai
3040,65.69824488240648,47.28676623692116,7877,4,stroke_kai
3041,67.32373669244106,47.63073244156725,6471,2,octagram
3042,71.56374810112781,59.18967840925764,7834,4,stroke_kai
3043,71.20182411027059,57.210391384962186,4476,2,octagram
3044,71.72204887392786,63.59148014571802,7717,4,stroke_kai
3045,66.28876005003671,69.3513436312154,7677,4,stroke_kai
3046,47.70205353444678,78.0668615561978,4922,2,octagram
3047,48.46330094665525,84.55413788943153,936,0,outer_ring
3048,51.32244706913944,85.45518066213427,642,0,outer_ring
3049,54.13381233605099,85.85710096020827,465,0,outer_ring
3050,56.45956435807756,86.23115823345267,8592,5,text_en_1919
3051,56.21977680561607,83.94035371675267,9025,5,text_en_1919
3052,55.51373713404807,85.64120840994849,8694,5,text_en_1919
3053,53.45438224934174,80.56777390570943,9217,5,text_en_1919
3054,53.38775898502978,80.5669546959522,9163,5,text_en_1919
3055,49.69654905868697,78.62856809402415,4873,2,octagram
3056,47.54819213869112,78.81642296304118,3581,1,inner_ring
3057,30.50432004936488,61.679434373711686,5098,2,octagram
3058,30.48421425156845,62.51988402081391,5062,2,octagram
3059,30.30618680256749,62.23885899841368,5102,2,octagram
3060,60.25745717465014,99.5672503143324,224,0,outer_ring
3061,63.03542338888318,98.91993636677074,170,0,outer_ring
3062,67.49762407748901,95.64661558735229,59,0,outer_ring
3063,67.52140194466993,95.6849577038518,58,0,outer_ring
3064,71.9189747497289,87.9686092377338,9006,5,text_en_1919
3065,71.60220937825387,89.17450650017699,8888,5,text_en_1919
3066,74.29904105400064,82.81149612995023,3418,1,inner_ring
3067,74.38459915600458,82.93059430627008,9345,5,text_en_1919
3068,75.86149377711106,78.07558795609704,4615,2,octagram
3069,77.79259354818896,72.75897697888749,9526,5,text_en_1919
3070,81.16083739516752,63.382917141787175,3329,1,inner_ring
3071,81.75685019369254,61.663390959995496,9758,5,text_en_1919
3072,84.43799470614624,53.7748951341146,6566,2,octagram
3073,85.10756859822769,52.414080531106336,9872,5,text_en_1919
3074,88.11944995716817,46.33978508372298,10093,5,text_en_1919
3075,87.81099009824689,46.57747213410133,10122,5,text_en_1919
3076,88.97102177902113,44.95566116244397,10019,5,text_en_1919
3077,93.1345549380574,40.30430704997031,10462,5,text_en_1919
3078,96.88136944758703,35.75251388642208,10514,5,text_en_1919
3079,97.90608743725868,34.73164632373949,10579,5,text_en_1919
3080,56.70177912922131,40.87869254781149,6022,2,octagram
3081,58.78668066393814,38.9543095862594,8301,4,stroke_kai
3082,62.54513122076393,30.34458269350681,8427,4,stroke_kai
3083,63.93580614556235,26.093575717825317,8557,4,stroke_kai
3084,64.43794955323347,24.637875393702025,6218,2,octagram
3085,64.52387368690262,24.47356590210545,6228,2,octagram
3086,72.42993647434771,22.932128615178332,6394,2,octagram
3087,73.94159886251592,22.823382700449503,10637,5,text_en_1919
3088,67.56056619419272,21.354649033806336,4336,1,inner_ring
3089,66.9946414173143,20.95479142345051,6257,2,octagram
3090,64.90702952714447,19.87654949073314,4205,1,inner_ring
3091,62.9211643568228,18.83334728318479,10914,5,text_en_1919
3092,60.25288353426642,18.697169895217325,11111,5,text_en_1919
3093,58.122904771099016,18.137312379094517,2701,0,outer_ring
3094,53.75819123436514,18.1255727445676,11161,5,text_en_1919
3095,48.390737438242354,16.380267142573686,1777,0,outer_ring
3096,48.06941845376796,15.2144718866342,1741,0,outer_ring
3097,46.30767041153878,14.786906437627792,1592,0,outer_ring
3098,50.38282062369346,14.62532517029762,2166,0,outer_ring
3099,51.86200337665949,13.287987233790837,2310,0,outer_ring
3100,55.603003308532514,14.072152800386284,2578,0,outer_ring
3101,56.81066385629055,11.394652443188903,2609,0,outer_ring
3102,51.70417538430333,13.386606331035416,2282,0,outer_ring
3103,49.02048607471348,10.307534263947517,1981,0,outer_ring
3104,49.22627379114245,9.295728051994251,2030,0,outer_ring
3105,46.68749244771303,7.6248826781984675,1702,0,outer_ring
3106,49.167094785705686,10.311057459872508,2010,0,outer_ring
3107,52.51491769001675,9.678601740820426,2353,0,outer_ring
3108,55.36200545396923,9.90516026862931,2533,0,outer_ring
3109,61.80647645255088,10.246231679478562,2811,0,outer_ring
3110,60.83466735404032,10.43075341053018,2762,0,outer_ring
3111,66.3333375252545,10.492009433469242,11089,5,text_en_1919
3112,73.5365900513614,10.405637513157195,4273,1,inner_ring
3113,72.20443368852376,10.31049018850758,4227,1,inner_ring
3114,76.73254731124109,10.434880529947035,10818,5,text_en_1919
3115,67.33726051045609,10.070310768733954,11038,5,text_en_1919
3116,68.84078048096526,4.59295807856212,3062,0,outer_ring
3117,68.32308352390314,3.112309280640943,2933,0,outer_ring
3118,36.60088669221422,25.34653949320503,3997,1,inner_ring
3119,40.48259194727614,25.11526916121804,1540,0,outer_ring
3120,93.33986781218093,40.41729963474268,10181,5,text_en_1919
3121,48.40213715863912,95.43272584489084,777,0,outer_ring
3122,48.58173166672651,95.60185225612436,762,0,outer_ring
3123,44.404106038901,93.4125774765948,1050,0,outer_ring
3124,54.31331527866058,97.05441064722696,420,0,outer_ring
3125,51.25270429361652,96.30040868769854,526,0,outer_ring
3126,45.744403824667295,94.47600107722974,944,0,outer_ring
3127,41.657225598248274,89.94542798931202,1169,0,outer_ring
3128,40.347740786641324,87.91199002090745,1207,0,outer_ring
3129,39.02814515509584,86.10882371270733,1257,0,outer_ring
3130,33.63309386485668,78.47253402092073,9349,5,text_en_1919
3131,30.96784744111627,76.31122150330927,9397,5,text_en_1919
3132,31.901452738918398,76.95401732238838,3633,1,inner_ring
3133,23.290146711805964,67.2493425775851,9567,5,text_en_1919
3134,22.333030329693266,65.4023022236643,1387,0,outer_ring
3135,22.323806214622056,63.72026206164399,9678,5,text_en_1919
3136,22.71069052319925,53.605115408859774,10235,5,text_en_1919
3137,22.48163831531551,55.00008960397872,9992,5,text_en_1919
3138,27.025268233435963,50.95684600743565,10144,5,text_en_1919
3139,27.077752181072466,50.966474363276006,3808,1,inner_ring
3140,31.780958056431107,51.011347982959606,5253,2,octagram
3141,35.85702283555092,50.85876891897345,5314,2,octagram
3142,40.83800457427648,51.64098329817182,6886,3,stroke_nan
3143,45.36990587123771,53.639805518727655,6675,3,stroke_nan
3144,46.10417182754183,53.87127504542486,6715,3,stroke_nan
3145,47.91916725328638,54.53898021438973,6830,3,stroke_nan
3146,52.267086469694725,55.48113001768506,6870,3,stroke_nan
3147,57.46325721427112,55.4990268887924,7595,4,stroke_kai
3148,58.62741096029485,56.68616777742765,7975,4,stroke_kai
3149,61.48817970761635,64.25932971081977,9254,5,text_en_1919
3150,61.84007755982621,67.89902976992761,8955,5,text_en_1919
3151,61.57151819094256,67.15738817958339,9072,5,text_en_1919
3152,56.95601731441435,55.79957728835513,4779,2,octagram
3153,56.616083334519935,53.69626992633949,7674,4,stroke_kai
3154,51.18426479271093,44.47043956164153,7296,3,stroke_nan
3155,49.09851121545776,41.02992748597798,7522,3,stroke_nan
3156,48.38327081769159,39.106524498736405,7374,3,stroke_nan
3157,50.64590663457644,43.56416187383234,7347,3,stroke_nan
3158,43.76382391137656,33.77960469151844,5793,2,octagram
3159,40.35008263605038,31.71635325494976,3978,1,inner_ring
3160,39.38266289229375,31.499489632460676,3951,1,inner_ring
3161,35.57534684396272,30.245434023304085,7399,3,stroke_nan
3162,30.083623257393366,31.902001519299308,3886,1,inner_ring
3163,29.56679560957566,36.44984748482292,10476,5,text_en_1919
3164,35.738386014928786,44.654131762378746,7110,3,stroke_nan
3165,37.637301176267286,47.97202940410976,5365,2,octagram
3166,39.14106949428293,50.21572594959596,6985,3,stroke_nan
3167,29.507887680013912,32.84923646373712,10654,5,text_en_1919
3168,31.216474924327,31.886112903679688,5490,2,octagram
3169,30.08162256185948,28.580875282780887,1407,0,outer_ring
3170,30.57197743411565,28.032975546643755,5511,2,octagram
3171,36.82306036984538,25.013711481226387,1456,0,outer_ring
3172,43.08406336349911,25.424860649142687,11213,5,text_en_1919
3173,45.55925933816817,27.11586387377289,4062,1,inner_ring
3174,45.28995699367915,26.854574780431555,10921,5,text_en_1919
3175,48.81929330551413,30.476918399956052,5849,2,octagram
3176,53.33777860689506,36.7973371804192,5916,2,octagram
3177,54.16257227473371,38.32199996308746,4141,1,inner_ring
3178,56.1034631436049,40.52339159969856,5978,2,octagram
3179,56.0987560582612,41.52123080843828,8493,4,stroke_kai
3180,61.34566711503823,45.37829502899134,8170,4,stroke_kai
3181,60.90814220980986,45.35938447120758,8067,4,stroke_kai
3182,62.8584772805537,46.21304124540615,8043,4,stroke_kai
3183,64.51505389748026,46.830314523864615,7882,4,stroke_kai
3184,71.32274276326447,57.01156835446344,4450,2,octagram
3185,71.72302658374814,59.66024307772777,7824,4,stroke_kai
3186,71.83920792247147,63.1457209919137,7731,4,stroke_kai
3187,65.79703762283684,69.25241313210081,7711,4,stroke_kai
3188,48.03764549381744,79.80377602183543,1006,0,outer_ring
3189,48.41401422145184,84.63560056575997,937,0,outer_ring
3190,51.02683152414745,85.49260668727203,659,0,outer_ring
3191,53.91693283554018,85.6834712724993,481,0,outer_ring
3192,53.51969908733983,85.64088546936838,496,0,outer_ring
3193,56.57954314522125,85.26722781078986,8805,5,text_en_1919
3194,55.825092485944914,84.55133538396919,8929,5,text_en_1919
3195,52.83714846662386,80.19756712757231,3534,1,inner_ring
3196,50.43969747982012,78.79356394331765,4868,2,octagram
3197,48.65523543020149,78.1950713585326,4898,2,octagram
3198,47.54086427060263,78.37796797952011,4970,2,octagram
3199,30.08972838507289,61.03851720791985,5129,2,octagram
3200,30.68578078404403,62.52189284751567,5045,2,octagram
3201,29.730444264953093,62.429973177564165,3692,1,inner_ring
3202,57.07483735924449,99.02932214945416,292,0,outer_ring
3203,63.74439278512856,98.63130837982504,141,0,outer_ring
3204,67.04807025451458,95.92133352432492,76,0,outer_ring
3205,70.20104335367402,92.50218917499876,15,0,outer_ring
3206,71.26840131710885,90.33833895269824,8763,5,text_en_1919
3207,73.25475272916434,85.01086332618124,3426,1,inner_ring
3208,73.69107632529848,84.30671662524766,9414,5,text_en_1919
3209,76.3546439578735,77.11749471803937,3380,1,inner_ring
3210,75.85819765506115,78.46147270557262,9464,5,text_en_1919
3211,77.24141698274144,74.19986174374183,4592,2,octagram
3212,78.94757776619626,69.42495766270048,3343,1,inner_ring
3213,81.70057921735037,61.60858608538357,3313,1,inner_ring
3214,84.28224625616964,54.15266750682265,3295,1,inner_ring
3215,84.37405142078484,53.71550859432779,6558,2,octagram
3216,86.4271581186617,48.44604396406112,6530,2,octagram
3217,87.19194072558591,47.20375534775639,3267,1,inner_ring
3218,89.40362870870521,43.61480531307531,3243,1,inner_ring
3219,93.12771939361204,40.48968873275281,10351,5,text_en_1919
3220,97.83296158868214,34.64968840312963,10639,5,text_en_1919
3221,97.95025770178763,34.595447229268686,10620,5,text_en_1919
3222,55.65253719753474,40.66673398934283,5944,2,octagram
3223,58.79859818260584,39.02760479832246,8273,4,stroke_kai
3224,61.54268496679041,32.219512965340215,8401,4,stroke_kai
3225,63.78485303085444,27.10891728499606,8531,4,stroke_kai
3226,63.476923526150514,28.0669358957899,8474,4,stroke_kai
3227,64.37343889965288,24.318689000435185,6154,2,octagram
3228,73.38795888888373,22.9000631567616,4390,1,inner_ring
3229,69.98427642702913,22.470761619021385,8222,4,stroke_kai
3230,66.42895375372188,20.412944440368584,6113,2,octagram
3231,64.43515362864046,19.45975980285877,6049,2,octagram
3232,65.15863238690524,19.77864730058526,4209,1,inner_ring
3233,62.84453888439485,18.787614301264032,11124,5,text_en_1919
3234,59.23501942337426,18.27493630343447,2736,0,outer_ring
3235,53.90783828802605,18.11413427488944,11179,5,text_en_1919
3236,51.19385367598994,17.861581834880486,11170,5,text_en_1919
3237,48.1282885785665,16.44397297561211,1723,0,outer_ring
3238,49.23743282477541,17.060398839025034,1959,0,outer_ring
3239,45.437516547607686,14.227051128400568,1558,0,outer_ring
3240,50.260328812724026,14.704819976037832,2155,0,outer_ring
3241,51.65073516551455,13.70385106975852,2272,0,outer_ring
3242,54.488525105482985,14.421035991933856,2498,0,outer_ring
3243,56.88896994617684,11.74978994244168,2620,0,outer_ring
3244,52.60972473574754,11.57773517291615,2370,0,outer_ring
3245,47.49813538809348,9.730778568100751,1772,0,outer_ring
3246,48.34911085131186,10.539837046929506,1905,0,outer_ring
3247,46.47622582333386,7.281095785177243,1676,0,outer_ring
3248,49.19859534453201,10.37700655763603,2017,0,outer_ring
3249,52.75687891865366,9.645396311976569,2375,0,outer_ring
3250,55.55230874660945,10.063720331746978,2552,0,outer_ring
3251,62.53385882983927,10.379143353032395,2849,0,outer_ring
3252,65.61140997749139,10.51541914082204,11157,5,text_en_1919
3253,65.17459583366549,10.44759394879658,2893,0,outer_ring
3254,69.83830100314927,9.22937846875528,3212,0,outer_ring
3255,74.02741469548378,10.391795305079,4297,1,inner_ring
3256,77.54668936217269,10.433004196629476,10674,5,text_en_1919
3257,67.23218446590607,9.834690369813195,3016,0,outer_ring
3258,68.34158230615124,6.533909650789958,3070,0,outer_ring
3259,68.48783096148216,3.8356204774263176,2982,0,outer_ring
3260,36.55676323852407,25.35323870377329,3995,1,inner_ring
3261,39.82087276611549,25.315467732399807,1491,0,outer_ring
3262,90.79549587345458,42.0695305126683,4411,1,inner_ring
3263,51.09206603009985,96.24357101388938,537,0,outer_ring
3264,47.06821775645973,95.01732466579334,866,0,outer_ring
3265,45.68883895626357,94.48573140833082,948,0,outer_ring
3266,56.02135273026789,97.83888426547358,345,0,outer_ring
3267,50.96295182367277,96.31855287943456,552,0,outer_ring
3268,44.61991904300369,93.35222832730152,1042,0,outer_ring
3269,43.395279738574224,92.22326959518163,1097,0,outer_ring
3270,39.89289829637764,87.14379509079731,8698,5,text_en_1919
3271,39.8694943382859,87.29482219604466,1227,0,outer_ring
3272,34.192099127146186,78.8724154381801,3613,1,inner_ring
3273,34.86309103287333,79.47431401206637,3604,1,inner_ring
3274,27.110017129975123,72.82966747629143,9445,5,text_en_1919
3275,27.58871971763244,73.32272166591522,9413,5,text_en_1919
3276,22.238509164689752,62.92821811488327,9719,5,text_en_1919
3277,22.357860056873616,64.55501883641718,9575,5,text_en_1919
3278,21.98967855127829,59.16333128110254,9824,5,text_en_1919
3279,22.677302542379174,54.29252019770956,10010,5,text_en_1919
3280,25.19069800959842,51.41307866454085,10245,5,text_en_1919
3281,28.095058568210906,51.03023331510062,3779,1,inner_ring
3282,29.887253987012038,51.17058800005866,5230,2,octagram
3283,33.341782287577495,51.14888393263027,5213,2,octagram
3284,39.34136910245933,50.75997985865622,6800,3,stroke_nan
3285,42.53559121626713,52.36832651080356,7015,3,stroke_nan
3286,49.04400709665263,54.7698687336065,5036,2,octagram
3287,52.553684218371146,55.72723434533528,6654,3,stroke_nan
3288,51.15048910004944,55.60067514258227,5004,2,octagram
3289,57.24721925814129,55.6184512591268,7578,4,stroke_kai
3290,58.20456135157798,57.07424878167609,4708,2,octagram
3291,61.49721500653679,63.70556215019943,9354,5,text_en_1919
3292,61.86329710627681,68.12693364976357,8852,5,text_en_1919
3293,61.73635977093305,67.76266176235401,8919,5,text_en_1919
3294,58.76734972798582,57.46762862218117,4695,2,octagram
3295,53.89006855895351,48.31206992925216,6921,3,stroke_nan
3296,51.4949447114814,44.75239346768148,7238,3,stroke_nan
3297,48.36571713803882,38.99878013183711,7375,3,stroke_nan
3298,48.67966404546042,39.74713839582205,5639,2,octagram
3299,51.68293341748716,44.82093208288282,7231,3,stroke_nan
3300,44.5500598503896,35.52028625645276,5574,2,octagram
3301,41.388344759215805,32.034730030126354,5746,2,octagram
3302,41.45901761271208,32.31262040269558,5732,2,octagram
3303,33.36404029086712,31.20765190691424,5537,2,octagram
3304,30.32330498400934,32.20279972471904,3867,1,inner_ring
3305,29.856074168852707,34.635943836010874,3861,1,inner_ring
3306,31.829419147793978,39.27267549433872,5401,2,octagram
3307,34.31197977692909,42.48331626414779,7226,3,stroke_nan
3308,38.98485271266112,50.34811513210775,6799,3,stroke_nan
3309,29.538517165084187,33.00461526958661,10647,5,text_en_1919
3310,30.343215838810703,32.04381464275272,3881,1,inner_ring
3311,29.642203910178296,30.28350167165553,10763,5,text_en_1919
3312,34.54112155737228,25.427213491048438,1417,0,outer_ring
3313,38.520545855843054,24.943993646909583,1470,0,outer_ring
3314,42.68172112018277,25.198628343286213,11333,5,text_en_1919
3315,44.93579029802002,26.43348412157715,11194,5,text_en_1919
3316,48.24977315137909,29.83530424549262,5820,2,octagram
3317,50.98010610580984,33.86636311248,7469,3,stroke_nan
3318,52.63509455247847,36.25662942344033,4118,1,inner_ring
3319,53.07174643725856,36.58232827532018,5891,2,octagram
3320,56.17509034674481,41.53823974873208,8465,4,stroke_kai
3321,56.47139609847428,41.76367571601111,8362,4,stroke_kai
3322,57.71096262046535,43.00437689103232,8096,4,stroke_kai
3323,63.32323616167105,46.47483559382976,8053,4,stroke_kai
3324,66.4550674525091,47.36111486410451,7907,4,stroke_kai
3325,66.55630030673885,47.441864527166,7860,4,stroke_kai
3326,70.983923674656,55.82396775654534,4448,2,octagram
3327,71.7229043340613,61.44338484932918,7799,4,stroke_kai
3328,71.2319177808094,66.02912386920516,7645,4,stroke_kai
3329,66.53034852005247,69.49545558867668,7597,4,stroke_kai
3330,47.77772733394105,78.36700905599025,4930,2,octagram
3331,47.20973346998075,81.29281341854639,9021,5,text_en_1919
3332,51.40242142164157,85.6898000917547,634,0,outer_ring
3333,53.74771280810238,85.71793948368394,488,0,outer_ring
3334,54.02507287302245,85.90062516541636,471,0,outer_ring
3335,56.60563927336809,85.37258258523664,8710,5,text_en_1919
3336,56.46552277749008,84.87688392566399,8835,5,text_en_1919
3337,52.0878446838254,79.52448264708993,8725,5,text_en_1919
3338,50.78061145208592,78.73269197873886,4856,2,octagram
3339,49.48988615405271,78.62554594074189,9280,5,text_en_1919
3340,48.377551874641824,78.14901574260372,4903,2,octagram
3341,29.522213523559756,60.3587254381894,5171,2,octagram
3342,29.57717783456756,61.74376778515452,3703,1,inner_ring
3343,30.29911943811875,62.382523554926166,5083,2,octagram
3344,57.01157579254398,98.96471298053817,298,0,outer_ring
3345,62.66622426907807,98.92622325859038,183,0,outer_ring
3346,63.60838180068628,98.54410139563024,151,0,outer_ring
3347,67.21237219853165,95.87041940207654,69,0,outer_ring
3348,69.58019787095463,93.13851527556264,8634,5,text_en_1919
3349,71.82268178960373,88.45348812681746,8923,5,text_en_1919
3350,74.72041594401033,81.83227708966366,9402,5,text_en_1919
3351,76.13419522716927,77.46915391591561,4605,2,octagram
3352,77.47061268057162,73.54051203625463,3364,1,inner_ring
3353,78.87681421719508,69.38751627577422,4529,2,octagram
3354,80.38162642605984,65.9114360663768,3336,1,inner_ring
3355,83.04492425737504,57.25133818241902,4428,2,octagram
3356,82.72690012558435,58.614269787110594,9772,5,text_en_1919
3357,84.36116505895488,53.80975646607391,6565,2,octagram
3358,87.95324108751942,46.60050481912292,10043,5,text_en_1919
3359,88.94385335189014,44.93886866950064,10034,5,text_en_1919
3360,89.15755302159408,44.251117716640536,10125,5,text_en_1919
3361,92.91744764820628,40.672006000697856,10314,5,text_en_1919
3362,95.04404995491484,37.84012367640979,10465,5,text_en_1919
3363,95.28803177250585,38.13389970111815,10248,5,text_en_1919
3364,55.483319760482864,40.57079915217184,5935,2,octagram
3365,57.89546409506056,40.37597609599055,8196,4,stroke_kai
3366,60.29925374057034,35.6781368677078,8329,4,stroke_kai
3367,62.11564390298627,31.22767960754156,8406,4,stroke_kai
3368,64.29605159062243,24.664827725250824,6175,2,octagram
3369,64.4184923395332,24.38257680257778,6164,2,octagram
3370,72.5436662525554,22.89777901369606,6383,2,octagram
3371,73.58964555925373,22.897188346785786,4393,1,inner_ring
3372,67.51751872959967,21.25942621763973,4335,1,inner_ring
3373,64.48836046985522,19.44276121190097,10863,5,text_en_1919
3374,62.27275809225801,18.91165265433359,11009,5,text_en_1919
3375,62.114678360333926,18.863568551867736,10984,5,text_en_1919
3376,59.269650913507874,18.240598033389457,2739,0,outer_ring
3377,57.9260966521388,18.041617455467783,2689,0,outer_ring
3378,53.40887075430565,18.087088847616837,11187,5,text_en_1919
3379,51.3401487715379,17.721221268596587,2224,0,outer_ring
3380,48.16293988044262,15.131515499406405,1762,0,outer_ring
3381,45.21029787183916,13.890145874720218,1557,0,outer_ring
3382,48.25044856107689,15.153535005835517,1783,0,outer_ring
3383,50.61078510969449,14.65535526775421,2181,0,outer_ring
3384,53.34345437023989,14.680817734249436,2469,0,outer_ring
3385,56.59613464754842,12.919252502471096,2606,0,outer_ring
3386,51.63913749529444,13.776269806112287,2271,0,outer_ring
3387,49.47929272349248,10.269789220459993,2053,0,outer_ring
3388,48.843590336693424,9.396656978267558,1971,0,outer_ring
3389,47.52883134711327,6.745595061433761,1852,0,outer_ring
3390,49.90827422805607,9.691235857780406,2126,0,outer_ring
3391,52.69123512826826,9.693203209707583,2371,0,outer_ring
3392,56.75631404238035,10.009903008831309,2599,0,outer_ring
3393,59.12271720230002,10.12711994844981,2700,0,outer_ring
3394,62.3483816812713,10.422106797129215,2838,0,outer_ring
3395,66.31713493276513,10.437259921405747,11113,5,text_en_1919
3396,68.6896031320922,8.814438719421375,3193,0,outer_ring
3397,72.02698767465782,10.424090453014522,4225,1,inner_ring
3398,74.5232151284645,10.501009260510196,4312,1,inner_ring
3399,67.73113728640841,9.192049318005717,3147,0,outer_ring
3400,68.60344705038818,5.666797199985062,3073,0,outer_ring
3401,68.40928725785068,3.753126941044109,2964,0,outer_ring
3402,36.90514488126224,25.324082969674823,11052,5,text_en_1919
3403,40.10220839910444,25.12748112062649,1519,0,outer_ring
3404,90.64392786071572,42.266378751999625,10168,5,text_en_1919
3405,48.48235781891221,95.4666257643797,772,0,outer_ring
3406,47.62028281625485,95.18610434773277,808,0,outer_ring
3407,44.45132108753593,93.4251295960806,1047,0,outer_ring
3408,55.95721430949369,98.05400833832778,351,0,outer_ring
3409,48.54184332256666,95.4684500978354,766,0,outer_ring
3410,44.80602693585617,93.38489217327226,1035,0,outer_ring
3411,43.33790764921354,92.29338536951754,1099,0,outer_ring
3412,42.20671761440097,90.81293845354789,1139,0,outer_ring
3413,39.11653533125542,85.78912815201846,8785,5,text_en_1919
3414,33.63866481243471,78.23002614891209,4997,2,octagram
3415,31.025464419763946,76.16553428687672,3643,1,inner_ring
3416,26.627875830657537,72.23908255469988,9511,5,text_en_1919
3417,27.13914913026432,72.788427966738,3670,1,inner_ring
3418,22.56760856004386,65.2839125670227,9577,5,text_en_1919
3419,21.92181587858781,58.18643805537235,9921,5,text_en_1919
3420,22.745706694696946,53.60922381179887,10216,5,text_en_1919
3421,22.27835723007242,56.08875432146324,9931,5,text_en_1919
3422,26.995152579116347,51.17466953876025,10007,5,text_en_1919
3423,27.25721090410228,51.12527221218113,10013,5,text_en_1919
3424,34.051990203971414,51.205828326448966,5203,2,octagram
3425,36.07667880679711,50.64963693900175,5328,2,octagram
3426,38.44530445677739,49.608747146056885,6934,3,stroke_nan
3427,41.45459261111178,52.02629771362609,6888,3,stroke_nan
3428,49.18143467254828,55.15278714307685,5022,2,octagram
3429,50.80602474416628,55.27884891685176,6593,3,stroke_nan
3430,51.12997751621139,55.51175312751889,6579,3,stroke_nan
3431,57.07465712939892,55.7476955325948,4769,2,octagram
3432,58.12058396760598,57.054304420308455,3474,1,inner_ring
3433,60.12765766048511,59.77236029571445,7902,4,stroke_kai
3434,61.79220553177249,68.22155061025323,8839,5,text_en_1919
3435,61.77339187284718,65.5257343965936,9246,5,text_en_1919
3436,58.95811249853486,57.3854191732178,7959,4,stroke_kai
3437,54.3879364328964,48.8903436979268,4825,2,octagram
3438,51.4938786149494,44.76609191357674,7236,3,stroke_nan
3439,48.70247042005252,39.5972760911984,7330,3,stroke_nan
3440,49.83001110755718,42.481987230903385,7479,3,stroke_nan
3441,50.4397250821203,43.2858095254914,7382,3,stroke_nan
3442,43.67106180219577,33.70025044704988,5794,2,octagram
3443,42.06105880788711,32.24013832560782,5784,2,octagram
3444,36.95283830333712,30.714384470120983,7303,3,stroke_nan
3445,37.49249487455116,30.959450499457315,3924,1,inner_ring
3446,30.435268049407053,32.13384394516908,3872,1,inner_ring
3447,29.53267571226458,36.08420050311629,10556,5,text_en_1919
3448,34.052468659395686,42.50390023481436,5374,2,octagram
3449,35.955999945020665,44.99292455921866,7082,3,stroke_nan
3450,38.99164128686727,50.03102047232598,7009,3,stroke_nan
3451,29.618330242503685,36.12908575227521,10542,5,text_en_1919
3452,29.63937113990419,29.723700314540125,10796,5,text_en_1919
3453,29.59545688838701,30.23818163481006,10775,5,text_en_1919
3454,34.269843096708826,25.63393558025254,1414,0,outer_ring
3455,37.63324474129451,25.232239539329345,11039,5,text_en_1919
3456,39.944169064383125,25.21752510346298,1501,0,outer_ring
3457,42.00272933006138,25.203829259106143,11106,5,text_en_1919
3458,45.79240780439546,27.150515120937577,11015,5,text_en_1919
3459,48.75609203194784,30.45950532598167,5843,2,octagram
3460,53.02569439402676,36.48529212330651,4130,1,inner_ring
3461,52.01436453696267,35.25140996036371,7441,3,stroke_nan
3462,55.63952920396866,40.656060543480834,5939,2,octagram
3463,56.72551325078949,40.97651284788243,6021,2,octagram
3464,58.364104332789765,43.47056975170132,8138,4,stroke_kai
3465,63.73678979928734,46.51868720227618,8023,4,stroke_kai
3466,64.47620707834851,46.679512244789926,8008,4,stroke_kai
3467,64.9977201799973,47.02463892024501,7871,4,stroke_kai
3468,69.43343278001035,51.17230942645397,6508,2,octagram
3469,71.03543858028297,56.97891084796154,4480,2,octagram
3470,71.7608155194405,62.940215435125005,7736,4,stroke_kai
3471,70.39171468859746,67.85981224696687,4563,2,octagram
3472,49.35132429713514,79.18787627476574,8744,5,text_en_1919
3473,47.80300254851057,83.53062067917548,991,0,outer_ring
3474,51.86082792906726,85.49937761711749,573,0,outer_ring
3475,51.15291818912519,85.57429811254197,650,0,outer_ring
3476,55.667331904948256,86.29614399523099,397,0,outer_ring
3477,56.53019666988568,85.20528722784321,8770,5,text_en_1919
3478,55.55428185645059,85.67780335556212,8702,5,text_en_1919
3479,55.098630616877934,82.1143855893761,9107,5,text_en_1919
3480,52.54315883596437,79.88396920883847,3539,1,inner_ring
3481,49.14612488464391,78.4971152380514,9261,5,text_en_1919
3482,49.31617709076418,78.55795392904307,3566,1,inner_ring
3483,29.501517044711825,61.65762643037391,3707,1,inner_ring
3484,29.998502321643517,62.39078326692271,3682,1,inner_ring
3485,29.82431047587212,62.41222937268515,3688,1,inner_ring
3486,56.53790860122278,98.3725658649068,313,0,outer_ring
3487,64.56644099872665,98.2082840508698,109,0,outer_ring
3488,65.66995014449473,97.16091146257446,103,0,outer_ring
3489,67.58815694717073,95.35675559567984,53,0,outer_ring
3490,71.53124957687606,89.29689690266011,8866,5,text_en_1919
3491,73.31179190156685,85.26019968019408,9278,5,text_en_1919
3492,72.7128240620129,86.19873163361191,8968,5,text_en_1919
3493,75.29796476519391,80.0192262271654,3395,1,inner_ring
3494,76.41160104280007,76.75477741889871,4596,2,octagram
3495,78.87033572373295,69.5221049242428,4536,2,octagram
3496,80.84756251494484,63.94391515936982,4498,2,octagram
3497,81.19009636236399,63.706332428234816,4484,2,octagram
3498,82.61800159681758,58.52890096985147,4440,2,octagram
3499,85.16366801419736,52.53764847510277,9802,5,text_en_1919
3500,86.12558953923886,49.9068974194488,9865,5,text_en_1919
3501,88.94831379855457,44.63651611343171,10133,5,text_en_1919
3502,90.49712136497484,42.52271743049893,10050,5,text_en_1919
3503,95.28622117008416,37.56535146929381,10467,5,text_en_1919
3504,96.609350992745,35.99061658913497,10494,5,text_en_1919
3505,97.46812825698336,35.13584871902423,10660,5,text_en_1919
3506,56.338496643033984,40.68937528878856,5992,2,octagram
3507,58.786056920180265,38.9354475586007,8345,4,stroke_kai
3508,62.29393958555431,31.03149190585844,8348,4,stroke_kai
3509,63.620235599483685,27.7981106426035,8476,4,stroke_kai
3510,64.36256041291627,24.95997658590037,6217,2,octagram
3511,64.21187257914966,24.694356555126536,6172,2,octagram
3512,73.89515020360314,22.72593970699682,10656,5,text_en_1919
3513,69.16227453337902,22.360414953614757,4347,1,inner_ring
3514,70.8718919778307,22.66021014916164,6414,2,octagram
3515,64.06866259202185,19.23910628782928,10891,5,text_en_1919
3516,62.92446254783423,18.82344697344751,11088,5,text_en_1919
3517,59.55477634177872,18.270713740647928,2751,0,outer_ring
3518,59.56773532778103,18.390800485616417,2753,0,outer_ring
3519,58.131711241358026,18.208614736804,11300,5,text_en_1919
3520,53.95267642989079,17.970494725680293,11346,5,text_en_1919
3521,50.68597936973235,17.683677406687774,11270,5,text_en_1919
3522,48.40011251523708,16.366186565405293,1781,0,outer_ring
3523,45.1577709779616,13.92208078337547,1556,0,outer_ring
3524,48.0211222515992,15.151241474401893,1733,0,outer_ring
3525,49.17930624270546,14.56849600650279,1973,0,outer_ring
3526,55.66944624217491,14.062770747238533,2581,0,outer_ring
3527,54.586140572421805,14.568417497286887,2507,0,outer_ring
3528,53.47289527129952,10.667773937587604,2457,0,outer_ring
3529,49.756887552057215,9.922497305944404,2098,0,outer_ring
3530,48.99021442559487,9.321269444529849,1986,0,outer_ring
3531,48.89339344723977,7.777652353943253,1983,0,outer_ring
3532,49.80255805789371,9.78193791914488,2109,0,outer_ring
3533,53.60260425795031,10.42658358718704,2468,0,outer_ring
3534,59.42955221277987,10.264428923280695,2718,0,outer_ring
3535,61.57279903495453,10.527749663561655,2799,0,outer_ring
3536,60.86156829792201,10.274932150424192,2763,0,outer_ring
3537,67.94751628335295,8.829591712557786,3168,0,outer_ring
3538,70.03355754221582,9.654374764393223,6095,2,octagram
3539,74.13046399031937,10.453256238361265,4307,1,inner_ring
3540,76.39359548440765,10.571971433013609,4330,1,inner_ring
3541,67.4494994079683,9.558511334144846,3051,0,outer_ring
3542,68.58444485220592,4.068663274552407,3003,0,outer_ring
3543,68.27312608560499,6.160340096276357,3037,0,outer_ring
3544,38.58275722590672,25.51681362427587,5762,2,octagram
3545,39.777649930799925,25.323495920556294,1487,0,outer_ring
3546,90.8331400385436,41.976083759995376,4409,1,inner_ring
3547,49.07580240630701,95.72918192218312,713,0,outer_ring
3548,47.196829720654506,95.12961081623726,854,0,outer_ring
3549,44.400708533460815,93.374719228724,1052,0,outer_ring
3550,57.15450233226055,98.93294218050004,288,0,outer_ring
3551,49.46174433870935,95.72675490635464,680,0,outer_ring
3552,45.596670820353566,94.38889271463992,958,0,outer_ring
3553,40.98726461315374,89.32965093645944,1200,0,outer_ring
3554,41.96991213325778,90.3746588034574,1151,0,outer_ring
3555,39.42410361914559,86.48460443349995,1239,0,outer_ring
3556,33.39787732976859,78.10104387385275,4996,2,octagram
3557,33.45752219784599,78.20024924680477,3619,1,inner_ring
3558,32.18435696293106,77.08381144295988,3625,1,inner_ring
3559,27.04201612275618,72.64925100346511,3672,1,inner_ring
3560,22.090719507783973,63.1572176573952,9681,5,text_en_1919
3561,22.03543188657747,59.555926328157305,9778,5,text_en_1919
3562,22.46389792824763,55.482889849712905,9932,5,text_en_1919
3563,24.00795494191245,52.24354853034244,10170,5,text_en_1919
3564,23.796872445508345,52.38342335693186,10184,5,text_en_1919
3565,28.072247870859368,51.024733050082645,3780,1,inner_ring
3566,33.795686895525904,51.09578523633853,5289,2,octagram
3567,37.53581757035107,49.48537396083138,6971,3,stroke_nan
3568,40.84771953446044,51.66595653115938,6897,3,stroke_nan
3569,44.63735911524172,53.25887523201612,6769,3,stroke_nan
3570,45.63880006493866,53.75845187835841,6659,3,stroke_nan
3571,51.03871293208703,55.274244387143725,6692,3,stroke_nan
3572,51.59606582496296,55.49617772387715,6698,3,stroke_nan
3573,56.89490764351178,55.97596236636343,4774,2,octagram
3574,58.01618838093826,56.889303237556256,4719,2,octagram
3575,61.61418090740869,64.33284679283194,9299,5,text_en_1919
3576,61.49558110394386,64.04721787938686,9309,5,text_en_1919
3577,61.65936049734445,67.04858551447595,9085,5,text_en_1919
3578,57.088632359402375,55.80896602942645,4757,2,octagram
3579,53.89135120180536,48.03068755049619,7006,3,stroke_nan
3580,51.73468501587932,44.94679776359727,7218,3,stroke_nan
3581,48.93899070758571,40.80777869611131,7524,3,stroke_nan
3582,50.63641416355608,43.67377080669439,7312,3,stroke_nan
3583,50.18536019272331,43.053683901216544,7404,3,stroke_nan
3584,43.662100206894806,33.57151465210571,5796,2,octagram
3585,42.0725561391538,32.29938779189572,5792,2,octagram
3586,41.93594592922628,32.21969187153653,5785,2,octagram
3587,34.24362419634921,30.763153730303117,7291,3,stroke_nan
3588,31.8732025807903,32.16737007498962,5432,2,octagram
3589,29.684776163002148,36.09088226742534,3851,1,inner_ring
3590,32.221594326471006,39.79787147507253,5394,2,octagram
3591,34.00905095302771,42.15541855469965,5379,2,octagram
3592,38.81813519948835,49.83760523726259,7008,3,stroke_nan
3593,29.601727187961643,36.16574377943249,10541,5,text_en_1919
3594,29.55556839290025,30.893455000186457,10750,5,text_en_1919
3595,31.0645322787607,27.3966148699363,3908,1,inner_ring
3596,33.34523907821635,25.91727346360838,10852,5,text_en_1919
3597,36.8069852563243,25.45518279134511,4002,1,inner_ring
3598,43.273313969175234,25.297405052526937,11322,5,text_en_1919
3599,45.004969567876,26.55438411070865,10974,5,text_en_1919
3600,48.59665823485307,30.383190830168168,5836,2,octagram
3601,50.39482025140347,32.75040245530751,7553,3,stroke_nan
3602,53.249905488958014,37.01536962796855,5910,2,octagram
3603,54.84299448134712,40.01288595312376,5922,2,octagram
3604,55.79043422461894,40.56057482916537,5952,2,octagram
3605,56.55024340726549,41.81895855957728,8349,4,stroke_kai
3606,58.30697621133277,43.6199567245583,8092,4,stroke_kai
3607,61.217374322556026,45.482663205117206,8077,4,stroke_kai
3608,63.6085716393397,46.29119533783499,6456,2,octagram
3609,63.56901437931891,46.58724066411367,7981,4,stroke_kai
3610,71.20132681720614,57.10069411208868,4470,2,octagram
3611,71.18719014237124,57.15696365824747,4474,2,octagram
3612,70.47694354817446,67.77318810604791,4562,2,octagram
3613,65.53427036543401,69.30848661553523,7712,4,stroke_kai
3614,48.446092904531326,79.51605952829559,8601,5,text_en_1919
3615,47.37906100848664,81.6139582162154,8970,5,text_en_1919
3616,49.02820982789768,84.92932573259213,888,0,outer_ring
3617,51.73709258653583,85.45600241634739,595,0,outer_ring
3618,56.07852925799567,86.21698530391195,8591,5,text_en_1919
3619,56.329132653507486,86.35148118016434,338,0,outer_ring
3620,56.7313838643792,85.77579041965102,8618,5,text_en_1919
3621,51.959812956160405,79.33970097199847,8987,5,text_en_1919
3622,53.0824756483553,80.22800816139709,3526,1,inner_ring
3623,48.43683905917065,78.103476495135,4902,2,octagram
3624,49.576422545725606,78.63784914037245,3561,1,inner_ring
3625,29.480549274048016,60.36356792650935,5173,2,octagram
3626,29.57544715986456,61.63874590091573,3705,1,inner_ring
3627,30.062174911565048,60.93757958748472,6666,3,stroke_nan
3628,58.820457073580975,99.63594229649642,268,0,outer_ring
3629,62.641083587295896,98.9632760676046,185,0,outer_ring
3630,67.80711060288421,95.36721508834488,51,0,outer_ring
3631,66.2571390906662,96.5570070606723,96,0,outer_ring
3632,71.70256174078641,88.49907197527591,8935,5,text_en_1919
3633,73.46893446800337,85.05859615022268,9285,5,text_en_1919
3634,75.16246303488172,79.977544885929,4622,2,octagram
3635,76.83890861307742,76.13416310916425,9456,5,text_en_1919
3636,77.1876162803578,74.47766558453418,9539,5,text_en_1919
3637,79.10739665539779,69.06010317393302,3341,1,inner_ring
3638,78.58637948707181,70.19359113234228,4540,2,octagram
3639,83.12074982447683,57.613449142360594,9777,5,text_en_1919
3640,83.3813627501473,56.45963807295696,4423,2,octagram
3641,86.11967242673887,49.6616822950654,3285,1,inner_ring
3642,87.960607149202,46.42790603705833,10128,5,text_en_1919
3643,87.27507673645378,47.23075534718065,9978,5,text_en_1919
3644,90.57225947218062,42.37485162736319,10069,5,text_en_1919
3645,93.17469096645434,40.32414793337915,10408,5,text_en_1919
3646,98.27798784560152,34.41435532991494,10613,5,text_en_1919
3647,96.53226364036504,36.226572506546006,10451,5,text_en_1919
3648,56.75834692700976,41.23401533174659,6075,2,octagram
3649,58.96745604256828,38.75064572219208,8270,4,stroke_kai
3650,60.576024017822746,34.49203535836634,8416,4,stroke_kai
3651,63.86146440362348,26.27655841988525,8558,4,stroke_kai
3652,63.38157450372053,28.302472923335404,8447,4,stroke_kai
3653,64.31693725333622,24.87060257681701,6199,2,octagram
3654,70.12984656474801,22.32165606463907,8294,4,stroke_kai
3655,70.94449687404949,22.6995718644964,6415,2,octagram
3656,67.42510485724385,21.19224962788003,4333,1,inner_ring
3657,65.13797601151938,19.674095632854492,10878,5,text_en_1919
3658,62.28963563399892,18.990831001995016,4182,1,inner_ring
3659,60.28020107548293,18.47894961006852,2794,0,outer_ring
3660,56.05622720700447,18.11429444390652,11290,5,text_en_1919
3661,55.85863226118123,18.18706532111047,11151,5,text_en_1919
3662,53.98552621222321,18.070988002713666,11289,5,text_en_1919
3663,48.7695740033892,16.643992071632322,1814,0,outer_ring
3664,48.25728891084236,15.07482878025371,1788,0,outer_ring
3665,45.72005690347845,14.38883529922878,1567,0,outer_ring
3666,48.02329132022883,15.229288507608397,1732,0,outer_ring
3667,49.4829594655475,14.705926724894924,2033,0,outer_ring
3668,55.544094031232696,14.074354515670208,2576,0,outer_ring
3669,54.55206220073666,14.539276292783704,2504,0,outer_ring
3670,51.78607830937903,12.974929137186171,2299,0,outer_ring
3671,49.31045192647666,10.315324708403844,2036,0,outer_ring
3672,49.236721394938485,9.3440379866176,2031,0,outer_ring
3673,48.66154669468041,7.776763819378409,1964,0,outer_ring
3674,49.6857378260174,9.771692027169683,2086,0,outer_ring
3675,52.95440372574756,11.286605980516,2417,0,outer_ring
3676,57.90170850790442,10.10569671139774,2645,0,outer_ring
3677,63.15526218376407,10.39289444802015,2857,0,outer_ring
3678,65.94629180443015,10.323800375928656,2921,0,outer_ring
3679,65.88580473060578,10.37532175873887,2920,0,outer_ring
3680,69.44798732161861,9.289228490403744,3207,0,outer_ring
3681,73.96633484828058,10.480547690978412,4300,1,inner_ring
3682,75.37470286747273,10.373614234161344,4317,1,inner_ring
3683,68.06442084771533,8.960505823225994,3188,0,outer_ring
3684,68.47360840844709,3.218299227144257,2948,0,outer_ring
3685,68.63187039350089,4.363308879677049,3022,0,outer_ring
3686,36.48601300312801,25.29438526824012,11209,5,text_en_1919
3687,38.67829015657996,25.347308528410068,5775,2,octagram
3688,90.91687802854624,42.023536664623016,10345,5,text_en_1919
3689,50.781047828644624,96.1811226083109,569,0,outer_ring
3690,47.55443748623625,95.16193858695542,813,0,outer_ring
3691,43.7673775045531,92.7174327242758,1063,0,outer_ring
3692,53.17475582421509,96.69397226367886,478,0,outer_ring
3693,49.93115242263975,95.78319025352242,645,0,outer_ring
3694,47.0079543405521,94.95506000957587,873,0,outer_ring
3695,41.898441944279845,90.2847691858462,1158,0,outer_ring
3696,40.21710360551751,87.96703552514532,1209,0,outer_ring
3697,39.597165519360935,86.76471846187677,1238,0,outer_ring
3698,34.331144405633616,78.86431809687159,4987,2,octagram
3699,33.785986905399895,78.43783009485242,4992,2,octagram
3700,27.148320430122105,72.69044099821637,3671,1,inner_ring
3701,27.319503077906525,72.95191279616779,3668,1,inner_ring
3702,23.449841832924637,67.54124679905922,9558,5,text_en_1919
3703,22.461010489104165,65.15838012536123,9555,5,text_en_1919
3704,21.983910084245863,59.10807154359401,9838,5,text_en_1919
3705,23.488866494255497,52.65126285633333,10217,5,text_en_1919
3706,27.53445433479146,51.09259276855478,3787,1,inner_ring
3707,31.04327488532393,50.977241746338535,5228,2,octagram
3708,34.78517496283323,51.35189373990908,5185,2,octagram
3709,35.75679258999025,50.98979056126679,5303,2,octagram
3710,43.26988484962905,52.76694460051821,6713,3,stroke_nan
3711,42.61049195313306,52.35618286455323,7014,3,stroke_nan
3712,47.34578764261422,54.28643939804888,6869,3,stroke_nan
3713,51.8248368412907,55.42245512143968,6748,3,stroke_nan
3714,53.68351607168589,55.724405317874094,6680,3,stroke_nan
3715,57.87291220569402,56.71551348053393,4722,2,octagram
3716,58.816085805243496,57.34955624060178,4681,2,octagram
3717,61.53992928392327,63.353443956719104,3443,1,inner_ring
3718,61.593454945441984,67.38842146231605,8990,5,text_en_1919
3719,61.76859343223534,67.62045586101911,8953,5,text_en_1919
3720,58.48551432692889,56.78381284945509,4675,2,octagram
3721,53.99918520472305,48.62369872607104,6903,3,stroke_nan
3722,51.564789773574525,44.83208807922547,7229,3,stroke_nan
3723,48.82423831129035,40.60996869534912,7532,3,stroke_nan
3724,50.55418343912465,43.476574038391135,7365,3,stroke_nan
3725,50.384924371060855,43.045326478030205,7415,3,stroke_nan
3726,44.43631172381026,35.00315086844607,5693,2,octagram
3727,43.75126832757762,34.118634624029255,5720,2,octagram
3728,36.25909801040777,30.556145913836247,7247,3,stroke_nan
3729,37.90205551786383,30.900683022051872,3942,1,inner_ring
3730,33.23773247139183,31.35762440288741,5441,2,octagram
3731,29.61921721926553,34.3541469823737,10593,5,text_en_1919
3732,30.56277366473616,37.75234636875644,3825,1,inner_ring
3733,35.52559047520967,44.23593429985096,7127,3,stroke_nan
3734,37.528938705400094,49.52767979187613,6958,3,stroke_nan
3735,29.714920118304956,36.00113545821992,3853,1,inner_ring
3736,29.539044731311343,29.707583954221207,1405,0,outer_ring
3737,29.63976723694812,30.136985213581923,10776,5,text_en_1919
3738,32.43208590134391,26.39086402676215,3923,1,inner_ring
3739,36.84087484902494,25.12547687212171,1455,0,outer_ring
3740,43.17094827973952,25.29508524214797,11324,5,text_en_1919
3741,45.80633325626911,27.23507961172958,10940,5,text_en_1919
3742,46.33603794658686,27.75737073534893,4072,1,inner_ring
3743,48.44293689226389,30.167763660210888,5829,2,octagram
3744,52.24215244282699,35.61311886883014,11074,5,text_en_1919
3745,54.44815029655543,39.15331482993077,5928,2,octagram
3746,56.311069874211775,41.76897989542495,8361,4,stroke_kai
3747,56.82912836831111,41.78526953415626,8144,4,stroke_kai
3748,60.82075564039701,45.14516938696188,8175,4,stroke_kai
3749,61.804270278480274,45.69789559785438,8072,4,stroke_kai
3750,67.3752209744099,47.53642999665766,6468,2,octagram
3751,67.49030308605472,47.66269796563207,6476,2,octagram
3752,71.75679890257021,59.010909289409696,7849,4,stroke_kai
3753,70.97200469482787,55.84717932056274,4454,2,octagram
3754,71.20124030241035,66.09851533224422,7669,4,stroke_kai
3755,70.45467587583124,67.94237229369503,4559,2,octagram
3756,47.57146658581609,78.61408829102956,4952,2,octagram
3757,49.58193944865455,85.27792901475289,796,0,outer_ring
3758,51.031713595242806,85.36696743373432,663,0,outer_ring
3759,54.06081327125218,85.77785548851297,469,0,outer_ring
3760,53.51189346047562,85.51254327224805,8802,5,text_en_1919
3761,56.1882965502351,86.40850024056392,356,0,outer_ring
3762,55.99594622635076,84.21620681565773,8974,5,text_en_1919
3763,54.92628226020095,81.90862415598852,9165,5,text_en_1919
3764,50.96810684522736,78.901531019743,4855,2,octagram
3765,49.09865468859224,78.30565589087206,4882,2,octagram
3766,48.87062006685436,78.18192765196021,4888,2,octagram
3767,30.27588693487571,61.38537211341664,5120,2,octagram
3768,29.48059201326093,61.27331181996957,5153,2,octagram
3769,29.85128368864802,60.69832600685972,6669,3,stroke_nan
3770,59.12223613699107,99.68337490695166,261,0,outer_ring
3771,59.0188933296108,99.73759477659952,265,0,outer_ring
3772,67.49483365930769,95.4668621755248,57,0,outer_ring
3773,70.50314944106258,92.1100068097127,9,0,outer_ring
3774,71.25123637344755,89.86980386842228,8840,5,text_en_1919
3775,72.9815353172168,85.72974680707074,9009,5,text_en_1919
3776,72.84439624656174,85.61694175121994,9303,5,text_en_1919
3777,74.7660156998434,81.50187230722153,3409,1,inner_ring
3778,76.1075552521241,77.48902268965772,4607,2,octagram
3779,79.48733547810775,68.17896308065426,3339,1,inner_ring
3780,78.41234825895916,70.67430464335257,3349,1,inner_ring
3781,81.01079850462654,64.50071272267752,3331,1,inner_ring
3782,84.74528974548905,52.98656240165637,6557,2,octagram
3783,84.80844329536258,52.92437857058852,3289,1,inner_ring
3784,87.09461881208989,47.41347198002829,3277,1,inner_ring
3785,89.30306341588965,43.89417892896964,10113,5,text_en_1919
3786,90.36275096944524,42.31916295213698,10099,5,text_en_1919
3787,94.98492404088604,37.98991428030822,10430,5,text_en_1919
3788,94.86010712657443,38.308628792066926,10319,5,text_en_1919
3789,95.56862324236752,37.56386398353882,10340,5,text_en_1919
3790,55.69906759140993,40.5415229124429,5948,2,octagram
3791,58.67351171490804,39.01927345811518,8300,4,stroke_kai
3792,59.66015768574945,37.56535344791862,8290,4,stroke_kai
3793,64.05170139193578,26.05480747011509,6222,2,octagram
3794,63.55417632149709,27.53173151337093,8510,4,stroke_kai
3795,64.29390391841436,24.924421481567457,6197,2,octagram
3796,72.10867977728552,22.86099607727974,6404,2,octagram
3797,69.5736558214407,22.44392624177632,4352,1,inner_ring
3798,70.06798124331867,22.44048160095628,8272,4,stroke_kai
3799,64.76611788960044,19.60432135464917,4201,1,inner_ring
3800,65.02851040534439,19.67917845477946,10867,5,text_en_1919
3801,62.19802773442665,19.06426743589351,4180,1,inner_ring
3802,58.14440909289336,18.16393756429612,2705,0,outer_ring
3803,58.05981834286996,18.155484423287817,11337,5,text_en_1919
3804,53.01309887706987,18.16229771480844,2402,0,outer_ring
3805,51.03216584641456,17.653974746359694,2203,0,outer_ring
3806,47.68074737844919,15.418651671408206,1642,0,outer_ring
3807,45.626609135136654,13.592839899183067,1572,0,outer_ring
3808,49.76856700778967,14.64547370409501,2077,0,outer_ring
3809,51.65904008655643,13.425812531453277,2274,0,outer_ring
3810,55.16758777757431,14.338759004280108,2551,0,outer_ring
3811,54.72852177639464,14.352103094893003,2518,0,outer_ring
3812,51.69978065840936,13.39534383364515,2280,0,outer_ring
3813,47.57408015867291,9.95132910118518,1776,0,outer_ring
3814,49.17824356279127,9.302624681343012,2022,0,outer_ring
3815,47.89922799242738,7.192382904245882,1890,0,outer_ring
3816,48.49746546888739,9.537352959099088,1932,0,outer_ring
3817,51.06653016670228,9.420765566497906,2207,0,outer_ring
3818,58.562344273373824,10.296788704089565,2677,0,outer_ring
3819,57.923813645907096,10.109649662461187,2648,0,outer_ring
3820,65.18697174977758,10.481673122308358,2894,0,outer_ring
3821,67.48520105520697,9.650890889993056,3101,0,outer_ring
3822,69.16654620868687,9.337712078625728,3204,0,outer_ring
3823,72.63125791534392,10.336743055357545,4245,1,inner_ring
3824,75.39949586307463,10.47218670875612,4321,1,inner_ring
3825,68.33407278340029,7.935392125936907,3174,0,outer_ring
3826,68.41863029455097,7.537689550340133,3165,0,outer_ring
3827,68.37372688183356,4.097158159236415,2970,0,outer_ring
3828,36.6006440413536,25.264982311020617,11233,5,text_en_1919
3829,40.48633277216938,25.203079650849077,1539,0,outer_ring
3830,92.95884227876854,40.48076485524122,10444,5,text_en_1919
3831,50.30198268888611,96.07836894608891,617,0,outer_ring
3832,48.796634440275405,95.73779885106286,741,0,outer_ring
3833,45.83338145013627,94.32221528080292,940,0,outer_ring
3834,56.46299450977242,98.31296062820742,317,0,outer_ring
3835,50.56263079317443,96.09508394220047,594,0,outer_ring
3836,44.91258230424148,93.7366339125708,1026,0,outer_ring
3837,41.048191914782166,89.14635217811758,1202,0,outer_ring
3838,39.7959807073774,87.12517589216533,1229,0,outer_ring
3839,37.593490335324105,83.35616159747323,1285,0,outer_ring
3840,33.819302342136424,78.59563940952322,9312,5,text_en_1919
3841,33.9482354679855,78.58058487959661,4989,2,octagram
3842,27.38653766159705,73.0632483202277,3667,1,inner_ring
3843,24.06924138898137,68.47309959556034,9615,5,text_en_1919
3844,22.10451083460124,62.6781709968416,9711,5,text_en_1919
3845,21.816182765734823,61.00555617652674,9726,5,text_en_1919
3846,22.16510531829896,56.452118055926256,9922,5,text_en_1919
3847,23.012999346261672,53.59583991056622,10160,5,text_en_1919
3848,28.590981218085247,50.95242294713246,3771,1,inner_ring
3849,27.51022506629457,50.912396640017406,3811,1,inner_ring
3850,33.833851503723096,51.12842372613394,5291,2,octagram
3851,34.22512843957928,51.25478256214225,5205,2,octagram
3852,39.144179520129285,50.370227486453786,6907,3,stroke_nan
3853,43.179394625549975,52.44328372781271,6827,3,stroke_nan
3854,45.44544223160273,53.54358596393148,6771,3,stroke_nan
3855,50.49598778111134,55.30986123276797,5009,2,octagram
3856,56.18561262339259,55.96183156461609,4802,2,octagram
3857,57.5735611021218,56.678479234879696,3490,1,inner_ring
3858,57.95698974590459,57.05334609224447,3482,1,inner_ring
3859,61.73412492916672,65.51763198665361,9245,5,text_en_1919
3860,61.44878930574825,64.98396450729564,9198,5,text_en_1919
3861,61.671325567461245,67.11282836356727,9073,5,text_en_1919
3862,58.2238384453541,56.25143237026628,4654,2,octagram
3863,55.58227707552345,50.951160243761656,7813,4,stroke_kai
3864,51.2998553290995,44.67094358070996,7257,3,stroke_nan
3865,45.873427855489474,36.57913808281277,5602,2,octagram
3866,50.07281701914477,42.450489118215,7478,3,stroke_nan
3867,50.09283362288938,42.835221984857625,7456,3,stroke_nan
3868,46.85909071975856,37.44516288757541,5621,2,octagram
3869,44.61106108743305,34.98764453052365,5702,2,octagram
3870,37.03362960516799,30.728357303124,7274,3,stroke_nan
3871,36.54906797660757,30.624882900714187,7260,3,stroke_nan
3872,33.9041432527292,30.94500072346479,7309,3,stroke_nan
3873,29.49209509623293,36.10122099038795,10564,5,text_en_1919
3874,31.740813757032385,39.20464666243741,5404,2,octagram
3875,34.209111803391565,42.281432663366736,7225,3,stroke_nan
3876,38.29348310748294,49.51471564014597,6970,3,stroke_nan
3877,29.731334035783554,36.20046975043231,3847,1,inner_ring
3878,31.59196954682132,32.02410487141617,5462,2,octagram
3879,29.540769782768766,30.9515651801859,10749,5,text_en_1919
3880,31.239416789705267,27.43330607318405,5526,2,octagram
3881,36.91847973550022,25.27152113321669,11182,5,text_en_1919
3882,43.27652967511592,25.415703999134774,11225,5,text_en_1919
3883,44.579701654595226,25.888513477149534,11269,5,text_en_1919
3884,45.82167088503336,27.05499906162264,11033,5,text_en_1919
3885,50.57600652571341,33.06939148340994,7514,3,stroke_nan
3886,51.03641561291774,33.85384474435467,7473,3,stroke_nan
3887,52.784979481377285,36.40139629137771,4123,1,inner_ring
3888,55.53506153040588,40.80096096290032,8566,4,stroke_kai
3889,56.49032587047642,41.75844391359833,8407,4,stroke_kai
3890,59.95300771896071,44.66170685698051,8220,4,stroke_kai
3891,63.782933618370514,46.45311863439744,8039,4,stroke_kai
3892,66.78196607920677,47.59880002381208,7803,4,stroke_kai
3893,66.2419307652457,47.38049400778865,7901,4,stroke_kai
3894,69.77564497782251,51.38539140339554,6506,2,octagram
3895,70.8449206255828,54.92793964506846,6520,2,octagram
3896,71.12654019136774,66.43129888931766,7642,4,stroke_kai
3897,70.19250723900085,68.59188829543226,4570,2,octagram
3898,47.394203500552734,79.84297748814441,9185,5,text_en_1919
3899,49.72646331321069,85.21933103501397,787,0,outer_ring
3900,49.57961199497861,85.40521953829932,795,0,outer_ring
3901,51.46262730509927,85.59954199521643,631,0,outer_ring
3902,55.87466093617982,86.12733381208437,8658,5,text_en_1919
3903,56.41670460670941,84.98397358437927,8815,5,text_en_1919
3904,56.41599958549354,83.92439307176569,9084,5,text_en_1919
3905,52.6853663245309,79.82278114395308,4800,2,octagram
3906,51.659141450073705,79.2230287583485,8972,5,text_en_1919
3907,49.58959254889756,78.68530996606432,9252,5,text_en_1919
3908,49.10481481487625,78.47497477510495,9271,5,text_en_1919
3909,29.590748277709533,60.93839474771197,5148,2,octagram
3910,29.514257007944646,60.62302453764214,5165,2,octagram
3911,30.235870481692967,61.026173353968105,6664,3,stroke_nan
3912,56.677229836134046,98.53178873898234,307,0,outer_ring
3913,63.67258535850786,98.63734803227878,149,0,outer_ring
3914,67.621631711373,95.38558921711784,52,0,outer_ring
3915,70.27950875671806,92.234395231721,8682,5,text_en_1919
3916,71.83647868528064,88.22116055316127,8994,5,text_en_1919
3917,71.81910072334998,88.88486274868983,8900,5,text_en_1919
3918,73.54342552144838,84.60937718930073,9372,5,text_en_1919
3919,76.12446354395004,77.48737585252441,4604,2,octagram
3920,75.7667418617539,78.35485549861733,4621,2,octagram
3921,77.40303382722637,73.82941552761484,9561,5,text_en_1919
3922,81.2332826797496,63.271253877394905,9724,5,text_en_1919
3923,80.87632375232562,64.4372547927683,4500,2,octagram
3924,83.29682314653522,56.82966225270215,9869,5,text_en_1919
3925,86.27273490664632,49.60938567830429,9859,5,text_en_1919
3926,87.25720343622137,47.26738979132463,9974,5,text_en_1919
3927,88.83622756539793,44.9668991403728,10111,5,text_en_1919
3928,90.5838301606305,42.22099843323864,3232,1,inner_ring
3929,94.68818286992472,38.72062066478487,10246,5,text_en_1919
3930,95.22580456679938,37.89156661615535,10271,5,text_en_1919
3931,97.0460571373544,35.527926345742884,10522,5,text_en_1919
3932,56.05123501935656,40.614600072023,5972,2,octagram
3933,57.55435758694528,40.848838468455874,8230,4,stroke_kai
3934,60.31742540776058,35.15600155264529,8390,4,stroke_kai
3935,63.45722292102671,28.010883942975717,8472,4,stroke_kai
3936,64.43723761912896,24.71022820823695,6216,2,octagram
3937,64.2614668853046,24.92636763141133,6185,2,octagram
3938,70.45579279907464,22.3845172439671,6413,2,octagram
3939,73.45298984862418,22.85832846715844,4384,1,inner_ring
3940,66.73984247427475,20.593448744122057,6125,2,octagram
3941,65.32476435490011,19.837820124321603,4212,1,inner_ring
3942,64.6420506542123,19.49591252760444,10877,5,text_en_1919
3943,62.299003695982805,19.004963238421308,4183,1,inner_ring
3944,57.07422956929776,18.1371392844922,11291,5,text_en_1919
3945,53.499404758083145,18.07149652608765,11231,5,text_en_1919
3946,51.10771011231672,17.657302437341624,2210,0,outer_ring
3947,48.09778740954983,16.295512018430003,1722,0,outer_ring
3948,48.52915911618447,14.916600265560447,1881,0,outer_ring
3949,47.48125413146173,14.167239810497648,1645,0,outer_ring
3950,47.58293601374741,15.567021916210898,1626,0,outer_ring
3951,51.88941740596644,12.941416135050368,2312,0,outer_ring
3952,55.48590368939548,14.219446129767867,2572,0,outer_ring
3953,55.77188332612724,13.95381987146196,2586,0,outer_ring
3954,52.44405359864266,11.863983320150751,2355,0,outer_ring
3955,47.94389553817384,10.212448254104068,1861,0,outer_ring
3956,49.78422320058158,9.392478016542348,2107,0,outer_ring
3957,48.03084888559848,7.37466927462426,1900,0,outer_ring
3958,50.177102399892966,9.676309972096291,2153,0,outer_ring
3959,52.32567495551103,9.741273658187572,2339,0,outer_ring
3960,55.07979907159492,10.072397251184045,2519,0,outer_ring
3961,59.69708254864266,10.32444058739346,2730,0,outer_ring
3962,65.40605866705062,10.357154905113852,2896,0,outer_ring
3963,65.64702206840718,10.25708531768256,2904,0,outer_ring
3964,69.36323694930016,9.275534315203076,3205,0,outer_ring
3965,74.10424965293272,10.282779651911769,3218,0,outer_ring
3966,75.22486123934057,10.457065766582376,4316,1,inner_ring
3967,67.71857898050634,9.313719220813866,3161,0,outer_ring
3968,68.4801296135162,6.264769569089367,3089,0,outer_ring
3969,68.30506882801711,5.62786688817409,3019,0,outer_ring
3970,36.04353326674003,25.123703555788502,1427,0,outer_ring
3971,39.84347606351916,25.055020356883748,1497,0,outer_ring
3972,90.49527721419572,42.35030655684164,10090,5,text_en_1919
3973,50.6121976481082,96.10801223626844,588,0,outer_ring
3974,47.162565624142346,95.12236258826286,858,0,outer_ring
3975,44.41480380575874,93.37965775894789,1049,0,outer_ring
3976,56.16888266008765,98.26237296206554,335,0,outer_ring
3977,50.63869921219024,96.00878565963303,585,0,outer_ring
3978,46.73394666112058,94.981207063764,899,0,outer_ring
3979,43.14127712233338,92.25889711432724,1116,0,outer_ring
3980,39.93616949964141,87.5352489767989,1223,0,outer_ring
3981,40.39457755398554,88.00032310633219,1204,0,outer_ring
3982,36.64224742466598,81.84769161107803,1317,0,outer_ring
3983,34.76002822672445,79.63942065809132,1342,0,outer_ring
3984,31.939828104916216,77.0517777539937,3630,1,inner_ring
3985,23.890179378395224,68.16222647294471,9624,5,text_en_1919
3986,22.389057246889653,63.91186766845027,9663,5,text_en_1919
3987,22.4210645835184,64.65083576698282,9587,5,text_en_1919
3988,21.91626088589983,59.96625151873606,9745,5,text_en_1919
3989,23.91921514872764,52.04770563807703,10323,5,text_en_1919
3990,23.595582099189023,52.456104852280944,10256,5,text_en_1919
3991,28.28078914478269,50.95189261239035,3788,1,inner_ring
3992,33.17074947200691,51.09106570185483,5264,2,octagram
3993,36.69604826660458,50.163728484735365,5352,2,octagram
3994,40.86821872697373,51.53142034759,7046,3,stroke_nan
3995,42.62926974862006,52.3753271325379,7016,3,stroke_nan
3996,48.479965584130426,54.89499929409862,6756,3,stroke_nan
3997,48.95041987713984,54.87383544939513,5040,2,octagram
3998,52.09095969134572,55.74397805907354,4909,2,octagram
3999,58.73816975017829,57.39869785087908,4694,2,octagram
4000,57.34076778048548,56.64001732308173,3495,1,inner_ring
4001,60.48244759853788,60.38256679817504,7880,4,stroke_kai
4002,61.800011975691696,67.84152860010556,8895,5,text_en_1919
4003,61.706485686889856,67.91318972440592,8873,5,text_en_1919
4004,58.45016685871206,56.54657876194091,4664,2,octagram
4005,56.83817132081143,53.99390783182723,7670,4,stroke_kai
4006,51.50507105298766,44.40103848537985,7387,3,stroke_nan
4007,46.93525965985741,37.38355749143534,5662,2,octagram
4008,50.08206008707687,42.87225507862525,7439,3,stroke_nan
4009,50.33448945254458,43.13242900959239,7410,3,stroke_nan
4010,46.961703245800805,37.47385266549293,5649,2,octagram
4011,39.91108368770138,31.61720866583038,3964,1,inner_ring
4012,40.29917162690367,31.80578784022221,5563,2,octagram
4013,35.91519222444994,30.29469149454472,7317,3,stroke_nan
4014,34.20365916907647,30.58286004393873,7362,3,stroke_nan
4015,29.52394574176985,36.13360170690507,10551,5,text_en_1919
4016,32.00034801829595,39.7956585983727,5398,2,octagram
4017,37.85386420110149,48.49474108104874,7024,3,stroke_nan
4018,39.57413622568978,50.82792569469056,6812,3,stroke_nan
4019,29.598455617932316,36.31118326004779,10516,5,text_en_1919
4020,29.657775923447677,30.57738324896823,10753,5,text_en_1919
4021,30.587680827152564,28.24311599589402,5506,2,octagram
4022,32.54579309335816,26.36319983279813,5553,2,octagram
4023,36.68166055669485,25.28957888450938,11221,5,text_en_1919
4024,40.41038767278367,25.291527469432395,4058,1,inner_ring
4025,41.76823146861591,25.14360966045605,11116,5,text_en_1919
4026,44.97679577975583,26.31878034251728,11228,5,text_en_1919
4027,50.36423349518888,33.0874062728784,7506,3,stroke_nan
4028,52.500276136415785,36.07942035898173,4112,1,inner_ring
4029,53.064525693346695,36.6194529380157,5892,2,octagram
4030,55.46330976921481,40.83099169066991,8560,4,stroke_kai
4031,55.56353607786932,41.1316028956374,8469,4,stroke_kai
4032,57.982992842275216,43.33000110258915,8081,4,stroke_kai
4033,63.78458934226362,46.34901283646728,6464,2,octagram
4034,66.61852462359424,47.41887114399346,7859,4,stroke_kai
4035,63.72588922758897,46.41920880152052,8038,4,stroke_kai
4036,69.0447275100647,49.98805080667904,6491,2,octagram
4037,71.27673255653515,57.22560985465908,4466,2,octagram
4038,71.85147180990096,63.67892708306546,7693,4,stroke_kai
4039,70.78448315211253,67.16224820888819,4552,2,octagram
4040,48.47412024858749,79.44458607949332,8621,5,text_en_1919
4041,47.28852689067142,81.08236662355796,9033,5,text_en_1919
4042,52.21910484628284,85.35347550029101,524,0,outer_ring
4043,54.03040190767487,85.80122451806389,473,0,outer_ring
4044,55.76787949492261,86.3159681825976,392,0,outer_ring
4045,56.53861365404144,86.17033508848333,8649,5,text_en_1919
4046,55.508597269935095,85.494872738291,8736,5,text_en_1919
4047,52.50489132341617,79.74265551201603,8693,5,text_en_1919
4048,50.30099095620055,78.82757673569509,3557,1,inner_ring
4049,49.701026065059686,78.58676240776869,4871,2,octagram
4050,47.40154527532732,78.55632952129214,4969,2,octagram
4051,30.58702940927361,61.87746905678657,5096,2,octagram
4052,29.430611553174,61.37323668580841,3718,1,inner_ring
4053,30.16786546733234,62.39461612568295,5105,2,octagram
4054,59.74855261116518,99.64391533108396,240,0,outer_ring
4055,60.91126073081129,99.57876889666926,210,0,outer_ring
4056,66.72420710397786,96.14726231370356,86,0,outer_ring
4057,69.40980132792563,93.38737839907168,8613,5,text_en_1919
4058,71.558832175589,89.40745785874043,8809,5,text_en_1919
4059,72.02201008462777,87.52677423503329,9029,5,text_en_1919
4060,73.0165403311401,85.58286386177436,9141,5,text_en_1919
4061,74.4602101329663,82.065806938907,4650,2,octagram
4062,75.6205124723216,78.51657835735932,4618,2,octagram
4063,77.58292797614119,73.26661047125154,9553,5,text_en_1919
4064,80.91251584647254,64.00509022557937,4496,2,octagram
4065,81.77131930342324,61.619845288844026,9771,5,text_en_1919
4066,82.47964494929792,59.3759277513743,9765,5,text_en_1919
4067,84.57023060209886,53.662329706279735,9843,5,text_en_1919
4068,87.07271874014626,47.375801537458734,3275,1,inner_ring
4069,89.41222017271896,43.7410490130934,10086,5,text_en_1919
4070,88.68072431897582,45.285115247083766,10102,5,text_en_1919
4071,95.17535162906772,37.636490634873645,10466,5,text_en_1919
4072,95.0529762810857,38.11882470422911,10253,5,text_en_1919
4073,96.4966135674229,36.20545673318422,10474,5,text_en_1919
4074,55.744564959021496,40.648151141027725,5947,2,octagram
4075,58.08653197865843,39.70611302252821,8257,4,stroke_kai
4076,59.98379985924238,36.02452321069782,8365,4,stroke_kai
4077,62.80474191360557,29.75196698611654,8448,4,stroke_kai
4078,64.4386942354816,24.402072009443863,6163,2,octagram
4079,67.563946518796,22.36061819368126,6321,2,octagram
4080,73.30471477695218,22.880956778492585,4383,1,inner_ring
4081,73.34964154609484,22.84842903502013,4378,1,inner_ring
4082,69.3619854198279,22.39870833787864,4350,1,inner_ring
4083,66.5739674842565,20.69069374940734,6130,2,octagram
4084,65.05940359522012,19.81537434984277,4207,1,inner_ring
4085,62.76417375380042,18.9924357201651,6033,2,octagram
4086,60.87611310575725,18.74957110334773,2834,0,outer_ring
4087,53.58005686770188,18.199783375371343,10966,5,text_en_1919
4088,50.22129302948674,17.46240184214527,2143,0,outer_ring
4089,50.77114043022422,17.715931959103543,11169,5,text_en_1919
4090,47.85845732312704,15.410953034546589,1684,0,outer_ring
4091,46.37649045704308,15.012961389169,1593,0,outer_ring
4092,49.3977517864543,14.653256001494787,2011,0,outer_ring
4093,49.32699484403996,14.639382189238807,1994,0,outer_ring
4094,53.44412804387133,14.731291335505771,2474,0,outer_ring
4095,57.29333615622437,10.649143015747969,2638,0,outer_ring
4096,52.33636146225127,11.855259353536375,2347,0,outer_ring
4097,49.43210497509913,10.071618292869935,2051,0,outer_ring
4098,47.73976054874012,9.496656321621394,1841,0,outer_ring
4099,47.66859495773507,6.971281321971624,1865,0,outer_ring
4100,48.847557787833686,9.21542832073731,1974,0,outer_ring
4101,53.307966644041024,9.819241446187498,2439,0,outer_ring
4102,54.65267419624193,9.90657629301321,2489,0,outer_ring
4103,61.55223477400461,10.390090878937194,2795,0,outer_ring
4104,66.05701610058841,10.38775288078854,2925,0,outer_ring
4105,67.79260292280175,9.098826431381577,3158,0,outer_ring
4106,73.69813272022068,10.460094465874604,4283,1,inner_ring
4107,72.01956161315675,10.38564853058152,4223,1,inner_ring
4108,76.71668745328087,10.352635504915348,10838,5,text_en_1919
4109,68.38217890443684,7.483125660873853,3156,0,outer_ring
4110,68.35255191706666,7.433497670778728,3146,0,outer_ring
4111,68.16871680974847,6.803970418512414,3046,0,outer_ring
4112,36.46364183252864,25.166418388697224,1451,0,outer_ring
4113,40.36911445439667,25.20898926694123,1534,0,outer_ring
4114,93.49830029002908,40.36177214550639,10182,5,text_en_1919
4115,48.83970382989105,95.66837956185556,737,0,outer_ring
4116,47.54788901314761,95.09976218873734,816,0,outer_ring
4117,45.38464485679357,94.07994254920962,976,0,outer_ring
4118,52.95720185540472,96.86979773239317,487,0,outer_ring
4119,48.80419145601024,95.60064785506432,743,0,outer_ring
4120,45.12438003659906,94.09401259453458,989,0,outer_ring
4121,43.27933164675548,92.3441944723894,1102,0,outer_ring
4122,39.333243650778805,86.29605037846218,1246,0,outer_ring
4123,36.40973259181995,81.54366067510584,1323,0,outer_ring
4124,37.74001250175337,83.65407120052815,1277,0,outer_ring
4125,30.021999152030947,75.53600715535363,9400,5,text_en_1919
4126,27.272624098982284,73.08419918456187,9419,5,text_en_1919
4127,24.261830516154838,69.10632400766787,9476,5,text_en_1919
4128,23.77539835115497,68.04849163624168,9614,5,text_en_1919
4129,22.07236776059741,59.24704212430391,9834,5,text_en_1919
4130,21.85473674833814,58.89544701886254,1392,0,outer_ring
4131,25.27248066375022,51.38502835870053,10251,5,text_en_1919
4132,24.62338474497462,51.692188113317854,10212,5,text_en_1919
4133,30.784973603471176,50.86234810627728,5239,2,octagram
4134,33.27326397412828,51.15426257285755,5214,2,octagram
4135,37.35974040445449,49.760603047385935,6925,3,stroke_nan
4136,41.72436271223387,51.9855184315072,7054,3,stroke_nan
4137,46.22384092924391,53.86166266865129,6786,3,stroke_nan
4138,46.07641084292501,53.74577776801792,6843,3,stroke_nan
4139,48.762412924748965,54.97437149906021,5035,2,octagram
4140,56.09034523200066,55.822527915428175,4809,2,octagram
4141,58.280405243542965,57.0246776028998,4707,2,octagram
4142,57.924385380535576,55.95912720129154,4733,2,octagram
4143,60.177744897276376,59.76228940353163,7904,4,stroke_kai
4144,61.75211954767452,67.79536733624343,8907,5,text_en_1919
4145,61.664500014924165,65.47482014058549,9233,5,text_en_1919
4146,58.0525758567617,56.158615873301216,4729,2,octagram
4147,55.46387355130514,51.03134256464122,7809,4,stroke_kai
4148,53.948159653985634,48.299210677658166,6927,3,stroke_nan
4149,49.11109137337567,41.389827563927966,7494,3,stroke_nan
4150,49.22299529746791,41.383386767974834,7502,3,stroke_nan
4151,49.94549932244004,42.75036839739389,7445,3,stroke_nan
4152,46.04589606378733,36.80713384118417,5599,2,octagram
4153,44.52394673216453,34.865294946063024,5701,2,octagram
4154,37.88189940721232,31.07216005429362,3932,1,inner_ring
4155,35.7974305593896,30.284695974786324,7318,3,stroke_nan
4156,34.04304824986251,30.66302209647375,5559,2,octagram
4157,29.70552465829336,35.12279481754654,10586,5,text_en_1919
4158,35.68495593424481,44.26806894875184,7176,3,stroke_nan
4159,34.76820797216415,43.33409145441636,7133,3,stroke_nan
4160,37.16013238251968,49.739715604039766,5366,2,octagram
4161,29.5659049633512,34.453997080905914,10592,5,text_en_1919
4162,29.73600009857656,31.14675106404212,10720,5,text_en_1919
4163,29.632506535919187,29.73089499362394,10797,5,text_en_1919
4164,34.87507527428582,25.3906917470066,1420,0,outer_ring
4165,36.9232012312396,25.461682574197955,4006,1,inner_ring
4166,40.3118977636961,25.10385256718021,1532,0,outer_ring
4167,46.04761735924704,27.667173198253074,4067,1,inner_ring
4168,46.18993082382743,27.483176705080083,10964,5,text_en_1919
4169,47.64710567118556,29.243328164974194,5806,2,octagram
4170,51.17831058883391,33.99781682515264,7465,3,stroke_nan
4171,52.1697542539509,35.54460888770879,11047,5,text_en_1919
4172,56.49738337688174,40.70413252561667,6013,2,octagram
4173,56.735801716114544,41.85419665644572,8137,4,stroke_kai
4174,61.11752537065236,45.36904214321417,8149,4,stroke_kai
4175,63.54639996114849,46.34775934044676,6460,2,octagram
4176,66.95236462769,47.4307128981216,7967,4,stroke_kai
4177,65.55018541940632,47.12878133876291,7876,4,stroke_kai
4178,71.33696222342815,58.4474319938424,7885,4,stroke_kai
4179,71.8844390728002,63.536364994466,7718,4,stroke_kai
4180,71.8614938583813,61.51963065937663,7811,4,stroke_kai
4181,65.99150170671034,69.4830377689117,7602,4,stroke_kai
4182,47.092657771209296,79.26433105350793,4960,2,octagram
4183,47.38103061016338,81.50153589009386,9011,5,text_en_1919
4184,48.56423379477486,84.6052110078525,928,0,outer_ring
4185,54.57412621955989,85.93664506221572,443,0,outer_ring
4186,56.373325483124425,86.17228167201164,8659,5,text_en_1919
4187,56.20382595989919,83.97543037473476,9012,5,text_en_1919
4188,56.03175434377068,84.42478394976212,8917,5,text_en_1919
4189,52.20221973061249,79.67422043478153,8602,5,text_en_1919
4190,52.5270593097088,79.81227862543689,8603,5,text_en_1919
4191,49.04762236563983,78.21242527542978,6616,3,stroke_nan
4192,48.31123009677641,77.95293250374387,6628,3,stroke_nan
4193,29.417362409364195,61.67348045020643,3709,1,inner_ring
4194,30.11826326138625,62.41803289876594,3676,1,inner_ring
4195,30.126446113354067,62.36769180986245,5114,2,octagram
4196,56.15226406295637,97.981576780499,336,0,outer_ring
4197,60.3692188944885,99.6227150244971,222,0,outer_ring
4198,66.46497057760908,96.3212557137224,90,0,outer_ring
4199,70.24095770302253,92.4828902263257,14,0,outer_ring
4200,69.6498190221345,93.07388841082994,8635,5,text_en_1919
4201,71.51979029212256,89.41406317168881,8808,5,text_en_1919
4202,72.7779010477855,85.80248329641341,9202,5,text_en_1919
4203,74.47129125734172,82.28200038548565,3415,1,inner_ring
4204,77.94723132015312,72.25267105774327,9530,5,text_en_1919
4205,78.2655468017024,70.83487614201444,4548,2,octagram
4206,78.68782001537386,70.00367579949236,4539,2,octagram
4207,81.60758293031068,62.603033402633386,9718,5,text_en_1919
4208,84.73265664222336,53.26023827380986,9844,5,text_en_1919
4209,84.5265043784566,53.44349251535824,6556,2,octagram
4210,85.90625859754692,50.23629435791136,9956,5,text_en_1919
4211,89.26032465960883,44.00290326380498,10119,5,text_en_1919
4212,89.55596502140418,43.831852159247205,10017,5,text_en_1919
4213,95.28312329293736,37.58736439954773,10431,5,text_en_1919
4214,97.91644729023304,34.85618892584101,10554,5,text_en_1919
4215,97.69038971082384,34.79927783612004,10645,5,text_en_1919
4216,56.31226914424359,40.49497347484122,6003,2,octagram
4217,58.92381212798915,38.8641258152545,8269,4,stroke_kai
4218,60.22327264607558,35.51475263868437,8385,4,stroke_kai
4219,61.57208591473325,32.07350604127916,8460,4,stroke_kai
4220,64.54105641032888,24.19389740633625,6146,2,octagram
4221,64.31850368028675,24.83367273626086,6192,2,octagram
4222,72.27871417243219,22.880542295137072,6393,2,octagram
4223,68.75371149327813,22.11430468629447,4342,1,inner_ring
4224,67.38751454707842,21.216805313437348,6292,2,octagram
4225,67.17517996589002,20.9679763691704,6271,2,octagram
4226,63.92248839976837,19.128417228680807,10895,5,text_en_1919
4227,61.87166557290215,18.934919041542837,4164,1,inner_ring
4228,57.72349423252099,18.213507443707982,11208,5,text_en_1919
4229,52.9897021838114,18.172519496963965,2401,0,outer_ring
4230,53.06034623918584,18.18804092561804,2403,0,outer_ring
4231,49.1387537997298,16.83956675154572,1946,0,outer_ring
4232,47.88835350259651,15.326973331796111,1700,0,outer_ring
4233,46.95265441118153,14.043541051786178,1619,0,outer_ring
4234,50.79341608165009,14.57133549551039,2192,0,outer_ring
4235,49.72987388582823,14.5130511860864,2070,0,outer_ring
4236,55.23117255790199,14.236515094087764,2556,0,outer_ring
4237,56.71320347690137,12.138229302430886,2608,0,outer_ring
4238,51.58244080907534,13.99487101323195,2260,0,outer_ring
4239,49.98420686062225,9.70625399222088,2134,0,outer_ring
4240,48.41530376747273,9.36333515589969,1925,0,outer_ring
4241,46.99973395760579,8.920587472994299,1721,0,outer_ring
4242,50.05190601448782,9.69994972290231,2138,0,outer_ring
4243,51.56001576792546,9.45208873370239,2249,0,outer_ring
4244,57.92430203789376,10.08116500779446,2647,0,outer_ring
4245,63.30315195909449,10.429491941370252,2862,0,outer_ring
4246,65.39425639420197,10.494615212833756,2897,0,outer_ring
4247,67.85633198118082,9.244134082824509,3181,0,outer_ring
4248,72.92456355131085,10.423250941415,4253,1,inner_ring
4249,75.68976024366316,10.42140459342476,10815,5,text_en_1919
4250,74.0455285666886,10.346324899020177,3217,0,outer_ring
4251,68.14313533100815,7.9555181984264465,3140,0,outer_ring
4252,68.42417944172098,6.669984208685641,3103,0,outer_ring
4253,68.50896927236094,3.932376700967936,2988,0,outer_ring
4254,36.41699858429512,25.292868449267207,3992,1,inner_ring
4255,40.65435386277037,25.098354332369915,1548,0,outer_ring
4256,92.54932756134195,41.11476935198069,10294,5,text_en_1919
4257,48.453453125889176,95.4631459315826,774,0,outer_ring
4258,48.66634622719156,95.58253627332608,753,0,outer_ring
4259,44.41017111868948,93.16077207852454,1056,0,outer_ring
4260,57.310228385833575,99.20143741517388,283,0,outer_ring
4261,50.32394774085357,96.06947862887895,615,0,outer_ring
4262,45.29535642971009,94.05692564098877,979,0,outer_ring
4263,40.98300630261542,89.32554274936605,1201,0,outer_ring
4264,39.92933812370588,87.31484045711036,1224,0,outer_ring
4265,37.62806836708015,83.78810332462325,1282,0,outer_ring
4266,34.8573873400251,79.32268970823029,4975,2,octagram
4267,34.32100436280979,79.04177349321306,8983,5,text_en_1919
4268,29.586661938411112,75.32636419744884,9295,5,text_en_1919
4269,28.238104321732347,74.15578625377913,1374,0,outer_ring
4270,25.42727964432704,70.70870904680552,9584,5,text_en_1919
4271,22.59658573762448,65.62533326807696,9544,5,text_en_1919
4272,22.088993371484317,58.155537239059385,9900,5,text_en_1919
4273,24.56576354258196,51.55779176493333,10379,5,text_en_1919
4274,24.828736190910277,51.71186388058607,10186,5,text_en_1919
4275,31.29074549878306,50.95195128154538,5251,2,octagram
4276,29.98902193098831,50.96210661955257,3757,1,inner_ring
4277,37.06571283875368,49.82608346077864,5361,2,octagram
4278,41.41479394031275,51.97329322425903,6875,3,stroke_nan
4279,45.8046768113916,53.77690253317439,6660,3,stroke_nan
4280,48.5874628940956,54.91201844545344,6820,3,stroke_nan
4281,52.11519002899346,55.58999433281158,6708,3,stroke_nan
4282,52.58904488570121,55.71053868678635,6653,3,stroke_nan
4283,57.17781975703688,55.73713604381504,4751,2,octagram
4284,58.52385329184656,56.85715977253065,4672,2,octagram
4285,60.683572871679445,61.257540709767085,3436,1,inner_ring
4286,61.785943409403686,67.60594611687696,8965,5,text_en_1919
4287,61.757687169965344,66.1016707977,9201,5,text_en_1919
4288,57.00881234664626,55.7143359979214,4778,2,octagram
4289,55.86002812317628,51.70851080042344,7791,4,stroke_kai
4290,51.30050849953677,44.54924794119733,7265,3,stroke_nan
4291,47.35279160453697,37.8941788088886,5648,2,octagram
4292,50.11197118131396,42.90675520100556,7438,3,stroke_nan
4293,50.73931854438745,43.59301251628997,7385,3,stroke_nan
4294,44.32194259459152,34.64125246562932,5714,2,octagram
4295,40.57661318942405,31.675548260799072,5757,2,octagram
4296,37.34028040643776,30.73891859263497,3931,1,inner_ring
4297,33.121084659282204,31.596449598566444,5421,2,octagram
4298,33.31270836414893,31.093971902697948,5534,2,octagram
4299,29.714877548155627,36.42929000878336,3835,1,inner_ring
4300,31.12729819055548,38.2134586926249,5410,2,octagram
4301,37.45774539108546,47.7541212588752,7075,3,stroke_nan
4302,38.35218214356363,49.4495038690507,6990,3,stroke_nan
4303,29.608683765289832,36.38996718013857,10483,5,text_en_1919
4304,30.95154920090059,32.06006548751924,5482,2,octagram
4305,30.962596833815304,27.77768753341484,5515,2,octagram
4306,31.58780801165199,27.11317991724769,5532,2,octagram
4307,36.504935882826416,25.380407111848427,3993,1,inner_ring
4308,41.5671691073028,25.17930046267781,11062,5,text_en_1919
4309,44.73752866361674,26.459515898740044,10925,5,text_en_1919
4310,49.06711816746748,30.62155993070008,5856,2,octagram
4311,48.70593381626125,30.43757476977223,5841,2,octagram
4312,52.18060399279009,35.43759651609257,11097,5,text_en_1919
4313,53.13130726912326,36.81089754270316,5898,2,octagram
4314,55.74088309733858,41.18722295782294,8484,4,stroke_kai
4315,56.868769763771326,41.20075199530641,6073,2,octagram
4316,58.33068796171343,43.47723976593105,8151,4,stroke_kai
4317,60.53081906027673,44.91820923685363,8216,4,stroke_kai
4318,64.54911085323333,46.59173980504651,8035,4,stroke_kai
4319,65.70908809470626,47.04019234767256,7942,4,stroke_kai
4320,69.00874639411734,49.770005822940846,6493,2,octagram
4321,71.06989329970443,55.57057039016164,6522,2,octagram
4322,71.78684035439227,63.44177479387948,7709,4,stroke_kai
4323,64.55782385701781,69.49413958088635,9101,5,text_en_1919
4324,47.21993958127988,79.56263846131435,3589,1,inner_ring
4325,48.49019036220552,84.52350322200739,933,0,outer_ring
4326,48.945389990767,84.90189184462139,897,0,outer_ring
4327,54.3190746501707,85.94500450893699,456,0,outer_ring
4328,55.11849611496339,86.04518294693054,405,0,outer_ring
4329,56.35641921862429,86.27643565934207,8579,5,text_en_1919
4330,56.47998937908053,84.82733777554668,8847,5,text_en_1919
4331,55.38203892106902,82.2843659802979,9176,5,text_en_1919
4332,50.66912916871914,78.84722013357492,4863,2,octagram
4333,49.00956350830888,78.36188732755986,4883,2,octagram
4334,47.12072404314103,79.52537345210206,3596,1,inner_ring
4335,30.08338415182149,60.74916633370515,6760,3,stroke_nan
4336,29.439626002292066,61.439603152131184,3715,1,inner_ring
4337,30.383179776135464,62.5870673484004,5057,2,octagram
4338,56.377398081232855,98.56032050657984,320,0,outer_ring
4339,59.67563754796761,99.71661729076143,245,0,outer_ring
4340,62.5593099296516,99.0899496164074,189,0,outer_ring
4341,66.02122207530599,96.9651938964883,99,0,outer_ring
4342,71.37504269109976,90.56877313046508,4,0,outer_ring
4343,71.48918700825212,89.4538927042121,8795,5,text_en_1919
4344,72.64164683741524,86.05213977606492,9184,5,text_en_1919
4345,75.02179282019549,81.19917438038325,9418,5,text_en_1919
4346,77.6610323457536,72.86129855485515,3357,1,inner_ring
4347,77.48996679765938,73.47597833485445,3362,1,inner_ring
4348,81.78664391325688,61.588282114235646,9738,5,text_en_1919
4349,81.32737386966082,62.72655184413495,3322,1,inner_ring
4350,84.12897765038048,54.73650788068158,9807,5,text_en_1919
4351,86.44739339773807,48.908504142785965,9966,5,text_en_1919
4352,85.81092082751415,50.67158940613592,9895,5,text_en_1919
4353,88.97457933180351,44.78358797514375,10085,5,text_en_1919
4354,89.33061304751294,44.01926889868711,10047,5,text_en_1919
4355,95.15456115738198,37.75085155772513,10394,5,text_en_1919
4356,96.5913494231433,36.24275475070651,10434,5,text_en_1919
4357,96.60699556549682,36.09621645427024,10479,5,text_en_1919
4358,55.53551055076797,40.49453203165393,5937,2,octagram
4359,57.19607317092774,40.19352441229804,6060,2,octagram
4360,62.43764133052646,30.779744255981303,8341,4,stroke_kai
4361,61.489866979610014,32.4575751231365,8370,4,stroke_kai
4362,63.59641310615078,27.06940580082988,8539,4,stroke_kai
4363,65.19676360154793,23.597204192915505,6244,2,octagram
4364,71.44523806488897,22.386582298074867,6395,2,octagram
4365,72.7053659444833,22.781302814543384,6360,2,octagram
4366,67.49796172150872,21.304361753797927,6296,2,octagram
4367,66.71112873545317,20.72165493278065,6134,2,octagram
4368,62.27993745523096,18.840997656145404,11077,5,text_en_1919
4369,59.24603049207735,18.24298855761045,2737,0,outer_ring
4370,57.81603463548207,18.189033801866906,11285,5,text_en_1919
4371,56.04121880321674,18.179275638712458,11099,5,text_en_1919
4372,53.109488619520455,18.117615596910174,2404,0,outer_ring
4373,50.67300447886688,17.722737311672084,11129,5,text_en_1919
4374,48.06759271678023,15.411635209443702,1734,0,outer_ring
4375,45.85509578527533,14.286092146454614,1577,0,outer_ring
4376,49.44210871076899,14.498923723532547,2023,0,outer_ring
4377,51.53665072953047,14.267817557933888,2254,0,outer_ring
4378,55.57341853200017,14.181824196092215,2577,0,outer_ring
4379,55.35924213212888,14.165414999269691,2563,0,outer_ring
4380,53.42868270356068,10.510016945023231,2453,0,outer_ring
4381,47.42586489501532,10.047377871379249,1754,0,outer_ring
4382,47.764776374957,10.104228078277018,1835,0,outer_ring
4383,46.95447686649816,8.74267953719793,1717,0,outer_ring
4384,48.92819218412421,9.382733692084628,1980,0,outer_ring
4385,51.681079640068326,9.58115013442913,2267,0,outer_ring
4386,55.83568046196591,9.922298604372962,2570,0,outer_ring
4387,60.82506209987847,10.490033952433052,2761,0,outer_ring
4388,61.58598518462304,10.530358727561207,2801,0,outer_ring
4389,66.30983837195653,10.372668509782166,11159,5,text_en_1919
4390,70.58564367944776,9.776659797475643,4222,1,inner_ring
4391,77.15616482398309,10.447477519896282,6333,2,octagram
4392,77.46745915822927,10.355668361958514,10684,5,text_en_1919
4393,68.39016647451561,5.899800337172913,3043,0,outer_ring
4394,68.64135752431713,6.2410453472499725,3122,0,outer_ring
4395,68.34561732764664,3.294272688151864,2934,0,outer_ring
4396,36.91696603096088,25.37643631623545,10858,5,text_en_1919
4397,38.440487145805946,25.376336999446394,4043,1,inner_ring
4398,93.07674201674456,40.54449043841056,10333,5,text_en_1919
4399,49.057795793912994,95.82254959507912,714,0,outer_ring
4400,48.44062234539619,95.4600591848311,776,0,outer_ring
4401,45.11011717938092,93.80539008783676,1012,0,outer_ring
4402,54.72781470931992,97.28181593466766,402,0,outer_ring
4403,50.09815469738882,95.95335100473524,635,0,outer_ring
4404,46.55959695799471,94.84396168742036,910,0,outer_ring
4405,41.44243799020786,89.85955547939167,1180,0,outer_ring
4406,42.32394994525487,90.72114927091796,1135,0,outer_ring
4407,39.260241619501656,86.27265624080636,1249,0,outer_ring
4408,34.6028723483557,79.09348726036278,4979,2,octagram
4409,34.140930989329064,78.76809393414081,4988,2,octagram
4410,26.912252990194624,72.70215658479754,1380,0,outer_ring
4411,28.217917381105533,73.96346223388127,9417,5,text_en_1919
4412,22.31349526345012,63.97319606875861,9648,5,text_en_1919
4413,22.04871821168311,58.91763113371034,9846,5,text_en_1919
4414,21.915717420727876,58.20271727424473,9920,5,text_en_1919
4415,22.62466341620836,54.62852438191534,9998,5,text_en_1919
4416,28.438391698713048,50.901982045307534,3791,1,inner_ring
4417,31.068613907034774,51.01695264035608,3741,1,inner_ring
4418,30.670353915832177,50.93408170035912,5235,2,octagram
4419,33.51617143316225,51.16713130141648,5216,2,octagram
4420,42.284197937566674,52.184396879848265,7060,3,stroke_nan
4421,42.43716355323368,52.384091358858825,6947,3,stroke_nan
4422,48.83234957872536,54.90598949000709,5038,2,octagram
4423,48.694079986877504,54.851554427289,6893,3,stroke_nan
4424,52.57340905082461,55.68616660250211,6729,3,stroke_nan
4425,58.36232451947731,57.36886863729004,3468,1,inner_ring
4426,57.350265139716,56.40603230604515,4740,2,octagram
4427,60.47575133480321,60.58477456793375,7873,4,stroke_kai
4428,61.689834354732376,67.04012574379756,9099,5,text_en_1919
4429,61.60405327051584,64.34046812089132,9296,5,text_en_1919
4430,57.28202141004244,55.56328406900994,7585,4,stroke_kai
4431,54.496362240347175,49.09585701398534,4829,2,octagram
4432,53.9873561391738,48.50120472956655,6910,3,stroke_nan
4433,49.274002471861074,41.466016735032326,7501,3,stroke_nan
4434,48.40281074362479,38.92538655654326,7396,3,stroke_nan
4435,51.73101441706902,44.92248068617467,7224,3,stroke_nan
4436,46.830595993098186,37.33418240330514,5665,2,octagram
4437,40.15766523593048,31.6303109298837,3974,1,inner_ring
4438,40.73128909959593,31.91006502419451,5576,2,octagram
4439,33.27329683122841,31.276716909579168,5437,2,octagram
4440,31.19318183138196,31.9558176703808,5486,2,octagram
4441,29.867412264353117,34.66557770238106,3860,1,inner_ring
4442,34.09689742135709,42.0070193420778,7232,3,stroke_nan
4443,34.886264151315686,43.48524259643688,7097,3,stroke_nan
4444,36.91569164578412,50.03313983192064,5357,2,octagram
4445,29.525210842466592,36.27795035108359,10470,5,text_en_1919
4446,31.82614109667104,31.923611039758384,5456,2,octagram
4447,30.55981221822301,27.925632522245603,3901,1,inner_ring
4448,31.323370024800564,27.03667329863864,3915,1,inner_ring
4449,38.2273073465292,25.23084447931552,10913,5,text_en_1919
4450,42.1671179783467,25.22628636331975,11200,5,text_en_1919
4451,46.56446474134004,27.999430948128,4077,1,inner_ring
4452,48.25405071128848,29.869140183920063,5828,2,octagram
4453,48.684780418968415,30.36336283044437,5839,2,octagram
4454,50.86177123261351,33.71500893919538,7476,3,stroke_nan
4455,54.39327965939495,38.972930147605325,4150,1,inner_ring
4456,55.66200880274008,41.01799215568562,8520,4,stroke_kai
4457,55.510549457150525,40.99372710088987,8511,4,stroke_kai
4458,57.33842349287252,42.73358281516664,8086,4,stroke_kai
4459,61.736351902554446,45.540888281883184,8121,4,stroke_kai
4460,65.68359000974161,46.80140503923492,7983,4,stroke_kai
4461,66.09188029228169,47.20644158775016,7896,4,stroke_kai
4462,71.35142719535344,58.52943129619754,7863,4,stroke_kai
4463,71.87974761498438,62.35877101497188,7755,4,stroke_kai
4464,71.8217202518508,62.388329193567735,7760,4,stroke_kai
4465,71.30153191650388,65.76731872026818,7662,4,stroke_kai
4466,47.61464398661552,78.227444221833,4934,2,octagram
4467,47.12935758615856,80.8515608961124,9043,5,text_en_1919
4468,52.05686510892016,85.49029653872341,542,0,outer_ring
4469,55.004523729442745,86.10641385726628,411,0,outer_ring
4470,54.252729528731074,85.69472464270653,8708,5,text_en_1919
4471,56.32677445558812,84.23394906845485,8949,5,text_en_1919
4472,55.97214407869158,84.29296613154486,8948,5,text_en_1919
4473,53.407658707630944,80.44216507652735,3517,1,inner_ring
4474,52.850664041993774,79.98057804913873,4795,2,octagram
4475,50.78596402037904,78.85535450097582,4860,2,octagram
4476,49.10256578248614,78.37679084456828,4879,2,octagram
4477,30.61129145904516,61.69909990296729,6610,3,stroke_nan
4478,29.683190150246546,61.40420206291133,5133,2,octagram
4479,30.006473297903653,62.3746647977849,3683,1,inner_ring
4480,61.24679259627838,99.50286551987764,200,0,outer_ring
4481,62.56788661898396,99.09076001752469,188,0,outer_ring
4482,63.88511567594488,98.51403345261912,133,0,outer_ring
4483,67.16260162900285,95.90580054062085,72,0,outer_ring
4484,72.00269783677518,87.91779784730223,9007,5,text_en_1919
4485,72.84806868178026,85.58649912609687,9307,5,text_en_1919
4486,74.81037978807613,81.15609607861283,4639,2,octagram
4487,76.54059696336279,76.79110896564623,9485,5,text_en_1919
4488,77.69121442849172,72.80745417201345,3356,1,inner_ring
4489,77.77087407598536,72.70005948606101,9598,5,text_en_1919
4490,80.8922868075191,64.75100734659827,3332,1,inner_ring
4491,82.82348147990386,58.55416247923169,9755,5,text_en_1919
4492,82.92320796982014,57.57152251094133,4432,2,octagram
4493,86.63414483742494,48.38549100262264,9980,5,text_en_1919
4494,85.99559655783865,49.95817121768167,3286,1,inner_ring
4495,87.19200079519896,47.05171795701256,3259,1,inner_ring
4496,90.35002996123548,42.31518047861759,10175,5,text_en_1919
4497,93.35394456042113,40.22647383811413,10371,5,text_en_1919
4498,97.84912559669424,34.7106776115914,10626,5,text_en_1919
4499,97.50461076045336,34.98922066876522,10699,5,text_en_1919
4500,55.6897627659907,40.7781841533128,8567,4,stroke_kai
4501,57.67117176072896,40.75461092197581,8203,4,stroke_kai
4502,60.25091132346016,35.95773824162595,8313,4,stroke_kai
4503,63.42939648914307,27.643307135489284,8501,4,stroke_kai
4504,64.51021418511232,24.254790966703062,6155,2,octagram
4505,66.37144095421996,22.95644347722919,6252,2,octagram
4506,72.61933999278229,22.70873448522375,6364,2,octagram
4507,73.79381225551298,22.9150407623392,4399,1,inner_ring
4508,70.91860562362469,22.498107363816324,6409,2,octagram
4509,65.00093330934853,19.504012053350465,10945,5,text_en_1919
4510,63.84423646533524,19.04072624204322,10905,5,text_en_1919
4511,62.89994561936044,18.972061416709337,4192,1,inner_ring
4512,61.027701417586215,18.71907872149804,2844,0,outer_ring
4513,57.72026647793,18.007806990577134,2679,0,outer_ring
4514,50.83503998346321,17.794261515162166,11107,5,text_en_1919
4515,50.25834250703247,17.601222981085034,11217,5,text_en_1919
4516,48.696213375548666,16.871629137324845,11345,5,text_en_1919
4517,46.71023608949768,15.059923988133145,1606,0,outer_ring
4518,47.610431665865526,15.5847051117199,1630,0,outer_ring
4519,49.79316645492448,14.574747366161205,2081,0,outer_ring
4520,55.05307561828178,14.465089034260828,2541,0,outer_ring
4521,54.63933169612361,14.486435429874206,2513,0,outer_ring
4522,52.49830873540691,11.76376588280845,2358,0,outer_ring
4523,49.78702412731036,9.808093477016072,2104,0,outer_ring
4524,47.84169221935685,10.149370501937646,1848,0,outer_ring
4525,47.40081230056401,6.799965941174094,1833,0,outer_ring
4526,49.06923131429707,10.511527828606688,1990,0,outer_ring
4527,51.78693364673982,9.543690338637589,2285,0,outer_ring
4528,56.24015895415668,10.068521558171668,2592,0,outer_ring
4529,58.23076488140436,10.111704851337372,2655,0,outer_ring
4530,62.65385565976227,10.415900457118717,2850,0,outer_ring
4531,67.54117687744017,9.630672623092508,3128,0,outer_ring
4532,70.00390627956817,9.584444779798666,6097,2,octagram
4533,77.06352155081849,10.484556304197357,6336,2,octagram
4534,75.40801735530748,10.570263646722438,4322,1,inner_ring
4535,67.38172160032708,9.936382521591652,11103,5,text_en_1919
4536,68.51680323812852,3.428444521643094,2969,0,outer_ring
4537,68.32130999196292,5.365387624547935,3012,0,outer_ring
4538,37.09651110867182,25.605308174430387,4012,1,inner_ring
4539,40.30860942675893,25.1064007884635,1530,0,outer_ring
4540,91.15666324329077,41.85079713190305,10381,5,text_en_1919
4541,48.8544649155054,95.61374732960331,735,0,outer_ring
4542,47.344067451851,95.03833660237686,836,0,outer_ring
4543,43.86089429629871,92.66123950790416,1058,0,outer_ring
4544,53.13358956633987,96.71782031967666,479,0,outer_ring
4545,50.28030249296208,96.03841118044448,620,0,outer_ring
4546,45.63547900675353,94.47645256787833,952,0,outer_ring
4547,43.82818989677667,92.62239776342643,1062,0,outer_ring
4548,38.96056305137324,85.59175335814683,1264,0,outer_ring
4549,39.965482952220185,87.65690557622233,1220,0,outer_ring
4550,34.33490822532645,78.9965569594863,3611,1,inner_ring
4551,34.44400229797948,79.1357532490666,9134,5,text_en_1919
4552,32.09275803495439,77.11155624005957,3626,1,inner_ring
4553,27.52935835975339,73.34715450263202,9378,5,text_en_1919
4554,24.32010784101372,68.56592036422796,9666,5,text_en_1919
4555,22.03614335994965,59.63733578521165,9776,5,text_en_1919
4556,21.93337161863477,59.2555931061732,9775,5,text_en_1919
4557,24.36058655884577,51.88973561241619,10231,5,text_en_1919
4558,27.42253008140145,50.99340189690686,3799,1,inner_ring
4559,28.482851118113253,50.80523924079264,3818,1,inner_ring
4560,30.119512282949344,50.97387041355842,3753,1,inner_ring
4561,33.315982136556684,51.20034437569749,3730,1,inner_ring
4562,38.82611133845258,49.84978438347605,7007,3,stroke_nan
4563,46.03960706014339,53.71234338938107,6842,3,stroke_nan
4564,45.10887481594598,53.43238094383666,6773,3,stroke_nan
4565,47.17928274164936,54.30357781238518,6762,3,stroke_nan
4566,54.30870296909212,55.87875819581853,4835,2,octagram
4567,56.87540406796028,55.82197824517446,4788,2,octagram
4568,58.231909069245496,56.4332595395247,4720,2,octagram
4569,61.12628292431077,61.50866853715799,7765,4,stroke_kai
4570,61.73175207638638,64.33564908894175,9311,5,text_en_1919
4571,61.86439564259628,68.00750394189133,8864,5,text_en_1919
4572,57.99118788639395,56.14435326255423,4732,2,octagram
4573,56.4606553034016,53.39193047223998,7697,4,stroke_kai
4574,53.416916092343314,47.4858704923371,7086,3,stroke_nan
4575,48.90165546079035,39.91441802426351,7298,3,stroke_nan
4576,49.125884463839526,41.33273497672025,7495,3,stroke_nan
4577,50.116154048848166,42.94801665877725,7429,3,stroke_nan
4578,47.284654756676375,37.59330968175021,5652,2,octagram
4579,44.56044116068942,35.0861349891661,5691,2,octagram
4580,37.41926690277404,30.95506838546249,7221,3,stroke_nan
4581,33.05465657949232,31.565307479579893,5426,2,octagram
4582,30.24634057587112,32.076926364830086,3874,1,inner_ring
4583,29.591031632004675,35.414076620772605,10574,5,text_en_1919
4584,34.42021870655408,42.8979552740721,5372,2,octagram
4585,37.260515534902495,47.12862614772216,7139,3,stroke_nan
4586,35.744552761620604,50.89613882169997,5308,2,octagram
4587,29.537143897319496,36.21042853545021,10543,5,text_en_1919
4588,29.53929258466718,30.411831229124243,10773,5,text_en_1919
4589,29.60583771809937,30.90844094637032,10743,5,text_en_1919
4590,33.64309855020928,26.028505334872182,10820,5,text_en_1919
4591,36.34285465248557,25.095074905659555,1446,0,outer_ring
4592,42.330801923637495,25.227608708490543,11201,5,text_en_1919
4593,42.05174189011428,25.27666795398805,10929,5,text_en_1919
4594,47.63315782646868,29.19570476350295,5804,2,octagram
4595,48.939774275808766,30.78347322934602,5858,2,octagram
4596,52.97193613001435,36.44619873723521,4129,1,inner_ring
4597,52.44648625581237,35.7900688185401,4108,1,inner_ring
4598,55.856109825770965,41.41910977998938,8494,4,stroke_kai
4599,56.6758014698904,41.03451775655863,6011,2,octagram
4600,60.8874050141363,45.15478648984999,8181,4,stroke_kai
4601,63.53148732562276,46.34970388184385,6462,2,octagram
4602,66.43353615723379,47.31683206411292,7938,4,stroke_kai
4603,66.25409387722165,47.13729873649976,8011,4,stroke_kai
4604,69.86345124679832,51.81676580418911,6510,2,octagram
4605,71.04597974683065,57.30939929191477,4486,2,octagram
4606,71.80630325265953,63.48255785373912,7700,4,stroke_kai
4607,64.64356456573827,69.38866884386107,7660,4,stroke_kai
4608,46.91825704258677,79.57896015788403,3600,1,inner_ring
4609,47.03747145742855,80.78439710024031,9077,5,text_en_1919
4610,49.05827839242767,84.8719298992298,885,0,outer_ring
4611,54.86650680027132,86.0484949955677,421,0,outer_ring
4612,55.98186392722649,86.16036800453274,8648,5,text_en_1919
4613,56.01715349833046,86.28971576169651,372,0,outer_ring
4614,55.64760942743712,85.75509322648898,8678,5,text_en_1919
4615,54.943733274069096,81.91223125237119,9188,5,text_en_1919
4616,50.90464716945998,78.91984332780133,3549,1,inner_ring
4617,50.4527413553862,78.81866395295401,4867,2,octagram
4618,49.45439055531429,78.59600707822975,3565,1,inner_ring
4619,29.45648109589308,61.37256423254513,3717,1,inner_ring
4620,29.528325387922937,61.55800740944319,3711,1,inner_ring
4621,29.99746465432439,60.75318645604696,6673,3,stroke_nan
4622,55.95274385654576,97.96606839227084,352,0,outer_ring
4623,58.76706280452259,99.6604835584326,271,0,outer_ring
4624,64.19731710732906,98.33629546761068,123,0,outer_ring
4625,66.39363562668717,96.49235207180024,92,0,outer_ring
4626,71.52443143738336,89.43067025922991,8796,5,text_en_1919
4627,72.83527774318534,85.70385625820153,9247,5,text_en_1919
4628,74.54877999775567,82.12919254978502,3414,1,inner_ring
4629,75.14350534978381,80.74743202929346,9452,5,text_en_1919
4630,77.28247736753099,74.11148750594421,3369,1,inner_ring
4631,77.38018984613271,73.8339954358446,3367,1,inner_ring
4632,78.25545514916053,70.77523418474235,4546,2,octagram
4633,81.56716314605998,62.55711363778199,9717,5,text_en_1919
4634,85.25741406533709,52.35915586508154,9796,5,text_en_1919
4635,84.57093453708144,53.50425640820804,3292,1,inner_ring
4636,88.02296356920445,46.50460482832976,10062,5,text_en_1919
4637,89.22004740656689,44.35992584329336,10020,5,text_en_1919
4638,89.76977646623818,43.4220754446379,10026,5,text_en_1919
4639,93.09247558421544,40.434422792638514,10388,5,text_en_1919
4640,97.9888286190733,34.51494697533413,10708,5,text_en_1919
4641,98.08885916091872,34.436031719184754,10734,5,text_en_1919
4642,56.75911853271207,41.337230167967554,6082,2,octagram
4643,57.86016267175014,40.553881788118666,8191,4,stroke_kai
4644,59.76475481673263,36.94314646380319,8296,4,stroke_kai
4645,62.95116303964159,29.867280306920485,8367,4,stroke_kai
4646,63.84088033080167,26.65165216616292,8534,4,stroke_kai
4647,64.66588151873232,24.27583044869435,6239,2,octagram
4648,70.74198244978315,22.342913461229067,6408,2,octagram
4649,72.09838283003093,22.792250716620423,6399,2,octagram
4650,66.99018161402586,20.9902067596357,6261,2,octagram
4651,67.0368820076789,21.173325126549997,6266,2,octagram
4652,64.82870710829592,19.55458618933651,10873,5,text_en_1919
4653,59.41336576767119,18.20578961293525,2743,0,outer_ring
4654,55.84534473569822,18.14852618338655,11232,5,text_en_1919
4655,56.47282544559751,18.12344437461413,11286,5,text_en_1919
4656,51.22422792468439,17.747831274627202,2217,0,outer_ring
4657,50.43572563326577,17.60277366289984,11252,5,text_en_1919
4658,47.65963476088513,15.454057684208998,1640,0,outer_ring
4659,46.26800490280546,14.69350612804439,1591,0,outer_ring
4660,47.55461228837126,15.419643290794347,1627,0,outer_ring
4661,50.88227268306664,14.67776688088037,2198,0,outer_ring
4662,55.357312757195686,14.20101983732068,2564,0,outer_ring
4663,56.9755114375467,11.99828547723456,2632,0,outer_ring
4664,51.57000649676253,13.938079138289574,2259,0,outer_ring
4665,47.92458784035494,10.032302575824955,1859,0,outer_ring
4666,49.3146187027528,9.402421965325267,2043,0,outer_ring
4667,47.44835701250405,6.654577628140075,1842,0,outer_ring
4668,50.1562411357444,9.46892438928667,2152,0,outer_ring
4669,53.318385511698544,10.805582495148933,2445,0,outer_ring
4670,54.61970053495926,9.916604875459877,2487,0,outer_ring
4671,61.37572999186547,10.361613045811184,2789,0,outer_ring
4672,63.18581838852524,10.431620940475703,2858,0,outer_ring
4673,65.44936419218418,10.49898894186932,2900,0,outer_ring
4674,73.98510483278628,10.511982431144112,4304,1,inner_ring
4675,77.65265801581765,10.572442874687354,10670,5,text_en_1919
4676,73.08788211861035,10.418361481400405,4260,1,inner_ring
4677,67.37288797986902,9.94818408351707,11126,5,text_en_1919
4678,68.39894512689321,6.231265852436302,3066,0,outer_ring
4679,68.30262825834045,3.886278033001673,2942,0,outer_ring
4680,36.98838127959058,25.42072654481575,4013,1,inner_ring
4681,37.824951030526606,25.42139101903616,10868,5,text_en_1919
4682,91.05725136188772,41.96011210405251,10346,5,text_en_1919
4683,49.50096912736308,95.71774534387784,675,0,outer_ring
4684,49.2919155869309,95.7795592028582,695,0,outer_ring
4685,45.05480240942995,93.8251156805419,1014,0,outer_ring
4686,56.33835728294783,98.47403433016684,322,0,outer_ring
4687,50.9479505776393,96.35139919437935,553,0,outer_ring
4688,45.33845388233033,93.91389058683028,978,0,outer_ring
4689,41.4603750440278,89.55977813751394,1183,0,outer_ring
4690,41.2690166807086,89.49758774612764,1191,0,outer_ring
4691,37.55250404800072,83.55904014115364,1284,0,outer_ring
4692,36.40385475860097,81.67634325495075,1322,0,outer_ring
4693,31.981095597612946,77.00566832864739,3629,1,inner_ring
4694,31.322333783830715,76.31625801564596,3642,1,inner_ring
4695,24.606912591912025,69.54965959556884,9477,5,text_en_1919
4696,24.90901416287981,70.09690757251971,9478,5,text_en_1919
4697,21.948131436728158,60.161869954922494,9733,5,text_en_1919
4698,22.202026487432136,56.17401014006313,9942,5,text_en_1919
4699,22.83000368627773,53.68261186612431,10223,5,text_en_1919
4700,23.60571345964664,52.49191026894691,10210,5,text_en_1919
4701,29.91915095268756,50.86521364716725,3764,1,inner_ring
4702,33.352988356320054,51.06616725151145,5278,2,octagram
4703,36.43891880086184,50.449632714172765,5339,2,octagram
4704,39.71699837583715,50.92824356297375,6802,3,stroke_nan
4705,41.10579582882399,51.7702636738654,6863,3,stroke_nan
4706,49.001315695340246,55.06338296461492,5023,2,octagram
4707,47.7707992474388,54.41176514510497,6831,3,stroke_nan
4708,53.769504436337535,55.945745323698745,6643,3,stroke_nan
4709,57.074898166746046,55.821359714581845,4760,2,octagram
4710,58.4347966180876,56.97331251609062,4705,2,octagram
4711,59.89696806340602,59.05719275332099,7924,4,stroke_kai
4712,61.467753272928206,63.23679578096917,3445,1,inner_ring
4713,61.83023262932406,68.58557979553603,8760,5,text_en_1919
4714,57.1830192560066,55.6564618174245,4758,2,octagram
4715,57.045437151069216,54.26799240362576,7666,4,stroke_kai
4716,53.044112559832605,46.64854545388514,7141,3,stroke_nan
4717,46.92265504706165,37.54195004036215,5625,2,octagram
4718,49.29114263347381,41.49234500411883,7491,3,stroke_nan
4719,50.645356283301005,43.75544788530445,7286,3,stroke_nan
4720,47.525932338700514,37.84658829835119,7406,3,stroke_nan
4721,39.63552471027937,31.572030184990428,3956,1,inner_ring
4722,40.39465409331531,31.729643487814453,3980,1,inner_ring
4723,33.235475461111086,31.168393696749916,5533,2,octagram
4724,34.23119769491545,30.80519529660115,7292,3,stroke_nan
4725,29.74804724660775,36.5415383069812,3830,1,inner_ring
4726,30.880875704512203,38.065375494095136,5417,2,octagram
4727,37.30388658595313,47.22792377013926,7129,3,stroke_nan
4728,37.367089896553146,49.649414104542,6950,3,stroke_nan
4729,29.469738993209383,33.11722582512806,10646,5,text_en_1919
4730,29.65469359049355,30.814920973702066,10731,5,text_en_1919
4731,29.59504071041678,30.12739824446653,10784,5,text_en_1919
4732,33.65847376079932,25.92356210884783,10832,5,text_en_1919
4733,36.42053218874649,25.19016568238359,1449,0,outer_ring
4734,42.298165908484826,25.274591960075583,10959,5,text_en_1919
4735,44.51821994536951,25.9219622861508,11268,5,text_en_1919
4736,48.24372748631055,29.881809792068037,5824,2,octagram
4737,49.04583316507688,30.666459344650512,5857,2,octagram
4738,49.87985911974914,31.770145878195883,5867,2,octagram
4739,52.79563812078321,36.24901120933224,4124,1,inner_ring
4740,56.49672080188728,40.49901592096719,6020,2,octagram
4741,55.59254391922872,41.14645249336802,8467,4,stroke_kai
4742,58.67617661689246,43.94596915734048,8093,4,stroke_kai
4743,64.39911767445119,46.63250031498549,7998,4,stroke_kai
4744,64.54776112492294,46.604651291359104,8018,4,stroke_kai
4745,66.69884943193594,47.43349104299824,7864,4,stroke_kai
4746,71.56773033059582,59.49714938235153,7828,4,stroke_kai
4747,71.2301466221538,57.54448846128798,4478,2,octagram
4748,70.83666761218387,66.92626664466543,7636,4,stroke_kai
4749,68.05082898521137,69.51372513961498,7613,4,stroke_kai
4750,47.69692455138597,78.35452298248339,4933,2,octagram
4751,49.63737363581978,85.28014191660185,793,0,outer_ring
4752,49.46919494988192,85.13437610144273,810,0,outer_ring
4753,52.20757376095278,85.4739958927343,525,0,outer_ring
4754,54.61532932909412,85.93130932354288,438,0,outer_ring
4755,56.75472209889221,84.91581791447886,8849,5,text_en_1919
4756,56.41698522011725,83.84058832493974,9097,5,text_en_1919
4757,54.6090989460685,81.55962983311366,9187,5,text_en_1919
4758,50.49116142051282,78.83660548097922,3554,1,inner_ring
4759,50.34143561294225,79.01774346423966,8857,5,text_en_1919
4760,47.61163962767484,78.43122980678741,4942,2,octagram
4761,29.501624820318888,60.96393758140876,5155,2,octagram
4762,29.92558733229559,62.174056646555,3698,1,inner_ring
4763,30.878060737380643,62.15999363086022,6598,3,stroke_nan
4764,61.04393923413632,99.44321283662684,205,0,outer_ring
4765,63.84434090515229,98.42798076920158,136,0,outer_ring
4766,63.87032901623227,98.505593489466,135,0,outer_ring
4767,66.18209055488006,96.8352418935894,98,0,outer_ring
4768,69.95722876905006,92.6545825734018,8720,5,text_en_1919
4769,71.45509948196346,90.07191057628259,8743,5,text_en_1919
4770,73.5175485648304,84.73370370594404,9304,5,text_en_1919
4771,76.63369119710063,76.52058220802638,9487,5,text_en_1919
4772,75.79000047933002,78.04035706930233,4612,2,octagram
4773,79.63174220591625,67.83869185520575,3338,1,inner_ring
4774,78.47339588228466,70.73589621181725,9536,5,text_en_1919
4775,82.60164055154928,58.88267356959968,9812,5,text_en_1919
4776,84.05254533368944,54.66733425894167,3297,1,inner_ring
4777,85.89054980736474,50.545298583111126,9896,5,text_en_1919
4778,87.83825558278778,46.76323401973304,9904,5,text_en_1919
4779,87.89704989945965,46.65186688813263,10052,5,text_en_1919
4780,90.77130251700925,42.04312759728622,4410,1,inner_ring
4781,93.4265001418922,40.34598831464864,10187,5,text_en_1919
4782,95.59439859545095,37.32661677054897,10397,5,text_en_1919
4783,97.4531372578838,35.38820441357394,10512,5,text_en_1919
4784,56.12481465737275,40.52151476346092,5985,2,octagram
4785,58.5153336751812,39.44564778542906,8253,4,stroke_kai
4786,61.65760890808845,31.91885300194525,8462,4,stroke_kai
4787,61.994902224027015,31.313564867727717,8415,4,stroke_kai
4788,63.38847309880535,27.81296737466207,8502,4,stroke_kai
4789,67.33177079223758,22.446721799332835,6327,2,octagram
4790,72.62106138020012,22.983302418544877,6391,2,octagram
4791,73.6002868518616,22.868242215184463,4391,1,inner_ring
4792,67.48220419693182,21.23036885404427,4334,1,inner_ring
4793,67.05062033888507,21.026024234027965,6268,2,octagram
4794,62.1805449292071,18.93446514134604,4177,1,inner_ring
4795,60.15863780540239,18.58969304329151,2790,0,outer_ring
4796,57.24331232836423,18.054934263025118,11358,5,text_en_1919
4797,57.45017928137857,18.222835833644577,11181,5,text_en_1919
4798,51.31542739226816,17.749089909597654,2221,0,outer_ring
4799,48.33232174676317,16.33305910650554,1765,0,outer_ring
4800,47.888172368742566,15.240678562383309,1703,0,outer_ring
4801,48.068747537726566,14.3253954172502,1764,0,outer_ring
4802,48.42038262908415,14.839976890536905,1807,0,outer_ring
4803,50.47176399156302,14.782582611055496,2173,0,outer_ring
4804,52.67196078089207,14.700502013631628,2389,0,outer_ring
4805,55.38874168360235,14.244883146711024,2568,0,outer_ring
4806,53.3225666545973,10.562128781873234,2444,0,outer_ring
4807,48.30784902353966,10.3907980095047,1901,0,outer_ring
4808,48.44970290023652,10.572573470434875,1919,0,outer_ring
4809,46.51171300560156,7.415511082477174,1679,0,outer_ring
4810,49.27941225203588,10.268365150086971,2032,0,outer_ring
4811,51.19859500501512,9.316083207453552,2215,0,outer_ring
4812,58.52127108961379,10.168345324995691,2674,0,outer_ring
4813,60.79129882010708,10.41763538590248,2757,0,outer_ring
4814,66.54655859714977,10.474001486187149,11068,5,text_en_1919
4815,67.50021697649885,9.727276508086469,3125,0,outer_ring
4816,72.98748993626562,10.557870760123867,4261,1,inner_ring
4817,76.07140808505534,10.435918105654174,10825,5,text_en_1919
4818,76.65370493565402,10.3928250159207,10842,5,text_en_1919
4819,68.67303218920256,5.663007214383434,3093,0,outer_ring
4820,68.40224920849116,7.354246039755168,3151,0,outer_ring
4821,68.34483665420511,4.129265517215799,2967,0,outer_ring
4822,38.032157106125496,25.453121370785944,4031,1,inner_ring
4823,39.60240073702532,25.218173168284576,1479,0,outer_ring
4824,93.4173571507342,40.07717806908836,10428,5,text_en_1919
4825,48.98594152118813,95.5695039580261,726,0,outer_ring
4826,48.477892378534925,95.57271803567151,769,0,outer_ring
4827,43.05483980058583,92.00053124347072,1123,0,outer_ring
4828,56.06303730117411,98.0777769490982,343,0,outer_ring
4829,49.04174923167828,95.70101309371432,721,0,outer_ring
4830,44.65156491295407,93.30951136161023,1041,0,outer_ring
4831,42.46161110350126,91.00972207150622,1129,0,outer_ring
4832,39.78841268665994,86.85154016223555,8766,5,text_en_1919
4833,37.27890374478998,83.01462827468228,1292,0,outer_ring
4834,34.443613968839415,79.03368760057873,4978,2,octagram
4835,35.02087771198639,79.71793301789498,8956,5,text_en_1919
4836,27.50499416275383,73.30095586563901,9404,5,text_en_1919
4837,27.41194863745908,73.09627222942683,3666,1,inner_ring
4838,24.31773504854985,69.05883920938663,9552,5,text_en_1919
4839,22.572709981293517,64.8955496273518,9623,5,text_en_1919
4840,22.059928871705026,58.8847216620576,9854,5,text_en_1919
4841,25.05638580136221,51.24124385480627,10343,5,text_en_1919
4842,23.446783005561997,52.4967938628288,10249,5,text_en_1919
4843,26.454501459582005,50.87639836312109,10418,5,text_en_1919
4844,33.42735624515542,51.10673363063595,5279,2,octagram
4845,37.08437997898864,49.82993003614857,5363,2,octagram
4846,39.41524447403186,50.58576065647936,6960,3,stroke_nan
4847,41.02012890765288,51.9267749879626,6837,3,stroke_nan
4848,47.26560179870008,54.27927117574525,6868,3,stroke_nan
4849,47.56175669901523,54.39585821397443,6856,3,stroke_nan
4850,55.23297232165527,55.89532045522101,4813,2,octagram
4851,57.71867829764216,56.89686335922485,3486,1,inner_ring
4852,58.39534553204878,56.60158238754492,4667,2,octagram
4853,61.607959555438455,63.79534997884991,9338,5,text_en_1919
4854,61.4210638974729,63.71707049932576,9320,5,text_en_1919
4855,61.95424227603593,68.59001037488011,8773,5,text_en_1919
4856,57.31218674060687,55.47036918768206,7618,4,stroke_kai
4857,53.88159250889039,48.2156581572888,6976,3,stroke_nan
4858,51.389278178140096,44.54719726815283,7305,3,stroke_nan
4859,46.14528672298809,36.84550678488306,5605,2,octagram
4860,50.69768173796376,43.56360999867229,7349,3,stroke_nan
4861,49.95177563857376,42.980032488646,7416,3,stroke_nan
4862,46.81774865021317,37.365539974109495,5617,2,octagram
4863,41.35090467756847,32.01198816310078,5745,2,octagram
4864,39.2263903951134,31.54574986902829,3944,1,inner_ring
4865,34.110590855997884,30.838122478598542,7324,3,stroke_nan
4866,31.18485253068183,32.045661009746304,5476,2,octagram
4867,29.470088060664853,36.086072547947865,10563,5,text_en_1919
4868,34.57359115694112,43.02067797822495,7188,3,stroke_nan
4869,37.4518232616611,47.71854798697556,7074,3,stroke_nan
4870,35.8906988646135,50.7912797598545,5319,2,octagram
4871,29.684687268589336,36.09960187418662,3850,1,inner_ring
4872,31.7934943338644,32.070572342079785,5438,2,octagram
4873,29.69011523575564,30.39150761710954,10758,5,text_en_1919
4874,34.491836348781945,25.570481837077004,1416,0,outer_ring
4875,37.04912281056954,25.130829434344538,1459,0,outer_ring
4876,40.10225119589726,24.95221916408915,1522,0,outer_ring
4877,42.5997724461265,25.266371875513933,11223,5,text_en_1919
4878,48.07713176615067,29.65506387707727,5815,2,octagram
4879,51.37262548458707,34.15947321577676,7467,3,stroke_nan
4880,52.03457175686541,35.54691278489784,7413,3,stroke_nan
4881,53.85041607737322,38.273834664233206,5908,2,octagram
4882,56.17254815433248,40.572243918842496,5982,2,octagram
4883,56.92511763575512,41.24205070681336,8241,4,stroke_kai
4884,60.825434913642745,45.16075181471417,8155,4,stroke_kai
4885,64.32815059882063,46.46456027333481,8024,4,stroke_kai
4886,66.46086483375495,47.36720624444634,7908,4,stroke_kai
4887,67.24366892125134,47.61206137414904,7820,4,stroke_kai
4888,68.76764808275637,49.30153912734318,6483,2,octagram
4889,71.09702787028367,55.9398753903666,4443,2,octagram
4890,71.59614905335278,63.52572162277325,7716,4,stroke_kai
4891,66.33787880338949,69.43540886979422,7615,4,stroke_kai
4892,47.65331452174423,78.33218165542371,4938,2,octagram
4893,48.56229615404007,84.58439766157078,929,0,outer_ring
4894,51.93634192869704,85.33415711971655,563,0,outer_ring
4895,54.09568408399444,85.70517254827419,8701,5,text_en_1919
4896,53.859239410107165,85.90049074148409,482,0,outer_ring
4897,56.0472398104576,86.37046046556753,371,0,outer_ring
4898,56.53544969429949,85.61743013765849,8679,5,text_en_1919
4899,51.75495736417498,79.15350421322984,3544,1,inner_ring
4900,51.92477009750375,79.28521652640698,9068,5,text_en_1919
4901,48.79961361732705,78.15606784529409,6615,3,stroke_nan
4902,47.43816114203354,79.0523823203745,3585,1,inner_ring
4903,30.33139519998686,61.43028227650965,5116,2,octagram
4904,29.505030020057404,60.28306509264622,5175,2,octagram
4905,30.45830464032789,62.45018875617093,5074,2,octagram
4906,59.09687965207738,99.74793156844146,263,0,outer_ring
4907,58.77148903681676,99.86838607362218,270,0,outer_ring
4908,62.67112112063395,99.01303723139114,184,0,outer_ring
4909,70.42794939117003,91.9399721771143,8712,5,text_en_1919
4910,69.60010276345837,93.12401020167158,8642,5,text_en_1919
4911,71.54319087513852,89.6222329375953,8784,5,text_en_1919
4912,74.64391461395518,82.07426208378588,9398,5,text_en_1919
4913,74.48748866524886,82.41356844955223,3416,1,inner_ring
4914,76.66441585005198,76.54498761466982,9450,5,text_en_1919
4915,78.54918230661883,70.47245608035038,3348,1,inner_ring
4916,80.71002045041517,65.26762011537942,3333,1,inner_ring
4917,83.06410177491848,57.143211489023,4424,2,octagram
4918,82.5015846267765,59.64505719260056,9725,5,text_en_1919
4919,84.66327300464295,53.391645543595466,9849,5,text_en_1919
4920,86.15697199882125,49.446023986218336,6543,2,octagram
4921,87.79306677804095,46.81917292791783,9890,5,text_en_1919
4922,88.79962653624428,45.153935725791065,10038,5,text_en_1919
4923,92.41582415245186,40.96074508641338,10441,5,text_en_1919
4924,97.15117295009362,35.62628478929692,10496,5,text_en_1919
4925,96.7887456962264,35.99599017839664,10482,5,text_en_1919
4926,56.03614382342593,40.58831477098533,5969,2,octagram
4927,57.71049056298141,39.93782807031421,8262,4,stroke_kai
4928,61.69820235417887,31.795986001633132,8458,4,stroke_kai
4929,61.55985814655288,32.39098171362718,8371,4,stroke_kai
4930,63.57932118450293,28.22166519861741,8398,4,stroke_kai
4931,64.29497256940968,24.713943633774026,6183,2,octagram
4932,72.4906772737525,22.70386228769169,6371,2,octagram
4933,69.68478774836339,22.39145952792329,8228,4,stroke_kai
4934,67.1571901775627,21.237032491521187,6281,2,octagram
4935,64.2200574836636,19.315964396012603,10887,5,text_en_1919
4936,63.91885013410959,19.02150971977605,11036,5,text_en_1919
4937,59.72037301537048,18.45701733713788,2765,0,outer_ring
4938,60.434785639334365,18.46891372487813,2809,0,outer_ring
4939,53.560219833411125,18.17550552739729,10996,5,text_en_1919
4940,54.12785265903419,18.140657602179253,11150,5,text_en_1919
4941,51.11589855919452,17.802921536407293,2211,0,outer_ring
4942,47.844632582660495,16.095858774806477,1649,0,outer_ring
4943,46.930151111378194,15.375222876022214,1612,0,outer_ring
4944,49.91718139114229,14.573345713331015,2106,0,outer_ring
4945,51.6931463314042,13.033738798919458,2278,0,outer_ring
4946,54.59087973351963,14.497652580776672,2506,0,outer_ring
4947,55.69267943798866,14.090589857100348,2583,0,outer_ring
4948,51.93520959510404,12.686238036536691,2319,0,outer_ring
4949,49.07209370861965,10.329028416832962,1992,0,outer_ring
4950,48.32765550994919,9.554915684749323,1914,0,outer_ring
4951,46.60729907454594,8.154564463492264,1672,0,outer_ring
4952,49.49460611917917,9.29975029036514,2060,0,outer_ring
4953,52.9106555003816,11.225745267745983,2412,0,outer_ring
4954,59.640346498342936,10.287223754285463,2726,0,outer_ring
4955,58.97259938762664,10.193520298092878,2694,0,outer_ring
4956,63.22149628167722,10.579115478469518,2861,0,outer_ring
4957,67.7413745007688,9.530068989241414,3182,0,outer_ring
4958,70.89206011754081,10.233604250517535,6104,2,octagram
4959,73.95603475020474,10.421832667888282,4294,1,inner_ring
4960,77.89139628119013,10.433144092704651,10700,5,text_en_1919
4961,67.25166616763914,10.129793317286996,11029,5,text_en_1919
4962,68.47256667642452,5.717306720826279,3049,0,outer_ring
4963,68.48048430938599,4.318440365294741,2994,0,outer_ring
4964,38.18534524080083,25.482301125108226,4037,1,inner_ring
4965,38.77983925116726,25.215811794133263,4053,1,inner_ring
4966,90.66890117437444,42.32284900971396,10163,5,text_en_1919
4967,50.31701335412877,96.13377592353704,614,0,outer_ring
4968,46.46154819753232,94.91600191199598,917,0,outer_ring
4969,43.48863027535062,92.26795519090612,1090,0,outer_ring
4970,56.726556650422864,98.60640457009828,306,0,outer_ring
4971,49.33479531454535,95.68574853351004,693,0,outer_ring
4972,45.727254974281394,94.21420897602948,951,0,outer_ring
4973,43.73918683591053,92.68576747631514,1069,0,outer_ring
4974,39.96097206201247,87.56682461155955,1221,0,outer_ring
4975,36.48714278764682,81.88175279220297,1321,0,outer_ring
4976,34.35224856802199,79.05785987693334,9162,5,text_en_1919
4977,33.49715919536638,78.29292490207673,9377,5,text_en_1919
4978,27.442395795808693,73.25418023200304,9389,5,text_en_1919
4979,27.87847083006501,73.64033088767364,9376,5,text_en_1919
4980,24.710336523741205,69.71343951144198,9486,5,text_en_1919
4981,22.37078288023158,64.37146825914388,9610,5,text_en_1919
4982,21.91793787896756,59.24126347882521,9763,5,text_en_1919
4983,22.55168967450214,54.49252132455688,10001,5,text_en_1919
4984,26.532936013820574,50.958772632644376,10270,5,text_en_1919
4985,27.690323251712904,50.87420922799502,3814,1,inner_ring
4986,31.341933329701074,50.96582598115407,5250,2,octagram
4987,37.44055224386297,49.56467628139376,6954,3,stroke_nan
4988,41.80240519806326,51.81427967562044,7052,3,stroke_nan
4989,45.93668232328632,53.83296581279018,6661,3,stroke_nan
4990,45.71144810629098,53.75696783984323,6658,3,stroke_nan
4991,48.482371841861166,54.86916576118792,6755,3,stroke_nan
4992,53.81551358743733,55.53350317752464,6687,3,stroke_nan
4993,57.15564500349324,56.6431476790417,3500,1,inner_ring
4994,58.29171595148245,56.48011969491536,4663,2,octagram
4995,60.349621144377714,59.858628655137935,7932,4,stroke_kai
4996,61.75859056878213,67.5192275704114,8992,5,text_en_1919
4997,61.81414117626604,65.31008539455463,9257,5,text_en_1919
4998,58.81853232241112,57.19196500867141,7968,4,stroke_kai
4999,54.18532342106426,48.40925426251443,6695,3,stroke_nan
5000,51.613875762676095,44.632838218169056,7290,3,stroke_nan
5001,46.89551343352244,37.39151537103603,5658,2,octagram
5002,48.784406776907495,39.98143568777045,5638,2,octagram
5003,52.14918487837678,45.53241139845503,7156,3,stroke_nan
5004,45.78350747750877,36.61700103652748,5596,2,octagram
5005,41.73940483048525,31.996105257944777,5781,2,octagram
5006,39.20608734477868,31.52488469487528,3945,1,inner_ring
5007,36.43597157434145,30.4183704669628,7326,3,stroke_nan
5008,31.148865944002505,32.014275465997464,5480,2,octagram
5009,29.424083254624158,32.760076582817625,10667,5,text_en_1919
5010,35.04101630580122,43.68038738961501,7070,3,stroke_nan
5011,34.892685556046686,43.2646227606666,7171,3,stroke_nan
5012,38.44545249414756,49.5630191002051,7051,3,stroke_nan
5013,29.594818575604844,36.28993367577377,10521,5,text_en_1919
5014,30.000205785066225,32.01508690259966,10716,5,text_en_1919
5015,31.501610741716043,27.161578252155007,5529,2,octagram
5016,30.98404761400307,27.79199379254469,5519,2,octagram
5017,37.827563503970495,25.24576410691522,11031,5,text_en_1919
5018,42.98819842413662,25.26314547033663,11329,5,text_en_1919
5019,42.97188330371559,25.26323078734257,11326,5,text_en_1919
5020,45.38891768439146,26.85128725106216,10932,5,text_en_1919
5021,48.0096143198296,29.79950040810053,5818,2,octagram
5022,50.60556058570962,33.08701531426354,7525,3,stroke_nan
5023,52.1890435648462,35.7238235947198,4100,1,inner_ring
5024,56.33035661092192,41.64668177496725,8438,4,stroke_kai
5025,55.928041423287645,41.260021365801606,5961,2,octagram
5026,61.73882984401864,45.61564083239435,8102,4,stroke_kai
5027,60.35053087818432,45.06690249957816,8062,4,stroke_kai
5028,64.45795329901097,46.481993729256686,8042,4,stroke_kai
5029,67.00866602413528,47.5314316029554,7883,4,stroke_kai
5030,69.97822233584992,52.24043581051476,6509,2,octagram
5031,71.49022051531524,59.58065200954079,7829,4,stroke_kai
5032,71.79707433461998,61.74766203008173,7781,4,stroke_kai
5033,64.44758357589552,69.41399877808398,9160,5,text_en_1919
5034,47.56187406968995,78.48060947410889,4947,2,octagram
5035,47.303505020423856,81.00784707792144,9054,5,text_en_1919
5036,51.25206218786902,85.50391729445226,644,0,outer_ring
5037,54.50741523198519,86.11728536324878,448,0,outer_ring
5038,54.68212993953225,86.0220229086379,432,0,outer_ring
5039,56.50491650631632,84.60717118026838,8906,5,text_en_1919
5040,56.08878065652859,83.78883559296034,9045,5,text_en_1919
5041,54.944897453257006,82.02696919239717,9094,5,text_en_1919
5042,53.394373678337686,80.46505057613754,3518,1,inner_ring
5043,50.31039149137621,78.93390590468785,9092,5,text_en_1919
5044,47.61302347552152,78.44793679769965,4950,2,octagram
5045,29.653378871609444,60.5212387572993,5157,2,octagram
5046,29.97479419269642,62.42878064534086,3680,1,inner_ring
5047,30.248088250818057,61.27343186891164,5123,2,octagram
5048,56.46632245370439,98.6163671246996,316,0,outer_ring
5049,59.22546660946986,99.79227370109514,258,0,outer_ring
5050,66.19570187499883,96.73998544772584,97,0,outer_ring
5051,66.85099849675983,96.4150076824672,83,0,outer_ring
5052,72.12885431914694,87.85688641469298,8996,5,text_en_1919
5053,72.76533172882583,86.12990340102195,9019,5,text_en_1919
5054,74.82103283368238,81.20761873721528,4640,2,octagram
5055,75.1943702764955,80.32499646067762,9455,5,text_en_1919
5056,76.38001852633572,77.40751676203455,9434,5,text_en_1919
5057,77.57620471641684,73.16698274984213,3359,1,inner_ring
5058,78.54520849089803,70.39645287158102,3347,1,inner_ring
5059,80.59071586377837,65.32766543529632,4508,2,octagram
5060,82.83880961882456,57.96750471084526,4437,2,octagram
5061,84.45071901782906,53.635396201478585,6559,2,octagram
5062,87.30167819790029,47.27312338380244,9963,5,text_en_1919
5063,88.93785254696705,44.95523885118479,10046,5,text_en_1919
5064,88.80299562698494,45.451385415270266,10023,5,text_en_1919
5065,93.29757801362088,40.18987742124483,10427,5,text_en_1919
5066,94.23279209227852,39.44132587902834,10188,5,text_en_1919
5067,95.82150265119782,37.25554418948597,10322,5,text_en_1919
5068,56.7038507965568,41.49762205252458,6094,2,octagram
5069,58.06003969214052,39.246892513067735,8305,4,stroke_kai
5070,61.502584210285775,32.54946149437736,8308,4,stroke_kai
5071,63.62912004223675,27.86302395150173,8475,4,stroke_kai
5072,63.89603362145552,26.305003356364907,8556,4,stroke_kai
5073,64.36078887187358,24.8556717027658,6215,2,octagram
5074,72.55257930786244,22.73128340792622,6368,2,octagram
5075,73.01072184598172,22.84638434799749,6352,2,octagram
5076,69.67172081681971,22.36898887604861,8259,4,stroke_kai
5077,67.81553706439266,21.71947138626137,6310,2,octagram
5078,65.31830144040684,19.75265700776682,10897,5,text_en_1919
5079,59.23638723011513,18.44472771661849,11274,5,text_en_1919
5080,56.44746612944367,17.946778032955812,11357,5,text_en_1919
5081,54.50943490586079,18.08754718548864,11299,5,text_en_1919
5082,50.444909290676826,17.538474515697988,2169,0,outer_ring
5083,50.38073504518697,17.501914651561712,2162,0,outer_ring
5084,48.590766304925474,16.42477361333699,1806,0,outer_ring
5085,45.88424069114949,13.878921360001293,1582,0,outer_ring
5086,50.38757510789601,14.62096158091093,2167,0,outer_ring
5087,50.69539329495994,14.610576729322382,2185,0,outer_ring
5088,55.37556667673755,14.224083490926844,2566,0,outer_ring
5089,56.51489149370279,13.04835511449688,2604,0,outer_ring
5090,52.00772287860903,12.800522622322,2328,0,outer_ring
5091,48.13055451994481,10.280374187599556,1883,0,outer_ring
5092,47.96156997923699,10.283535112738484,1864,0,outer_ring
5093,46.89518512107189,8.569207097196085,1712,0,outer_ring
5094,49.58477676359011,9.82797346119596,2074,0,outer_ring
5095,52.30822935226839,9.566417053428571,2337,0,outer_ring
5096,58.50771854629208,10.221455285321056,2673,0,outer_ring
5097,59.3339728198013,10.312603256471334,2716,0,outer_ring
5098,61.57606349768668,10.437175678377606,2798,0,outer_ring
5099,66.57264736867828,10.395729371573722,11138,5,text_en_1919
5100,68.80493036506601,8.978366000234907,3195,0,outer_ring
5101,77.84183374945036,10.540040764297837,10680,5,text_en_1919
5102,75.3279610701887,10.407675313526669,4318,1,inner_ring
5103,68.30727744167737,7.641889457124705,3153,0,outer_ring
5104,68.56264913323636,4.605254859522724,3020,0,outer_ring
5105,68.33695315555033,3.783886609073427,2945,0,outer_ring
5106,36.19786030789638,25.234617208518785,1435,0,outer_ring
5107,38.09733089037459,25.40609660228968,10884,5,text_en_1919
5108,92.3270433927153,41.216299392574,10330,5,text_en_1919
5109,49.62189241923907,95.89939597518762,662,0,outer_ring
5110,48.40678284617447,95.40526439179592,778,0,outer_ring
5111,43.68394546061654,92.389469837906,1078,0,outer_ring
5112,54.63021863769941,97.24047795327056,404,0,outer_ring
5113,51.00768283566609,96.27679878478924,545,0,outer_ring
5114,46.46273788807128,94.94160010888426,916,0,outer_ring
5115,41.84738927984754,90.51957527309872,1157,0,outer_ring
5116,40.23067235680895,87.84042169871287,1212,0,outer_ring
5117,39.03838666195006,85.92194904875436,1259,0,outer_ring
5118,37.69990989067506,83.7340779246559,1278,0,outer_ring
5119,31.06663781015081,76.46860632371553,1363,0,outer_ring
5120,30.10074226931687,75.68386421225166,9357,5,text_en_1919
5121,26.34474463147813,72.22792308805192,1383,0,outer_ring
5122,24.10256140534485,68.61458744688409,9580,5,text_en_1919
5123,22.09133649042581,58.5152876690962,9887,5,text_en_1919
5124,22.444127357688213,55.77603334049965,9916,5,text_en_1919
5125,22.85876968228097,54.00869043233428,10009,5,text_en_1919
5126,24.21900554228673,51.97539143591477,10204,5,text_en_1919
5127,26.640401862608424,51.08482918261908,10140,5,text_en_1919
5128,34.723029790952864,51.18975824747269,5300,2,octagram
5129,36.54343370201805,50.24945984569866,5348,2,octagram
5130,39.58812283608971,50.6119991174325,7021,3,stroke_nan
5131,44.9239634028004,53.44526816059324,6724,3,stroke_nan
5132,45.75281577190537,53.554468322551024,6901,3,stroke_nan
5133,48.04968475070831,54.54922112896216,6844,3,stroke_nan
5134,50.901589165755816,55.353506435583526,6588,3,stroke_nan
5135,57.29088656467498,55.642185799085816,4739,2,octagram
5136,58.012889726059946,57.04059326275437,3480,1,inner_ring
5137,60.49335464003118,60.17946116781091,7917,4,stroke_kai
5138,61.6680604419795,67.03269418058285,9098,5,text_en_1919
5139,61.48980504277935,63.874465108252,9321,5,text_en_1919
5140,58.52719429236899,56.501483977808256,7978,4,stroke_kai
5141,54.283743336277176,48.62590777770903,4828,2,octagram
5142,51.71494415004965,45.07614675747328,7190,3,stroke_nan
5143,46.66883164673265,37.18602205940785,5670,2,octagram
5144,50.18999389581916,42.97885751196378,7421,3,stroke_nan
5145,50.11992377537765,43.13124640894465,7388,3,stroke_nan
5146,46.682138067474966,37.37900135952359,5614,2,octagram
5147,39.37914875992854,31.520171097612245,3950,1,inner_ring
5148,36.87800165855728,30.790610786450557,7241,3,stroke_nan
5149,33.3147821851013,31.57432467090271,5419,2,octagram
5150,33.92099501334029,30.820236451585718,5554,2,octagram
5151,29.60946001319761,36.34671786864546,10509,5,text_en_1919
5152,35.67533488587773,44.3264231688072,7146,3,stroke_nan
5153,37.12336304002686,47.07153012014803,7093,3,stroke_nan
5154,38.97529904759832,50.09006775465133,6933,3,stroke_nan
5155,29.642496639322072,33.12724285946194,3865,1,inner_ring
5156,30.88748757260891,32.20321518340931,5475,2,octagram
5157,31.115846777166237,27.385221405790908,3909,1,inner_ring
5158,30.536863032966803,27.81664951725809,1408,0,outer_ring
5159,38.24639963265796,25.154290616225836,11022,5,text_en_1919
5160,42.40478031423888,25.298497832836997,10947,5,text_en_1919
5161,44.77736235276481,26.240147864653373,11227,5,text_en_1919
5162,44.59275857471381,26.23221174090597,10931,5,text_en_1919
5163,48.611103975839406,30.290398149712956,5835,2,octagram
5164,50.41726837303289,32.72774383806269,7558,3,stroke_nan
5165,54.41845219346005,39.094332710008125,5931,2,octagram
5166,56.09930995267101,41.43642027648815,5966,2,octagram
5167,55.79618973075766,41.264225106795465,8486,4,stroke_kai
5168,57.91021582650129,43.23968932903206,8071,4,stroke_kai
5169,64.37914811610145,46.67635860129544,7997,4,stroke_kai
5170,63.1522811309469,46.16644711214335,6449,2,octagram
5171,67.2988257972934,47.59808752596563,6470,2,octagram
5172,69.23320636748633,50.39443994173004,6495,2,octagram
5173,71.37811072542196,58.66381908992437,7861,4,stroke_kai
5174,71.78421317283501,62.17360138105863,7774,4,stroke_kai
5175,64.82348971556434,69.29718350287293,7661,4,stroke_kai
5176,48.75784091046996,79.36829914380925,8700,5,text_en_1919
5177,49.000111927987206,85.0126183488465,890,0,outer_ring
5178,49.27524644705127,84.8251754616055,847,0,outer_ring
5179,54.12212691436558,85.80162352460741,467,0,outer_ring
5180,56.357630309092,86.3385242109557,337,0,outer_ring
5181,56.32227878887865,84.27916818665142,8941,5,text_en_1919
5182,56.10639649104377,83.84244415487288,9046,5,text_en_1919
5183,52.13797919771192,79.64659892087715,8608,5,text_en_1919
5184,53.33532979759692,80.3652514760667,3519,1,inner_ring
5185,51.01454755740687,79.05826160584402,9044,5,text_en_1919
5186,48.29877306476627,77.99201645385268,4913,2,octagram
5187,29.89274119642437,60.58827829569515,6701,3,stroke_nan
5188,29.61715103240604,61.10425957633042,5139,2,octagram
5189,29.812483102398417,62.17410552878784,3700,1,inner_ring
5190,60.22243066223916,99.61206323514112,226,0,outer_ring
5191,62.744170963861535,99.03117722624194,179,0,outer_ring
5192,63.89047150710046,98.46028595029468,132,0,outer_ring
5193,69.1394344454728,93.81123094795106,38,0,outer_ring
5194,72.04766325078907,87.52470725210554,9017,5,text_en_1919
5195,73.07937399085648,85.48985678751822,9150,5,text_en_1919
5196,74.64506092419128,81.71367287898978,4642,2,octagram
5197,76.26145180686537,77.14835062830676,4601,2,octagram
5198,77.6293615276628,73.09679754021475,9562,5,text_en_1919
5199,77.46375655531374,73.57353589205539,3365,1,inner_ring
5200,78.64422511357438,70.05914705716143,4538,2,octagram
5201,83.15693122041712,57.1385264384728,9855,5,text_en_1919
5202,83.00293939643848,57.57626049622185,3303,1,inner_ring
5203,84.23835535650363,54.14419261713049,6570,2,octagram
5204,87.91219248203413,46.75827838787501,9897,5,text_en_1919
5205,87.82483931673998,46.60991139516424,10116,5,text_en_1919
5206,90.85073771236492,41.95055594694637,4406,1,inner_ring
5207,92.58062358975788,40.94190031067902,10367,5,text_en_1919
5208,94.75808948833192,38.684136067641205,10221,5,text_en_1919
5209,97.09607271379326,35.475120514986266,10525,5,text_en_1919
5210,55.67797423513569,40.618370484843744,5945,2,octagram
5211,57.15877228668482,40.145247445461386,6031,2,octagram
5212,62.77734847847328,30.084125364068907,8375,4,stroke_kai
5213,63.74390789948416,26.622529873694145,8546,4,stroke_kai
5214,64.13557044686591,25.87587267084396,6233,2,octagram
5215,66.51000936875744,22.944283718111024,6269,2,octagram
5216,73.51035475792241,22.97605081710934,4401,1,inner_ring
5217,69.87598137047618,22.399681244000043,8255,4,stroke_kai
5218,67.3988323252139,21.322644835452127,6290,2,octagram
5219,63.72560932943668,19.083049888009256,10894,5,text_en_1919
5220,63.99467542315842,19.23559725572578,6044,2,octagram
5221,61.92295951360402,18.95649951632392,4167,1,inner_ring
5222,60.508363247746416,18.620573516381818,2813,0,outer_ring
5223,56.83461516439036,18.117877843057123,11284,5,text_en_1919
5224,51.46995733673015,17.861925776405972,2251,0,outer_ring
5225,48.330482846834215,16.33082746241007,1763,0,outer_ring
5226,48.20837173787216,15.17340365131475,1773,0,outer_ring
5227,46.487793059328254,15.024476212192448,1598,0,outer_ring
5228,48.2297171675632,14.960335300606673,1785,0,outer_ring
5229,50.40579504499697,14.770438132364651,2168,0,outer_ring
5230,53.23155688577125,14.677619508352244,2459,0,outer_ring
5231,55.49454390473809,14.167402750187748,2573,0,outer_ring
5232,51.93439402806652,12.701536851434824,2318,0,outer_ring
5233,49.54623372863113,10.127972361257086,2064,0,outer_ring
5234,49.08268369067216,9.474280732540583,2002,0,outer_ring
5235,47.53270245156703,6.828422814480781,1851,0,outer_ring
5236,49.84959571483436,9.853096937881771,2116,0,outer_ring
5237,52.94179271174008,9.821674489385906,2406,0,outer_ring
5238,56.06059176026604,10.0806834905583,2582,0,outer_ring
5239,61.00842986516782,10.501293410102534,2773,0,outer_ring
5240,66.60108708246649,10.461664466223404,11051,5,text_en_1919
5241,67.79524538433556,9.185197990491837,3167,0,outer_ring
5242,69.89980139705126,9.430607763871478,4217,1,inner_ring
5243,74.14418611960026,10.40641329682324,4305,1,inner_ring
5244,76.76918062492871,10.365441267677696,10828,5,text_en_1919
5245,68.3684051077735,7.293330722874685,3137,0,outer_ring
5246,68.30163056995019,7.136578714450579,3107,0,outer_ring
5247,68.62640867951042,4.589989999844164,3031,0,outer_ring
5248,38.04525558129703,25.451710406629143,4033,1,inner_ring
5249,38.0965782835782,25.554110407517932,4034,1,inner_ring
5250,92.34606418084547,41.11370610073181,10384,5,text_en_1919
5251,49.18147559426369,95.69969525007534,703,0,outer_ring
5252,48.5078120318392,95.32299530427764,771,0,outer_ring
5253,43.71577309750828,92.67200880101606,1072,0,outer_ring
5254,57.354840630644446,99.09380820276704,282,0,outer_ring
5255,50.99085773059772,96.20985580977252,549,0,outer_ring
5256,45.79034645852872,94.46157991156883,941,0,outer_ring
5257,43.76537686692232,92.57104068349712,1070,0,outer_ring
5258,38.93405100360643,85.7042679567295,1262,0,outer_ring
5259,36.685787852712245,82.07331105291225,1311,0,outer_ring
5260,37.64408938230006,83.28781166629915,8946,5,text_en_1919
5261,34.81427869657679,79.49750778922318,9010,5,text_en_1919
5262,29.860723673773784,75.60565881710627,1370,0,outer_ring
5263,25.01374856004397,70.5502710354311,1384,0,outer_ring
5264,22.76806111138679,65.72368840306203,9591,5,text_en_1919
5265,21.906064062318983,60.91914965536563,9728,5,text_en_1919
5266,22.30727039664172,55.48821961942778,9983,5,text_en_1919
5267,22.293234412661768,55.782580749968034,9949,5,text_en_1919
5268,26.62610420455719,50.97704511616349,10155,5,text_en_1919
5269,31.51928791185412,50.9504552553142,5248,2,octagram
5270,34.49027916806861,51.332241948314255,5198,2,octagram
5271,33.80903467510257,51.1444650871258,5288,2,octagram
5272,41.89168333855498,52.142499981319055,6955,3,stroke_nan
5273,41.73988169922959,52.00915442001489,6991,3,stroke_nan
5274,45.71119211542836,53.65757021755782,6796,3,stroke_nan
5275,48.04254227251436,54.51150409550783,6987,3,stroke_nan
5276,54.66201567180768,55.84740894737067,4822,2,octagram
5277,58.27512824456514,57.32008910354816,3472,1,inner_ring
5278,58.34660196266361,57.29615139018264,3466,1,inner_ring
5279,61.65270782944096,64.04879181101909,9318,5,text_en_1919
5280,61.68016871487259,64.73062994184292,9284,5,text_en_1919
5281,61.493376740384775,64.25643207602567,9264,5,text_en_1919
5282,57.17576509385916,55.55376885737864,7586,4,stroke_kai
5283,56.57606581402756,53.76746238954974,7675,4,stroke_kai
5284,53.943978112369216,48.11071268714303,6982,3,stroke_nan
5285,45.825261133290944,36.68863256180668,5597,2,octagram
5286,48.79361107622629,40.054809387738445,7575,3,stroke_nan
5287,50.27722526171684,43.24548675294583,7372,3,stroke_nan
5288,45.889174228031656,36.70067788200964,5600,2,octagram
5289,44.76297349072161,35.47976606828155,5586,2,octagram
5290,36.34674595999646,30.33593445101848,7327,3,stroke_nan
5291,33.23784049038147,31.241860249339723,5535,2,octagram
5292,33.999527876574696,30.836752655839227,7340,3,stroke_nan
5293,29.626084437116987,32.89564705096829,10648,5,text_en_1919
5294,31.504043026261183,38.95087200520168,5408,2,octagram
5295,35.48424551098439,44.13626794840798,7151,3,stroke_nan
5296,39.44943126575184,50.533119801644105,7003,3,stroke_nan
5297,29.370130886256582,34.618621964133126,10597,5,text_en_1919
5298,31.472983307122096,32.22529802232812,5445,2,octagram
5299,31.129280551683788,27.554585513459795,5523,2,octagram
5300,34.929516398404466,25.47842202438958,3983,1,inner_ring
5301,37.54579751519911,25.14318635231533,11275,5,text_en_1919
5302,39.76736424809991,25.242092385345774,1489,0,outer_ring
5303,45.88355910291576,27.38452754662556,4066,1,inner_ring
5304,48.05730035185168,29.61894635689928,5814,2,octagram
5305,50.45187980482877,33.13360798120971,7500,3,stroke_nan
5306,53.0405377320629,36.79563782132776,5895,2,octagram
5307,54.64960573128615,39.97987562460512,5920,2,octagram
5308,55.68579513184965,40.970908759035794,8542,4,stroke_kai
5309,56.77956245967303,41.255152069118914,6080,2,octagram
5310,58.88424274627835,43.96950801906424,8116,4,stroke_kai
5311,62.0045924565509,45.574049317143576,8122,4,stroke_kai
5312,64.01847907445512,46.57521285099742,8004,4,stroke_kai
5313,65.61644119828208,47.12709903020532,7906,4,stroke_kai
5314,71.48652593376573,58.40747891353573,7892,4,stroke_kai
5315,71.87097184308884,61.51605897949838,7815,4,stroke_kai
5316,71.18245237122466,66.28060134539213,7652,4,stroke_kai
5317,67.96713868954609,69.5643349031005,7601,4,stroke_kai
5318,48.5292206031687,79.3876719789732,8636,5,text_en_1919
5319,47.142578174175966,81.0940787261633,9032,5,text_en_1919
5320,51.23484097800407,85.40499636576358,647,0,outer_ring
5321,51.14628953215315,85.40924675186488,651,0,outer_ring
5322,54.41986144010631,85.8051413561927,8657,5,text_en_1919
5323,55.82156439068282,86.26569883686027,389,0,outer_ring
5324,56.53589611852282,85.5601259630511,8695,5,text_en_1919
5325,52.88843127088785,80.15211349376915,3531,1,inner_ring
5326,50.28837739865658,78.9297164085798,9241,5,text_en_1919
5327,50.22442494103654,78.86921603234838,9262,5,text_en_1919
5328,47.838839436185765,78.31470231250162,4923,2,octagram
5329,30.39080570477243,61.52949948298884,5109,2,octagram
5330,29.77269154086777,62.3239151069686,3697,1,inner_ring
5331,29.791560500248107,62.341401033344525,3695,1,inner_ring
5332,59.07706692305895,99.70464719763314,264,0,outer_ring
5333,59.78034323998151,99.52286736452706,237,0,outer_ring
5334,62.45984701680523,99.31043348101734,192,0,outer_ring
5335,67.9656984843795,95.15282994269228,44,0,outer_ring
5336,71.44479496503104,89.95825290392412,8764,5,text_en_1919
5337,71.40396195936268,89.91971034661903,8774,5,text_en_1919
5338,73.018925079199,85.48914469130916,9294,5,text_en_1919
5339,74.84618177591257,80.98764495835171,4636,2,octagram
5340,77.60857340985385,72.8222676539447,4577,2,octagram
5341,79.50069725663339,68.42505332067589,9661,5,text_en_1919
5342,81.19916054426844,63.834987997444486,4483,2,octagram
5343,81.25016667414441,62.909081655605,3325,1,inner_ring
5344,82.41497606386945,59.41310618974976,9779,5,text_en_1919
5345,85.13966754589015,52.09988692240039,3288,1,inner_ring
5346,86.19373724598697,49.50139527356531,9962,5,text_en_1919
5347,89.43397049632611,43.88297519763847,10040,5,text_en_1919
5348,91.05633844277908,42.04687137541677,10282,5,text_en_1919
5349,95.0579719970253,38.02510721447101,10356,5,text_en_1919
5350,97.55158419552302,35.216442431992334,10534,5,text_en_1919
5351,96.79582190071454,35.90381266958776,10495,5,text_en_1919
5352,56.89306345193738,41.141767145564415,6068,2,octagram
5353,57.43803778387043,39.85634951262911,6057,2,octagram
5354,62.29649219425204,30.652986211849964,8490,4,stroke_kai
5355,62.08451646283626,31.141570922142307,8410,4,stroke_kai
5356,64.2161791367341,24.787667351681883,6180,2,octagram
5357,64.35153386274744,24.74619033306314,6198,2,octagram
5358,73.17970693927964,22.801595968167824,4371,1,inner_ring
5359,68.73637604042581,22.164981364108883,6307,2,octagram
5360,69.93288773159702,22.512395531891247,8212,4,stroke_kai
5361,64.82207669323823,19.76489517755431,4203,1,inner_ring
5362,64.36429820063134,19.631228262118416,6053,2,octagram
5363,61.83677380452699,18.959829392743355,4162,1,inner_ring
5364,60.645381023862754,18.67994345139309,2821,0,outer_ring
5365,57.3555351462264,18.150917900719485,11307,5,text_en_1919
5366,51.104511555946125,17.85672276653438,11141,5,text_en_1919
5367,50.96776420798688,17.78209883844796,11149,5,text_en_1919
5368,47.70544527803965,16.18255215108046,1628,0,outer_ring
5369,46.90932109758959,15.35379578849252,1610,0,outer_ring
5370,50.72908688437354,14.593578740427375,2188,0,outer_ring
5371,49.18396643364921,14.63645576226522,1976,0,outer_ring
5372,53.507650368369774,14.510052805802758,2476,0,outer_ring
5373,54.606360444271616,14.50361671154237,2509,0,outer_ring
5374,53.57905626242913,10.382667954464516,2466,0,outer_ring
5375,47.7166817442736,9.988562474306605,1829,0,outer_ring
5376,49.529930750572326,9.313347327998606,2065,0,outer_ring
5377,46.79611288008442,8.392077023756976,1701,0,outer_ring
5378,49.19599691201227,10.377817413015038,2015,0,outer_ring
5379,53.05549476333304,11.07836960545557,2422,0,outer_ring
5380,58.35416650493397,10.235451194859335,2664,0,outer_ring
5381,63.56253573493625,10.414121251750052,2875,0,outer_ring
5382,61.46585290240246,10.416491798656672,2791,0,outer_ring
5383,67.83518153832907,8.911880974433672,3148,0,outer_ring
5384,72.94536427312568,10.411518040624792,4255,1,inner_ring
5385,72.27739778921162,10.267189068663626,4230,1,inner_ring
5386,77.56422940325959,10.329961796581692,10697,5,text_en_1919
5387,68.38395749244225,7.253282183900694,3139,0,outer_ring
5388,68.45949373799456,6.7567113546005615,3119,0,outer_ring
5389,68.44488338531912,3.925611698172439,2979,0,outer_ring
5390,36.57885667244348,25.310263100655096,11147,5,text_en_1919
5391,40.584919451085945,25.00989750430914,1547,0,outer_ring
5392,91.23398904562772,41.85297347057501,10347,5,text_en_1919
5393,49.22018932294748,95.840957254842,700,0,outer_ring
5394,49.460736332595765,95.90699167707736,678,0,outer_ring
5395,45.37844136291632,94.15327367346924,974,0,outer_ring
5396,52.179780928939664,96.53743936705166,505,0,outer_ring
5397,49.20520910774118,95.80544223825694,701,0,outer_ring
5398,46.93391147239753,94.917951687027,883,0,outer_ring
5399,43.59305553816039,92.46361425146392,1083,0,outer_ring
5400,41.807803701306725,90.32178639779112,1160,0,outer_ring
5401,36.69838846460088,81.94688538190901,1315,0,outer_ring
5402,36.39522711324701,81.56910327359223,1324,0,outer_ring
5403,33.72787119765323,78.5034933205734,9371,5,text_en_1919
5404,30.33647890032848,75.72468892761647,3648,1,inner_ring
5405,27.001636074843564,72.66487472565197,9492,5,text_en_1919
5406,24.5329241249315,69.3182508418521,9560,5,text_en_1919
5407,22.11550874212523,59.68856988167729,9792,5,text_en_1919
5408,21.966263979094137,58.59342315457255,9898,5,text_en_1919
5409,23.424396031927625,52.55797126216781,10236,5,text_en_1919
5410,23.539230463871075,52.51069033801164,10243,5,text_en_1919
5411,27.827389331787646,50.9922878728911,3792,1,inner_ring
5412,31.872924387720925,50.93388547771327,5258,2,octagram
5413,36.06147139994787,50.822870321615866,5316,2,octagram
5414,42.201643260996974,52.22547840725831,6967,3,stroke_nan
5415,43.364935948852114,52.56374423621378,6805,3,stroke_nan
5416,47.50297024401874,54.448286530521536,6763,3,stroke_nan
5417,51.507757978961024,55.21397733429384,6737,3,stroke_nan
5418,52.41862384137555,55.48127295297168,6871,3,stroke_nan
5419,58.41902418352269,57.316201820578726,3461,1,inner_ring
5420,58.55024054348662,56.758444977084366,4668,2,octagram
5421,61.46172603511212,63.34058906285863,3448,1,inner_ring
5422,61.442822678548886,63.490371591769694,4691,2,octagram
5423,61.78473821526529,68.26679021278974,8827,5,text_en_1919
5424,57.255538592414894,55.61144243311554,7577,4,stroke_kai
5425,55.971432471935294,51.91894261765065,7746,4,stroke_kai
5426,53.193490024376125,47.16114993001122,7066,3,stroke_nan
5427,46.45627745168461,37.06875364233785,5669,2,octagram
5428,50.41448558927155,43.19643525372591,7398,3,stroke_nan
5429,52.08118691855552,45.54432835237903,7159,3,stroke_nan
5430,46.44518904529782,37.15420619907131,5610,2,octagram
5431,43.69579951089882,33.853591711622684,5726,2,octagram
5432,37.96181308109069,30.97433385790083,3941,1,inner_ring
5433,33.8081204383482,31.07649032712404,7308,3,stroke_nan
5434,31.30140709266865,32.19510991587762,5459,2,octagram
5435,29.74532652235497,35.74187569816783,3855,1,inner_ring
5436,32.70522889668504,40.56055439443922,5386,2,octagram
5437,37.49389530736356,47.80160750589662,7113,3,stroke_nan
5438,39.28784047167535,50.28428427115382,7017,3,stroke_nan
5439,29.52069207043944,33.15561388922208,10629,5,text_en_1919
5440,31.109615974616062,32.12309989108018,5469,2,octagram
5441,30.447388504072062,28.1893441694142,5508,2,octagram
5442,34.91381814783537,25.453390473786754,1419,0,outer_ring
5443,38.56867668914008,25.17104768878797,10946,5,text_en_1919
5444,40.52981405521805,25.11239798717311,1546,0,outer_ring
5445,46.03632516857108,27.424523117473694,10994,5,text_en_1919
5446,45.692706046864565,27.25499516351623,4064,1,inner_ring
5447,50.94869305370892,33.511433893800586,7505,3,stroke_nan
5448,50.39190868728686,32.76126537042868,7549,3,stroke_nan
5449,52.642518725025546,36.1804057407387,4120,1,inner_ring
5450,56.4057786592609,41.88093124856148,8311,4,stroke_kai
5451,56.11721174230922,41.60690809335852,8381,4,stroke_kai
5452,61.94422355680666,45.7104931518009,8113,4,stroke_kai
5453,63.473136881040006,46.48494630229051,8003,4,stroke_kai
5454,63.061488239701575,46.301975816189255,6448,2,octagram
5455,67.21600669294233,47.58300957463213,7869,4,stroke_kai
5456,70.28667439245373,52.81561175696984,6516,2,octagram
5457,71.8271283235132,63.86256475811722,7659,4,stroke_kai
5458,71.12725799483606,66.19993640817147,7651,4,stroke_kai
5459,67.66189611698837,69.46577717856078,7614,4,stroke_kai
5460,48.75746302975202,79.26937660506935,8755,5,text_en_1919
5461,49.691482810489816,85.23437943520854,789,0,outer_ring
5462,49.14005236503945,84.87392249061912,868,0,outer_ring
5463,52.33629770028968,85.57811368534722,512,0,outer_ring
5464,54.753208973087226,86.07166459221664,427,0,outer_ring
5465,56.48136749147413,85.01602530537745,8816,5,text_en_1919
5466,56.00230305930009,84.73253342646993,8859,5,text_en_1919
5467,54.64756837592687,81.58037181742336,9218,5,text_en_1919
5468,52.08597424282669,79.50113165172453,8845,5,text_en_1919
5469,50.23919059135792,78.95260812510878,8957,5,text_en_1919
5470,46.97269829163137,79.56758984757026,4963,2,octagram
5471,30.435053750450557,61.42648214651685,5111,2,octagram
5472,30.76227524859806,62.48280914244648,5054,2,octagram
5473,29.902649844500854,60.54795764182402,6722,3,stroke_nan
5474,55.88489295422442,97.94333222185963,357,0,outer_ring
5475,60.06451913617688,99.7136578610572,233,0,outer_ring
5476,64.07996094626347,98.30074379686158,126,0,outer_ring
5477,69.14971909408891,93.75064341714932,37,0,outer_ring
5478,69.46376515593136,93.47886814878208,32,0,outer_ring
5479,71.98318870050791,87.42567583992482,9063,5,text_en_1919
5480,73.22833999573909,84.98643496938337,3427,1,inner_ring
5481,75.05387851657376,80.53550536587059,3400,1,inner_ring
5482,75.66877231735607,78.30236130504144,4616,2,octagram
5483,77.29698801214072,73.9764955258623,4588,2,octagram
5484,79.1421518714518,69.295831675638,9636,5,text_en_1919
5485,80.76496437024404,64.67381107763016,4506,2,octagram
5486,84.70472269609016,53.32257700624956,9850,5,text_en_1919
5487,84.74934432826842,53.066735587747246,3290,1,inner_ring
5488,87.95422134898789,46.37045306970291,10132,5,text_en_1919
5489,89.6250624243224,43.195823180087935,3241,1,inner_ring
5490,90.6987734270396,42.21952768599335,3231,1,inner_ring
5491,94.18249962983944,39.203040462664326,10372,5,text_en_1919
5492,97.1997963384508,35.3916121537984,10528,5,text_en_1919
5493,97.03862360961034,35.70664125574232,10507,5,text_en_1919
5494,56.81856933365049,41.31250281738882,6084,2,octagram
5495,57.58141109725166,40.929289340849,8184,4,stroke_kai
5496,61.84405591072931,31.98587355658165,8321,4,stroke_kai
5497,61.23771223667161,32.78447803997184,8422,4,stroke_kai
5498,64.41319980709396,24.79809631056366,6224,2,octagram
5499,64.39891377323735,24.937172207967063,6229,2,octagram
5500,72.60454820529642,22.820999292974747,6369,2,octagram
5501,73.27622149140177,22.902016638889727,4388,1,inner_ring
5502,69.11961875621594,22.19063292924601,6311,2,octagram
5503,65.47735137948054,19.70008653124061,10988,5,text_en_1919
5504,64.26294353063321,19.545259142445765,6046,2,octagram
5505,60.50225534182724,18.695746936705376,2814,0,outer_ring
5506,57.17355225321017,18.219331742944977,11188,5,text_en_1919
5507,56.38510937050044,18.26532384698389,11019,5,text_en_1919
5508,54.47882432020602,18.1441258049808,11156,5,text_en_1919
5509,49.35061112144314,17.150561989375078,11314,5,text_en_1919
5510,48.93089548580728,16.95579516775534,1917,0,outer_ring
5511,46.46374892908459,14.09856260160661,1605,0,outer_ring
5512,50.30265598784947,14.74050969132376,2160,0,outer_ring
5513,51.74897763005677,12.91939362463777,2292,0,outer_ring
5514,52.63220435358248,14.75818378340599,2383,0,outer_ring
5515,57.35110599229246,10.793046041441611,2641,0,outer_ring
5516,51.60029755310031,13.753658934732016,2263,0,outer_ring
5517,48.26128752873217,10.561194768099334,1898,0,outer_ring
5518,47.97410341130591,9.46154477082409,1872,0,outer_ring
5519,47.52088497632317,6.783459371945696,1850,0,outer_ring
5520,48.03832358607624,9.482915874148638,1880,0,outer_ring
5521,53.342025069332266,10.541427006727226,2446,0,outer_ring
5522,55.30153464344984,10.080215517827988,2530,0,outer_ring
5523,63.52161871615682,10.578675295341805,2872,0,outer_ring
5524,61.8382581885552,10.21194953653402,2812,0,outer_ring
5525,65.80175745588862,10.448563731262198,2918,0,outer_ring
5526,72.67656989901297,10.31943979291232,4246,1,inner_ring
5527,76.25549341410976,10.538862068154202,4327,1,inner_ring
5528,74.47063512976061,10.294333056084175,3219,0,outer_ring
5529,67.81153961048837,8.977554917087026,3150,0,outer_ring
5530,68.44441447754186,3.4784545478944224,2955,0,outer_ring
5531,68.69683301512244,4.518371003594723,3036,0,outer_ring
5532,36.92643156612934,25.6010150108128,4003,1,inner_ring
5533,38.18734952855177,25.47389996363815,4038,1,inner_ring
5534,92.2640160154144,41.17441323383738,10404,5,text_en_1919
5535,48.8693170374572,95.64507228946078,733,0,outer_ring
5536,48.84678727137469,95.61364788868435,738,0,outer_ring
5537,44.44564692235123,93.25559043292276,1051,0,outer_ring
5538,56.03934393194937,98.07213944211765,344,0,outer_ring
5539,49.04917726843555,95.65415907038005,720,0,outer_ring
5540,46.95913887128731,95.0418000106755,878,0,outer_ring
5541,42.96603122617783,91.95897021873724,1126,0,outer_ring
5542,42.24119460328023,90.99332180040577,1134,0,outer_ring
5543,36.77645821627079,82.28347805397698,1306,0,outer_ring
5544,33.72600551839968,78.53667309601059,9326,5,text_en_1919
5545,31.19226494597209,76.65845466397707,1361,0,outer_ring
5546,27.74687034042249,73.46393060973794,3662,1,inner_ring
5547,26.424552936895783,72.22230489994773,1382,0,outer_ring
5548,22.745930804153232,65.37329543379974,9633,5,text_en_1919
5549,21.86579078515566,59.47940207589066,1391,0,outer_ring
5550,22.76351700519628,54.03049042393913,10015,5,text_en_1919
5551,25.0291720647437,51.34200089179846,10306,5,text_en_1919
5552,28.5623202203423,51.09060764201848,3768,1,inner_ring
5553,28.1706015729726,51.0471031680838,3773,1,inner_ring
5554,33.32297591200471,50.99862272843404,5283,2,octagram
5555,35.71262159948289,50.96111900016408,5304,2,octagram
5556,43.259228518226735,52.78400769138838,6712,3,stroke_nan
5557,45.6629053990513,53.61664514396095,6829,3,stroke_nan
5558,45.63326550571159,53.65081005172871,6703,3,stroke_nan
5559,50.81159398969294,55.42880436591247,5001,2,octagram
5560,54.9717787654879,55.86612819004094,4824,2,octagram
5561,57.103215761216376,55.739742815696175,4762,2,octagram
5562,58.67788250287985,56.66312625542541,7976,4,stroke_kai
5563,61.03030760168281,61.51724060913818,7773,4,stroke_kai
5564,61.8972102752785,67.68755079816422,9015,5,text_en_1919
5565,61.69843242941639,67.17962262494987,9060,5,text_en_1919
5566,57.13929610368072,55.44232851181761,7638,4,stroke_kai
5567,55.80059278844936,51.70135236240736,7792,4,stroke_kai
5568,52.97771984635243,46.73088179900385,7122,3,stroke_nan
5569,46.5345708563931,37.16702396725066,5615,2,octagram
5570,50.80525276777356,43.65633900920174,7386,3,stroke_nan
5571,51.66237752716384,44.917658204018096,7208,3,stroke_nan
5572,44.4005133423407,34.80941368807967,5699,2,octagram
5573,44.27975975181096,35.13011351790517,5575,2,octagram
5574,37.12129863323957,30.75930983050719,7264,3,stroke_nan
5575,33.47641105293276,31.203171040955,5538,2,octagram
5576,34.06875605585552,30.71052182386928,7363,3,stroke_nan
5577,29.64878114714935,35.69823495070904,10568,5,text_en_1919
5578,32.80104006046969,40.15740134907815,5391,2,octagram
5579,35.820213308698854,44.824157321124886,7090,3,stroke_nan
5580,39.06675914113254,50.21309625353306,6917,3,stroke_nan
5581,29.641938801691623,36.36404448399136,10513,5,text_en_1919
5582,29.688292642598405,30.633487085063408,10754,5,text_en_1919
5583,30.274278597672943,28.34760093025137,3896,1,inner_ring
5584,34.2117693925869,25.63171856030509,1413,0,outer_ring
5585,35.99435683172423,25.26647445219013,1425,0,outer_ring
5586,39.97465129642103,25.13026438921577,1506,0,outer_ring
5587,46.320666988122326,27.82188798904392,4071,1,inner_ring
5588,47.81003713479505,29.20026137285724,4090,1,inner_ring
5589,51.14823208255084,34.281200161432984,7454,3,stroke_nan
5590,50.49492095384006,32.8079799920685,7554,3,stroke_nan
5591,52.949839839474905,36.356437775417405,4128,1,inner_ring
5592,55.71041465054879,41.03952203921772,8519,4,stroke_kai
5593,56.42099487658781,41.82710290957087,8310,4,stroke_kai
5594,58.07196660884761,43.34310191947069,8080,4,stroke_kai
5595,63.55702414060293,46.40575269483647,8029,4,stroke_kai
5596,63.5955406168706,46.39058056491023,6461,2,octagram
5597,66.95374173930693,47.614753017426246,7804,4,stroke_kai
5598,71.10935869508798,55.973439222292335,4441,2,octagram
5599,71.7886506742332,62.94983474740076,7733,4,stroke_kai
5600,71.81437584874746,61.594868496059846,7806,4,stroke_kai
5601,71.19376060442045,66.33140709021798,7641,4,stroke_kai
5602,48.46136731011521,79.41391110915771,8628,5,text_en_1919
5603,49.06024473624536,84.95501441573629,880,0,outer_ring
5604,49.05485511220114,84.85575780455994,886,0,outer_ring
5605,52.04446838524143,85.43026520834185,544,0,outer_ring
5606,56.15570845548,86.23531314163415,8582,5,text_en_1919
5607,55.74183196006528,86.3023710796883,394,0,outer_ring
5608,55.80960024299946,84.73098464857704,8858,5,text_en_1919
5609,54.593819387917,81.623465950998,9143,5,text_en_1919
5610,52.19006712630764,79.59118833444059,8684,5,text_en_1919
5611,48.9493387651123,78.38518899517081,3570,1,inner_ring
5612,49.625707081235845,78.71445327131826,9229,5,text_en_1919
5613,30.282570919592143,61.142953480100886,6651,3,stroke_nan
5614,29.55399722440716,61.26852107027105,5138,2,octagram
5615,30.809370266116456,62.52113839353254,5048,2,octagram
5616,56.017926675823,97.98392665845762,346,0,outer_ring
5617,63.60017279594848,98.52621367652918,152,0,outer_ring
5618,63.71887555565648,98.42563066291852,142,0,outer_ring
5619,69.87970988758599,92.64711742596646,8719,5,text_en_1919
5620,71.56707084706383,89.30725984747582,8830,5,text_en_1919
5621,71.38105845861543,89.66088505672333,8875,5,text_en_1919
5622,74.77766943731399,81.70841440787234,9403,5,text_en_1919
5623,74.72245623206739,81.76502281723953,9430,5,text_en_1919
5624,76.37679813027749,77.22654239639326,9437,5,text_en_1919
5625,78.29360064204897,70.81510760806097,4549,2,octagram
5626,81.62769321045758,62.05247238718923,9757,5,text_en_1919
5627,81.3371724271023,62.71927014713549,3321,1,inner_ring
5628,85.05199398955,52.76217212182971,9786,5,text_en_1919
5629,84.73876027579949,53.23349041474198,9862,5,text_en_1919
5630,87.68238462978195,46.71679952146959,10115,5,text_en_1919
5631,87.55900425094907,46.93435250664517,10081,5,text_en_1919
5632,90.54906265155932,42.24874538101361,3236,1,inner_ring
5633,95.39999567657,37.59618861325883,10395,5,text_en_1919
5634,95.02037859352488,38.06031021644917,10374,5,text_en_1919
5635,96.46904094669344,36.10967888242018,10644,5,text_en_1919
5636,56.40967927154135,40.51469348187403,6009,2,octagram
5637,57.747471979833335,39.77912060738901,8261,4,stroke_kai
5638,59.962921127579776,36.36569139093693,8364,4,stroke_kai
5639,62.98233680052533,29.925242931587945,8353,4,stroke_kai
5640,64.45040535139974,24.32130280843515,6158,2,octagram
5641,66.86079870012595,22.71979243178503,6325,2,octagram
5642,73.69067559229667,22.9051193778422,4397,1,inner_ring
5643,73.4153112493587,22.93901973673021,4398,1,inner_ring
5644,67.62421002662893,21.48480216432727,6297,2,octagram
5645,65.00563167324968,19.503069374064832,11010,5,text_en_1919
5646,64.34185105993679,19.444342272455,6045,2,octagram
5647,59.52818794623781,18.390907273450345,2750,0,outer_ring
5648,56.538382598933545,18.131519028165197,11273,5,text_en_1919
5649,56.10901848255351,18.1789413496302,11110,5,text_en_1919
5650,53.49963989746488,18.108662516683747,11155,5,text_en_1919
5651,50.67180122642119,17.686773672849867,11148,5,text_en_1919
5652,48.11070740344372,15.211605086891405,1752,0,outer_ring
5653,45.41784406262002,13.9447055494784,1559,0,outer_ring
5654,49.1375893824141,14.713207603174752,1966,0,outer_ring
5655,50.18096773280645,14.70032210398599,2145,0,outer_ring
5656,53.03557874551068,14.624210386764553,2441,0,outer_ring
5657,56.87120147681737,11.797389275080713,2617,0,outer_ring
5658,53.712569766140106,10.500701590321055,2473,0,outer_ring
5659,49.56896310815637,10.03061666155896,2069,0,outer_ring
5660,47.7466030801946,9.969261495336774,1834,0,outer_ring
5661,46.3379605490131,7.15446829089889,1662,0,outer_ring
5662,49.00532302522939,9.274506271747576,1991,0,outer_ring
5663,51.814914638756726,9.514348553648285,2291,0,outer_ring
5664,54.7989644786952,10.083450211974444,2497,0,outer_ring
5665,61.646632205276426,10.401453253287386,2802,0,outer_ring
5666,61.965083023958336,10.47087496328684,2819,0,outer_ring
5667,64.966358928751,10.57813557429106,2889,0,outer_ring
5668,68.68417857176654,8.743936333078238,3192,0,outer_ring
5669,76.87323084541,10.448971119284494,6339,2,octagram
5670,73.84724278580697,10.515434976063004,4295,1,inner_ring
5671,67.57240535066438,9.421739349653429,3102,0,outer_ring
5672,68.61590468657764,4.603102660389233,3029,0,outer_ring
5673,68.66076374528988,4.437897811197985,3030,0,outer_ring
5674,36.57873897415601,25.395321458189407,3994,1,inner_ring
5675,38.28457239038457,25.30958093646408,10906,5,text_en_1919
5676,91.40034452446903,41.69419289850418,10382,5,text_en_1919
5677,49.5830198225034,95.97693879830383,665,0,outer_ring
5678,47.25334422063204,95.2027915591718,844,0,outer_ring
5679,45.27901477742172,94.05828554171065,980,0,outer_ring
5680,56.3705428369604,98.3335798393095,321,0,outer_ring
5681,50.81513308082954,96.18978575895446,564,0,outer_ring
5682,45.17115053501557,93.93899440323922,988,0,outer_ring
5683,43.64688405743094,92.49392877755764,1079,0,outer_ring
5684,39.23988203601989,86.03260537160264,8786,5,text_en_1919
5685,37.93760792017447,83.82453354688693,8879,5,text_en_1919
5686,33.76929040405407,78.41350484240732,4998,2,octagram
5687,31.452627194565,76.68255133047238,1360,0,outer_ring
5688,31.45398998510657,76.52863883391905,3640,1,inner_ring
5689,27.978601569888472,73.80879216709099,9324,5,text_en_1919
5690,22.07477724727105,63.33425258217868,9646,5,text_en_1919
5691,22.543208588667355,63.86542814056972,9671,5,text_en_1919
5692,22.47649463983693,55.17993608215806,9972,5,text_en_1919
5693,23.88604267747842,52.2403030050342,10287,5,text_en_1919
5694,23.538646160689787,52.71227682664141,10189,5,text_en_1919
5695,28.07807428578176,51.000268647828406,3784,1,inner_ring
5696,31.18682276221069,50.9633900897675,5247,2,octagram
5697,36.98219579449484,49.58218383879523,5369,2,octagram
5698,42.79250828233332,52.48305461564922,6814,3,stroke_nan
5699,45.73263663520687,53.70354106759133,6704,3,stroke_nan
5700,48.82619958606159,54.955578762112445,5033,2,octagram
5701,47.77294992601725,54.5792414274318,6745,3,stroke_nan
5702,52.040940845204986,55.6343104496547,6621,3,stroke_nan
5703,57.07802056831987,55.62818324517013,4772,2,octagram
5704,58.99168743135726,57.35985983718339,7960,4,stroke_kai
5705,61.35460108310889,63.43781334252228,4693,2,octagram
5706,61.47814715191219,65.04377570050426,9189,5,text_en_1919
5707,61.55096035998078,64.58754764201854,9274,5,text_en_1919
5708,58.29347235527594,56.57870142669413,4716,2,octagram
5709,55.54337885942426,51.31276978955688,7796,4,stroke_kai
5710,51.5834013707892,44.85578028631377,7211,3,stroke_nan
5711,46.66422702832677,37.073194582863984,5671,2,octagram
5712,48.65333487238061,39.65006023996301,5635,2,octagram
5713,50.37490736081924,43.36029278309757,7376,3,stroke_nan
5714,44.95523749730663,35.55728849983331,5684,2,octagram
5715,44.19417273548598,34.55539609245896,5713,2,octagram
5716,39.29643391176942,31.499823724821844,3949,1,inner_ring
5717,37.67158230382174,31.066103872097276,3925,1,inner_ring
5718,33.64091527644591,31.01243662896372,5546,2,octagram
5719,29.709530493628336,35.44852536475244,3858,1,inner_ring
5720,34.41221379704436,42.82895587986002,5371,2,octagram
5721,35.75930534384143,44.71469972561817,7109,3,stroke_nan
5722,39.01407381707298,50.06941594565044,6996,3,stroke_nan
5723,29.61251562896206,36.15800193532444,10540,5,text_en_1919
5724,31.529706228153632,32.08651402085205,5455,2,octagram
5725,29.54666474356532,31.23757053953473,10725,5,text_en_1919
5726,33.43215088848519,25.935998321608228,10845,5,text_en_1919
5727,36.228373460655625,25.230010341659234,1436,0,outer_ring
5728,41.87138673309589,25.29937413117734,11012,5,text_en_1919
5729,41.821675813972085,25.16216419756974,11081,5,text_en_1919
5730,45.8283205698378,27.419700975345183,4065,1,inner_ring
5731,47.683389668053536,28.978259523651424,4087,1,inner_ring
5732,50.06874578434869,32.24729029661481,5876,2,octagram
5733,52.85154692196527,36.60175576481849,5887,2,octagram
5734,56.066731537147206,41.53034238815678,8466,4,stroke_kai
5735,56.80671511524067,41.11730439270198,6071,2,octagram
5736,57.48327034682875,42.89856556780736,8085,4,stroke_kai
5737,64.46488996498111,46.56568609013706,8034,4,stroke_kai
5738,66.15642500980489,47.18752150791736,8026,4,stroke_kai
5739,64.48344293185284,46.762239754639296,7928,4,stroke_kai
5740,71.64127667574824,59.12239174890059,7850,4,stroke_kai
5741,71.29022199785726,57.126374184395296,4460,2,octagram
5742,71.67094755016973,61.49669504063097,7800,4,stroke_kai
5743,64.2408690545645,69.45412285197519,9115,5,text_en_1919
5744,47.65597232766788,78.27850503018415,4929,2,octagram
5745,47.1402974859641,80.69472004427877,9078,5,text_en_1919
5746,49.29242217924544,84.92191173392197,840,0,outer_ring
5747,51.54651555501927,85.53794696058216,618,0,outer_ring
5748,55.92820058525415,86.18134617847582,8638,5,text_en_1919
5749,56.50065638780913,84.85168036434246,8848,5,text_en_1919
5750,55.83669652960843,84.72556103988327,8869,5,text_en_1919
5751,52.218589110407095,79.66746504770043,8614,5,text_en_1919
5752,50.75261021168346,79.04752279898682,8844,5,text_en_1919
5753,50.62559188702139,79.03120915374333,8800,5,text_en_1919
5754,48.95775158523097,78.26490526071802,4887,2,octagram
5755,29.43441009047075,60.40683454380319,5179,2,octagram
5756,29.46031897992049,61.294192741250086,5152,2,octagram
5757,30.297427347325275,62.31821292081752,5094,2,octagram
5758,59.71521639521339,99.70862974214413,242,0,outer_ring
5759,62.40372313254265,99.21658589497449,194,0,outer_ring
5760,65.91423836022001,97.14759638876804,101,0,outer_ring
5761,67.34493120675586,95.66223282753708,64,0,outer_ring
5762,69.51367823681282,93.0990716053126,8661,5,text_en_1919
5763,72.66868361095976,86.25865192416911,9065,5,text_en_1919
5764,74.45944414615906,82.76412847007177,9351,5,text_en_1919
5765,74.4325154121397,82.27090569538305,4652,2,octagram
5766,77.85022669971673,72.46924882559014,9608,5,text_en_1919
5767,78.83821284765004,69.76398848838764,9672,5,text_en_1919
5768,78.4971857895937,70.30197594443325,4543,2,octagram
5769,80.52314404073707,65.19296186763333,4507,2,octagram
5770,85.08723046376804,52.20279990735277,6551,2,octagram
5771,85.04987218553761,52.46865619886222,9863,5,text_en_1919
5772,86.31559469062489,48.65546681710708,6532,2,octagram
5773,87.23946257368337,47.18376917140275,3265,1,inner_ring
5774,91.20663620667236,41.77929907633546,10438,5,text_en_1919
5775,94.54185645130552,38.74672717369147,10411,5,text_en_1919
5776,94.33345280982256,39.0608842069679,10318,5,text_en_1919
5777,96.64745842104082,36.05532595468607,10488,5,text_en_1919
5778,56.90553923331292,41.570404663283234,8200,4,stroke_kai
5779,57.312639863217946,40.116623033404345,6058,2,octagram
5780,62.75619135346322,29.941588057169923,8437,4,stroke_kai
5781,63.93942837964671,26.246612846825947,8554,4,stroke_kai
5782,64.43763872033348,24.830783977634976,6232,2,octagram
5783,64.10859086355183,24.802303305399448,6176,2,octagram
5784,72.45635433019287,22.84996566065764,6386,2,octagram
5785,70.9851449836761,22.640095514884397,6412,2,octagram
5786,67.00444896431421,21.00978746983934,6263,2,octagram
5787,67.14433480076919,21.06361594624368,6270,2,octagram
5788,61.89203563726903,18.8397974296711,10969,5,text_en_1919
5789,62.89823595820846,18.99452994733416,4193,1,inner_ring
5790,56.293455841481325,18.05196623104713,11328,5,text_en_1919
5791,54.62597726352855,18.174482490458757,11057,5,text_en_1919
5792,50.12521401909167,17.498499887665787,11304,5,text_en_1919
5793,49.28754267101935,16.853873909484232,1968,0,outer_ring
5794,48.78601306490123,16.670768541885973,1815,0,outer_ring
5795,46.31549619661125,15.001066170929164,1588,0,outer_ring
5796,47.78129544411774,15.515794011088047,1656,0,outer_ring
5797,51.4284913149564,14.18920237202822,2232,0,outer_ring
5798,51.86568485309324,14.708694025498062,2314,0,outer_ring
5799,55.00961905242165,14.384279133977117,2536,0,outer_ring
5800,53.40644016059987,10.774450129468448,2452,0,outer_ring
5801,47.6841066815492,10.129503373387742,1822,0,outer_ring
5802,49.702860394613786,9.274529085939156,2091,0,outer_ring
5803,46.30515332244114,7.077639590193726,1660,0,outer_ring
5804,49.27958772128972,9.419996174361842,2037,0,outer_ring
5805,52.58236534237368,9.715245907172346,2361,0,outer_ring
5806,59.68134654740852,10.424833952484455,2729,0,outer_ring
5807,58.08084773655788,10.04090442714798,2649,0,outer_ring
5808,62.48038275381646,10.369450387548689,2845,0,outer_ring
5809,65.11045578593595,10.33613619955441,2890,0,outer_ring
5810,70.27753874356188,9.716797116136943,6098,2,octagram
5811,72.36656928813457,10.462557974624524,4238,1,inner_ring
5812,73.4133062623639,10.47233397037347,4271,1,inner_ring
5813,67.42728052647917,9.752946228111462,11279,5,text_en_1919
5814,68.47203935308625,5.938935795092583,3063,0,outer_ring
5815,68.32787834389302,3.583581714408247,2939,0,outer_ring
5816,38.87856508162057,25.36419973859502,5783,2,octagram
5817,38.201156555567536,25.417000989729384,4040,1,inner_ring
5818,90.29653588681288,42.49349291278658,10049,5,text_en_1919
5819,48.63731237103737,95.54768559810344,755,0,outer_ring
5820,49.39550276608991,95.90899575599846,685,0,outer_ring
5821,43.27268016581388,92.20022687405756,1105,0,outer_ring
5822,53.90950833285015,97.04263321388164,444,0,outer_ring
5823,48.77556980451909,95.48516853777778,746,0,outer_ring
5824,44.88891636934922,93.846982948798,1024,0,outer_ring
5825,41.68972261941519,89.91927815066475,1168,0,outer_ring
5826,42.3143168984078,91.16581580505576,1131,0,outer_ring
5827,36.47454622093984,82.034606279954,1319,0,outer_ring
5828,37.41046250725353,82.98845435111606,1290,0,outer_ring
5829,30.41845140986882,75.80447162211644,9388,5,text_en_1919
5830,30.01390899705101,75.54434801075378,9348,5,text_en_1919
5831,28.03378457419733,73.63532956247548,3657,1,inner_ring
5832,22.260419144858744,63.10956843847565,9693,5,text_en_1919
5833,22.04953832537932,60.29513657780136,9736,5,text_en_1919
5834,22.12001110984741,59.10034189142719,9839,5,text_en_1919
5835,23.306084890094844,52.45717155739117,10261,5,text_en_1919
5836,23.882220683899625,52.25396804553865,10218,5,text_en_1919
5837,30.81225774165519,50.988798189405,5236,2,octagram
5838,34.06207742353865,51.17965579558231,5295,2,octagram
5839,33.156297532922935,51.05014378360309,5268,2,octagram
5840,39.78485663408431,50.85867113904592,6850,3,stroke_nan
5841,42.51471898470491,52.40458029314966,7010,3,stroke_nan
5842,49.351908064669765,55.11930632110874,5014,2,octagram
5843,48.13284082338958,54.60981470335123,6845,3,stroke_nan
5844,51.40261249025979,55.39355695966661,6706,3,stroke_nan
5845,57.04366170926554,55.77588442396048,4767,2,octagram
5846,58.7857077087588,57.45001357429621,4697,2,octagram
5847,61.09113692620506,61.50432329359087,7771,4,stroke_kai
5848,61.71995720436412,68.06222332950213,8850,5,text_en_1919
5849,61.765436264032274,66.5126261866073,9158,5,text_en_1919
5850,57.27357803402876,55.64139351932221,4746,2,octagram
5851,55.52317491141645,51.11419111602157,7814,4,stroke_kai
5852,52.0980300349996,45.41443245161794,7173,3,stroke_nan
5853,48.6101336593758,39.6088930044585,5640,2,octagram
5854,49.2755713514806,41.513085613837696,7493,3,stroke_nan
5855,50.21913365616622,43.15575977614637,7392,3,stroke_nan
5856,47.40027676886977,37.5365948671835,7443,3,stroke_nan
5857,40.95814380983974,31.98527688312049,5735,2,octagram
5858,36.68503956688717,30.53338739127671,7319,3,stroke_nan
5859,33.9816054240307,30.69715226458174,5558,2,octagram
5860,31.425126652533688,31.911841087189465,5473,2,octagram
5861,29.63270005282429,34.067304914992974,10611,5,text_en_1919
5862,31.828762857797965,39.43856381627168,5403,2,octagram
5863,35.60365285423708,44.43377091577786,7099,3,stroke_nan
5864,38.85372576017501,50.14142935048345,6848,3,stroke_nan
5865,29.49583521812759,35.29336650457063,10581,5,text_en_1919
5866,29.744445688663077,30.56058147253832,10739,5,text_en_1919
5867,29.70128329003311,29.89529289182643,10781,5,text_en_1919
5868,30.44620275905569,28.09173450931833,3900,1,inner_ring
5869,36.80961255417465,25.32334777901329,10958,5,text_en_1919
5870,42.78191019680122,25.319325753961447,11212,5,text_en_1919
5871,43.245134462488224,25.443165666753803,11203,5,text_en_1919
5872,47.54662822028164,29.114382157042662,5797,2,octagram
5873,50.49788071290636,32.99959372430673,7539,3,stroke_nan
5874,50.006944534718826,32.12369790483149,5874,2,octagram
5875,53.04634598538102,36.66369145993752,5896,2,octagram
5876,55.636941104087946,41.07234448207788,8518,4,stroke_kai
5877,56.80098674805146,41.608112869390496,8195,4,stroke_kai
5878,60.247040266952745,44.77967321633989,8234,4,stroke_kai
5879,60.26297853119298,44.96781905807828,8154,4,stroke_kai
5880,64.40055609752989,46.61431308193213,8041,4,stroke_kai
5881,65.85357754980252,47.1386672054482,7914,4,stroke_kai
5882,69.65021844206555,51.14578007691611,6504,2,octagram
5883,71.14941527310917,56.86824012994654,4473,2,octagram
5884,70.64519353879372,67.26289031691842,7630,4,stroke_kai
5885,71.16790452228001,65.88347505735763,7695,4,stroke_kai
5886,48.34610624183449,79.6365789106909,1001,0,outer_ring
5887,49.24177254984363,85.20929585630805,838,0,outer_ring
5888,49.625495680022205,85.21687619883079,794,0,outer_ring
5889,50.823786229096505,85.45037902913202,692,0,outer_ring
5890,55.64698875577458,86.26857403181202,400,0,outer_ring
5891,55.96447747961637,86.36970959602766,378,0,outer_ring
5892,56.49099853697759,85.05307401927966,8791,5,text_en_1919
5893,55.10604560163223,81.98527204518045,3505,1,inner_ring
5894,52.09035924113531,79.50853678222049,8788,5,text_en_1919
5895,49.04224587327084,78.47771483500199,9260,5,text_en_1919
5896,49.43953451611149,78.7396899209865,9239,5,text_en_1919
5897,30.741230110857963,62.115204378155,6599,3,stroke_nan
5898,29.395658090251803,60.330836302231006,5184,2,octagram
5899,30.08522979504836,61.05524328793402,5128,2,octagram
5900,56.094259263594296,98.17747511966869,341,0,outer_ring
5901,60.00196303446827,99.56812494562838,234,0,outer_ring
5902,67.14005410787598,96.01017640992498,74,0,outer_ring
5903,70.53362157407307,92.12741280394698,8,0,outer_ring
5904,71.51586621622947,89.47212003219985,8783,5,text_en_1919
5905,72.97965668860547,85.55689323448556,9258,5,text_en_1919
5906,74.70625973557426,82.05498335415143,9365,5,text_en_1919
5907,76.18046041762346,77.41932775520579,3384,1,inner_ring
5908,75.81627071381524,78.28507977683293,3391,1,inner_ring
5909,79.6197432276181,68.00210645750784,9701,5,text_en_1919
5910,80.9803153384172,64.1807673973843,4495,2,octagram
5911,81.66469742344425,61.84917914330126,9764,5,text_en_1919
5912,82.97787737557451,57.6507475017177,4431,2,octagram
5913,86.25439463745259,49.52344562680271,9926,5,text_en_1919
5914,86.42691573715454,48.79042962458906,6538,2,octagram
5915,89.31563781300937,43.681223023168606,3244,1,inner_ring
5916,91.07266809727533,41.93642888000349,10362,5,text_en_1919
5917,95.08395717649258,37.79872331504698,10412,5,text_en_1919
5918,96.42953343161436,36.18098653608974,10484,5,text_en_1919
5919,96.8026202538922,35.83367512429895,10510,5,text_en_1919
5920,56.780519496411245,41.60382469271891,8193,4,stroke_kai
5921,57.59478011880172,40.823698080641904,8213,4,stroke_kai
5922,61.95889072097806,31.47471639965171,8411,4,stroke_kai
5923,61.41975951839228,32.71968350021204,8309,4,stroke_kai
5924,63.65544330083053,27.283919049392477,8513,4,stroke_kai
5925,64.16260706145538,24.876286765529947,6177,2,octagram
5926,69.41369708999751,22.192377789942974,6314,2,octagram
5927,72.93497785869675,22.860430685121194,6361,2,octagram
5928,67.19845503909902,21.238134045037363,6282,2,octagram
5929,65.0691055975022,19.64487411205872,10870,5,text_en_1919
5930,62.180276337932,18.957376932329176,4179,1,inner_ring
5931,62.2470441808426,18.918050794338672,10999,5,text_en_1919
5932,60.9722369687327,18.86569971381697,4154,1,inner_ring
5933,54.22578634399007,18.219572678882912,11018,5,text_en_1919
5934,51.44171009371202,17.86435806209145,2242,0,outer_ring
5935,50.209981353225054,17.518437678959874,11298,5,text_en_1919
5936,48.32438096720455,16.42937466213935,1760,0,outer_ring
5937,46.83060799645592,14.07474984017665,1617,0,outer_ring
5938,50.00757818037819,14.578896753450271,2124,0,outer_ring
5939,50.438998537643066,14.563524265474593,2171,0,outer_ring
5940,55.31124229653587,14.02033938023753,2560,0,outer_ring
5941,57.32167975792399,11.128137049076386,2642,0,outer_ring
5942,53.14601702061275,10.775019113630314,2430,0,outer_ring
5943,48.4548071264724,10.505048580548774,1921,0,outer_ring
5944,48.18095498297746,10.395397864176148,1891,0,outer_ring
5945,46.90506685671115,6.5148317444309285,1749,0,outer_ring
5946,49.11844579638931,10.431316237745015,1997,0,outer_ring
5947,52.50344860382773,11.68187263530504,2359,0,outer_ring
5948,55.5142527791128,10.139149603470663,2550,0,outer_ring
5949,58.93041341117896,10.24919924899357,2690,0,outer_ring
5950,66.60784459950399,10.44836570901574,11044,5,text_en_1919
5951,67.8263441746081,9.22009036061447,3175,0,outer_ring
5952,72.18175329936756,10.555121872933483,4234,1,inner_ring
5953,73.63468949533002,10.412019778778776,4276,1,inner_ring
5954,73.17675964647393,10.55547755062814,4269,1,inner_ring
5955,68.5665884185472,6.015487862756231,3092,0,outer_ring
5956,68.47340458340679,3.674286177825003,2971,0,outer_ring
5957,68.5566705438574,4.003997752090243,2995,0,outer_ring
5958,36.95536906176143,25.54937431955193,4005,1,inner_ring
5959,40.47783137258278,25.202305576327195,1538,0,outer_ring
5960,92.59925450400328,40.93520815110263,10349,5,text_en_1919
5961,51.092280049101966,96.3005049905712,535,0,outer_ring
5962,48.73425451216767,95.73339417014655,747,0,outer_ring
5963,44.74059253098876,93.52125093643424,1036,0,outer_ring
5964,52.60892952578547,96.61514794874115,498,0,outer_ring
5965,50.693803227325496,96.18556711851716,580,0,outer_ring
5966,45.77497936158658,94.44786139520885,942,0,outer_ring
5967,42.90208371847282,91.8777550107494,1127,0,outer_ring
5968,39.33524834370245,86.34506467978564,1245,0,outer_ring
5969,37.56563311250028,83.56263451342937,1283,0,outer_ring
5970,34.774571998177336,79.29607592711352,4973,2,octagram
5971,29.591630202329885,75.2085531644816,9343,5,text_en_1919
5972,30.76264754555138,76.00537868744453,3645,1,inner_ring
5973,25.28052703666445,70.23187559727454,9618,5,text_en_1919
5974,22.38162352608862,64.4515353666651,9611,5,text_en_1919
5975,22.543482479901268,65.49514677941467,9549,5,text_en_1919
5976,22.75774865830598,53.81944103720743,10202,5,text_en_1919
5977,22.609594496537703,54.33177081867179,10005,5,text_en_1919
5978,24.362059114352174,51.87367576777012,10237,5,text_en_1919
5979,30.04884040216304,50.84131710414366,3763,1,inner_ring
5980,31.261410408632575,51.07886550174211,3738,1,inner_ring
5981,35.75467567687822,51.06946996684931,5305,2,octagram
5982,41.22024703906498,51.94496001615666,6853,3,stroke_nan
5983,45.64589401244734,53.58990567651461,6890,3,stroke_nan
5984,47.45160485039307,54.419162664629056,6816,3,stroke_nan
5985,48.12689002784725,54.49759330363641,6986,3,stroke_nan
5986,54.31803397934909,55.89922906431993,4836,2,octagram
5987,58.58505915349023,57.4043679975286,4700,2,octagram
5988,58.31794523668657,57.45369267747077,3471,1,inner_ring
5989,60.62986836678304,60.3357181484443,7940,4,stroke_kai
5990,61.8632375506476,67.27417802633907,9139,5,text_en_1919
5991,61.73065664790692,67.65789939309838,8943,5,text_en_1919
5992,59.117321198174594,57.447932709351,7962,4,stroke_kai
5993,53.46228256274264,47.55385831829738,7076,3,stroke_nan
5994,53.56274838296903,47.91077043507857,7044,3,stroke_nan
5995,46.18748215087717,37.07691174111718,5607,2,octagram
5996,49.98811732796224,42.598964618957176,7477,3,stroke_nan
5997,51.71606905811288,44.979945568864856,7203,3,stroke_nan
5998,46.99306384942569,37.36849144027124,5664,2,octagram
5999,40.17790281483309,31.84576546313833,5561,2,octagram
6000,42.0270931770116,32.14195111975617,5787,2,octagram
6001,33.67685821890424,31.054024887488403,5547,2,octagram
6002,34.03691666291928,30.74758286089373,7345,3,stroke_nan
6003,29.618381825395804,36.03506088442237,10548,5,text_en_1919
6004,30.20724462527205,37.51370951692688,3827,1,inner_ring
6005,37.23434870594039,47.15542191411061,7128,3,stroke_nan
6006,37.35748768842598,49.39782115772705,6959,3,stroke_nan
6007,29.57721713174493,32.607087808169055,10662,5,text_en_1919
6008,31.60100196000984,31.849542589171904,5471,2,octagram
6009,29.674920031440752,29.95843516820348,10777,5,text_en_1919
6010,33.021844917068094,26.241191335293685,10819,5,text_en_1919
6011,36.62260797696685,25.33910402971404,3998,1,inner_ring
6012,40.11290051827845,25.05371550066642,1521,0,outer_ring
6013,45.860443970929865,27.17808272492395,10993,5,text_en_1919
6014,48.13613937124667,29.873831694116568,5819,2,octagram
6015,48.93738999197973,30.719273581629547,5854,2,octagram
6016,51.12530689827398,34.097196082075634,7466,3,stroke_nan
6017,54.73789413861133,39.68377036768791,5925,2,octagram
6018,56.186392743354666,41.583885024417846,8435,4,stroke_kai
6019,56.78106144369679,41.90863977394969,8132,4,stroke_kai
6020,57.361941520424594,42.69945465523662,8084,4,stroke_kai
6021,61.1314662872178,45.31988225652859,8183,4,stroke_kai
6022,63.81884840136629,46.32602318398612,6465,2,octagram
6023,67.4455718419415,47.60555382056301,6474,2,octagram
6024,71.01616541029799,57.05998727722577,4482,2,octagram
6025,71.23657417837002,57.17880799116061,4472,2,octagram
6026,70.09817181752973,68.50094406471251,4565,2,octagram
6027,63.238890650403285,69.34771170076596,9124,5,text_en_1919
6028,47.760154362257495,79.61318368167413,9286,5,text_en_1919
6029,48.82783859543852,84.66260391631042,908,0,outer_ring
6030,49.525088421736434,85.246150812398,800,0,outer_ring
6031,54.55790681969926,86.04666083551069,445,0,outer_ring
6032,54.48381420272844,85.94435236960615,449,0,outer_ring
6033,56.21781471467237,86.25805576564323,8586,5,text_en_1919
6034,56.32203642977666,84.17636528376508,8962,5,text_en_1919
6035,54.601595955491895,81.60370756794464,9164,5,text_en_1919
6036,50.86147357693636,78.84854095259553,4852,2,octagram
6037,48.29903540917491,77.99693459551081,4910,2,octagram
6038,47.64001216584721,78.49317542187825,4944,2,octagram
6039,30.47982703808512,61.59637081381547,5103,2,octagram
6040,29.4670184101074,60.35926801074522,5177,2,octagram
6041,30.82962055401196,62.4690090416161,5050,2,octagram
6042,60.427980726442286,99.40639179088735,219,0,outer_ring
6043,63.7189002591834,98.49455602479368,143,0,outer_ring
6044,63.71777296966904,98.602030372914,144,0,outer_ring
6045,69.58378243123852,93.36701874735608,28,0,outer_ring
6046,69.86882506813168,92.78048141137074,8688,5,text_en_1919
6047,71.361812457389,89.68537638489889,8853,5,text_en_1919
6048,74.69074306829123,82.8035710432143,9352,5,text_en_1919
6049,76.13416801751423,77.99304945984755,9424,5,text_en_1919
6050,76.30783098433838,76.73720790825138,4595,2,octagram
6051,77.32626814426035,74.22377195490881,9532,5,text_en_1919
6052,79.35692395941052,68.55140623322505,3340,1,inner_ring
6053,80.8395978511686,64.51437019246049,4504,2,octagram
6054,82.50964307813322,59.02438884638376,3308,1,inner_ring
6055,86.4331686844298,48.7183325309095,6539,2,octagram
6056,86.36924121751042,49.18529646335116,9944,5,text_en_1919
6057,87.8654369732341,46.4354472418594,3249,1,inner_ring
6058,89.50825835401554,43.44691238831059,3242,1,inner_ring
6059,94.99399119649073,38.120328483366485,10338,5,text_en_1919
6060,97.26149109685488,35.41121560897443,10526,5,text_en_1919
6061,97.6431953593538,34.7647309195991,10701,5,text_en_1919
6062,55.46713854827922,40.65990937793966,8569,4,stroke_kai
6063,57.17957303573969,40.24135269591667,6062,2,octagram
6064,61.71759071588063,32.030255486938,8383,4,stroke_kai
6065,62.5378796760617,30.279633722364157,8431,4,stroke_kai
6066,63.83008555448549,26.36695659585608,8559,4,stroke_kai
6067,66.4485998911312,22.988251584853906,6264,2,octagram
6068,73.3734988998566,22.52368524653177,4366,1,inner_ring
6069,70.56259053291731,22.48943894750052,6416,2,octagram
6070,70.70253707252837,22.71478736320941,6429,2,octagram
6071,64.8220435859888,19.57825874411468,10869,5,text_en_1919
6072,61.84306898275502,18.973824054105624,4163,1,inner_ring
6073,61.84475151315945,18.89357719971414,4161,1,inner_ring
6074,60.90904212239854,18.752340210047507,2836,0,outer_ring
6075,57.391675229202114,17.99397767348419,2657,0,outer_ring
6076,51.73843775169776,17.89200053157117,2309,0,outer_ring
6077,51.16408678732947,17.739541380806504,2213,0,outer_ring
6078,47.92204518536533,16.350498131720116,1654,0,outer_ring
6079,46.305692618338426,14.911971598351094,1590,0,outer_ring
6080,49.35895424312833,14.777220484273665,1996,0,outer_ring
6081,50.43190773623981,14.605875399035687,2170,0,outer_ring
6082,54.70901775443927,14.367659548098809,2515,0,outer_ring
6083,55.09989150917567,14.418877680883,2547,0,outer_ring
6084,53.654437722079486,10.552056412982049,2471,0,outer_ring
6085,49.15193082698146,10.234330320522048,2007,0,outer_ring
6086,49.3252307323467,9.32042929349145,2044,0,outer_ring
6087,47.39313294952157,6.776730231884848,1832,0,outer_ring
6088,49.55961389263062,10.12173066261498,2066,0,outer_ring
6089,52.34580663105216,9.761073448198497,2341,0,outer_ring
6090,54.79410047536482,9.905228536246902,2495,0,outer_ring
6091,58.972462115146136,10.27797243656532,2696,0,outer_ring
6092,66.04428187869131,10.53684512570318,11137,5,text_en_1919
6093,67.9012307997369,9.259715452144128,3186,0,outer_ring
6094,69.65229875942862,9.33608763385083,3210,0,outer_ring
6095,72.09288028223253,10.518722154172352,4228,1,inner_ring
6096,76.08022097376237,10.415469698099445,10847,5,text_en_1919
6097,68.53644815356436,6.227665804638896,3100,0,outer_ring
6098,68.51268660676237,5.7286562602826265,3057,0,outer_ring
6099,68.46223929465867,3.494897392930504,2962,0,outer_ring
6100,38.65155108849204,25.498547799462592,5778,2,octagram
6101,39.08894578990021,25.30221326326295,1477,0,outer_ring
6102,90.643667358622,42.23749468560281,3234,1,inner_ring
6103,48.63062429276168,95.5463260101856,756,0,outer_ring
6104,49.046803438407856,95.70714501236424,719,0,outer_ring
6105,43.74401191531215,92.78273441781351,1064,0,outer_ring
6106,54.19739223390804,97.17108627002804,426,0,outer_ring
6107,50.772399547848686,96.00831521411368,571,0,outer_ring
6108,47.10707056485513,95.13853032330252,862,0,outer_ring
6109,43.82191982003246,92.6869824912464,1060,0,outer_ring
6110,39.14568538622226,86.05393202447341,1253,0,outer_ring
6111,36.36156712473513,81.37064452984868,1327,0,outer_ring
6112,34.53045485672834,79.10348544464571,4981,2,octagram
6113,34.80574920047522,79.37859142107564,4974,2,octagram
6114,27.906459548146493,73.47994218445727,3659,1,inner_ring
6115,25.218401279888614,70.56307067851617,9451,5,text_en_1919
6116,22.305920436092155,63.86044739275398,9674,5,text_en_1919
6117,22.20274909457097,62.86870365479435,9700,5,text_en_1919
6118,21.92644282459685,60.80096660687048,3725,1,inner_ring
6119,24.16471461626153,52.09681212006121,10158,5,text_en_1919
6120,28.119627615138395,51.025549325458606,3778,1,inner_ring
6121,27.913638262729577,51.032779180509706,3785,1,inner_ring
6122,31.70475296073037,51.06731280393139,5224,2,octagram
6123,35.97879198642714,50.56687638660758,5329,2,octagram
6124,39.20627975063851,50.46471704320502,6821,3,stroke_nan
6125,46.22021939395511,53.894828507499504,6785,3,stroke_nan
6126,48.75065661437229,54.83420509805025,6940,3,stroke_nan
6127,49.20085006697041,54.98734717122235,5027,2,octagram
6128,51.67065163364555,55.48305955391431,6728,3,stroke_nan
6129,57.293404169426175,55.48794153464099,7617,4,stroke_kai
6130,58.36904556351213,56.52092024560113,4666,2,octagram
6131,61.51925422769676,63.80814699244082,9328,5,text_en_1919
6132,61.604625954385,65.05090901241238,9266,5,text_en_1919
6133,61.69743413670042,67.69484278603348,8932,5,text_en_1919
6134,57.294202787436326,55.56755687076264,7588,4,stroke_kai
6135,57.05659775547085,54.29234775182279,7665,4,stroke_kai
6136,53.65813933379373,47.853708962036045,7049,3,stroke_nan
6137,48.77283190362076,40.179532880849074,7545,3,stroke_nan
6138,50.68259601175877,43.57820899335511,7348,3,stroke_nan
6139,51.87822605740729,44.930626179617626,7223,3,stroke_nan
6140,45.88177014645625,36.75570182790685,5595,2,octagram
6141,44.820570474828926,35.654778585083484,5587,2,octagram
6142,36.33509140829398,30.55214048024514,7253,3,stroke_nan
6143,36.15470277295596,30.333074901761453,7300,3,stroke_nan
6144,33.01820399384638,31.501722723502677,5436,2,octagram
6145,29.65836112753895,35.22803235684642,10577,5,text_en_1919
6146,30.79901023495464,37.91089832322007,5418,2,octagram
6147,36.88326185773036,46.65965083403528,7065,3,stroke_nan
6148,35.86018569397871,50.8363390854288,5312,2,octagram
6149,29.46244393268097,32.89297100243127,10653,5,text_en_1919
6150,29.978799150031453,32.02928408385279,10711,5,text_en_1919
6151,30.83742002644388,27.77774162676431,5517,2,octagram
6152,33.58176665581056,25.9053033393907,10840,5,text_en_1919
6153,36.3426270433133,25.26071949324816,11244,5,text_en_1919
6154,41.46639096076798,25.231640400879808,11011,5,text_en_1919
6155,42.575692109633714,25.32662295718952,11001,5,text_en_1919
6156,46.69160892906628,28.02937789668909,4082,1,inner_ring
6157,48.20916984033199,29.71622211208802,5817,2,octagram
6158,52.64151900797429,36.31136937026496,4119,1,inner_ring
6159,54.76329691438284,39.61911955579873,5930,2,octagram
6160,56.22387385577705,41.397514763141416,5964,2,octagram
6161,56.710998581566926,41.851457547468456,8135,4,stroke_kai
6162,60.64568863168207,45.1362823019938,8106,4,stroke_kai
6163,60.92372327822711,45.149507669028345,8182,4,stroke_kai
6164,67.30896391232399,47.85180595486838,7784,4,stroke_kai
6165,65.85977663817393,46.985989997178365,8001,4,stroke_kai
6166,71.42054589895605,58.11219711665822,7898,4,stroke_kai
6167,71.73356699526693,62.98647518094201,7726,4,stroke_kai
6168,70.26441805275125,68.10676848874762,4560,2,octagram
6169,63.5020211747279,69.27383636727168,9147,5,text_en_1919
6170,47.67611376286046,78.46040484026697,4939,2,octagram
6171,46.99172706150687,81.0227624620803,9031,5,text_en_1919
6172,49.09839434107656,84.68262061088792,882,0,outer_ring
6173,54.69115369626565,86.09919799721463,431,0,outer_ring
6174,55.87600327719845,86.1677159790718,8623,5,text_en_1919
6175,55.80752529514454,86.1234859392913,8630,5,text_en_1919
6176,56.30049987375063,84.06349793171199,9002,5,text_en_1919
6177,52.35921644157026,79.7237592616351,8646,5,text_en_1919
6178,51.00108902126611,78.80984189784193,4850,2,octagram
6179,50.36159107641048,78.97580040916142,8915,5,text_en_1919
6180,47.70796453960171,78.19560929694026,4925,2,octagram
6181,30.220647374461485,61.24432289091216,5122,2,octagram
6182,29.43730484795871,60.91242477950428,5160,2,octagram
6183,29.94902093785757,62.3208812869275,3687,1,inner_ring
6184,56.28136381032139,98.34128455471784,325,0,outer_ring
6185,64.34774246891995,98.35237327913929,117,0,outer_ring
6186,66.983349908774,95.61743804600792,8588,5,text_en_1919
6187,70.30872428978448,92.12190244983964,8690,5,text_en_1919
6188,71.8687464436737,88.38158215024427,8924,5,text_en_1919
6189,73.03595907268058,85.4480166113755,3432,1,inner_ring
6190,75.1047352023623,80.12218357372959,4623,2,octagram
6191,75.0793254775935,80.49270306203712,3399,1,inner_ring
6192,76.01048060150737,77.60405566951744,4606,2,octagram
6193,78.78029204566481,69.8604622186921,3345,1,inner_ring
6194,78.99860457208992,69.24334805877514,4530,2,octagram
6195,82.88156873301618,58.1196750261748,9831,5,text_en_1919
6196,84.23657839763206,54.26198534871476,3296,1,inner_ring
6197,86.33297817059687,49.06794926083825,3282,1,inner_ring
6198,87.57519222790812,46.961801480661634,10070,5,text_en_1919
6199,87.48097400187493,46.93791886820892,3255,1,inner_ring
6200,89.5449874507029,43.45670282477265,10105,5,text_en_1919
6201,94.96668185939924,37.99999652147491,10448,5,text_en_1919
6202,96.982106061893,35.54858425677843,10686,5,text_en_1919
6203,94.7317997499715,38.57390076255477,10252,5,text_en_1919
6204,56.762853236526674,41.58511882978066,6091,2,octagram
6205,57.37907483260153,39.95897859819166,6056,2,octagram
6206,61.39090674485059,32.54768395669697,8378,4,stroke_kai
6207,61.50141858712807,32.12700810110198,8461,4,stroke_kai
6208,64.31425135813214,24.912448787576192,6202,2,octagram
6209,67.5682822534715,22.404088073440352,6322,2,octagram
6210,73.19712697268777,22.785450349526336,4370,1,inner_ring
6211,68.70853558277683,22.373042695246117,6316,2,octagram
6212,69.15870030659988,22.2449108897412,6312,2,octagram
6213,64.38043946111974,19.25260850847095,10901,5,text_en_1919
6214,62.88771137134526,18.958964436081345,10902,5,text_en_1919
6215,62.70684835628271,19.050874851123304,6032,2,octagram
6216,60.99015726796552,18.81121910438515,2843,0,outer_ring
6217,56.425508647190654,18.08242918784851,11320,5,text_en_1919
6218,51.443852109296245,17.81184646608172,2243,0,outer_ring
6219,51.31665905427017,17.824111279112703,2222,0,outer_ring
6220,49.23278892359185,16.99289447943627,1957,0,outer_ring
6221,45.7070185129102,13.743395833063232,1574,0,outer_ring
6222,48.41995821785717,15.02144627846966,1805,0,outer_ring
6223,49.47027664597117,14.824043844139505,2025,0,outer_ring
6224,55.79595745667419,14.049013301742704,2590,0,outer_ring
6225,55.74579185697907,14.00885951834598,2585,0,outer_ring
6226,51.4811928080101,14.022169690357316,2244,0,outer_ring
6227,47.58647421009953,9.905836590701206,1780,0,outer_ring
6228,47.6262542600906,9.913007732637062,1820,0,outer_ring
6229,48.53525301869581,7.787800354537353,1949,0,outer_ring
6230,50.098083597322905,9.616603032210577,2144,0,outer_ring
6231,52.50110458598117,11.854268842025,2362,0,outer_ring
6232,54.63640929022246,9.925258654721285,2488,0,outer_ring
6233,63.38033277036133,10.444013048161374,2865,0,outer_ring
6234,63.46468662550674,10.313189117529513,2867,0,outer_ring
6235,67.36953381316164,9.963180839906428,11092,5,text_en_1919
6236,70.33170294001235,9.716136515439151,6101,2,octagram
6237,72.10767462079434,10.596699543788318,4231,1,inner_ring
6238,74.19711920433032,10.420947278275245,4308,1,inner_ring
6239,67.67730862742977,9.231069956129147,3129,0,outer_ring
6240,68.5841508355033,4.169222151702634,3006,0,outer_ring
6241,68.35983938315927,6.305265891729093,3060,0,outer_ring
6242,37.96088782446345,25.508937894934483,4028,1,inner_ring
6243,39.94814914071128,25.020567233776852,1507,0,outer_ring
6244,90.5236457682396,42.28423183721583,10171,5,text_en_1919
6245,48.24131588954083,95.458198138182,784,0,outer_ring
6246,46.83901656616754,94.95369187806716,892,0,outer_ring
6247,43.64768174401991,92.40715245295084,1080,0,outer_ring
6248,56.47083041941335,98.3805269315665,315,0,outer_ring
6249,50.27025250987085,96.09073226298172,622,0,outer_ring
6250,45.24366495774562,93.93737061869685,983,0,outer_ring
6251,42.252685457231344,90.59845533349304,1140,0,outer_ring
6252,41.4335392175675,89.74468790376378,1182,0,outer_ring
6253,38.93538635908239,85.86543686088304,1261,0,outer_ring
6254,34.42613676790606,78.96007323460555,4982,2,octagram
6255,34.35329437177977,78.905133784144,4983,2,octagram
6256,30.17994005076976,75.84087821900441,1368,0,outer_ring
6257,26.705964005085452,72.46988904114104,9466,5,text_en_1919
6258,23.937972922491493,68.1950479246866,9651,5,text_en_1919
6259,22.083499014597848,59.442426161169045,9804,5,text_en_1919
6260,22.62656899930574,54.0656327853055,1397,0,outer_ring
6261,22.31645220753451,55.08752765296831,1394,0,outer_ring
6262,27.86600815836552,50.95870365310712,3796,1,inner_ring
6263,29.95140296430882,50.93431958789088,3761,1,inner_ring
6264,33.037815210721135,50.95661043718394,5272,2,octagram
6265,36.49991028746375,50.2905487319269,5345,2,octagram
6266,38.42839991689506,49.60659749382747,6935,3,stroke_nan
6267,45.72045577633087,53.63783260146127,6889,3,stroke_nan
6268,49.24332745661836,54.97682891592136,5024,2,octagram
6269,50.92276244379259,55.32319415742068,6592,3,stroke_nan
6270,51.51823720625131,55.41454614993006,6699,3,stroke_nan
6271,56.97257053853368,55.96932594056696,4763,2,octagram
6272,58.726728978568566,57.62846554813804,3457,1,inner_ring
6273,60.7713319311035,60.615702104179945,7858,4,stroke_kai
6274,61.74691606562596,65.60674208423383,9211,5,text_en_1919
6275,61.8104780639033,67.58029535968191,9040,5,text_en_1919
6276,58.90999088777368,57.49935299303824,3435,1,inner_ring
6277,53.18009798857649,47.1651143717838,7067,3,stroke_nan
6278,51.43870531587694,44.57735744141346,7314,3,stroke_nan
6279,47.0372951491807,37.40605444373064,5663,2,octagram
6280,50.021697932956165,42.75889009125021,7464,3,stroke_nan
6281,50.44375926543973,43.53532806148673,7361,3,stroke_nan
6282,45.93291135984053,36.55767043893095,5680,2,octagram
6283,40.294524200490045,31.74864832159715,3976,1,inner_ring
6284,41.38890584435593,32.13454817271497,5736,2,octagram
6285,36.522716515061546,30.57694272311963,7294,3,stroke_nan
6286,30.21519808935524,32.079822903414446,3871,1,inner_ring
6287,29.52022135508281,33.219610001890565,10628,5,text_en_1919
6288,32.94322047072376,40.50137246790536,5385,2,octagram
6289,34.02635571747902,42.03473663476702,5382,2,octagram
6290,36.91448679017898,50.04642747874718,5360,2,octagram
6291,29.485101946142887,34.095395298270205,10615,5,text_en_1919
6292,30.68243917383252,31.873587316865965,3893,1,inner_ring
6293,29.72497175620267,30.83468393521942,10733,5,text_en_1919
6294,33.6594656968761,25.889708781459625,10855,5,text_en_1919
6295,36.17794888573437,25.240278720601435,1433,0,outer_ring
6296,42.40773154533295,25.23373996217979,11183,5,text_en_1919
6297,44.57628988308548,25.92167744547859,11260,5,text_en_1919
6298,48.96717360411365,30.755562957203743,5859,2,octagram
6299,50.37139096044325,32.71628091837656,7556,3,stroke_nan
6300,53.04731187065208,36.672243140417486,5894,2,octagram
6301,54.0140885859686,38.37160318733805,4133,1,inner_ring
6302,55.81347104924777,40.616259696469385,5951,2,octagram
6303,55.765909704808095,41.399783391136,8453,4,stroke_kai
6304,57.209774529408826,42.51419122223448,8127,4,stroke_kai
6305,63.51506370543749,46.327708586851934,6452,2,octagram
6306,66.2379317853733,47.09164428660712,8027,4,stroke_kai
6307,65.73900470241831,46.98923027529943,7982,4,stroke_kai
6308,71.3647460030863,57.49830197582411,4462,2,octagram
6309,70.88270083070461,55.4780047969142,7740,4,stroke_kai
6310,71.81917146282265,63.73983270243082,7691,4,stroke_kai
6311,71.05645174762356,66.54955419110485,4553,2,octagram
6312,47.621547864668,78.51390924357678,4949,2,octagram
6313,47.92777587210292,83.18509402093143,986,0,outer_ring
6314,51.36981628253753,85.53496386320963,638,0,outer_ring
6315,50.68695719801576,85.56555371309895,702,0,outer_ring
6316,56.072434507695256,86.4326261435398,369,0,outer_ring
6317,56.36699832995348,84.49690774815693,8918,5,text_en_1919
6318,56.0021280718149,84.400853519323,8905,5,text_en_1919
6319,52.34766235767948,79.75219913583805,8615,5,text_en_1919
6320,51.846377108967104,79.43332721385778,8767,5,text_en_1919
6321,48.508032018110846,78.01089347291374,6634,3,stroke_nan
6322,48.28920864051679,77.82315939225995,4914,2,octagram
6323,30.19436887700956,60.822775975603655,6710,3,stroke_nan
6324,29.514840123187657,61.07093197104983,5151,2,octagram
6325,30.207717385965434,62.42247637100744,5084,2,octagram
6326,60.9175245864879,99.50724302873824,209,0,outer_ring
6327,60.444461704452856,99.5542495376701,217,0,outer_ring
6328,63.98217170819056,98.46708205223342,128,0,outer_ring
6329,70.15973182320985,92.31481470782064,8653,5,text_en_1919
6330,71.28614090434672,90.36920925749078,8752,5,text_en_1919
6331,73.21559581043326,84.9399271454055,3425,1,inner_ring
6332,74.63543454076924,81.9236839995444,3413,1,inner_ring
6333,75.7866148952938,78.52029016878981,3393,1,inner_ring
6334,75.70818383795459,78.6544473593518,3394,1,inner_ring
6335,77.50766952169903,73.13952098885599,4581,2,octagram
6336,78.36600522477943,70.60713258336776,4544,2,octagram
6337,82.59785481589694,58.89546045296203,9811,5,text_en_1919
6338,83.14176403802772,57.11115837413823,4427,2,octagram
6339,84.46967569016768,53.82631476501684,9822,5,text_en_1919
6340,87.20239242948048,47.48448367363279,9957,5,text_en_1919
6341,87.53534751161068,46.86809910998619,3254,1,inner_ring
6342,90.46100894714463,42.25606564150244,3238,1,inner_ring
6343,94.66064634545744,38.62277203912672,10301,5,text_en_1919
6344,98.18208312377465,34.50484072875206,10588,5,text_en_1919
6345,98.25587295218956,34.45486846425893,10596,5,text_en_1919
6346,56.20873228034266,40.69379191556005,5980,2,octagram
6347,58.394079755753886,39.15191151655296,8322,4,stroke_kai
6348,61.94314973553111,31.311833029076777,8459,4,stroke_kai
6349,64.02959070171717,26.27767412506724,6238,2,octagram
6350,64.36969973715863,24.94670713035705,6221,2,octagram
6351,64.31815491743806,24.945044672223844,6209,2,octagram
6352,74.10036087133165,22.790615133102783,10650,5,text_en_1919
6353,72.53763111547357,22.86230200941181,6376,2,octagram
6354,69.6924298322221,22.49940430277948,8211,4,stroke_kai
6355,67.00146021798648,21.0162695098115,6265,2,octagram
6356,62.93878666134496,19.04614533918712,6040,2,octagram
6357,59.4262607232892,18.304112633376374,2745,0,outer_ring
6358,57.96724150483838,18.15467757035002,11354,5,text_en_1919
6359,56.9355567400986,18.01793455807779,11353,5,text_en_1919
6360,53.72519859594521,18.018695538525385,11334,5,text_en_1919
6361,51.03149469798701,17.79361438946601,11186,5,text_en_1919
6362,48.96342174671409,16.878985963594655,1922,0,outer_ring
6363,46.650651767343554,14.053119257215265,1611,0,outer_ring
6364,48.34958490913075,14.86641050616334,1799,0,outer_ring
6365,51.5042223238108,14.059578521759349,2248,0,outer_ring
6366,51.7655165621028,14.67317863827789,2300,0,outer_ring
6367,55.074025805815246,14.240835474633982,2542,0,outer_ring
6368,53.02961315070085,11.068744713918164,2420,0,outer_ring
6369,47.38184646682483,9.905569154558044,1751,0,outer_ring
6370,47.52932318221138,10.086943819239051,1768,0,outer_ring
6371,47.95609964575407,7.12497590928448,1897,0,outer_ring
6372,48.69391820004772,9.37192474952299,1955,0,outer_ring
6373,52.762648187579394,9.730361517319707,2376,0,outer_ring
6374,58.74249731032344,10.160349387068756,2685,0,outer_ring
6375,59.13738248296937,10.363305901076806,2704,0,outer_ring
6376,65.72993116435009,10.47475700056414,2912,0,outer_ring
6377,67.89820931612124,9.562114824489337,3190,0,outer_ring
6378,69.52524689843565,9.254628827075798,3208,0,outer_ring
6379,76.39869513621011,10.5537533903629,10800,5,text_en_1919
6380,74.97167410441833,10.333271580494156,3220,0,outer_ring
6381,67.70386762879384,9.563174120540792,3178,0,outer_ring
6382,68.4087997815253,3.2411142868803395,2940,0,outer_ring
6383,68.27838232212554,3.795656146279868,2938,0,outer_ring
6384,38.66728572604482,25.29106094190685,4047,1,inner_ring
6385,38.283251518960114,25.43631099599028,4041,1,inner_ring
6386,93.38474612599164,40.17435797370032,10390,5,text_en_1919
6387,51.08331520910251,96.3432261369292,536,0,outer_ring
6388,46.92200290667397,95.08746214996891,881,0,outer_ring
6389,43.6703735784522,92.62840834528927,1075,0,outer_ring
6390,56.8390895772856,98.6797353556707,305,0,outer_ring
6391,50.7012731051188,96.1941066231766,579,0,outer_ring
6392,47.45239631268351,95.24436792091012,823,0,outer_ring
6393,43.21412222426575,91.9906528360358,1118,0,outer_ring
6394,39.22543761662847,86.05852396307631,1252,0,outer_ring
6395,36.27004665890583,81.41751242584266,1329,0,outer_ring
6396,34.6980398831204,79.36855608339391,9103,5,text_en_1919
6397,31.49918013713967,76.52330273972947,3639,1,inner_ring
6398,29.573815324010997,75.131055387657,3652,1,inner_ring
6399,27.636055480565357,73.43278415062878,9387,5,text_en_1919
6400,24.07692327936364,68.37029617649331,9659,5,text_en_1919
6401,21.902649601104656,58.16583490351004,9928,5,text_en_1919
6402,22.85008987879696,53.70780606292704,10209,5,text_en_1919
6403,24.148921527013357,52.03814365909419,10161,5,text_en_1919
6404,24.000992441845867,52.261137267986015,10147,5,text_en_1919
6405,31.6169398658724,51.06443958677927,5225,2,octagram
6406,31.233710233968228,50.99108361010303,5244,2,octagram
6407,36.30872696810663,50.54875360932992,5336,2,octagram
6408,41.2729728505613,51.79641824613935,7028,3,stroke_nan
6409,45.44901254563409,53.47802479292957,6877,3,stroke_nan
6410,48.48479294844686,54.76408544091118,6931,3,stroke_nan
6411,52.51736948241116,55.57817201923704,6738,3,stroke_nan
6412,51.58582106651277,55.55166861998431,6678,3,stroke_nan
6413,58.56181597107789,57.372079052505946,4701,2,octagram
6414,57.88391069459865,55.81509840936857,4737,2,octagram
6415,60.29823764807448,60.04518814446456,7893,4,stroke_kai
6416,62.00705098743655,68.29812756182761,8909,5,text_en_1919
6417,61.80971462260619,66.63441932127735,9170,5,text_en_1919
6418,57.14259772351576,55.42349620163704,7639,4,stroke_kai
6419,55.40617191141813,50.79992405958129,7842,4,stroke_kai
6420,53.63393164990016,47.7455954972561,7108,3,stroke_nan
6421,49.09972576489701,41.15237351361608,7521,3,stroke_nan
6422,50.6264779203502,43.69759002411456,7313,3,stroke_nan
6423,50.386851345005496,43.05560532862032,7414,3,stroke_nan
6424,47.23733077157608,37.57166655170757,5651,2,octagram
6425,40.68630865122287,31.73466646355836,5760,2,octagram
6426,39.761544903718125,31.60010859931229,3959,1,inner_ring
6427,36.96786561155149,30.67718245819033,7304,3,stroke_nan
6428,31.00059001645748,31.876111005436357,5491,2,octagram
6429,29.6434087732542,34.07948680785559,10603,5,text_en_1919
6430,34.102389805309244,42.25793241782566,5380,2,octagram
6431,35.972074793126794,44.94192226376724,7162,3,stroke_nan
6432,35.939960819812484,50.747584134707104,5317,2,octagram
6433,29.448456470855536,33.43224801257649,10627,5,text_en_1919
6434,31.12693035133221,32.06212476664716,5474,2,octagram
6435,29.667028740247908,31.22033261333814,10722,5,text_en_1919
6436,31.47182443626908,26.97721196658488,3920,1,inner_ring
6437,37.07019474949183,24.99073011489541,1462,0,outer_ring
6438,42.91068146788022,25.404904158902564,11192,5,text_en_1919
6439,42.33192248487799,25.171145690035864,11256,5,text_en_1919
6440,45.60127690210081,26.95954903337695,11032,5,text_en_1919
6441,50.33973545099086,32.77657561892006,7550,3,stroke_nan
6442,50.46064967585305,33.034907923019944,7515,3,stroke_nan
6443,54.05073888965701,38.65263095764559,4138,1,inner_ring
6444,55.52816388733021,40.68622808997423,8571,4,stroke_kai
6445,56.71011830442585,41.4259973610375,6088,2,octagram
6446,58.42970015866334,43.6259272805399,8117,4,stroke_kai
6447,60.76542434252504,45.1002819287868,8188,4,stroke_kai
6448,66.24857134862572,47.246286090666416,7952,4,stroke_kai
6449,66.7969937608828,47.445502160087976,7889,4,stroke_kai
6450,70.93704575054305,55.1222071965082,6523,2,octagram
6451,71.7448208142446,62.7978439085103,7743,4,stroke_kai
6452,71.10462824028504,66.44527506219305,7650,4,stroke_kai
6453,64.69155177254461,69.5261551780594,9149,5,text_en_1919
6454,47.41362682804804,79.88543220976969,9091,5,text_en_1919
6455,49.63748422484253,85.32143621609904,792,0,outer_ring
6456,49.28676047307452,84.952594391292,839,0,outer_ring
6457,50.619815145529216,85.73462925086187,708,0,outer_ring
6458,54.37451930390446,85.94705475185776,453,0,outer_ring
6459,56.58113072766062,84.80427046255681,8872,5,text_en_1919
6460,55.94516780489608,84.6814097344973,8881,5,text_en_1919
6461,51.82173075889503,79.1755194569169,3542,1,inner_ring
6462,51.86902458879847,79.28783793339323,8959,5,text_en_1919
6463,48.91266611931058,78.23724699705194,4886,2,octagram
6464,48.79664002201555,78.24816744853075,4894,2,octagram
6465,29.95917296520403,60.64074865060803,6702,3,stroke_nan
6466,30.101747774236,62.40078857784276,3677,1,inner_ring
6467,30.701215433122865,62.48055947048276,5055,2,octagram
6468,59.09811534002955,99.68166387654496,262,0,outer_ring
6469,59.52734535298401,99.61407216112976,249,0,outer_ring
6470,63.18269415078629,98.78722753958344,167,0,outer_ring
6471,70.47849324825434,91.73610496776185,8722,5,text_en_1919
6472,70.69016815339526,91.82637791777064,7,0,outer_ring
6473,73.10863208756331,85.44703356885617,9235,5,text_en_1919
6474,74.98285146560903,80.23456818739876,4628,2,octagram
6475,75.39969847026966,80.16219820389969,9458,5,text_en_1919
6476,77.26933149070655,73.94875722670803,4589,2,octagram
6477,79.68464503284638,67.93445358893584,9703,5,text_en_1919
6478,81.6179804557739,62.30307829396194,9732,5,text_en_1919
6479,82.46387184134213,59.497892609550426,9729,5,text_en_1919
6480,84.14200481908163,54.345364650016265,6571,2,octagram
6481,84.95027951009224,52.55470776040362,6552,2,octagram
6482,86.61523805692582,48.24659693590274,3279,1,inner_ring
6483,87.5561193655547,47.020268428079085,9987,5,text_en_1919
6484,90.40705983706346,42.32263707698296,10166,5,text_en_1919
6485,94.54799798022538,38.6614833241119,10447,5,text_en_1919
6486,94.2491815965624,39.04732663426549,10446,5,text_en_1919
6487,97.071984877308,35.38716974807248,10696,5,text_en_1919
6488,56.01647004266973,40.43146447069181,5956,2,octagram
6489,58.25959310979558,40.069889556192415,8225,4,stroke_kai
6490,60.38703167202087,35.28943359635074,8325,4,stroke_kai
6491,62.40213220800241,30.867130907819234,8334,4,stroke_kai
6492,63.543901166288194,27.667106771987328,8497,4,stroke_kai
6493,64.38752111538099,24.256149961846617,6147,2,octagram
6494,72.41257251562358,22.90313051762595,6388,2,octagram
6495,70.26425642376331,22.55398225332449,6433,2,octagram
6496,70.6237863590304,22.552270571624675,6420,2,octagram
6497,65.6064557808539,19.92342869177134,6110,2,octagram
6498,62.53661293042371,18.97886106271228,4187,1,inner_ring
6499,60.06403327447128,18.578131565689947,2786,0,outer_ring
6500,56.77776006941315,18.265489468174447,11058,5,text_en_1919
6501,53.53332503432031,18.071454753034114,11242,5,text_en_1919
6502,51.07890821201795,17.595418472891,2209,0,outer_ring
6503,50.66259385129278,17.750544872926348,11095,5,text_en_1919
6504,48.24465210840941,16.353335539168757,1744,0,outer_ring
6505,45.9208879916343,13.692992165610711,1585,0,outer_ring
6506,47.86947367319354,15.383296788423444,1689,0,outer_ring
6507,51.74760031629964,13.15707520272604,2294,0,outer_ring
6508,52.27442986325176,14.70269252198733,2348,0,outer_ring
6509,55.48374042020304,14.087377000981036,2571,0,outer_ring
6510,52.45014274718991,11.891055962795557,2357,0,outer_ring
6511,48.92139814455622,10.470690195495784,1972,0,outer_ring
6512,49.16613963851718,9.344450120961625,2021,0,outer_ring
6513,46.85670461471315,6.232859920282856,1748,0,outer_ring
6514,49.60612178042346,9.90910706396778,2076,0,outer_ring
6515,52.80400342283316,11.258565299357258,2387,0,outer_ring
6516,58.5242084010033,10.22807500611431,2675,0,outer_ring
6517,62.17070795603884,10.436784474380069,2831,0,outer_ring
6518,61.92500972302235,10.591966525945196,2817,0,outer_ring
6519,67.59940177278101,9.423604695207873,3124,0,outer_ring
6520,73.72558767488795,10.39623719569159,4282,1,inner_ring
6521,75.4891426321438,10.309849744959472,3222,0,outer_ring
6522,77.44922338469539,10.366635813677888,10689,5,text_en_1919
6523,68.18813782256866,7.525235910901088,3110,0,outer_ring
6524,68.43827664429487,5.702262762512618,3041,0,outer_ring
6525,68.60866960794958,3.82339775825276,2997,0,outer_ring
6526,38.402734407087394,25.286668852808056,10875,5,text_en_1919
6527,37.95360729823352,25.503920403597757,4027,1,inner_ring
6528,90.65379842672328,42.23983699781414,10172,5,text_en_1919
6529,48.90925870869899,95.65834264633858,731,0,outer_ring
6530,47.63757849716739,95.11403902729056,806,0,outer_ring
6531,45.71451786483574,94.40360735156412,947,0,outer_ring
6532,57.032431047118486,98.67775736559648,297,0,outer_ring
6533,50.40036188548422,96.08266748172647,607,0,outer_ring
6534,45.140816788936704,93.8824949960729,1010,0,outer_ring
6535,42.99621185159919,91.90333602808658,1125,0,outer_ring
6536,41.75493418893785,90.33535800917632,1162,0,outer_ring
6537,37.76450691187253,83.51888108444176,8925,5,text_en_1919
6538,34.400534694536674,79.0088463039053,3610,1,inner_ring
6539,34.51091415500528,79.16507399596497,3608,1,inner_ring
6540,31.978806831784944,77.19225874769191,1353,0,outer_ring
6541,26.909384625957763,72.60926784645496,9474,5,text_en_1919
6542,22.2466286052981,63.48788572460013,9677,5,text_en_1919
6543,22.480898834287174,64.9238110861543,9576,5,text_en_1919
6544,21.978209855106257,58.780872055273726,9885,5,text_en_1919
6545,22.35937297132698,55.48648995370655,9968,5,text_en_1919
6546,27.340848045721646,50.95532710651259,3806,1,inner_ring
6547,29.79338703209423,51.07712461657172,3755,1,inner_ring
6548,31.62399484681597,51.09994924732805,3736,1,inner_ring
6549,33.70208559430233,51.15245794988097,5281,2,octagram
6550,42.52367883584437,52.4406844284422,7011,3,stroke_nan
6551,44.65361593791926,53.26096307076716,6770,3,stroke_nan
6552,47.69029540347544,54.418821346631255,6807,3,stroke_nan
6553,50.7562066137318,55.34451970614079,6585,3,stroke_nan
6554,50.90107422186555,55.4571619456721,5003,2,octagram
6555,57.08807731388689,55.876427245691,4755,2,octagram
6556,57.83805161959128,55.79458328917304,4735,2,octagram
6557,60.56896083828492,60.276330840085016,7939,4,stroke_kai
6558,61.814863494598896,67.47641844516434,9050,5,text_en_1919
6559,61.83695263215393,68.32289148892578,8829,5,text_en_1919
6560,57.2538075389818,55.67784593995071,4744,2,octagram
6561,53.98026583282781,48.17772285831125,6981,3,stroke_nan
6562,54.11894926732908,48.72667241939025,6694,3,stroke_nan
6563,46.29716651834877,37.03009469565855,5608,2,octagram
6564,48.56982824007513,39.56179014888024,5642,2,octagram
6565,51.58111697825278,44.61541316384519,7289,3,stroke_nan
6566,44.47945115742462,35.00308526640749,5697,2,octagram
6567,39.99390666287006,31.70441970425309,3963,1,inner_ring
6568,40.29020424460286,31.77633464288893,5566,2,octagram
6569,32.93695120491433,31.663718539080964,5424,2,octagram
6570,31.415342653910656,31.980605210637748,5467,2,octagram
6571,29.51808552656011,36.23948503406092,10546,5,text_en_1919
6572,32.524350069675364,40.14718153885861,5393,2,octagram
6573,37.69981480343071,48.26885788641102,7056,3,stroke_nan
6574,38.7046452844285,49.74232841236779,6978,3,stroke_nan
6575,29.446345073396447,36.14282169907188,1400,0,outer_ring
6576,30.20975742470168,32.11501192203281,3869,1,inner_ring
6577,31.580392366816287,27.204377418339128,5528,2,octagram
6578,30.3385006645951,28.378084680059096,5499,2,octagram
6579,36.7207275505544,25.37487388993605,4001,1,inner_ring
6580,42.592476346115845,25.321303370028232,11191,5,text_en_1919
6581,43.3633194522318,25.388712532218943,11259,5,text_en_1919
6582,46.60492437949876,27.857920847563115,4081,1,inner_ring
6583,50.479492840755015,32.986537986665766,7516,3,stroke_nan
6584,50.43544100782663,32.917670651937264,7534,3,stroke_nan
6585,52.83305699834897,36.279732628755525,4125,1,inner_ring
6586,55.75161279929173,40.52009727033776,5954,2,octagram
6587,56.80963102077503,40.98680188879284,6066,2,octagram
6588,58.75012895563964,44.01489789577639,8076,4,stroke_kai
6589,60.81975039233878,45.29942590518512,8068,4,stroke_kai
6590,66.61121967345343,47.23296196435253,8020,4,stroke_kai
6591,67.61718573429948,47.91950929950107,6480,2,octagram
6592,71.20804080787116,57.5465711783072,4479,2,octagram
6593,71.82891723972034,61.61109231680052,7805,4,stroke_kai
6594,70.08563651195948,68.55250997825243,4564,2,octagram
6595,70.79448323553986,66.6334337260296,7684,4,stroke_kai
6596,47.693853352580994,78.22047997340343,4932,2,octagram
6597,49.21232697024412,84.8532046890684,861,0,outer_ring
6598,48.91581047676576,84.88055591369562,902,0,outer_ring
6599,54.80647563431359,86.14183405673322,424,0,outer_ring
6600,55.94410485141181,86.27635403326278,381,0,outer_ring
6601,55.905352458967,86.2969860309735,383,0,outer_ring
6602,56.16589102523879,83.6599073174813,9082,5,text_en_1919
6603,54.57672118297395,81.6388933066407,9129,5,text_en_1919
6604,53.28189733114256,80.42775044177722,9195,5,text_en_1919
6605,50.69754319881888,78.91860761145801,9118,5,text_en_1919
6606,47.727478116740016,78.12841684144381,4926,2,octagram
6607,30.719364856854472,62.016068531346015,6601,3,stroke_nan
6608,29.420500338173248,61.03047652997918,5159,2,octagram
6609,30.01406613006165,60.63431057397332,6761,3,stroke_nan
6610,57.24641162776906,99.09545178077371,284,0,outer_ring
6611,64.15269846716583,98.29895903853068,125,0,outer_ring
6612,66.44597945304322,96.75441729110982,91,0,outer_ring
6613,67.57684737195764,95.633685825936,55,0,outer_ring
6614,71.19570883309046,90.53522203079898,8762,5,text_en_1919
6615,71.50032872005113,89.59968975263,8782,5,text_en_1919
6616,75.11318722024188,80.14190654845946,4624,2,octagram
6617,74.52204956886487,82.57457367784517,9356,5,text_en_1919
6618,77.74711090009123,72.16952899439934,4547,2,octagram
6619,78.85445437166089,69.38165282238239,4528,2,octagram
6620,80.4142311336148,65.55591318431927,4510,2,octagram
6621,83.21548699546469,56.95634245341947,3301,1,inner_ring
6622,82.63857659094617,58.92215609924448,9766,5,text_en_1919
6623,84.64300163159629,53.59799140133107,9785,5,text_en_1919
6624,87.77563061511259,46.612632064721055,10127,5,text_en_1919
6625,89.72140047168341,43.34697181080015,10041,5,text_en_1919
6626,89.02508275864903,44.84620864464349,10024,5,text_en_1919
6627,93.29743512236954,40.32122437976899,10352,5,text_en_1919
6628,95.14402721301543,37.9307217239815,10339,5,text_en_1919
6629,95.6637323606516,37.73983832187045,10266,5,text_en_1919
6630,56.816895083223606,41.72281375866454,8189,4,stroke_kai
6631,58.79452687670055,38.770060379895526,8357,4,stroke_kai
6632,62.17570897448762,31.087927198025525,8409,4,stroke_kai
6633,63.41784830043028,28.127785868549196,8457,4,stroke_kai
6634,64.34379462470109,24.8131368106422,6205,2,octagram
6635,64.36858043279958,24.34428520508651,6153,2,octagram
6636,71.58981100230602,22.539017815275304,6400,2,octagram
6637,72.81847519420467,22.75749974166833,6356,2,octagram
6638,67.37813728203564,21.22193382465457,6289,2,octagram
6639,66.77989667064178,20.814809389526093,6135,2,octagram
6640,62.20295175330951,18.92180992371089,10985,5,text_en_1919
6641,62.488944576492734,19.000294486141733,6028,2,octagram
6642,56.327442177846606,18.28502486794736,10968,5,text_en_1919
6643,54.56831940217828,18.166231107299648,11065,5,text_en_1919
6644,51.34855514426742,17.992497205854235,11120,5,text_en_1919
6645,48.82345565318174,16.84247676457506,11351,5,text_en_1919
6646,47.776805489845856,16.089058877865952,1639,0,outer_ring
6647,46.99473227675608,14.136061388002624,1621,0,outer_ring
6648,49.23556140637596,14.552090549776686,1979,0,outer_ring
6649,51.74821242043538,13.063587597151953,2293,0,outer_ring
6650,52.18565304539193,14.468636027111325,2340,0,outer_ring
6651,56.72657050818459,11.966587657491251,2607,0,outer_ring
6652,51.772043117275096,13.01509201467814,2296,0,outer_ring
6653,49.25108700143539,10.359002870879628,2024,0,outer_ring
6654,48.17486299427369,10.26592081921384,1892,0,outer_ring
6655,46.76841502822204,7.634208394717639,1715,0,outer_ring
6656,50.05866543557713,9.537247651267798,2140,0,outer_ring
6657,52.30794278967807,11.819160811966036,2343,0,outer_ring
6658,58.35234586852655,10.133429575230672,2663,0,outer_ring
6659,62.85873887843015,10.373404847413376,2852,0,outer_ring
6660,66.13166129919809,10.456739273991566,11165,5,text_en_1919
6661,67.59327995057906,9.357984665379211,3106,0,outer_ring
6662,68.98243471968131,8.955972004069395,3198,0,outer_ring
6663,72.59329652782219,10.323932869850118,4243,1,inner_ring
6664,75.368270073779,10.419492198360366,4319,1,inner_ring
6665,68.30046852895235,7.410456690440469,3134,0,outer_ring
6666,68.50982370389849,6.231575865503096,3094,0,outer_ring
6667,68.30918512175236,5.674793285285638,3023,0,outer_ring
6668,37.99304149083403,25.55806315950201,4029,1,inner_ring
6669,38.42843279446184,25.510673767813447,5765,2,octagram
6670,90.35694479269668,42.483726801413646,10059,5,text_en_1919
6671,48.68248218141619,95.53246459755874,752,0,outer_ring
6672,47.340211794417215,95.09415616505862,835,0,outer_ring
6673,45.63560834276792,94.27836874685116,956,0,outer_ring
6674,53.58414253777652,96.98100562778656,457,0,outer_ring
6675,50.08513228130799,95.94740814105934,636,0,outer_ring
6676,47.548885954509856,95.14452878607104,815,0,outer_ring
6677,41.14843288832562,89.12075326888272,1196,0,outer_ring
6678,40.20856251194086,87.88401119301196,1213,0,outer_ring
6679,36.99299012453774,82.42150274159913,1300,0,outer_ring
6680,34.835080325958515,79.5646452886647,1341,0,outer_ring
6681,30.63398127720004,75.98376376935008,9395,5,text_en_1919
6682,27.72961277483252,73.48344320330457,9408,5,text_en_1919
6683,27.8013712383689,73.56905066821837,9384,5,text_en_1919
6684,24.949623841228643,69.779405663454,9627,5,text_en_1919
6685,22.00159668684805,59.64856203780106,9756,5,text_en_1919
6686,22.033212028390665,58.54266302409725,9892,5,text_en_1919
6687,22.43400657013064,54.34277255293628,1395,0,outer_ring
6688,28.12095001779146,51.02898165194971,3777,1,inner_ring
6689,29.800788981114344,50.939309292426685,3762,1,inner_ring
6690,33.57797548518544,51.21375047821415,5212,2,octagram
6691,36.55787111417485,50.28390654381945,5344,2,octagram
6692,40.75398797079328,51.56479689490441,6874,3,stroke_nan
6693,41.12508232043509,51.88877793495635,6864,3,stroke_nan
6694,45.52609501253047,53.771110738759845,6633,3,stroke_nan
6695,49.33903309953824,54.93202255422455,5031,2,octagram
6696,52.29184722017356,55.64920461338676,6709,3,stroke_nan
6697,57.1530533299703,56.45912260134698,3499,1,inner_ring
6698,57.97225742598683,56.94886750808182,3481,1,inner_ring
6699,59.57228759065346,58.742965919591136,7950,4,stroke_kai
6700,61.42962472905188,63.71080401649085,9341,5,text_en_1919
6701,61.42953508758964,63.99631553911725,9231,5,text_en_1919
6702,56.95589248007333,55.91636951077028,4766,2,octagram
6703,53.15399966449141,47.00064682643189,7104,3,stroke_nan
6704,51.27477972862824,44.62378134454034,7266,3,stroke_nan
6705,48.922884481549495,40.075225339381255,7569,3,stroke_nan
6706,49.287731787303535,41.42448845191669,7518,3,stroke_nan
6707,51.86571782946505,44.85353502570936,7267,3,stroke_nan
6708,44.74419611955483,35.585229213352974,5585,2,octagram
6709,44.66552756203481,35.13582802014427,5692,2,octagram
6710,41.49251092927891,32.10867318684138,5739,2,octagram
6711,36.49254437771404,30.66376162106269,7261,3,stroke_nan
6712,30.65431958888356,32.1239566742433,3884,1,inner_ring
6713,29.70264771301294,36.44939912301527,10501,5,text_en_1919
6714,34.931812380995254,43.41900918569524,7134,3,stroke_nan
6715,34.97173983922696,43.46910278627835,7143,3,stroke_nan
6716,37.03341123788697,49.83489681187145,5364,2,octagram
6717,29.541238832713752,36.04062125494604,10573,5,text_en_1919
6718,31.529219797018317,32.08276098548853,5457,2,octagram
6719,30.494649124381564,28.11887752488313,5505,2,octagram
6720,34.64840842595929,25.567428697548507,3979,1,inner_ring
6721,38.03954645290417,25.052059296827466,1467,0,outer_ring
6722,41.97359207375506,25.219016735596377,11082,5,text_en_1919
6723,45.38109397412509,26.742456530775343,11023,5,text_en_1919
6724,44.93545222648447,26.55358509289925,10938,5,text_en_1919
6725,49.76412574193351,32.025584001633305,5865,2,octagram
6726,52.84140333848398,36.30503956654986,4126,1,inner_ring
6727,54.05614053267285,38.26476365937268,4136,1,inner_ring
6728,55.940877811598185,41.30369570091127,5963,2,octagram
6729,56.63129916549314,41.232208733538144,5988,2,octagram
6730,58.257696128323055,43.1691112314014,8172,4,stroke_kai
6731,60.78520644585906,45.12093589190613,8174,4,stroke_kai
6732,62.923194009148176,46.14927562630605,8036,4,stroke_kai
6733,67.41327397111019,47.53891881895767,6469,2,octagram
6734,69.88916762651066,51.82955447159002,6512,2,octagram
6735,71.41641813246989,58.13421480139685,7891,4,stroke_kai
6736,70.26280619812255,68.10966112980373,7606,4,stroke_kai
6737,71.26594654477384,65.77489873399874,7668,4,stroke_kai
6738,47.76146397076792,78.54786306701325,3578,1,inner_ring
6739,49.24377925853051,84.93796938969808,852,0,outer_ring
6740,49.15962984793204,84.93551169404711,865,0,outer_ring
6741,55.05096925733433,86.05817235221812,409,0,outer_ring
6742,55.96904079897124,86.33610753579165,377,0,outer_ring
6743,56.53929610652184,86.21105180105512,8599,5,text_en_1919
6744,56.59435955600435,85.60533605719506,8687,5,text_en_1919
6745,55.780345547202,82.5753228731653,3503,1,inner_ring
6746,50.21447009343594,78.8212643676994,3559,1,inner_ring
6747,50.28999421819173,78.87511569256421,9253,5,text_en_1919
6748,48.31060196059772,78.03972410306817,6607,3,stroke_nan
6749,29.530971409569105,61.10269500238034,5145,2,octagram
6750,29.282147340278,60.36408403836512,5183,2,octagram
6751,30.58534712392068,61.62714129038896,6608,3,stroke_nan
6752,59.77798961807118,99.70654155159184,238,0,outer_ring
6753,64.62284907242388,98.24724031169752,107,0,outer_ring
6754,66.80296991807461,96.14767216623942,84,0,outer_ring
6755,69.42351972267784,93.20812360710144,8641,5,text_en_1919
6756,69.25662395098372,93.48179399015916,8626,5,text_en_1919
6757,72.74983491013991,86.13978982256819,9008,5,text_en_1919
6758,72.97001258536584,85.27233978991919,3431,1,inner_ring
6759,74.51523829927045,81.97982200506681,4648,2,octagram
6760,76.84902874897924,76.15313431503661,9453,5,text_en_1919
6761,79.68498922770415,67.93529702221699,9668,5,text_en_1919
6762,78.36474792711182,70.59307860923978,4542,2,octagram
6763,80.76868124754509,64.43219271282842,4502,2,octagram
6764,83.04454794757883,57.16382031299332,4425,2,octagram
6765,86.2357771831879,49.477746049731664,9925,5,text_en_1919
6766,88.0166113596429,46.44745700379071,10110,5,text_en_1919
6767,89.0871615193891,44.4222159738039,10103,5,text_en_1919
6768,89.69515198229425,43.14374341288675,10106,5,text_en_1919
6769,94.87352353389716,38.29434537963856,10302,5,text_en_1919
6770,97.37402870374524,35.162437950086975,10682,5,text_en_1919
6771,95.59443815827603,37.59481096432069,10286,5,text_en_1919
6772,55.94623872370014,40.65309290047983,5955,2,octagram
6773,57.96125444765263,39.46067259295747,8283,4,stroke_kai
6774,60.36806611302436,34.86997481888592,8417,4,stroke_kai
6775,61.92058978075951,31.32402833819284,8478,4,stroke_kai
6776,63.465031407206254,28.414817158319256,8445,4,stroke_kai
6777,66.97048794669344,22.51037251271972,6285,2,octagram
6778,74.12414222639678,22.79040941563472,10657,5,text_en_1919
6779,70.77790324155737,22.61327571124934,6417,2,octagram
6780,70.87893134662426,22.765947158848093,6426,2,octagram
6781,64.46964852006136,19.55628394885245,6050,2,octagram
6782,62.833530647725205,18.839316659635216,10904,5,text_en_1919
6783,62.41456920134157,18.914907085152866,10917,5,text_en_1919
6784,58.14073037231199,18.228026251838365,11282,5,text_en_1919
6785,57.41475161818145,18.10909022053286,11321,5,text_en_1919
6786,51.69998452095182,17.98507174603444,11142,5,text_en_1919
6787,47.9577062355939,16.082225498665277,1670,0,outer_ring
6788,48.023415831198726,15.338381864939263,1730,0,outer_ring
6789,47.501955875913495,14.242562821266006,1647,0,outer_ring
6790,48.05048065704148,15.240331067452267,1735,0,outer_ring
6791,50.052159104103424,14.718989932959246,2131,0,outer_ring
6792,55.60996276358559,14.113597281735522,2580,0,outer_ring
6793,54.75320371324913,14.453773050007785,2520,0,outer_ring
6794,53.10640278115401,11.004881198296443,2428,0,outer_ring
6795,47.673683915511326,9.967390367866834,1823,0,outer_ring
6796,48.53450805863062,9.469646713456711,1935,0,outer_ring
6797,46.74414451030832,8.281652144161527,1695,0,outer_ring
6798,49.1914807434529,10.596764382750592,2013,0,outer_ring
6799,51.39262354125047,9.46182881729311,2226,0,outer_ring
6800,59.01699106822186,10.251631229310236,2698,0,outer_ring
6801,59.15602284562773,10.17027614180818,2703,0,outer_ring
6802,61.645492447887406,10.501444589127937,2803,0,outer_ring
6803,68.0428185551701,8.821591940676832,3183,0,outer_ring
6804,69.9746683834431,9.629948005963492,6096,2,octagram
6805,73.61237215243013,10.542069344573775,4284,1,inner_ring
6806,77.20660352445735,10.52034769316144,4363,1,inner_ring
6807,68.57412635610453,6.379560843630003,3115,0,outer_ring
6808,68.57170184877911,5.856963626302111,3079,0,outer_ring
6809,68.48153000439093,3.214416397314558,2949,0,outer_ring
6810,38.778646318619934,25.37984589820725,5779,2,octagram
6811,40.4097317920484,25.0398547359593,1537,0,outer_ring
6812,91.07526156983477,41.9956314601875,10292,5,text_en_1919
6813,48.45575652659628,95.51739178648631,773,0,outer_ring
6814,47.49252133097542,95.17069504769177,821,0,outer_ring
6815,43.09048261613675,92.1154632298198,1122,0,outer_ring
6816,55.85116421576676,98.04188516558972,360,0,outer_ring
6817,48.82194027481045,95.5980793817128,740,0,outer_ring
6818,44.66314003530663,93.64639121629986,1038,0,outer_ring
6819,43.331557962249526,92.247083260314,1100,0,outer_ring
6820,39.139144009404106,85.99676377854237,1255,0,outer_ring
6821,38.19794768029565,84.22467229709913,8843,5,text_en_1919
6822,34.89153581420881,79.62886326086101,1340,0,outer_ring
6823,31.11349494103752,76.36913074168262,9401,5,text_en_1919
6824,27.908161511572622,73.89944120631492,1376,0,outer_ring
6825,28.17721423369284,73.96847396831689,9331,5,text_en_1919
6826,22.653943750009454,65.6709693949748,9557,5,text_en_1919
6827,21.990671080594204,58.42306125171018,9906,5,text_en_1919
6828,22.172653838884955,56.27922436393804,9936,5,text_en_1919
6829,24.39345941965344,51.93840735168391,10198,5,text_en_1919
6830,25.14600219072686,51.35262174827959,10325,5,text_en_1919
6831,30.85558580412154,51.07218176863511,3743,1,inner_ring
6832,31.000746242490138,50.99352773286672,5227,2,octagram
6833,33.55582563265924,51.05260459262801,5284,2,octagram
6834,39.18349709661318,50.430056507978215,6822,3,stroke_nan
6835,44.54601745937648,53.13892862662177,6854,3,stroke_nan
6836,49.19118114918019,55.04640956100948,5020,2,octagram
6837,50.68770348866259,55.37134159835287,5005,2,octagram
6838,51.2428223083233,55.6187470268218,6577,3,stroke_nan
6839,57.121871323518846,56.48620768697461,3501,1,inner_ring
6840,57.72902048968106,56.769948553899965,3485,1,inner_ring
6841,60.47940225034528,60.59514249682401,7853,4,stroke_kai
6842,62.0040131078013,68.20588546830255,8920,5,text_en_1919
6843,61.55825519100839,65.0404267411895,9199,5,text_en_1919
6844,56.93994053606358,55.767893718055866,4786,2,octagram
6845,53.85211794974075,48.174748212804616,6994,3,stroke_nan
6846,53.137207189648805,47.07894453383663,7106,3,stroke_nan
6847,48.98522906875712,40.834905797343936,7523,3,stroke_nan
6848,50.472643665637214,43.49938627539896,7343,3,stroke_nan
6849,50.44287959992535,43.44023150294903,7359,3,stroke_nan
6850,44.24231171558582,34.72711547676889,5706,2,octagram
6851,44.28116960986504,34.674091131837834,5707,2,octagram
6852,39.70378156264052,31.579899165652844,3958,1,inner_ring
6853,32.938001004204665,31.7351679721071,5420,2,octagram
6854,33.45966448736284,31.31079057785854,5428,2,octagram
6855,29.68638089515633,33.285278238388,3864,1,inner_ring
6856,32.31333644632935,39.77156578738299,5392,2,octagram
6857,35.90361560312813,44.9356016986044,7071,3,stroke_nan
6858,37.0126981471668,49.837010110570894,5359,2,octagram
6859,29.52315816552634,34.970650250134604,10582,5,text_en_1919
6860,31.539721482161852,32.056782044640656,5463,2,octagram
6861,29.600396655648645,30.89733562614165,10742,5,text_en_1919
6862,31.4750777545628,27.08106556294738,3918,1,inner_ring
6863,37.92967887351442,25.10043436597669,1466,0,outer_ring
6864,40.38621740999828,25.14599273727102,1535,0,outer_ring
6865,45.39255444354018,26.85753258060336,10926,5,text_en_1919
6866,48.716225058809925,30.605281382777346,5848,2,octagram
6867,47.76839886893019,29.33258053249726,5810,2,octagram
6868,50.30181664254008,32.96246706592844,7528,3,stroke_nan
6869,52.70664937021775,36.350698546294346,4122,1,inner_ring
6870,55.77409030956292,40.59953792019161,5950,2,octagram
6871,56.21752008191096,41.70709654776233,8380,4,stroke_kai
6872,57.58302573165249,42.87594925050237,8097,4,stroke_kai
6873,63.83943025668052,46.29937048227425,6466,2,octagram
6874,64.48339462713696,46.64335629845983,8017,4,stroke_kai
6875,65.78656399730279,46.98441956032124,8000,4,stroke_kai
6876,69.35012741515644,50.71765595326692,6502,2,octagram
6877,71.79322843378225,61.881828864418,7775,4,stroke_kai
6878,71.82388630783385,61.75006132842788,7782,4,stroke_kai
6879,65.30681897219038,69.540878746035,7598,4,stroke_kai
6880,48.31182486513067,79.65505953727478,1002,0,outer_ring
6881,48.70517311182471,84.53626210454549,924,0,outer_ring
6882,51.1825042407114,85.45782384680746,649,0,outer_ring
6883,54.01139152697964,85.72648349793006,475,0,outer_ring
6884,56.2685799663629,86.28848576903627,348,0,outer_ring
6885,56.48594783543544,84.66242802575923,8882,5,text_en_1919
6886,56.43329178073675,85.29786583546493,8748,5,text_en_1919
6887,55.08198360324855,81.85481422651543,3506,1,inner_ring
6888,52.79329240993776,79.89420454488652,4798,2,octagram
6889,49.46885392394759,78.4218749869647,4872,2,octagram
6890,47.54998966757739,78.68819417811275,4956,2,octagram
6891,29.4793070592698,60.49825641744421,5169,2,octagram
6892,30.64437942961561,62.53100098935818,5046,2,octagram
6893,30.81076650109671,62.47108363512667,5052,2,octagram
6894,56.262785470492645,98.37433359417592,328,0,outer_ring
6895,64.25121712399341,98.24450293978248,121,0,outer_ring
6896,63.57259146123653,98.52105716185554,154,0,outer_ring
6897,70.10823927681311,92.62414824533228,16,0,outer_ring
6898,71.97579800790925,87.47562854099758,9041,5,text_en_1919
6899,71.49706214991932,89.27055425157053,8865,5,text_en_1919
6900,72.8084596149018,85.97101817035772,9089,5,text_en_1919
6901,76.48742582410074,76.7724843220839,3376,1,inner_ring
6902,77.35548510550628,73.80122437566018,4586,2,octagram
6903,79.38518441318148,68.24824902098743,4521,2,octagram
6904,81.52217708394025,62.33894925764992,3318,1,inner_ring
6905,82.69011465210991,58.84009394945842,9754,5,text_en_1919
6906,82.83498350698989,58.18482772387928,9830,5,text_en_1919
6907,84.73674024308664,53.25152205111604,9857,5,text_en_1919
6908,87.87344652113225,46.50149834474884,10131,5,text_en_1919
6909,87.16686432767982,47.15020597599512,3264,1,inner_ring
6910,89.31667842866318,43.836079640510526,10126,5,text_en_1919
6911,95.595537428297,37.36677413289564,10358,5,text_en_1919
6912,97.68473900182428,34.799325287483704,10688,5,text_en_1919
6913,97.24380571183102,35.42889392874759,10523,5,text_en_1919
6914,56.17275423360371,40.66278204482006,5979,2,octagram
6915,57.51636877445507,40.00227293116179,8263,4,stroke_kai
6916,60.53006594145264,34.647856944321674,8418,4,stroke_kai
6917,62.40412264887303,30.765862835549477,8342,4,stroke_kai
6918,63.92948769212176,26.46975585422344,8553,4,stroke_kai
6919,64.46704400352056,24.244762800711197,6150,2,octagram
6920,72.90440032701139,22.704058022723327,6350,2,octagram
6921,69.85517633212318,22.334644091804854,8276,4,stroke_kai
6922,67.15419727949083,21.24344115521589,6278,2,octagram
6923,64.05182694038757,19.24534701846419,10881,5,text_en_1919
6924,65.53113120680007,19.81685751011327,4215,1,inner_ring
6925,60.106897167990894,18.43249103319062,2787,0,outer_ring
6926,59.91272401893407,18.381923200222097,2779,0,outer_ring
6927,53.26669348723995,18.088838327519813,11034,5,text_en_1919
6928,53.16613270137586,18.17167505169664,10965,5,text_en_1919
6929,47.81374295815011,16.05659846376323,1644,0,outer_ring
6930,47.66577812426798,15.625477740998882,1636,0,outer_ring
6931,46.89979590152654,14.206702143919344,1618,0,outer_ring
6932,48.27991624276007,14.994226168548728,1792,0,outer_ring
6933,49.94467740014706,14.735129325861903,2114,0,outer_ring
6934,53.49600202601181,14.619493247968457,2475,0,outer_ring
6935,56.92730305747112,11.941415054298758,2627,0,outer_ring
6936,51.54772113634292,13.81830847545612,2257,0,outer_ring
6937,47.87560165196626,10.025945600771095,1853,0,outer_ring
6938,47.84193474450266,10.213386213099511,1847,0,outer_ring
6939,49.78532048755443,8.524492764996594,2112,0,outer_ring
6940,50.06413661402794,9.666105365961542,2141,0,outer_ring
6941,51.67071444821525,9.423202794784125,2264,0,outer_ring
6942,58.17561287330601,10.068853403882308,2651,0,outer_ring
6943,59.590826860662126,10.27224498332123,2725,0,outer_ring
6944,61.70069845861754,10.418142990248905,2807,0,outer_ring
6945,66.36301765285656,10.441027383028356,11102,5,text_en_1919
6946,68.80553679629433,8.863213273184549,3194,0,outer_ring
6947,72.74292468333675,10.214122384612708,3213,0,outer_ring
6948,77.16228480749056,10.487634911601091,4359,1,inner_ring
6949,68.45365141627332,6.061917221728443,3067,0,outer_ring
6950,68.53967485847855,4.340168236425193,3005,0,outer_ring
6951,68.26744678415251,6.4501182760107625,3047,0,outer_ring
6952,37.14456985007507,25.42795428084723,10862,5,text_en_1919
6953,40.51027375375088,25.111155165859607,1545,0,outer_ring
6954,93.34120026996293,40.16649258690276,10409,5,text_en_1919
6955,49.27264676969068,95.77049245250244,696,0,outer_ring
6956,47.32858748229819,95.11542511054802,837,0,outer_ring
6957,45.53135223391753,94.19113787101102,966,0,outer_ring
6958,53.24807349595251,96.94843220718738,474,0,outer_ring
6959,49.7052315021016,95.70499916522796,656,0,outer_ring
6960,45.81355340221018,94.2752667669703,943,0,outer_ring
6961,43.22689717953652,92.08801292175652,1114,0,outer_ring
6962,41.37585896710626,89.5796500930152,1188,0,outer_ring
6963,36.982925461287714,82.43307102952178,1301,0,outer_ring
6964,33.42749487351418,78.22837666290727,3620,1,inner_ring
6965,30.13732676787448,75.62433124706753,9366,5,text_en_1919
6966,30.025303066162635,75.43869903824202,3651,1,inner_ring
6967,23.277513972623307,67.3079185828586,9523,5,text_en_1919
6968,23.831639843387823,68.11311051853858,9603,5,text_en_1919
6969,21.966644200384597,60.04941328593992,9749,5,text_en_1919
6970,22.95421245669885,53.8974490234217,10011,5,text_en_1919
6971,22.52076078370361,55.22708032412909,9976,5,text_en_1919
6972,24.235089883631648,51.93332762337685,10360,5,text_en_1919
6973,27.02864376149705,50.995696755344966,10138,5,text_en_1919
6974,34.702576647769675,51.295463565972966,5193,2,octagram
6975,34.06278402732308,51.16982752594759,5296,2,octagram
6976,39.01581818493344,50.06738796471017,6997,3,stroke_nan
6977,41.83679034182816,52.15871070472532,6980,3,stroke_nan
6978,48.352537247027456,54.7524688808455,6790,3,stroke_nan
6979,50.86663942753041,55.42175886614608,6580,3,stroke_nan
6980,50.66309999526475,55.4698991268924,5007,2,octagram
6981,57.07107418098728,55.98825636927016,4747,2,octagram
6982,58.26760438938063,57.18567371050012,3469,1,inner_ring
6983,61.54146998156612,64.38929468461686,9288,5,text_en_1919
6984,61.79516263598579,68.3566039929166,8818,5,text_en_1919
6985,61.94665627781721,67.81209360472802,8967,5,text_en_1919
6986,58.82334463787477,57.15698890450865,7970,4,stroke_kai
6987,53.20301290762706,47.187802105133485,7068,3,stroke_nan
6988,52.08060104491211,45.22359151946132,7216,3,stroke_nan
6989,47.3890189984966,37.813081534033074,5647,2,octagram
6990,49.82949719233504,42.613643814488455,7453,3,stroke_nan
6991,50.63219200924096,43.66357729090214,7336,3,stroke_nan
6992,47.73705894447728,37.949235035165614,7407,3,stroke_nan
6993,44.0152924282186,34.30863566440519,5718,2,octagram
6994,40.192407644589736,31.76857904224427,5567,2,octagram
6995,37.8275222452448,31.056500483532776,3930,1,inner_ring
6996,33.68184082238317,31.07659180845083,5549,2,octagram
6997,29.55941100390954,33.89067400981654,10617,5,text_en_1919
6998,31.923393836131968,39.39788352137442,5397,2,octagram
6999,35.56256582875724,44.2589368441302,7136,3,stroke_nan
7000,36.705333095824194,50.170311003809175,5353,2,octagram
7001,29.53379892347952,36.24965012977934,10504,5,text_en_1919
7002,29.76206807626764,29.750516239271636,10778,5,text_en_1919
7003,29.49941678113163,31.469887152810315,1404,0,outer_ring
7004,31.434157544438968,27.071910947753263,3917,1,inner_ring
7005,36.40608488483386,25.22118971321042,1447,0,outer_ring
7006,42.88625195401792,25.300639822057768,11266,5,text_en_1919
7007,41.83397686403666,25.338359828095328,11000,5,text_en_1919
7008,48.26554997768654,29.7448178445192,4097,1,inner_ring
7009,48.38567368762487,29.699111268229814,4099,1,inner_ring
7010,53.25132080703988,37.05932768074848,5909,2,octagram
7011,54.72133916747441,40.023548149998746,5921,2,octagram
7012,55.45233483255376,40.62298011127295,5934,2,octagram
7013,55.60020826898008,40.907370221569536,8564,4,stroke_kai
7014,59.85300665362537,44.65487215414323,8145,4,stroke_kai
7015,60.51097412306975,45.20144004210781,8063,4,stroke_kai
7016,67.50400913238686,47.69109892953357,6473,2,octagram
7017,64.68182441071251,46.85254081209645,7872,4,stroke_kai
7018,71.34808376795284,58.443128989008045,7886,4,stroke_kai
7019,70.86335403306268,55.49394431208519,7741,4,stroke_kai
7020,71.80336008111922,62.51280611105297,7750,4,stroke_kai
7021,63.11098534564531,69.38263077847066,9114,5,text_en_1919
7022,47.5464255983888,78.91491132360284,3580,1,inner_ring
7023,49.238801558754425,85.12641197193682,845,0,outer_ring
7024,51.59337622506732,85.39823331437537,613,0,outer_ring
7025,53.75566857609545,85.60204737925693,8778,5,text_en_1919
7026,55.95979426546224,86.20627740205452,8578,5,text_en_1919
7027,56.148968457995096,83.76188120808291,9057,5,text_en_1919
7028,55.73182565350971,85.44602078731471,8727,5,text_en_1919
7029,52.91522564867461,80.12684207774419,3530,1,inner_ring
7030,50.79491973261882,78.9211906506555,3551,1,inner_ring
7031,50.48598553345063,78.7239669083376,4866,2,octagram
7032,47.8492866103382,78.25578646474645,4917,2,octagram
7033,29.4466470637974,60.292538732424354,5181,2,octagram
7034,29.4586597565206,61.53295220517594,3712,1,inner_ring
7035,30.27446920221357,61.284658698381605,5117,2,octagram
7036,60.97860810768055,99.56328322117824,208,0,outer_ring
7037,59.44579422377831,99.61573171198988,250,0,outer_ring
7038,62.51376798551587,99.08475131718824,191,0,outer_ring
7039,69.09473207988793,93.85755886677892,39,0,outer_ring
7040,69.8598584612386,92.79040443903928,8711,5,text_en_1919
7041,73.12276420441185,85.40906659710504,9236,5,text_en_1919
7042,74.72866335261249,81.32833926037081,4641,2,octagram
7043,75.7863274313834,78.201373521504,4614,2,octagram
7044,77.77159745440032,72.80954994525895,9528,5,text_en_1919
7045,77.77210985334887,72.73965113546532,9573,5,text_en_1919
7046,80.9934141111032,64.25128664747996,4493,2,octagram
7047,83.27015020299588,57.1307386114771,9799,5,text_en_1919
7048,82.8379924105626,58.40118184733887,9762,5,text_en_1919
7049,84.00417583950542,54.76461462700364,6576,2,octagram
7050,86.24232835070089,49.541708994835126,9919,5,text_en_1919
7051,87.13675469439895,47.31933187655753,3272,1,inner_ring
7052,90.23707836498468,42.33963377806501,10098,5,text_en_1919
7053,94.26844213358036,39.28688165615007,10214,5,text_en_1919
7054,97.07106546765188,35.63658737509928,10511,5,text_en_1919
7055,97.71792739303352,34.74291709467042,10703,5,text_en_1919
7056,56.05605130051312,40.57752138908926,5970,2,octagram
7057,57.91240501322499,39.34313243690873,8306,4,stroke_kai
7058,60.42165737494419,34.67690887550544,8424,4,stroke_kai
7059,63.52974482469688,27.26704768665188,8526,4,stroke_kai
7060,63.7117097575804,26.927496500051877,8537,4,stroke_kai
7061,66.86859154477287,22.74704128924623,6332,2,octagram
7062,72.83761141057913,22.778407394679245,6357,2,octagram
7063,72.48273720988466,22.847397684154213,6382,2,octagram
7064,67.68681423749906,21.494217805489384,4339,1,inner_ring
7065,67.2627538566733,21.27810319790245,6284,2,octagram
7066,64.30049736241025,19.417584477489346,6048,2,octagram
7067,60.36654900587807,18.53425674214297,2804,0,outer_ring
7068,56.21588828298093,18.035789435636183,11335,5,text_en_1919
7069,54.43518822334703,18.02117283760129,11356,5,text_en_1919
7070,54.3740500848169,18.161297496941877,11075,5,text_en_1919
7071,48.635935076424,16.669061409542337,1808,0,outer_ring
7072,49.191833835380805,17.108970367547396,1952,0,outer_ring
7073,47.64533382925301,14.194486138563091,1674,0,outer_ring
7074,48.37120038314643,15.1372154620407,1798,0,outer_ring
7075,51.70146658942266,13.392557377814398,2281,0,outer_ring
7076,52.02437481484002,14.535124478187662,2333,0,outer_ring
7077,54.99683797059016,14.240648414605523,2532,0,outer_ring
7078,51.40046138118268,14.144413551944028,2229,0,outer_ring
7079,47.551687305184046,9.8668117796079,1774,0,outer_ring
7080,48.3520159879658,10.551357417460451,1906,0,outer_ring
7081,46.50371605975036,7.376520300872549,1678,0,outer_ring
7082,49.850344775228905,9.9195612131373,2115,0,outer_ring
7083,52.37555940063154,9.50624366232158,2342,0,outer_ring
7084,59.17073487568018,10.328243183634632,2707,0,outer_ring
7085,61.88431013411473,10.40040457394072,2815,0,outer_ring
7086,66.07897458608812,10.306276948397633,2926,0,outer_ring
7087,67.91385786235962,9.167208464202645,3185,0,outer_ring
7088,73.17590403104239,10.3804969078547,4264,1,inner_ring
7089,73.96164469094114,10.38707142605542,4292,1,inner_ring
7090,76.41989809306357,10.536607172784926,10804,5,text_en_1919
7091,67.8980789724559,9.181731816203218,3184,0,outer_ring
7092,68.43701266154841,6.258661258599254,3075,0,outer_ring
7093,68.43621166128446,3.5911403330249883,2958,0,outer_ring
7094,37.816108434952135,25.442744830702587,10865,5,text_en_1919
7095,40.11238216131992,25.169685553854748,1518,0,outer_ring
7096,90.8243150039264,42.12287002399098,4416,1,inner_ring
7097,48.65038310230184,95.39747249383056,757,0,outer_ring
7098,49.06550827053536,95.68499398737949,717,0,outer_ring
7099,45.4594049978005,94.13434936440986,971,0,outer_ring
7100,52.97496184563283,96.88181831868944,484,0,outer_ring
7101,51.059005873564914,96.18237155150128,541,0,outer_ring
7102,44.47646337566741,93.36363513826538,1046,0,outer_ring
7103,41.91729471414362,90.47952776695637,1152,0,outer_ring
7104,38.96599517057119,85.85214886287832,1260,0,outer_ring
7105,40.16913481632823,87.58147296708157,8675,5,text_en_1919
7106,36.33343233410233,81.37189966913361,1328,0,outer_ring
7107,31.564666721242084,76.87833580895975,1359,0,outer_ring
7108,27.488390601660463,73.11942133769439,3664,1,inner_ring
7109,23.37294814199761,67.63236951858283,9507,5,text_en_1919
7110,24.276061246399223,69.09692425752716,9481,5,text_en_1919
7111,22.38214564433001,64.20861022377146,9630,5,text_en_1919
7112,21.98795147114501,59.10942282168156,9845,5,text_en_1919
7113,22.564085436100328,54.42293431782255,10003,5,text_en_1919
7114,27.40402134657679,50.91237375734689,3812,1,inner_ring
7115,30.38468109705199,50.813499254685134,3759,1,inner_ring
7116,31.04182190835161,51.104945247502506,3740,1,inner_ring
7117,36.2507375620842,50.58251042677379,5335,2,octagram
7118,38.83992422242453,50.11208933397353,6884,3,stroke_nan
7119,43.15869099583408,52.58822950675622,6825,3,stroke_nan
7120,45.3398154843155,53.60466346310824,6674,3,stroke_nan
7121,48.02720331165944,54.52248531434339,6832,3,stroke_nan
7122,56.04260320149447,56.0562283859186,4803,2,octagram
7123,58.29047048994249,57.30255682869601,3470,1,inner_ring
7124,57.37600748329146,56.40662943842577,4742,2,octagram
7125,61.514577664815945,63.144482113580445,3441,1,inner_ring
7126,61.44662589831638,64.02359176969006,9293,5,text_en_1919
7127,61.70601933997455,66.1647168791951,9138,5,text_en_1919
7128,58.988731383365845,57.430477434133465,7949,4,stroke_kai
7129,56.50840864436379,52.787210113083205,7728,4,stroke_kai
7130,53.35519321914001,47.13474778290552,7149,3,stroke_nan
7131,48.73138053133869,39.93133832534021,5632,2,octagram
7132,49.92098671158515,42.678213038882674,7471,3,stroke_nan
7133,50.13307110504363,42.911507246383145,7450,3,stroke_nan
7134,43.35456955049591,33.271699690248695,5789,2,octagram
7135,40.14251956513596,31.763929846928608,5562,2,octagram
7136,41.19776171056325,31.99838542579733,5740,2,octagram
7137,37.47113342117834,30.9396214584988,3926,1,inner_ring
7138,30.08376799726287,31.98257667968359,3879,1,inner_ring
7139,29.639813184153603,36.33936749785422,10519,5,text_en_1919
7140,31.31397340361481,38.82021137462307,5413,2,octagram
7141,33.98844753813902,42.08752843380532,5381,2,octagram
7142,39.35210243682518,50.51627746811317,6906,3,stroke_nan
7143,29.78625480239182,36.19598753086268,3848,1,inner_ring
7144,29.63179519265242,31.41353551157676,10715,5,text_en_1919
7145,29.57061704865802,31.35102664026701,10721,5,text_en_1919
7146,30.323997968173927,28.250764834879966,3897,1,inner_ring
7147,37.0433634139584,25.34409071626449,10912,5,text_en_1919
7148,42.96468251872167,25.10674510079325,11338,5,text_en_1919
7149,45.71308535806835,27.093919068142966,11024,5,text_en_1919
7150,46.38807041759967,27.84764154627785,4073,1,inner_ring
7151,47.764736099775305,29.13252880269595,4089,1,inner_ring
7152,52.20891242521673,35.80464195257714,4101,1,inner_ring
7153,54.16277768922331,38.32512558257067,4142,1,inner_ring
7154,56.319524097678254,41.78654993973517,8316,4,stroke_kai
7155,56.801280057386535,41.44562514678066,6090,2,octagram
7156,61.46198733802456,45.41562433718667,8169,4,stroke_kai
7157,59.88893045747328,44.78483602203241,8088,4,stroke_kai
7158,66.34350923788996,47.207320178062936,8010,4,stroke_kai
7159,67.50247080368837,47.900071361674456,6478,2,octagram
7160,71.64093183517055,59.48222159366667,7825,4,stroke_kai
7161,71.34968885587466,58.21242699999948,7899,4,stroke_kai
7162,71.68589408338943,61.36679496647098,7819,4,stroke_kai
7163,71.21061212226098,65.95664410666897,7667,4,stroke_kai
7164,47.95137523251828,79.60657796967376,3575,1,inner_ring
7165,48.75180816814555,84.5239755845603,921,0,outer_ring
7166,49.07687768591627,84.94517936167742,876,0,outer_ring
7167,54.99113209712016,86.05309447138028,413,0,outer_ring
7168,54.73570353165896,86.05748270701132,429,0,outer_ring
7169,55.843059670574135,86.21194807253865,387,0,outer_ring
7170,55.73690841848859,85.42792474562378,8747,5,text_en_1919
7171,54.55565923488088,81.57654711316802,9153,5,text_en_1919
7172,50.81105140259927,78.82680311363869,4857,2,octagram
7173,48.98075278958076,78.3979508999877,3568,1,inner_ring
7174,48.783205012206295,78.2711643613363,4900,2,octagram
7175,30.682701295000975,61.74778790944736,6609,3,stroke_nan
7176,30.558540163496826,62.49138563246685,5061,2,octagram
7177,30.28947616407639,62.50126559779353,5072,2,octagram
7178,61.03616931815223,99.60867019319896,206,0,outer_ring
7179,64.4636476082603,98.12156334969208,113,0,outer_ring
7180,63.29950572355296,98.7640097826842,163,0,outer_ring
7181,69.21610075652445,93.3873632630114,8650,5,text_en_1919
7182,70.3672542395521,92.31250397233217,11,0,outer_ring
7183,71.5616536916888,89.82411996012647,8765,5,text_en_1919
7184,74.89235652180047,81.1461767223129,3405,1,inner_ring
7185,74.99218291852878,80.76619799850488,3401,1,inner_ring
7186,76.30252800342801,77.0019015021455,4603,2,octagram
7187,78.95295806383993,69.8537135425137,9541,5,text_en_1919
7188,79.71692601496534,67.85624686096159,9705,5,text_en_1919
7189,83.03156086343002,57.67696001327289,9836,5,text_en_1919
7190,83.51570050855312,56.13342197442055,9876,5,text_en_1919
7191,85.86448473371105,50.24953982559802,6547,2,octagram
7192,85.81888406752171,50.5243033757534,9954,5,text_en_1919
7193,89.17569850222094,44.55400379804317,10016,5,text_en_1919
7194,89.25721327625955,44.13048197766775,10065,5,text_en_1919
7195,94.21613967440862,39.28105793312857,10220,5,text_en_1919
7196,97.30354115836786,35.19482125510498,10693,5,text_en_1919
7197,94.83729568459805,38.68983023538563,10222,5,text_en_1919
7198,56.06198540185753,40.71129237649677,5971,2,octagram
7199,57.23640181944246,41.34209882005918,8219,4,stroke_kai
7200,59.74103882889906,37.12583787449377,8295,4,stroke_kai
7201,61.24629796315236,32.945109591179865,8358,4,stroke_kai
7202,64.18618250804525,24.85837191623309,6182,2,octagram
7203,64.32526205542337,24.74778015274964,6189,2,octagram
7204,71.61730628691504,22.35028781358555,6374,2,octagram
7205,70.55829060705337,22.586367369256006,6424,2,octagram
7206,68.80929836662305,22.18004380644057,4344,1,inner_ring
7207,67.36072421706855,21.333523037449964,6288,2,octagram
7208,65.37700977638251,19.79234754142705,4213,1,inner_ring
7209,59.76031410575975,18.48321577131122,2769,0,outer_ring
7210,57.28178000380473,18.21915754918733,11198,5,text_en_1919
7211,54.17974739094296,18.145444859524996,11143,5,text_en_1919
7212,52.980237467245765,18.16393196731873,2400,0,outer_ring
7213,50.77263349875155,17.706400387580263,11276,5,text_en_1919
7214,47.94884781621813,15.328290483903409,1719,0,outer_ring
7215,45.614175499671965,14.327602982793742,1563,0,outer_ring
7216,49.73893391039275,14.62412792832827,2071,0,outer_ring
7217,49.75048735419052,14.698513772422343,2073,0,outer_ring
7218,55.22345730762956,14.186404209517,2555,0,outer_ring
7219,54.5401899461922,14.56607603772693,2501,0,outer_ring
7220,51.839742428945904,13.159767887886574,2305,0,outer_ring
7221,48.48916342402059,10.522647616867689,1923,0,outer_ring
7222,48.08905495316527,10.337850618291576,1878,0,outer_ring
7223,49.17469693265895,8.272220628250714,2028,0,outer_ring
7224,49.13696135519324,9.533881866799495,2012,0,outer_ring
7225,53.10333657692557,10.928467829508628,2427,0,outer_ring
7226,58.17459133435611,10.13582188667057,2652,0,outer_ring
7227,58.71614779975323,10.34990233529097,2684,0,outer_ring
7228,65.45886383513799,10.414662868013425,2899,0,outer_ring
7229,65.75811627424548,10.463562072515243,2915,0,outer_ring
7230,69.24473936609667,9.105010207173647,3203,0,outer_ring
7231,75.81817694722149,10.375402184062615,10824,5,text_en_1919
7232,77.04130021150397,10.461870944954669,6334,2,octagram
7233,68.48876508483734,6.9230518945661,3136,0,outer_ring
7234,68.35807961115731,7.323587754862629,3138,0,outer_ring
7235,68.47779214217306,3.250514750023981,2952,0,outer_ring
7236,36.70457265666346,25.376016608369497,4000,1,inner_ring
7237,39.89352387523424,25.080412335972557,1500,0,outer_ring
7238,91.19029368144072,41.939851810587015,10283,5,text_en_1919
7239,50.57982141994827,96.16336464445196,590,0,outer_ring
7240,48.51793961351372,95.54452766128556,768,0,outer_ring
7241,43.46169197372238,92.30720618729757,1092,0,outer_ring
7242,55.94309431509704,97.89252740100191,354,0,outer_ring
7243,50.46767019994592,96.22461157293446,599,0,outer_ring
7244,45.723160519112014,94.29949727427302,949,0,outer_ring
7245,41.88560288613919,90.50173721475346,1153,0,outer_ring
7246,41.174271064224506,89.30507852673881,1193,0,outer_ring
7247,36.275292847539326,81.26019740151722,1331,0,outer_ring
7248,36.2758025159002,81.5281171932593,1326,0,outer_ring
7249,34.85438144124659,79.45208557514844,3606,1,inner_ring
7250,30.631347672499466,75.9620290575069,9425,5,text_en_1919
7251,25.17959725453424,70.58176875576609,9449,5,text_en_1919
7252,24.7234426792686,69.40725778983925,9626,5,text_en_1919
7253,22.339532235151395,63.82533163155961,9675,5,text_en_1919
7254,22.585609950197696,55.13694845485248,9984,5,text_en_1919
7255,24.468289113863108,51.78640300077518,10219,5,text_en_1919
7256,26.407789347142096,51.01817265288204,10239,5,text_en_1919
7257,27.5287524368118,51.00879721179325,3795,1,inner_ring
7258,33.75342761602299,51.23473734734253,5209,2,octagram
7259,33.51140169024946,51.27733286828612,3729,1,inner_ring
7260,42.715356239207,52.47368797649737,6753,3,stroke_nan
7261,40.75674520825248,51.65087585779993,6824,3,stroke_nan
7262,48.19255972290394,54.67060940166154,6791,3,stroke_nan
7263,51.67063167856259,55.27298418039575,6905,3,stroke_nan
7264,50.515459333560464,55.34239218522437,5012,2,octagram
7265,57.664580806997854,56.67953780423076,3487,1,inner_ring
7266,58.81857931028049,57.39749586813015,4682,2,octagram
7267,61.46757476780482,63.672104897119226,9337,5,text_en_1919
7268,61.62463998813075,67.694459955433,8894,5,text_en_1919
7269,61.634078410829176,64.95303804817387,9275,5,text_en_1919
7270,57.19186683948427,55.72394316331013,4749,2,octagram
7271,53.2478188800642,46.936307901835626,7131,3,stroke_nan
7272,51.38957311580445,44.69365007633688,7256,3,stroke_nan
7273,48.63571586755848,39.39215626087874,7358,3,stroke_nan
7274,49.13049638870543,40.84776281564746,7536,3,stroke_nan
7275,51.46285895138959,44.42865245196696,7370,3,stroke_nan
7276,46.21014954916606,37.04782526425627,5611,2,octagram
7277,40.37844394780555,31.9142775904405,5565,2,octagram
7278,41.687813542749616,32.00908459917606,5758,2,octagram
7279,33.13672323182195,31.45899713743358,5435,2,octagram
7280,31.601850986905863,32.11604636427245,5450,2,octagram
7281,29.63375200712548,36.50046186273325,10471,5,text_en_1919
7282,31.728935185530755,39.32315245570785,5405,2,octagram
7283,34.339178587726096,42.52041706142181,7213,3,stroke_nan
7284,39.06550564168003,50.2639173449803,6913,3,stroke_nan
7285,29.67838379405887,36.5195008568943,10436,5,text_en_1919
7286,31.207356654827272,32.02782546469513,5477,2,octagram
7287,29.68751077388717,31.076509102738243,10723,5,text_en_1919
7288,30.82954756448263,27.73508583828997,5516,2,octagram
7289,36.04425307041894,25.046079315566548,1431,0,outer_ring
7290,41.817133339223126,25.355884192378998,10989,5,text_en_1919
7291,42.164642300896126,25.202835634948645,11210,5,text_en_1919
7292,44.96831990257074,26.51062964754041,10960,5,text_en_1919
7293,48.69878374876872,30.213396928870832,5833,2,octagram
7294,52.72722218459311,36.55709993114412,5883,2,octagram
7295,53.80899812933765,37.98592374124938,5914,2,octagram
7296,56.0685888780369,40.53866012218012,5974,2,octagram
7297,56.80772545418111,40.84390334658895,6025,2,octagram
7298,57.25724624823262,42.65672715032189,8125,4,stroke_kai
7299,60.76551475225349,45.05227255880042,8187,4,stroke_kai
7300,64.24812072073826,46.58438920064425,7989,4,stroke_kai
7301,67.10863103149559,47.66933201647658,7777,4,stroke_kai
7302,71.20203651059964,57.12431888038347,4469,2,octagram
7303,71.69497130407737,59.4502756619706,7826,4,stroke_kai
7304,70.83661496870744,67.13138903741253,4554,2,octagram
7305,67.89770253483161,69.62250142928443,7599,4,stroke_kai
7306,47.705489882109,78.16244107966557,4927,2,octagram
7307,47.24785561864663,81.39945492852547,8985,5,text_en_1919
7308,51.75869730739864,85.55666928382902,589,0,outer_ring
7309,55.0653722829268,86.04005639220142,408,0,outer_ring
7310,56.11685462126653,86.20496967195854,8617,5,text_en_1919
7311,56.29326727694348,84.05248392297875,8988,5,text_en_1919
7312,56.48465342758915,84.56345963689202,8942,5,text_en_1919
7313,51.97605909010905,79.50982104332783,8692,5,text_en_1919
7314,53.30794217873624,80.4793355804139,9186,5,text_en_1919
7315,48.529198476578784,78.26362388438402,3573,1,inner_ring
7316,48.83600428975559,78.38525803386612,9292,5,text_en_1919
7317,29.562552544079917,61.64639633307276,3706,1,inner_ring
7318,30.50104398182069,62.564467069996994,5051,2,octagram
7319,30.820239405730916,62.147951405092655,6600,3,stroke_nan
7320,61.11533413072091,99.58632789183427,202,0,outer_ring
7321,60.48701364673583,99.552788279139,216,0,outer_ring
7322,64.45167565478386,98.15668536333332,114,0,outer_ring
7323,67.13496090448393,95.80870350005682,73,0,outer_ring
7324,70.0890856614962,92.44098416339544,8740,5,text_en_1919
7325,71.69143060470617,88.57746932973183,8921,5,text_en_1919
7326,72.95616680695467,85.51594312723776,9300,5,text_en_1919
7327,74.80986851903978,80.93252799610937,4634,2,octagram
7328,77.75144490198382,72.31118478346252,3353,1,inner_ring
7329,77.7841346129592,72.2406769923827,3352,1,inner_ring
7330,81.49527386437211,62.69934972823302,9715,5,text_en_1919
7331,82.89717435044018,58.14343712950968,9768,5,text_en_1919
7332,83.41950806620278,56.34564487975318,3300,1,inner_ring
7333,84.02259764444696,54.42247305337223,6569,2,octagram
7334,87.18214161332031,47.12909471724517,3263,1,inner_ring
7335,89.63938870780925,43.54809801951176,10031,5,text_en_1919
7336,88.6712925173974,45.45775971772523,10045,5,text_en_1919
7337,95.25729846597224,37.77127225139599,10376,5,text_en_1919
7338,97.32714759040483,35.30586881501344,10533,5,text_en_1919
7339,96.91123544657091,35.60260877272698,10676,5,text_en_1919
7340,56.652591583093546,41.341768699878365,5987,2,octagram
7341,58.69291549889375,38.97262916871792,8333,4,stroke_kai
7342,59.47381270082405,37.36990077430387,8369,4,stroke_kai
7343,63.453211758425866,27.895427518231468,8483,4,stroke_kai
7344,64.50527775967623,24.20835987210847,6148,2,octagram
7345,64.25449354413922,24.54119467806125,6167,2,octagram
7346,73.32311044490714,22.85466577647901,4380,1,inner_ring
7347,70.8007447429403,22.704768397961267,6419,2,octagram
7348,67.64151344414802,21.570601194926844,6304,2,octagram
7349,66.62248723984749,20.62188749711036,6122,2,octagram
7350,62.156605596931975,18.91139572514763,10970,5,text_en_1919
7351,62.652802256657566,18.835668891454883,11123,5,text_en_1919
7352,56.93753809947173,18.169332245911065,11278,5,text_en_1919
7353,56.173201460212645,18.144015428335187,11197,5,text_en_1919
7354,50.61347494365677,17.634396153399617,2179,0,outer_ring
7355,49.02796769301787,17.058551693308168,1927,0,outer_ring
7356,48.90808897128173,16.8438062218773,1913,0,outer_ring
7357,45.556086878108864,14.150760835172065,1562,0,outer_ring
7358,50.21859738503241,14.717633331522556,2151,0,outer_ring
7359,51.60995210217565,13.798941267280137,2265,0,outer_ring
7360,51.87693856885663,14.708198802812262,2316,0,outer_ring
7361,56.51111571142842,12.936719204737749,2603,0,outer_ring
7362,53.48548047246725,10.611302026913862,2458,0,outer_ring
7363,49.49034427553107,10.319046538372897,2054,0,outer_ring
7364,47.98014546212731,9.518481242378911,1873,0,outer_ring
7365,46.21630132760933,6.388658440363507,1663,0,outer_ring
7366,48.39115317096928,9.219169213328383,1924,0,outer_ring
7367,53.008341236321336,9.888600216275584,2415,0,outer_ring
7368,54.4298161562285,10.05805686603064,2484,0,outer_ring
7369,58.36065897967217,9.993406518594329,2661,0,outer_ring
7370,61.07228091888644,10.342396593735494,2777,0,outer_ring
7371,67.64232299620981,9.54286136243624,3164,0,outer_ring
7372,73.91442490893797,10.717727231488269,4309,1,inner_ring
7373,75.79841555587277,10.422899631673026,10812,5,text_en_1919
7374,75.36328974677511,10.319600855709544,10823,5,text_en_1919
7375,68.44797195833642,5.782569387908616,3048,0,outer_ring
7376,68.5903329770785,3.968958934074479,3001,0,outer_ring
7377,68.57992203196251,3.4613774653471268,2984,0,outer_ring
7378,36.09897238664564,25.19611789422168,1429,0,outer_ring
7379,38.04567320464421,25.49116224699947,4030,1,inner_ring
7380,91.28537465093343,41.889905043981614,10293,5,text_en_1919
7381,51.253472552183126,96.42865811013046,523,0,outer_ring
7382,48.39459097519892,95.43321578690114,779,0,outer_ring
7383,44.64232385238986,93.39516849902792,1040,0,outer_ring
7384,52.26894182471571,96.65518869850332,502,0,outer_ring
7385,50.23664078741429,95.92127695269392,628,0,outer_ring
7386,46.6163573728608,94.93276985271216,904,0,outer_ring
7387,41.9699191091306,90.44530036986798,1149,0,outer_ring
7388,41.7786964446245,89.99260868776605,8645,5,text_en_1919
7389,36.19680430169244,81.18552365928645,1334,0,outer_ring
7390,36.22524173886491,81.31746303537186,1333,0,outer_ring
7391,33.748882947611875,78.54714781906434,9367,5,text_en_1919
7392,26.61950935801805,72.33196782226798,9501,5,text_en_1919
7393,24.57783328260016,69.50415019846066,9490,5,text_en_1919
7394,22.74830523884695,65.62005015063114,9601,5,text_en_1919
7395,22.396996112923578,63.91965671520119,9664,5,text_en_1919
7396,21.939270528989265,60.30665595649073,1390,0,outer_ring
7397,23.854924598550483,52.34999322818354,10178,5,text_en_1919
7398,23.489785594685653,52.467907611884826,10255,5,text_en_1919
7399,28.445207538901958,50.96965602632432,3774,1,inner_ring
7400,33.95374315419679,51.1606353561355,5292,2,octagram
7401,33.766659363149046,51.16632300869857,5286,2,octagram
7402,41.65067823623971,51.9807404696562,6992,3,stroke_nan
7403,40.8411554044095,51.82673505869898,6823,3,stroke_nan
7404,44.80338650885744,53.27942146097646,6781,3,stroke_nan
7405,48.17898901088152,54.62400637167445,6846,3,stroke_nan
7406,55.59079355159528,55.980283987396334,4811,2,octagram
7407,58.43313608164163,57.5858725517012,3467,1,inner_ring
7408,58.5657288511353,56.9694786871273,4679,2,octagram
7409,60.43652247348906,60.0951927256638,7918,4,stroke_kai
7410,61.87457091358798,68.54164489816709,8772,5,text_en_1919
7411,61.52248700051145,63.79476665185624,9333,5,text_en_1919
7412,58.83267768227499,57.2627310932838,7963,4,stroke_kai
7413,54.07955263655767,48.41871049847887,6937,3,stroke_nan
7414,51.78400521455259,44.95395925288311,7219,3,stroke_nan
7415,46.4229792952866,37.05329370192971,5609,2,octagram
7416,50.28805796603586,43.04851439120531,7409,3,stroke_nan
7417,51.27945460644031,44.51722532530366,7295,3,stroke_nan
7418,47.149264543027776,37.47682794273456,5659,2,octagram
7419,44.25650715133291,34.86467811267704,5700,2,octagram
7420,36.804706330486525,30.72459532411675,7234,3,stroke_nan
7421,36.189881500856586,30.49902519076068,7240,3,stroke_nan
7422,33.01686013358088,31.56942175589961,5430,2,octagram
7423,29.69773528662416,36.416720346655936,3837,1,inner_ring
7424,35.01400534108943,43.46504607364352,7117,3,stroke_nan
7425,35.93319579074856,44.97082019105404,7072,3,stroke_nan
7426,38.72903619654427,49.71826732526871,7013,3,stroke_nan
7427,29.6072684855499,36.02476562214573,10557,5,text_en_1919
7428,30.160665851392537,32.03674151848918,3876,1,inner_ring
7429,31.38733004919846,26.8792606329261,3921,1,inner_ring
7430,30.345380678156104,28.156242731406092,5504,2,octagram
7431,36.70842241742567,25.17785027515302,1454,0,outer_ring
7432,42.56220822896832,25.36305834037236,10937,5,text_en_1919
7433,45.48152740307957,27.244134991790222,4061,1,inner_ring
7434,44.90957403811117,26.4518839979448,11013,5,text_en_1919
7435,50.160257365543806,32.42959705931946,7560,3,stroke_nan
7436,50.97308088375304,33.91632396277619,7461,3,stroke_nan
7437,52.14377269863442,35.636325701677386,11016,5,text_en_1919
7438,56.19865535658425,41.49292447181353,8572,4,stroke_kai
7439,56.05085531230384,41.4233990789239,5967,2,octagram
7440,60.33552554223021,44.91170618042366,8161,4,stroke_kai
7441,61.53711625203039,45.49716703345323,8103,4,stroke_kai
7442,63.831738773481234,46.425372979398816,8032,4,stroke_kai
7443,64.49998474280387,46.7163010611591,7927,4,stroke_kai
7444,70.96032698265824,54.82316250868825,6514,2,octagram
7445,71.77183951771562,61.62271343436876,7807,4,stroke_kai
7446,70.13398032210134,68.88340850829026,4573,2,octagram
7447,70.44727082322294,68.0746480059511,4561,2,octagram
7448,48.327169712543856,79.36030236768488,9213,5,text_en_1919
7449,48.84256204844597,84.60562268180223,907,0,outer_ring
7450,52.62219272794027,85.55495774823474,506,0,outer_ring
7451,52.26964528814699,85.44895956237079,514,0,outer_ring
7452,54.41616196944469,85.89331091332329,451,0,outer_ring
7453,56.386214958845855,86.3123809124857,331,0,outer_ring
7454,56.443186711681776,84.21603783273464,9038,5,text_en_1919
7455,52.55668831985642,79.71127281585271,4801,2,octagram
7456,52.49924356791101,80.00687928031172,8597,5,text_en_1919
7457,48.99006295135501,78.29631548666492,4885,2,octagram
7458,47.36888799530202,79.18286378735003,3587,1,inner_ring
7459,29.737688039660902,60.43465470066343,6742,3,stroke_nan
7460,29.56833663206175,60.9043785504406,5150,2,octagram
7461,30.41511441121495,62.287859351211445,5090,2,octagram
7462,60.99181358305904,99.7100836853768,207,0,outer_ring
7463,63.40008472280755,98.5626070712924,157,0,outer_ring
7464,67.56507829811108,95.38544248566195,54,0,outer_ring
7465,69.7478298683404,93.0671084631531,21,0,outer_ring
7466,71.47953746773776,89.33632928021149,8886,5,text_en_1919
7467,71.72137927859606,89.11417108065318,8842,5,text_en_1919
7468,73.80490110819366,84.07108786682178,9412,5,text_en_1919
7469,75.86039412489953,78.77228181634638,9422,5,text_en_1919
7470,77.09196261975805,74.38779375457449,4591,2,octagram
7471,77.33863180475663,73.71809237403428,4590,2,octagram
7472,79.28123244214979,68.79955528178647,9653,5,text_en_1919
7473,82.52697229862606,59.23002340773256,9741,5,text_en_1919
7474,84.1607820595061,54.60935776816999,9808,5,text_en_1919
7475,85.36505545547766,52.25728287690539,9803,5,text_en_1919
7476,86.10614057599707,49.97797792572308,9833,5,text_en_1919
7477,88.87567161173371,44.83494417645038,10136,5,text_en_1919
7478,89.68728589470277,43.26061663931733,10097,5,text_en_1919
7479,93.51892063367202,40.16449052746277,10317,5,text_en_1919
7480,96.81342213442812,36.05110776123101,10475,5,text_en_1919
7481,97.91892741788084,34.46851359307365,10707,5,text_en_1919
7482,56.63485706724629,41.311760219667015,5990,2,octagram
7483,58.35149147746378,39.272869700121134,8256,4,stroke_kai
7484,62.18635045732671,31.162105250833765,8347,4,stroke_kai
7485,64.11866185382112,25.882556059705745,6227,2,octagram
7486,63.5269852871436,27.73792518454112,8496,4,stroke_kai
7487,64.32881228726293,24.89584325156732,6204,2,octagram
7488,69.74511252278143,22.223827185679436,8282,4,stroke_kai
7489,72.42484940682279,22.912213252994015,6389,2,octagram
7490,67.09898659074221,21.04821016576112,6272,2,octagram
7491,66.62710153874448,20.49432305811568,6119,2,octagram
7492,64.25368004626878,19.37633795066045,4196,1,inner_ring
7493,61.69216138056086,18.952789943273515,4156,1,inner_ring
7494,59.835362452282126,18.39843599157162,2774,0,outer_ring
7495,56.357969361615815,18.336887323626726,10956,5,text_en_1919
7496,54.33931852365566,18.089661769195644,11296,5,text_en_1919
7497,48.932257246759,17.027596628695154,1915,0,outer_ring
7498,48.25035312119103,16.373645792111997,1746,0,outer_ring
7499,48.09804829984648,14.42206241902288,1771,0,outer_ring
7500,50.02645095797119,14.544044380737652,2129,0,outer_ring
7501,51.59410543278644,13.38085517818351,2261,0,outer_ring
7502,53.70289350923995,14.755355347985528,2483,0,outer_ring
7503,54.54014080995351,14.618486892896932,2502,0,outer_ring
7504,51.62121407629088,13.640336804196345,2268,0,outer_ring
7505,49.05671276059786,10.495460114091657,1985,0,outer_ring
7506,48.102296617820585,10.144880571788832,1882,0,outer_ring
7507,47.64068120858005,7.044300910773991,1862,0,outer_ring
7508,49.79497666107322,9.62119147798429,2108,0,outer_ring
7509,52.98341120292034,9.777510119354012,2411,0,outer_ring
7510,58.93675878038567,10.329521663419628,2692,0,outer_ring
7511,63.46270079773094,10.377797558006776,2869,0,outer_ring
7512,61.67436143820289,10.530431366784184,2806,0,outer_ring
7513,67.97661524191987,8.791437601727118,3172,0,outer_ring
7514,73.69173891248165,10.481490771635372,4285,1,inner_ring
7515,75.66543344272282,10.340836003220211,10841,5,text_en_1919
7516,76.50830969605475,10.389168937496706,10837,5,text_en_1919
7517,68.37382549646534,6.237481316753083,3058,0,outer_ring
7518,68.22700417067958,7.95898322364679,3160,0,outer_ring
7519,68.40384512203909,3.062246109257572,2935,0,outer_ring
7520,36.9667067290162,25.429656248140763,4011,1,inner_ring
7521,37.88079459623775,25.7279845392314,4022,1,inner_ring
7522,90.7133445630612,42.07903410821872,4413,1,inner_ring
7523,49.221797221813375,95.89860818113448,699,0,outer_ring
7524,48.85574996253162,95.53268314886952,739,0,outer_ring
7525,45.24234155097838,93.970790245993,981,0,outer_ring
7526,53.46356700909256,96.81000330306526,463,0,outer_ring
7527,50.7769635817516,95.95837425094408,572,0,outer_ring
7528,44.90923938941047,93.90494948011138,1023,0,outer_ring
7529,43.29827741166384,92.32387756230196,1101,0,outer_ring
7530,39.13798446783314,86.02506715231155,1254,0,outer_ring
7531,38.01042335832357,84.06710919964235,1273,0,outer_ring
7532,37.23651727577082,82.88047273100722,1296,0,outer_ring
7533,31.115868233293053,76.43186174977549,1362,0,outer_ring
7534,26.34958856083437,71.97363593046946,9597,5,text_en_1919
7535,24.46389542128859,68.90895758694322,9652,5,text_en_1919
7536,24.63481052494225,69.65092819122646,9462,5,text_en_1919
7537,22.05882278995835,62.65662052317132,9702,5,text_en_1919
7538,21.97354822007528,60.72975840841018,3726,1,inner_ring
7539,22.8153548250116,53.84779123247091,10173,5,text_en_1919
7540,24.36881764589156,51.89943400342933,10225,5,text_en_1919
7541,30.20511414198316,50.90352909011202,3756,1,inner_ring
7542,31.50838870303461,50.93511202619581,5255,2,octagram
7543,36.68373851530959,50.249386231396606,5350,2,octagram
7544,42.220900587240585,52.169860378489936,6969,3,stroke_nan
7545,45.42584606074508,53.508041022987406,6878,3,stroke_nan
7546,47.47599363057545,54.5068656372728,6612,3,stroke_nan
7547,52.03730010370147,55.55867107291088,6719,3,stroke_nan
7548,52.116526176762775,55.48383640049088,6810,3,stroke_nan
7549,56.90555666738528,55.94601129508518,4773,2,octagram
7550,57.562367358358784,56.67410964013912,3491,1,inner_ring
7551,59.7063321962942,58.65105687406215,7953,4,stroke_kai
7552,61.322584672434935,63.48995641482056,3451,1,inner_ring
7553,61.71809932199536,66.09096532582595,9181,5,text_en_1919
7554,58.42670393946592,56.73443261331038,4669,2,octagram
7555,52.988872586473335,46.59112956523628,7148,3,stroke_nan
7556,54.06284301297255,48.39235227357953,6938,3,stroke_nan
7557,48.56463942139391,39.88242926531032,5622,2,octagram
7558,49.66305259009671,42.50707409441627,7460,3,stroke_nan
7559,49.97856298961285,42.88141092800704,7446,3,stroke_nan
7560,44.31041837970233,34.6842007520794,5709,2,octagram
7561,43.7689970389973,33.74063213821985,5795,2,octagram
7562,40.69437074988511,31.872987846626323,5571,2,octagram
7563,34.40803255458106,30.418881093877005,7383,3,stroke_nan
7564,31.728377660376587,32.06515107570111,5446,2,octagram
7565,29.593065495422664,36.20138958068304,10539,5,text_en_1919
7566,34.43440617638748,42.7517383904955,7214,3,stroke_nan
7567,34.27921430407412,42.61409313324206,5370,2,octagram
7568,35.96018787940099,50.85916499440876,5313,2,octagram
7569,29.349898330083903,32.78183987668059,10661,5,text_en_1919
7570,31.635310509893973,32.14133911649116,5444,2,octagram
7571,30.473740301444785,28.179245030513137,5507,2,octagram
7572,34.45973399001572,25.595025567620837,1415,0,outer_ring
7573,37.121782264151584,25.129613420561043,1461,0,outer_ring
7574,42.99697995467218,25.426740281536272,11184,5,text_en_1919
7575,45.17176903195429,26.46325032589481,11240,5,text_en_1919
7576,47.71484950789386,29.24404867901726,4086,1,inner_ring
7577,48.40913002226769,30.037722772427465,5826,2,octagram
7578,49.87796750839567,31.96356766069953,5872,2,octagram
7579,54.35779717891813,38.60426509221708,4149,1,inner_ring
7580,55.795788036995326,40.65421574586772,5949,2,octagram
7581,56.38015002811068,41.67209724727771,8430,4,stroke_kai
7582,58.11376421664621,43.42245566287452,8079,4,stroke_kai
7583,63.72122804265814,46.42585264990004,8040,4,stroke_kai
7584,66.60181073041109,47.31915428662808,7986,4,stroke_kai
7585,66.22951796103197,47.36015862800671,7900,4,stroke_kai
7586,69.0417918097616,49.72626295099833,6488,2,octagram
7587,71.32287478953529,58.0784434100393,7910,4,stroke_kai
7588,71.88017012573346,63.51999091446106,7713,4,stroke_kai
7589,65.13121535860023,69.38364155170893,7644,4,stroke_kai
7590,47.46910166775191,79.05058824358038,3582,1,inner_ring
7591,48.59141924634852,84.51775077379207,927,0,outer_ring
7592,49.770200416307695,85.20796916696186,785,0,outer_ring
7593,53.62470959021567,85.59793928082917,492,0,outer_ring
7594,56.51164178918726,86.24984493796406,8577,5,text_en_1919
7595,56.48238444168163,86.35879932478295,323,0,outer_ring
7596,55.79793210563238,84.8106871843695,8846,5,text_en_1919
7597,55.79432130638615,82.71172299969513,9145,5,text_en_1919
7598,51.008485455754766,78.99411477264196,9093,5,text_en_1919
7599,48.320329182538615,77.86643717474705,4912,2,octagram
7600,49.49432259091376,78.60256507289262,3562,1,inner_ring
7601,30.190836570440577,61.52776227406154,5125,2,octagram
7602,30.58764458060796,62.480677102454926,5060,2,octagram
7603,30.33955471539285,62.43366206826399,5075,2,octagram
7604,59.787344073439776,99.58474163525791,236,0,outer_ring
7605,63.60816648754072,98.79094213336585,153,0,outer_ring
7606,65.97010146484274,96.98271482127323,100,0,outer_ring
7607,70.55723979764542,91.97717281819716,8674,5,text_en_1919
7608,69.43098370714517,93.5190019131442,33,0,outer_ring
7609,71.25157980059763,90.6176276039427,8683,5,text_en_1919
7610,74.5857021302446,82.14234137721395,9427,5,text_en_1919
7611,75.03606866842408,81.03093270737492,9420,5,text_en_1919
7612,77.16499588952831,74.89921501996602,9524,5,text_en_1919
7613,78.60320893671278,70.34401812373542,9667,5,text_en_1919
7614,78.71939897645457,70.38978066260165,9531,5,text_en_1919
7615,83.31585604264706,56.96404312339804,9806,5,text_en_1919
7616,84.31062348919858,54.0132738055428,6564,2,octagram
7617,84.08656103704887,54.42231884122916,6573,2,octagram
7618,87.11286943867913,47.38621392489732,3274,1,inner_ring
7619,87.69342606448546,46.79236009411652,10107,5,text_en_1919
7620,89.53180188678928,43.43609352697196,10120,5,text_en_1919
7621,95.40214746458582,37.54323572981686,10432,5,text_en_1919
7622,97.8284641244664,34.73543356161258,10633,5,text_en_1919
7623,95.25999811716704,38.12851220133831,10241,5,text_en_1919
7624,56.24589265167998,40.58355989904276,5989,2,octagram
7625,57.9112362106388,40.29857035477462,8205,4,stroke_kai
7626,60.05597744854441,36.70901775452196,8287,4,stroke_kai
7627,63.98288048612055,25.96739877851017,6191,2,octagram
7628,64.22121281349355,24.47823203646453,6170,2,octagram
7629,65.85144296781223,23.393874057119355,6248,2,octagram
7630,73.904631045071,22.773685759611865,10649,5,text_en_1919
7631,70.44842262255345,22.649239873283918,6432,2,octagram
7632,66.58954831449509,20.65589876873427,6123,2,octagram
7633,66.71563248705334,20.81302260972612,6136,2,octagram
7634,65.23678623352258,19.726504443489503,10861,5,text_en_1919
7635,59.78620531351108,18.48073325113544,2770,0,outer_ring
7636,59.45364196989402,18.20680851530599,2746,0,outer_ring
7637,56.72018827963066,18.12015159020609,11281,5,text_en_1919
7638,53.390529032659735,18.037809150623573,11271,5,text_en_1919
7639,50.304744351551534,17.50388541710895,2157,0,outer_ring
7640,48.4410501711396,16.556368747741868,1789,0,outer_ring
7641,46.26069115417461,13.866591028029909,1600,0,outer_ring
7642,50.47159811125648,14.632854995113782,2174,0,outer_ring
7643,51.774878815287664,12.943873848114634,2297,0,outer_ring
7644,52.05167208197344,14.67615657216885,2334,0,outer_ring
7645,56.8630688794329,11.991566998067263,2619,0,outer_ring
7646,52.69910804811806,11.809738712302362,2378,0,outer_ring
7647,47.71478982399528,9.85190760195023,1831,0,outer_ring
7648,47.62427930597269,9.950863849365213,1818,0,outer_ring
7649,46.48744809764658,6.602584777623981,1698,0,outer_ring
7650,48.596232554526814,9.403776716142914,1942,0,outer_ring
7651,52.09820409776936,9.581669449635925,2326,0,outer_ring
7652,56.7632022309619,10.128036647721686,2600,0,outer_ring
7653,63.60193815426562,10.21348703788275,2876,0,outer_ring
7654,60.98376982834906,10.484222314410133,2772,0,outer_ring
7655,67.41257870437734,9.93754951018429,11080,5,text_en_1919
7656,73.90814718269947,10.50438796389426,4299,1,inner_ring
7657,73.05494265246915,10.50018291530877,4262,1,inner_ring
7658,75.59842431896075,10.515717427340434,4323,1,inner_ring
7659,67.79877604587513,9.365036903120576,3180,0,outer_ring
7660,68.58607798752689,3.177586334726776,2972,0,outer_ring
7661,68.56262030897773,3.082775156753684,2965,0,outer_ring
7662,37.1296286966871,25.489361736440884,4017,1,inner_ring
7663,40.64082605807217,24.989686683356325,1551,0,outer_ring
7664,91.0741464680629,41.84233734400513,10419,5,text_en_1919
7665,48.62331107565584,95.50474154922496,758,0,outer_ring
7666,47.19407483450254,95.1302612408644,855,0,outer_ring
7667,45.23313526330273,93.98025859436872,982,0,outer_ring
7668,53.984273834462535,97.08587059682657,437,0,outer_ring
7669,50.04976593133218,95.871331709623,639,0,outer_ring
7670,44.40630802552789,93.17476121894794,1055,0,outer_ring
7671,41.92062818717438,90.56507193326154,1150,0,outer_ring
7672,40.20404345795589,87.63108422635094,8705,5,text_en_1919
7673,36.66190221762294,82.02014091367116,1314,0,outer_ring
7674,33.733801926738735,78.49998683240305,3617,1,inner_ring
7675,35.1049667065709,79.59141523911383,3602,1,inner_ring
7676,30.321791096991785,75.8114869720367,9379,5,text_en_1919
7677,26.724089377846468,72.44344894598784,9491,5,text_en_1919
7678,22.250308710935457,63.05696458009388,9697,5,text_en_1919
7679,22.382207306861645,64.25833728989748,9621,5,text_en_1919
7680,22.452769419176416,55.14830422029618,9988,5,text_en_1919
7681,23.95245515421604,52.13663643267612,10305,5,text_en_1919
7682,26.81548351202815,51.08518462367497,10022,5,text_en_1919
7683,31.306424014737043,50.98304495825607,5252,2,octagram
7684,30.316644495612543,51.00118062883471,5232,2,octagram
7685,35.97529492040563,50.68774438939485,5322,2,octagram
7686,42.6635032810665,52.40134728603788,7019,3,stroke_nan
7687,40.95511911091857,51.67549894732794,6898,3,stroke_nan
7688,44.447967403392326,53.10826161845996,6841,3,stroke_nan
7689,51.86560758561822,55.59370038470641,6638,3,stroke_nan
7690,54.00085381554807,55.79867832344629,4842,2,octagram
7691,57.44816756494811,55.50850584601912,7596,4,stroke_kai
7692,58.89080781689491,57.50894099682428,4689,2,octagram
7693,61.45343143613462,63.41588770995871,3449,1,inner_ring
7694,61.81337949781964,68.7178200928354,8749,5,text_en_1919
7695,61.756414084158045,66.29586301497937,9182,5,text_en_1919
7696,58.4851705937169,56.786326549722894,4673,2,octagram
7697,54.57384471321205,49.20125899853428,4820,2,octagram
7698,53.84412001748793,48.070070433109024,6995,3,stroke_nan
7699,48.53834015494438,39.13783555267814,7379,3,stroke_nan
7700,48.88867278224201,39.75061347399127,7299,3,stroke_nan
7701,50.42823707151492,43.38731418430211,7381,3,stroke_nan
7702,47.73025538919282,37.93605758068075,7408,3,stroke_nan
7703,44.458777236890825,35.105160100103475,5686,2,octagram
7704,41.447237571001935,32.02707617763251,5749,2,octagram
7705,33.41448608107449,31.139958108734465,5536,2,octagram
7706,33.71825063454295,30.804221821773247,5551,2,octagram
7707,29.75272985410626,36.026517505564144,3852,1,inner_ring
7708,35.06730235947124,43.737363799481386,7069,3,stroke_nan
7709,34.651657492503595,42.98550843718338,7187,3,stroke_nan
7710,39.180659694464325,50.14962883681103,7040,3,stroke_nan
7711,29.449849943969777,33.88890887040259,10614,5,text_en_1919
7712,29.972467945038037,32.10372557850032,3868,1,inner_ring
7713,29.58196210041757,30.1699589170122,10780,5,text_en_1919
7714,31.27834507691597,27.219103520811807,3913,1,inner_ring
7715,37.034149032607225,25.17616898997354,11283,5,text_en_1919
7716,40.13203796244651,25.268474384290226,1516,0,outer_ring
7717,42.266637428295695,25.37375374753025,10923,5,text_en_1919
7718,44.43504941571573,26.02831666829157,11214,5,text_en_1919
7719,48.84047820632704,30.56499105263125,5850,2,octagram
7720,53.00758446681778,36.59901367574019,5889,2,octagram
7721,54.19556943617443,38.806749339748016,4144,1,inner_ring
7722,55.58016799850839,40.9211749666113,8562,4,stroke_kai
7723,56.08999675891844,41.4517086246024,8573,4,stroke_kai
7724,60.110885427942414,44.90634951276717,8168,4,stroke_kai
7725,61.4743023669203,45.65550022961182,8056,4,stroke_kai
7726,63.865122107573455,46.28147894874946,6467,2,octagram
7727,67.14125899546909,47.77175568075096,7776,4,stroke_kai
7728,69.25493547472598,50.425071080959725,6496,2,octagram
7729,71.70376035219314,62.932840231502425,7735,4,stroke_kai
7730,70.9758178876325,66.31258196809024,7687,4,stroke_kai
7731,68.35614536081576,69.71565441525087,7590,4,stroke_kai
7732,48.040760615334015,79.552186352257,1007,0,outer_ring
7733,47.77170891696501,82.80525369462367,996,0,outer_ring
7734,51.74429001746025,85.57030000725557,593,0,outer_ring
7735,51.51602879429373,85.4719077074132,629,0,outer_ring
7736,55.890397142252766,86.18263990748932,8616,5,text_en_1919
7737,55.780484205590525,86.29126140085157,390,0,outer_ring
7738,56.64001115907904,85.38087240812118,8728,5,text_en_1919
7739,53.03998977877403,80.38203329754998,9216,5,text_en_1919
7740,50.55871176438524,78.92435646802788,9135,5,text_en_1919
7741,50.28991550880906,78.81633820535434,3558,1,inner_ring
7742,47.07042360039123,79.69861362763008,9127,5,text_en_1919
7743,29.964033767864173,60.90404261253664,5126,2,octagram
7744,30.26808307624027,62.358695692972326,5088,2,octagram
7745,30.568278511937937,62.452445911245576,5064,2,octagram
7746,56.19208718451642,98.06366449701292,333,0,outer_ring
7747,62.91734588937708,99.00189059690364,172,0,outer_ring
7748,67.77118668081933,95.12487094910918,8594,5,text_en_1919
7749,67.57845015261722,95.26257581266164,8593,5,text_en_1919
7750,71.94174945152456,87.63063240544093,9028,5,text_en_1919
7751,71.78761785990406,88.38836253120695,8980,5,text_en_1919
7752,74.37197826221798,82.72425059954503,3417,1,inner_ring
7753,76.26527765778458,77.21346423132576,3382,1,inner_ring
7754,77.5698072559362,73.52395458750999,9543,5,text_en_1919
7755,78.88668297436561,69.39861585057857,4531,2,octagram
7756,81.26208501113945,63.46063068954058,9716,5,text_en_1919
7757,80.95474832404797,64.29450088419202,4499,2,octagram
7758,84.28651469999613,54.28429389683428,9815,5,text_en_1919
7759,85.97467770980617,49.93113286704017,6548,2,octagram
7760,88.14843218345459,46.36547803175912,10083,5,text_en_1919
7761,87.48728972254496,47.15019681861714,9940,5,text_en_1919
7762,91.06715953543228,41.83258947696811,10437,5,text_en_1919
7763,92.66593703659696,40.789614682742986,10386,5,text_en_1919
7764,94.51724846705676,38.90245986981327,10233,5,text_en_1919
7765,96.1147287675206,36.85908661103278,10359,5,text_en_1919
7766,56.79173930188496,41.369704171533066,6083,2,octagram
7767,58.43973464365801,39.70633873361896,8243,4,stroke_kai
7768,59.40048561911266,37.43049969275626,8368,4,stroke_kai
7769,62.7935814738366,29.931059388177733,8389,4,stroke_kai
7770,63.86246583068758,26.497325305266465,8545,4,stroke_kai
7771,64.46424814104594,24.340490382172018,6161,2,octagram
7772,72.35718955245449,22.766420463508563,6379,2,octagram
7773,69.00079334224529,22.30188068226693,6319,2,octagram
7774,69.48562363227322,22.43067858831654,4351,1,inner_ring
7775,67.8334051512114,21.612475315240133,4341,1,inner_ring
7776,64.53113810984662,19.57860447416685,6051,2,octagram
7777,59.23891948600905,18.16805735336157,2734,0,outer_ring
7778,57.21394163221102,18.26000986466592,11076,5,text_en_1919
7779,56.49354688089389,18.146198265691705,11207,5,text_en_1919
7780,51.910634401763474,18.051448769216783,2332,0,outer_ring
7781,51.54207395499297,17.852809455260232,2262,0,outer_ring
7782,47.818485790525926,16.137047467109063,1643,0,outer_ring
7783,46.98872902827722,14.118945796600665,1620,0,outer_ring
7784,48.04146358975497,15.039906430812906,1739,0,outer_ring
7785,51.83333988154641,12.7562146494884,2302,0,outer_ring
7786,54.92644984921184,14.380163025958275,2529,0,outer_ring
7787,56.82214226214289,12.005532418475454,2615,0,outer_ring
7788,52.4401598586697,11.705482096057352,2352,0,outer_ring
7789,47.70136134694492,10.132477578349588,1824,0,outer_ring
7790,47.62453186596196,9.950400782799782,1819,0,outer_ring
7791,46.95328772222781,6.296232590219525,1757,0,outer_ring
7792,49.260038708098726,9.30893258841131,2035,0,outer_ring
7793,53.56825281359846,10.387520209566382,2462,0,outer_ring
7794,59.48119706227003,10.253488431963753,2721,0,outer_ring
7795,59.17984563425524,10.2753451069566,2708,0,outer_ring
7796,64.86291684812491,10.489056563366908,2885,0,outer_ring
7797,67.2761098549083,9.762270568142966,3025,0,outer_ring
7798,70.64661339423645,9.874264933793214,6103,2,octagram
7799,74.01296123675976,10.41678304563832,4298,1,inner_ring
7800,76.64528899626504,10.602492723457154,10802,5,text_en_1919
7801,68.44811112195666,6.350125026100528,3086,0,outer_ring
7802,68.5038033665,4.619711550325484,3011,0,outer_ring
7803,68.38645025900796,3.210404647973192,2937,0,outer_ring
7804,36.23988277186093,25.17642161822273,1438,0,outer_ring
7805,38.4802032056803,25.44315029152269,5763,2,octagram
7806,91.30478685160138,41.75632286441508,10420,5,text_en_1919
7807,51.19237646199115,96.2168103207521,531,0,outer_ring
7808,48.60551417973486,95.41515589253784,763,0,outer_ring
7809,43.70874712648906,92.76134238147912,1071,0,outer_ring
7810,56.6487781145907,98.4079923659157,308,0,outer_ring
7811,50.82135697720118,96.10105691582102,565,0,outer_ring
7812,46.593859066465726,94.9807660915464,905,0,outer_ring
7813,41.02906235870928,89.23784903516132,1198,0,outer_ring
7814,41.59584993985193,90.03069903198768,1170,0,outer_ring
7815,40.279683412873766,87.54636879313924,8724,5,text_en_1919
7816,36.07689240974804,80.9912024151657,1335,0,outer_ring
7817,33.54620151207975,78.25477310605517,3618,1,inner_ring
7818,30.45933670533144,75.95047479272883,1366,0,outer_ring
7819,28.214353782244796,73.91866969672859,3656,1,inner_ring
7820,24.695799152282877,69.88677824989198,9459,5,text_en_1919
7821,21.915533718197523,59.0795096242675,9879,5,text_en_1919
7822,22.614692463833688,54.417458114129325,10000,5,text_en_1919
7823,23.619028068046106,52.35775727158685,10267,5,text_en_1919
7824,24.06312759566208,52.09860068212461,10278,5,text_en_1919
7825,26.749397026905463,51.015909287816655,10142,5,text_en_1919
7826,33.24408091454853,51.126666679469416,5262,2,octagram
7827,34.2640123794319,51.218671345647685,5204,2,octagram
7828,38.463933466466365,49.59961922688221,6988,3,stroke_nan
7829,41.47182723632402,51.9538699899356,6900,3,stroke_nan
7830,45.798473820187965,53.74787307767807,6716,3,stroke_nan
7831,49.06225489558795,55.020489252016645,5029,2,octagram
7832,55.82167923936311,56.02023951160281,4810,2,octagram
7833,58.73774895936134,57.54176303806669,4698,2,octagram
7834,58.74408106350751,57.59600611229183,3456,1,inner_ring
7835,60.477873172018846,60.372914831357946,7878,4,stroke_kai
7836,61.47027420329439,65.29560484326565,9166,5,text_en_1919
7837,61.74392432924888,66.56865166710402,9131,5,text_en_1919
7838,57.08861766993017,55.72555719586679,4764,2,octagram
7839,57.01647471004376,54.260817328600695,7681,4,stroke_kai
7840,52.04693725917334,45.47478548796604,7158,3,stroke_nan
7841,47.18140468505788,37.53455236701045,5656,2,octagram
7842,49.83972366887139,42.61644152270205,7451,3,stroke_nan
7843,52.007906596071,45.1439467341805,7200,3,stroke_nan
7844,47.52388084422109,37.738233267946256,7419,3,stroke_nan
7845,44.33622494081534,34.91453991756869,5694,2,octagram
7846,35.678418035144354,30.254045243171078,7430,3,stroke_nan
7847,34.22203732080123,30.563119084671087,7350,3,stroke_nan
7848,34.07038934842504,30.78317330051836,7339,3,stroke_nan
7849,29.54860204648348,34.59030717058482,10591,5,text_en_1919
7850,30.625167328288285,37.82208399871374,3824,1,inner_ring
7851,37.54668823594244,47.9024237241126,5368,2,octagram
7852,39.01097723379348,50.16022558077652,6914,3,stroke_nan
7853,29.38723133898829,33.75987696802946,10621,5,text_en_1919
7854,29.790342067620124,30.115182549932943,10746,5,text_en_1919
7855,31.270240626320323,26.99641713064557,3916,1,inner_ring
7856,31.52116592741565,27.07364754493208,5527,2,octagram
7857,36.492434805548925,25.25386221412157,11265,5,text_en_1919
7858,40.2126305491354,25.10597328555388,1528,0,outer_ring
7859,46.07100100822932,27.56826875268004,4069,1,inner_ring
7860,48.139902984540896,29.64819446891836,4095,1,inner_ring
7861,50.49006786305452,33.22814530609379,7497,3,stroke_nan
7862,52.71054709133867,36.37614809430892,5882,2,octagram
7863,52.38833176926542,35.636632335213704,11098,5,text_en_1919
7864,56.28386835231156,41.65864624066307,8412,4,stroke_kai
7865,56.7829935864609,41.77911903257501,8178,4,stroke_kai
7866,58.23227597775126,43.47147945257893,8164,4,stroke_kai
7867,64.5344023674933,46.71262447563747,8016,4,stroke_kai
7868,67.24452600241793,47.70758451580732,7785,4,stroke_kai
7869,65.79359544611262,47.10675709204427,7946,4,stroke_kai
7870,71.06788412236153,55.95059191951447,4445,2,octagram
7871,71.81393978128207,63.36850990902158,7714,4,stroke_kai
7872,71.74149894755698,61.75623391564754,7793,4,stroke_kai
7873,64.52013570190417,69.34580484849079,9171,5,text_en_1919
7874,47.61791431104826,78.65423214412044,4946,2,octagram
7875,47.46297614685567,81.86718727863298,8868,5,text_en_1919
7876,49.6650007245345,85.2689363697616,790,0,outer_ring
7877,54.83062030142946,86.15937817761233,422,0,outer_ring
7878,56.05168978632846,86.35813664110648,370,0,outer_ring
7879,55.754869695763226,86.15532469656604,8610,5,text_en_1919
7880,56.25855833686128,84.03406024534308,9001,5,text_en_1919
7881,52.38299545364308,79.79460027312297,8590,5,text_en_1919
7882,51.71695489978683,79.23060117505275,9035,5,text_en_1919
7883,48.881450147803854,78.24989874410352,4889,2,octagram
7884,49.23765785920253,78.5390159556236,9250,5,text_en_1919
7885,30.451857304765984,61.51171571038874,5101,2,octagram
7886,30.46522945453665,62.504267112605326,5063,2,octagram
7887,29.86797756153663,60.490527188554125,6731,3,stroke_nan
7888,60.44608928682452,99.6813287381174,218,0,outer_ring
7889,59.66004717001309,99.86557188093464,246,0,outer_ring
7890,67.01705679226573,95.9130795594826,78,0,outer_ring
7891,69.86583753886084,92.806288539872,8680,5,text_en_1919
7892,70.7487849434276,91.9586100871832,6,0,outer_ring
7893,72.9136753973174,85.83816297331276,9020,5,text_en_1919
7894,73.45792164681308,84.86203673429281,9297,5,text_en_1919
7895,74.52908161801145,81.84115189897655,4647,2,octagram
7896,76.54895234385282,76.09837679958024,4593,2,octagram
7897,78.69236581369199,69.82931541436311,4535,2,octagram
7898,79.61150304581568,68.20930259825357,9654,5,text_en_1919
7899,80.74297412579266,65.24550732184487,9707,5,text_en_1919
7900,83.29727335769533,56.41500977219373,4421,2,octagram
7901,84.03113872293947,54.709406655449065,3298,1,inner_ring
7902,85.77736139541668,50.75352840331918,9883,5,text_en_1919
7903,88.13691286143373,46.54739302395488,10037,5,text_en_1919
7904,91.22007852899765,41.82730509193056,10401,5,text_en_1919
7905,93.13933197653706,40.49890778218622,10298,5,text_en_1919
7906,95.4466806042948,37.33723991147532,10473,5,text_en_1919
7907,95.30791580206927,37.8075175714133,10265,5,text_en_1919
7908,56.823455317616734,41.16579067659878,6074,2,octagram
7909,58.84840837931563,38.83167872654543,8344,4,stroke_kai
7910,60.30382805590499,35.69436191013276,8324,4,stroke_kai
7911,63.954528759066655,26.14110829075749,6200,2,octagram
7912,64.50801361235767,24.35227669533429,6166,2,octagram
7913,64.49499207750087,24.9891197156642,6241,2,octagram
7914,72.06772457195336,22.851270249552563,6403,2,octagram
7915,68.80029003748471,22.31542759284974,6318,2,octagram
7916,67.39064146521918,21.417347114445224,6291,2,octagram
7917,66.46197799973322,20.71575932450193,6128,2,octagram
7918,63.86226036649767,19.16172492508101,4194,1,inner_ring
7919,60.70832184051786,18.80146816675725,2827,0,outer_ring
7920,57.3576269523519,18.07088961167695,11348,5,text_en_1919
7921,56.30763786365711,18.156109867069205,11180,5,text_en_1919
7922,51.16171976352507,17.784475423024652,2212,0,outer_ring
7923,50.35425680014692,17.614495149484057,11261,5,text_en_1919
7924,48.30210791765267,14.99540546214579,1796,0,outer_ring
7925,46.0815859505036,13.910436880152169,1589,0,outer_ring
7926,47.954765545641656,15.34854901348988,1720,0,outer_ring
7927,52.00869272064119,12.74520950717659,2327,0,outer_ring
7928,51.97287587613358,14.600778395999455,2329,0,outer_ring
7929,55.03578628597871,14.420250672452582,2539,0,outer_ring
7930,52.80363600035467,11.386831564140202,2388,0,outer_ring
7931,49.99495235644332,9.719239413488054,2135,0,outer_ring
7932,49.142860117067634,9.27968180549354,2016,0,outer_ring
7933,46.76307140544056,8.719083809132435,1685,0,outer_ring
7934,50.13649800613968,9.453826540398415,2150,0,outer_ring
7935,53.04749409472574,10.94340519238272,2421,0,outer_ring
7936,58.337175728426416,10.07880363555092,2660,0,outer_ring
7937,58.34323122923302,10.157742436611464,2662,0,outer_ring
7938,64.70473883208616,10.386027872718138,2880,0,outer_ring
7939,65.78478172426115,10.419431026574657,2916,0,outer_ring
7940,72.7896214064457,10.46669853485777,4248,1,inner_ring
7941,76.62927822821251,10.621088409785052,4331,1,inner_ring
7942,72.9017488099293,10.405453431266046,4251,1,inner_ring
7943,68.4763194465744,5.533333735067899,3040,0,outer_ring
7944,68.50231058233572,4.015285556145912,2990,0,outer_ring
7945,68.41575233155166,3.268075965514249,2941,0,outer_ring
7946,38.69299357802252,25.39526658830248,5776,2,octagram
7947,38.57827815025638,25.429980710600557,5769,2,octagram
7948,92.9927275284208,40.541789144202696,10369,5,text_en_1919
7949,51.22677056587288,96.37743245622454,527,0,outer_ring
7950,46.73863414430389,94.8920532859716,901,0,outer_ring
7951,45.200368375973696,94.09719976239958,984,0,outer_ring
7952,56.403885562453205,98.43762487882972,319,0,outer_ring
7953,48.72563642020274,95.43746911920678,751,0,outer_ring
7954,47.4976788393127,95.0965082077313,822,0,outer_ring
7955,41.66430088308451,90.02756584926439,1167,0,outer_ring
7956,41.612515677478754,89.9692953505873,1171,0,outer_ring
7957,37.29245119794641,82.94855110961791,1293,0,outer_ring
7958,38.04557662146973,84.30541952990427,1269,0,outer_ring
7959,30.208370546009327,75.64719566242921,9392,5,text_en_1919
7960,30.086703172811067,75.55412499272437,9394,5,text_en_1919
7961,24.07908966952069,68.75663943371458,9488,5,text_en_1919
7962,24.52670739235316,69.23104984179996,9616,5,text_en_1919
7963,22.131997249283963,63.27405066330977,9679,5,text_en_1919
7964,22.026284048425214,59.00876402556973,9853,5,text_en_1919
7965,23.58419935701676,52.556903684931456,10195,5,text_en_1919
7966,24.29262779002123,52.02235519396026,10185,5,text_en_1919
7967,31.19892555394944,50.92982871433075,5249,2,octagram
7968,29.908540011277797,50.95138683910522,3760,1,inner_ring
7969,36.56694522328247,50.034564097560256,5354,2,octagram
7970,42.90084130917816,52.435780985268174,6826,3,stroke_nan
7971,45.24947116174652,53.6601787781452,6650,3,stroke_nan
7972,44.45985096261593,53.20302317885916,6683,3,stroke_nan
7973,47.45228547102779,54.43086166923099,6656,3,stroke_nan
7974,51.72846061931087,55.60575437425087,4908,2,octagram
7975,57.1546098719225,55.57563663459746,7633,4,stroke_kai
7976,58.10982877688416,56.29519190496137,4717,2,octagram
7977,61.5149173066367,64.59232273196578,9209,5,text_en_1919
7978,61.55167367458485,65.12359082259903,9190,5,text_en_1919
7979,61.77352153816758,68.79285439852741,8738,5,text_en_1919
7980,58.1042765452278,56.23613962453136,4724,2,octagram
7981,54.56923769106989,49.21389869904309,4823,2,octagram
7982,53.65135606712716,47.719500148891285,7107,3,stroke_nan
7983,49.111241869326776,40.63437453776863,7552,3,stroke_nan
7984,50.17120818777151,43.13025351980532,7389,3,stroke_nan
7985,51.21632335780502,44.58725763646083,7277,3,stroke_nan
7986,44.60674085349701,35.166126141143764,5688,2,octagram
7987,44.42671784795156,35.32696640149823,5573,2,octagram
7988,41.68755286816295,32.24994518587588,5730,2,octagram
7989,33.57964348217312,31.05924016600361,5548,2,octagram
7990,33.56123536275856,31.235317704921613,7252,3,stroke_nan
7991,29.53716043128112,33.46657743249171,10623,5,text_en_1919
7992,34.150483340819804,42.54270310369168,5373,2,octagram
7993,37.16520851828947,47.14574573117327,7092,3,stroke_nan
7994,38.706367542048056,49.58357553639207,7058,3,stroke_nan
7995,29.46942793411256,35.29976325339618,10580,5,text_en_1919
7996,29.541065911033293,31.437669145881635,10714,5,text_en_1919
7997,29.562477477811463,31.10638911980171,10730,5,text_en_1919
7998,30.32979233005724,28.343915519129258,5497,2,octagram
7999,36.42242977747638,25.371290220199217,3990,1,inner_ring
8000,40.31839667869812,25.13317634666741,1531,0,outer_ring
8001,44.77289540662322,26.244921648516357,11204,5,text_en_1919
8002,48.78466600744695,30.32647022264309,5842,2,octagram
8003,48.968347895042285,30.724428746510284,5851,2,octagram
8004,53.03654319059109,36.56775174827003,5888,2,octagram
8005,54.22720614821497,38.562908406296486,4145,1,inner_ring
8006,56.38985864294244,40.56508948523622,6012,2,octagram
8007,55.59370240926409,41.135204300574046,8480,4,stroke_kai
8008,58.3894102557961,43.53574972144072,8139,4,stroke_kai
8009,60.342119951864106,44.96215010427405,8160,4,stroke_kai
8010,66.34230730215492,47.38137610784538,7930,4,stroke_kai
8011,66.13973944302028,47.24744363043986,7895,4,stroke_kai
8012,71.26580493661557,56.89428732776079,4451,2,octagram
8013,71.48713312252573,58.60358449191334,7866,4,stroke_kai
8014,71.86545064023801,62.99058375995181,7730,4,stroke_kai
8015,70.30940705955912,67.87567957968699,7622,4,stroke_kai
8016,47.956597295695744,79.54197262273001,3576,1,inner_ring
8017,48.05520980190906,83.44377145056572,973,0,outer_ring
8018,51.83052492696884,85.43284012043424,583,0,outer_ring
8019,53.60194625479271,85.64838198201102,493,0,outer_ring
8020,54.39067532983896,85.98034782112944,452,0,outer_ring
8021,55.721983570755945,86.26657532084408,396,0,outer_ring
8022,56.48971951068523,84.89135432193865,8836,5,text_en_1919
8023,52.1374868982326,79.30185261508879,9024,5,text_en_1919
8024,52.96364008827328,80.07236741532105,3529,1,inner_ring
8025,50.378230568737735,78.84955861632463,3556,1,inner_ring
8026,49.5849194014896,78.66787422435993,9272,5,text_en_1919
8027,30.26278000775639,60.92815453969477,6689,3,stroke_nan
8028,30.55200438384597,62.437994678638105,5070,2,octagram
8029,30.135248663449573,61.18512939352693,5130,2,octagram
8030,56.590110747235386,98.58346963781943,311,0,outer_ring
8031,63.80833356853296,98.49513573032922,138,0,outer_ring
8032,67.81922312148704,95.16568370364344,50,0,outer_ring
8033,66.40746511385402,96.6506015526495,93,0,outer_ring
8034,69.86841115350597,93.15858344384128,20,0,outer_ring
8035,73.8561486226837,84.16707943786756,9329,5,text_en_1919
8036,74.9513735933371,80.61561318911924,4627,2,octagram
8037,75.9506342717045,77.96418559474702,3388,1,inner_ring
8038,77.91224554155139,72.34320649342303,9534,5,text_en_1919
8039,78.35806418793368,70.75266213863212,4541,2,octagram
8040,80.70406146569628,64.6606541144441,4509,2,octagram
8041,82.97282760334689,57.98142344095811,9773,5,text_en_1919
8042,82.4627039219567,59.19622261626233,9797,5,text_en_1919
8043,84.27503056021405,54.26457968792608,9814,5,text_en_1919
8044,86.5394508401439,48.42500465270497,6534,2,octagram
8045,89.28515017973967,44.02762062108022,10076,5,text_en_1919
8046,91.03096625990308,42.02478091167292,10309,5,text_en_1919
8047,92.8501229417104,40.6476737745763,10368,5,text_en_1919
8048,95.26745186761916,37.56842299797713,10472,5,text_en_1919
8049,95.00021390024432,38.21081945997695,10258,5,text_en_1919
8050,56.77917927329665,41.82450451134607,8130,4,stroke_kai
8051,57.281375043758594,39.998730272266855,6055,2,octagram
8052,62.49901431662713,30.4761172513124,8420,4,stroke_kai
8053,63.499100949871455,27.795670940119518,8498,4,stroke_kai
8054,63.99112712696183,26.515068785205248,6240,2,octagram
8055,64.17469865115689,24.85915950733139,6178,2,octagram
8056,73.17041372351063,22.77959242699248,6349,2,octagram
8057,69.82177470325209,22.55823352942928,8207,4,stroke_kai
8058,68.71062840752933,22.145202378116,6309,2,octagram
8059,64.40418047464256,19.424661617434847,10866,5,text_en_1919
8060,64.13623018678715,19.2889555570544,6042,2,octagram
8061,60.67741666612205,18.64823584333793,2823,0,outer_ring
8062,60.58180390258931,18.84553129544106,10983,5,text_en_1919
8063,54.711665796425656,18.083237076098246,11302,5,text_en_1919
8064,51.2985462811384,17.806118981835624,2220,0,outer_ring
8065,51.04256615468838,17.768242729337924,2206,0,outer_ring
8066,48.26613816723653,15.00441764524126,1790,0,outer_ring
8067,46.82595422198601,14.182257990626098,1616,0,outer_ring
8068,49.84539473056277,14.62236524776425,2087,0,outer_ring
8069,51.400535719758295,13.904811426433348,2228,0,outer_ring
8070,54.45804333933173,14.38179301851563,2492,0,outer_ring
8071,56.73112764268884,12.2753357176829,2610,0,outer_ring
8072,51.72169515152162,13.271305105333624,2287,0,outer_ring
8073,49.70616999170223,10.023654950748297,2088,0,outer_ring
8074,49.79797497226808,9.269480110335351,2111,0,outer_ring
8075,46.44980873084845,6.422265872177121,1696,0,outer_ring
8076,49.0688369427571,10.523383425992648,1989,0,outer_ring
8077,52.95757523683883,9.741219660862114,2407,0,outer_ring
8078,56.312637590454194,10.057680568959206,2595,0,outer_ring
8079,60.9242021604213,10.436125486724464,2767,0,outer_ring
8080,65.75273165682229,10.53022892848572,11164,5,text_en_1919
8081,67.3202595686348,9.80271354775548,3033,0,outer_ring
8082,73.11199322713517,10.499939721658649,4266,1,inner_ring
8083,76.11005314659272,10.476124370402111,10805,5,text_en_1919
8084,72.73072807324249,10.454418138509505,4247,1,inner_ring
8085,68.32961528638134,7.132432147083264,3114,0,outer_ring
8086,68.46359215569339,3.4703047063778385,2960,0,outer_ring
8087,68.3129782047104,4.4594847725343385,2977,0,outer_ring
8088,38.04797407065696,25.460216571100776,4032,1,inner_ring
8089,40.47495495807036,25.222519627644598,11139,5,text_en_1919
8090,93.55638494305846,40.251244791934006,10177,5,text_en_1919
8091,49.150930453965984,95.69747526266184,706,0,outer_ring
8092,49.56536814737003,95.97236809138606,667,0,outer_ring
8093,45.49760248793791,94.3550467873288,965,0,outer_ring
8094,56.10466266981468,98.0680101230358,339,0,outer_ring
8095,50.49976568145638,96.08674981742956,598,0,outer_ring
8096,45.56559685099163,94.33134730083556,960,0,outer_ring
8097,41.48982989850538,89.72285740959248,1181,0,outer_ring
8098,39.33259901829148,86.67980683639585,1240,0,outer_ring
8099,39.63733187767624,86.68094025481703,8733,5,text_en_1919
8100,37.9116661960863,84.1751013864119,1275,0,outer_ring
8101,34.12191135601204,78.83291267089896,9248,5,text_en_1919
8102,26.972060989023312,72.46655574922974,3674,1,inner_ring
8103,25.34201010245855,70.69183640788131,9442,5,text_en_1919
8104,22.58815350972555,65.24775645198878,9590,5,text_en_1919
8105,22.24309775339237,63.29419701037605,9689,5,text_en_1919
8106,21.919318339323446,60.107608919845255,9742,5,text_en_1919
8107,22.278593101317487,56.52591563931395,9908,5,text_en_1919
8108,27.608835005039005,50.98650016089376,3797,1,inner_ring
8109,30.654676769036204,50.978373015093965,3747,1,inner_ring
8110,30.868620291427344,50.9850922551149,5226,2,octagram
8111,34.417884802360405,51.36664192308315,5201,2,octagram
8112,39.41081248015089,50.66425551722772,6861,3,stroke_nan
8113,41.96119557459947,52.09634797544615,7053,3,stroke_nan
8114,45.52862837750804,53.47570159620624,6891,3,stroke_nan
8115,51.67976925806078,55.49950220513296,6677,3,stroke_nan
8116,55.40473942191096,55.92099651109999,4815,2,octagram
8117,58.11162651676983,57.23315871546163,3476,1,inner_ring
8118,58.002014655573056,56.16987743946926,4727,2,octagram
8119,61.50682893244555,64.25418113922524,9265,5,text_en_1919
8120,61.55933908896867,65.54170438282448,9167,5,text_en_1919
8121,61.56950757268436,64.35834406064215,9289,5,text_en_1919
8122,58.32239497927252,56.619101407444006,4715,2,octagram
8123,53.7084901642685,47.74790319030116,7123,3,stroke_nan
8124,51.25326973369101,44.56420978648627,7278,3,stroke_nan
8125,46.88739169678836,37.47951779810846,5620,2,octagram
8126,49.13002534443865,40.62022673416239,7564,3,stroke_nan
8127,51.43356239210517,44.750259557797946,7237,3,stroke_nan
8128,43.7820954169865,33.963119245611054,5724,2,octagram
8129,44.82142937989206,35.56078290651939,5592,2,octagram
8130,41.02436653367656,31.885808537147756,5750,2,octagram
8131,32.93474191633103,31.484744188853067,5440,2,octagram
8132,33.5704900841431,31.21187504697504,7259,3,stroke_nan
8133,29.60716114280564,33.96094586368962,10618,5,text_en_1919
8134,31.36942543067202,38.82112086562199,5411,2,octagram
8135,37.779131573993325,48.484301686251015,7025,3,stroke_nan
8136,36.40831504948201,50.39920245934812,5338,2,octagram
8137,29.688409288770444,35.26637344723305,10578,5,text_en_1919
8138,31.184700611597183,31.89825225695023,5489,2,octagram
8139,30.7480929907786,27.86311803497464,5509,2,octagram
8140,34.77138909430134,25.51898027501541,3981,1,inner_ring
8141,38.6921607400753,25.293228442063352,4048,1,inner_ring
8142,42.978185908696,25.374458384425687,11202,5,text_en_1919
8143,42.551006371203336,25.25778598108329,11257,5,text_en_1919
8144,44.84549249450773,26.43536431238797,10949,5,text_en_1919
8145,47.63861347299224,29.184554702598252,5805,2,octagram
8146,53.34847757198803,37.053523858569406,5915,2,octagram
8147,52.39173816561755,35.85742587413361,4105,1,inner_ring
8148,55.464612525856616,41.0076833993677,8508,4,stroke_kai
8149,56.75228239280806,41.07542751368936,6064,2,octagram
8150,61.876126330406734,45.72611292567629,8074,4,stroke_kai
8151,63.476184696788366,46.3785642780543,6458,2,octagram
8152,67.34952297087737,47.64030330949671,6472,2,octagram
8153,63.3973395303359,46.18342821221874,6444,2,octagram
8154,71.26511185939036,57.26363855609919,4471,2,octagram
8155,71.91362578201449,62.33949737802157,7763,4,stroke_kai
8156,71.84189892419963,63.23322758796922,7715,4,stroke_kai
8157,64.95637620602648,69.56850202282494,7643,4,stroke_kai
8158,47.17445104493627,79.38317819948634,3598,1,inner_ring
8159,48.482928074406615,84.494310103588,934,0,outer_ring
8160,49.52765713706989,85.08268265300501,801,0,outer_ring
8161,54.622939278240665,85.87886716729832,8637,5,text_en_1919
8162,55.85932734027408,86.35563615780106,384,0,outer_ring
8163,56.5891724341292,85.45429274365978,8703,5,text_en_1919
8164,55.78920922518495,84.62852510178305,8892,5,text_en_1919
8165,52.59509229333735,79.94078249558093,3538,1,inner_ring
8166,52.86284431613159,80.0630584733205,3533,1,inner_ring
8167,49.07341545325845,78.39330608893607,4881,2,octagram
8168,47.19084813327518,79.2867600206469,4961,2,octagram
8169,30.3395892969339,61.312754284517936,5119,2,octagram
8170,29.93901336385523,62.18054318441267,5124,2,octagram
8171,30.43414188555486,62.45726385079311,5076,2,octagram
8172,57.137270904295846,98.89756760881004,289,0,outer_ring
8173,63.69634365535596,98.72135767000084,148,0,outer_ring
8174,67.20709234134661,95.88904558497704,70,0,outer_ring
8175,67.29128418449352,95.671757407056,66,0,outer_ring
8176,69.647563137725,93.15471713168937,24,0,outer_ring
8177,73.08857630328133,85.35077616386059,3429,1,inner_ring
8178,73.43346381245634,84.7069655938627,3422,1,inner_ring
8179,76.23892508071387,77.41877304172587,3383,1,inner_ring
8180,77.45975325225214,73.46024725959565,3363,1,inner_ring
8181,77.18664989367437,74.49049820419566,9538,5,text_en_1919
8182,79.27333721499491,68.90411660468341,9637,5,text_en_1919
8183,82.99631789286732,57.67363694727206,9848,5,text_en_1919
8184,82.59851051600246,58.99967148435875,9753,5,text_en_1919
8185,85.29643052385194,52.199505537101615,9810,5,text_en_1919
8186,85.93984308350767,50.24836325643611,9903,5,text_en_1919
8187,89.41186128375509,43.93443856750213,10025,5,text_en_1919
8188,91.42486704299856,41.69219033779899,10439,5,text_en_1919
8189,92.03883837867184,41.26683592922021,10421,5,text_en_1919
8190,95.15896874731716,37.84820445035324,10357,5,text_en_1919
8191,97.09422871850232,35.42138466477116,10687,5,text_en_1919
8192,56.81153261003102,41.01704369680277,6063,2,octagram
8193,58.39181350526045,38.95857542137857,8332,4,stroke_kai
8194,60.36925145648239,35.38425691877387,8326,4,stroke_kai
8195,62.022724707541634,31.62629771577093,8320,4,stroke_kai
8196,63.44697700781451,28.15319245111282,8471,4,stroke_kai
8197,64.3921104975277,24.685805910507806,6210,2,octagram
8198,71.78611306459521,22.36412188287797,6370,2,octagram
8199,73.96813495853104,22.90140504597162,4400,1,inner_ring
8200,67.55750464377525,21.430684769430272,6301,2,octagram
8201,67.54238481203089,21.367680515842512,6299,2,octagram
8202,64.79397552448823,19.62088065062936,4202,1,inner_ring
8203,59.66027487115564,18.306429213902444,2760,0,outer_ring
8204,57.259707942387095,18.16257145466402,11287,5,text_en_1919
8205,57.28741801237644,18.113564965460952,11310,5,text_en_1919
8206,50.28217597714347,17.550472567814325,11241,5,text_en_1919
8207,51.80896411363233,17.987073093776996,2323,0,outer_ring
8208,47.88561830630501,15.140913956203512,1710,0,outer_ring
8209,45.51230250280842,14.155494969147751,1561,0,outer_ring
8210,47.85994594515815,15.255298679193244,1692,0,outer_ring
8211,51.39316804221588,14.229823701938408,2227,0,outer_ring
8212,52.33769715578698,14.73402990034107,2354,0,outer_ring
8213,55.26499046032242,14.30788791619365,2558,0,outer_ring
8214,52.72662576073315,11.699949566615288,2380,0,outer_ring
8215,49.911000652430495,9.82468866934508,2125,0,outer_ring
8216,48.07294327643741,10.414802471678255,1875,0,outer_ring
8217,48.59292449366897,7.795490962470666,1956,0,outer_ring
8218,47.694189824286674,9.394924275887938,1836,0,outer_ring
8219,52.39159732710228,9.784270433206949,2345,0,outer_ring
8220,59.2513726047331,10.300157333959312,2713,0,outer_ring
8221,63.39174482635202,10.38236289910737,2866,0,outer_ring
8222,65.27450230205962,10.383626577828863,2895,0,outer_ring
8223,67.72808967978638,9.150434091829103,3141,0,outer_ring
8224,70.23391235671198,9.74339781216299,6099,2,octagram
8225,77.32577995361153,10.366980627643784,4354,1,inner_ring
8226,75.64293804703097,10.386880917121772,10835,5,text_en_1919
8227,68.43994101101396,6.038922875550917,3061,0,outer_ring
8228,68.50241529141292,4.289146497380486,2998,0,outer_ring
8229,68.54735188692618,4.034893838280347,2993,0,outer_ring
8230,38.58850899861278,25.23097798549516,5772,2,octagram
8231,39.06689007440124,25.401551856393787,1475,0,outer_ring
8232,91.36990116770568,41.61416730851447,10456,5,text_en_1919
8233,49.343830434213366,95.87309522937956,690,0,outer_ring
8234,49.54230643159167,95.80259379027656,671,0,outer_ring
8235,43.720423751770056,92.84684491664888,1066,0,outer_ring
8236,53.51536673069012,96.71854232480442,461,0,outer_ring
8237,50.26352617365104,96.1539477598736,621,0,outer_ring
8238,47.21423307178679,95.14865611758552,850,0,outer_ring
8239,41.07027535251158,89.10803258408478,1199,0,outer_ring
8240,42.23717839896142,90.78236929630896,1138,0,outer_ring
8241,39.69047991213585,86.79658919451794,8723,5,text_en_1919
8242,33.96025964938143,78.43500337502769,4995,2,octagram
8243,30.222369590228304,75.46802015658986,3650,1,inner_ring
8244,28.32748797928135,73.9900003659621,3655,1,inner_ring
8245,26.88304482718331,72.65803063640342,9463,5,text_en_1919
8246,24.23868229821663,68.99234932811004,9500,5,text_en_1919
8247,21.966214693074875,58.12187757125344,9913,5,text_en_1919
8248,22.474795467458087,55.4051172339944,9950,5,text_en_1919
8249,24.175811848008813,52.03351313200203,10197,5,text_en_1919
8250,24.62544676918138,51.67656819522206,10232,5,text_en_1919
8251,28.435464727969524,51.16781465341394,3766,1,inner_ring
8252,33.03336393867152,50.99345847325976,5270,2,octagram
8253,33.86851853904196,51.20029923857279,5207,2,octagram
8254,38.9605258037747,50.20225985971239,6883,3,stroke_nan
8255,42.100130995614286,52.13001007733383,7061,3,stroke_nan
8256,49.43980449584101,55.22886694999502,5013,2,octagram
8257,48.90397367751065,54.81429564833377,5039,2,octagram
8258,51.11456489399819,55.4042418203709,6590,3,stroke_nan
8259,57.88973326286269,57.066358392579446,3484,1,inner_ring
8260,58.41628849199044,56.76037224797547,4674,2,octagram
8261,61.59668581402625,65.42001373700734,9178,5,text_en_1919
8262,61.82474259044963,67.86970396666585,8885,5,text_en_1919
8263,61.89586392317985,68.59278383533146,8739,5,text_en_1919
8264,58.75827905755442,57.28852363686451,4677,2,octagram
8265,54.49901562946849,49.2222794637189,4831,2,octagram
8266,53.828468538341625,48.25414044757428,6975,3,stroke_nan
8267,46.43764782643189,36.934184524231966,5673,2,octagram
8268,48.93028174434291,40.334628610819216,7562,3,stroke_nan
8269,49.98754562220027,42.77065582658942,7444,3,stroke_nan
8270,44.50180423163684,35.1076175661826,5687,2,octagram
8271,44.29937012643787,34.69006433424342,5704,2,octagram
8272,37.33213460760313,30.77918167430609,3929,1,inner_ring
8273,33.92303112183294,30.85247669040756,7341,3,stroke_nan
8274,33.0759459229521,31.48772702607204,5433,2,octagram
8275,29.6502993788178,34.197814161368555,10594,5,text_en_1919
8276,30.333971505861456,37.50731084921519,3828,1,inner_ring
8277,36.73518921428604,46.32365511678699,7120,3,stroke_nan
8278,37.17789310486463,49.795102966451,6926,3,stroke_nan
8279,29.63095623903545,36.25000750663773,10527,5,text_en_1919
8280,31.858298036257448,31.918220417959983,5458,2,octagram
8281,31.120162497105124,27.153108336909245,3912,1,inner_ring
8282,33.2177632623269,26.089966719329272,10830,5,text_en_1919
8283,36.320363321463006,25.04908607709704,1445,0,outer_ring
8284,40.11304056094785,25.126013017904747,1520,0,outer_ring
8285,43.472282929140334,25.505973349295257,11185,5,text_en_1919
8286,46.21869788676432,27.487280034700152,10978,5,text_en_1919
8287,49.91081420774608,31.812078762257983,5868,2,octagram
8288,50.70825578918184,33.31417002574662,7503,3,stroke_nan
8289,53.06973719481437,36.84813297298845,5897,2,octagram
8290,55.92469290304832,40.572661051712544,5958,2,octagram
8291,56.63251571824449,40.836525545068426,6016,2,octagram
8292,60.29713326939006,44.88511966048007,8232,4,stroke_kai
8293,60.51413581579176,44.91179718673081,8215,4,stroke_kai
8294,66.26994022160915,47.27687643838895,7931,4,stroke_kai
8295,67.15823714737313,47.66393720858063,7821,4,stroke_kai
8296,71.23574706805519,57.08863398641747,4465,2,octagram
8297,71.71827979550575,63.382779194081664,7722,4,stroke_kai
8298,71.79513029702599,63.61369724360314,7699,4,stroke_kai
8299,70.70939917924701,67.47104434330919,4555,2,octagram
8300,47.61437385302075,78.26946771733289,4937,2,octagram
8301,47.85768573337777,82.90319150014908,994,0,outer_ring
8302,49.46807987057208,85.10832885575465,811,0,outer_ring
8303,51.665600376465896,85.58428287513485,600,0,outer_ring
8304,54.131921508569626,85.7602202189162,466,0,outer_ring
8305,56.40347316541967,84.28404258223117,8950,5,text_en_1919
8306,55.74919572924444,84.93736294903125,8834,5,text_en_1919
8307,53.41852463758008,80.53741184213797,9205,5,text_en_1919
8308,50.59938244491531,78.98687571138785,8902,5,text_en_1919
8309,49.11367095199735,78.39603706424298,4880,2,octagram
8310,49.48794073456908,78.76406046023985,9203,5,text_en_1919
8311,29.555372071267016,61.21478718632051,5141,2,octagram
8312,30.47035174073071,62.47760462238964,5067,2,octagram
8313,30.540891760456805,61.50167165809531,6614,3,stroke_nan
8314,56.53951090715279,98.73360059885108,312,0,outer_ring
8315,60.393453840927386,99.56285089865334,220,0,outer_ring
8316,63.71874247729917,98.6208909388044,145,0,outer_ring
8317,69.2390387624373,93.8183919355374,35,0,outer_ring
8318,69.76110329135226,92.96228260217772,8652,5,text_en_1919
8319,73.6486884628621,84.23865509724027,3420,1,inner_ring
8320,74.75758935899485,80.67665737602219,4631,2,octagram
8321,76.26544040994969,76.97803477729951,4598,2,octagram
8322,76.36640341323285,76.72946451783565,4599,2,octagram
8323,77.76270083266657,72.42513404751406,3354,1,inner_ring
8324,81.37107188980418,62.679753164081696,3320,1,inner_ring
8325,81.44786785673297,62.28141324079776,3317,1,inner_ring
8326,84.62643267545414,53.14407042613003,6554,2,octagram
8327,84.00341299207837,54.664494261110505,6574,2,octagram
8328,87.89089162053918,46.72583910845008,9927,5,text_en_1919
8329,88.05861383717343,46.46457398097343,10073,5,text_en_1919
8330,90.8042214203823,42.25145088831826,10164,5,text_en_1919
8331,93.29992523846906,40.5578801343834,10176,5,text_en_1919
8332,95.38120914979496,37.54612312006625,10413,5,text_en_1919
8333,96.82345910268808,35.90367348582532,10485,5,text_en_1919
8334,56.6614927153249,41.82246543226068,8327,4,stroke_kai
8335,58.35726961737577,39.36684752911656,8258,4,stroke_kai
8336,59.97643028346471,36.610986806120415,8318,4,stroke_kai
8337,62.06900265603109,31.38706633892836,8393,4,stroke_kai
8338,63.41774133488666,28.241451188751657,8446,4,stroke_kai
8339,64.34212028266403,24.56352483935058,6169,2,octagram
8340,72.21806549330441,22.81564079521153,6392,2,octagram
8341,72.6962016268492,22.7941347729094,6367,2,octagram
8342,70.77770584639948,22.599106321283276,6410,2,octagram
8343,65.55998390222423,19.86450318957525,4216,1,inner_ring
8344,62.12647290164849,18.792320917259836,11067,5,text_en_1919
8345,62.06467587650953,18.97464496462507,4173,1,inner_ring
8346,56.03300876513533,18.024385330897427,11325,5,text_en_1919
8347,56.42154440081316,18.206222994470597,11066,5,text_en_1919
8348,50.39069412702863,17.70397833752785,11118,5,text_en_1919
8349,51.69364061728432,18.004173496944354,11109,5,text_en_1919
8350,48.12353751820034,15.12168628716897,1755,0,outer_ring
8351,46.01820572051675,14.415192846142451,1583,0,outer_ring
8352,47.758011157301794,15.509815742521234,1652,0,outer_ring
8353,49.97807639830592,14.601522229616712,2123,0,outer_ring
8354,54.71727986844198,14.463084443197438,2517,0,outer_ring
8355,54.9601227538896,14.377367182940723,2531,0,outer_ring
8356,53.24918389083904,10.78101788362386,2438,0,outer_ring
8357,48.19968475451323,10.327518056980132,1895,0,outer_ring
8358,47.46928268844678,9.723337448579535,1766,0,outer_ring
8359,46.43241673136862,7.017593214311866,1677,0,outer_ring
8360,49.95853854730095,9.357439764954677,2132,0,outer_ring
8361,52.03931162749497,9.523150286659664,2321,0,outer_ring
8362,55.254670611402055,10.026434560641556,2527,0,outer_ring
8363,58.30304071419049,10.124666016058969,2658,0,outer_ring
8364,64.87564426472858,10.466385350538353,2886,0,outer_ring
8365,66.10234103160096,10.461841847911032,11158,5,text_en_1919
8366,69.12166158542541,9.15821988984608,3201,0,outer_ring
8367,77.27489295455409,10.494856810598884,4361,1,inner_ring
8368,75.87324228587205,10.352694451182586,10853,5,text_en_1919
8369,68.53906469211819,6.493803265260375,3117,0,outer_ring
8370,68.48218947432693,6.2174619873017605,3084,0,outer_ring
8371,68.15705634619505,6.82977061748803,3045,0,outer_ring
8372,36.0656893299569,25.10108890492875,1430,0,outer_ring
8373,38.96717408266517,25.354516365468186,4056,1,inner_ring
8374,92.92057629719784,40.64751063033925,10350,5,text_en_1919
8375,48.46184358216326,95.40115577906278,775,0,outer_ring
8376,46.45365783299933,94.84976639172208,919,0,outer_ring
8377,43.3128304008575,92.14347609884967,1104,0,outer_ring
8378,53.5814478095226,96.8606704734259,458,0,outer_ring
8379,50.98933624579059,96.18552513568706,550,0,outer_ring
8380,44.67886069996993,93.61101824395048,1037,0,outer_ring
8381,41.35400957102253,89.50794210435092,1189,0,outer_ring
8382,39.72013736706654,87.06605909337452,1233,0,outer_ring
8383,37.251316421499375,82.89029351074132,1295,0,outer_ring
8384,37.89333473896699,83.70781244907923,8890,5,text_en_1919
8385,30.54096748234142,75.81954033901545,3646,1,inner_ring
8386,31.660024677560557,76.75263799117732,9410,5,text_en_1919
8387,27.89841004828918,73.61673748046223,3658,1,inner_ring
8388,22.59078667927653,65.65286891217335,9537,5,text_en_1919
8389,21.944421159410663,60.200547459185024,9731,5,text_en_1919
8390,21.978587492729154,58.62992247178197,9899,5,text_en_1919
8391,23.95409421676115,52.30416556005222,10165,5,text_en_1919
8392,24.27786291947973,51.96271366195898,10211,5,text_en_1919
8393,27.5242297034792,51.08110820240607,3790,1,inner_ring
8394,33.236996392826214,51.16679822308412,5220,2,octagram
8395,33.150305946124334,51.04299134685136,5267,2,octagram
8396,42.28266054004399,52.269174060913286,6968,3,stroke_nan
8397,40.84037345622664,51.684699582393264,6885,3,stroke_nan
8398,49.172656265745935,55.04015665369343,5026,2,octagram
8399,51.82821758854524,55.58078050205352,6671,3,stroke_nan
8400,52.344492075214006,55.69689601525129,6619,3,stroke_nan
8401,57.95377090237072,57.1311319249165,3483,1,inner_ring
8402,58.85351135398943,57.54717696456972,4685,2,octagram
8403,60.629190111951885,60.68885976115271,7857,4,stroke_kai
8404,61.63768522353456,63.40571363503876,9361,5,text_en_1919
8405,61.77713798575133,67.2185473438026,9049,5,text_en_1919
8406,57.15791697642866,55.60731712452186,7580,4,stroke_kai
8407,56.43532746114921,53.10421501058818,7696,4,stroke_kai
8408,54.47326901562792,48.994039978142766,4826,2,octagram
8409,49.26206283825506,41.23079647232672,7517,3,stroke_nan
8410,48.5427725703486,38.78938390286794,7395,3,stroke_nan
8411,51.51009377165227,44.60614126135916,7316,3,stroke_nan
8412,44.78339263186464,35.62042184182992,5589,2,octagram
8413,43.86968032375995,34.065590971788765,5719,2,octagram
8414,36.51297741554058,30.68804198345977,7254,3,stroke_nan
8415,33.930963215652866,30.75268540260852,5557,2,octagram
8416,30.50333467360404,31.93883443141951,3891,1,inner_ring
8417,29.72335704743588,36.22441536655103,3846,1,inner_ring
8418,35.88069590852636,44.69862298751513,7161,3,stroke_nan
8419,35.82942985369178,44.710186793778334,7145,3,stroke_nan
8420,38.75729455586092,49.7170271213647,7012,3,stroke_nan
8421,29.51109390754484,33.134086797543496,10634,5,text_en_1919
8422,29.688278763655862,30.894050680723275,10732,5,text_en_1919
8423,30.38949632366869,28.140675674345296,3898,1,inner_ring
8424,31.396436951809434,27.182036630554546,5530,2,octagram
8425,36.30768541299622,25.122163206206004,1441,0,outer_ring
8426,41.51946910159259,25.200932868056597,11046,5,text_en_1919
8427,42.23707140701265,24.999767056061657,11344,5,text_en_1919
8428,45.555390585361394,27.061064523991465,10927,5,text_en_1919
8429,49.13704346234562,30.801838027794176,5863,2,octagram
8430,52.60818328932039,36.30563338858819,4116,1,inner_ring
8431,54.16393470036154,38.62718790587685,4143,1,inner_ring
8432,55.57740310147693,40.955399639859095,8549,4,stroke_kai
8433,56.732280893199714,41.13123669301204,6069,2,octagram
8434,58.76243671236168,43.711571717914495,8180,4,stroke_kai
8435,60.86783259380328,45.07358200898673,8201,4,stroke_kai
8436,63.635341074989526,46.42507006150874,8052,4,stroke_kai
8437,65.74284356965133,47.217578140904656,7912,4,stroke_kai
8438,71.44562595431948,59.34221011116283,7827,4,stroke_kai
8439,71.29153669475355,57.04989355052403,4455,2,octagram
8440,71.88130398745184,61.78458865734173,7783,4,stroke_kai
8441,64.91039393731697,69.31852550172613,7649,4,stroke_kai
8442,48.51961111465239,79.37624049782681,8666,5,text_en_1919
8443,49.45123131235655,85.23714572623555,809,0,outer_ring
8444,50.617338023330845,85.51538043351246,715,0,outer_ring
8445,52.2509905535522,85.48425546884901,515,0,outer_ring
8446,56.09223468294548,86.25759544865042,368,0,outer_ring
8447,55.98632664604588,86.30389040099686,376,0,outer_ring
8448,55.67130347728966,85.0118904968457,8823,5,text_en_1919
8449,51.73153973680215,79.15125550553546,3545,1,inner_ring
8450,50.29455202771462,78.8724069886195,9263,5,text_en_1919
8451,48.55590158695129,78.20193797215873,4905,2,octagram
8452,48.60868428249983,78.24700082215799,4899,2,octagram
8453,29.3719444281119,60.70923178737411,5176,2,octagram
8454,29.434204965415237,60.6730711973452,5167,2,octagram
8455,29.90115273213712,62.22390356372836,3696,1,inner_ring
8456,59.24038744108353,99.62284736671668,257,0,outer_ring
8457,62.88711119020434,98.94372028980165,173,0,outer_ring
8458,64.17374390986964,98.26459570329116,124,0,outer_ring
8459,67.93926348215747,95.25799911569598,47,0,outer_ring
8460,69.57967691792315,93.10733577534056,8651,5,text_en_1919
8461,73.35732600309072,84.86484142899238,9364,5,text_en_1919
8462,74.34446054442361,82.81861369606298,9383,5,text_en_1919
8463,76.5044828437589,76.91328499733235,9475,5,text_en_1919
8464,77.89902388797856,72.33479879102754,9635,5,text_en_1919
8465,77.53127458435694,73.27678599807112,3361,1,inner_ring
8466,79.02004104168964,69.60565012692734,9574,5,text_en_1919
8467,81.16849018277674,62.94780388435467,3326,1,inner_ring
8468,84.13534269737283,54.57322698529297,9882,5,text_en_1919
8469,84.48380803365541,53.78498868730057,9837,5,text_en_1919
8470,87.02738515574298,47.27504588022584,3270,1,inner_ring
8471,87.18229690930801,47.2330841211493,3268,1,inner_ring
8472,89.65540918319016,43.60778334835706,10021,5,text_en_1919
8473,94.91534046793114,38.47661964719168,10228,5,text_en_1919
8474,96.58839588419988,36.03688135705032,10487,5,text_en_1919
8475,98.02198765219322,34.34566027852617,10755,5,text_en_1919
8476,56.63868759208881,41.2117301956002,5993,2,octagram
8477,58.20649513777876,40.02929654717402,8246,4,stroke_kai
8478,60.05795720925978,35.80039522973476,8391,4,stroke_kai
8479,64.06147898699223,26.10484101610748,6226,2,octagram
8480,64.32727476459893,24.818381540306184,6196,2,octagram
8481,66.44077654718369,22.84142296157712,6260,2,octagram
8482,71.8880091646238,22.50592834752743,6375,2,octagram
8483,68.92017696914188,22.31959008860733,6315,2,octagram
8484,70.53075581918542,22.65883598433672,6435,2,octagram
8485,63.89219879668002,19.02717367803844,10900,5,text_en_1919
8486,62.41043703105264,18.886331472138885,11020,5,text_en_1919
8487,61.94934674808229,18.932523320863336,4168,1,inner_ring
8488,59.55966926349844,18.32951210778091,2752,0,outer_ring
8489,54.35916783514947,18.12774131669165,11218,5,text_en_1919
8490,50.71345265111214,17.539383071231203,2186,0,outer_ring
8491,48.54898097201372,16.424983420314856,1801,0,outer_ring
8492,47.93620940782798,16.178538870542614,1665,0,outer_ring
8493,47.503025258099385,14.257887613992068,1646,0,outer_ring
8494,49.89793725547944,14.563922341177635,2101,0,outer_ring
8495,51.4646810635444,14.039384879570784,2238,0,outer_ring
8496,55.20279050043749,14.294942522433772,2554,0,outer_ring
8497,56.90699134246819,12.070843602129798,2626,0,outer_ring
8498,53.23309091474917,10.95944681396233,2437,0,outer_ring
8499,47.9909204180212,10.15994792670223,1867,0,outer_ring
8500,48.1733123379861,10.33269186601985,1889,0,outer_ring
8501,49.73292229350442,8.741055173622264,2100,0,outer_ring
8502,49.55108309708872,9.225507527376344,2072,0,outer_ring
8503,53.47245551840851,10.453713195279924,2456,0,outer_ring
8504,59.68431150892958,10.332484371595555,2728,0,outer_ring
8505,58.781138669645074,10.209137720530428,2686,0,outer_ring
8506,64.79388506444849,10.462481979047176,2882,0,outer_ring
8507,67.62570499935914,9.525916195793144,3157,0,outer_ring
8508,72.47332309468001,10.384929376316856,4241,1,inner_ring
8509,75.90836868284202,10.53149460286513,4324,1,inner_ring
8510,74.66146688322723,10.406684318541906,4311,1,inner_ring
8511,67.52279980446778,9.786374631958296,11175,5,text_en_1919
8512,68.55307624603643,3.765733826145045,2989,0,outer_ring
8513,68.12076721706174,7.403846675946312,3077,0,outer_ring
8514,38.531851035631256,25.244939622973497,10885,5,text_en_1919
8515,39.778199861234086,25.30931539660022,1488,0,outer_ring
8516,91.40107451626152,41.771535550308194,10311,5,text_en_1919
8517,50.57060524956193,96.2112916539802,591,0,outer_ring
8518,49.58873214340039,96.01923599147612,664,0,outer_ring
8519,44.95112174391899,93.77777466310442,1022,0,outer_ring
8520,56.96434341718788,98.92530501609752,299,0,outer_ring
8521,50.71552827433775,96.1029342815461,578,0,outer_ring
8522,47.354227410999854,95.03445462773264,834,0,outer_ring
8523,43.64182380170157,92.63844053314088,1076,0,outer_ring
8524,41.945854289893376,90.32408986732892,1154,0,outer_ring
8525,38.06141852086557,84.0666903758181,1271,0,outer_ring
8526,36.7278555534036,82.03527849988824,1310,0,outer_ring
8527,30.389665464932783,75.99408622719166,1367,0,outer_ring
8528,31.946677183953778,77.13612096826049,1354,0,outer_ring
8529,24.2002469792078,68.79543631350907,9593,5,text_en_1919
8530,22.466893497853484,65.08071581355112,9565,5,text_en_1919
8531,22.185263032914698,63.09379570412624,9692,5,text_en_1919
8532,22.724027925839163,54.14982160722696,10012,5,text_en_1919
8533,25.089983147165203,51.38659563610153,10269,5,text_en_1919
8534,23.57583903514247,52.492372568795645,10250,5,text_en_1919
8535,32.03116685088443,51.00478459076917,5260,2,octagram
8536,34.3877272101938,51.34147266346099,5200,2,octagram
8537,36.69510450913663,50.19070616131616,5347,2,octagram
8538,39.71217015384601,50.99987392204916,6792,3,stroke_nan
8539,42.807362444556745,52.57866007620321,6744,3,stroke_nan
8540,49.41215762820613,54.92315272929342,5030,2,octagram
8541,48.46769299828168,54.75191420117935,6930,3,stroke_nan
8542,52.38176749655752,55.71848740806965,6618,3,stroke_nan
8543,58.39604022439706,57.27466339413623,4704,2,octagram
8544,57.79785821020362,55.83507404630407,4738,2,octagram
8545,61.49968672946885,65.35105774869312,9155,5,text_en_1919
8546,61.78139649445223,67.87980888482645,8884,5,text_en_1919
8547,61.63972170921237,67.87008352226803,8883,5,text_en_1919
8548,58.25072251747227,56.358408805288775,4660,2,octagram
8549,55.49740340314678,51.11998239290392,7797,4,stroke_kai
8550,52.99737604294856,46.81457345711917,7083,3,stroke_nan
8551,48.699590777742735,39.85851045425133,5634,2,octagram
8552,48.73474913661786,40.254231038542926,5629,2,octagram
8553,52.23196754800485,45.41471114659336,7179,3,stroke_nan
8554,47.35346980185079,37.60575863677676,7442,3,stroke_nan
8555,44.41041079929946,34.95519268790755,5696,2,octagram
8556,40.44142123628441,31.762654710992496,3982,1,inner_ring
8557,34.16515936872482,30.656357430824382,7351,3,stroke_nan
8558,31.33366993249734,32.11177222108103,5468,2,octagram
8559,29.499975183451674,36.1335996181732,10559,5,text_en_1919
8560,31.548252218265382,38.714762504400746,5412,2,octagram
8561,34.771605044384934,43.31206064073668,7172,3,stroke_nan
8562,38.49620103570858,49.721831093549305,6894,3,stroke_nan
8563,29.469975928930825,33.62390903020325,10622,5,text_en_1919
8564,31.49663041831798,32.08407645311681,5460,2,octagram
8565,29.62129085935368,30.767398467402906,10751,5,text_en_1919
8566,31.31261835156886,27.24152211091461,5525,2,octagram
8567,37.24596129001032,25.537226137553557,4020,1,inner_ring
8568,42.02279488507291,25.159266915618467,11222,5,text_en_1919
8569,45.22003719749301,26.54048582726421,11216,5,text_en_1919
8570,48.93010184605241,30.654964801979,5853,2,octagram
8571,49.88164937951361,31.914414336627168,5871,2,octagram
8572,52.87826578670697,36.36481060087097,4127,1,inner_ring
8573,53.14945151689928,36.83064342398207,5901,2,octagram
8574,55.49650308150466,40.959978172214186,8543,4,stroke_kai
8575,56.66900553299244,41.08805062084196,6007,2,octagram
8576,57.4482767000112,42.672480129048864,8110,4,stroke_kai
8577,61.4327380562701,45.49154039256348,8089,4,stroke_kai
8578,63.332469549215176,46.26444088372218,6453,2,octagram
8579,64.06102356436497,46.59872771852076,8006,4,stroke_kai
8580,71.29014003428045,57.71016880302541,4481,2,octagram
8581,71.33619957783375,57.233358060318864,4459,2,octagram
8582,70.35848940550639,67.8584071404723,7621,4,stroke_kai
8583,63.804793251576925,69.4013545512619,9133,5,text_en_1919
8584,47.75230955151872,78.33699555036996,4931,2,octagram
8585,48.97389763915008,84.72469552323494,898,0,outer_ring
8586,49.31826805114679,85.03484127535282,831,0,outer_ring
8587,53.78720079413166,85.75946355733208,486,0,outer_ring
8588,54.81361664963999,86.01198794893173,423,0,outer_ring
8589,56.60825101403651,85.25816947615417,8817,5,text_en_1919
8590,55.65852794199868,85.19097262459472,8756,5,text_en_1919
8591,52.52563759287497,80.01892090990626,3540,1,inner_ring
8592,51.64642815438293,79.38132337454263,8745,5,text_en_1919
8593,50.59988657096745,78.98688278315907,8958,5,text_en_1919
8594,48.93121044734593,78.1731399312366,6617,3,stroke_nan
8595,29.882781040978884,60.48839479876333,6751,3,stroke_nan
8596,29.53510836443414,61.29253511498468,5135,2,octagram
8597,30.249809579054126,61.09589630529817,6652,3,stroke_nan
8598,59.42135036251657,99.68628368360773,251,0,outer_ring
8599,62.57615755156313,99.1000842707724,187,0,outer_ring
8600,64.2762954859171,98.26472586667322,120,0,outer_ring
8601,66.33348819678845,96.7501166598395,95,0,outer_ring
8602,70.34419948224249,92.25090413797108,12,0,outer_ring
8603,71.33202226665661,90.31308690578513,8753,5,text_en_1919
8604,73.78737600899524,84.13353539122917,9380,5,text_en_1919
8605,74.47323493872887,81.98239269092701,4646,2,octagram
8606,75.99770206695297,78.14309766447879,9468,5,text_en_1919
8607,77.3693319727336,74.04353469908362,9540,5,text_en_1919
8608,80.94550800977441,63.900264414863045,4494,2,octagram
8609,82.65625882521839,58.63256944882016,3307,1,inner_ring
8610,82.82312926291554,58.08379353293385,4433,2,octagram
8611,84.82823480403356,53.10091159797004,9851,5,text_en_1919
8612,87.9623462281213,46.50735499658281,10092,5,text_en_1919
8613,87.05063307630577,47.38069013278708,3276,1,inner_ring
8614,90.33368983018258,42.429768321853885,10089,5,text_en_1919
8615,93.42092868962004,40.19304727905147,10353,5,text_en_1919
8616,95.03496370231802,38.13876825615255,10264,5,text_en_1919
8617,96.9749774922292,35.84882867793445,10486,5,text_en_1919
8618,56.7561289811086,41.24110670643475,6078,2,octagram
8619,58.33077986023025,39.8302211196313,8238,4,stroke_kai
8620,60.53755291675691,34.748323470330654,8396,4,stroke_kai
8621,61.46379833034671,32.54578492451519,8360,4,stroke_kai
8622,63.46308371403835,28.37301470250836,8443,4,stroke_kai
8623,65.81520218443117,23.283834810054092,6250,2,octagram
8624,73.49663556554472,22.74503084534247,4375,1,inner_ring
8625,69.65920882660285,22.374700420501085,8260,4,stroke_kai
8626,66.40625781426512,20.46116872864208,6117,2,octagram
8627,67.27317401634613,21.12819571109857,6283,2,octagram
8628,63.94132576591514,19.240062305555767,6037,2,octagram
8629,62.60021078231202,18.96372497782651,4188,1,inner_ring
8630,59.60880679245406,18.36037685781905,2755,0,outer_ring
8631,57.5316748252463,17.88107373902975,2668,0,outer_ring
8632,51.06076053266459,17.859575847772152,11119,5,text_en_1919
8633,50.18771499864418,17.566313917647452,11206,5,text_en_1919
8634,48.486824329220966,14.95225002961601,1813,0,outer_ring
8635,45.645517276268905,14.113025356457598,1566,0,outer_ring
8636,50.35636564670769,14.77042458580152,2163,0,outer_ring
8637,49.227321240766216,14.703653400518943,1977,0,outer_ring
8638,55.06817884341061,14.49821119594312,2544,0,outer_ring
8639,56.91288419699077,12.153276722179818,2629,0,outer_ring
8640,52.70771136233484,11.58886849125502,2377,0,outer_ring
8641,49.20297574978468,10.389847137131357,2019,0,outer_ring
8642,49.08256211831055,9.40268463966504,2003,0,outer_ring
8643,48.38729325746163,7.579508534769609,1934,0,outer_ring
8644,48.65001910756616,9.459850667111963,1948,0,outer_ring
8645,53.26267824748579,10.710067543031457,2440,0,outer_ring
8646,58.21688445557118,10.185479553757048,2654,0,outer_ring
8647,58.480318996664245,10.123131806508257,2669,0,outer_ring
8648,65.81105384665337,10.39698758124834,2917,0,outer_ring
8649,65.57150675211854,10.466773413767925,2903,0,outer_ring
8650,72.96989461795567,10.380228637292356,4254,1,inner_ring
8651,77.71019868364867,10.546931567709876,10675,5,text_en_1919
8652,77.33404148755886,10.45381045587292,4360,1,inner_ring
8653,68.62039194648776,6.431204122075016,3130,0,outer_ring
8654,68.4662934822743,6.547513607689382,3104,0,outer_ring
8655,68.36468982548786,3.851358331395964,2956,0,outer_ring
8656,37.19593886761169,25.594609670194327,4018,1,inner_ring
8657,40.07892787507189,25.134038214183278,1514,0,outer_ring
8658,90.27422099133312,42.41970671960669,10078,5,text_en_1919
8659,48.66114170860229,95.4799930001962,754,0,outer_ring
8660,47.06440530403525,94.9200776614054,869,0,outer_ring
8661,43.77529148034903,92.62761379365868,1067,0,outer_ring
8662,53.96231854365685,97.00914102222566,439,0,outer_ring
8663,49.643058145421975,95.8549305632042,660,0,outer_ring
8664,47.08630233945079,95.22738069160305,863,0,outer_ring
8665,42.02874918554262,90.37691806539571,1148,0,outer_ring
8666,41.93989200479258,90.33985003689806,1155,0,outer_ring
8667,37.33126621763928,82.84837789313097,8984,5,text_en_1919
8668,37.40043033006207,83.18802830614763,1288,0,outer_ring
8669,29.346367951893225,75.11936457182023,9301,5,text_en_1919
8670,27.924020151565287,73.73653872967628,9353,5,text_en_1919
8671,24.65971227786889,69.45676800937574,9605,5,text_en_1919
8672,23.975146941059016,68.36465467089748,9592,5,text_en_1919
8673,22.04346642100029,59.36709490886217,9829,5,text_en_1919
8674,21.996598339290443,60.155335655976,9746,5,text_en_1919
8675,24.367164790271502,51.93176496588652,10205,5,text_en_1919
8676,28.60204568967223,50.768583895956496,3822,1,inner_ring
8677,27.23980574750241,51.02005889306935,3798,1,inner_ring
8678,33.72506400836703,51.16618987806677,5280,2,octagram
8679,33.430648376490026,51.211367834456965,5215,2,octagram
8680,39.66010822831946,50.80673553301006,6836,3,stroke_nan
8681,43.40425098676377,52.76509920919113,6766,3,stroke_nan
8682,49.39368688678088,55.02573607165788,5019,2,octagram
8683,51.77596329857439,55.41840933904896,6727,3,stroke_nan
8684,56.176029613194125,56.04443442000938,4799,2,octagram
8685,57.244073707775335,55.43556415810977,7632,4,stroke_kai
8686,58.8660471445788,57.57839239030199,4688,2,octagram
8687,60.98796305737564,61.19616837212462,7779,4,stroke_kai
8688,61.491320117796135,63.952175357509255,9316,5,text_en_1919
8689,61.73939922804741,67.39633140939345,9004,5,text_en_1919
8690,58.02512589200448,55.91495429685829,4656,2,octagram
8691,56.55020195469072,53.10975249643069,7704,4,stroke_kai
8692,53.96840213000357,48.2402050068848,6945,3,stroke_nan
8693,49.20402605179197,41.54350911842097,7492,3,stroke_nan
8694,50.28868267439453,43.00016072654299,7435,3,stroke_nan
8695,49.97724096321589,42.9970369854319,7417,3,stroke_nan
8696,46.82668596899565,37.31069122651107,5666,2,octagram
8697,39.61052493511462,31.55539898385368,3954,1,inner_ring
8698,40.097738622035166,31.66490030958773,3969,1,inner_ring
8699,36.94085166709836,30.768271255494295,7242,3,stroke_nan
8700,33.12149549188835,31.521436457050427,5425,2,octagram
8701,29.601378963963285,33.945539336057465,10610,5,text_en_1919
8702,30.960724272852996,38.30766376138443,3823,1,inner_ring
8703,34.72733173176722,43.18643635457713,7182,3,stroke_nan
8704,37.11072196734723,49.914598028985154,6833,3,stroke_nan
8705,29.754775911195456,36.42662117713327,3836,1,inner_ring
8706,30.82861600852608,32.13766461729711,5485,2,octagram
8707,29.78274297817759,29.437328022736907,10786,5,text_en_1919
8708,31.067199531579497,27.596075033565075,5518,2,octagram
8709,36.82610116540039,25.415577098493305,4004,1,inner_ring
8710,39.94808600018376,25.0501793005213,1505,0,outer_ring
8711,45.4829823399252,26.9695251799621,10939,5,text_en_1919
8712,46.096798611725696,27.713008314046853,5799,2,octagram
8713,51.14014139555147,34.27472704390559,7455,3,stroke_nan
8714,52.499753520294135,36.10565547267795,4111,1,inner_ring
8715,54.06213433915756,38.23593170598148,4137,1,inner_ring
8716,56.15152518030589,41.45090287708384,8574,4,stroke_kai
8717,55.88771395736335,41.344737487203005,5960,2,octagram
8718,60.411074884185744,44.926407514512434,8217,4,stroke_kai
8719,60.99037565547437,45.393461756782834,8124,4,stroke_kai
8720,63.89348801137523,46.49680634368747,8031,4,stroke_kai
8721,66.18543194871575,47.278465712028,7951,4,stroke_kai
8722,71.49110772751644,58.87613054976804,7841,4,stroke_kai
8723,71.13154194186443,57.15139005850788,4477,2,octagram
8724,71.028456485905,66.45001713186286,7657,4,stroke_kai
8725,64.06339360162853,69.34166034401694,9148,5,text_en_1919
8726,47.443224963850255,79.88764257657988,9128,5,text_en_1919
8727,47.4281035830551,81.81071715258693,8914,5,text_en_1919
8728,48.71544168209896,84.54801556238239,923,0,outer_ring
8729,55.0793565767278,86.15083265857132,406,0,outer_ring
8730,56.1297419836632,86.26507317398406,367,0,outer_ring
8731,56.519981168257225,84.8175771007338,8861,5,text_en_1919
8732,56.50290565155582,85.55880225592063,8686,5,text_en_1919
8733,55.847601898076654,82.54406950348093,3502,1,inner_ring
8734,51.09048306401513,79.01911964092668,9080,5,text_en_1919
8735,48.96302536814475,78.39312225169829,3569,1,inner_ring
8736,47.33308651180707,78.76717091941974,4965,2,octagram
8737,30.740021111157976,62.19979556266162,5093,2,octagram
8738,29.57295298164389,60.80951674246754,5149,2,octagram
8739,30.541980886757557,62.34973530822943,5077,2,octagram
8740,59.301361443638754,99.7550372768658,254,0,outer_ring
8741,63.39713895105344,98.69051171530518,158,0,outer_ring
8742,64.51425048008657,98.297045648402,112,0,outer_ring
8743,69.28054308238711,93.56467341261006,8600,5,text_en_1919
8744,71.51908225966436,89.32778467858846,8854,5,text_en_1919
8745,72.87877786488579,85.63691531918957,9290,5,text_en_1919
8746,74.47238344588048,82.16317044913654,4649,2,octagram
8747,74.7752087466353,81.72847851912078,9399,5,text_en_1919
8748,75.64140874367607,78.52905238538126,4620,2,octagram
8749,78.38911397247387,70.8921931059567,9643,5,text_en_1919
8750,81.19394207060675,63.29331139252211,3328,1,inner_ring
8751,81.4653915122056,62.366630991141136,3319,1,inner_ring
8752,82.76515457491647,58.29108781598623,3306,1,inner_ring
8753,85.78740429439766,50.40858516868072,6546,2,octagram
8754,86.36109695209656,49.06168419095065,9965,5,text_en_1919
8755,89.22346419545477,44.29450341680076,10030,5,text_en_1919
8756,90.41489859501146,42.209372700405815,3229,1,inner_ring
8757,92.18018151457122,41.3463719430858,10285,5,text_en_1919
8758,97.33220621486696,35.268600630027294,10535,5,text_en_1919
8759,94.67489403170822,38.93507827092432,10215,5,text_en_1919
8760,56.69596920078104,41.79048714927761,8350,4,stroke_kai
8761,58.61561650047931,39.275483048753244,8275,4,stroke_kai
8762,60.07693867806088,35.952323071957096,8363,4,stroke_kai
8763,63.76410579594172,27.301341767923496,8522,4,stroke_kai
8764,64.17543404758831,24.781826655360074,6179,2,octagram
8765,64.34915833900162,24.51909287204014,6168,2,octagram
8766,69.78472626442338,22.19027950201099,8299,4,stroke_kai
8767,72.79688606505387,22.860369243425577,6365,2,octagram
8768,70.16734590897762,22.423122485796547,6431,2,octagram
8769,63.681236734971726,19.103505048994723,6039,2,octagram
8770,63.94981992050164,19.245561720795507,4195,1,inner_ring
8771,62.52466003753273,19.015141822628816,6029,2,octagram
8772,59.61673047695445,18.362944687020494,2756,0,outer_ring
8773,57.01019528362291,18.103138410837104,11315,5,text_en_1919
8774,50.75999374341053,17.660436163232045,2190,0,outer_ring
8775,49.1952519724388,16.852515303271748,1954,0,outer_ring
8776,48.04281986602652,16.141524608409537,1711,0,outer_ring
8777,47.88134168577249,14.462291418071452,1729,0,outer_ring
8778,47.66312059254095,15.58620269669121,1637,0,outer_ring
8779,51.678977119438414,13.766691527216736,2276,0,outer_ring
8780,53.117601855576936,14.66850624853418,2448,0,outer_ring
8781,54.61891819319441,14.631642689149622,2512,0,outer_ring
8782,51.47477483642466,13.922388514169192,2241,0,outer_ring
8783,48.05917165521982,10.052687850870868,1877,0,outer_ring
8784,47.77387034282174,9.993105833313273,1838,0,outer_ring
8785,47.16346590549455,6.709159697848726,1816,0,outer_ring
8786,49.7504396363712,9.418046278848614,2099,0,outer_ring
8787,53.05479558685008,11.109901600443258,2423,0,outer_ring
8788,58.5922235339498,10.219017347528926,2678,0,outer_ring
8789,63.50761466462498,10.452017729643138,2871,0,outer_ring
8790,63.55956206063485,10.415481386187295,2874,0,outer_ring
8791,66.06852830105863,10.425054158834662,2927,0,outer_ring
8792,73.38218705438092,10.507979288507578,4272,1,inner_ring
8793,77.71876292427221,10.382401522938892,10695,5,text_en_1919
8794,76.29796484906241,10.418846989479704,10826,5,text_en_1919
8795,67.894071662624,8.864464687162169,3162,0,outer_ring
8796,68.5495514861329,4.368420880477373,3010,0,outer_ring
8797,68.36099735723435,3.7171363739017735,2946,0,outer_ring
8798,36.94091508051112,25.456156548327414,4007,1,inner_ring
8799,38.78288856165085,25.30461525267977,4051,1,inner_ring
8800,92.08543033536648,41.261411712132826,10364,5,text_en_1919
8801,48.72347926264625,95.74124860478932,748,0,outer_ring
8802,47.229819739027874,95.049257594133,851,0,outer_ring
8803,43.80672104790935,92.76355362080228,1059,0,outer_ring
8804,54.46520586353737,97.23206727982196,412,0,outer_ring
8805,51.00505107939308,96.20232546661089,547,0,outer_ring
8806,44.47486631547324,93.26372059800951,1048,0,outer_ring
8807,41.84448329818492,90.20497112761934,1161,0,outer_ring
8808,39.32793066059702,86.62619407690194,1241,0,outer_ring
8809,36.55441484295349,81.8533499110656,1320,0,outer_ring
8810,34.89652203011828,79.34615849454094,4976,2,octagram
8811,34.1382614173652,78.86404133883713,9212,5,text_en_1919
8812,31.365085579594297,76.46349872591152,3641,1,inner_ring
8813,27.808842885003,73.52167233298037,3660,1,inner_ring
8814,22.419177508866465,63.70355566229407,9665,5,text_en_1919
8815,22.39301303678291,64.42099753135999,9612,5,text_en_1919
8816,21.99400384290656,59.25310908383361,9817,5,text_en_1919
8817,22.15485921227881,56.318760198190034,9945,5,text_en_1919
8818,27.78478140271772,51.03572532105606,3789,1,inner_ring
8819,26.80329661501336,50.84102572715689,10326,5,text_en_1919
8820,31.173206280200414,50.99284007665878,5229,2,octagram
8821,37.08909835828266,49.92484848994407,6834,3,stroke_nan
8822,39.36007429576036,50.32888094083716,7018,3,stroke_nan
8823,41.450454163220726,51.9906218886226,6887,3,stroke_nan
8824,48.54764248546464,54.79754141043515,6892,3,stroke_nan
8825,50.68185598974768,55.17054027625026,6595,3,stroke_nan
8826,55.120679246376746,55.84627498393065,4819,2,octagram
8827,56.98284759675112,55.87212402116501,4770,2,octagram
8828,58.58332203761702,57.090288449872375,4676,2,octagram
8829,60.19878869359309,59.8272667454842,7894,4,stroke_kai
8830,61.52616109887983,64.63688045569812,9243,5,text_en_1919
8831,61.90200868350264,68.58473646462954,8750,5,text_en_1919
8832,58.345228965280455,56.42535013173368,4661,2,octagram
8833,53.7933147164943,48.205454574228014,6974,3,stroke_nan
8834,53.395712963922406,47.48912401112901,7085,3,stroke_nan
8835,48.48735881268993,39.37088557783223,5643,2,octagram
8836,50.436919667118936,43.22541766215328,7397,3,stroke_nan
8837,51.68646315985401,45.03237786406287,7194,3,stroke_nan
8838,47.14572696370245,37.50926640923977,5657,2,octagram
8839,44.92452839653716,35.728521073877374,5594,2,octagram
8840,36.05616025573875,30.511784679462767,7271,3,stroke_nan
8841,34.4964519717205,30.648161339083536,7356,3,stroke_nan
8842,33.51423845577762,31.060731174520036,5541,2,octagram
8843,29.71593397669983,34.198515748428896,3862,1,inner_ring
8844,32.437119041033455,40.14993912017208,5396,2,octagram
8845,37.684679789209866,48.26396928741028,7031,3,stroke_nan
8846,35.78777153423471,50.99014971566042,5306,2,octagram
8847,29.83098830065402,36.39438827849215,3840,1,inner_ring
8848,29.552047315457948,30.48938048954592,10767,5,text_en_1919
8849,30.762307860026272,27.624041862102523,3905,1,inner_ring
8850,33.10363052900432,26.2103157010186,10803,5,text_en_1919
8851,36.40377928437796,25.304650457978823,3991,1,inner_ring
8852,42.805824988430885,25.25837971808044,11247,5,text_en_1919
8853,42.30462905359765,25.237802409348667,11246,5,text_en_1919
8854,45.74643422615694,27.122565588667506,10992,5,text_en_1919
8855,51.02010270929668,33.71634543862004,7480,3,stroke_nan
8856,52.82950483153591,36.4717481790432,5885,2,octagram
8857,52.48424920553168,36.22050492805809,4109,1,inner_ring
8858,56.35290528051798,40.59908381352721,5996,2,octagram
8859,55.86638734490474,41.32892070086158,5962,2,octagram
8860,57.9023893288224,43.21753674806028,8098,4,stroke_kai
8861,61.36718984518654,45.49796948135893,8091,4,stroke_kai
8862,66.30259538720917,47.30576454778913,7929,4,stroke_kai
8863,65.46827922204486,47.05758916102881,7943,4,stroke_kai
8864,71.38222452573655,57.62823654384259,4468,2,octagram
8865,71.17455983506758,55.77628199021809,6524,2,octagram
8866,71.46740528676665,65.4853212063916,7663,4,stroke_kai
8867,67.946342933465,69.55779343718913,7611,4,stroke_kai
8868,47.49718258042571,79.75644064388693,9237,5,text_en_1919
8869,47.53670088742766,82.0769306341525,1004,0,outer_ring
8870,52.27592907601586,85.39910396716863,513,0,outer_ring
8871,51.54348796685081,85.516105147952,624,0,outer_ring
8872,56.17594478889677,86.2342813726747,8598,5,text_en_1919
8873,56.50708800792248,86.20607615565987,8611,5,text_en_1919
8874,56.44668923490889,84.19534807536479,9048,5,text_en_1919
8875,55.654050526099255,82.58175170323955,9154,5,text_en_1919
8876,51.71784532184577,79.16263884786181,9106,5,text_en_1919
8877,50.64731828161362,78.85513915991443,4864,2,octagram
8878,47.399094902687246,79.2445176352823,3583,1,inner_ring
8879,29.46445691208024,60.24001513578629,5182,2,octagram
8880,30.079451803343648,62.387428849711874,3678,1,inner_ring
8881,29.85834098738729,62.34550720324072,3691,1,inner_ring
8882,60.331920119643975,99.55903611180216,223,0,outer_ring
8883,63.86120371530095,98.30866434036078,134,0,outer_ring
8884,63.16571655112914,98.9233594743308,168,0,outer_ring
8885,69.64038872235119,93.53788246094858,27,0,outer_ring
8886,69.60703441388071,93.06730775830783,8672,5,text_en_1919
8887,71.7214005194409,88.70174433139917,8911,5,text_en_1919
8888,74.9114130967513,81.03458667729754,3404,1,inner_ring
8889,74.78478832927635,81.24256597327638,4643,2,octagram
8890,76.292197050665,77.44267422304186,9429,5,text_en_1919
8891,77.54176158164638,73.0013991128242,4578,2,octagram
8892,80.97696178408992,64.41486061932987,3330,1,inner_ring
8893,80.95963255553659,64.11585419542331,4492,2,octagram
8894,84.50643149147157,53.63412231367824,6560,2,octagram
8895,84.6603250524177,53.28188857562471,6555,2,octagram
8896,87.03996297485813,47.34433506515968,3273,1,inner_ring
8897,88.16388181612416,46.35576429170563,10063,5,text_en_1919
8898,91.16302449040172,41.916463777187424,10328,5,text_en_1919
8899,92.74179245627498,40.70291485348464,10406,5,text_en_1919
8900,95.08291264267524,38.188177357290456,10247,5,text_en_1919
8901,97.69732417703436,34.531326618181666,10704,5,text_en_1919
8902,56.711285266486165,41.43275349691295,6086,2,octagram
8903,57.474245770492594,41.01854238137271,8214,4,stroke_kai
8904,61.26125138339069,32.62641538771393,8421,4,stroke_kai
8905,61.98023144790415,31.450943080626672,8392,4,stroke_kai
8906,64.41464217588296,24.370662876503104,6160,2,octagram
8907,65.07982231685939,23.619897013949416,6242,2,octagram
8908,73.63029350582244,22.70130032763696,4374,1,inner_ring
8909,72.25415108569842,22.715035407732383,6381,2,octagram
8910,70.46755074847245,22.63341303435871,6434,2,octagram
8911,65.60556163021315,19.685471658841,10972,5,text_en_1919
8912,65.52617098739117,19.95543408519021,6112,2,octagram
8913,61.99473366316512,18.954987147853068,4169,1,inner_ring
8914,60.62375826874936,18.716343249223264,2820,0,outer_ring
8915,56.89798750138642,18.288501121172693,10998,5,text_en_1919
8916,52.958923165777335,18.21365056901486,2398,0,outer_ring
8917,48.7412711815679,16.89096983579909,11339,5,text_en_1919
8918,48.0232734039879,15.29916451528178,1731,0,outer_ring
8919,46.85792609412452,15.52698890347466,1607,0,outer_ring
8920,49.37744687967246,14.58843097156197,2006,0,outer_ring
8921,49.55816930951589,14.584666219855336,2045,0,outer_ring
8922,53.64993912490404,14.567903409892075,2480,0,outer_ring
8923,55.51473640030088,14.09285427719812,2574,0,outer_ring
8924,51.84175475115319,13.2033039799299,2307,0,outer_ring
8925,48.21618338693362,10.523141979707198,1894,0,outer_ring
8926,47.86796022532486,9.439690657154372,1860,0,outer_ring
8927,46.38941072736549,6.781269042961455,1675,0,outer_ring
8928,49.7186542776358,9.943553927136506,2090,0,outer_ring
8929,51.49498792994709,9.317263185265354,2237,0,outer_ring
8930,58.42184523062662,9.926592405561143,2667,0,outer_ring
8931,62.14591548397732,10.301353225123371,2828,0,outer_ring
8932,65.76758253985602,10.402548704974071,2914,0,outer_ring
8933,67.54436742740211,9.930962633639716,11114,5,text_en_1919
8934,73.04368015970154,10.446521621503784,4259,1,inner_ring
8935,73.52764899248507,10.533313054402306,4277,1,inner_ring
8936,76.24887986296164,10.313958185068593,10856,5,text_en_1919
8937,67.9522996920942,8.928386269107797,3177,0,outer_ring
8938,68.5723405958191,3.440373521225503,2980,0,outer_ring
8939,68.25620962775976,5.067051699841869,2991,0,outer_ring
8940,37.12265479481428,25.486410040811315,4016,1,inner_ring
8941,40.010981498833615,25.20683915995337,1509,0,outer_ring
8942,92.41689207395191,40.92290181922933,10457,5,text_en_1919
8943,51.11200156423654,96.24528195079876,534,0,outer_ring
8944,47.15452084793992,95.07544701773084,860,0,outer_ring
8945,45.47820268218363,94.27244541603017,968,0,outer_ring
8946,57.04529510610092,98.92292021742738,295,0,outer_ring
8947,49.68773128102888,95.79555804667768,657,0,outer_ring
8948,45.75016219140609,94.44956433839069,945,0,outer_ring
8949,41.38911875782819,89.70908356825171,1184,0,outer_ring
8950,41.15275222378828,89.08633896465447,8699,5,text_en_1919
8951,39.657429762638415,86.92563005291251,1236,0,outer_ring
8952,36.41472853755816,81.49663595493539,1325,0,outer_ring
8953,35.08996593642628,79.61906677628491,3603,1,inner_ring
8954,31.611422333414637,76.85258299527626,1358,0,outer_ring
8955,27.1597242356262,72.8607943482003,9440,5,text_en_1919
8956,24.645795241936323,69.40058186215575,9604,5,text_en_1919
8957,22.58319656458663,64.4723975049786,9658,5,text_en_1919
8958,22.27806876908855,56.114308452279374,9915,5,text_en_1919
8959,24.847551239180905,51.50642091449841,10238,5,text_en_1919
8960,23.666061415761234,52.436638305494725,10203,5,text_en_1919
8961,29.986235438265552,51.022577008102814,3754,1,inner_ring
8962,29.947950740434344,50.9766708656852,3758,1,inner_ring
8963,34.61503047221146,51.41840289872923,5197,2,octagram
8964,39.81329009576471,50.931474459864575,6849,3,stroke_nan
8965,42.61288416005927,52.33155811691924,7039,3,stroke_nan
8966,45.78841135288481,53.65108147284191,6788,3,stroke_nan
8967,51.15846482981367,55.30453435677228,6717,3,stroke_nan
8968,50.637790429002266,55.27269602303178,6586,3,stroke_nan
8969,56.901179888391646,55.945348227084,4775,2,octagram
8970,58.50132139628815,57.56310750632511,3462,1,inner_ring
8971,60.95427794795823,61.432654829620944,7757,4,stroke_kai
8972,61.63126350459531,64.45193862002579,9283,5,text_en_1919
8973,61.61607074309154,65.79582054518433,9122,5,text_en_1919
8974,57.05368685802306,55.63827741163918,4776,2,octagram
8975,55.83290745660931,51.59925559058719,7802,4,stroke_kai
8976,53.96571363496556,48.07677227480778,6993,3,stroke_nan
8977,48.70540539770344,39.749614490033,5637,2,octagram
8978,49.96811694225009,42.69702863954747,7470,3,stroke_nan
8979,50.237133295399566,42.980817152799446,7436,3,stroke_nan
8980,44.50792534342453,35.20761309556051,5580,2,octagram
8981,41.81018698877942,32.08948280611355,5754,2,octagram
8982,40.095573034614745,31.75356125672291,3965,1,inner_ring
8983,33.92802456403197,30.80989984937177,5555,2,octagram
8984,30.37519326553197,32.06839591355879,3880,1,inner_ring
8985,29.560354197636148,33.099430244492126,10635,5,text_en_1919
8986,32.68495644499032,40.49909950876858,5388,2,octagram
8987,37.22736959809568,46.99913520577258,7138,3,stroke_nan
8988,39.13370431756015,50.37961101862384,6801,3,stroke_nan
8989,29.5569976137785,36.08252742379129,10552,5,text_en_1919
8990,29.623130467490704,31.433573379387735,10718,5,text_en_1919
8991,30.3384599705645,28.224920133733477,5500,2,octagram
8992,33.37530826436223,25.84793689379756,1412,0,outer_ring
8993,36.63617916948936,25.207330435104463,1452,0,outer_ring
8994,42.01609616026983,25.268829346497903,10973,5,text_en_1919
8995,45.37816795886207,26.82310452297656,10950,5,text_en_1919
8996,48.18931665800651,29.82595437007451,5822,2,octagram
8997,49.766625219545865,31.90536130965627,5866,2,octagram
8998,49.92621569978813,32.00059507278874,5873,2,octagram
8999,53.26416263127789,37.0530256402632,5907,2,octagram
9000,55.75746276400413,41.25659600060828,8468,4,stroke_kai
9001,55.98197889942625,41.464110885551285,8495,4,stroke_kai
9002,60.88894879780271,45.24020235908684,8128,4,stroke_kai
9003,63.33490279410636,46.43201728854633,6457,2,octagram
9004,66.67470549099058,47.43740756408414,7865,4,stroke_kai
9005,65.69960553676802,47.097957157868265,7913,4,stroke_kai
9006,70.92378573112488,54.84403631047035,6513,2,octagram
9007,71.76339798534616,62.35610685802705,7754,4,stroke_kai
9008,71.92553664402669,61.69910473532697,7812,4,stroke_kai
9009,71.09585966884579,66.48608276698852,4551,2,octagram
9010,47.529382396814725,78.60665901787895,4953,2,octagram
9011,49.40979692461807,85.12574565220322,819,0,outer_ring
9012,51.26097548375722,85.40746333744784,646,0,outer_ring
9013,51.1211531074342,85.47095889484038,653,0,outer_ring
9014,55.77994094130428,86.1891528747477,391,0,outer_ring
9015,56.27800457454455,84.67680199602856,8893,5,text_en_1919
9016,56.57097690781606,85.31316046041397,8758,5,text_en_1919
9017,55.724538664282186,82.71753914252119,9108,5,text_en_1919
9018,50.66927488588615,78.84037969467987,4861,2,octagram
9019,50.43601584780037,78.75695788829518,4865,2,octagram
9020,47.72000877415328,78.39362040117365,4928,2,octagram
9021,29.65255542264446,61.27742407714354,5134,2,octagram
9022,29.490956008039717,61.30209820878442,5143,2,octagram
9023,29.89970346235505,62.41200608366415,3685,1,inner_ring
9024,59.71037777802219,99.68394519468796,243,0,outer_ring
9025,59.4005061953384,99.71201399748614,252,0,outer_ring
9026,66.86766801660175,96.15105975407344,81,0,outer_ring
9027,66.35488877272412,96.67861155784686,94,0,outer_ring
9028,69.39609985252032,93.4276728624247,8607,5,text_en_1919
9029,71.40793353859944,89.68700942856609,8841,5,text_en_1919
9030,73.7440798016177,84.22933006693091,9411,5,text_en_1919
9031,74.90178781055101,80.71458147292529,4635,2,octagram
9032,76.32811698799618,77.12168680806587,3381,1,inner_ring
9033,79.34755468074898,69.01224736835943,9609,5,text_en_1919
9034,78.69642525789571,69.99089073972497,4532,2,octagram
9035,82.56835847686344,58.97702165945491,9805,5,text_en_1919
9036,82.59685280495162,58.83065474399861,9818,5,text_en_1919
9037,84.91614742401195,52.53718068000026,6550,2,octagram
9038,87.64034048267828,46.72144163342713,3252,1,inner_ring
9039,87.43135609851684,47.11837001066173,9959,5,text_en_1919
9040,90.73884848045068,42.155702685302266,4418,1,inner_ring
9041,95.18936156262028,37.6457465073496,10449,5,text_en_1919
9042,96.8460303869175,35.68452771957325,10671,5,text_en_1919
9043,95.4853348201946,37.85911754877721,10260,5,text_en_1919
9044,56.818689237337296,41.23013233140868,6079,2,octagram
9045,58.01111814112951,40.25698013787211,8226,4,stroke_kai
9046,62.69747192364103,29.989446429675432,8436,4,stroke_kai
9047,62.11463088714642,31.24987659490372,8405,4,stroke_kai
9048,63.79638822742673,26.897059272305885,8530,4,stroke_kai
9049,64.62506759976554,24.24067862131635,6236,2,octagram
9050,69.8934988614155,22.383470691065952,8254,4,stroke_kai
9051,70.90703468241422,22.698734520902157,6422,2,octagram
9052,66.51975931191022,20.35100864145668,6115,2,octagram
9053,67.1417949250804,21.114579891034506,6277,2,octagram
9054,62.538566338109575,18.938899936578835,10898,5,text_en_1919
9055,60.4665151632726,18.94615533985343,4152,1,inner_ring
9056,59.9026282726803,18.537405823813152,2780,0,outer_ring
9057,56.34784371469186,18.26054865110343,11049,5,text_en_1919
9058,53.59301013551878,18.15958334562076,11006,5,text_en_1919
9059,51.80655240047831,17.92535019467455,2322,0,outer_ring
9060,47.79743939894509,15.302255588932937,1667,0,outer_ring
9061,46.87803594405417,15.250637583630237,1608,0,outer_ring
9062,50.1809615244868,14.659944802024604,2146,0,outer_ring
9063,50.10540227030148,14.712878891059098,2137,0,outer_ring
9064,52.21696185288188,14.612777687960772,2344,0,outer_ring
9065,57.40078546843621,10.644830400978805,2643,0,outer_ring
9066,51.46298047714798,13.371312355161074,2236,0,outer_ring
9067,49.85308261275033,9.975112628575369,2117,0,outer_ring
9068,48.75686890830732,9.300137277169624,1963,0,outer_ring
9069,46.842453825888384,6.378292714812147,1743,0,outer_ring
9070,49.32416517848493,10.116626243573904,2041,0,outer_ring
9071,52.76058552912649,11.464854744150124,2382,0,outer_ring
9072,59.322394828006274,10.385597520214638,2715,0,outer_ring
9073,59.269373928140325,10.138305946162198,2712,0,outer_ring
9074,65.63268780920586,10.46372641537878,2907,0,outer_ring
9075,66.23045554533364,10.574506161797949,11112,5,text_en_1919
9076,73.20036588111199,10.353544182883232,4263,1,inner_ring
9077,72.32938918872881,10.53270432515678,4239,1,inner_ring
9078,72.72452190631331,10.553050736233608,4249,1,inner_ring
9079,68.39207551522126,6.575371301121216,3090,0,outer_ring
9080,68.41676757402804,6.59575843212523,3097,0,outer_ring
9081,68.43082332595016,3.645904474297225,2963,0,outer_ring
9082,36.81042075083809,25.309955082510648,11154,5,text_en_1919
9083,40.67766693705613,25.043418566849336,1552,0,outer_ring
9084,90.7779155600824,42.0729439966357,4412,1,inner_ring
9085,50.84679370621577,96.22096096637992,562,0,outer_ring
9086,48.5368656690646,95.56954044615118,764,0,outer_ring
9087,45.59300898047848,94.44096755816553,957,0,outer_ring
9088,53.95223376900528,97.14931561117892,440,0,outer_ring
9089,50.74705503210887,96.07408633183184,576,0,outer_ring
9090,47.053717321895206,94.95192721593506,870,0,outer_ring
9091,43.544389742713896,92.441486603525,1086,0,outer_ring
9092,39.89440024427896,87.29039082001668,1226,0,outer_ring
9093,40.37327922483292,87.69171170939197,8714,5,text_en_1919
9094,33.17637752820116,78.16077981830303,1350,0,outer_ring
9095,33.79841947411961,78.43378742239011,4993,2,octagram
9096,30.29834659524537,75.78477919144082,9370,5,text_en_1919
9097,24.279304946619835,68.88236491098459,9569,5,text_en_1919
9098,22.523172750095554,64.99129367491199,9588,5,text_en_1919
9099,22.498563849817533,64.41739666552668,9657,5,text_en_1919
9100,22.38591290219672,55.62142447294751,9943,5,text_en_1919
9101,22.188789127809144,56.32262097206173,9930,5,text_en_1919
9102,24.85696330639873,51.60100200678367,10199,5,text_en_1919
9103,30.29166017775492,51.07168423058302,5233,2,octagram
9104,33.752404827714955,51.21726096427293,5211,2,octagram
9105,34.690517440262674,51.269215670321245,5191,2,octagram
9106,42.495989788474375,52.25179282633994,7035,3,stroke_nan
9107,44.69638519411848,53.28272478427867,6733,3,stroke_nan
9108,44.539595935509546,53.148606069576346,6782,3,stroke_nan
9109,51.99614155871216,55.537303095793085,6749,3,stroke_nan
9110,56.116725243897015,55.945393130990006,4804,2,octagram
9111,57.28802803579527,55.57338530449739,7584,4,stroke_kai
9112,58.99408790120782,57.60239574951281,7945,4,stroke_kai
9113,60.93041772580344,61.41946271652611,7758,4,stroke_kai
9114,61.49709396577555,64.43730880482602,9232,5,text_en_1919
9115,62.02277992298615,68.59696511266486,8897,5,text_en_1919
9116,58.0159848574223,56.0128263062922,4731,2,octagram
9117,53.25396091380506,47.22958512048159,7096,3,stroke_nan
9118,53.6893951161279,47.92018643466671,7043,3,stroke_nan
9119,48.54188628017423,39.26056405502496,7357,3,stroke_nan
9120,49.14834452858391,40.96042652711178,7531,3,stroke_nan
9121,51.37084908866288,44.47463380929142,7306,3,stroke_nan
9122,46.57604633855139,37.299885980494125,5613,2,octagram
9123,44.74327403015976,35.47873003104644,5588,2,octagram
9124,40.20313476586858,31.678774490727363,3972,1,inner_ring
9125,32.810647797916644,31.66486025167039,5431,2,octagram
9126,33.569285029484774,31.404056521278797,7233,3,stroke_nan
9127,29.53178020767561,33.835345287828986,10616,5,text_en_1919
9128,33.84654157157995,42.13274900841147,5387,2,octagram
9129,33.96272612154721,41.92152486627125,5384,2,octagram
9130,37.34417293841574,49.74076342142608,6949,3,stroke_nan
9131,29.564481719871115,34.396755185499394,10601,5,text_en_1919
9132,29.628993701640788,30.913500558889528,10736,5,text_en_1919
9133,30.53333319432943,28.035540438472907,5512,2,octagram
9134,33.28980846020401,26.075788333983777,10831,5,text_en_1919
9135,37.507708617913536,25.060366296420938,1465,0,outer_ring
9136,42.85082408271329,25.306235864882566,11224,5,text_en_1919
9137,45.387736578549024,27.016088453624512,4060,1,inner_ring
9138,45.59758524941863,27.110279678979893,4063,1,inner_ring
9139,50.468502192137294,32.95152735518835,7540,3,stroke_nan
9140,53.10281801812375,36.8320332226043,5900,2,octagram
9141,53.23596253999112,36.96009976443847,5905,2,octagram
9142,55.62376480547406,40.936969758348624,8547,4,stroke_kai
9143,56.88912840837447,41.352381733481785,8235,4,stroke_kai
9144,57.80365440010874,43.07811481479908,8109,4,stroke_kai
9145,61.80764430639156,45.81294784896683,8048,4,stroke_kai
9146,63.71861291521093,46.428425453446586,8022,4,stroke_kai
9147,65.08120799627638,46.880374596215525,7920,4,stroke_kai
9148,69.35968857545016,50.61735462762928,6497,2,octagram
9149,71.87678692168662,62.68466600085162,7749,4,stroke_kai
9150,70.67691917963307,67.18309181451157,7629,4,stroke_kai
9151,71.26299396515365,65.7539081524686,7694,4,stroke_kai
9152,47.34943772523309,79.19872109607289,3588,1,inner_ring
9153,47.70210582219794,82.70008870946333,998,0,outer_ring
9154,52.233411775838135,85.43241124783832,519,0,outer_ring
9155,52.08873896625822,85.36029163052092,538,0,outer_ring
9156,56.14783724736248,86.43575776253346,364,0,outer_ring
9157,55.75849714930821,86.25018359755762,393,0,outer_ring
9158,55.86828800082648,84.24219402628904,8960,5,text_en_1919
9159,54.900341381824646,81.88874127042035,9144,5,text_en_1919
9160,50.36211464666923,78.77706751304058,4870,2,octagram
9161,48.3764133358512,77.98308223295572,6627,3,stroke_nan
9162,47.16160976371906,79.46930080415048,3593,1,inner_ring
9163,29.573380214699657,60.97126725566103,5147,2,octagram
9164,30.299276999143625,62.35140388816177,5086,2,octagram
9165,29.991386218614508,60.8625440927482,6672,3,stroke_nan
9166,55.87165379879588,97.82003584143813,358,0,outer_ring
9167,60.14742031788536,99.53069304720093,228,0,outer_ring
9168,63.952908599841095,98.52199961127702,129,0,outer_ring
9169,67.0924077744701,95.92108187452934,75,0,outer_ring
9170,71.62856508096468,89.34869971206939,8810,5,text_en_1919
9171,71.29411740027139,90.01975124553641,8806,5,text_en_1919
9172,72.75519729389647,86.21702374864566,1,0,outer_ring
9173,76.05174005764677,77.73231686805133,3386,1,inner_ring
9174,77.39686209715755,74.04375798935621,9515,5,text_en_1919
9175,77.5109367778756,73.84500046277195,9506,5,text_en_1919
9176,81.54518327667844,62.72560531982485,9712,5,text_en_1919
9177,80.90908399793511,64.29396616317422,4497,2,octagram
9178,82.92643551577804,57.831873715964434,9840,5,text_en_1919
9179,85.87194273020805,50.71151734853588,9828,5,text_en_1919
9180,87.42041748838554,47.08252455549188,9982,5,text_en_1919
9181,87.30519946641353,47.114258403831855,3261,1,inner_ring
9182,88.83603633207335,45.06615534161386,10074,5,text_en_1919
9183,93.02405423081797,40.631355026799554,10297,5,text_en_1919
9184,97.13749833716012,35.44426731333367,10530,5,text_en_1919
9185,96.48638741041036,36.379383441202464,10415,5,text_en_1919
9186,56.49342034443804,40.94909514156461,5994,2,octagram
9187,57.36565751088934,40.1223090052168,6061,2,octagram
9188,62.84031643215532,29.93939057782404,8366,4,stroke_kai
9189,63.59035165949336,27.279257224427965,8527,4,stroke_kai
9190,64.47920701315024,24.388727637073927,6162,2,octagram
9191,66.95223120120117,22.520963251648883,6286,2,octagram
9192,73.5571840029337,22.804670261978167,4379,1,inner_ring
9193,72.615417640255,22.88266588609348,6372,2,octagram
9194,69.08883669004575,22.34572993330417,4346,1,inner_ring
9195,67.68792048323408,21.446257480257035,4338,1,inner_ring
9196,63.82371608302278,19.139391345952053,10890,5,text_en_1919
9197,62.25368837975667,19.005264712076016,4181,1,inner_ring
9198,59.516781919181454,18.296425970415275,2749,0,outer_ring
9199,55.78477036713848,18.16185211074761,11172,5,text_en_1919
9200,50.81685450195723,17.641688291559845,2193,0,outer_ring
9201,50.34694976282307,17.45677781973084,2161,0,outer_ring
9202,47.65383364570661,15.573200212108468,1635,0,outer_ring
9203,46.51766128969515,15.022269731010596,1601,0,outer_ring
9204,47.74146384560869,15.347357917242782,1655,0,outer_ring
9205,49.41281370043825,14.67323972636332,2018,0,outer_ring
9206,53.00428036818676,14.676676180255576,2434,0,outer_ring
9207,55.702347538110814,14.063701046735588,2584,0,outer_ring
9208,53.09709152190027,11.000332519977071,2426,0,outer_ring
9209,50.12512462565186,9.55301654849366,2149,0,outer_ring
9210,47.787644901325365,9.927165147558869,1844,0,outer_ring
9211,48.53262165233995,7.487391201711524,1951,0,outer_ring
9212,49.17380443204242,10.483810988123906,2009,0,outer_ring
9213,53.27537797868143,10.92123070780378,2442,0,outer_ring
9214,54.68160236956772,9.98108323492778,2490,0,outer_ring
9215,62.41079456522485,10.474964937139568,2842,0,outer_ring
9216,61.05692384169897,10.381877748747478,2775,0,outer_ring
9217,66.48018423349814,10.325973382385534,11146,5,text_en_1919
9218,69.20148214102687,9.156283861167909,3202,0,outer_ring
9219,76.80927806934544,10.460794650198274,3225,0,outer_ring
9220,77.11285412216353,10.43164462815708,6335,2,octagram
9221,68.0912125574698,9.14748949724472,3191,0,outer_ring
9222,68.22560545219875,7.565719729548277,3127,0,outer_ring
9223,68.34588429943233,4.4354963091019854,2981,0,outer_ring
9224,38.85077875224335,25.34546283321584,5780,2,octagram
9225,40.34887008068349,25.16604220192256,1533,0,outer_ring
9226,90.52384392568295,42.25370953563052,3237,1,inner_ring
9227,48.578145896967975,95.64519409097277,759,0,outer_ring
9228,46.84175371206261,94.89638937294652,893,0,outer_ring
9229,45.02138116517197,93.73731588861612,1018,0,outer_ring
9230,52.78984049363579,96.6506984079848,491,0,outer_ring
9231,49.08076527034604,95.7492158978256,711,0,outer_ring
9232,47.07391234612016,94.95685761567348,867,0,outer_ring
9233,43.65683089298538,92.5606503196744,1077,0,outer_ring
9234,40.150167682676006,87.63569303062246,1216,0,outer_ring
9235,37.35356001138449,83.0661902934612,1291,0,outer_ring
9236,36.93145796910032,82.38630467693481,1302,0,outer_ring
9237,32.20608649208824,77.26219199634727,3622,1,inner_ring
9238,31.83801507311474,77.11729670817633,1355,0,outer_ring
9239,26.66283821443257,72.19410081795377,3675,1,inner_ring
9240,24.16698799766785,68.88324557240014,9495,5,text_en_1919
9241,22.25042553742911,64.86933688437414,9564,5,text_en_1919
9242,22.108358230557208,60.25823554786432,9739,5,text_en_1919
9243,22.17771827403059,56.122392948567125,9955,5,text_en_1919
9244,27.18743361869109,50.97433551187599,3805,1,inner_ring
9245,30.827534083332427,50.92892984509652,5240,2,octagram
9246,31.043135454795504,51.118476777913614,3739,1,inner_ring
9247,33.68826350561306,51.0572665571881,5290,2,octagram
9248,40.946175030768416,51.750930180549496,6838,3,stroke_nan
9249,40.91680044696135,51.5845986340575,7045,3,stroke_nan
9250,45.85504494823494,53.623348223958615,6902,3,stroke_nan
9251,51.71481262583416,55.48135914043038,6670,3,stroke_nan
9252,51.39423300309039,55.46022845953839,6684,3,stroke_nan
9253,58.16308437925382,57.04210181759053,4711,2,octagram
9254,57.54822757701445,56.73242165819215,3492,1,inner_ring
9255,61.63039267476353,63.99970667859365,9322,5,text_en_1919
9256,61.25040168577844,63.34701046182092,3452,1,inner_ring
9257,61.574169404532185,64.90286630329476,9222,5,text_en_1919
9258,56.96719436059288,55.83740597502852,4771,2,octagram
9259,53.673787729849735,47.717462600072125,7124,3,stroke_nan
9260,52.38370540882792,45.572848622112105,7177,3,stroke_nan
9261,48.89071404285242,40.22804850031106,7570,3,stroke_nan
9262,48.6475181593607,40.11411270359255,5628,2,octagram
9263,51.41204521280709,44.75276262311129,7255,3,stroke_nan
9264,44.56588881896032,35.17983482274941,5683,2,octagram
9265,44.13473543388002,34.59149347288,5711,2,octagram
9266,37.71751418577622,30.96070125320291,3933,1,inner_ring
9267,37.97711718709549,31.02746550707876,3939,1,inner_ring
9268,31.876857672693063,32.032201757326575,5439,2,octagram
9269,29.633794730659115,36.00092818430764,10549,5,text_en_1919
9270,30.46551822168691,37.597882554863375,3826,1,inner_ring
9271,35.54757626573908,44.133562431402815,7152,3,stroke_nan
9272,37.20786753887825,49.86810640736854,6908,3,stroke_nan
9273,29.65193080616281,34.93869824246996,10585,5,text_en_1919
9274,29.705637030610912,29.649863236614536,10798,5,text_en_1919
9275,29.60602703224565,29.88214071485916,10793,5,text_en_1919
9276,31.00808740997701,27.635206370924745,5520,2,octagram
9277,36.40230921647886,25.36369920480335,3989,1,inner_ring
9278,39.78112321981914,25.05599909788373,1495,0,outer_ring
9279,42.47981625335532,25.2265495592242,11235,5,text_en_1919
9280,48.60312524873108,30.13436432542161,5830,2,octagram
9281,47.95198327781179,29.45106440788936,4094,1,inner_ring
9282,52.489616753343775,36.02796868780682,4110,1,inner_ring
9283,52.267745282245976,35.919317459908925,4103,1,inner_ring
9284,56.36077024532389,41.92200982880781,8268,4,stroke_kai
9285,56.25458229525563,41.77683703824727,8315,4,stroke_kai
9286,59.958302484452126,44.85357190917354,8087,4,stroke_kai
9287,61.19004445659609,45.57560503307312,8055,4,stroke_kai
9288,63.94777846513849,46.64404837875853,7995,4,stroke_kai
9289,63.30979951242295,46.51582573820876,8002,4,stroke_kai
9290,71.01551130446022,55.0144481318376,6518,2,octagram
9291,71.8087404214984,62.8813637703528,7732,4,stroke_kai
9292,70.81799852761999,66.90343086941179,7655,4,stroke_kai
9293,70.8381440842932,66.78599007593846,7685,4,stroke_kai
9294,47.47797506492712,78.42009834768173,4971,2,octagram
9295,49.10515398633716,84.86380269068587,874,0,outer_ring
9296,51.1110619548538,85.63950807911041,652,0,outer_ring
9297,53.90397038751211,85.65929877588724,8726,5,text_en_1919
9298,56.42505275013132,86.29588053669498,330,0,outer_ring
9299,56.52941913402944,85.13456621454421,8792,5,text_en_1919
9300,56.01211463280232,84.10266632363319,9000,5,text_en_1919
9301,54.86208152943562,81.78563218405651,9197,5,text_en_1919
9302,50.38163355102815,78.89279204677695,9204,5,text_en_1919
9303,49.12023662709567,78.34055109554508,4876,2,octagram
9304,47.22702607111328,79.20739563135783,4962,2,octagram
9305,29.447447832525967,61.28410634859058,3721,1,inner_ring
9306,29.37158531114617,61.3762338558126,3719,1,inner_ring
9307,30.40320969459187,61.50487997179286,5110,2,octagram
9308,57.1648651476411,98.88884272510153,287,0,outer_ring
9309,58.73915511546206,99.90363004896996,273,0,outer_ring
9310,66.84479024760466,96.21817503335517,82,0,outer_ring
9311,66.95648414591662,95.9740937480914,79,0,outer_ring
9312,71.81457399348677,89.26509657100561,8822,5,text_en_1919
9313,71.51028006256608,89.05795505406996,8887,5,text_en_1919
9314,74.9384039283413,80.68202249165918,4632,2,octagram
9315,74.82563468089437,81.13835575999533,4638,2,octagram
9316,76.1784036308856,77.43652265726483,3385,1,inner_ring
9317,77.35244524275973,73.64266158182309,4582,2,octagram
9318,80.52646845938645,65.53505901052365,4512,2,octagram
9319,81.08881708911542,63.7813124424505,4489,2,octagram
9320,82.77397760303606,58.612393629110514,9767,5,text_en_1919
9321,84.36402507879714,54.08170156219533,9821,5,text_en_1919
9322,87.14014471286004,47.36550367967366,9973,5,text_en_1919
9323,89.26432653405543,44.11266397519195,10066,5,text_en_1919
9324,90.52637612818673,42.11884659718599,4414,1,inner_ring
9325,93.27665534553968,40.36519660709147,10316,5,text_en_1919
9326,96.49159367613989,36.31989938995267,10433,5,text_en_1919
9327,98.16941710415374,34.26366450671823,10748,5,text_en_1919
9328,56.70676814813403,41.372528059091,6085,2,octagram
9329,57.34877698451252,40.045996868742414,6054,2,octagram
9330,62.84902596582815,29.691653048027675,8449,4,stroke_kai
9331,63.92347794786386,26.592395726816896,8533,4,stroke_kai
9332,63.50900657232921,28.350399027641306,8388,4,stroke_kai
9333,65.94514525846742,23.16863389860924,6254,2,octagram
9334,73.8330053881223,22.88589955450569,4396,1,inner_ring
9335,73.13105869015972,22.84561409302028,6355,2,octagram
9336,70.2633104680058,22.47653410764662,6428,2,octagram
9337,64.62550446835827,19.411184072822103,10892,5,text_en_1919
9338,65.53226512045904,19.81070085573957,10910,5,text_en_1919
9339,60.89770028990453,18.645745431668708,2835,0,outer_ring
9340,60.1125253364381,18.46199937186153,2788,0,outer_ring
9341,56.04821940840564,18.003104952443397,11340,5,text_en_1919
9342,50.29864689720844,17.310191079606412,2156,0,outer_ring
9343,50.99520710609851,17.720153002950052,2201,0,outer_ring
9344,48.88115149561499,16.92288956710044,1908,0,outer_ring
9345,45.79179785226032,14.234690467458258,1573,0,outer_ring
9346,47.77245507697072,15.38216593362764,1658,0,outer_ring
9347,51.65513521442956,13.920505578227528,2275,0,outer_ring
9348,55.04811755014616,14.230871423595836,2538,0,outer_ring
9349,56.859295064811405,12.174094729235604,2623,0,outer_ring
9350,52.63519181730807,11.942184341860935,2373,0,outer_ring
9351,47.60444551610912,10.091111491183112,1779,0,outer_ring
9352,48.439020759650816,10.555299647119972,1918,0,outer_ring
9353,47.17773688689679,6.53006939398167,1817,0,outer_ring
9354,49.8743603788385,9.808417825024335,2122,0,outer_ring
9355,52.40039712419535,11.897721018649952,2351,0,outer_ring
9356,58.50197570906023,10.219509847294162,2672,0,outer_ring
9357,61.90904657846832,10.414460615000102,2816,0,outer_ring
9358,66.03582016237715,10.55742758973996,11145,5,text_en_1919
9359,67.43131649902149,10.0306643190549,11070,5,text_en_1919
9360,68.96139915801201,8.909969037609798,3196,0,outer_ring
9361,73.88685720152316,10.613521651619967,4306,1,inner_ring
9362,76.60867453618675,10.287439808102548,3223,0,outer_ring
9363,68.26087871879946,7.298393279935524,3111,0,outer_ring
9364,68.6368855132844,4.340476445926313,3021,0,outer_ring
9365,68.40375425992524,4.706524336958211,2999,0,outer_ring
9366,36.25317797355625,25.134963268040856,1440,0,outer_ring
9367,38.49369668349716,25.356077972382373,4045,1,inner_ring
9368,91.00036790286217,42.00550903035565,10361,5,text_en_1919
9369,48.34156696656487,95.41036325056096,780,0,outer_ring
9370,47.22570569035813,95.11294477079758,849,0,outer_ring
9371,43.72149265940288,92.78178053621195,1068,0,outer_ring
9372,56.43634846865405,98.25291622219903,318,0,outer_ring
9373,51.26808811534885,96.32950002241428,522,0,outer_ring
9374,45.55900568918295,94.1353854950299,963,0,outer_ring
9375,41.20934818140019,89.61660419787788,1192,0,outer_ring
9376,39.157679430677774,86.30202228347844,1251,0,outer_ring
9377,36.94097309526794,82.302792336983,1303,0,outer_ring
9378,36.72251416295748,82.2089151792361,1307,0,outer_ring
9379,34.94906718420923,79.67147012138918,1339,0,outer_ring
9380,31.04895449213444,76.34125162502403,9405,5,text_en_1919
9381,27.814028386420688,73.51356651525323,3661,1,inner_ring
9382,22.503612973096324,64.45725866953235,9641,5,text_en_1919
9383,22.634714263066517,65.54870949198073,9566,5,text_en_1919
9384,21.93881237836007,60.36324428139588,1389,0,outer_ring
9385,24.51630640545596,51.60360015332044,10268,5,text_en_1919
9386,27.477690595275213,50.96842110522635,3802,1,inner_ring
9387,30.406205202747344,50.947490861107774,3749,1,inner_ring
9388,30.716600240229145,51.05740506478371,3744,1,inner_ring
9389,34.45367203150467,51.37533918552423,5194,2,octagram
9390,38.51708486479937,49.67887244585432,6942,3,stroke_nan
9391,44.679405005080135,53.31754570794493,6735,3,stroke_nan
9392,45.28524471259717,53.55745549484609,6725,3,stroke_nan
9393,47.59441339453903,54.46312556236661,6808,3,stroke_nan
9394,52.51274682894493,55.65332692902761,6739,3,stroke_nan
9395,56.91804602970204,55.65144332765852,4791,2,octagram
9396,57.86411309118149,56.08595852090173,4730,2,octagram
9397,61.46046407901876,62.959921821325366,3438,1,inner_ring
9398,61.36608259970736,64.1404871962479,9219,5,text_en_1919
9399,61.678173820033045,67.10742273910225,9086,5,text_en_1919
9400,58.74350152096782,57.30187452402917,4683,2,octagram
9401,56.54806800809454,53.47570230508411,7689,4,stroke_kai
9402,52.00753102719565,45.4592616003025,7169,3,stroke_nan
9403,46.01950055175708,36.62317329778739,5679,2,octagram
9404,49.71806077247235,42.481462738675525,7487,3,stroke_nan
9405,51.317370851158,44.36765193459954,7321,3,stroke_nan
9406,44.5449338744083,35.20349942545535,5682,2,octagram
9407,39.603617414210106,31.76549631774925,3947,1,inner_ring
9408,41.07920036083401,31.91663169187551,5751,2,octagram
9409,37.015113134898485,30.76580907414348,7276,3,stroke_nan
9410,33.5189731210794,31.115505274751044,5543,2,octagram
9411,29.684422232604543,36.45341477231912,10505,5,text_en_1919
9412,30.816242568404174,38.05692197185461,5416,2,octagram
9413,37.68692627289833,48.31074282752628,7032,3,stroke_nan
9414,35.81015792597721,50.87767476297448,5310,2,octagram
9415,29.280316387015223,32.61914228210338,1403,0,outer_ring
9416,29.597496464599903,31.37306537742229,10717,5,text_en_1919
9417,30.392475969389107,28.258668641175998,5503,2,octagram
9418,32.849585530989394,26.20249068729236,1409,0,outer_ring
9419,36.602689266927015,25.08516522607071,1453,0,outer_ring
9420,40.28159519428307,25.30817335467697,4057,1,inner_ring
9421,41.85236928344944,25.353050714911607,10918,5,text_en_1919
9422,45.83030302199175,27.26577054346173,10951,5,text_en_1919
9423,47.58477737900095,29.1259153617218,5798,2,octagram
9424,53.232395643569454,37.02005877112216,5906,2,octagram
9425,54.76669517238366,39.83441713804645,5927,2,octagram
9426,55.50134517177698,40.98201047816513,8507,4,stroke_kai
9427,56.771682765877415,41.25766404766651,6077,2,octagram
9428,58.080856701671024,43.34833874322974,8165,4,stroke_kai
9429,61.57151192938789,45.67044269655198,8061,4,stroke_kai
9430,64.08751892895344,46.54437829535839,8015,4,stroke_kai
9431,65.96848860415835,47.305965862247575,7855,4,stroke_kai
9432,71.30968549923327,58.45359074802828,7887,4,stroke_kai
9433,71.76278432730068,63.17123667073455,7725,4,stroke_kai
9434,71.66679754093143,63.768552925392186,7703,4,stroke_kai
9435,66.62620413013246,69.46641836465881,7609,4,stroke_kai
9436,47.4227861509264,79.94349721715787,9079,5,text_en_1919
9437,47.63511550867446,82.66636776950577,999,0,outer_ring
9438,48.48246049622282,84.61306538435099,932,0,outer_ring
9439,50.52469335232221,85.49371138150764,728,0,outer_ring
9440,54.92232202290295,86.04652037568201,417,0,outer_ring
9441,56.177788656024696,86.29105314570322,359,0,outer_ring
9442,55.925305443967645,83.7715074085138,9056,5,text_en_1919
9443,52.8106977468541,80.07416246078671,3535,1,inner_ring
9444,53.18912590744196,80.37854845487828,3522,1,inner_ring
9445,50.756765765433485,79.00925565010888,8999,5,text_en_1919
9446,49.490754983395405,78.57295304387658,3563,1,inner_ring
9447,30.70477222839197,61.66184957016428,6613,3,stroke_nan
9448,30.090234114832093,62.27868315590153,5115,2,octagram
9449,30.44305415296756,61.60127416276237,5099,2,octagram
9450,59.25948988792847,99.68978306298553,256,0,outer_ring
9451,63.79920202429072,98.62527317086143,139,0,outer_ring
9452,68.09445172398051,95.1549505152056,42,0,outer_ring
9453,70.19912696296015,92.24993901228387,8689,5,text_en_1919
9454,70.03770564409257,92.40691188348409,8751,5,text_en_1919
9455,71.50750351006403,90.1959795613096,2,0,outer_ring
9456,73.65858569292399,84.48136497191697,9319,5,text_en_1919
9457,76.4934661050692,76.9425509898366,9441,5,text_en_1919
9458,77.3518444522645,73.98152668382124,3368,1,inner_ring
9459,78.96458652632197,69.52626629225733,9673,5,text_en_1919
9460,78.58405904513464,70.05302784409889,4537,2,octagram
9461,82.72494030391243,58.53496232230101,9825,5,text_en_1919
9462,84.63401078789624,53.64894323561612,9780,5,text_en_1919
9463,86.35571877809942,48.70594484600028,6533,2,octagram
9464,85.77568948113014,50.80732743982939,9878,5,text_en_1919
9465,88.1093154942478,46.2882411106204,10117,5,text_en_1919
9466,90.85279265496646,42.13946607990416,10308,5,text_en_1919
9467,92.63644273307808,41.09158944441115,10295,5,text_en_1919
9468,95.11829607078,37.88134531704736,10393,5,text_en_1919
9469,98.33846697988062,34.195791656758445,10761,5,text_en_1919
9470,55.65266683868578,40.5670249996589,5943,2,octagram
9471,57.32328654582987,41.35805386819075,8209,4,stroke_kai
9472,62.56795263184437,30.198849303636266,8432,4,stroke_kai
9473,61.44600097343204,32.37407161668266,8452,4,stroke_kai
9474,63.75798886374327,27.373722425653582,8514,4,stroke_kai
9475,65.46336206024698,23.55198318665521,6243,2,octagram
9476,73.82075315303119,22.864414840727047,4392,1,inner_ring
9477,72.6920640503492,22.790848032295543,6366,2,octagram
9478,67.15605773983123,21.03648669292028,6274,2,octagram
9479,66.41212771626289,20.631151044094477,6118,2,octagram
9480,61.74344277592081,18.84824393572548,4160,1,inner_ring
9481,62.70204762883677,18.887293704179115,10907,5,text_en_1919
9482,60.944886307886144,18.78120416487464,2839,0,outer_ring
9483,53.68598333160507,18.187315356052657,10997,5,text_en_1919
9484,52.7983448392492,18.024105363034213,2394,0,outer_ring
9485,47.97372024620572,16.029673132584403,1686,0,outer_ring
9486,48.81782355780783,16.721967980740185,1899,0,outer_ring
9487,47.209037307081545,14.33285982940732,1624,0,outer_ring
9488,50.75028231228939,14.73920232817887,2191,0,outer_ring
9489,51.841748101588905,12.8825828400117,2304,0,outer_ring
9490,55.77295450371415,14.073311593788873,2587,0,outer_ring
9491,56.59029485751675,12.329977101940145,2605,0,outer_ring
9492,51.45813210715459,13.710768357351917,2235,0,outer_ring
9493,48.06046736457328,10.345852221047297,1874,0,outer_ring
9494,48.60509987096509,9.493804953861911,1943,0,outer_ring
9495,46.39450139254771,6.880895184260318,1673,0,outer_ring
9496,49.91270429589879,9.678937714700176,2128,0,outer_ring
9497,53.3755664102186,10.591596881196637,2450,0,outer_ring
9498,58.675406836727454,10.283850092540206,2680,0,outer_ring
9499,61.19407470344756,10.402681913962958,2782,0,outer_ring
9500,66.67059119624288,10.325439436300854,11028,5,text_en_1919
9501,65.40028017092673,10.48081193184067,2898,0,outer_ring
9502,72.39302586440293,10.371405628173967,4237,1,inner_ring
9503,73.14643598703928,10.42630976532908,4265,1,inner_ring
9504,77.12601072441016,10.458026516226331,6337,2,octagram
9505,67.85062967835637,9.429728839016086,3187,0,outer_ring
9506,68.66374479422448,4.624061464676629,3034,0,outer_ring
9507,68.67121993859132,3.8455277314999137,3009,0,outer_ring
9508,38.87952842985022,25.097881941380763,1471,0,outer_ring
9509,40.0140425422562,25.1547469508253,1510,0,outer_ring
9510,90.70865619356314,42.19587896527335,3228,1,inner_ring
9511,49.56689226191021,95.87987511650428,668,0,outer_ring
9512,48.76791901187832,95.585592311185,745,0,outer_ring
9513,43.04698395771448,91.9211385543484,1124,0,outer_ring
9514,57.03475211652463,98.89002503152656,296,0,outer_ring
9515,51.21056163228629,96.28881379462814,529,0,outer_ring
9516,47.40788620336238,95.10602130730604,827,0,outer_ring
9517,43.57967369215397,92.47734499403066,1084,0,outer_ring
9518,39.33807406542883,86.39730025632046,1243,0,outer_ring
9519,40.446077812921104,87.82374523574975,8706,5,text_en_1919
9520,36.67569268091238,82.16492309740187,1309,0,outer_ring
9521,31.871129014508004,76.84795616847912,3636,1,inner_ring
9522,28.10676750672936,74.05953925418007,1375,0,outer_ring
9523,23.95844350420651,68.49940895017245,9510,5,text_en_1919
9524,24.85634553194653,69.66737711772363,9617,5,text_en_1919
9525,22.62028790551846,65.23408517280639,9613,5,text_en_1919
9526,21.853884270204915,58.19988789173832,9934,5,text_en_1919
9527,24.949217052051864,51.57001820540847,10206,5,text_en_1919
9528,26.41972991151641,50.98297911267756,10280,5,text_en_1919
9529,28.297789918932263,51.04165707749886,3770,1,inner_ring
9530,33.45585910720294,51.1417222510257,5276,2,octagram
9531,34.40080831164252,51.29716167950337,5202,2,octagram
9532,38.66438078266097,49.80303794249632,6941,3,stroke_nan
9533,45.16126956180753,53.433849905912034,6780,3,stroke_nan
9534,48.442025402733016,54.762683401065054,6929,3,stroke_nan
9535,48.78887484166607,54.8192907655976,6939,3,stroke_nan
9536,56.12682475316706,56.078899880472655,4805,2,octagram
9537,57.10051428305241,55.539977396858575,7626,4,stroke_kai
9538,58.79837562491787,57.082201221711486,7974,4,stroke_kai
9539,61.60495888360632,65.49754039167269,9168,5,text_en_1919
9540,61.63493177755758,65.30859707086726,9255,5,text_en_1919
9541,61.69713544323043,65.82862958889332,9210,5,text_en_1919
9542,56.90014008485381,55.89071763310539,4783,2,octagram
9543,53.38498010010335,47.18389760941341,7150,3,stroke_nan
9544,53.93826830402357,48.434866158445566,6920,3,stroke_nan
9545,47.44614178743287,37.85964936753484,5645,2,octagram
9546,50.32135777828617,43.22959906621192,7377,3,stroke_nan
9547,51.58455415633336,44.510549131125686,7331,3,stroke_nan
9548,46.45458856769015,36.95626488704259,5675,2,octagram
9549,39.395721890411714,31.37452414335019,3955,1,inner_ring
9550,36.07564653024731,30.311802827755365,7302,3,stroke_nan
9551,36.921946424230185,30.718277114252874,7320,3,stroke_nan
9552,31.12106179037756,32.11240085197953,5470,2,octagram
9553,29.608692170323778,36.30019827512647,10524,5,text_en_1919
9554,34.1187822313888,42.42210813698945,5375,2,octagram
9555,34.98481017441024,43.45302728867446,7142,3,stroke_nan
9556,37.1701902311242,49.86940836533536,6919,3,stroke_nan
9557,29.62434955018324,36.21529967400524,10537,5,text_en_1919
9558,30.050449687864297,32.00925324093254,3875,1,inner_ring
9559,29.66315060466259,31.012301292378663,10726,5,text_en_1919
9560,30.855202279421757,27.420500881280898,3907,1,inner_ring
9561,36.210561916557225,25.337286888302224,3987,1,inner_ring
9562,43.53337780867763,25.485718898927196,11226,5,text_en_1919
9563,41.98690859051302,25.24260037901797,11040,5,text_en_1919
9564,46.60152071890985,27.85078111063763,4080,1,inner_ring
9565,48.73529582889163,30.5209432386505,5845,2,octagram
9566,51.92492978609543,35.28985707065914,7440,3,stroke_nan
9567,52.09702219255699,35.458323460494846,11073,5,text_en_1919
9568,56.34020615165688,40.66630569537615,5991,2,octagram
9569,55.67222761525546,41.095118705041,8481,4,stroke_kai
9570,57.21897816988999,42.66717911919948,8126,4,stroke_kai
9571,60.685153317331206,45.145265871194646,8108,4,stroke_kai
9572,66.95918813671133,47.58682784932139,7830,4,stroke_kai
9573,66.53473464388122,47.341184312655805,7936,4,stroke_kai
9574,71.06154369865718,55.96764967923315,4447,2,octagram
9575,71.88323182694134,62.506177339195446,7748,4,stroke_kai
9576,71.88624051008956,62.43475454578407,7756,4,stroke_kai
9577,63.956793915155146,69.37535842987467,9140,5,text_en_1919
9578,47.27664597695871,79.14825584943222,4967,2,octagram
9579,47.328467046031605,81.55392792714882,8969,5,text_en_1919
9580,49.54303516223159,85.15173213634932,799,0,outer_ring
9581,53.71481133786756,85.76426101042736,489,0,outer_ring
9582,54.52865222954131,86.00655268354575,446,0,outer_ring
9583,56.34429435517819,83.64137342223242,9109,5,text_en_1919
9584,56.47834729930244,84.40149902911406,9026,5,text_en_1919
9585,52.973944858713566,80.0503817257833,4796,2,octagram
9586,50.70498003729512,78.86785263282006,4858,2,octagram
9587,49.128688922967896,78.47587445828917,3567,1,inner_ring
9588,47.74349509902762,78.12615949153025,4920,2,octagram
9589,29.608099521244327,60.937691774229314,5142,2,octagram
9590,30.40003754759317,62.480394708455975,5069,2,octagram
9591,30.76589198338726,62.21293950787715,5092,2,octagram
9592,60.58500139785663,99.57140481038454,214,0,outer_ring
9593,62.785610395121815,99.0957776789975,177,0,outer_ring
9594,66.9735609749535,96.1360256856955,80,0,outer_ring
9595,67.85396446590866,95.18193286103045,48,0,outer_ring
9596,71.39879621663596,90.62135394253296,3,0,outer_ring
9597,71.91347117702668,87.87872118454617,9005,5,text_en_1919
9598,74.67486979899928,81.78353501086045,3412,1,inner_ring
9599,76.66885554330572,76.39637231888806,9493,5,text_en_1919
9600,75.98179717149632,77.72651603123761,4610,2,octagram
9601,77.37734102256942,73.31607755189289,4584,2,octagram
9602,81.14819204285519,62.83941201195675,3324,1,inner_ring
9603,81.46267175610399,62.89345785495796,9708,5,text_en_1919
9604,83.40813796520112,56.64902069957834,9800,5,text_en_1919
9605,86.35961291897189,49.2511120354037,9933,5,text_en_1919
9606,88.02449190859718,46.48071212352455,10101,5,text_en_1919
9607,87.19480410349294,46.99533843465028,3257,1,inner_ring
9608,89.25475103658479,44.0536135589667,10095,5,text_en_1919
9609,93.3320049860861,40.24037093889677,10389,5,text_en_1919
9610,94.67143635157193,38.58101969332583,10337,5,text_en_1919
9611,96.85274887852006,35.81238882132908,10506,5,text_en_1919
9612,56.82352086338039,41.89477345288555,8143,4,stroke_kai
9613,57.41412575692191,41.10015470470905,8208,4,stroke_kai
9614,59.94050163304417,37.03070067466794,8286,4,stroke_kai
9615,63.41287077294016,28.21518663309716,8456,4,stroke_kai
9616,63.7259279964686,26.783804761595505,8538,4,stroke_kai
9617,64.29843074857779,24.28883555243081,6149,2,octagram
9618,73.40619404518631,22.877914381790163,4387,1,inner_ring
9619,68.77359660341939,22.174411966522865,4343,1,inner_ring
9620,69.93704842559383,22.44411281612768,8223,4,stroke_kai
9621,66.87843252566894,20.91129765895864,6143,2,octagram
9622,65.1593348752747,19.57757789909836,10987,5,text_en_1919
9623,60.84267800638379,18.84446253426696,4153,1,inner_ring
9624,59.292310738923206,18.491559403705445,11163,5,text_en_1919
9625,56.55413573489332,18.037646588244144,11347,5,text_en_1919
9626,50.17565676355052,17.55362592549058,11229,5,text_en_1919
9627,51.89945670465789,17.879009345824894,2331,0,outer_ring
9628,47.73274676792188,15.420524061287928,1651,0,outer_ring
9629,45.49023819843906,14.187781486036606,1560,0,outer_ring
9630,49.77830895422929,14.68007579970375,2079,0,outer_ring
9631,50.856623821862215,14.741851845086174,2197,0,outer_ring
9632,54.62161836219956,14.472046634022178,2511,0,outer_ring
9633,57.10723866470735,11.234608129808535,2635,0,outer_ring
9634,53.11856862635081,10.912603846342073,2429,0,outer_ring
9635,49.85967850000696,9.714064500121609,2119,0,outer_ring
9636,48.837782467329006,9.372905133877277,1970,0,outer_ring
9637,46.60342915705931,7.891600486449477,1681,0,outer_ring
9638,47.71685908788275,9.52523251364392,1837,0,outer_ring
9639,52.523485493213926,9.768120006613394,2356,0,outer_ring
9640,55.35257816775335,10.095364671667523,2534,0,outer_ring
9641,58.25543081366263,10.212078610116649,2656,0,outer_ring
9642,64.85592181285148,10.505250065502937,2884,0,outer_ring
9643,67.44102859551889,9.879136904665296,11167,5,text_en_1919
9644,73.27789396158082,10.395946331731814,4267,1,inner_ring
9645,73.44155842271785,10.497974908613912,4274,1,inner_ring
9646,74.87735775156945,10.455344264703823,4314,1,inner_ring
9647,67.27342239815198,10.129468328740067,11037,5,text_en_1919
9648,68.53033803807244,6.519180142084835,3116,0,outer_ring
9649,68.28294989978156,4.087550620778195,2947,0,outer_ring
9650,38.38602188924754,25.43571169895786,4042,1,inner_ring
9651,40.65989295577981,25.16989070926278,11115,5,text_en_1919
9652,90.87861291206386,41.909500817223886,4405,1,inner_ring
9653,48.94610029333116,95.78864275399752,727,0,outer_ring
9654,48.574061452600326,95.6604772492726,760,0,outer_ring
9655,45.47432766778765,94.28567649125095,969,0,outer_ring
9656,53.77886639446641,96.88748242863235,450,0,outer_ring
9657,48.73716989568167,95.43092659184366,750,0,outer_ring
9658,44.98918583937996,93.72117803648608,1020,0,outer_ring
9659,43.750248660010826,92.75207745375016,1065,0,outer_ring
9660,39.98686188635128,87.61495118792308,1219,0,outer_ring
9661,37.929388909550205,83.95055729631682,1276,0,outer_ring
9662,37.745002954509104,83.58725625539276,1280,0,outer_ring
9663,33.90570490137138,78.59232933306018,3616,1,inner_ring
9664,30.62548755704546,76.00048479364315,9390,5,text_en_1919
9665,26.873514708929942,72.96170528270972,1379,0,outer_ring
9666,24.060140735721127,68.5405156779259,9559,5,text_en_1919
9667,22.21757869217643,63.02148184461167,9695,5,text_en_1919
9668,21.91683084193677,58.032682689297495,9935,5,text_en_1919
9669,22.430958725768253,55.06532649010402,9991,5,text_en_1919
9670,28.16905212808612,51.03337620607644,3776,1,inner_ring
9671,26.178946461846696,50.97837349562101,10307,5,text_en_1919
9672,31.31620261860999,50.99622573055718,5222,2,octagram
9673,35.86409176789688,50.93975118783555,5309,2,octagram
9674,41.73248293419909,52.03787305157781,6979,3,stroke_nan
9675,42.67488491901461,52.41979512755802,6815,3,stroke_nan
9676,45.5566429436284,53.61903852780273,6775,3,stroke_nan
9677,51.361952466156666,55.40082375577341,6705,3,stroke_nan
9678,55.366524469228665,55.90181413560882,4814,2,octagram
9679,57.13961161730207,55.84318955976133,4752,2,octagram
9680,58.44916228671187,56.508966952331946,7979,4,stroke_kai
9681,60.12595576339071,59.61679263651951,7926,4,stroke_kai
9682,61.38621924278944,63.60825741708699,3450,1,inner_ring
9683,61.769389787626686,68.40149824600304,8771,5,text_en_1919
9684,58.83345337348271,57.28208987567449,7957,4,stroke_kai
9685,53.28507157495655,47.01429632434866,7130,3,stroke_nan
9686,51.66423497680994,44.73048759028591,7280,3,stroke_nan
9687,46.75213794422397,37.20375377743802,5667,2,octagram
9688,49.716164813202965,42.425257600105525,7489,3,stroke_nan
9689,50.0812090213001,42.75800956221792,7463,3,stroke_nan
9690,44.26278148272259,34.64904168200714,5708,2,octagram
9691,43.73929248071785,34.01708608839934,5721,2,octagram
9692,40.022021246561785,31.61497298935094,3967,1,inner_ring
9693,36.67945076896622,30.63079649696842,7285,3,stroke_nan
9694,31.451108053946097,31.95669072071766,5464,2,octagram
9695,29.895361684284477,35.66881843739424,3856,1,inner_ring
9696,35.15804950233064,43.79476431523851,7089,3,stroke_nan
9697,37.284274273028494,47.790507183764376,7073,3,stroke_nan
9698,36.474412396537474,50.32369008995823,5342,2,octagram
9699,29.5748363699052,34.08493365668855,10609,5,text_en_1919
9700,30.47507729324897,31.95927646144389,3890,1,inner_ring
9701,29.56733405208356,31.556994696215053,10709,5,text_en_1919
9702,34.043150628084774,25.81954956018256,10822,5,text_en_1919
9703,37.88557758287227,25.124580703211915,11045,5,text_en_1919
9704,42.33291874823978,25.33191534866762,10924,5,text_en_1919
9705,41.86609713317017,25.120398250547385,11160,5,text_en_1919
9706,48.790056730672624,30.66624034982081,5855,2,octagram
9707,47.836641078964526,29.27981152765418,4091,1,inner_ring
9708,50.24370228894195,32.45185630810684,7557,3,stroke_nan
9709,52.778362178869735,36.40028992851489,5881,2,octagram
9710,55.56453853055488,40.594046367232856,5941,2,octagram
9711,56.79742495792924,41.71588375664398,8190,4,stroke_kai
9712,60.34574432990491,45.01764537724016,8112,4,stroke_kai
9713,64.05528363027616,46.537728560767015,8046,4,stroke_kai
9714,63.807714003338745,46.49183374503869,7996,4,stroke_kai
9715,63.67458198616805,46.42371643388183,8051,4,stroke_kai
9716,71.1146736820115,55.95551492894096,4438,2,octagram
9717,71.17183286260615,56.75444984211877,4463,2,octagram
9718,71.93678588214402,61.586298270955,7816,4,stroke_kai
9719,70.10347469287812,68.73969623834562,4572,2,octagram
9720,47.55606248704212,78.90638291953226,3579,1,inner_ring
9721,47.33980976039344,81.67352063131418,8938,5,text_en_1919
9722,52.17989416130123,85.5083443933294,528,0,outer_ring
9723,51.5269944707492,85.49673457059576,627,0,outer_ring
9724,54.17179839474161,85.92016021171598,464,0,outer_ring
9725,56.50748453458496,86.23756157495166,8580,5,text_en_1919
9726,55.99268441539309,84.30483920399567,8940,5,text_en_1919
9727,52.0039229742403,79.48049668549588,8734,5,text_en_1919
9728,51.08928828699878,78.91591391635737,4849,2,octagram
9729,48.94450049305565,78.29905818603659,4890,2,octagram
9730,47.45470943689595,78.77663108218424,4958,2,octagram
9731,29.518198698906858,61.844985133938565,3702,1,inner_ring
9732,30.38435450372676,62.564318342098105,5056,2,octagram
9733,29.82461631078392,60.43734647848556,6750,3,stroke_nan
9734,57.06667883531332,99.06596810998349,293,0,outer_ring
9735,62.74324747441429,98.93750560220164,178,0,outer_ring
9736,63.09447584163599,98.7692477607538,169,0,outer_ring
9737,67.27007850196787,95.82644444593164,67,0,outer_ring
9738,71.6863908286764,88.93677080105817,8899,5,text_en_1919
9739,71.32299438402194,90.41584892011096,8741,5,text_en_1919
9740,72.98776266215012,85.36965919433132,3433,1,inner_ring
9741,76.06440409861042,77.56040374003348,4608,2,octagram
9742,77.25253591736367,74.16749059373748,3370,1,inner_ring
9743,78.71416893379947,70.01396057020536,3346,1,inner_ring
9744,80.67055182164584,65.33217793802957,3334,1,inner_ring
9745,81.03503115512922,63.65271377568706,4488,2,octagram
9746,84.17920900459194,54.50668161637215,9820,5,text_en_1919
9747,84.88307606313009,53.12527021176101,9781,5,text_en_1919
9748,86.5173943453477,48.31661207129776,6529,2,octagram
9749,87.9153556594049,46.52655171471392,10082,5,text_en_1919
9750,88.91217732233417,44.96574102151992,10064,5,text_en_1919
9751,92.88469446627808,40.59842928046662,10407,5,text_en_1919
9752,94.55447860572212,38.86960151938604,10227,5,text_en_1919
9753,95.69703899370356,37.68279191506111,10277,5,text_en_1919
9754,56.79559280972551,41.4763791082916,6092,2,octagram
9755,58.32207655999687,40.05203804442019,8237,4,stroke_kai
9756,61.39019537900903,32.86284707536089,8307,4,stroke_kai
9757,61.85027324359468,31.744188795842284,8399,4,stroke_kai
9758,63.58361301726935,27.477608634222477,8515,4,stroke_kai
9759,64.33664179053874,24.78891572009409,6194,2,octagram
9760,72.44408976009754,22.980392362981643,6397,2,octagram
9761,70.34833453605964,22.520523649313123,6430,2,octagram
9762,70.48098511459926,22.69342655619429,6438,2,octagram
9763,65.27866610386306,19.72663819795249,10883,5,text_en_1919
9764,61.970990970506776,18.89030297044818,10957,5,text_en_1919
9765,61.91119733749069,18.96144283102216,4166,1,inner_ring
9766,60.97010794087228,18.74483454511429,2840,0,outer_ring
9767,53.8589312556412,18.1646032057195,11085,5,text_en_1919
9768,54.13578303275978,18.11014169874345,11253,5,text_en_1919
9769,50.98995938273847,17.582775853367785,2200,0,outer_ring
9770,48.13949458690527,14.981948661477006,1761,0,outer_ring
9771,47.50155171632615,14.185847719235582,1650,0,outer_ring
9772,47.90674011849643,15.34998967453891,1704,0,outer_ring
9773,50.71326453054666,14.697249491900926,2187,0,outer_ring
9774,55.39318357803999,14.136174905387392,2567,0,outer_ring
9775,55.60973777116604,14.107188386513052,2579,0,outer_ring
9776,51.890136897297324,13.106089440042716,2313,0,outer_ring
9777,49.26326733196578,10.314926233294948,2027,0,outer_ring
9778,48.16732155149726,10.275688729253076,1888,0,outer_ring
9779,46.51774497467631,7.708812286322548,1671,0,outer_ring
9780,49.716852250546296,9.726154094008535,2092,0,outer_ring
9781,51.02726142084553,9.365740651515624,2205,0,outer_ring
9782,54.56063346026158,10.021025872609194,2486,0,outer_ring
9783,59.499803621780174,10.255610946768977,2722,0,outer_ring
9784,63.46376010340937,10.397930275004144,2870,0,outer_ring
9785,67.20088012095454,9.944659848147865,11292,5,text_en_1919
9786,70.77812210649941,9.94753818268758,6107,2,octagram
9787,73.40335537465964,10.428277861327302,4270,1,inner_ring
9788,77.25992987146697,10.39483304921128,4355,1,inner_ring
9789,68.56810781083092,5.915497795804072,3082,0,outer_ring
9790,68.28088382545468,7.67844640979898,3149,0,outer_ring
9791,68.57820971531827,3.8349613811558,2992,0,outer_ring
9792,36.04714463997644,25.125495635252197,1428,0,outer_ring
9793,38.10258535443032,25.365788932091103,10889,5,text_en_1919
9794,90.74389912345634,42.1219938786634,4415,1,inner_ring
9795,49.130428346807165,95.89101370072392,705,0,outer_ring
9796,47.55711304152829,94.9442089215369,820,0,outer_ring
9797,43.240625098637686,92.1734978596321,1110,0,outer_ring
9798,53.262156051400936,96.8635767905454,472,0,outer_ring
9799,50.28981917303226,95.92410712059647,623,0,outer_ring
9800,47.39021734680011,95.0162308522082,832,0,outer_ring
9801,43.65944827119738,92.69435170337968,1074,0,outer_ring
9802,42.15430091213522,90.64615592762571,1143,0,outer_ring
9803,39.23961457540633,85.92753706266484,8798,5,text_en_1919
9804,34.54799151029832,79.16527030986475,3607,1,inner_ring
9805,33.69825737477045,78.65606252472136,1346,0,outer_ring
9806,26.62475120668102,72.24855288393469,9505,5,text_en_1919
9807,28.197118493440943,74.10659985600648,9308,5,text_en_1919
9808,23.556953248391995,67.76257061876323,9545,5,text_en_1919
9809,22.23769617120933,63.4419931181394,9682,5,text_en_1919
9810,22.30175767813781,55.67994867030762,9961,5,text_en_1919
9811,24.158770949922275,51.90368067425855,10416,5,text_en_1919
9812,26.333829564045352,50.99757986689608,10289,5,text_en_1919
9813,31.684060573379632,51.02569195985619,5223,2,octagram
9814,31.14139977996121,51.14784931273123,3737,1,inner_ring
9815,33.978070747951165,51.170034812080765,5297,2,octagram
9816,38.676129647106514,49.8110817721381,6965,3,stroke_nan
9817,40.97087401396337,51.78184147864398,6839,3,stroke_nan
9818,44.59649573687063,53.16494155157711,6855,3,stroke_nan
9819,49.4344507187842,55.11079055837096,5017,2,octagram
9820,53.94764377367669,55.62458879343347,4839,2,octagram
9821,57.29419869016259,56.66624811513599,3496,1,inner_ring
9822,58.99834754250316,57.275448569922624,7961,4,stroke_kai
9823,60.46758469035763,60.5336487889622,7875,4,stroke_kai
9824,61.50800851479698,63.01115492303274,3437,1,inner_ring
9825,61.67900054446869,65.955697464363,9146,5,text_en_1919
9826,57.39366919834292,55.55941777637258,7589,4,stroke_kai
9827,56.78970645770884,53.57206030834493,7680,4,stroke_kai
9828,51.91164779053671,45.273871230046346,7185,3,stroke_nan
9829,45.863308736947545,36.787383454373774,5598,2,octagram
9830,48.78590229225311,40.01831227896582,7574,3,stroke_nan
9831,50.592324578571976,43.52869071872411,7364,3,stroke_nan
9832,43.78669093239394,34.055524605535425,5717,2,octagram
9833,40.611871135260806,31.75813294497635,3984,1,inner_ring
9834,41.0987768693978,32.02888258654044,5737,2,octagram
9835,36.30760034521079,30.58725626664873,7246,3,stroke_nan
9836,34.12414833133201,30.692590492233904,7346,3,stroke_nan
9837,29.655994215628336,35.81481839343601,10562,5,text_en_1919
9838,31.512044640560827,38.785340549640736,5409,2,octagram
9839,37.728268331652686,48.26871540424473,7036,3,stroke_nan
9840,37.10454890373086,49.73541512954586,5362,2,octagram
9841,29.632605788759378,36.23387836848221,10538,5,text_en_1919
9842,29.62226017051478,30.276045904280952,10769,5,text_en_1919
9843,29.71876530407368,29.403861443151747,10799,5,text_en_1919
9844,31.507647010310336,27.109367636666057,5531,2,octagram
9845,36.122056481821744,25.272248498898637,3986,1,inner_ring
9846,42.38967952395109,25.4705955725896,10919,5,text_en_1919
9847,45.3877830580224,26.764689001823992,11014,5,text_en_1919
9848,48.278013263847846,29.748088637547596,4098,1,inner_ring
9849,48.92742230924316,30.80295681418757,5860,2,octagram
9850,52.698422014287104,35.93240806726759,4121,1,inner_ring
9851,52.29460624959555,35.590570976282166,11084,5,text_en_1919
9852,55.41538767139179,40.60852608942308,5929,2,octagram
9853,56.92035959386376,41.076447510086666,6070,2,octagram
9854,59.97670551170469,44.77662448369754,8221,4,stroke_kai
9855,61.84512368315272,45.653899221022456,8115,4,stroke_kai
9856,67.11007212664288,47.57973481405058,7868,4,stroke_kai
9857,66.28179549375851,47.307413866710135,7923,4,stroke_kai
9858,69.99961705680192,52.66857341278285,6515,2,octagram
9859,71.38286593153455,57.624472992390125,4467,2,octagram
9860,71.74704150221433,63.22252621008134,7727,4,stroke_kai
9861,65.12588839078396,69.43415113191668,7624,4,stroke_kai
9862,48.70504363376212,79.50745613007277,8622,5,text_en_1919
9863,49.40159416335875,85.16981632020622,818,0,outer_ring
9864,48.84343248948761,84.54489516734543,909,0,outer_ring
9865,50.64798417198715,85.5117680060898,710,0,outer_ring
9866,54.05610943758755,85.77487692483919,470,0,outer_ring
9867,56.63988769025601,85.20179573921476,8837,5,text_en_1919
9868,56.50349761053857,85.19290709653725,8769,5,text_en_1919
9869,54.223212009923465,81.34789745375814,9152,5,text_en_1919
9870,50.881760667518336,78.92493299964114,3550,1,inner_ring
9871,48.458382380965546,78.11726081627324,4901,2,octagram
9872,47.497546347272895,78.71891675905715,4955,2,octagram
9873,29.54902786375803,61.24201188036727,5140,2,octagram
9874,29.51263172931779,61.266481206860185,5144,2,octagram
9875,30.280947471229798,62.44574132072152,5078,2,octagram
9876,58.78134140833377,99.708187970022,269,0,outer_ring
9877,64.50935643058332,98.15059314006584,110,0,outer_ring
9878,62.39259395679231,99.1617734626246,196,0,outer_ring
9879,66.76286127148657,96.29931316418646,85,0,outer_ring
9880,69.73941016913295,93.12780415127416,22,0,outer_ring
9881,72.53640887954236,86.13379909788725,9088,5,text_en_1919
9882,72.87337784443854,85.91152649504916,9030,5,text_en_1919
9883,74.49192764875613,82.56501032579942,9385,5,text_en_1919
9884,77.60966269746507,73.6354741996497,9517,5,text_en_1919
9885,79.07519172504452,69.19639221827084,9687,5,text_en_1919
9886,79.78777708564844,67.82042162442822,9669,5,text_en_1919
9887,82.28201422809984,59.36566990921291,3312,1,inner_ring
9888,82.94192279252937,57.76405959988227,3304,1,inner_ring
9889,83.96221109753148,54.59565654343543,6575,2,octagram
9890,87.81549686564368,46.4334450085414,3250,1,inner_ring
9891,89.58748749026034,43.44463252144173,10087,5,text_en_1919
9892,91.3295758032773,41.76271090220932,10329,5,text_en_1919
9893,95.29244077708584,37.793496896950174,10276,5,text_en_1919
9894,94.55839824592348,38.461672350028365,10464,5,text_en_1919
9895,96.64290036348328,36.11011521033183,10469,5,text_en_1919
9896,56.42726850761748,40.412695393881314,6018,2,octagram
9897,58.7757385862497,39.21555530971541,8251,4,stroke_kai
9898,61.80099222668037,31.989905822214684,8319,4,stroke_kai
9899,62.80842551774413,29.970058177895528,8377,4,stroke_kai
9900,64.06345565701643,26.145011665367967,6234,2,octagram
9901,66.9121236093011,22.669379529040302,6328,2,octagram
9902,72.10545857476892,22.73970087456002,6387,2,octagram
9903,72.92144903714802,22.892904814745737,6362,2,octagram
9904,67.273309504322,21.247474539907625,6287,2,octagram
9905,64.35197380958076,19.20247847451788,10944,5,text_en_1919
9906,64.54689413518847,19.44352263596914,10876,5,text_en_1919
9907,59.64007864711874,18.444893928369343,2759,0,outer_ring
9908,56.46001814316587,18.13828844236636,11219,5,text_en_1919
9909,56.67943241708241,18.16532869556759,11173,5,text_en_1919
9910,51.20231820727882,17.65481196408938,2216,0,outer_ring
9911,51.33824434814094,17.735219653222227,2223,0,outer_ring
9912,47.79922341135688,15.530977015924258,1659,0,outer_ring
9913,46.68290739581971,15.323554440640931,1602,0,outer_ring
9914,47.96585084127532,15.44638754536367,1718,0,outer_ring
9915,50.5326507334964,14.638677152981636,2176,0,outer_ring
9916,53.01313051097878,14.664360015469208,2435,0,outer_ring
9917,57.1125102218608,11.003547656196917,2633,0,outer_ring
9918,53.55832260302569,10.562188969334656,2463,0,outer_ring
9919,49.328769008182775,10.389279323645276,2039,0,outer_ring
9920,47.88584857774768,9.925429696598762,1856,0,outer_ring
9921,46.576518764784,7.707279340680998,1683,0,outer_ring
9922,49.12754151015192,10.424948821590036,2000,0,outer_ring
9923,52.7925545463638,11.4725989120994,2386,0,outer_ring
9924,54.805220590036384,9.904580162665802,2496,0,outer_ring
9925,58.69354829928236,10.254499191504507,2682,0,outer_ring
9926,65.62643280365407,10.478334175383054,2906,0,outer_ring
9927,67.69886667553625,9.106702550022971,3121,0,outer_ring
9928,72.8708520155833,10.480320593941734,4252,1,inner_ring
9929,77.15734357798709,10.480712043122686,4358,1,inner_ring
9930,77.76039455786304,10.396171226381142,10685,5,text_en_1919
9931,68.38058558311603,6.138997322345944,3054,0,outer_ring
9932,68.43132477509805,5.755123768276199,3044,0,outer_ring
9933,68.08988672506933,7.465529296074777,3074,0,outer_ring
9934,36.3760496314395,25.115086809122097,1448,0,outer_ring
9935,38.15317527977184,25.4606638667816,4036,1,inner_ring
9936,93.4053257633716,40.24970869057002,10299,5,text_en_1919
9937,49.50725901403293,95.7388609349542,674,0,outer_ring
9938,47.63314115534319,95.20454161946093,805,0,outer_ring
9939,45.66190178543837,94.4965600657758,950,0,outer_ring
9940,57.0880011935008,98.73945626599031,291,0,outer_ring
9941,50.43880913897642,96.06706014165664,603,0,outer_ring
9942,45.42979309675047,94.1585095307914,972,0,outer_ring
9943,42.32461433304104,90.9719461529451,1133,0,outer_ring
9944,41.13437090189706,89.30792461277974,1194,0,outer_ring
9945,39.902139390235,87.32028359430876,1225,0,outer_ring
9946,37.97328149622491,84.05046088139541,1274,0,outer_ring
9947,32.155816569746605,77.2745486779723,3624,1,inner_ring
9948,27.462184433463705,73.08048291459234,3665,1,inner_ring
9949,24.633849530968664,69.24181928091681,9634,5,text_en_1919
9950,25.24147774921042,70.42477678050572,9583,5,text_en_1919
9951,22.359306164328625,64.06352673278099,9649,5,text_en_1919
9952,22.22372799661796,55.8681523729058,9960,5,text_en_1919
9953,22.529418744492908,55.55188820229826,9894,5,text_en_1919
9954,26.83627236949567,50.931708520721216,10157,5,text_en_1919
9955,30.35996795027523,50.94019381332057,3751,1,inner_ring
9956,33.126932803259656,50.89913857637553,5277,2,octagram
9957,36.08978910748087,50.69005881465147,5327,2,octagram
9958,43.09031129930898,52.6023876281872,6754,3,stroke_nan
9959,41.54867118817843,51.981247732196735,6899,3,stroke_nan
9960,48.97067997956784,54.91024270739275,5032,2,octagram
9961,51.1025064513533,55.40775960425637,6589,3,stroke_nan
9962,54.11391981893817,55.87888844433964,4841,2,octagram
9963,56.83337253029895,55.82626703342755,4789,2,octagram
9964,58.78781559645702,57.26813679409324,4678,2,octagram
9965,61.00374805836845,61.51442426216382,7772,4,stroke_kai
9966,61.60535337359006,65.39932055644078,9179,5,text_en_1919
9967,61.69135962509668,67.32226793368609,9003,5,text_en_1919
9968,58.043855234218064,55.99581330347055,4655,2,octagram
9969,55.96533244474406,52.37729448466927,7707,4,stroke_kai
9970,53.5008341438538,47.57169252346471,7077,3,stroke_nan
9971,48.68506707163698,39.919428524825925,5631,2,octagram
9972,50.21950999081104,43.01373112352303,7422,3,stroke_nan
9973,50.39598534982313,43.2486103893431,7380,3,stroke_nan
9974,47.106685451293245,37.60333133906271,5650,2,octagram
9975,41.7513607340233,32.06196557642181,5756,2,octagram
9976,40.06314220784226,31.53546808079459,3973,1,inner_ring
9977,33.70302598690971,31.01685405128804,5545,2,octagram
9978,30.795611102378967,32.0452971188939,5492,2,octagram
9979,29.634373281948083,33.01906104862685,10636,5,text_en_1919
9980,30.60275602049291,37.69579882147582,5415,2,octagram
9981,35.53642506934939,44.329870192038186,7125,3,stroke_nan
9982,36.678261279273855,50.21515330773787,5349,2,octagram
9983,29.586724675097603,36.1899685318471,10544,5,text_en_1919
9984,29.738273165956286,29.66532358253839,10782,5,text_en_1919
9985,29.54343464155564,30.840344871156425,10757,5,text_en_1919
9986,33.51612689119602,25.918112376480536,10849,5,text_en_1919
9987,36.29567145008893,25.07815864440968,1442,0,outer_ring
9988,39.92995664447655,25.162159037483924,1502,0,outer_ring
9989,42.70938673314846,25.308146406975567,11236,5,text_en_1919
9990,45.048363438826485,26.50039863279473,11205,5,text_en_1919
9991,50.3779902238279,33.10497637080688,7507,3,stroke_nan
9992,50.4513189934235,32.9327463796096,7546,3,stroke_nan
9993,52.11224762389534,35.72741492328922,7412,3,stroke_nan
9994,56.27158749062292,41.65530888692472,8439,4,stroke_kai
9995,55.5686941308395,40.958249847556864,8541,4,stroke_kai
9996,60.90656032758712,45.34980313927268,8123,4,stroke_kai
9997,60.71356757908208,45.23256586067792,8094,4,stroke_kai
9998,65.58917350476575,46.97336144326196,7984,4,stroke_kai
9999,67.59651690131143,47.81916261999272,6481,2,octagram
10000,68.9790868398231,49.71089520034066,6487,2,octagram
10001,71.7226178897177,63.235674562920245,7721,4,stroke_kai
10002,71.77280593467648,62.29353960695856,7767,4,stroke_kai
10003,66.88204169543756,69.5323270972099,7600,4,stroke_kai
10004,47.74208730526355,78.44932682295992,4936,2,octagram
10005,47.398594468066094,81.74943932189268,8927,5,text_en_1919
10006,51.50013789945537,85.45837020274791,630,0,outer_ring
10007,51.72684691499743,85.51244320334979,596,0,outer_ring
10008,55.99453656818568,86.28890407969014,375,0,outer_ring
10009,56.68096097164256,85.42155877566954,8718,5,text_en_1919
10010,55.90314634153549,84.11546672919857,8973,5,text_en_1919
10011,53.10454608113686,80.14828871939638,3525,1,inner_ring
10012,50.7097674847529,78.91898776617882,3553,1,inner_ring
10013,50.41965191792569,78.88513480318393,3555,1,inner_ring
10014,47.47095576926301,78.87917589903131,4959,2,octagram
10015,29.552391025139865,60.55483522439711,5161,2,octagram
10016,30.581187223063075,62.45005585183575,5065,2,octagram
10017,29.879396529464387,60.65127050278684,6700,3,stroke_nan
10018,60.88859481978177,99.66929404244928,211,0,outer_ring
10019,63.28277963280739,98.85713255844212,164,0,outer_ring
10020,63.30970552668733,98.78758291320575,162,0,outer_ring
10021,69.14347005607611,93.6812489881752,8619,5,text_en_1919
10022,70.14828171906498,92.34063289022691,8643,5,text_en_1919
10023,71.54855792726003,89.74301283820955,8775,5,text_en_1919
10024,73.5327988493446,84.50996069545678,3421,1,inner_ring
10025,76.26954100095246,77.11275477835258,4600,2,octagram
10026,77.73031469959815,72.87484565508765,9563,5,text_en_1919
10027,78.3545484265379,70.81145595850276,3350,1,inner_ring
10028,81.53390081038019,62.478831992116525,9737,5,text_en_1919
10029,81.07144555268947,63.66055168837153,4485,2,octagram
10030,83.22431880391656,56.79025117230662,4422,2,octagram
10031,84.35307758103741,54.016783180601166,9902,5,text_en_1919
10032,87.16527571045219,47.42868944912409,9967,5,text_en_1919
10033,88.19855068909312,46.422837278044206,10044,5,text_en_1919
10034,90.94727788251151,42.090060079905626,10291,5,text_en_1919
10035,92.9268471546574,40.55626171163312,10443,5,text_en_1919
10036,96.5100404429646,36.196996649535485,10477,5,text_en_1919
10037,96.77612768523517,35.91485492662065,10498,5,text_en_1919
10038,56.34136353533966,40.50069171371806,6005,2,octagram
10039,57.98265193244963,40.35482401326562,8197,4,stroke_kai
10040,59.95083715149367,36.65882471376612,8292,4,stroke_kai
10041,62.76430072770934,30.18098401979025,8355,4,stroke_kai
10042,64.29220110111508,24.85857658687884,6187,2,octagram
10043,65.45933694112308,23.36362448495266,6246,2,octagram
10044,72.51734551055085,22.493268791158165,6351,2,octagram
10045,73.57571568467154,22.847815367419784,4386,1,inner_ring
10046,66.87930995431002,20.976223753422342,6256,2,octagram
10047,66.9846242271401,20.92081069224027,6258,2,octagram
10048,64.70593824459402,19.48104695824416,10888,5,text_en_1919
10049,62.46779269393824,19.027587183223385,6027,2,octagram
10050,59.65133248292543,18.324926975975128,2758,0,outer_ring
10051,53.40088622839173,18.117210500038297,11042,5,text_en_1919
10052,53.98798287654547,18.180107928410973,11007,5,text_en_1919
10053,48.33398313505911,16.56174183390474,1759,0,outer_ring
10054,49.197823201686255,16.988911829244042,1953,0,outer_ring
10055,47.45549672115381,14.324700233343144,1641,0,outer_ring
10056,50.14240625792743,14.667593553676944,2139,0,outer_ring
10057,51.858001306436826,12.82252402099109,2308,0,outer_ring
10058,55.19442705708576,14.198513570964169,2553,0,outer_ring
10059,55.32996915026952,14.189778199016937,2562,0,outer_ring
10060,51.94116360749854,12.682937319052584,2320,0,outer_ring
10061,47.93585862864189,10.027371000819764,1863,0,outer_ring
10062,48.74206502369857,9.521925871825886,1960,0,outer_ring
10063,47.77869817473978,7.179356122017488,1876,0,outer_ring
10064,49.648937166940414,9.282977853175012,2084,0,outer_ring
10065,53.5978835111375,10.426359578683268,2467,0,outer_ring
10066,59.67526306339034,10.366810641094602,2727,0,outer_ring
10067,59.21703476354169,10.35763535997502,2710,0,outer_ring
10068,65.74319682358177,10.318048035234526,2911,0,outer_ring
10069,66.17158530611952,10.399833236528451,2929,0,outer_ring
10070,69.0430458462471,8.961773959301048,3200,0,outer_ring
10071,73.6918143238934,10.483765570695446,4286,1,inner_ring
10072,76.22561925910134,10.462242964255474,10807,5,text_en_1919
10073,68.30337727642215,6.188542036187876,3039,0,outer_ring
10074,68.48567098312353,7.131757582838837,3152,0,outer_ring
10075,68.5549941755155,4.534536983740871,3017,0,outer_ring
10076,36.17237224123658,25.26099079400568,1432,0,outer_ring
10077,39.736777162670535,25.262085278739896,1483,0,outer_ring
10078,93.10686984874329,40.28559691408813,10461,5,text_en_1919
10079,50.79544399163662,96.17759169025103,567,0,outer_ring
10080,49.39402313615052,95.76643618439245,686,0,outer_ring
10081,44.59890470346469,93.58588887093909,1039,0,outer_ring
10082,54.20758940236118,97.00590206332302,425,0,outer_ring
10083,50.62838012762735,96.043333832635,586,0,outer_ring
10084,45.48961318941184,94.31525746192634,967,0,outer_ring
10085,43.37141558387198,92.36098669436308,1095,0,outer_ring
10086,41.51966910241781,90.00521253151125,1173,0,outer_ring
10087,38.91888297215559,85.67705629395843,1265,0,outer_ring
10088,34.49797162093384,79.17327628746557,9117,5,text_en_1919
10089,33.47963020844996,78.30415305815603,9374,5,text_en_1919
10090,27.048074967951063,72.73690448127104,9479,5,text_en_1919
10091,23.362844034342015,67.41026179126618,9550,5,text_en_1919
10092,22.17038537438657,63.70678186465023,9655,5,text_en_1919
10093,21.888429322720143,60.902030850732686,9730,5,text_en_1919
10094,22.45468295207836,54.823129647343,9993,5,text_en_1919
10095,24.898291484213114,51.456649719219946,10288,5,text_en_1919
10096,24.29095505686752,52.098078670743575,10145,5,text_en_1919
10097,27.87636048840824,50.96707160194532,3793,1,inner_ring
10098,32.06017658904929,51.18246799754981,3732,1,inner_ring
10099,36.72355293620025,49.95216127365183,5358,2,octagram
10100,41.538259401083096,51.97482132599894,7026,3,stroke_nan
10101,45.941332494523664,53.83667651832843,6662,3,stroke_nan
10102,45.92956119927202,53.85895524910929,6622,3,stroke_nan
10103,51.74887831749711,55.30504714373582,6904,3,stroke_nan
10104,54.11866476021524,55.82847708070343,4838,2,octagram
10105,57.12371458624546,55.77566176907453,4759,2,octagram
10106,58.065096594163045,56.15138437877946,4723,2,octagram
10107,61.580896055418535,65.05191077542301,9223,5,text_en_1919
10108,61.84122882899746,68.36216154624613,8819,5,text_en_1919
10109,61.75842612929677,65.53952826154945,9234,5,text_en_1919
10110,57.19662660773711,55.57889652667875,7583,4,stroke_kai
10111,54.01911663142836,48.25642196393466,6944,3,stroke_nan
10112,51.94606406979612,45.47793561929666,7168,3,stroke_nan
10113,46.2236532168543,36.84703192426718,5678,2,octagram
10114,49.30054920278948,41.30427573678709,7519,3,stroke_nan
10115,51.55018780854691,44.55601109683008,7332,3,stroke_nan
10116,43.463025776900025,33.62257331211218,5728,2,octagram
10117,40.16951800550485,31.75085786188868,3968,1,inner_ring
10118,36.08833664928671,30.32340055999028,7301,3,stroke_nan
10119,36.87871140853719,30.84421491873253,7227,3,stroke_nan
10120,30.55141542696757,32.09298536685262,3883,1,inner_ring
10121,29.73058103054911,36.49135509776081,3832,1,inner_ring
10122,34.090911154366246,42.29385056980861,5378,2,octagram
10123,35.7526338909239,44.40323838122941,7175,3,stroke_nan
10124,36.458915156188006,50.3134016837831,5346,2,octagram
10125,29.251878061095915,34.88378378277052,1402,0,outer_ring
10126,30.29712052861308,31.93860897124405,3889,1,inner_ring
10127,29.539283726508984,30.408433346893656,10772,5,text_en_1919
10128,33.59371307017804,25.84717451489268,10857,5,text_en_1919
10129,36.760968368118775,25.22348720231956,11245,5,text_en_1919
10130,40.28717823755885,25.151879379286164,1529,0,outer_ring
10131,45.30818688747931,26.73092689284564,10961,5,text_en_1919
10132,45.82633772636968,27.26060385325241,10963,5,text_en_1919
10133,50.15854136998408,32.48081441051835,7561,3,stroke_nan
10134,52.87115522719707,36.45051197353022,5884,2,octagram
10135,54.02770899257398,38.35684993529964,4135,1,inner_ring
10136,56.190175939325385,40.61040725681647,5983,2,octagram
10137,56.399956634464765,41.906156465086326,8267,4,stroke_kai
10138,60.69012397190405,45.16254184835749,8107,4,stroke_kai
10139,63.51142428845084,46.18260948143645,6445,2,octagram
10140,66.56293269094125,47.2836390220355,7992,4,stroke_kai
10141,63.87011697677624,46.41010337246473,8045,4,stroke_kai
10142,69.8547901625946,51.7598337947243,6505,2,octagram
10143,71.6002593710344,58.71025213236599,7845,4,stroke_kai
10144,71.79265239022789,63.37810725990244,7708,4,stroke_kai
10145,70.67426583074183,67.09904103667333,7673,4,stroke_kai
10146,47.0925923405454,79.61846047316101,3594,1,inner_ring
10147,47.34993143282581,81.8169741178182,8926,5,text_en_1919
10148,51.03416850540054,85.60040160712761,658,0,outer_ring
10149,54.58856501786303,86.04528597993314,441,0,outer_ring
10150,55.72133000787784,86.35586312102168,395,0,outer_ring
10151,56.55081890333746,85.74299864334048,8670,5,text_en_1919
10152,56.13280804491178,83.72726854279918,9069,5,text_en_1919
10153,52.52022745580067,79.80780952304612,8609,5,text_en_1919
10154,51.00436782892668,78.9420831755286,3547,1,inner_ring
10155,50.47634774641836,78.9432345586149,9034,5,text_en_1919
10156,49.41253799029335,78.45398101521712,4878,2,octagram
10157,29.45284747909064,60.66825700239657,5170,2,octagram
10158,29.6893275401418,61.39373861344298,5131,2,octagram
10159,29.924916694036277,62.40302151993565,3684,1,inner_ring
10160,55.78871411803748,97.9215413999159,366,0,outer_ring
10161,60.15690234440495,99.4953931730536,227,0,outer_ring
10162,63.76773356028354,98.57508472573836,140,0,outer_ring
10163,69.68715077688182,92.96239585121027,8704,5,text_en_1919
10164,71.59005223709389,89.25450810617258,8878,5,text_en_1919
10165,73.2978437525546,85.34428047491907,9259,5,text_en_1919
10166,74.70055880172903,81.64871109571115,3410,1,inner_ring
10167,74.97039086884149,80.98048043173193,3403,1,inner_ring
10168,77.27960912625208,74.0196516852199,4587,2,octagram
10169,79.27438398126168,69.13401536880642,9629,5,text_en_1919
10170,81.6461930379423,61.88265059715186,3314,1,inner_ring
10171,81.07873517768665,63.71621632907488,4491,2,octagram
10172,84.38986068504379,53.965604111239735,9842,5,text_en_1919
10173,85.1582359623023,52.347944035605,9864,5,text_en_1919
10174,87.81977215647763,46.73592971087582,10051,5,text_en_1919
10175,89.63667428428002,43.40088877678788,10077,5,text_en_1919
10176,90.66189899325524,42.18244568503599,3227,1,inner_ring
10177,94.34710030618632,39.3192587912848,10183,5,text_en_1919
10178,96.62591444505074,36.15012393431307,10452,5,text_en_1919
10179,97.19060461409244,35.703283408917,10489,5,text_en_1919
10180,56.734173617344496,41.62633763711459,8529,4,stroke_kai
10181,57.75414976016817,40.67271527313632,8204,4,stroke_kai
10182,59.97693590825688,36.59807610624034,8317,4,stroke_kai
10183,61.34586223920555,32.33677179553755,8463,4,stroke_kai
10184,64.38467119902471,24.785068376544366,6213,2,octagram
10185,65.58444973028466,23.399666720315278,6249,2,octagram
10186,74.10470812652264,22.971381002531828,10632,5,text_en_1919
10187,72.86591446761805,22.77872519556667,6358,2,octagram
10188,70.35881664791172,22.619309108978445,6439,2,octagram
10189,64.46485138195989,19.405992839225423,10882,5,text_en_1919
10190,62.16212170105571,19.01090340015576,4178,1,inner_ring
10191,60.37110680481104,18.71182732832264,2808,0,outer_ring
10192,58.02963967481704,18.183597848105343,11332,5,text_en_1919
10193,53.68153173318333,18.151209347899197,11132,5,text_en_1919
10194,51.26488155489587,17.93891455474897,11108,5,text_en_1919
10195,51.66992310039835,17.811800659282003,2298,0,outer_ring
10196,47.64600041300005,15.661848409459717,1632,0,outer_ring
10197,46.43307493594425,13.9623240696234,1604,0,outer_ring
10198,49.36926668691586,14.679983810023463,2004,0,outer_ring
10199,51.81622121832113,13.183240098663076,2301,0,outer_ring
10200,53.619253538466886,14.805179397614635,2479,0,outer_ring
10201,56.47777395149825,13.069392277657611,2601,0,outer_ring
10202,51.45648224445338,13.576143496717648,2234,0,outer_ring
10203,50.20610169991692,9.518610434582222,2158,0,outer_ring
10204,47.919506861698935,10.267657760927795,1857,0,outer_ring
10205,49.69413189810236,8.516089582533482,2095,0,outer_ring
10206,49.97705679246551,9.764392600495754,2133,0,outer_ring
10207,52.672263677745626,11.573754308870242,2374,0,outer_ring
10208,55.37774457396239,10.108984679713076,2537,0,outer_ring
10209,58.989693567384045,10.093539961196498,2695,0,outer_ring
10210,66.42715319863082,10.471511991303563,11078,5,text_en_1919
10211,67.69197618858993,9.105701212007446,3112,0,outer_ring
10212,69.83304581725814,9.522971760341797,6093,2,octagram
10213,77.22842097241897,10.447076043653894,4357,1,inner_ring
10214,76.34801347548458,10.342850233010845,10850,5,text_en_1919
10215,67.53528335778473,9.712885559357026,3143,0,outer_ring
10216,68.50951648559891,7.45115578319745,3171,0,outer_ring
10217,68.2425604711739,7.176890748975531,3099,0,outer_ring
10218,38.51513710262067,25.436595900310657,5766,2,octagram
10219,40.61924924595389,24.90874241789967,1550,0,outer_ring
10220,90.9188578955721,41.96837654209574,4408,1,inner_ring
10221,50.99706719619272,96.29652522006764,546,0,outer_ring
10222,48.52025840742385,95.56099494867163,767,0,outer_ring
10223,44.93558795044523,93.61504743844247,1027,0,outer_ring
10224,56.095902280903104,98.26910874892025,340,0,outer_ring
10225,49.3979689939017,95.7298612737438,687,0,outer_ring
10226,45.61070481704815,94.38741807673014,954,0,outer_ring
10227,41.735391675336245,90.06953174543374,1166,0,outer_ring
10228,41.40113133674447,89.4429291157661,8665,5,text_en_1919
10229,40.20416310628416,88.0319267324215,1208,0,outer_ring
10230,34.025574473557214,78.7851204138943,9291,5,text_en_1919
10231,33.753757258375344,78.67749304339154,1345,0,outer_ring
10232,29.470429069279323,75.16427729021075,9332,5,text_en_1919
10233,24.04066848485557,68.54244723224856,9551,5,text_en_1919
10234,23.767252154121135,68.06747072968824,9579,5,text_en_1919
10235,22.288652726110858,64.0112710166828,9620,5,text_en_1919
10236,21.94468564177013,59.02457837534683,9874,5,text_en_1919
10237,24.304708343556964,51.82801216275418,10399,5,text_en_1919
10238,24.26066197760981,52.02306493148715,10156,5,text_en_1919
10239,28.151343541847684,50.98981793909838,3782,1,inner_ring
10240,33.029788576325345,51.12531237429332,5217,2,octagram
10241,33.22238281199772,51.04487547987226,5271,2,octagram
10242,41.34929220983325,51.907593527545856,6876,3,stroke_nan
10243,45.89427172633445,53.69916398640837,6787,3,stroke_nan
10244,45.31574760261272,53.66529228661306,6646,3,stroke_nan
10245,49.01561996961021,54.9315384545717,5034,2,octagram
10246,52.36391733073409,55.54912083577599,6809,3,stroke_nan
10247,58.32621837331767,57.13666640261891,4703,2,octagram
10248,58.57835387597523,57.27856912651336,4699,2,octagram
10249,61.56726971919766,65.04056388495516,9221,5,text_en_1919
10250,61.75165441406128,67.17453963835395,9074,5,text_en_1919
10251,61.444185910147446,63.43904004979068,4692,2,octagram
10252,57.16090977837375,55.55909388370824,7634,4,stroke_kai
10253,55.47226970929364,51.085871817114494,7808,4,stroke_kai
10254,53.97351036387673,48.604206683452425,6912,3,stroke_nan
10255,47.188837631892696,37.50717174744876,5653,2,octagram
10256,48.73907786473449,39.84809007210307,5636,2,octagram
10257,50.03405471957916,42.972846653225616,7428,3,stroke_nan
10258,46.15662693815732,36.87614879130724,5606,2,octagram
10259,44.63606081013012,35.459786785157,5579,2,octagram
10260,36.645052346331006,30.713824095995413,7235,3,stroke_nan
10261,33.563123509065576,31.17823405904947,5542,2,octagram
10262,30.32808288004938,32.1048066253436,3873,1,inner_ring
10263,29.552650782105776,33.045996719409544,10641,5,text_en_1919
10264,35.610736126938534,44.2999975893045,7135,3,stroke_nan
10265,37.83478125014629,48.28928662886678,7037,3,stroke_nan
10266,36.27056968076735,50.70993287137488,5330,2,octagram
10267,29.590899794505123,36.01321289208205,10567,5,text_en_1919
10268,31.11101953446465,31.962339026981557,5483,2,octagram
10269,30.132820374183662,28.556693464233145,3894,1,inner_ring
10270,30.66942408765755,27.766141266681743,3904,1,inner_ring
10271,38.347363741523175,25.211696049939395,10908,5,text_en_1919
10272,43.47813794676808,25.48147450502598,11238,5,text_en_1919
10273,46.10372149367412,27.61585088246526,4070,1,inner_ring
10274,46.27389225794549,27.812229927049135,5800,2,octagram
10275,48.96081136118702,30.59458664607959,5852,2,octagram
10276,50.87456316058523,33.9135680148298,7468,3,stroke_nan
10277,52.50543170279863,36.10516297087566,4113,1,inner_ring
10278,56.21272665562787,41.60067213465933,8440,4,stroke_kai
10279,56.6165862744256,41.46705145128925,5973,2,octagram
10280,60.62259325831486,45.12160499716637,8133,4,stroke_kai
10281,60.66930597710025,45.19283102619778,8095,4,stroke_kai
10282,66.17901200013003,47.1872218445613,8028,4,stroke_kai
10283,66.40539933012283,47.452444567787246,7788,4,stroke_kai
10284,68.85451791072701,49.70854212041481,6486,2,octagram
10285,71.8997955811772,62.46369804397861,7762,4,stroke_kai
10286,70.8320456578403,66.92311789131317,7637,4,stroke_kai
10287,70.22729166763536,68.20045128956403,4566,2,octagram
10288,49.48814551830125,79.12870066231908,8799,5,text_en_1919
10289,49.024942030326095,84.91331305912169,889,0,outer_ring
10290,49.50590657242397,85.15488391318475,802,0,outer_ring
10291,52.07504482852999,85.46787512601195,539,0,outer_ring
10292,56.4752939085856,86.26348247874785,8583,5,text_en_1919
10293,56.4960772519728,84.56336132252025,8976,5,text_en_1919
10294,56.17407117170809,83.70341737274602,9070,5,text_en_1919
10295,54.84827251929972,81.85549404789347,9136,5,text_en_1919
10296,53.41871817621092,80.4457832549716,3516,1,inner_ring
10297,50.994285441461045,79.11921693656726,8880,5,text_en_1919
10298,47.21416412032731,79.67001308788069,9194,5,text_en_1919
10299,29.64239439031327,60.54013551042894,5154,2,octagram
10300,30.10434396808,62.3661726323948,5113,2,octagram
10301,29.647941097579093,60.45403248751332,6667,3,stroke_nan
10302,57.59003170966363,99.31033610786048,278,0,outer_ring
10303,62.71519259708265,99.13435616767016,180,0,outer_ring
10304,65.57485275125809,97.19766946246182,105,0,outer_ring
10305,69.70474626476413,93.22011522308306,23,0,outer_ring
10306,69.06365117880355,93.94254220911638,40,0,outer_ring
10307,71.337577733004,90.20418187961828,8794,5,text_en_1919
10308,75.1116087164856,80.48602071048654,3398,1,inner_ring
10309,76.3963253925405,77.1466156451731,9469,5,text_en_1919
10310,76.4870085720632,76.95536358014238,9472,5,text_en_1919
10311,77.55597231881646,74.0014189082089,9504,5,text_en_1919
10312,80.38776468909518,65.68983177024903,4511,2,octagram
10313,82.41120249861278,59.30234719479833,3310,1,inner_ring
10314,83.4219788758892,56.51753387492364,9861,5,text_en_1919
10315,84.84003583530124,52.98816051217472,9871,5,text_en_1919
10316,87.95450872876964,46.54007612907765,10072,5,text_en_1919
10317,87.15916167491719,47.32043462644174,3271,1,inner_ring
10318,89.15892679049873,44.273030936081696,10112,5,text_en_1919
10319,92.11462164395816,41.20125942229906,10403,5,text_en_1919
10320,96.55055701475632,36.137846390747725,10481,5,text_en_1919
10321,95.995181519449,37.04535136560251,10377,5,text_en_1919
10322,56.794952091719736,41.723823980429465,8177,4,stroke_kai
10323,58.78820203000538,39.11417478307355,8250,4,stroke_kai
10324,60.53896138615365,35.05374726145107,8337,4,stroke_kai
10325,64.03595011567917,26.15499573391281,6225,2,octagram
10326,63.47737534093338,27.65625098227012,8500,4,stroke_kai
10327,66.83591282081969,22.747914786719097,6329,2,octagram
10328,73.15432407862366,22.433231163624576,6344,2,octagram
10329,73.06373955429842,22.79875820867241,6354,2,octagram
10330,66.5200408876772,20.46858491558579,6121,2,octagram
10331,63.71678637002504,19.14649338660624,6038,2,octagram
10332,65.34499698393277,19.69251962049052,10928,5,text_en_1919
10333,62.084876746739845,18.974634000565217,4174,1,inner_ring
10334,60.31844810194773,18.777526459838214,10943,5,text_en_1919
10335,53.54394724564418,18.192003396389158,10980,5,text_en_1919
10336,54.60761692748823,18.368908964383287,10942,5,text_en_1919
10337,49.03616588557949,16.800328392973686,1931,0,outer_ring
10338,47.86340859962901,16.08135002830906,1653,0,outer_ring
10339,46.34026535352555,14.707324967854738,1596,0,outer_ring
10340,48.25996115970205,15.126614710322762,1787,0,outer_ring
10341,51.61756771693236,13.512341676354133,2266,0,outer_ring
10342,53.52021838767982,14.677005500774406,2477,0,outer_ring
10343,56.75171378094621,12.454610323752924,2612,0,outer_ring
10344,53.42981919220463,10.678504684260696,2454,0,outer_ring
10345,47.97586056531244,10.194236239448244,1866,0,outer_ring
10346,47.91346068171207,10.219201151116444,1855,0,outer_ring
10347,46.86631571886573,8.603072546663064,1707,0,outer_ring
10348,49.25455557092617,10.202510744258255,2026,0,outer_ring
10349,52.59207201335893,11.662263634130994,2369,0,outer_ring
10350,59.13878560475493,10.287963461918563,2702,0,outer_ring
10351,59.44433596625131,10.3380123124156,2719,0,outer_ring
10352,62.50965562039809,10.38387861492732,2847,0,outer_ring
10353,67.43981324632924,9.487945072732629,3042,0,outer_ring
10354,73.71394138890557,10.395746691556155,4280,1,inner_ring
10355,76.08347413842456,10.369260349884378,10848,5,text_en_1919
10356,77.93217974302978,10.409448955748026,10702,5,text_en_1919
10357,67.78822956826721,9.113249287470651,3159,0,outer_ring
10358,68.74010896089838,4.336972990915925,3035,0,outer_ring
10359,68.50642419885268,3.834860562901305,2986,0,outer_ring
10360,36.87399286288853,25.290511048610515,11104,5,text_en_1919
10361,38.400784254985695,25.59401524692013,5761,2,octagram
10362,92.79376529865382,40.83430009122672,10296,5,text_en_1919
10363,50.91751370391485,96.25301760613762,555,0,outer_ring
10364,46.51193024784941,94.87486610857997,913,0,outer_ring
10365,44.79507302398503,93.66561201175696,1031,0,outer_ring
10366,56.960326289265055,98.7993098149421,300,0,outer_ring
10367,51.19750570932856,96.3287743551328,530,0,outer_ring
10368,44.40775710784382,93.21242124580486,1054,0,outer_ring
10369,41.93205415081096,90.29571127451972,1156,0,outer_ring
10370,41.87996900276586,90.30090852734688,1159,0,outer_ring
10371,39.12818803554771,85.7736833624364,8811,5,text_en_1919
10372,33.41259619232443,78.35814242328215,1348,0,outer_ring
10373,34.55161308913192,79.26448655424429,8997,5,text_en_1919
10374,30.10882748775296,75.66664941833066,9363,5,text_en_1919
10375,27.59424373221903,73.4339134480526,9382,5,text_en_1919
10376,22.44735502234164,64.31175896352298,9650,5,text_en_1919
10377,22.1662168051445,58.63312624923611,9881,5,text_en_1919
10378,22.097698089009228,60.13607169618011,9743,5,text_en_1919
10379,23.688476442379574,52.41067469271977,10262,5,text_en_1919
10380,27.391939596600057,50.859701916318485,3815,1,inner_ring
10381,30.69810077531464,50.83278218725551,5243,2,octagram
10382,30.59212137289993,50.95004680953712,5237,2,octagram
10383,37.34497468062426,49.85532937846162,6909,3,stroke_nan
10384,41.89623455977326,52.09028448718217,6998,3,stroke_nan
10385,44.64118923282658,53.287083050860375,6734,3,stroke_nan
10386,47.612769396154405,54.36263035722188,6880,3,stroke_nan
10387,48.85579266700607,54.71670321357786,6964,3,stroke_nan
10388,52.36838151387097,55.62406459295681,6707,3,stroke_nan
10389,57.01682240736616,55.93033211722791,4761,2,octagram
10390,57.74189625092544,55.85982759414493,4741,2,octagram
10391,60.75887254807434,61.070515592099845,7852,4,stroke_kai
10392,61.65113467031851,67.69029128025473,8952,5,text_en_1919
10393,61.69569524711812,67.23804102567193,9027,5,text_en_1919
10394,57.29250784310716,55.58635459213496,7582,4,stroke_kai
10395,55.33121248367716,50.816810269784064,7843,4,stroke_kai
10396,54.04786796933582,48.38551801503934,6936,3,stroke_nan
10397,48.60965911238836,39.78482291405953,5627,2,octagram
10398,50.68260387352114,43.70158373647372,7287,3,stroke_nan
10399,51.70233806892714,44.93822054322381,7209,3,stroke_nan
10400,47.38957870237325,37.65864476891685,7427,3,stroke_nan
10401,44.6865221072654,35.6765493756587,5578,2,octagram
10402,39.7602159129442,31.52446193025956,3962,1,inner_ring
10403,37.666304078551605,30.998120566043767,3928,1,inner_ring
10404,30.634328675036084,32.0973104319595,3885,1,inner_ring
10405,29.575822520626527,36.57852461890273,10435,5,text_en_1919
10406,34.083201003831746,42.32518484734549,5376,2,octagram
10407,37.83257121047085,48.530952159862736,7002,3,stroke_nan
10408,39.22713297726296,50.18499518721863,7030,3,stroke_nan
10409,29.50701201902441,33.111271791559105,10640,5,text_en_1919
10410,31.246303108365023,32.11244574193827,5465,2,octagram
10411,29.558708138332825,30.17180613060468,10787,5,text_en_1919
10412,31.37383518425341,26.96577093289793,3919,1,inner_ring
10413,37.350842027876325,25.075241263768213,1463,0,outer_ring
10414,40.01421885343829,25.06869152209364,1511,0,outer_ring
10415,46.49307359685498,27.95274856088242,4075,1,inner_ring
10416,48.04347899176627,29.56908713747005,5811,2,octagram
10417,50.702423563190415,33.10901629046927,7526,3,stroke_nan
10418,50.8795513086091,33.713823899138774,7475,3,stroke_nan
10419,53.24359063960496,36.86830355697734,5917,2,octagram
10420,55.69715519709415,41.14981418263766,8485,4,stroke_kai
10421,56.66218901102919,40.96455963947604,6017,2,octagram
10422,61.54382410878549,45.63735183557457,8090,4,stroke_kai
10423,60.62920982812318,45.18786608950893,8083,4,stroke_kai
10424,66.43550274803259,47.23509531630716,8019,4,stroke_kai
10425,65.14015695596746,46.92343894767407,7921,4,stroke_kai
10426,69.42995206985348,50.83842639616552,6500,2,octagram
10427,71.73384369497091,62.89697101645112,7737,4,stroke_kai
10428,71.36515206543464,65.52009523997,7682,4,stroke_kai
10429,64.25899286404885,69.33953069611607,9183,5,text_en_1919
10430,47.85898302131762,79.61775558944949,3577,1,inner_ring
10431,48.84506696048521,84.78329569620519,903,0,outer_ring
10432,48.6184366890736,84.40843822942851,926,0,outer_ring
10433,51.34398540313524,85.4997004544166,640,0,outer_ring
10434,54.10563828025607,85.68720976314083,8716,5,text_en_1919
10435,56.23704738665361,86.2826322801532,353,0,outer_ring
10436,56.339951964187,83.7851333464756,9071,5,text_en_1919
10437,54.888364264342826,81.89080473299447,9120,5,text_en_1919
10438,51.82923179210345,79.49196583488687,8667,5,text_en_1919
10439,48.409402362677824,77.81765870788647,6641,3,stroke_nan
10440,48.346857755564535,77.78521359378185,6642,3,stroke_nan
10441,29.47070507854373,61.52027826259253,3713,1,inner_ring
10442,29.455475373332657,60.52992068819982,5168,2,octagram
10443,30.17983861477142,62.32815819769946,5107,2,octagram
10444,57.62137038132487,99.44868275024184,277,0,outer_ring
10445,62.86855993270596,98.9621570890795,174,0,outer_ring
10446,66.71955184433874,96.52999332956068,87,0,outer_ring
10447,70.44657940835582,92.19786272286512,10,0,outer_ring
10448,71.58304767898616,89.34282692487358,8821,5,text_en_1919
10449,73.67310429995533,84.18169128452422,3419,1,inner_ring
10450,73.20927464562669,85.12329155470792,3428,1,inner_ring
10451,75.72604498510002,78.40328624783903,4619,2,octagram
10452,76.511033662149,76.50899389313793,3373,1,inner_ring
10453,78.54772980155104,70.34708269345799,4545,2,octagram
10454,78.79587908196882,69.7366546981448,4534,2,octagram
10455,81.70932722445141,62.01042082429622,9727,5,text_en_1919
10456,84.08759381987304,54.32050790249004,6567,2,octagram
10457,84.69656372157797,53.28543386120201,9856,5,text_en_1919
10458,85.99395413542587,49.70063651873258,6540,2,octagram
10459,87.14068822432466,47.2956705297088,3269,1,inner_ring
10460,89.45268114616218,43.63216601095351,10096,5,text_en_1919
10461,92.94707437880308,40.5259858555037,10426,5,text_en_1919
10462,94.34629656801354,38.91521723652019,10429,5,text_en_1919
10463,96.97484345419836,35.68003448294266,10517,5,text_en_1919
10464,56.79156781049559,41.89293209655253,8131,4,stroke_kai
10465,57.69071369174,40.623640697552574,8248,4,stroke_kai
10466,61.142320587813664,32.87298981548999,8423,4,stroke_kai
10467,63.80003942131614,27.124604947427017,8532,4,stroke_kai
10468,64.39586925031931,24.353091684158777,6159,2,octagram
10469,64.30082730935479,24.862874981728517,6193,2,octagram
10470,72.07653235849959,22.8812573483738,6401,2,octagram
10471,73.08786292108218,22.78676929207763,6348,2,octagram
10472,69.69960612749139,22.425414594539625,8229,4,stroke_kai
10473,66.7360988937328,20.71365327109137,6131,2,octagram
10474,65.58282540028722,19.914817206472016,6109,2,octagram
10475,62.29938155682216,18.922484299589332,10934,5,text_en_1919
10476,55.72995801538602,18.12046942172064,11294,5,text_en_1919
10477,57.18180203028936,18.0594785772523,11331,5,text_en_1919
10478,50.83877494510535,17.656765976692583,2194,0,outer_ring
10479,50.31987392450379,17.585126340475707,11251,5,text_en_1919
10480,48.33919922762675,16.343144255942267,1770,0,outer_ring
10481,45.80894275954856,14.15405986986923,1575,0,outer_ring
10482,50.67407070268381,14.583182879742523,2183,0,outer_ring
10483,50.19458044283626,14.880310719367351,2147,0,outer_ring
10484,52.42569219099767,14.650129085792813,2366,0,outer_ring
10485,57.19426362787951,11.500996045127051,2637,0,outer_ring
10486,52.79522891167733,11.392502704805594,2384,0,outer_ring
10487,48.15430841685031,10.393276629883417,1885,0,outer_ring
10488,49.23019976262094,9.396980067060184,2029,0,outer_ring
10489,47.27464311141936,6.505644853703934,1821,0,outer_ring
10490,48.7176974811248,9.235650519687454,1958,0,outer_ring
10491,52.97748173095453,9.764969063744545,2409,0,outer_ring
10492,56.16615825733805,10.11460717814724,2589,0,outer_ring
10493,58.48633399117944,10.281148249537624,2671,0,outer_ring
10494,61.32889351165241,10.287440389823717,2785,0,outer_ring
10495,68.10274658363848,8.996202869329856,3189,0,outer_ring
10496,70.07820879132781,9.481692588609818,4218,1,inner_ring
10497,77.42464816858838,10.495727474098352,10678,5,text_en_1919
10498,76.83101331016822,10.24604686452033,3224,0,outer_ring
10499,68.27711628729776,7.010738962429443,3095,0,outer_ring
10500,68.60348553914791,3.9796827115255766,3002,0,outer_ring
10501,68.30111071257596,4.313232427163115,2966,0,outer_ring
10502,38.130407531942325,25.46416792693543,4035,1,inner_ring
10503,38.03978463391215,25.395492779528254,10879,5,text_en_1919
10504,91.40394917479372,41.85608223746154,10284,5,text_en_1919
10505,50.35940549754435,96.04249130382364,611,0,outer_ring
10506,46.73212152366969,94.92637002245424,900,0,outer_ring
10507,45.1090790690788,93.69485551415514,1013,0,outer_ring
10508,54.40525045883554,97.21984734585074,414,0,outer_ring
10509,50.89208380043731,96.17511426468928,557,0,outer_ring
10510,47.32207869506976,94.95496604230075,841,0,outer_ring
10511,43.25753474865121,92.13239868888068,1109,0,outer_ring
10512,40.180565316027824,87.90378612603011,1214,0,outer_ring
10513,39.31310136344338,86.30830481488564,1247,0,outer_ring
10514,36.667918294535056,82.01839567645555,1313,0,outer_ring
10515,32.15352288383468,77.32446687100177,1351,0,outer_ring
10516,28.333888711945423,74.00809402960006,3654,1,inner_ring
10517,27.95562917388551,73.70262394609489,9423,5,text_en_1919
10518,25.110662977561965,70.22469718249658,9606,5,text_en_1919
10519,22.01877951882349,59.403957664089305,9787,5,text_en_1919
10520,22.38237225561234,55.652422907137854,9938,5,text_en_1919
10521,23.87930995650585,52.304430964834566,10174,5,text_en_1919
10522,24.479494952913104,51.976274055509,10152,5,text_en_1919
10523,30.955803076609754,50.91841165725734,5246,2,octagram
10524,31.779196881077446,51.002583417535455,5256,2,octagram
10525,36.68395036778748,50.25663402009548,5351,2,octagram
10526,42.45569774433101,52.35206358856477,7033,3,stroke_nan
10527,44.55303069381007,53.248100817441525,6681,3,stroke_nan
10528,49.06996408569773,55.05159002440208,5025,2,octagram
10529,49.34987252979354,55.13618483179993,5016,2,octagram
10530,53.98777197896964,55.79339220632099,4843,2,octagram
10531,58.63627032007854,57.44736939556803,4702,2,octagram
10532,58.83631247430649,57.243436661738,7964,4,stroke_kai
10533,59.69302846214077,58.99681192014883,7903,4,stroke_kai
10534,61.4623344222815,63.78071005854123,9327,5,text_en_1919
10535,61.88888780953582,67.65492192281911,9051,5,text_en_1919
10536,58.9471690462104,57.28639130973576,7958,4,stroke_kai
10537,53.76608777287985,48.043337374668894,7005,3,stroke_nan
10538,51.69229029377285,44.891798565373655,7222,3,stroke_nan
10539,46.05849816652884,36.63260625093037,5677,2,octagram
10540,48.680492652898366,39.52519741075846,7329,3,stroke_nan
10541,51.60179071434739,44.77710522968295,7245,3,stroke_nan
10542,43.687772707252336,33.912654843845914,5722,2,octagram
10543,44.450425884736006,34.94257886417594,5698,2,octagram
10544,39.95859811819204,31.73912572818764,3960,1,inner_ring
10545,37.19467037488285,30.765056414236184,7248,3,stroke_nan
10546,34.574840004343,30.558507814583145,7354,3,stroke_nan
10547,29.52801326565209,34.45923124748402,10599,5,text_en_1919
10548,34.805393104213074,43.43008206759552,7098,3,stroke_nan
10549,36.85861244638993,46.5732136360578,7102,3,stroke_nan
10550,39.68332231355711,50.93552184702759,6813,3,stroke_nan
10551,29.6020279293546,33.631152772486004,10625,5,text_en_1919
10552,31.19156290394105,31.95811380208346,5479,2,octagram
10553,30.812596953111274,27.756159536293072,5514,2,octagram
10554,30.78368517651935,27.623111764723653,3906,1,inner_ring
10555,37.14853904600352,25.592997493292607,4015,1,inner_ring
10556,41.51699681989747,25.03217946604967,1554,0,outer_ring
10557,45.70375090446765,27.147089541611653,10933,5,text_en_1919
10558,46.41120362199547,27.98814696678973,5801,2,octagram
10559,47.71099068609762,29.24084063374416,5807,2,octagram
10560,50.14223221666076,32.27024816052565,5877,2,octagram
10561,52.202236913487965,35.5576457787415,11063,5,text_en_1919
10562,55.70319741360462,40.94155309472348,8548,4,stroke_kai
10563,56.77178310879648,41.59535055049156,8516,4,stroke_kai
10564,60.15876263291707,44.87682904139663,8233,4,stroke_kai
10565,60.90779452359425,45.30293643783927,8140,4,stroke_kai
10566,63.328136443099496,46.35318795713052,6451,2,octagram
10567,66.72669333220745,47.40762600136768,7965,4,stroke_kai
10568,69.37053283747218,50.66017609733992,6498,2,octagram
10569,71.24002825209979,56.85733823971077,4452,2,octagram
10570,70.67130389167477,67.09818833712765,7672,4,stroke_kai
10571,63.13510907802068,69.28299192110795,9132,5,text_en_1919
10572,47.42555603091783,78.62705146800161,4964,2,octagram
10573,48.767950052396685,84.72438961805898,914,0,outer_ring
10574,51.8175641769684,85.58972391062676,581,0,outer_ring
10575,50.62674741042084,85.3837054430634,722,0,outer_ring
10576,54.81472283432292,85.92527919825226,8647,5,text_en_1919
10577,56.26870507080356,83.89553023080188,9037,5,text_en_1919
10578,56.03387471491819,83.79180754565871,9036,5,text_en_1919
10579,54.71460122567272,81.6622795077954,9175,5,text_en_1919
10580,52.00324945028768,79.46283255924672,8801,5,text_en_1919
10581,50.25492519959211,79.06637900838741,8787,5,text_en_1919
10582,49.21370240766857,78.39267705254909,4874,2,octagram
10583,30.29918244686581,61.29710341111528,5121,2,octagram
10584,29.87697321033957,62.2823067791817,3693,1,inner_ring
10585,30.155609767809548,60.94246908398561,6663,3,stroke_nan
10586,58.66790464329511,99.83733940838016,275,0,outer_ring
10587,60.231129151666806,99.71747289902572,225,0,outer_ring
10588,63.52242081441997,98.55174405829445,155,0,outer_ring
10589,67.24368456790826,95.7590784051806,68,0,outer_ring
10590,69.26415541270491,93.36460441594492,8633,5,text_en_1919
10591,72.1355785562438,87.50618148013001,9018,5,text_en_1919
10592,72.58032233331991,86.19115837394557,9075,5,text_en_1919
10593,75.75280802886701,78.266564839626,4613,2,octagram
10594,75.86659461525618,77.99725449116491,4609,2,octagram
10595,79.06430778855658,69.3203311378549,9676,5,text_en_1919
10596,79.22356126154287,68.6803147433843,4519,2,octagram
10597,80.57293088949196,65.61274739612949,9706,5,text_en_1919
10598,84.34026254251711,53.95677090515787,6563,2,octagram
10599,86.13846081010492,49.53255942841096,6544,2,octagram
10600,88.16128962978902,46.43013299990126,10053,5,text_en_1919
10601,89.25594142693967,43.99556901039556,10130,5,text_en_1919
10602,89.29589167430623,44.548705458342646,10014,5,text_en_1919
10603,92.83286080851748,40.538963273681055,10460,5,text_en_1919
10604,97.36749913623972,35.370346034579754,10529,5,text_en_1919
10605,97.64276652078983,34.916919250475765,10652,5,text_en_1919
10606,56.152782315940485,40.70527935414481,5975,2,octagram
10607,57.23952754438748,41.4350878041304,8218,4,stroke_kai
10608,60.15194609696644,35.7261569283306,8386,4,stroke_kai
10609,63.585846930571705,28.11877277178336,8441,4,stroke_kai
10610,64.31660236003394,24.591412064459952,6171,2,octagram
10611,64.25807272189306,24.905178183740844,6186,2,octagram
10612,74.13228571187916,22.98910973718173,10638,5,text_en_1919
10613,70.23622676219355,22.28174596780949,6411,2,octagram
10614,67.4832092538546,21.381252784756253,6298,2,octagram
10615,64.93842278991417,19.689681698458223,4204,1,inner_ring
10616,62.80233892882826,18.806914446543697,11136,5,text_en_1919
10617,62.25271791433482,18.848716685326806,11059,5,text_en_1919
10618,56.2615857930813,18.216660163162544,11086,5,text_en_1919
10619,56.31061553826781,18.16870163594593,11134,5,text_en_1919
10620,54.68315043515933,18.113799179186856,11277,5,text_en_1919
10621,50.22793263634084,17.620037604392603,11196,5,text_en_1919
10622,49.082125463123546,16.788864936418456,1937,0,outer_ring
10623,46.037576157227846,14.563280780748483,1581,0,outer_ring
10624,49.82501009204103,14.715596416241487,2085,0,outer_ring
10625,51.64975042513829,13.78652583488632,2273,0,outer_ring
10626,54.45759136982858,14.523217752365824,2493,0,outer_ring
10627,57.10196927260627,10.775128622225374,2631,0,outer_ring
10628,52.39492813574481,11.961671271129866,2350,0,outer_ring
10629,49.9114280491026,9.651610967542354,2127,0,outer_ring
10630,49.59389677503267,9.162571905289,2078,0,outer_ring
10631,46.47742334365846,7.193263055903401,1680,0,outer_ring
10632,48.25350128008503,9.489348065628732,1904,0,outer_ring
10633,52.23040170401065,11.867580717029083,2336,0,outer_ring
10634,57.94791838692513,9.864574295860857,2646,0,outer_ring
10635,63.619575549455874,10.568624272226124,2878,0,outer_ring
10636,65.65006465719182,10.34562551969983,2905,0,outer_ring
10637,67.72140291512476,9.457284620428837,3173,0,outer_ring
10638,69.65807294247205,9.550346319269488,3211,0,outer_ring
10639,72.02273050864932,10.400161315589244,4224,1,inner_ring
10640,77.25965105620217,10.501045701549394,4362,1,inner_ring
10641,67.66295989032523,9.285770216575363,3135,0,outer_ring
10642,68.57262853476398,6.81473890890755,3145,0,outer_ring
10643,68.44432205928553,3.861275739593026,2976,0,outer_ring
10644,38.19236675229254,25.36429004946571,10893,5,text_en_1919
10645,40.50083210394718,25.15632256363112,1542,0,outer_ring
10646,91.03616381324082,41.94070054538872,10380,5,text_en_1919
10647,49.590252830675055,95.87397722056126,666,0,outer_ring
10648,49.13911493561476,95.89766144350136,704,0,outer_ring
10649,44.40264661588838,93.2379626188894,1053,0,outer_ring
10650,57.049659422827446,98.98574941204907,294,0,outer_ring
10651,50.35911076144683,96.1669230931537,610,0,outer_ring
10652,47.36666679409132,95.21326743221844,830,0,outer_ring
10653,43.47228626323383,92.33624923393975,1089,0,outer_ring
10654,41.98900751813452,90.51826944489156,1147,0,outer_ring
10655,39.67809222844226,87.2149582758469,1231,0,outer_ring
10656,33.447420954543674,78.14039826631037,4999,2,octagram
10657,31.839144659950616,76.88184780803624,9407,5,text_en_1919
10658,27.200469733120357,72.73314077698805,3669,1,inner_ring
10659,24.214228340213317,68.66335939542009,9625,5,text_en_1919
10660,22.117295448746404,63.69686572910324,9638,5,text_en_1919
10661,22.102708692089188,58.29670873746005,9893,5,text_en_1919
10662,22.60178601659068,54.20229002478467,1396,0,outer_ring
10663,25.24802610466996,51.376326880929525,10263,5,text_en_1919
10664,26.762312914070467,50.99032760996448,10146,5,text_en_1919
10665,26.875620174232115,51.00498730109177,10139,5,text_en_1919
10666,31.027683503854654,50.92474759012101,5245,2,octagram
10667,34.72014305248203,51.471308837686365,5189,2,octagram
10668,42.43702871788286,52.32064578352913,7034,3,stroke_nan
10669,45.58902290767951,53.63153965173318,6774,3,stroke_nan
10670,47.38508399082352,54.3280689785641,6858,3,stroke_nan
10671,48.64844512491226,54.746974736114325,6962,3,stroke_nan
10672,55.47556715668545,56.047072371293446,4812,2,octagram
10673,57.41476874524175,55.51664478938845,7608,4,stroke_kai
10674,58.2274887430129,56.13549240215972,4657,2,octagram
10675,61.56937463056418,63.23835739204488,3439,1,inner_ring
10676,61.50639391638859,64.79978905306129,9208,5,text_en_1919
10677,61.50791593566531,64.579221610719,9220,5,text_en_1919
10678,57.004230270668806,55.75639698066752,4777,2,octagram
10679,56.13650941847365,52.90044511268774,7706,4,stroke_kai
10680,54.22412866123656,49.01313425857164,4830,2,octagram
10681,46.73865382608066,37.22988466963653,5668,2,octagram
10682,50.31464243494613,43.33540981803068,7360,3,stroke_nan
10683,51.516327649535285,44.6585352656849,7315,3,stroke_nan
10684,46.26850238976955,36.87289584391063,5676,2,octagram
10685,41.85488963532446,32.082110369738885,5786,2,octagram
10686,40.05363695406057,31.6120021970205,3970,1,inner_ring
10687,37.934937369924505,31.036792693194982,3937,1,inner_ring
10688,33.15450127907765,31.44899639896273,5434,2,octagram
10689,29.560175828339556,36.48149169134297,10453,5,text_en_1919
10690,35.307012301054115,43.8666974580493,7079,3,stroke_nan
10691,37.15433558190278,46.70317369292839,7137,3,stroke_nan
10692,39.41471463566064,50.54329232298242,6961,3,stroke_nan
10693,29.59717429222299,36.08669357900982,10547,5,text_en_1919
10694,31.831200447124573,31.96381376374521,5454,2,octagram
10695,29.677434861847036,30.687044498461425,10745,5,text_en_1919
10696,33.20124423572351,26.076369294752617,10829,5,text_en_1919
10697,37.50188798861269,25.118507349142885,1464,0,outer_ring
10698,39.790485226416735,25.155313572036093,1494,0,outer_ring
10699,43.18114802210455,25.35700073312133,11258,5,text_en_1919
10700,48.62357594183287,30.26962720348537,5834,2,octagram
10701,47.75828189890211,29.44553944450176,5808,2,octagram
10702,53.03339319343056,36.793281720625885,5893,2,octagram
10703,54.44862618015936,39.2749244498479,5926,2,octagram
10704,55.97852430932068,40.54150379459003,5959,2,octagram
10705,56.80083068136728,41.546471882985465,8198,4,stroke_kai
10706,58.50716298928175,43.74710461423116,8104,4,stroke_kai
10707,61.55550216563564,45.514670982644645,8101,4,stroke_kai
10708,63.24717986150861,46.32604968598913,6454,2,octagram
10709,66.67037813751662,47.64428917181065,7769,4,stroke_kai
10710,68.82049287686145,49.83428824788295,6489,2,octagram
10711,71.3580857255414,57.873009900181046,4475,2,octagram
10712,71.81985724763459,62.33459662925019,7761,4,stroke_kai
10713,70.48681399669215,67.71722361650654,4557,2,octagram
10714,47.88813225850084,79.6747555169137,9279,5,text_en_1919
10715,47.89619934818708,83.34607290674293,985,0,outer_ring
10716,49.04980699506629,84.86304336317556,887,0,outer_ring
10717,51.46333313767835,85.45058697505684,632,0,outer_ring
10718,56.0754419552698,86.17664901071316,8631,5,text_en_1919
10719,56.29558540322364,84.08070799216704,8961,5,text_en_1919
10720,56.2738489549225,83.77026420180489,9083,5,text_en_1919
10721,52.02615409866928,79.43121322132319,8891,5,text_en_1919
10722,53.20178662350722,80.10855108184197,4794,2,octagram
10723,48.24301499458625,77.91502364461707,4911,2,octagram
10724,47.45911399636664,78.81566088977902,4957,2,octagram
10725,29.507005854361758,61.20040758891653,5146,2,octagram
10726,29.518461096970142,60.61093311373068,5164,2,octagram
10727,30.769501142375887,62.60287656964381,5042,2,octagram
10728,60.52727945896692,99.6170205004237,215,0,outer_ring
10729,62.78168288233751,98.91858445818195,176,0,outer_ring
10730,67.55133022103655,95.51487195948994,56,0,outer_ring
10731,67.3774803357167,95.63694369684345,63,0,outer_ring
10732,69.62739554457434,93.2137172298117,26,0,outer_ring
10733,71.66288673354698,89.34619063844508,8797,5,text_en_1919
10734,72.61514956236093,86.15347539796943,9102,5,text_en_1919
10735,74.54846254743511,82.50098665917264,9359,5,text_en_1919
10736,77.65113230747261,72.98820085713092,9572,5,text_en_1919
10737,79.14692484982415,69.18599598966705,9660,5,text_en_1919
10738,79.38106586312773,68.55387385980038,9691,5,text_en_1919
10739,83.17192426453107,57.4715897794494,9789,5,text_en_1919
10740,82.96648852476825,57.69849698217064,4429,2,octagram
10741,85.64020306578067,50.68672998319351,6553,2,octagram
10742,87.93363535696655,46.3557223393824,10137,5,text_en_1919
10743,87.16530125635032,47.407109483323,9970,5,text_en_1919
10744,89.14728458294069,44.13719823201495,3246,1,inner_ring
10745,94.82503938741507,38.31992790108207,10373,5,text_en_1919
10746,96.78604285740848,35.892912841238,10502,5,text_en_1919
10747,96.42377501541608,36.72386428193852,10378,5,text_en_1919
10748,55.51566131358784,40.70305518909667,8570,4,stroke_kai
10749,58.58762437418177,39.17310643094126,8278,4,stroke_kai
10750,61.96468583839943,31.37073057181776,8414,4,stroke_kai
10751,61.68731668639627,32.005890986694865,8400,4,stroke_kai
10752,64.3695842227187,24.88161779404352,6220,2,octagram
10753,67.39215893341796,22.570848871177567,6324,2,octagram
10754,73.13886233472792,22.72822639784193,6342,2,octagram
10755,73.77524955819763,22.687403338909352,4376,1,inner_ring
10756,67.44277504612063,21.494981830522622,6295,2,octagram
10757,66.43395788921546,20.74676690805049,6129,2,octagram
10758,65.29411902065226,19.871951620621655,4211,1,inner_ring
10759,60.46518416572092,18.776712722394475,11050,5,text_en_1919
10760,57.6599009219754,18.10477681915209,11342,5,text_en_1919
10761,58.06983642254334,18.201692899726584,11311,5,text_en_1919
10762,51.106523045441776,17.839801875086465,11178,5,text_en_1919
10763,49.082527117160886,16.848701376165444,1936,0,outer_ring
10764,48.102253124117134,15.327829040265309,1745,0,outer_ring
10765,46.990201589457065,15.435449575821233,1614,0,outer_ring
10766,48.46561856788354,14.959765668070538,1811,0,outer_ring
10767,49.520617495046544,14.674907807152309,2042,0,outer_ring
10768,54.89433827039766,14.191946045802425,2525,0,outer_ring
10769,56.930516005224725,11.694580009469648,2625,0,outer_ring
10770,52.499108535148544,11.877866781394964,2360,0,outer_ring
10771,47.509424359889664,9.931517712043563,1769,0,outer_ring
10772,49.094351191996445,9.330029648601377,2005,0,outer_ring
10773,49.477234750392206,8.590904658421145,2063,0,outer_ring
10774,48.48426808498084,9.450765164987018,1929,0,outer_ring
10775,52.39065536217223,11.90905332525876,2349,0,outer_ring
10776,56.594762475326014,10.078416594582784,2597,0,outer_ring
10777,60.92347702229563,10.38534654052502,2766,0,outer_ring
10778,66.02681494520556,10.444404239529751,2923,0,outer_ring
10779,65.1219023060265,10.387025067604696,2891,0,outer_ring
10780,69.57611222383443,9.319100707357563,3209,0,outer_ring
10781,76.50579046216741,10.413276346152555,10817,5,text_en_1919
10782,76.14881259443753,10.44831907629127,10810,5,text_en_1919
10783,68.49771297734021,5.701074325237656,3052,0,outer_ring
10784,68.42410605150323,3.66013608537498,2961,0,outer_ring
10785,68.61153632884681,3.197561545724241,2978,0,outer_ring
10786,37.97698952596936,25.40434741150941,10871,5,text_en_1919
10787,40.49223485552231,25.115748284358855,1543,0,outer_ring
10788,92.71727397186709,40.937890557550006,10313,5,text_en_1919
10789,48.720320946958616,95.5635273087814,749,0,outer_ring
10790,48.29276055451012,95.44644845728637,782,0,outer_ring
10791,43.25927302092515,92.13344365520726,1108,0,outer_ring
10792,53.86017358813643,96.9918837738469,447,0,outer_ring
10793,50.88304888514204,96.1143182247759,559,0,outer_ring
10794,44.77124478279568,93.68063785588336,1032,0,outer_ring
10795,41.40791367383209,89.61511887933756,1185,0,outer_ring
10796,39.45790864066197,86.35759213448733,8777,5,text_en_1919
10797,39.02087104145037,85.54079984729808,8832,5,text_en_1919
10798,37.153247142937744,82.90739163021192,1297,0,outer_ring
10799,30.44215370472429,75.8567983878724,9386,5,text_en_1919
10800,32.04853929213238,77.03482962332674,3628,1,inner_ring
10801,27.004612829782456,72.52076704702954,3673,1,inner_ring
10802,23.44125791289028,67.95890399824447,1386,0,outer_ring
10803,22.611829192276872,65.31321015944235,9578,5,text_en_1919
10804,22.480621752807227,54.85949358746398,9995,5,text_en_1919
10805,22.65598697486256,55.12769268973738,9909,5,text_en_1919
10806,28.589370642927094,50.80908975825044,3817,1,inner_ring
10807,28.04505005421996,51.07291529399295,3775,1,inner_ring
10808,34.55673921277072,51.24933937890778,5196,2,octagram
10809,36.10368248732171,50.732867428311344,5326,2,octagram
10810,38.69567742974345,49.84337820167554,6923,3,stroke_nan
10811,45.71965611343376,53.64341081836744,6795,3,stroke_nan
10812,48.93994694819021,54.91116812491067,5037,2,octagram
10813,52.03406204653391,55.59841436321511,6644,3,stroke_nan
10814,55.18702404398414,55.90674346672712,4817,2,octagram
10815,56.92807515378768,56.01797340524172,4765,2,octagram
10816,58.18630483954583,57.11472098137328,3473,1,inner_ring
10817,60.877528884453376,60.87839191580403,7856,4,stroke_kai
10818,61.5030517275813,63.32954154984521,3446,1,inner_ring
10819,61.82666412041472,67.65881893371136,8954,5,text_en_1919
10820,57.13989431060054,55.60733872861515,7581,4,stroke_kai
10821,56.97383271526445,54.18688057786861,7679,4,stroke_kai
10822,52.1441637313208,45.542662475272365,7157,3,stroke_nan
10823,47.2096316034235,37.510454940683815,5654,2,octagram
10824,48.3953844906136,38.92009245735375,7373,3,stroke_nan
10825,52.36174275952506,45.65671203412882,7155,3,stroke_nan
10826,47.19465379189732,37.6702559246052,5644,2,octagram
10827,43.92749341408852,34.34243461731485,5712,2,octagram
10828,41.74746606913683,32.06652792820221,5752,2,octagram
10829,37.6973051417594,30.881441219559232,3935,1,inner_ring
10830,34.083624765267885,30.80816057333793,7338,3,stroke_nan
10831,29.49603442920801,34.223906278002,10607,5,text_en_1919
10832,35.07671751157686,43.83668067598955,7063,3,stroke_nan
10833,37.022721526026665,47.15584864779449,7064,3,stroke_nan
10834,39.39806017504152,50.70673096800728,6862,3,stroke_nan
10835,29.741998671056464,36.36818861776855,3841,1,inner_ring
10836,29.68357228037308,31.364502026079947,10713,5,text_en_1919
10837,30.57828808850205,27.925704339158862,3902,1,inner_ring
10838,33.14544434117447,26.10685352654508,10839,5,text_en_1919
10839,38.719627286356186,25.182246449931476,4049,1,inner_ring
10840,43.30862231084976,25.368861936375843,11267,5,text_en_1919
10841,45.08377455479125,26.62006731790939,11002,5,text_en_1919
10842,47.85964786034244,29.3452589821382,4092,1,inner_ring
10843,47.6101031319653,29.153940604286287,5803,2,octagram
10844,51.89907646574072,35.24581218824522,7448,3,stroke_nan
10845,52.23385111388495,35.71277565710194,4102,1,inner_ring
10846,56.14915553016912,41.60050820734036,8433,4,stroke_kai
10847,56.77372827355256,41.212464538878216,6076,2,octagram
10848,58.70431582575763,43.9558036271924,8105,4,stroke_kai
10849,63.62923862633991,46.40921582418706,8050,4,stroke_kai
10850,63.00333398006562,46.33135391146108,8037,4,stroke_kai
10851,63.41996887190328,46.44622129911152,8054,4,stroke_kai
10852,71.17054638863176,56.30811310962878,4442,2,octagram
10853,71.12501133708199,56.67315999157579,4464,2,octagram
10854,71.76060776496833,61.73080739083651,7794,4,stroke_kai
10855,63.56804275576413,69.29438846630694,9159,5,text_en_1919
10856,47.96859127461483,79.58216547206052,3574,1,inner_ring
10857,48.55677597759352,84.57536181819454,930,0,outer_ring
10858,48.86172747606574,84.65343710838165,906,0,outer_ring
10859,54.11180177522656,85.83559318515867,468,0,outer_ring
10860,54.3398836333237,85.89358184677202,455,0,outer_ring
10861,56.52923362129832,85.14678045812022,8780,5,text_en_1919
10862,55.674245400398405,85.6463834165796,8709,5,text_en_1919
10863,54.299418036497045,81.22561183814528,3511,1,inner_ring
10864,52.99700296947972,80.29958702592955,3527,1,inner_ring
10865,49.27286799471796,78.57661585455578,9228,5,text_en_1919
10866,48.23247232668079,77.92887704342556,4915,2,octagram
10867,29.441885856227675,60.83839279630288,5166,2,octagram
10868,30.1494030419046,62.33486872504452,5108,2,octagram
10869,30.72054981568675,62.09938083921001,6602,3,stroke_nan
10870,60.874175073296165,99.476635191732,212,0,outer_ring
10871,59.5924941666032,99.69501905553528,248,0,outer_ring
10872,64.05256333234763,98.46553769885249,127,0,outer_ring
10873,65.59682464682841,97.26082368024036,104,0,outer_ring
10874,71.9987190310829,87.47163800142414,9052,5,text_en_1919
10875,71.66359699453953,89.32634753786812,8831,5,text_en_1919
10876,74.61397193247743,82.2882442792471,9362,5,text_en_1919
10877,74.67472136390744,81.76174200866728,3411,1,inner_ring
10878,77.29451150207593,74.52511647611122,9509,5,text_en_1919
10879,79.52132064758271,68.03174200080309,4517,2,octagram
10880,79.41971258545253,68.65936569029614,9645,5,text_en_1919
10881,81.51191545638967,62.14748026766827,3315,1,inner_ring
10882,82.64920349820261,59.09142032161206,9744,5,text_en_1919
10883,86.2124557506319,49.377925298075326,3283,1,inner_ring
10884,87.45992411336265,46.93999780367483,3256,1,inner_ring
10885,87.2012396255956,47.2830976548064,9981,5,text_en_1919
10886,89.6668288023962,43.17633331877044,10114,5,text_en_1919
10887,92.4461233469006,41.10698028422273,10366,5,text_en_1919
10888,97.24157366553632,35.40720051943269,10531,5,text_en_1919
10889,98.15016138043976,34.49900724499183,10605,5,text_en_1919
10890,56.71682003846865,41.649466519065065,8517,4,stroke_kai
10891,58.92619582192198,38.92005291518543,8264,4,stroke_kai
10892,62.50462955809978,30.661338225970862,8343,4,stroke_kai
10893,62.66184038305304,30.32069656351843,8354,4,stroke_kai
10894,63.55850413703149,28.232670370328965,8397,4,stroke_kai
10895,64.56012820574755,24.40232973721482,6230,2,octagram
10896,73.04570530227794,22.551471931045448,6346,2,octagram
10897,72.53710817508174,22.78062239240355,6373,2,octagram
10898,69.85731838216415,22.312564394410213,8277,4,stroke_kai
10899,66.86209460434085,20.89751480049109,6141,2,octagram
10900,64.82414308351406,19.60520837500415,10860,5,text_en_1919
10901,59.87619197963985,18.342568958032714,2778,0,outer_ring
10902,59.44135105819123,18.501502796467207,11254,5,text_en_1919
10903,53.30464634072224,18.08039272444441,11048,5,text_en_1919
10904,53.942556008306,18.118582737857587,11171,5,text_en_1919
10905,48.88725069263139,16.740180678487786,1911,0,outer_ring
10906,47.67873870738951,15.6244169633771,1638,0,outer_ring
10907,46.01299924951059,14.751917897518773,1578,0,outer_ring
10908,50.35820002106146,14.674972561300995,2164,0,outer_ring
10909,49.72522213654025,14.574930763737058,2067,0,outer_ring
10910,55.132736066869,14.032197641288128,2546,0,outer_ring
10911,57.34491975460811,10.64995319221309,2640,0,outer_ring
10912,51.683900306324354,13.863074836280823,2279,0,outer_ring
10913,47.36423260930998,9.83607609941965,1750,0,outer_ring
10914,48.99455495410848,9.46160288451211,1984,0,outer_ring
10915,46.53574606859174,7.053394305685465,1693,0,outer_ring
10916,49.200680549030814,10.320386277839113,2020,0,outer_ring
10917,51.50238192600777,9.477327992328108,2240,0,outer_ring
10918,59.1776084753873,10.234297020070898,2706,0,outer_ring
10919,61.050689309482216,10.440032668838931,2776,0,outer_ring
10920,60.73301722304372,10.363520585394738,2754,0,outer_ring
10921,65.9558762870063,10.426537447958289,2922,0,outer_ring
10922,72.35041327919762,10.531790213037752,4240,1,inner_ring
10923,72.5765360555302,10.262720073431195,4242,1,inner_ring
10924,76.14342792840459,10.45903461258181,10808,5,text_en_1919
10925,67.7622724164372,8.987466160790994,3133,0,outer_ring
10926,68.4238614745898,6.57506538424385,3098,0,outer_ring
10927,68.50720613376313,3.1691043224448947,2954,0,outer_ring
10928,36.72318246360348,25.40634686001809,3999,1,inner_ring
10929,40.20354973480359,25.267804795958988,1525,0,outer_ring
10930,93.4419397363496,40.18599276251837,10335,5,text_en_1919
10931,48.33106215451033,95.31416321030024,781,0,outer_ring
10932,47.17022133015072,95.07819279670622,859,0,outer_ring
10933,45.05010122451079,93.80883159745518,1015,0,outer_ring
10934,56.88983420838368,98.85325619330972,304,0,outer_ring
10935,50.58938854611231,96.03621995366623,592,0,outer_ring
10936,44.82742011329361,93.58168208984232,1030,0,outer_ring
10937,42.00092813641404,90.55942580327672,1145,0,outer_ring
10938,40.101457404576,87.4807375732135,8691,5,text_en_1919
10939,36.74145230261618,82.06942653761004,1308,0,outer_ring
10940,34.49311283193313,79.12934357497312,3609,1,inner_ring
10941,31.85706353014053,77.05480565928261,3631,1,inner_ring
10942,28.10630606891023,73.98297113478509,9335,5,text_en_1919
10943,24.79694320758905,69.63246288463992,9594,5,text_en_1919
10944,25.15456303764477,70.3864140842709,9457,5,text_en_1919
10945,22.242879212721757,63.06493983219004,9696,5,text_en_1919
10946,21.968264071041222,57.888667895258905,9929,5,text_en_1919
10947,25.253127035810767,51.321149719487074,10275,5,text_en_1919
10948,24.042071260847543,52.15489657981932,10179,5,text_en_1919
10949,26.24960665400141,50.9081118016816,10344,5,text_en_1919
10950,31.587556868168114,50.87966292865298,5259,2,octagram
10951,34.50115386030889,51.35410459314586,5195,2,octagram
10952,42.57933063951306,52.323330218544754,7038,3,stroke_nan
10953,44.54519937223863,53.05704917595527,6867,3,stroke_nan
10954,44.84530539658422,53.30522514988108,6777,3,stroke_nan
10955,52.19512899131361,55.57378388349983,6721,3,stroke_nan
10956,54.6337183980078,55.83512326641318,4837,2,octagram
10957,56.84738901080697,55.86264788887857,4785,2,octagram
10958,57.61249929561615,56.70191717659859,3489,1,inner_ring
10959,61.571935580890376,64.42504657394232,9282,5,text_en_1919
10960,61.64159331111943,65.37394247049606,9244,5,text_en_1919
10961,61.81480229510591,67.35008599847214,9062,5,text_en_1919
10962,58.22733936795471,56.49517048564769,4718,2,octagram
10963,53.47500263211069,47.49021445989486,7087,3,stroke_nan
10964,51.70265953803707,44.72929295592815,7279,3,stroke_nan
10965,48.99706831878755,40.750335044321766,7533,3,stroke_nan
10966,49.14413336867281,41.3349655637,7508,3,stroke_nan
10967,51.8953267308497,45.16422654706733,7199,3,stroke_nan
10968,44.27114206111534,34.64235262159031,5710,2,octagram
10969,40.711564311435545,31.974389650332405,5569,2,octagram
10970,39.842837126316,31.6080882712145,3961,1,inner_ring
10971,33.47898147689061,31.47805145907614,7251,3,stroke_nan
10972,31.073093726797023,31.93748031046065,5488,2,octagram
10973,29.657227230586543,34.06449734799775,10619,5,text_en_1919
10974,35.62871195848717,44.19421470577389,7197,3,stroke_nan
10975,36.73674389007044,46.34447216735923,7081,3,stroke_nan
10976,39.0760037872103,50.191134449822925,6916,3,stroke_nan
10977,29.51850154786033,36.02539170540094,10565,5,text_en_1919
10978,29.71317689925044,31.34662961966131,10719,5,text_en_1919
10979,29.698858191793654,29.760699855769683,10792,5,text_en_1919
10980,33.717228637115696,25.93453185956827,10821,5,text_en_1919
10981,36.87758201201908,25.284046696977764,11199,5,text_en_1919
10982,42.38505146467956,25.311250862335147,10930,5,text_en_1919
10983,41.464261918787486,25.16196963865312,11127,5,text_en_1919
10984,45.97807361917698,27.37383877376748,10941,5,text_en_1919
10985,48.66822324540309,30.229854393550276,5837,2,octagram
10986,52.27872039792405,35.69957173272931,11064,5,text_en_1919
10987,53.99120045568322,38.48278421268185,4132,1,inner_ring
10988,56.298660679915656,40.595227552775725,5995,2,octagram
10989,56.67370436239519,41.62894957593913,8528,4,stroke_kai
10990,58.27898388579043,43.5132269972186,8150,4,stroke_kai
10991,61.39712540484,45.369393457292816,8171,4,stroke_kai
10992,64.46024212191456,46.554244654905496,8033,4,stroke_kai
10993,66.49504552438782,47.31112951127332,7937,4,stroke_kai
10994,68.8068747455939,49.22249640623729,6484,2,octagram
10995,71.10463979340568,55.77754521989935,6526,2,octagram
10996,71.77276843599067,62.99294631645343,7734,4,stroke_kai
10997,65.90501023197339,69.37225445116012,7625,4,stroke_kai
10998,48.52031637651165,79.53526956680744,8595,5,text_en_1919
10999,48.67797067408737,84.7988933422466,922,0,outer_ring
11000,49.72932815192285,85.28238400049665,786,0,outer_ring
11001,52.579319204833126,85.54492928051386,508,0,outer_ring
11002,54.61743767546971,86.03753028828034,435,0,outer_ring
11003,55.99936729169112,86.27190046791344,374,0,outer_ring
11004,55.65402620433386,85.47403216998131,8717,5,text_en_1919
11005,53.151345094801776,80.27484596173964,3523,1,inner_ring
11006,50.77639441841731,78.96896080735179,9105,5,text_en_1919
11007,49.569874092092455,78.69546929688305,9240,5,text_en_1919
11008,49.13771112123863,78.31819403180918,4875,2,octagram
11009,29.868672251465,60.40679574631264,6764,3,stroke_nan
11010,29.404844910923,61.32086432323761,3720,1,inner_ring
11011,29.792194779890533,60.532293402068746,6723,3,stroke_nan
11012,55.91866836171761,97.99049019384888,355,0,outer_ring
11013,58.68438884414452,99.77591252149868,274,0,outer_ring
11014,63.68301242407949,98.48082702437122,147,0,outer_ring
11015,69.23792239768835,93.9444461825804,36,0,outer_ring
11016,71.48664248819577,89.36979023358506,8876,5,text_en_1919
11017,73.46122248326564,84.8007155721865,9350,5,text_en_1919
11018,74.85366158867693,81.16028085405952,3406,1,inner_ring
11019,76.41624843812602,77.1313195503074,9439,5,text_en_1919
11020,77.52104121680925,73.25164812839319,3360,1,inner_ring
11021,77.59946900311375,73.30745421556884,9554,5,text_en_1919
11022,81.0406074835462,64.13172796299379,4490,2,octagram
11023,83.25054843606237,56.592154712826726,4419,2,octagram
11024,82.86406987446583,58.040649187068205,9835,5,text_en_1919
11025,84.14321271021588,54.49519563604469,9888,5,text_en_1919
11026,87.22220962528574,47.107014040420935,3262,1,inner_ring
11027,88.8835037890592,44.85916796710008,10118,5,text_en_1919
11028,90.5957622443418,42.178810037081405,3226,1,inner_ring
11029,93.50200225882858,40.22602961092565,10200,5,text_en_1919
11030,97.12983523044554,35.53204249213755,10518,5,text_en_1919
11031,97.85418652419804,34.638669495496785,10677,5,text_en_1919
11032,56.42576228157385,40.54728187471687,6010,2,octagram
11033,57.8525344933328,40.57610468335839,8192,4,stroke_kai
11034,59.70673276798404,36.97174471950338,8339,4,stroke_kai
11035,61.37887040129948,32.4910968533387,8451,4,stroke_kai
11036,63.32792025270266,28.101482892147025,8503,4,stroke_kai
11037,66.4716336956583,22.974990052867263,6262,2,octagram
11038,69.56228809043837,22.254885485184392,4348,1,inner_ring
11039,70.62598133826017,22.531002211329,6418,2,octagram
11040,67.09125650109249,21.20399530128781,6273,2,octagram
11041,67.7420987268926,21.57546682369596,4340,1,inner_ring
11042,62.11834099842167,19.030898050485767,4175,1,inner_ring
11043,61.71470502407991,18.87031651029103,4157,1,inner_ring
11044,60.66335961980962,18.634855752281396,2822,0,outer_ring
11045,53.52827576673037,18.21883398511601,10954,5,text_en_1919
11046,51.012368978416674,17.699914763739894,2202,0,outer_ring
11047,48.23596392926822,16.41344062370484,1740,0,outer_ring
11048,47.543678400930496,15.566184539506018,1625,0,outer_ring
11049,45.77461338233115,14.35513192301189,1570,0,outer_ring
11050,50.36885270701019,14.692586821272172,2165,0,outer_ring
11051,51.51336829933334,13.82103625081882,2250,0,outer_ring
11052,53.30579831520495,14.62143706968731,2465,0,outer_ring
11053,56.82249538517566,12.47044824517134,2622,0,outer_ring
11054,52.910081207123696,11.2057814852376,2410,0,outer_ring
11055,49.86905770080382,9.801976638753132,2121,0,outer_ring
11056,48.330587178584935,9.431079033362636,1916,0,outer_ring
11057,49.700042385093,8.720384478293397,2096,0,outer_ring
11058,48.46093057340172,9.394778802429949,1928,0,outer_ring
11059,52.52786616814927,11.830154517815949,2365,0,outer_ring
11060,59.251046948255365,10.24215759379272,2711,0,outer_ring
11061,61.6951601433384,10.395565365761932,2805,0,outer_ring
11062,62.50893789142616,10.423885420999284,2848,0,outer_ring
11063,67.49007681348112,9.495843777087371,3068,0,outer_ring
11064,70.4831099263007,9.7517666429112,4221,1,inner_ring
11065,76.57600837706761,10.47134232052445,10827,5,text_en_1919
11066,76.2262037543541,10.60474017596438,4328,1,inner_ring
11067,67.93205948489604,8.898939177881054,3170,0,outer_ring
11068,68.56993818450158,5.538301243055336,3059,0,outer_ring
11069,68.2313913790578,7.531215131073466,3126,0,outer_ring
11070,38.820173004745925,25.152619999698228,4054,1,inner_ring
11071,39.738039689832746,25.231561661881976,1484,0,outer_ring
11072,92.61370777862894,41.01537051347426,10312,5,text_en_1919
11073,51.14428823734413,96.1930503819536,532,0,outer_ring
11074,46.98924430627413,95.01351898256806,875,0,outer_ring
11075,43.47783674746141,92.44442910702682,1087,0,outer_ring
11076,56.20161798300732,98.02885385542444,332,0,outer_ring
11077,49.44288794049665,95.72056873497236,682,0,outer_ring
11078,47.19738939083827,95.13290493711332,853,0,outer_ring
11079,41.75427653019321,90.30999745464888,1163,0,outer_ring
11080,39.78412004825067,87.25555018721123,1228,0,outer_ring
11081,38.02700017796658,84.20583935877394,1270,0,outer_ring
11082,37.22925254850751,83.02882729969397,1294,0,outer_ring
11083,31.63739949791004,76.93722986441165,1356,0,outer_ring
11084,27.181189666741638,72.89278352680567,9438,5,text_en_1919
11085,27.586800443381787,73.750981994055,1377,0,outer_ring
11086,22.50285524384354,64.7589634532313,9622,5,text_en_1919
11087,22.36651000774675,63.453469632971405,9683,5,text_en_1919
11088,22.01408281873114,58.71468368413715,9891,5,text_en_1919
11089,22.19802050167678,55.78076832785781,9975,5,text_en_1919
11090,23.88130083021896,52.44384832322783,10153,5,text_en_1919
11091,27.77822816640314,50.980331677344495,3794,1,inner_ring
11092,34.22957824467831,51.15712427847053,5294,2,octagram
11093,35.75424620715455,50.934266630731535,5307,2,octagram
11094,42.36622143222745,52.32919490387111,6952,3,stroke_nan
11095,43.17374200284653,52.61332103011488,6767,3,stroke_nan
11096,44.8490378877692,53.49053187957791,6697,3,stroke_nan
11097,50.60927423415526,55.37745208235591,5006,2,octagram
11098,51.920975948789234,55.54442269366709,6720,3,stroke_nan
11099,58.7944697466596,57.66764780843968,3455,1,inner_ring
11100,58.11982568167743,57.26133196410845,3475,1,inner_ring
11101,61.56315430051199,63.74949549680391,9358,5,text_en_1919
11102,61.64657727411567,65.50928326993576,9191,5,text_en_1919
11103,61.55496642223449,66.46751909920252,9110,5,text_en_1919
11104,57.0651364255787,55.48297231466726,7627,4,stroke_kai
11105,56.45697232820103,52.794059698735225,7705,4,stroke_kai
11106,51.84094998112111,45.09659414200073,7205,3,stroke_nan
11107,49.16951630762793,41.08276228609967,7530,3,stroke_nan
11108,49.155660637490485,40.79041284307764,7541,3,stroke_nan
11109,51.549654674891855,44.4819609095359,7353,3,stroke_nan
11110,44.69181036542248,35.575773088803096,5582,2,octagram
11111,41.412414417205326,32.24457512386305,5731,2,octagram
11112,35.778634521716455,30.275758412732944,7400,3,stroke_nan
11113,37.25053369204792,30.925860460034563,7249,3,stroke_nan
11114,31.78448979434616,32.03482613244203,5447,2,octagram
11115,29.784083994403083,36.45794521163019,3833,1,inner_ring
11116,35.3528464124112,43.91944841291161,7078,3,stroke_nan
11117,35.68903181472692,44.47608116517495,7126,3,stroke_nan
11118,36.076968331648494,50.516898488998045,5331,2,octagram
11119,29.67202228602217,36.32482454874449,3844,1,inner_ring
11120,29.67875431725273,30.97201255003332,10727,5,text_en_1919
11121,31.2311730659608,27.274373476768947,3910,1,inner_ring
11122,34.79423361851947,25.43215783807648,1418,0,outer_ring
11123,36.93137480619396,25.13621465613632,1457,0,outer_ring
11124,41.71916179958457,25.16877184730174,11072,5,text_en_1919
11125,42.454187206909296,25.16650456550254,11350,5,text_en_1919
11126,47.7578942796206,29.239241464892213,4088,1,inner_ring
11127,48.20084892550543,29.72125196782285,5816,2,octagram
11128,50.77796185141111,33.451951013273934,7482,3,stroke_nan
11129,52.33397355513747,35.83297861926263,4104,1,inner_ring
11130,56.08396696680094,41.650521884273935,8382,4,stroke_kai
11131,55.5261522854601,41.05131226999102,8505,4,stroke_kai
11132,57.96904417387606,43.17708921040228,8166,4,stroke_kai
11133,60.7265970426757,45.10362938713445,8186,4,stroke_kai
11134,63.59339040373004,46.40129409937558,8030,4,stroke_kai
11135,67.08943633470578,47.73610542298394,7778,4,stroke_kai
11136,71.50059494523734,59.04060909762747,7840,4,stroke_kai
11137,71.49450355942916,58.588636642069545,7867,4,stroke_kai
11138,71.11684154340946,66.02523319557736,7688,4,stroke_kai
11139,71.01413698467124,66.55175468436319,7656,4,stroke_kai
11140,48.00888943175622,79.51819078175723,1009,0,outer_ring
11141,47.3053302577976,81.90955075028529,8867,5,text_en_1919
11142,49.24996193946953,85.09422975817962,843,0,outer_ring
11143,53.662732772115504,85.75725932553044,490,0,outer_ring
11144,55.66508349985308,86.20948961615416,398,0,outer_ring
11145,56.50792840432244,84.99742238552426,8826,5,text_en_1919
11146,56.326713391454376,84.10020859551162,8975,5,text_en_1919
11147,55.021680658800086,82.10495052071178,9081,5,text_en_1919
11148,50.52628364763167,78.94591826714726,9023,5,text_en_1919
11149,48.3046310466009,78.05313901695192,4904,2,octagram
11150,47.64480654435236,78.43744845400852,4945,2,octagram
11151,30.46100927523373,61.56448233247218,5100,2,octagram
11152,30.399983524340858,62.38494408881096,5082,2,octagram
11153,29.84803805776966,60.48465678635009,6732,3,stroke_nan
11154,57.23540731181317,99.07567326606332,285,0,outer_ring
11155,63.91146608057298,98.41167447308774,131,0,outer_ring
11156,63.22076701699005,98.8768283891772,165,0,outer_ring
11157,70.43749503400859,92.15770611969388,8654,5,text_en_1919
11158,70.5565829523459,91.99074172706293,8664,5,text_en_1919
11159,71.21093504464598,90.33262984896018,8793,5,text_en_1919
11160,73.20497513702257,85.21870563067766,9334,5,text_en_1919
11161,76.64648292608821,76.96090034059841,9448,5,text_en_1919
11162,77.34163432118959,74.63041525614075,9465,5,text_en_1919
11163,79.10982155627039,68.9960811892159,4525,2,octagram
11164,79.08800683916422,69.15425140375669,3342,1,inner_ring
11165,81.40923786832423,62.75003299199471,9734,5,text_en_1919
11166,85.24381660960394,52.28834419759963,9809,5,text_en_1919
11167,85.96251506943655,50.18491944034214,9918,5,text_en_1919
11168,87.40315252579207,47.03352470244892,3258,1,inner_ring
11169,88.75593467457249,45.08335241738887,10129,5,text_en_1919
11170,91.25924079696628,41.87842403031033,10310,5,text_en_1919
11171,92.76254281260154,40.67209653919412,10459,5,text_en_1919
11172,97.9610989642958,34.77167378381641,10570,5,text_en_1919
11173,95.54263856303108,37.8144200592826,10254,5,text_en_1919
11174,56.500158230569504,40.66373739817931,6015,2,octagram
11175,58.52927872185266,39.07896260313238,8323,4,stroke_kai
11176,59.81772309494836,36.76583791594001,8374,4,stroke_kai
11177,61.65254577693963,32.35492355079183,8304,4,stroke_kai
11178,63.4964844192596,27.860259811620708,8487,4,stroke_kai
11179,64.25000522362869,24.87387102573512,6184,2,octagram
11180,69.64941310535224,22.249189689577147,4349,1,inner_ring
11181,72.50035876671957,22.833232457878847,6377,2,octagram
11182,66.87907977166196,20.99946344521572,6253,2,octagram
11183,66.5355078855792,20.605604468686195,6120,2,octagram
11184,64.23860817145797,19.33586437303074,6043,2,octagram
11185,61.72932519509924,18.8893502889078,4159,1,inner_ring
11186,59.44662760538098,18.411980218138417,2747,0,outer_ring
11187,57.7268281024749,18.19737357839945,11220,5,text_en_1919
11188,53.766137486793184,18.1875085686872,10967,5,text_en_1919
11189,47.7456256457476,16.150722539519553,1633,0,outer_ring
11190,48.06085717953558,16.157210120695463,1716,0,outer_ring
11191,46.42025356792728,14.854523433586737,1597,0,outer_ring
11192,48.07133888427408,15.275366650947795,1738,0,outer_ring
11193,51.68191753583505,13.638061158446462,2277,0,outer_ring
11194,55.36237419238611,14.245265322761156,2565,0,outer_ring
11195,56.81889227621383,11.866515279695191,2613,0,outer_ring
11196,53.14096250795234,11.131100921872225,2431,0,outer_ring
11197,47.8301644232479,10.100808362375505,1846,0,outer_ring
11198,47.953385044871375,10.367865600690235,1858,0,outer_ring
11199,49.31902468237901,8.197190727357317,2047,0,outer_ring
11200,48.64049927282301,9.501900231581615,1947,0,outer_ring
11201,53.21830286195666,11.084694663863289,2436,0,outer_ring
11202,54.78055181489938,10.028383146274948,2494,0,outer_ring
11203,58.497011096707965,10.065205883089718,2670,0,outer_ring
11204,61.49938987540867,10.463575970362768,2792,0,outer_ring
11205,66.01763975723243,10.51761554775333,11152,5,text_en_1919
11206,72.23946751562835,10.44476483992861,4233,1,inner_ring
11207,75.91109922760299,10.406422945872606,10836,5,text_en_1919
11208,73.69345728777009,10.408587270166484,4279,1,inner_ring
11209,68.5246663785011,5.769236907076696,3065,0,outer_ring
11210,68.4940966539538,3.281271768123304,2957,0,outer_ring
11211,68.66505136178748,4.393085881421925,3028,0,outer_ring
11212,38.60127379007009,25.445035621505923,5777,2,octagram
11213,38.649804658459445,25.564882998760407,5764,2,octagram
11214,90.65989504310504,42.13983013261021,4417,1,inner_ring
11215,49.34950348898535,95.77647492118577,691,0,outer_ring
11216,48.96751703858926,95.87799594103966,724,0,outer_ring
11217,43.6149588515934,92.41048062263336,1081,0,outer_ring
11218,53.988537668181415,97.13488369973548,436,0,outer_ring
11219,50.298503245705,96.18124847972688,616,0,outer_ring
11220,47.0304866777966,95.03042033842397,871,0,outer_ring
11221,41.53319414811985,89.6920928443891,1177,0,outer_ring
11222,42.18255850244231,91.01614589079428,1136,0,outer_ring
11223,40.03920922023936,87.66911456593235,1218,0,outer_ring
11224,36.71474199116393,81.77705828775895,1316,0,outer_ring
11225,30.84609486916961,76.00996716557208,3644,1,inner_ring
11226,31.87855077169388,77.01967495734435,3632,1,inner_ring
11227,24.91957984949576,70.13487718527612,9460,5,text_en_1919
11228,22.23920935861629,62.96727162735263,9699,5,text_en_1919
11229,21.93795229489584,60.414721976260616,1388,0,outer_ring
11230,22.000193581731352,58.14105674265922,9914,5,text_en_1919
11231,22.728388785543693,54.3118354897028,10004,5,text_en_1919
11232,24.89692939485407,51.4716840702581,10274,5,text_en_1919
11233,27.54303180039012,50.97834648638321,3800,1,inner_ring
11234,32.98948364932713,51.217122234545904,3731,1,inner_ring
11235,36.20053570570843,50.745112799813896,5325,2,octagram
11236,42.71809476550109,52.49368652309676,6743,3,stroke_nan
11237,45.78989776815053,53.69292553015177,6789,3,stroke_nan
11238,47.48483176063353,54.44412254265944,6640,3,stroke_nan
11239,47.6239237935028,54.43298214814314,6881,3,stroke_nan
11240,50.86519582263014,55.323939625470416,6587,3,stroke_nan
11241,57.48764361918846,55.54997813257618,7594,4,stroke_kai
11242,58.82892561021211,57.35052460924841,4684,2,octagram
11243,59.719923573412856,58.766098632904765,7954,4,stroke_kai
11244,61.69002063556655,67.39635211398355,8991,5,text_en_1919
11245,61.51662566158398,65.10598530329287,9177,5,text_en_1919
11246,58.35741650945496,56.55574395095556,4665,2,octagram
11247,55.7476898186782,51.78119845165569,7724,4,stroke_kai
11248,54.07736997672802,48.441223626366174,6928,3,stroke_nan
11249,49.017946492774016,40.26114353473411,7567,3,stroke_nan
11250,48.78974090877613,40.28603596806347,7543,3,stroke_nan
11251,50.1754727224926,43.091660638004974,7405,3,stroke_nan
11252,44.08797087334975,34.2773931805957,5716,2,octagram
11253,41.30392617225387,31.996596791994165,5743,2,octagram
11254,40.44628671572626,31.82807390294289,5564,2,octagram
11255,34.252261987312835,30.51923891781926,7367,3,stroke_nan
11256,33.73850813064844,30.9476118960674,5552,2,octagram
11257,29.74300248464165,34.97165653583812,3859,1,inner_ring
11258,35.383207239293846,43.87134373660657,7153,3,stroke_nan
11259,35.48628854619332,43.98249307243763,7198,3,stroke_nan
11260,36.737029124953054,50.19276731791776,5355,2,octagram
11261,29.61871633635985,36.07439739844374,10545,5,text_en_1919
11262,29.672506909128938,29.768602732119177,10788,5,text_en_1919
11263,29.66338880375069,30.79685340216995,10744,5,text_en_1919
11264,30.975642261834885,27.56414584439814,5522,2,octagram
11265,37.02448301683576,25.40760557534489,4014,1,inner_ring
11266,39.75708896016037,25.17199724768541,1490,0,outer_ring
11267,43.29573055781324,25.39636428446873,11237,5,text_en_1919
11268,48.60923468470512,30.56112824065918,5838,2,octagram
11269,50.47124934893967,33.25342555771028,7499,3,stroke_nan
11270,53.237736338077816,36.87892206876768,5913,2,octagram
11271,54.2898269669174,38.9017019822396,4148,1,inner_ring
11272,56.112194649165765,40.61721838144234,5976,2,octagram
11273,56.116944925105685,41.41839857909538,5965,2,octagram
11274,59.94131960430835,44.76776845566167,8099,4,stroke_kai
11275,63.33305417313648,46.17003188179135,6441,2,octagram
11276,64.46214439038415,46.62785521082215,8007,4,stroke_kai
11277,66.95691902769654,47.43894713727799,7888,4,stroke_kai
11278,69.28590273104145,50.49967682678837,6499,2,octagram
11279,71.84741420154369,62.62648749376427,7751,4,stroke_kai
11280,71.41834215536758,65.77826187429449,7664,4,stroke_kai
11281,70.7932794470214,66.99732526767221,7620,4,stroke_kai
11282,48.6823184117508,79.37769323822559,8707,5,text_en_1919
11283,48.58942654627975,84.54576528708972,925,0,outer_ring
11284,49.52567805337407,84.98178894473082,804,0,outer_ring
11285,52.0431261695836,85.48076772566782,543,0,outer_ring
11286,56.52330444973519,86.21000308988246,8587,5,text_en_1919
11287,55.90612931086648,86.19555423503857,8581,5,text_en_1919
11288,56.500993921341866,85.05249756026248,8804,5,text_en_1919
11289,54.69482571228754,81.62655476153469,9206,5,text_en_1919
11290,50.51954391043734,78.75417944429095,4869,2,octagram
11291,50.596238762031504,78.83460568562398,4862,2,octagram
11292,48.65100444252055,78.1706578953723,4897,2,octagram
11293,29.60189371771588,61.65724477980093,3704,1,inner_ring
11294,30.15702709118197,62.29658048999403,5112,2,octagram
11295,30.339993893649776,62.38930067337801,5081,2,octagram
11296,56.273086344887055,98.00857681546898,327,0,outer_ring
11297,59.20438121081115,99.62281707797264,259,0,outer_ring
11298,63.94012785845435,98.50567375008772,130,0,outer_ring
11299,69.5164257286999,93.08144618040374,8671,5,text_en_1919
11300,71.75445859216865,88.53012362595013,8922,5,text_en_1919
11301,72.45366658733877,86.10645473535973,9064,5,text_en_1919
11302,75.03490088413584,80.57287009543657,4629,2,octagram
11303,75.20064924766163,80.12532339554832,3396,1,inner_ring
11304,77.49035012559207,73.18567626269183,4580,2,octagram
11305,77.37436948178667,74.37696225778099,9483,5,text_en_1919
11306,78.56585763587898,70.43950050790141,9619,5,text_en_1919
11307,82.37788696379441,59.34193324271387,3311,1,inner_ring
11308,84.5858480340301,53.45313240427407,6561,2,octagram
11309,84.99801071210675,52.76517624692981,9858,5,text_en_1919
11310,86.11375191532105,49.71430452882613,9958,5,text_en_1919
11311,87.52052949441294,46.84624938525553,3253,1,inner_ring
11312,89.30970572941962,44.16694275942838,10035,5,text_en_1919
11313,95.59432589824917,37.29696423477452,10468,5,text_en_1919
11314,97.45669235932118,35.057833840979924,10672,5,text_en_1919
11315,97.13745445427084,35.598935008239906,10503,5,text_en_1919
11316,55.6529976714522,40.6254415075584,5942,2,octagram
11317,57.97462241114695,39.53165806245416,8285,4,stroke_kai
11318,61.140357258685,32.698569308140264,8464,4,stroke_kai
11319,62.4074989131264,30.50794334580752,8491,4,stroke_kai
11320,63.66672284514621,26.96909904806809,8536,4,stroke_kai
11321,65.47269896043197,23.46234675923797,6245,2,octagram
11322,72.87282194060816,22.82114122551421,6359,2,octagram
11323,69.53894140933242,22.459936791659317,4353,1,inner_ring
11324,69.28064407264301,22.25313743661142,4345,1,inner_ring
11325,66.54579007752963,20.39979955577301,6114,2,octagram
11326,65.14885462972744,19.57076138315345,10971,5,text_en_1919
11327,62.16947810173311,18.9673771431569,4176,1,inner_ring
11328,56.32312478232155,18.284332676559508,11008,5,text_en_1919
11329,53.16885167859785,18.135310773458876,11025,5,text_en_1919
11330,52.96698067302122,18.232152901981703,2399,0,outer_ring
11331,51.62695470824576,17.908910658020798,2286,0,outer_ring
11332,48.42621264635677,16.277006238633437,1791,0,outer_ring
11333,45.7913012834851,13.681491745409524,1580,0,outer_ring
11334,47.90714943150462,15.321938450587531,1706,0,outer_ring
11335,50.85496667264192,14.596250534632604,2196,0,outer_ring
11336,53.38928314859888,14.756350644592978,2472,0,outer_ring
11337,56.83387354019873,12.195676498408917,2618,0,outer_ring
11338,51.49502724721527,14.13093006809968,2247,0,outer_ring
11339,49.632501605060455,9.993564790179931,2080,0,outer_ring
11340,47.88370161744008,10.001032992823433,1854,0,outer_ring
11341,46.38681028004146,6.570359617754939,1682,0,outer_ring
11342,49.99370450304063,9.238139920458911,2136,0,outer_ring
11343,53.62551858734412,10.402202465770904,2470,0,outer_ring
11344,56.17451625163984,10.022846344059396,2588,0,outer_ring
11345,63.02823114435629,10.374745547919453,2855,0,outer_ring
11346,62.07868324772483,10.475720283910364,2826,0,outer_ring
11347,67.28035021555921,10.079156948067364,11069,5,text_en_1919
11348,70.79976710021839,10.115149055294957,6105,2,octagram
11349,73.51701652754102,10.55866000138277,4278,1,inner_ring
11350,73.84374940596837,10.48222419163858,4293,1,inner_ring
11351,68.59387725185469,5.868061557774936,3087,0,outer_ring
11352,68.39811497050368,6.774945477427941,3105,0,outer_ring
11353,68.65577123532071,4.020250802506837,3013,0,outer_ring
11354,36.65194774716989,25.283581007560716,11234,5,text_en_1919
11355,40.67210627455832,25.12582321634393,1549,0,outer_ring
11356,90.4818418479006,42.3083895134456,10162,5,text_en_1919
11357,49.067307388464585,95.81065882788224,712,0,outer_ring
11358,49.1359091620613,95.61055787279842,709,0,outer_ring
11359,43.47278766043659,92.39478131329676,1088,0,outer_ring
