point_id,x,y,assigned_slot_id,assigned_layer_id,assigned_layer_name
0,54.13351848943263,93.14489163278324,357,0,outer_ring
1,46.05605431545831,93.51261707914013,842,0,outer_ring
2,46.11930266930773,91.61421537140883,871,0,outer_ring
3,48.80946282512329,81.28447937988388,8700,5,text_en_1919
4,39.7512040168936,88.97540278079865,1183,0,outer_ring
5,40.93540672333491,81.68950973873987,8946,5,text_en_1919
6,35.98940919111013,66.00479052253314,5075,2,octagram
7,33.363919930481565,65.33426605254307,5116,2,octagram
8,28.486332007548548,73.5071137259296,9466,5,text_en_1919
9,25.15735136501697,69.56559210281625,9550,5,text_en_1919
10,23.027544755545033,68.47359081160005,9535,5,text_en_1919
11,19.697689330512645,61.77724826563968,9763,5,text_en_1919
12,15.526309272123367,57.89796040486766,1394,0,outer_ring
13,23.087799465816087,50.278146257952834,10232,5,text_en_1919
14,30.185453389133652,53.08906996645478,5278,2,octagram
15,26.635191714472878,46.9113236698729,10505,5,text_en_1919
16,31.292725658129,57.32545730035139,5207,2,octagram
17,39.58213094916745,57.107039758259035,6732,3,stroke_nan
18,41.538288943089285,47.103549977676174,7110,3,stroke_nan
19,41.53874679959094,51.65646349204068,6849,3,stroke_nan
20,44.285181353063486,52.5986080108944,6851,3,stroke_nan
21,48.447420069945764,60.25130768312422,6588,3,stroke_nan
22,54.250685286441175,66.52994214108696,4842,2,octagram
23,58.1618451188642,53.35818733273498,7879,4,stroke_kai
24,62.544821559955615,67.94440885552999,4725,2,octagram
25,67.6790302425398,57.792547257925435,7692,4,stroke_kai
26,56.30989502368476,78.88140920241264,9047,5,text_en_1919
27,61.27532249367755,80.88724137434677,8978,5,text_en_1919
28,49.89375340136675,68.45775256881456,4881,2,octagram
29,46.731145577114845,51.488276368878395,6877,3,stroke_nan
30,46.5533223814376,53.75096683854982,6780,3,stroke_nan
31,56.28864760398661,34.855314001465615,8549,4,stroke_kai
32,48.381346990526154,45.96738541403673,7122,3,stroke_nan
33,55.02759115873185,44.49138644961403,8266,4,stroke_kai
34,44.92217721409547,37.961159253586935,7453,3,stroke_nan
35,46.10743203710707,19.183700045567836,10948,5,text_en_1919
36,37.921645522006855,28.378042838141813,5709,2,octagram
37,34.88083969120631,27.069366408827012,3996,1,inner_ring
38,33.606353432912016,34.33801035536432,5576,2,octagram
39,28.188385099234875,35.706481418432595,5503,2,octagram
40,41.9828302617845,44.06626149793627,7240,3,stroke_nan
41,34.51148591679512,51.158313230545446,5327,2,octagram
42,36.86938899166478,52.45000307058475,6919,3,stroke_nan
43,23.676895788929425,41.30276632249083,10601,5,text_en_1919
44,31.015549020227535,37.43893279600144,5490,2,octagram
45,28.046709472699632,16.622726956129075,1417,0,outer_ring
46,28.798239904645964,22.867397888708595,1413,0,outer_ring
47,41.60952480961154,9.979462576930347,1526,0,outer_ring
48,39.88643907840436,4.410818379611671,1523,0,outer_ring
49,46.66442194378515,15.542147322739615,11235,5,text_en_1919
50,47.57595154835348,17.751405551634218,11184,5,text_en_1919
51,58.538772298055115,9.482731111887283,2679,0,outer_ring
52,54.73775531695695,31.2148048708341,5920,2,octagram
53,61.170899483484156,22.72319320607168,6026,2,octagram
54,46.07536911547815,32.62672459051798,7576,3,stroke_nan
55,60.15491490808671,50.51531660546775,7995,4,stroke_kai
56,55.486815253217095,53.01014882011675,7796,4,stroke_kai
57,65.45581978986424,46.022914098878395,8074,4,stroke_kai
58,60.79236013149192,43.48795394542631,8196,4,stroke_kai
59,65.9278966712015,55.92636832658819,7743,4,stroke_kai
60,71.53321681945047,58.9245125052316,7658,4,stroke_kai
61,70.53565846941079,64.98176892330787,4587,2,octagram
62,62.49290934895832,54.445852137774324,7862,4,stroke_kai
63,69.29416424592164,71.88893007500677,4650,2,octagram
64,36.10921672668134,73.81247474777861,3643,1,inner_ring
65,46.653993411927445,88.71082414895535,875,0,outer_ring
66,45.89563410292387,83.88145172859893,1006,0,outer_ring
67,47.41668613522248,87.15995055130502,837,0,outer_ring
68,53.24500204721013,89.53369823880054,409,0,outer_ring
69,56.42962334481514,89.35935056663159,253,0,outer_ring
70,53.57808995040798,85.46791440274109,8585,5,text_en_1919
71,58.83221314513481,81.59089160221684,8872,5,text_en_1919
72,51.620270537433306,76.31437880962005,3547,1,inner_ring
73,47.74780551276695,74.35476312447236,4933,2,octagram
74,48.4500091060404,77.7706376088779,9240,5,text_en_1919
75,31.50472393394151,58.61959166850123,5201,2,octagram
76,30.46512273345394,63.85931881304798,3703,1,inner_ring
77,38.669795483841376,57.74604411607572,6731,3,stroke_nan
78,49.55081878144821,89.06700994314852,642,0,outer_ring
79,56.685716811561306,89.30894073203179,243,0,outer_ring
80,61.47700327589856,85.2673750093892,8818,5,text_en_1919
81,65.80316680520231,92.5017732066579,43,0,outer_ring
82,63.71002803625417,86.93221762680842,8730,5,text_en_1919
83,71.20917786744471,83.44801159419718,9007,5,text_en_1919
84,80.7893903649756,76.34539654742444,9362,5,text_en_1919
85,68.06339236505568,61.181035774766876,7620,4,stroke_kai
86,76.53511476837325,74.28309028967422,9426,5,text_en_1919
87,75.2472289062306,70.2606114930531,3392,1,inner_ring
88,81.89369712603079,69.25932005383287,9509,5,text_en_1919
89,79.7044636012575,67.97661235148983,9540,5,text_en_1919
90,80.8423472262935,60.86977340653948,3330,1,inner_ring
91,89.72059149539054,59.871555855456485,9768,5,text_en_1919
92,87.99050833866548,51.9988343191081,10051,5,text_en_1919
93,91.86518622466018,59.61737634850523,9796,5,text_en_1919
94,83.72638479626166,46.272289910964,10365,5,text_en_1919
95,93.31121016343539,51.76407334218643,10047,5,text_en_1919
96,88.88119452106952,49.85582062883587,10117,5,text_en_1919
97,94.27059468493681,42.29025660528802,10488,5,text_en_1919
98,69.83123638368875,41.02085944929628,6411,2,octagram
99,55.61863157750713,40.72951660809727,8380,4,stroke_kai
100,64.93732151053833,37.20477811485104,8394,4,stroke_kai
101,68.08478944745303,45.48240924434604,6448,2,octagram
102,60.90445950892686,37.183071073891725,8422,4,stroke_kai
103,65.1331156392042,26.03222034427348,6144,2,octagram
104,76.81910489472509,33.07824974494745,6307,2,octagram
105,80.81070683181446,54.16681343354136,6562,2,octagram
106,67.07804499774936,27.880005015374227,6167,2,octagram
107,67.85884343386995,22.824531429941292,6112,2,octagram
108,66.07299814895299,18.253923733823804,10864,5,text_en_1919
109,61.08394590945609,15.600207342074123,10957,5,text_en_1919
110,60.79922437835348,6.780179776673493,2808,0,outer_ring
111,52.65173015227682,14.017104820781844,2139,0,outer_ring
112,50.66618422662082,3.106091908959488,1994,0,outer_ring
113,58.11930696913356,10.39666843393937,2655,0,outer_ring
114,53.327528976104716,6.846085828756464,2216,0,outer_ring
115,45.4115193384332,11.480088314038474,1591,0,outer_ring
116,51.67330367025248,5.373320510555792,2071,0,outer_ring
117,51.47445385626501,8.977638261485943,2033,0,outer_ring
118,56.183549590077774,8.980876275544507,2503,0,outer_ring
119,52.26034894475548,9.732628284038638,2105,0,outer_ring
120,53.50323069725268,7.18742439606406,2233,0,outer_ring
121,50.85348351549772,2.761597023347046,2011,0,outer_ring
122,46.61643051459387,8.907198116592319,1668,0,outer_ring
123,49.9799121500238,8.86940160201601,1901,0,outer_ring
124,48.20440661438768,7.297178189398369,1769,0,outer_ring
125,55.42908362973494,8.073143934282395,2430,0,outer_ring
126,55.71370751372331,14.111252989359063,11293,5,text_en_1919
127,64.11908923822938,8.284494637173134,2958,0,outer_ring
128,66.42320531947044,8.745133431251231,3064,0,outer_ring
129,66.88640917449153,29.9404292493002,6176,2,octagram
130,76.15688474831477,30.20281145261402,4334,1,inner_ring
131,73.02717292570148,23.967084723466556,4283,1,inner_ring
132,88.11071389095473,56.08018041917529,9863,5,text_en_1919
133,65.70524859597352,7.348124771804761,3017,0,outer_ring
134,66.92895446755256,2.935297450544856,3025,0,outer_ring
135,67.96709029632872,8.223208927133678,3127,0,outer_ring
136,36.945368440657155,21.526036142633107,10958,5,text_en_1919
137,38.69895850902771,8.395847894420717,1483,0,outer_ring
138,89.37106911053901,49.094656708248394,10111,5,text_en_1919
139,46.94944884575859,88.68973791420945,847,0,outer_ring
140,49.310515847503055,92.76204557964508,623,0,outer_ring
141,44.712234654592635,87.02812389495432,1021,0,outer_ring
142,48.143887327868434,93.34178535112791,714,0,outer_ring
143,49.220709602684174,93.91620700619595,621,0,outer_ring
144,44.9260677660252,93.20633364130623,930,0,outer_ring
145,40.881137316899064,90.65026207046536,1129,0,outer_ring
146,42.89552541592573,83.02191421398041,8832,5,text_en_1919
147,39.618663137042155,87.5156433707672,1201,0,outer_ring
148,37.50923786659826,85.74273273790493,1275,0,outer_ring
149,38.73601719339256,69.56907519435325,5045,2,octagram
150,27.93151525225245,68.1668163730894,9616,5,text_en_1919
151,28.555727189707515,72.81344774908763,9505,5,text_en_1919
152,28.175146230461245,63.03142362558734,3719,1,inner_ring
153,24.450029538955825,62.288665286303846,9730,5,text_en_1919
154,24.151866971567458,57.55145673260462,9916,5,text_en_1919
155,21.59473342299563,47.440479745069034,10453,5,text_en_1919
156,24.41669762275962,54.81345287578156,10006,5,text_en_1919
157,28.820570004068394,45.60778722404392,3837,1,inner_ring
158,27.664346114725355,54.66052380909181,3765,1,inner_ring
159,37.79574948532804,48.69629190353433,7024,3,stroke_nan
160,40.094770581637576,48.91840100519337,6966,3,stroke_nan
161,44.920572967874655,60.42843001349154,6613,3,stroke_nan
162,50.24268557661946,46.616860438143036,7115,3,stroke_nan
163,54.638025017548756,74.81822650521542,3526,1,inner_ring
164,62.21920688962629,62.48660355798081,4656,2,octagram
165,57.52285175825953,60.31266996861681,7580,4,stroke_kai
166,61.123301021377564,68.9212825544491,4732,2,octagram
167,57.22427958802566,69.1513553282591,4796,2,octagram
168,64.96894743754612,74.10865985373043,3452,1,inner_ring
169,57.46239526230389,76.66655093918452,9084,5,text_en_1919
170,56.55305094075247,66.02413332871029,4803,2,octagram
171,58.40252134895377,52.13194764985121,7948,4,stroke_kai
172,51.81868492631063,55.86646576001453,6739,3,stroke_nan
173,47.84342028007979,33.60781455770654,7568,3,stroke_nan
174,45.38612639145944,41.23423823715242,7361,3,stroke_nan
175,46.00862902730497,41.88656873422626,7343,3,stroke_nan
176,47.90731795449829,13.59224830853024,11338,5,text_en_1919
177,41.857376657214445,23.457378728037018,5773,2,octagram
178,37.65787624289074,30.37972435105426,5668,2,octagram
179,32.925878102630215,35.56149479971718,5547,2,octagram
180,23.014720574550964,45.09428093287188,10564,5,text_en_1919
181,26.322530747846763,41.4128610886648,10567,5,text_en_1919
182,40.45837537136426,48.16025353902224,7051,3,stroke_nan
183,38.604408246998766,42.3208939531599,7309,3,stroke_nan
184,33.28413086057565,46.25385241534987,5397,2,octagram
185,27.06053294401035,44.18104794476752,10548,5,text_en_1919
186,38.15247585044597,37.81370221096744,7430,3,stroke_nan
187,28.200293956855774,32.942701819250814,3907,1,inner_ring
188,28.75536323557028,27.668858756780722,10809,5,text_en_1919
189,42.72831409438511,8.170845191640304,1549,0,outer_ring
190,48.136073834113546,7.320036039892038,1761,0,outer_ring
191,46.685426400050346,18.925756354719795,10990,5,text_en_1919
192,46.02791259239163,27.310900905056645,5815,2,octagram
193,47.86704316710736,23.067356966804635,4083,1,inner_ring
194,50.43623634633282,45.028062485336605,7168,3,stroke_nan
195,53.543070336313214,21.791470149200244,11074,5,text_en_1919
196,73.69168225781753,41.20667671144095,6400,2,octagram
197,55.584094444064306,43.984518149892324,8289,4,stroke_kai
198,57.904192308398315,46.53862697551435,8092,4,stroke_kai
199,63.14222365838784,53.50052609235836,7885,4,stroke_kai
200,68.18947915257574,44.89100630126143,6443,2,octagram
201,60.20952024124768,51.517706500805474,7962,4,stroke_kai
202,73.07791313476945,51.93455861305506,6507,2,octagram
203,70.60662024116755,61.19442909907752,4558,2,octagram
204,71.88649203687045,60.26645692229156,4549,2,octagram
205,55.42284270420227,82.30242920089707,8825,5,text_en_1919
206,45.160524139267274,73.19640156915473,4978,2,octagram
207,44.99567433608985,89.43080014255055,975,0,outer_ring
208,46.73090064212551,88.83004556842332,870,0,outer_ring
209,44.83546453952912,84.22275337834287,8714,5,text_en_1919
210,49.302714033653075,88.62980822312298,671,0,outer_ring
211,49.20247660718488,91.81444337496701,641,0,outer_ring
212,55.62720273260782,85.18829576769379,8592,5,text_en_1919
213,55.470431769695765,78.4363012767712,9096,5,text_en_1919
214,45.93641768357551,80.69148381821392,9185,5,text_en_1919
215,52.59356348193573,78.57784343264599,9094,5,text_en_1919
216,39.812889269944655,78.82076420064541,9371,5,text_en_1919
217,32.17527396605072,60.710974092351044,5149,2,octagram
218,30.131035562707595,58.233235572752925,5215,2,octagram
219,39.06581565696966,63.85952722083485,5085,2,octagram
220,52.12357412856488,93.77114296870874,453,0,outer_ring
221,62.36058647300834,95.0888494612242,82,0,outer_ring
222,62.98188917572246,94.20256240600241,73,0,outer_ring
223,63.16399697125259,79.27094129141686,9168,5,text_en_1919
224,59.950238413436054,90.06904886428849,127,0,outer_ring
225,70.16234017380174,78.19584396751529,9276,5,text_en_1919
226,61.751999887824496,78.0703328158546,9112,5,text_en_1919
227,65.37035403070543,73.75591906027742,3450,1,inner_ring
228,69.66659546281258,72.17795275635078,4652,2,octagram
229,68.86675716025282,67.0470848926701,4609,2,octagram
230,77.59678855452243,60.242756781445806,4500,2,octagram
231,80.78486595432874,59.856874458109324,3327,1,inner_ring
232,84.41883112956121,57.85088614674262,9840,5,text_en_1919
233,83.96941859142107,52.24879913059685,3276,1,inner_ring
234,78.06995064596977,55.64720502029821,4449,2,octagram
235,89.37758661538831,53.173175527760854,9951,5,text_en_1919
236,86.13710470208227,48.728146181945256,3248,1,inner_ring
237,88.23233442580228,55.33817609017248,9903,5,text_en_1919
238,90.54506580013968,53.69105375692733,9919,5,text_en_1919
239,95.864934624189,45.94456299169518,10222,5,text_en_1919
240,52.73176953515517,44.20116805655039,7329,3,stroke_nan
241,62.849818106711936,37.6274368816283,8399,4,stroke_kai
242,60.773772070223515,27.785018785012305,6078,2,octagram
243,67.31754228272368,39.87245804802675,8303,4,stroke_kai
244,67.248079457932,30.37750184421938,6187,2,octagram
245,66.21728117363593,38.56503255837785,8309,4,stroke_kai
246,78.05212598099905,42.056020564476,4408,1,inner_ring
247,81.54055933643647,40.44770531549048,10455,5,text_en_1919
248,64.19001569901336,36.441205807983174,8404,4,stroke_kai
249,74.17086639411725,39.102657357756904,6376,2,octagram
250,63.358605481401376,16.570970708433336,10903,5,text_en_1919
251,65.04036059461751,12.854827277994525,11113,5,text_en_1919
252,58.91780347562643,14.909438666422739,11287,5,text_en_1919
253,49.55232872006833,17.54378926043751,11205,5,text_en_1919
254,56.10021532910628,7.582014459754308,2485,0,outer_ring
255,45.82139797568733,8.442569164830994,1642,0,outer_ring
256,57.022635428610116,5.880652303373546,2548,0,outer_ring
257,46.114909401465304,7.983349639130491,1654,0,outer_ring
258,50.640007703110435,13.574700837395536,1930,0,outer_ring
259,56.65477327532365,18.123938928704444,11007,5,text_en_1919
260,54.513520705791706,8.408408387457577,2347,0,outer_ring
261,59.61411590116355,8.554663758904814,2748,0,outer_ring
262,52.12913980987309,6.929795758230194,2100,0,outer_ring
263,52.490356415905744,5.911386191792227,2135,0,outer_ring
264,52.33151198222335,6.5363216130779564,2116,0,outer_ring
265,49.10253021783058,3.87494262872165,1861,0,outer_ring
266,48.699759942376275,7.914085851348061,1806,0,outer_ring
267,49.7375251984112,9.74501126390245,1867,0,outer_ring
268,56.44645714520049,5.0367405112295085,2499,0,outer_ring
269,63.23929865519737,7.513198478795352,2920,0,outer_ring
270,73.81976314250709,15.693045664491535,4246,1,inner_ring
271,65.47450427788245,7.630817384554143,3010,0,outer_ring
272,69.12260121523906,22.562448804346687,4259,1,inner_ring
273,79.57996654482544,23.88159616477593,10800,5,text_en_1919
274,65.65114962690984,24.978479169026297,6134,2,octagram
275,65.41575941755787,11.7950054332608,11138,5,text_en_1919
276,63.87067835960583,8.924846199562861,2955,0,outer_ring
277,68.3372671087059,4.972372604367041,3102,0,outer_ring
278,40.126082824226394,11.215948154386544,1492,0,outer_ring
279,42.97376877498407,26.00353779515187,5784,2,octagram
280,89.9989943463796,51.52522510272053,10063,5,text_en_1919
281,53.871187953838856,94.64600662048561,366,0,outer_ring
282,47.70569206063119,94.34315132781832,731,0,outer_ring
283,41.91719820062391,88.17127508560849,1119,0,outer_ring
284,47.28977962098718,91.4030403289782,792,0,outer_ring
285,49.95049203191126,91.06586401768676,592,0,outer_ring
286,45.4418236282912,92.82426264563507,904,0,outer_ring
287,42.055380716017005,90.25371705200448,1090,0,outer_ring
288,31.341026752316942,83.29452299395223,1359,0,outer_ring
289,33.34668462286083,81.89207074557102,1352,0,outer_ring
290,41.51145344393914,70.65093208555918,5007,2,octagram
291,28.288907385873937,74.56416978584426,9419,5,text_en_1919
292,33.087019838723094,71.85710261856914,3662,1,inner_ring
293,25.644861704004818,75.7603874535396,9432,5,text_en_1919
294,24.839619011369173,63.40456264667883,9722,5,text_en_1919
295,20.498415288258723,60.32136838636385,9913,5,text_en_1919
296,19.289728887404802,52.603925737790206,10209,5,text_en_1919
297,20.587582778721522,49.06769914200357,10323,5,text_en_1919
298,27.732536829880825,50.526516236288984,3800,1,inner_ring
299,21.65631324104906,48.74048048383687,10360,5,text_en_1919
300,30.137019626384177,57.36644085893683,5217,2,octagram
301,31.762048153767193,46.59499919105855,5402,2,octagram
302,38.344181667121916,51.01274101490712,6935,3,stroke_nan
303,44.604275746398585,54.52835291206356,6770,3,stroke_nan
304,48.55648795877568,44.193022191703406,7220,3,stroke_nan
305,50.511287489854894,61.7137259825074,6619,3,stroke_nan
306,52.73731069325306,55.83871918600584,6643,3,stroke_nan
307,51.53388916926639,68.74724200550205,4873,2,octagram
308,57.52738284257977,50.83382465615754,7964,4,stroke_kai
309,69.03459706937464,55.38771303118698,7815,4,stroke_kai
310,65.85461278559886,76.77522708795115,9316,5,text_en_1919
311,60.82357965894338,78.40754066441536,9122,5,text_en_1919
312,52.742670202986,67.32414646960025,4852,2,octagram
313,50.705456234139625,48.47974765472593,7033,3,stroke_nan
314,53.616044232184734,34.40082924067597,5914,2,octagram
315,46.2390205534546,34.211118106222905,7564,3,stroke_nan
316,51.34887664854524,42.35228192116284,7279,3,stroke_nan
317,54.71383260201668,40.88884611157785,8467,4,stroke_kai
318,46.34588265429847,34.82935076769714,7563,3,stroke_nan
319,45.17495848475636,46.47060171465694,7162,3,stroke_nan
320,46.31374970840416,9.384386978767843,1652,0,outer_ring
321,35.056836551321794,33.459736473577124,5593,2,octagram
322,33.73211255641253,38.37965967414465,5468,2,octagram
323,29.38664001273327,40.08505778914666,3872,1,inner_ring
324,29.286165947627683,43.6738941861027,3852,1,inner_ring
325,42.03213008646813,43.50038885354631,7300,3,stroke_nan
326,40.02734611017757,49.31924335070007,6965,3,stroke_nan
327,21.618577233677406,44.628859185972686,10571,5,text_en_1919
328,19.67652155492866,43.35998994996008,10622,5,text_en_1919
329,30.313911001749734,35.030057139592124,5511,2,octagram
330,33.93477265228144,26.24708094721816,3993,1,inner_ring
331,36.865483637933025,18.269935959298262,11244,5,text_en_1919
332,42.09623419816011,22.900682180072682,5772,2,octagram
333,47.336023944042275,9.286838781737227,1702,0,outer_ring
334,47.55687297527644,26.114525992894055,5820,2,octagram
335,47.53089805012263,21.444924803012864,10926,5,text_en_1919
336,60.20863301621797,11.12225347193296,2817,0,outer_ring
337,55.62289452709134,23.799911785809428,4135,1,inner_ring
338,60.67239134412549,27.0061481387228,5996,2,octagram
339,48.37497736908343,28.727066118579536,5845,2,octagram
340,54.87043054114436,44.7209973570301,8267,4,stroke_kai
341,63.63042456886519,46.19869819872698,8128,4,stroke_kai
342,71.88146200580113,48.879978439968525,6481,2,octagram
343,65.73837109061111,48.44806542857044,8001,4,stroke_kai
344,58.98065770294182,52.76808215210087,7949,4,stroke_kai
345,68.27163077403934,59.803119608112254,7652,4,stroke_kai
346,71.21341739981463,63.12353120108888,4566,2,octagram
347,69.74499450024553,63.081801507016785,4569,2,octagram
348,46.819663146308194,86.2804890777953,908,0,outer_ring
349,44.09437652818673,82.55553439793341,8926,5,text_en_1919
350,54.429480161129966,90.84059223483024,342,0,outer_ring
351,48.7214816220352,89.48701530384933,715,0,outer_ring
352,53.6935606709147,86.0877968159035,8578,5,text_en_1919
353,50.50219161775545,87.02674452262998,584,0,outer_ring
354,49.47270693979215,74.84881419166177,3565,1,inner_ring
355,50.968416637230085,83.62769913923935,580,0,outer_ring
356,49.56143732283662,75.68710466993423,9262,5,text_en_1919
357,42.045697282814935,70.05814639272873,5012,2,octagram
358,42.84523584110037,78.10095871399506,3601,1,inner_ring
359,28.043274352147318,57.44135262768393,5232,2,octagram
360,27.047114538858235,60.16951844957977,3736,1,inner_ring
361,42.32403033688165,59.25563624908352,6632,3,stroke_nan
362,55.371293979079454,91.67703075907002,298,0,outer_ring
363,63.030553006000645,94.19563620625348,70,0,outer_ring
364,61.136032805270865,84.6537354877915,8838,5,text_en_1919
365,67.66133921271094,93.66280292794936,30,0,outer_ring
366,60.33516376493224,95.06328538152187,129,0,outer_ring
367,70.54423363436523,73.84092439724644,3432,1,inner_ring
368,69.4151428416864,82.87915920289124,9029,5,text_en_1919
369,63.755929010690956,69.9446265628185,4673,2,octagram
370,75.36912348600697,72.09240605223688,3399,1,inner_ring
371,66.2773524846231,54.42667603963955,7849,4,stroke_kai
372,80.5886331241388,77.46368433194755,9351,5,text_en_1919
373,72.69665151794257,61.44021447337182,4544,2,octagram
374,82.99374742341286,54.60778005369994,3294,1,inner_ring
375,83.93309641999701,61.14650193166273,9716,5,text_en_1919
376,81.90068130811476,52.6774327999597,6554,2,octagram
377,86.29543001211835,46.59618927765166,10314,5,text_en_1919
378,87.5685152762367,46.5451946998708,10335,5,text_en_1919
379,94.39069873314946,49.95425454714741,10078,5,text_en_1919
380,92.74353730327125,50.675261883592505,10056,5,text_en_1919
381,91.01085309701986,37.61924993043908,10570,5,text_en_1919
382,56.10075846532238,29.033773510127965,5931,2,octagram
383,60.06013443319531,29.53642678328369,5986,2,octagram
384,64.15061008267584,44.328844107638325,8186,4,stroke_kai
385,66.37226314982081,42.032431926488236,8277,4,stroke_kai
386,65.2782462090665,30.99904021446376,8537,4,stroke_kai
387,68.4020256507492,25.84454661156703,6150,2,octagram
388,78.23220631400625,51.36784490472591,6527,2,octagram
389,82.52161113474648,29.791961668320404,6312,2,octagram
390,61.239170254987854,28.271118339138443,6082,2,octagram
391,70.62047951882397,39.63727624084957,6396,2,octagram
392,65.55037379960565,15.400480154012133,10892,5,text_en_1919
393,58.69167618605705,11.358897860497871,2713,0,outer_ring
394,55.89945858146761,5.311612109450154,2456,0,outer_ring
395,53.25857723299709,7.105308984149693,2205,0,outer_ring
396,58.11479550310046,10.003467044882438,2650,0,outer_ring
397,56.75108064811654,14.721304315628343,11294,5,text_en_1919
398,47.41305808987839,9.872230701545138,1701,0,outer_ring
399,46.55434679704014,11.79351461921107,1646,0,outer_ring
400,52.317561162650556,4.9752352407266045,2119,0,outer_ring
401,51.538459670624086,9.136982824765528,2039,0,outer_ring
402,67.29109641273132,8.071100442363411,3098,0,outer_ring
403,63.84959804600863,14.002369300441845,11112,5,text_en_1919
404,52.61906199573202,6.972060851086078,2150,0,outer_ring
405,62.32691856490198,4.063509966758746,2857,0,outer_ring
406,50.37591545272946,6.287630485894766,1949,0,outer_ring
407,56.76394415179394,6.913862302959456,2533,0,outer_ring
408,49.33397383312536,10.916186391571667,1823,0,outer_ring
409,59.382707523656784,5.84951316101729,2709,0,outer_ring
410,55.01587063787507,4.681520609250907,2376,0,outer_ring
411,64.18482172340732,9.561690113350883,2973,0,outer_ring
412,68.14510629682543,3.568451441455565,3077,0,outer_ring
413,69.6718339306532,22.71056719705942,4261,1,inner_ring
414,76.18392875745371,23.019355938259245,4293,1,inner_ring
415,76.2322180307542,24.111566323142092,4300,1,inner_ring
416,77.4208116096172,33.69195230621243,4351,1,inner_ring
417,79.17241126403597,19.836828330412185,10826,5,text_en_1919
418,63.370986385741865,9.432579108678302,2946,0,outer_ring
419,65.29309438890532,4.2261437088713,2966,0,outer_ring
420,35.785529043371255,16.36512266069958,1438,0,outer_ring
421,40.99311055552865,22.96964346413653,4045,1,inner_ring
422,93.82128078865392,49.66779856386679,10088,5,text_en_1919
423,49.82026958529811,90.53262706926384,603,0,outer_ring
424,51.881100165834106,93.37252031404682,469,0,outer_ring
425,41.94659161966498,93.58114609746423,1056,0,outer_ring
426,52.68782661957202,92.63719057342301,430,0,outer_ring
427,50.216003555225576,93.5625276688936,568,0,outer_ring
428,46.150618676126705,92.31234597421991,858,0,outer_ring
429,42.732602011691164,89.6014486783227,1071,0,outer_ring
430,36.598643923402896,87.85469232504202,1272,0,outer_ring
431,44.98471037417879,83.22404228211376,8867,5,text_en_1919
432,37.26838970141734,76.66858065624884,9377,5,text_en_1919
433,43.69805894295575,71.3316942689228,4998,2,octagram
434,29.88123842474323,73.58671074289262,9463,5,text_en_1919
435,23.954147029105584,66.69858716153652,9588,5,text_en_1919
436,24.24738995499765,67.7979956476082,9577,5,text_en_1919
437,17.595083577160963,59.225397856487206,9934,5,text_en_1919
438,22.545176745467824,60.95178956433895,9880,5,text_en_1919
439,19.056773070530443,49.637487380627555,10249,5,text_en_1919
440,23.815396158323022,43.291747290094776,10582,5,text_en_1919
441,27.565724309276757,51.6219063377096,3791,1,inner_ring
442,27.460360140201836,56.43092911673369,3753,1,inner_ring
443,33.62277916106253,56.0906001029221,5193,2,octagram
444,38.75373303666492,48.99759464034111,6989,3,stroke_nan
445,44.17058927815042,49.607687349513476,7021,3,stroke_nan
446,50.17067071491131,57.24048985190771,6699,3,stroke_nan
447,51.83798478646667,71.13926287804219,4875,2,octagram
448,45.31734249366541,51.484587102099674,6875,3,stroke_nan
449,56.56765918510767,83.6653934874112,8781,5,text_en_1919
450,57.273587552917384,66.31451969343982,4781,2,octagram
451,60.547217415218554,68.8146204205613,4736,2,octagram
452,63.77634501614697,73.57057951737853,3458,1,inner_ring
453,60.00413105439166,78.26742151576583,9156,5,text_en_1919
454,59.22226264818646,65.69408350834709,4773,2,octagram
455,58.05621910390292,67.88035165920647,4774,2,octagram
456,49.070113225211536,37.59628518595461,7449,3,stroke_nan
457,48.1148613511219,38.36508978897217,7435,3,stroke_nan
458,49.23684563219976,39.441826192572684,7386,3,stroke_nan
459,60.46396425920594,25.1595947166094,6011,2,octagram
460,48.76685445045629,29.148310800274174,5860,2,octagram
461,41.25236302131889,22.98332323218998,5771,2,octagram
462,32.47556931031553,29.8033155614524,3956,1,inner_ring
463,31.875946284480616,33.81106675417906,5532,2,octagram
464,26.491957353922658,37.443711036064926,10726,5,text_en_1919
465,23.769349757078274,43.92263365500435,10565,5,text_en_1919
466,32.80867511205359,39.4344470092808,5463,2,octagram
467,32.36724290143812,42.664208096501,5434,2,octagram
468,34.52828987004905,49.72028035237313,5350,2,octagram
469,27.464533922321163,36.60028582246481,10728,5,text_en_1919
470,33.63330348422659,35.03742430561551,5552,2,octagram
471,34.023680860547465,36.505372032672625,5551,2,octagram
472,32.77593253821407,25.727494480852947,3983,1,inner_ring
473,35.07785830968197,13.545420322890752,1441,0,outer_ring
474,47.89838729641792,15.744449869529628,11224,5,text_en_1919
475,54.09325004779799,16.91184860259961,2323,0,outer_ring
476,51.66714203719553,18.193916230966874,11217,5,text_en_1919
477,52.937498308697165,17.936638298099695,11230,5,text_en_1919
478,56.058260903593464,17.433435034581347,11056,5,text_en_1919
479,61.89440830689416,7.376653841501742,2866,0,outer_ring
480,54.96322848404723,43.09712744600171,8454,4,stroke_kai
481,54.634021342934034,31.524515815917884,5918,2,octagram
482,59.373243261503504,50.411628745602016,7973,4,stroke_kai
483,48.18945378405444,55.87924596354628,6747,3,stroke_nan
484,60.022356411962974,43.34607711668156,8226,4,stroke_kai
485,71.30015216501673,53.52771790739125,4478,2,octagram
486,77.21920109652257,44.92007096948189,3232,1,inner_ring
487,69.15623659451794,57.54340944953574,7693,4,stroke_kai
488,68.02528143991171,63.34006720151356,7606,4,stroke_kai
489,65.54516238068983,73.23985789088242,4687,2,octagram
490,47.52553927594885,78.31582582235187,9227,5,text_en_1919
491,48.5143375304369,88.20152136723922,744,0,outer_ring
492,49.480798246021756,88.55242182730639,652,0,outer_ring
493,52.82409113657447,82.84676131870947,8834,5,text_en_1919
494,54.46498946677054,90.94149313630399,340,0,outer_ring
495,53.75814268510237,83.22142249054305,8757,5,text_en_1919
496,56.597586629564574,89.25289421068473,248,0,outer_ring
497,51.86896659833962,76.82571454765583,9173,5,text_en_1919
498,52.25008988936223,87.54451572206219,472,0,outer_ring
499,41.93987746243298,68.26034202390116,5028,2,octagram
500,51.08412866644001,82.96230035129965,8609,5,text_en_1919
501,39.79748284041644,59.36911798108419,6689,3,stroke_nan
502,28.220660543328254,56.29105379341754,5237,2,octagram
503,31.94579449819502,50.72865713449887,5315,2,octagram
504,54.7592159974122,88.79320437866087,324,0,outer_ring
505,59.68842943728098,79.81305063444677,9085,5,text_en_1919
506,62.13248770899877,96.52675919213365,88,0,outer_ring
507,57.40486952792329,91.70794170165367,209,0,outer_ring
508,68.69375536854272,89.06944179533205,8654,5,text_en_1919
509,69.92158755498136,78.5148823736056,9283,5,text_en_1919
510,66.41690367010384,81.36230121349723,9051,5,text_en_1919
511,65.88407128975508,58.49261544598187,7686,4,stroke_kai
512,74.01342813934522,75.50190126039848,9414,5,text_en_1919
513,83.77318773029147,69.17888420130454,9465,5,text_en_1919
514,74.78134688530335,68.18335519647249,3385,1,inner_ring
515,79.93391996833866,52.17262155560436,6550,2,octagram
516,85.71441170962743,59.09190999518293,9766,5,text_en_1919
517,91.4041350313024,65.38637292836636,9541,5,text_en_1919
518,83.41531365682815,52.7095878149736,3282,1,inner_ring
519,84.25299892839523,51.46012879166468,3273,1,inner_ring
520,86.06678325094643,52.39917819987769,9985,5,text_en_1919
521,91.13582589923035,46.30861872172086,10214,5,text_en_1919
522,98.60879071613172,41.60144183126583,10496,5,text_en_1919
523,94.19869333261478,36.646546261882726,10588,5,text_en_1919
524,56.838458106238456,43.24096888994602,8218,4,stroke_kai
525,60.618817368862494,39.80576362239961,8339,4,stroke_kai
526,60.46078332954625,39.977852027713695,8301,4,stroke_kai
527,65.60429079628982,45.05882063260512,8147,4,stroke_kai
528,63.4117030208739,20.999870849837826,6040,2,octagram
529,58.465259614239145,27.27821191191443,5985,2,octagram
530,68.38968995678502,35.188010006951416,8397,4,stroke_kai
531,81.00603191427524,45.54292333345417,10362,5,text_en_1919
532,67.04059885221055,31.9782474826456,6188,2,octagram
533,73.34600377247281,36.27180856028171,6332,2,octagram
534,64.99484978572114,20.710031605770524,4207,1,inner_ring
535,58.41121869464627,13.581856680709985,11310,5,text_en_1919
536,63.13621739614932,11.803124688286086,11158,5,text_en_1919
537,52.75202874223403,23.82887919935911,4114,1,inner_ring
538,50.655144055112046,7.39960723743187,1964,0,outer_ring
539,54.05643470310401,10.653400449165012,2300,0,outer_ring
540,52.08002520770834,9.750586511728699,2084,0,outer_ring
541,50.413060638258976,2.52878524355235,1972,0,outer_ring
542,40.78984882456667,11.044991536529881,1504,0,outer_ring
543,55.358737004236495,10.285233240367285,2432,0,outer_ring
544,56.296238020117435,13.022824132270856,11305,5,text_en_1919
545,58.635874978914636,6.579168906105563,2659,0,outer_ring
546,54.38641709301197,6.700457216111724,2322,0,outer_ring
547,54.07784387913282,4.130341743910333,2284,0,outer_ring
548,48.674804465216006,9.10829858658081,1788,0,outer_ring
549,54.47818267646898,8.883849585934234,2342,0,outer_ring
550,48.91471662043314,7.225651266944604,1822,0,outer_ring
551,53.93054777250514,4.883911321903609,2274,0,outer_ring
552,68.65286922483301,4.573976721907882,3107,0,outer_ring
553,61.10656433021074,10.018456941854437,2848,0,outer_ring
554,60.744955029870695,11.000194995271332,2843,0,outer_ring
555,67.91380565697523,19.308131919829115,4228,1,inner_ring
556,75.06698259646868,32.870245863169835,6301,2,octagram
557,80.3564135173993,45.51389470804607,10361,5,text_en_1919
558,75.86161722493163,38.4080516912907,6359,2,octagram
559,73.94249028912057,27.27656382242083,4311,1,inner_ring
560,67.78660987556619,8.595504871850423,3126,0,outer_ring
561,67.72875560013416,15.188752035557828,10971,5,text_en_1919
562,36.61765291227325,13.767851509526205,1444,0,outer_ring
563,43.227642581646634,22.547522947027964,4057,1,inner_ring
564,85.19240314639426,50.1774656132519,3258,1,inner_ring
565,48.77700885046852,89.91802552186644,699,0,outer_ring
566,52.879718015662924,91.96117413642396,418,0,outer_ring
567,48.764858031768746,87.2187630962419,738,0,outer_ring
568,52.71778937088827,91.0084473077195,433,0,outer_ring
569,45.32352330333073,93.64764757328109,895,0,outer_ring
570,45.90945659364365,90.91143319483123,897,0,outer_ring
571,41.64398707134204,88.0414740731107,1135,0,outer_ring
572,36.702088406056156,83.48755152589958,1311,0,outer_ring
573,41.93655906970908,91.76454586103655,1077,0,outer_ring
574,34.93674452479919,73.08739493747639,3646,1,inner_ring
575,31.243104049546215,73.99897932136852,9431,5,text_en_1919
576,27.98836979405849,74.60257694827615,9404,5,text_en_1919
577,24.634521549125775,69.86519809312927,9519,5,text_en_1919
578,25.857769070771056,70.03070274349736,9545,5,text_en_1919
579,23.19388118282267,51.042253910762625,10198,5,text_en_1919
580,24.14429712751828,55.4686084706857,10004,5,text_en_1919
581,33.36072002193692,42.47416862656163,5432,2,octagram
582,24.028952958622764,40.233522609203526,10610,5,text_en_1919
583,32.89443730664759,52.20316863910324,5299,2,octagram
584,25.956171142687218,59.006000447234165,3745,1,inner_ring
585,34.78842980738009,45.63659731151648,5395,2,octagram
586,43.26174512681195,49.53268573193082,7004,3,stroke_nan
587,44.982527928742,55.32050339373372,6725,3,stroke_nan
588,42.46582314797327,46.91249021328749,7091,3,stroke_nan
589,48.20456859575159,60.084113408652186,6592,3,stroke_nan
590,50.02549368433955,58.52921993054472,6678,3,stroke_nan
591,57.42231864201409,54.00107620254782,7745,4,stroke_kai
592,53.85435842289216,30.73309166319413,5911,2,octagram
593,63.63651755309009,71.99267424780878,4699,2,octagram
594,59.3336337324734,80.42703694279278,8990,5,text_en_1919
595,58.57235653266811,67.85014143867932,4762,2,octagram
596,73.91218762362382,72.14207466830699,3409,1,inner_ring
597,56.11803537565333,41.880203334785605,8311,4,stroke_kai
598,49.69413768556843,18.712869700846632,11015,5,text_en_1919
599,40.42475003789481,44.22303973851552,7271,3,stroke_nan
600,54.91434167479594,40.05008323873301,8481,4,stroke_kai
601,46.566222617169764,44.800623815602165,7181,3,stroke_nan
602,47.34575144150984,37.55356541915817,7470,3,stroke_nan
603,28.88822992047996,45.298140691257494,3842,1,inner_ring
604,40.485583236502755,26.424222917224157,5750,2,octagram
605,34.552768360992026,36.57965128578159,5558,2,octagram
606,33.29471214504991,41.02772732004768,5441,2,octagram
607,32.78996946223539,32.785310183297284,5571,2,octagram
608,40.73464851730794,34.19508725986636,5638,2,octagram
609,34.07976713231434,41.09380003599866,5439,2,octagram
610,38.48673685168184,42.49829566277697,7307,3,stroke_nan
611,28.02418482803271,37.00406437591645,10720,5,text_en_1919
612,28.865029866728424,37.0905680622755,3892,1,inner_ring
613,28.73806143733093,26.182858082219134,10832,5,text_en_1919
614,31.39207556890626,30.44234335858456,3942,1,inner_ring
615,39.849801236220685,10.132986924280793,1493,0,outer_ring
616,38.872095458069786,9.347796342212218,1481,0,outer_ring
617,46.673995572738356,10.959620999599952,1655,0,outer_ring
618,54.799367404573076,7.387611474891219,2369,0,outer_ring
619,44.523747788807775,26.088359251573554,5788,2,octagram
620,56.194110205772986,19.300315895184088,10966,5,text_en_1919
621,56.7835756726738,21.797447906293378,4141,1,inner_ring
622,56.25474161859452,45.20145171954512,8135,4,stroke_kai
623,56.6633228530016,40.49003887592757,8408,4,stroke_kai
624,62.56501021239761,47.48219489087389,8069,4,stroke_kai
625,66.9112004520537,43.4763819970817,8170,4,stroke_kai
626,63.69786466912494,50.44259779184529,7941,4,stroke_kai
627,65.17847155977103,51.58029130879475,7916,4,stroke_kai
628,67.42146918085808,52.66846425419375,7830,4,stroke_kai
629,61.83464966647572,59.50894147972515,7648,4,stroke_kai
630,67.27246692327236,55.32938649330102,7812,4,stroke_kai
631,64.45999361561846,79.47220631852645,9157,5,text_en_1919
632,48.513336596371225,75.86501733571272,9280,5,text_en_1919
633,45.755069588882,79.63684711816039,9237,5,text_en_1919
634,49.436810781238584,83.80782636040875,726,0,outer_ring
635,50.47797981178736,87.34971169118266,583,0,outer_ring
636,46.44219523873967,89.0973067657408,891,0,outer_ring
637,49.74805073262389,80.24784575864003,8833,5,text_en_1919
638,56.354863512489345,84.88437033775516,8632,5,text_en_1919
639,52.31406523651766,80.7293398922685,8948,5,text_en_1919
640,52.88065658726073,88.80331745618648,431,0,outer_ring
641,43.842229604331116,71.13080136479321,5000,2,octagram
642,51.01271992321233,73.62610230544014,3554,1,inner_ring
643,25.96028107557178,61.09646090877348,3732,1,inner_ring
644,27.367026849711216,59.925749452475486,3737,1,inner_ring
645,33.06385217356039,69.8887078854971,3669,1,inner_ring
646,56.68697237232644,97.72653172218376,250,0,outer_ring
647,60.12428589439475,88.68398117188075,118,0,outer_ring
648,61.990410618499055,89.41681586509951,8619,5,text_en_1919
649,64.49696265990951,86.26724755950934,8793,5,text_en_1919
650,62.260507820230416,85.29946522403863,8772,5,text_en_1919
651,71.79144790048109,84.1158201164129,8923,5,text_en_1919
652,84.15809731515476,74.55933883752188,9424,5,text_en_1919
653,72.42907756153672,79.05703258309407,9311,5,text_en_1919
654,76.68964023830726,78.46861194348506,9235,5,text_en_1919
655,67.39060907002322,79.81538614739853,9244,5,text_en_1919
656,78.81016354441755,70.77385950789582,9468,5,text_en_1919
657,80.83182567572034,65.91469495064517,9635,5,text_en_1919
658,81.82729631574121,59.935424218217506,3321,1,inner_ring
659,86.38358644918564,50.0022938618291,10122,5,text_en_1919
660,81.46179371011014,56.35957768511214,4428,2,octagram
661,84.19164441890418,46.81485604051738,10312,5,text_en_1919
662,87.53912395172894,46.40035411684607,10334,5,text_en_1919
663,93.642105437236,41.466753491100484,10507,5,text_en_1919
664,93.7637150389276,47.03887810074675,10201,5,text_en_1919
665,92.31877454110412,36.234155338476484,10605,5,text_en_1919
666,60.94118102176085,37.36397411845113,8395,4,stroke_kai
667,54.47966444241446,48.25977588768332,7847,4,stroke_kai
668,59.74473838198557,34.59951407322813,6091,2,octagram
669,71.13406435222471,31.184640546505502,6236,2,octagram
670,65.542086502134,31.76315217395478,8525,4,stroke_kai
671,65.8679984400986,15.21763555177072,10901,5,text_en_1919
672,73.72801492013623,34.91018194641149,6288,2,octagram
673,73.3384840822826,48.9819082422176,6484,2,octagram
674,77.37377977952396,49.56100042286188,6506,2,octagram
675,72.69849813026725,29.281144070752298,6257,2,octagram
676,64.08594929767314,18.39937851731964,6041,2,octagram
677,63.13982561098103,24.21623744549813,6067,2,octagram
678,58.99266357844943,9.217885887525343,2714,0,outer_ring
679,66.61580355793406,15.181342142638355,10944,5,text_en_1919
680,58.648564024341134,16.11744064201062,11220,5,text_en_1919
681,54.65873274429915,8.017134514666608,2359,0,outer_ring
682,48.192332646987786,10.179082880286014,1747,0,outer_ring
683,49.017373426349174,9.23329680222302,1814,0,outer_ring
684,50.84421013609658,8.515096207970842,1982,0,outer_ring
685,53.359635785879185,7.365540236392371,2222,0,outer_ring
686,49.80016469583939,4.557715441982651,1917,0,outer_ring
687,62.179572073012395,7.908863362740912,2879,0,outer_ring
688,53.176414849221565,10.084477428217419,2193,0,outer_ring
689,46.529601587455616,8.036163216883585,1671,0,outer_ring
690,47.48004271106365,9.600233818427911,1705,0,outer_ring
691,56.86001576274632,5.268347918730886,2530,0,outer_ring
692,50.36250935833381,4.61314148895258,1959,0,outer_ring
693,53.99089305349092,4.0230844957504175,2281,0,outer_ring
694,57.08541158130144,5.651856620814805,2551,0,outer_ring
695,65.53451735110735,8.622517112920262,3026,0,outer_ring
696,64.15454776784334,4.966874429839054,2940,0,outer_ring
697,66.25577860844099,3.8221461065996154,3002,0,outer_ring
698,69.8913173346742,24.210347001309085,4268,1,inner_ring
699,72.42369291963647,18.507982666591765,4253,1,inner_ring
700,82.12080610737631,37.50977002374743,10650,5,text_en_1919
701,66.93562697406982,15.54562147993051,10910,5,text_en_1919
702,75.69882459514297,26.395279481340147,4312,1,inner_ring
703,68.24510027208812,3.485499078191544,3081,0,outer_ring
704,39.944823628071305,14.030821467115729,1476,0,outer_ring
705,47.39427582248518,11.53471784737871,1684,0,outer_ring
706,90.71020440185643,40.92636005219756,10514,5,text_en_1919
707,44.42970617280036,94.4892365907235,939,0,outer_ring
708,39.73311283010294,93.11808403884994,1140,0,outer_ring
709,45.41015195023273,92.77772864721771,906,0,outer_ring
710,54.55118176802473,88.907731228977,338,0,outer_ring
711,49.940261051038696,90.95266088414115,593,0,outer_ring
712,44.13750388209824,90.10782808440862,1015,0,outer_ring
713,41.90138626073656,91.59227918324102,1082,0,outer_ring
714,38.811351939006855,88.4117384185848,1216,0,outer_ring
715,40.311149355350395,84.75103958356421,1214,0,outer_ring
716,32.41684520696474,87.36244264173708,1337,0,outer_ring
717,34.40592803755096,71.52535871886022,3655,1,inner_ring
718,26.889523396545027,84.76866101624766,1365,0,outer_ring
719,17.645436794062167,73.47813510231123,1386,0,outer_ring
720,24.130232153147954,67.85244306168494,9576,5,text_en_1919
721,23.270899592864403,63.91269353980265,9696,5,text_en_1919
722,18.82858304156947,56.05653206796808,9989,5,text_en_1919
723,21.617322853278548,57.68946123511139,9976,5,text_en_1919
724,19.843500460642147,51.47740348277529,10217,5,text_en_1919
725,31.476472382860567,48.54343812102491,5340,2,octagram
726,28.267323857069872,51.01497417520915,3796,1,inner_ring
727,35.010609147120505,48.39433805663303,5362,2,octagram
728,44.85612387418555,42.098665257464035,7293,3,stroke_nan
729,47.01580326709864,55.18240746949362,6716,3,stroke_nan
730,47.35905940367517,52.42463136636368,6829,3,stroke_nan
731,51.667619173799146,49.870322058592585,6964,3,stroke_nan
732,44.32999834609574,53.32466818487469,6783,3,stroke_nan
733,53.476475856391716,49.5500138541323,6944,3,stroke_nan
734,50.59108939840075,66.27875759443826,4869,2,octagram
735,59.51880477864575,61.906207462649384,4787,2,octagram
736,66.21917756708785,68.95904447344068,4664,2,octagram
737,60.559125197794145,72.52712514902795,3481,1,inner_ring
738,66.65386136863222,53.922524367609945,7850,4,stroke_kai
739,52.038513319322476,58.53618352712383,6628,3,stroke_nan
740,49.63972828719594,25.5877658237119,5836,2,octagram
741,52.3865472652667,33.38699931337244,5896,2,octagram
742,50.95830767970194,39.23193130078604,7427,3,stroke_nan
743,55.3956893734131,46.3117170005061,8136,4,stroke_kai
744,44.04476085060308,27.82658417147111,5795,2,octagram
745,40.66773200777992,10.638714339343085,1503,0,outer_ring
746,33.24153430553561,18.87052051036793,1422,0,outer_ring
747,43.04298996210776,26.815014101304463,5785,2,octagram
748,24.202694945215725,39.28716566809571,10625,5,text_en_1919
749,28.596898832922125,52.93821483571644,3774,1,inner_ring
750,37.88013031380846,35.04711729084908,5610,2,octagram
751,39.25812493085087,41.724116559897666,7355,3,stroke_nan
752,32.55875859347739,49.32362406830905,5334,2,octagram
753,31.794042246801915,31.132800891823948,3939,1,inner_ring
754,31.396223432376992,28.906852587496218,3955,1,inner_ring
755,27.92050640784825,37.76761226403581,10716,5,text_en_1919
756,37.5818274824544,11.134550428402568,1463,0,outer_ring
757,42.45262160400434,11.099805328988976,1533,0,outer_ring
758,44.18818938092161,23.699165782208762,5797,2,octagram
759,53.90282459295328,8.550916269120423,2278,0,outer_ring
760,47.320932227008775,19.168341430937872,10974,5,text_en_1919
761,58.499044087817914,35.54872484059925,5963,2,octagram
762,51.96419681618295,20.749564298583284,11083,5,text_en_1919
763,50.57222707642677,27.375961965655012,5864,2,octagram
764,55.607789066113156,21.64819492154693,4133,1,inner_ring
765,52.29608677969235,36.16696585974494,7504,3,stroke_nan
766,64.28491821844446,48.879715818173516,8017,4,stroke_kai
767,61.962234880872366,49.046461472327046,8024,4,stroke_kai
768,65.86404225522624,53.81924530636915,7844,4,stroke_kai
769,67.33326115257215,48.01153970845725,8010,4,stroke_kai
770,62.174825507140845,60.738835846857555,7624,4,stroke_kai
771,72.72053811970773,57.60100143441011,7719,4,stroke_kai
772,68.49605439440789,61.007600069618974,7619,4,stroke_kai
773,61.81956495477004,68.3399273367568,4727,2,octagram
774,48.63277360433825,73.43618093314502,3572,1,inner_ring
775,49.10731697762227,90.80216406204153,660,0,outer_ring
776,44.96136072557314,88.78255309070238,989,0,outer_ring
777,54.60944531445204,91.9229872731835,331,0,outer_ring
778,57.758386056893514,81.80477640830043,8906,5,text_en_1919
779,51.66744038825799,85.1808324513749,528,0,outer_ring
780,48.15226619064723,91.69913267680595,728,0,outer_ring
781,54.96982318168971,85.4500101110036,8598,5,text_en_1919
782,53.52034022980483,85.10562761804158,8616,5,text_en_1919
783,45.448348783747186,75.42010455818281,4954,2,octagram
784,44.65092592891387,84.14847983684218,8724,5,text_en_1919
785,32.83743842394156,60.975474343853406,5141,2,octagram
786,36.856402504344636,66.70148350813388,5067,2,octagram
787,29.874339028684407,66.95842788186907,9627,5,text_en_1919
788,49.43416884191843,90.22453329602337,636,0,outer_ring
789,57.6606896493942,92.56737737975978,197,0,outer_ring
790,60.297167205741246,92.58923436986585,124,0,outer_ring
791,65.13920030611897,85.00088275536643,8840,5,text_en_1919
792,70.49585348981056,82.55906873090139,9053,5,text_en_1919
793,75.30294965756704,89.97888839648459,2,0,outer_ring
794,72.97528329574114,75.87832561307692,9307,5,text_en_1919
795,75.16248621445612,75.03497735898992,9412,5,text_en_1919
796,72.69677303144003,70.88245593174528,3410,1,inner_ring
797,64.35200365084903,60.511813166470404,7611,4,stroke_kai
798,70.85611516534615,62.163736220314604,4557,2,octagram
799,77.61795935162823,53.69593502745942,6553,2,octagram
800,75.53335569661867,54.13136678284597,4465,2,octagram
801,80.3051610840397,48.212235441116746,6505,2,octagram
802,88.25956695588675,46.149719808100684,10336,5,text_en_1919
803,82.72988964504822,57.457702750255095,3304,1,inner_ring
804,89.26874013191917,39.09322277573052,10530,5,text_en_1919
805,87.37324888399066,45.96781541353679,10370,5,text_en_1919
806,95.67226623323407,42.668292604731306,10486,5,text_en_1919
807,91.37013195301952,51.066885871015394,10055,5,text_en_1919
808,52.36261599746529,38.76814619520006,7440,3,stroke_nan
809,62.52150303303449,41.567324045846306,8251,4,stroke_kai
810,56.52117631833876,44.2850767132313,8193,4,stroke_kai
811,60.81714440275653,37.944161674463444,8396,4,stroke_kai
812,71.1892276490793,31.642790484940942,6245,2,octagram
813,67.62490433724389,25.59721020114054,6147,2,octagram
814,76.439922578659,47.212962872886735,3239,1,inner_ring
815,77.86529277035794,49.70294456402183,6510,2,octagram
816,74.0371593295512,34.94158822425598,6325,2,octagram
817,67.52520755701745,33.05088241191347,8442,4,stroke_kai
818,61.438770097485694,26.62054963501448,6079,2,octagram
819,64.660105150532,21.73263797113123,4211,1,inner_ring
820,51.60429852228361,5.618761684005939,2056,0,outer_ring
821,58.376488539528154,10.678472647309286,2678,0,outer_ring
822,52.340133650793526,9.600213559614014,2112,0,outer_ring
823,55.60762305871327,4.380866890161559,2426,0,outer_ring
824,55.1439014776117,10.779152282797645,2418,0,outer_ring
825,47.551058535896345,6.595630871407223,1733,0,outer_ring
826,50.51057719783235,9.796688562211385,1943,0,outer_ring
827,59.347786218017326,9.12708252260984,2737,0,outer_ring
828,54.270824496706545,6.858063024840687,2311,0,outer_ring
829,57.15884410035035,16.039797538939155,11197,5,text_en_1919
830,53.66791113030557,7.951751585966337,2250,0,outer_ring
831,52.22100372001886,5.905873779219795,2109,0,outer_ring
832,53.87152000343649,7.572960630500817,2272,0,outer_ring
833,47.68836797132154,7.29117862301273,1738,0,outer_ring
834,57.581358885282064,5.667076299115182,2584,0,outer_ring
835,58.41682313823338,9.60956303375127,2669,0,outer_ring
836,64.10211791600915,12.849604201624386,11153,5,text_en_1919
837,65.78417247216714,10.163747164376328,3055,0,outer_ring
838,67.682003924696,12.28907032675259,11091,5,text_en_1919
839,68.18496118104045,7.794904074958753,3130,0,outer_ring
840,62.70440443372712,35.98458102071611,8448,4,stroke_kai
841,76.74262677866818,34.38313982769957,4353,1,inner_ring
842,87.05705366037029,37.47617476759437,10701,5,text_en_1919
843,70.14308233012541,29.15773785130137,6219,2,octagram
844,68.91472543995798,8.030171640657121,3166,0,outer_ring
845,73.23032150317242,9.975887956602566,4226,1,inner_ring
846,41.772927637029376,21.741437040462078,4048,1,inner_ring
847,44.38134296600133,26.449837105806242,5796,2,octagram
848,87.66160637654122,47.03312805665264,10299,5,text_en_1919
849,47.23306080099833,86.06623399556905,872,0,outer_ring
850,46.67521066563932,89.26748822436556,867,0,outer_ring
851,43.65468894568298,90.88239594727064,1023,0,outer_ring
852,52.397792903177745,91.06259719597652,449,0,outer_ring
853,52.1970364334748,91.9740407603689,456,0,outer_ring
854,46.986123474704634,90.8769242070777,820,0,outer_ring
855,44.726718382990796,90.80867168796011,969,0,outer_ring
856,38.010573073751374,86.64298870099068,1255,0,outer_ring
857,36.34224014988085,69.77007875358997,5046,2,octagram
858,37.15682517149334,81.35782955448613,8998,5,text_en_1919
859,25.552298117849137,78.26534351610582,1376,0,outer_ring
860,32.67211548409498,61.53939630548906,5140,2,octagram
861,23.26662137024537,67.24744843778124,9587,5,text_en_1919
862,22.02628233675206,66.78014135414163,9565,5,text_en_1919
863,24.296452809386217,70.7445023921673,9495,5,text_en_1919
864,15.127015582520897,52.23485622010978,1397,0,outer_ring
865,20.638248909536824,50.356989673330794,10224,5,text_en_1919
866,26.305187972628502,48.07731890003789,3821,1,inner_ring
867,28.382207550325447,50.36043352364966,3802,1,inner_ring
868,33.01317888463113,51.34777820214449,5311,2,octagram
869,32.41078281784229,48.810028581557646,5351,2,octagram
870,43.748448602691425,47.99481350267425,7042,3,stroke_nan
871,43.24647167759493,47.3067358297842,7081,3,stroke_nan
872,41.37069528215544,67.50551782977668,5058,2,octagram
873,43.440774503692815,61.2087506940359,6614,3,stroke_nan
874,50.64978969711141,59.02340161575106,6638,3,stroke_nan
875,57.6841207953445,55.59244333303628,7690,4,stroke_kai
876,52.32154428693695,55.2056832562829,6738,3,stroke_nan
877,62.59551409303058,72.41889627099755,3464,1,inner_ring
878,71.78362708455764,72.36197900506116,3421,1,inner_ring
879,51.07888810359633,72.17478287172004,4889,2,octagram
880,62.23169072199497,65.47137082836252,4655,2,octagram
881,57.426535260481444,48.35831161449101,8029,4,stroke_kai
882,48.752375171543676,48.2084814141198,7061,3,stroke_nan
883,52.79540707689965,25.368829984450677,4113,1,inner_ring
884,50.80864786796136,43.15272062640352,7231,3,stroke_nan
885,51.308740976368405,43.52861157174453,7223,3,stroke_nan
886,35.92317305963293,34.01348799606702,5598,2,octagram
887,39.60445844021469,31.015103684521613,5670,2,octagram
888,42.33388857728844,21.976160681243325,4053,1,inner_ring
889,37.92876578302154,14.050626791507732,1450,0,outer_ring
890,36.518402232305476,35.62822266113035,5599,2,octagram
891,27.635410595202153,41.91244396128323,10586,5,text_en_1919
892,37.110453296871064,43.10154488528748,7258,3,stroke_nan
893,33.50061971322166,52.55798711580295,5298,2,octagram
894,35.83940283823231,50.65153055020874,5348,2,octagram
895,30.369892386351964,36.418151733856014,5508,2,octagram
896,30.820589836882746,37.95935411153765,5487,2,octagram
897,30.583426583730162,27.220501837879425,3961,1,inner_ring
898,34.70294133698684,27.781905537611667,3986,1,inner_ring
899,48.6260531870433,6.5426764447386825,1810,0,outer_ring
900,43.8775218551354,17.998496379941017,11081,5,text_en_1919
901,41.527789083424594,13.591811236146125,1502,0,outer_ring
902,51.37346349411951,18.583623748139733,11148,5,text_en_1919
903,48.64499919671298,39.3142540632098,7397,3,stroke_nan
904,47.3478891955871,18.521398809137448,10991,5,text_en_1919
905,53.077860540497554,32.38690302105295,5900,2,octagram
906,55.529467715298075,31.305970432492522,8571,4,stroke_kai
907,49.343179154864465,21.198748343454447,10933,5,text_en_1919
908,59.84117385587974,44.610481944268194,8173,4,stroke_kai
909,61.48272565282511,52.62692416313372,7933,4,stroke_kai
910,60.31504389386665,49.2419445650227,8031,4,stroke_kai
911,58.82166775140282,22.191769916990335,4154,1,inner_ring
912,61.788162994369344,59.73877127756288,7649,4,stroke_kai
913,59.820646491752086,53.80890520279522,7874,4,stroke_kai
914,69.7152132973094,63.65651067325055,4578,2,octagram
915,56.53032558453602,68.0525614024435,4793,2,octagram
916,45.12163203633944,61.028063537719305,6612,3,stroke_nan
917,50.02601999527065,87.13896695211244,622,0,outer_ring
918,43.15960162578825,72.67191439764997,4990,2,octagram
919,51.24050217177126,90.25808380136283,527,0,outer_ring
920,45.157790859380384,89.74212049887062,956,0,outer_ring
921,55.814426827178316,80.58026545199579,8975,5,text_en_1919
922,56.4683821648975,83.69126029874802,8758,5,text_en_1919
923,52.10611768228396,76.71948337172279,3542,1,inner_ring
924,53.84881491450443,76.10858826838236,9217,5,text_en_1919
925,51.831029397301094,71.89160491112517,4880,2,octagram
926,45.97807055581584,75.3084820433203,4946,2,octagram
927,28.883548164408808,67.55639523563389,9634,5,text_en_1919
928,33.663909480376,53.25049798498939,5291,2,octagram
929,31.228337878912267,67.92006374907075,3683,1,inner_ring
930,56.80433182323531,92.72854933837392,242,0,outer_ring
931,61.82997450013414,94.69828031380463,90,0,outer_ring
932,60.191206680479645,93.78742422974116,131,0,outer_ring
933,68.3425527354655,94.2101578312602,25,0,outer_ring
934,71.58281743739785,82.94942629744526,9018,5,text_en_1919
935,63.91714750309781,81.49867723769329,9039,5,text_en_1919
936,65.54590028088822,84.6318379928305,8909,5,text_en_1919
937,74.32000080133133,81.15889731652665,9126,5,text_en_1919
938,81.14446911216127,63.75576743273679,9701,5,text_en_1919
939,74.65929023950558,66.66716672807364,3378,1,inner_ring
940,79.13128677142116,67.11384487102652,3360,1,inner_ring
941,76.88767036772816,64.33084554052724,3357,1,inner_ring
942,84.10838065238991,65.95124765420978,9637,5,text_en_1919
943,77.40541069036797,59.985890385012,4498,2,octagram
944,87.94717522932646,51.49620635992589,10082,5,text_en_1919
945,86.67733426974647,49.42833324754072,10131,5,text_en_1919
946,88.92703009231374,46.501748287569185,10319,5,text_en_1919
947,89.72126545551433,46.93354629682176,10220,5,text_en_1919
948,96.63501894695443,38.542580262806524,10534,5,text_en_1919
949,92.218065169154,40.24075660003944,10520,5,text_en_1919
950,65.07162049363376,40.41414785663402,8286,4,stroke_kai
951,50.483695287819735,39.03951035547949,7442,3,stroke_nan
952,61.05857802785849,43.081908140109114,8238,4,stroke_kai
953,63.39682528534412,46.2851374774798,8108,4,stroke_kai
954,71.22003861502931,31.65953485137061,6247,2,octagram
955,64.71202035409131,21.028044186749202,4204,1,inner_ring
956,72.69457849714368,41.09898467480408,6398,2,octagram
957,79.04062713941818,44.54446205387312,3228,1,inner_ring
958,75.33668140411406,39.26478898208375,6372,2,octagram
959,82.772139269623,47.06944052416771,10283,5,text_en_1919
960,72.23255419150158,28.766846039860667,6249,2,octagram
961,69.13046975715692,20.80335631336178,4243,1,inner_ring
962,56.74656236828252,17.716911857679293,11075,5,text_en_1919
963,58.31495373396217,18.395347015540796,11019,5,text_en_1919
964,49.415564147640396,10.099875490604523,1838,0,outer_ring
965,55.27824754311006,5.96482357195185,2407,0,outer_ring
966,55.652295549665034,12.176754138081954,11346,5,text_en_1919
967,49.904388162172,8.948253554733313,1897,0,outer_ring
968,56.03090990075429,6.40604775867374,2471,0,outer_ring
969,57.890869733125676,2.0517487429945596,2579,0,outer_ring
970,56.48514682689706,15.948055473205319,11218,5,text_en_1919
971,60.448476470161935,5.112458554227055,2763,0,outer_ring
972,58.13554119856317,10.804409853558631,2658,0,outer_ring
973,54.56699942915767,6.9174086573094895,2348,0,outer_ring
974,53.83179145176314,7.572172396351837,2266,0,outer_ring
975,51.740905148529635,7.899403591742738,2064,0,outer_ring
976,47.63456572453354,9.498419022671204,1714,0,outer_ring
977,50.1244181276202,9.920023011681286,1907,0,outer_ring
978,53.77353156169472,9.750776183651652,2262,0,outer_ring
979,61.56051831147622,13.02235019062702,11144,5,text_en_1919
980,61.768560692723156,6.02369481970861,2846,0,outer_ring
981,70.5425728178013,9.158153339872522,3209,0,outer_ring
982,69.66739025851867,21.82481181077525,4257,1,inner_ring
983,69.13771125814063,31.514594054289553,6213,2,octagram
984,79.87508259586754,34.554812444079815,10683,5,text_en_1919
985,71.17492446958452,23.45167632442185,4270,1,inner_ring
986,66.28627809588242,1.6728120036424445,2981,0,outer_ring
987,67.5901615407723,4.441462961320726,3062,0,outer_ring
988,41.0611526691995,24.0072454648988,5767,2,octagram
989,36.727464111543874,9.249231930700184,1461,0,outer_ring
990,87.74159622487504,60.00574043807698,9767,5,text_en_1919
991,49.86711579124003,89.15277983460312,610,0,outer_ring
992,41.5731008198471,88.98454415896227,1123,0,outer_ring
993,44.70693286916343,89.97772339504287,984,0,outer_ring
994,58.18232991882496,89.39527154763998,176,0,outer_ring
995,50.5221514345151,89.06398764430644,575,0,outer_ring
996,43.1663871270825,85.00996835723934,8698,5,text_en_1919
997,42.496709748654254,89.1642231658227,1085,0,outer_ring
998,41.116944532867905,85.59507393122918,1177,0,outer_ring
999,35.846252470455056,87.53726263605388,1291,0,outer_ring
1000,37.81642649241426,83.79136196471251,1285,0,outer_ring
1001,38.47026342769708,67.10693590848098,5060,2,octagram
1002,32.602324171087865,77.53928184263444,9370,5,text_en_1919
1003,27.597804478549808,67.19151500458693,9642,5,text_en_1919
1004,23.8827357960976,61.89638388328749,9792,5,text_en_1919
1005,21.34844457053924,59.939457479024746,9898,5,text_en_1919
1006,28.1989599772611,63.521657993884894,3716,1,inner_ring
1007,24.213027265869016,47.706650184741825,10471,5,text_en_1919
1008,18.351020013301078,42.70856298221121,10614,5,text_en_1919
1009,31.19391525983006,50.15844767206316,5314,2,octagram
1010,22.701882660887556,57.414684282047425,9997,5,text_en_1919
1011,37.56328616108695,62.01655984900302,5092,2,octagram
1012,41.88859355879591,53.79214142611971,6766,3,stroke_nan
1013,40.69399420374804,47.69407218360704,7072,3,stroke_nan
1014,49.07605677560154,55.16431107425323,6756,3,stroke_nan
1015,41.12588105826324,59.06396977514629,6648,3,stroke_nan
1016,43.60906635816646,57.38132322686403,6675,3,stroke_nan
1017,57.59590206908103,75.4395648195298,3509,1,inner_ring
1018,61.575755333134545,69.68887537798203,4722,2,octagram
1019,59.62408707204427,60.93137982798081,7584,4,stroke_kai
1020,56.195084071146255,80.17455990002378,9002,5,text_en_1919
1021,57.82503042088685,67.73522474056206,4772,2,octagram
1022,58.14980854768091,51.186116814928255,7960,4,stroke_kai
1023,40.882305221594564,48.0072531806118,7057,3,stroke_nan
1024,52.13319690033777,46.49387159372879,7124,3,stroke_nan
1025,55.66975219136497,23.3612152462851,4136,1,inner_ring
1026,42.709233558579434,43.64723467318925,7261,3,stroke_nan
1027,50.07789059676596,42.86528634727274,7237,3,stroke_nan
1028,44.98581104561147,11.587558251433588,1576,0,outer_ring
1029,39.54981291780726,31.532731990051005,5660,2,octagram
1030,38.82244283106813,42.04874160601975,7324,3,stroke_nan
1031,32.67191306618606,44.15819393156411,5422,2,octagram
1032,30.76066932923384,33.36389935799295,3913,1,inner_ring
1033,19.141601555166943,40.70915010588214,10640,5,text_en_1919
1034,33.97780225837509,43.77888924657996,5416,2,octagram
1035,44.59507335092471,47.42293594705296,7102,3,stroke_nan
1036,37.811051200022064,45.31418227516558,7193,3,stroke_nan
1037,28.52001944821349,38.00976292024816,3886,1,inner_ring
1038,28.567821106524427,38.804315463062146,3880,1,inner_ring
1039,30.432637888130326,29.59241447425095,3944,1,inner_ring
1040,35.61996981630977,25.63209080251771,4010,1,inner_ring
1041,43.31227725768348,19.890472920693494,11012,5,text_en_1919
1042,40.61580412433892,13.775502256830539,1486,0,outer_ring
1043,56.14965734374165,14.384654137402535,11289,5,text_en_1919
1044,45.69835263740637,27.30777563753017,5811,2,octagram
1045,57.86516203598506,15.872893910906804,11207,5,text_en_1919
1046,51.43874438699861,41.51459219019972,7289,3,stroke_nan
1047,54.713158509333034,31.828752436543436,8560,4,stroke_kai
1048,55.654516919710666,36.98176278203913,8508,4,stroke_kai
1049,55.80138122658748,40.6252193896222,8381,4,stroke_kai
1050,59.25547220928499,48.365160308732975,8051,4,stroke_kai
1051,63.12547532538263,47.07024582070578,8094,4,stroke_kai
1052,61.696213964898796,51.566711994517874,7940,4,stroke_kai
1053,65.4599105929783,45.240868966427726,8103,4,stroke_kai
1054,72.9424585113948,51.11569850100068,6498,2,octagram
1055,70.24980662013115,55.686468615949195,7747,4,stroke_kai
1056,66.09144224450883,73.65821491292279,3449,1,inner_ring
1057,60.00676538190343,77.73172026170731,9167,5,text_en_1919
1058,41.015389650229174,69.92046905192989,5016,2,octagram
1059,48.97392554301408,86.23967025291917,732,0,outer_ring
1060,55.234728067431924,81.05405618849264,8962,5,text_en_1919
1061,46.3301542922194,89.21722378203742,894,0,outer_ring
1062,56.08051063137543,82.06466264225212,8848,5,text_en_1919
1063,54.059092811482856,90.53153926305326,361,0,outer_ring
1064,55.13393876361224,86.2946984107912,309,0,outer_ring
1065,54.13823416575846,86.55608332206546,365,0,outer_ring
1066,54.00997009616007,78.18928888109731,9095,5,text_en_1919
1067,51.56625846890134,85.52413382100187,533,0,outer_ring
1068,46.54910148418215,77.92275571294725,3579,1,inner_ring
1069,32.892060032091926,60.87950572078793,5144,2,octagram
1070,31.302708992286092,60.281627895625405,5166,2,octagram
1071,28.151500206960065,54.42623362859926,3767,1,inner_ring
1072,61.35643425638016,94.9487003460041,99,0,outer_ring
1073,55.15413870582208,95.11967318253903,307,0,outer_ring
1074,64.91090474404376,93.41201052008917,50,0,outer_ring
1075,57.70710879655067,83.74862175515449,8817,5,text_en_1919
1076,68.55738153132627,79.27367026515115,9275,5,text_en_1919
1077,71.78953369020064,87.75347475017368,8775,5,text_en_1919
1078,67.90643103517822,75.74729957292281,9327,5,text_en_1919
1079,69.04691945617812,64.45357031467854,4588,2,octagram
1080,81.21082831811322,77.51882724903865,9352,5,text_en_1919
1081,77.7722782489955,67.8182420353758,3365,1,inner_ring
1082,76.41828110395396,68.43868737371467,3377,1,inner_ring
1083,81.12807766261632,56.27034841291661,4426,2,octagram
1084,91.84863390717972,62.119919776623256,9721,5,text_en_1919
1085,78.89115910908407,54.9502066307409,6561,2,octagram
1086,93.21937188482696,60.86909966594643,9786,5,text_en_1919
1087,91.15819545810314,62.071039829512024,9727,5,text_en_1919
1088,90.36986446663265,57.6651721162424,9844,5,text_en_1919
1089,92.16960324824241,49.899828739386436,10076,5,text_en_1919
1090,94.68875299730485,46.485350205947555,10215,5,text_en_1919
1091,88.42663331912877,57.585520699541156,9837,5,text_en_1919
1092,52.113901523566774,47.28230453067377,7085,3,stroke_nan
1093,51.904030095867185,46.70969632182294,7149,3,stroke_nan
1094,59.76573872814658,39.50364277083814,8344,4,stroke_kai
1095,58.85884092746736,41.73515798726574,8256,4,stroke_kai
1096,61.29592773862975,32.04317980441905,8502,4,stroke_kai
1097,67.93630881002747,25.717706853439456,6152,2,octagram
1098,78.91699302410501,36.81851758912681,4373,1,inner_ring
1099,78.34966341469155,37.341493397464426,4376,1,inner_ring
1100,66.35525838084496,41.247591480442146,8282,4,stroke_kai
1101,63.40161257089453,32.29888003649373,8527,4,stroke_kai
1102,74.3923304119491,51.932574214105685,6516,2,octagram
1103,68.12844078836699,6.445245963548154,3111,0,outer_ring
1104,56.24883909972005,17.603461557541173,11085,5,text_en_1919
1105,57.14700739238352,17.588872487148542,11086,5,text_en_1919
1106,52.40288630100361,18.145891092799328,11177,5,text_en_1919
1107,53.22374053265019,11.917388907762296,2200,0,outer_ring
1108,48.3556362764582,10.290576906757043,1753,0,outer_ring
1109,56.134815510673306,6.007012900679297,2478,0,outer_ring
1110,53.70021074724309,8.488982296967032,2253,0,outer_ring
1111,60.06566600716802,9.664602899075204,2782,0,outer_ring
1112,52.98532561347362,4.5172006192642105,2184,0,outer_ring
1113,57.1648497421775,8.140581652664618,2568,0,outer_ring
1114,51.656304838365415,7.69018880908569,2053,0,outer_ring
1115,45.322824608762375,8.808314401213234,1611,0,outer_ring
1116,60.58897119446498,9.866598770982339,2825,0,outer_ring
1117,51.20701230269392,8.432291606414642,2016,0,outer_ring
1118,50.256751810535405,7.648749698919928,1934,0,outer_ring
1119,51.36796497491629,10.42602537554212,2021,0,outer_ring
1120,64.37750533390295,7.484086186828776,2961,0,outer_ring
1121,58.48084436494272,10.482183557463228,2683,0,outer_ring
1122,60.89979304351841,5.598498101768416,2804,0,outer_ring
1123,66.64035035694582,2.9676632710542306,3012,0,outer_ring
1124,75.8935887470576,27.907431077074335,4324,1,inner_ring
1125,74.72225603143866,28.45135089455294,4322,1,inner_ring
1126,83.16738855636997,47.03558286015039,10284,5,text_en_1919
1127,66.78233018249931,7.997882836011209,3075,0,outer_ring
1128,65.49675976731858,6.622647717647517,2995,0,outer_ring
1129,66.49684369106657,4.455838545189913,3020,0,outer_ring
1130,42.07884552657544,10.3740486164578,1528,0,outer_ring
1131,47.71148649819339,9.809420988724838,1718,0,outer_ring
1132,89.91975318315198,59.2318800109379,9795,5,text_en_1919
1133,48.137947322887555,90.74478729429855,743,0,outer_ring
1134,48.508034726856366,92.31747268413093,691,0,outer_ring
1135,36.33718062398789,89.42935409180954,1264,0,outer_ring
1136,56.49199657493071,93.80419754041951,256,0,outer_ring
1137,44.22294116763483,92.71710218583428,973,0,outer_ring
1138,46.57498462596989,90.33454986234337,852,0,outer_ring
1139,46.10769726405587,81.70745376230202,9033,5,text_en_1919
1140,37.26810289985655,88.39324890191463,1254,0,outer_ring
1141,36.24945583337505,85.06554424954447,1302,0,outer_ring
1142,33.5148304482431,74.38525710561919,3648,1,inner_ring
1143,30.58636263821861,78.82274247672042,9301,5,text_en_1919
1144,37.33072371284985,62.79576966439469,5093,2,octagram
1145,22.51177438665891,66.13737785891215,9674,5,text_en_1919
1146,21.460994525334943,61.69836693799218,9791,5,text_en_1919
1147,24.562077931906757,72.50406268194223,9473,5,text_en_1919
1148,21.65491354778401,60.31467592656931,9891,5,text_en_1919
1149,25.549499079889518,49.1925585759136,10270,5,text_en_1919
1150,26.90704338618256,43.71825616133353,10553,5,text_en_1919
1151,27.535669754327404,50.5874434013999,3799,1,inner_ring
1152,31.804218991777706,56.184501286226045,5199,2,octagram
1153,32.57566814919266,51.707334688104886,5302,2,octagram
1154,42.442294317492646,41.54365115401687,7310,3,stroke_nan
1155,46.166974967589596,50.210558504444336,6998,3,stroke_nan
1156,45.618927828111964,55.17416490444908,6724,3,stroke_nan
1157,47.966993969703594,46.25642121110138,7111,3,stroke_nan
1158,57.78541324149305,55.7677229025728,7679,4,stroke_kai
1159,55.17372620626574,76.9721115453296,9164,5,text_en_1919
1160,52.306325993503286,70.60881441898387,4870,2,octagram
1161,70.12979683634818,71.16756346337955,4646,2,octagram
1162,71.53159397009456,58.77200132484168,7659,4,stroke_kai
1163,55.41229995552137,90.203554649091,293,0,outer_ring
1164,60.03861349987568,58.916378942640094,7594,4,stroke_kai
1165,48.92367108718746,55.57136354537063,6746,3,stroke_nan
1166,50.60533741276399,51.00172160635911,6892,3,stroke_nan
1167,51.11622698013121,37.65702575539355,7468,3,stroke_nan
1168,48.85782842751098,41.986374586479094,7295,3,stroke_nan
1169,55.98603401463343,41.58939517357511,8361,4,stroke_kai
1170,42.04631186358897,32.96076864542901,5650,2,octagram
1171,35.714399413209264,24.185189576039686,4016,1,inner_ring
1172,48.879361684707995,8.847226127484802,1809,0,outer_ring
1173,41.863947817172686,40.459126682414286,7301,3,stroke_nan
1174,29.40154633399781,35.42097868813614,5500,2,octagram
1175,23.15189233867452,42.24815817616889,10591,5,text_en_1919
1176,32.77459250942777,42.00716632916773,5436,2,octagram
1177,42.159141947788775,52.722442153029434,6874,3,stroke_nan
1178,39.272465060830136,50.081347740521444,6943,3,stroke_nan
1179,23.06992199113396,41.060598331105176,10600,5,text_en_1919
1180,38.12784695195149,31.10465421169465,5664,2,octagram
1181,32.250558627567045,36.96174295590526,5524,2,octagram
1182,24.8475015812682,32.94386682485702,10789,5,text_en_1919
1183,38.376086442420664,20.651054321557513,11052,5,text_en_1919
1184,48.391033716312634,8.285319516440348,1775,0,outer_ring
1185,41.391872474088686,14.883657379363786,1495,0,outer_ring
1186,52.18935378833821,14.495303325125281,2082,0,outer_ring
1187,43.22781780111202,24.880839869975084,5782,2,octagram
1188,52.945078997526885,19.209389265062832,11141,5,text_en_1919
1189,57.01273759240292,27.365675682536402,5947,2,octagram
1190,54.95855657586068,22.64265875170309,4131,1,inner_ring
1191,57.04950120675885,21.893332110961385,4143,1,inner_ring
1192,57.60415917440306,49.76974423168853,7979,4,stroke_kai
1193,61.87816337604103,45.456992592276855,8152,4,stroke_kai
1194,66.42963063098132,56.46037115572928,7781,4,stroke_kai
1195,60.097835231523625,53.81445029898105,7873,4,stroke_kai
1196,63.873212049154425,59.07867215225341,7695,4,stroke_kai
1197,71.34110883192481,61.78818290395956,4550,2,octagram
1198,64.80382678166865,59.928387330930775,7673,4,stroke_kai
1199,58.79571643096586,67.47850644449315,4764,2,octagram
1200,44.35585691437607,74.56140320417967,4970,2,octagram
1201,45.49603978364168,87.92039887901504,963,0,outer_ring
1202,47.73596504374292,89.35172136906618,785,0,outer_ring
1203,53.548337883155426,87.47760504791297,393,0,outer_ring
1204,53.548316823538634,90.49614250763177,389,0,outer_ring
1205,57.654816525923344,85.75873965744906,8599,5,text_en_1919
1206,60.23561396150738,82.88894285225825,8907,5,text_en_1919
1207,49.441681710723124,77.92179423419094,9230,5,text_en_1919
1208,49.760834532776116,69.95749622320787,4896,2,octagram
1209,49.208416350362675,72.6105572582985,4901,2,octagram
1210,42.26617774681652,74.14764383291391,3613,1,inner_ring
1211,41.908319532802295,53.47448154362442,6794,3,stroke_nan
1212,34.21542158829656,59.34460767508953,5129,2,octagram
1213,38.396166533832755,66.78946389760665,5063,2,octagram
1214,55.201110455605,92.22390734579768,305,0,outer_ring
1215,61.58893608221711,92.53190551094004,89,0,outer_ring
1216,58.242692671964775,89.9167953420834,174,0,outer_ring
1217,66.65765751418292,92.8997838502736,36,0,outer_ring
1218,67.55547495513372,83.30342465749962,8967,5,text_en_1919
1219,52.982944375964415,77.79215887272971,9152,5,text_en_1919
1220,69.42440832319168,82.44018640124706,9064,5,text_en_1919
1221,68.11272074914478,74.41497593822481,3443,1,inner_ring
1222,75.67937668207273,69.34540846970998,3386,1,inner_ring
1223,68.07715465009345,67.42997575653297,4615,2,octagram
1224,84.468863650212,63.984025503122645,9654,5,text_en_1919
1225,80.19411923085417,58.708384896182146,3319,1,inner_ring
1226,83.25020822574622,58.10355317395318,9825,5,text_en_1919
1227,83.49239106749279,59.40409276995476,9805,5,text_en_1919
1228,90.10043851087978,53.96590494277626,9911,5,text_en_1919
1229,84.26994011758734,49.53999583108923,3256,1,inner_ring
1230,84.13625519342347,58.80154061857942,9812,5,text_en_1919
1231,89.5733587396555,51.325648802498705,10053,5,text_en_1919
1232,98.5199338625294,43.52886061731639,10478,5,text_en_1919
1233,91.5123164593198,51.78068200457843,10033,5,text_en_1919
1234,59.32611009292696,32.44473418512427,5973,2,octagram
1235,64.11094978265143,46.496184220633715,8077,4,stroke_kai
1236,63.290511245970066,38.41531852895066,8336,4,stroke_kai
1237,61.957345235657606,44.442119308946054,8161,4,stroke_kai
1238,74.59913673414016,23.17249039276652,4287,1,inner_ring
1239,64.64041487030823,39.246843355049364,8325,4,stroke_kai
1240,82.54571366452397,45.42601635093281,10347,5,text_en_1919
1241,67.86788761945891,47.79574862091566,8019,4,stroke_kai
1242,61.19320151440072,33.97804304502655,8489,4,stroke_kai
1243,63.15501194575392,22.84166225821004,6053,2,octagram
1244,60.663331955816254,21.583203084577942,4174,1,inner_ring
1245,63.939553767205986,14.850471747707662,11088,5,text_en_1919
1246,51.87561286771272,2.2799745626901164,2089,0,outer_ring
1247,62.80847402950544,8.817243725991148,2913,0,outer_ring
1248,58.5265230157253,6.121496566803946,2646,0,outer_ring
1249,50.51949854477624,8.006911862526906,1952,0,outer_ring
1250,54.498486577761675,7.688667320091816,2336,0,outer_ring
1251,43.753744381995894,6.212641935251848,1575,0,outer_ring
1252,46.155140039920134,13.482167821523706,11343,5,text_en_1919
1253,55.90724182386174,6.9609227556314925,2468,0,outer_ring
1254,53.30104548656388,10.985314080586722,2211,0,outer_ring
1255,60.7894015637946,10.023989611484232,2835,0,outer_ring
1256,58.65000599081928,6.815466621942434,2661,0,outer_ring
1257,44.44823471119085,8.93677241291516,1579,0,outer_ring
1258,51.35673962121613,11.788364170319177,2014,0,outer_ring
1259,48.188847500744814,4.012160878894359,1801,0,outer_ring
1260,58.359163250427066,6.82188558954014,2642,0,outer_ring
1261,52.08961779171269,3.656060049285306,2104,0,outer_ring
1262,60.19087806492454,4.009447031741666,2747,0,outer_ring
1263,56.058432098234526,10.901683034907435,2506,0,outer_ring
1264,63.483330156952896,11.10794034738176,2957,0,outer_ring
1265,70.34321132962774,5.365154787637742,3177,0,outer_ring
1266,77.02311514118124,33.65389526111881,6315,2,octagram
1267,80.54251228904987,36.27974656919047,10668,5,text_en_1919
1268,81.66114016071829,44.02067216283027,10420,5,text_en_1919
1269,70.47638663463881,9.30110940123295,3210,0,outer_ring
1270,70.69247820220845,3.026517937139862,3161,0,outer_ring
1271,70.4266456098146,3.1440410641597847,3152,0,outer_ring
1272,41.09970285015937,17.39067236098126,11115,5,text_en_1919
1273,42.17694590633797,16.207068477417003,11127,5,text_en_1919
1274,90.63805959127974,50.23332037972067,10085,5,text_en_1919
1275,46.3472229397695,89.85769244453631,881,0,outer_ring
1276,42.5764030317638,92.05879390431751,1046,0,outer_ring
1277,42.11801085554302,93.38649961943473,1052,0,outer_ring
1278,51.92112444413826,89.91113308830066,483,0,outer_ring
1279,48.352751018994496,89.89545981960872,734,0,outer_ring
1280,43.9614877185219,88.02351491720374,1038,0,outer_ring
1281,44.15131705238762,91.92870585770285,990,0,outer_ring
1282,35.59196208979753,84.49613630455256,1319,0,outer_ring
1283,35.63817214283955,82.84078760982987,1328,0,outer_ring
1284,31.08689506753331,84.44325139096587,1356,0,outer_ring
1285,40.52751250424252,89.74746797461098,1153,0,outer_ring
1286,25.208332360752237,73.39056731110492,9457,5,text_en_1919
1287,22.94613057501134,66.28834807463319,9649,5,text_en_1919
1288,29.99039676772279,67.79801155171774,9618,5,text_en_1919
1289,17.803388676879564,68.73279512582617,9564,5,text_en_1919
1290,18.86003251397451,47.59203607093415,1399,0,outer_ring
1291,22.390109593351696,49.1536218286886,10288,5,text_en_1919
1292,28.938610855709012,49.87923193753203,3808,1,inner_ring
1293,26.181750733235663,52.1282374220438,3788,1,inner_ring
1294,32.79063124969376,48.860441009628175,5347,2,octagram
1295,32.13045537560772,50.66162432579034,5318,2,octagram
1296,37.73247068879167,43.403940400580986,7259,3,stroke_nan
1297,42.66107807114011,51.73372519417565,6898,3,stroke_nan
1298,48.398276686771275,54.17162226998783,6807,3,stroke_nan
1299,49.67074386380277,60.379662749945766,6590,3,stroke_nan
1300,45.98790191410792,63.52858604430768,5036,2,octagram
1301,48.60748725322039,68.8427051682082,4907,2,octagram
1302,57.42677156064532,76.11829050239766,3512,1,inner_ring
1303,69.5890652419301,50.383615634081345,7888,4,stroke_kai
1304,51.51364624449706,76.25520151384518,3548,1,inner_ring
1305,63.87991584382375,60.27331113084976,7614,4,stroke_kai
1306,61.96174835915363,71.88456332135375,3468,1,inner_ring
1307,59.68913425019262,59.301532493080245,7587,4,stroke_kai
1308,48.59068570075419,45.23273313982614,7131,3,stroke_nan
1309,52.94605974865269,46.43926026356617,7155,3,stroke_nan
1310,44.74296134793948,40.48183725250682,7376,3,stroke_nan
1311,43.09276795731137,43.03097476766269,7311,3,stroke_nan
1312,51.7649285135223,11.046918336707131,2048,0,outer_ring
1313,48.602172908766136,27.543768866784827,5840,2,octagram
1314,39.70139006064258,26.408873584892323,5747,2,octagram
1315,31.614283961144647,33.94575448425881,5527,2,octagram
1316,42.051289964077995,20.913005361342655,10880,5,text_en_1919
1317,31.782392566645193,34.17429348342931,5533,2,octagram
1318,34.277302179311064,46.62197916633277,5386,2,octagram
1319,38.394595468416625,49.75484035655081,6988,3,stroke_nan
1320,38.64293243575155,43.43270553724821,7232,3,stroke_nan
1321,25.580531306841525,27.90082052920655,10819,5,text_en_1919
1322,30.294290078479545,32.291507964054084,3924,1,inner_ring
1323,28.147032324947894,33.39375302818676,3902,1,inner_ring
1324,37.38117735594268,10.863864423705262,1462,0,outer_ring
1325,32.38426076504333,18.077518927742865,1420,0,outer_ring
1326,39.5789856365154,10.655325439091424,1485,0,outer_ring
1327,44.73050577586927,11.882190667351795,1572,0,outer_ring
1328,44.928279743224735,18.30393956740235,11082,5,text_en_1919
1329,49.20679702947304,27.970262496409124,5851,2,octagram
1330,48.58854271756679,22.967416751915493,4085,1,inner_ring
1331,47.73235651489703,27.825353622206194,5826,2,octagram
1332,56.67585582680034,26.457224621078172,5949,2,octagram
1333,49.28696205293159,44.13611060750049,7194,3,stroke_nan
1334,53.27312413757193,43.10531280879825,7379,3,stroke_nan
1335,55.480901654610406,40.21418951309923,8486,4,stroke_kai
1336,65.64524998510221,50.823515796276375,7915,4,stroke_kai
1337,82.26823522471686,49.02610934361753,3253,1,inner_ring
1338,62.86515602426263,52.629095632279515,7899,4,stroke_kai
1339,66.5193999564908,66.69453957917587,4614,2,octagram
1340,63.338890160390875,55.186973847047106,7827,4,stroke_kai
1341,63.118557546070285,46.08451930233475,8107,4,stroke_kai
1342,48.63899026443384,83.34331749465225,801,0,outer_ring
1343,37.53330435662499,89.49809456409594,1236,0,outer_ring
1344,44.17003655347139,68.90913302228452,5014,2,octagram
1345,50.933887310105305,91.16513186435354,542,0,outer_ring
1346,44.740939882497386,84.91321429509674,8676,5,text_en_1919
1347,51.824577865807846,86.89795854503548,504,0,outer_ring
1348,52.15634570481422,78.34808167675965,9068,5,text_en_1919
1349,48.93804712079078,70.91949503948089,4902,2,octagram
1350,45.820911271758604,81.69357468172994,9054,5,text_en_1919
1351,43.27517289700588,71.88486346985555,4992,2,octagram
1352,44.832852816245655,75.55511085916238,4955,2,octagram
1353,31.828320230009222,62.11906797820854,5153,2,octagram
1354,29.046949378809835,67.07980663054367,9652,5,text_en_1919
1355,29.773231448235272,54.88499050610547,5256,2,octagram
1356,56.96846938770824,92.96643034519418,235,0,outer_ring
1357,50.60069579874248,92.47249297801923,553,0,outer_ring
1358,58.347811255501185,91.71408887078283,175,0,outer_ring
1359,64.35215924094425,92.42973091383136,52,0,outer_ring
1360,66.63289981238177,90.24371663224784,32,0,outer_ring
1361,68.20588953632705,85.91360058789208,8753,5,text_en_1919
1362,68.17075044894789,78.19126481835822,9306,5,text_en_1919
1363,71.69335082422592,73.17703499750425,3426,1,inner_ring
1364,78.51540348298168,72.62158210739346,9420,5,text_en_1919
1365,78.90594149788858,64.3894499058712,3349,1,inner_ring
1366,71.47256779603504,65.54713117198607,4594,2,octagram
1367,81.72807410166995,58.57387646044891,3313,1,inner_ring
1368,79.36352320002193,61.12680321579806,4485,2,octagram
1369,80.71366834073363,54.38042470071507,6564,2,octagram
1370,83.82522738699866,50.88107665608246,3265,1,inner_ring
1371,83.7336531051165,53.26342927356759,3287,1,inner_ring
1372,79.7085732914874,54.927288618774725,6566,2,octagram
1373,89.98353081077703,48.62070969225652,10125,5,text_en_1919
1374,92.36933371939666,41.0707275475044,10511,5,text_en_1919
1375,94.26764915936907,45.47566456207069,10234,5,text_en_1919
1376,59.417182673984854,37.15715929629667,8424,4,stroke_kai
1377,56.048381596631536,11.07537845336138,2507,0,outer_ring
1378,62.004750404048835,40.12077615412328,8318,4,stroke_kai
1379,71.4001525472516,48.607804414568115,6474,2,octagram
1380,65.04893678682835,36.09763737285681,8426,4,stroke_kai
1381,77.08213620553168,44.47577589618171,3227,1,inner_ring
1382,72.2833811761217,33.04539871016256,6274,2,octagram
1383,72.61548266235825,42.54844948086744,6412,2,octagram
1384,67.2796690602003,23.025956468571188,6115,2,octagram
1385,67.38131523294588,44.0307828594682,8171,4,stroke_kai
1386,64.98614938614742,23.153581612442476,6108,2,octagram
1387,73.48433361163123,31.73006881403672,6278,2,octagram
1388,59.756028433366495,16.819109307830896,11163,5,text_en_1919
1389,62.59036881572078,9.086372169410572,2905,0,outer_ring
1390,58.58230020980306,13.13082198128854,11313,5,text_en_1919
1391,51.70454123814721,17.03830425511552,11251,5,text_en_1919
1392,48.750007653864444,10.244888593085472,1779,0,outer_ring
1393,60.383062308380154,5.567482615977518,2764,0,outer_ring
1394,51.89635982219228,8.699135570004088,2079,0,outer_ring
1395,50.366970322105374,6.476362465855674,1947,0,outer_ring
1396,63.13730022090734,5.667018883338922,2902,0,outer_ring
1397,58.89705294854954,4.818792155838292,2662,0,outer_ring
1398,58.61202675065666,8.569734003160994,2675,0,outer_ring
1399,55.06819251827209,8.59938930679497,2397,0,outer_ring
1400,46.22126349000702,9.74364549675412,1648,0,outer_ring
1401,50.87640064227095,12.488930606902915,1958,0,outer_ring
1402,53.78538163477655,9.530799726474964,2264,0,outer_ring
1403,56.56918523150487,7.410324468189439,2521,0,outer_ring
1404,62.84794097792722,5.22555851716232,2888,0,outer_ring
1405,61.82399158151395,9.959271416945684,2881,0,outer_ring
1406,64.60940177983254,17.81930625632128,10866,5,text_en_1919
1407,65.23716151976139,15.368091174355216,10900,5,text_en_1919
1408,76.30450879395717,37.35719647087238,6348,2,octagram
1409,77.10956504011627,36.78186624885868,6340,2,octagram
1410,86.74580472939233,37.89697817250296,10682,5,text_en_1919
1411,76.19520713979212,32.25886019798962,6303,2,octagram
1412,80.14064006567925,23.845633490469776,10802,5,text_en_1919
1413,68.84162405252677,9.522044661476194,3182,0,outer_ring
1414,33.63988895117688,11.185888678765934,1439,0,outer_ring
1415,42.32442007602113,23.376537099663913,5775,2,octagram
1416,96.16220876659665,43.54697381906664,10452,5,text_en_1919
1417,52.024448269410364,93.54503934453193,459,0,outer_ring
1418,49.132009420856036,90.21389085203457,669,0,outer_ring
1419,40.962809121146186,88.60850782200681,1152,0,outer_ring
1420,54.613047199458684,98.16880133500932,325,0,outer_ring
1421,49.4050182431887,92.64177916637965,617,0,outer_ring
1422,42.88588742115186,89.01458423975643,1072,0,outer_ring
1423,40.246811540664694,88.4498643640105,1175,0,outer_ring
1424,40.20968384958472,91.5033515482341,1144,0,outer_ring
1425,35.72048614862412,71.0362036892785,5042,2,octagram
1426,32.32550113997615,82.46254600065019,1357,0,outer_ring
1427,36.07950516656071,78.95411826422195,9326,5,text_en_1919
1428,24.423955678828953,74.96291857956646,9442,5,text_en_1919
1429,35.793187161544374,60.38012266555106,5107,2,octagram
1430,22.89875210527889,79.34240200782787,1379,0,outer_ring
1431,18.249305400029503,56.93467242879854,9979,5,text_en_1919
1432,19.299850577709982,63.679395633704935,9731,5,text_en_1919
1433,20.06479829127692,54.49755098459271,10169,5,text_en_1919
1434,24.234013098359657,50.20976791291229,10213,5,text_en_1919
1435,26.937188382565754,50.78378595051305,3797,1,inner_ring
1436,33.82838360424617,57.25189059956477,5192,2,octagram
1437,32.300492985413925,44.07732030539908,5421,2,octagram
1438,36.37449570593447,46.633722394545195,7098,3,stroke_nan
1439,44.18538291813656,53.853657807052706,6769,3,stroke_nan
1440,41.65426922616706,46.15070977608128,7125,3,stroke_nan
1441,51.068593587515515,69.10991930908112,4877,2,octagram
1442,51.17620491318108,53.4861024487573,6903,3,stroke_nan
1443,55.44286460764972,81.27337132039864,8950,5,text_en_1919
1444,46.79884810914774,65.118577841674,5033,2,octagram
1445,58.76780205030215,74.57598091068049,9242,5,text_en_1919
1446,56.573001466858294,67.0213991852036,4801,2,octagram
1447,51.1901449568343,77.83376273563519,9093,5,text_en_1919
1448,56.08636850924251,62.83108698386314,4821,2,octagram
1449,52.16556211827951,37.440671383865585,7465,3,stroke_nan
1450,52.4901032548171,40.26173096526851,7423,3,stroke_nan
1451,49.51304532828613,25.392170001074337,5837,2,octagram
1452,50.547066125108614,43.46267765148439,7230,3,stroke_nan
1453,52.62737604452039,45.817219384845245,7166,3,stroke_nan
1454,46.60929409142258,37.08370507549095,7478,3,stroke_nan
1455,44.17638211550904,22.621879306627747,4066,1,inner_ring
1456,44.00276216136078,30.649928745215437,5702,2,octagram
1457,32.28395006391237,36.38875450716431,5530,2,octagram
1458,35.596462672176365,33.27677040453506,5591,2,octagram
1459,29.645425202053676,38.575679914231344,3885,1,inner_ring
1460,32.704322354706235,50.92970563895872,5317,2,octagram
1461,36.961382179451284,50.937985636636206,6949,3,stroke_nan
1462,38.38008385205891,46.3360017385528,7117,3,stroke_nan
1463,27.60493471098538,46.13825780851656,3832,1,inner_ring
1464,28.88888962618842,27.43348258623341,10820,5,text_en_1919
1465,39.46222675263475,17.926594427537374,11234,5,text_en_1919
1466,33.381792721396124,27.287599286452306,3974,1,inner_ring
1467,37.27158157986935,23.609575053875666,4028,1,inner_ring
1468,43.87452827642176,19.184961867627802,11040,5,text_en_1919
1469,40.246444614637525,16.730898655151638,11283,5,text_en_1919
1470,42.7838051775409,24.809518907660458,5781,2,octagram
1471,52.46229859675167,20.275840711489188,11108,5,text_en_1919
1472,49.886393538846534,20.33349019393568,10952,5,text_en_1919
1473,56.293950809655016,19.201380801401083,10981,5,text_en_1919
1474,58.62532538661913,25.809487317290944,5987,2,octagram
1475,57.79592398801138,44.80363770413805,8144,4,stroke_kai
1476,60.60986152360985,44.702782458883455,8179,4,stroke_kai
1477,64.25413807526006,49.86145732297238,7946,4,stroke_kai
1478,66.36788183743397,45.986459112491254,8114,4,stroke_kai
1479,59.623654897015086,44.6176368733138,8192,4,stroke_kai
1480,76.7586807573422,55.84303509585405,4459,2,octagram
1481,67.23681731493603,62.097152802053685,7622,4,stroke_kai
1482,77.81167994354945,61.01185206242671,4497,2,octagram
1483,65.53099621428102,63.36901460373918,7599,4,stroke_kai
1484,49.20733280509539,79.48231142520578,8999,5,text_en_1919
1485,42.63394829310943,86.60691402709313,1109,0,outer_ring
1486,48.480122137580615,89.49010877508259,730,0,outer_ring
1487,51.4723361748256,82.97397168128946,8597,5,text_en_1919
1488,51.92067133621113,85.17144724891678,8657,5,text_en_1919
1489,56.512439265126055,90.56772592640256,252,0,outer_ring
1490,52.83893816830526,83.43282722606934,8726,5,text_en_1919
1491,55.89340627593785,83.0344874249662,8791,5,text_en_1919
1492,53.08250177753124,77.71401250234442,9163,5,text_en_1919
1493,57.07016551869758,89.35402872779083,224,0,outer_ring
1494,45.20913859689599,73.078594990269,4981,2,octagram
1495,28.429862160289485,61.027225237216925,3724,1,inner_ring
1496,34.20429394470369,63.88293629187637,5110,2,octagram
1497,32.346211620068075,68.39402800199993,3677,1,inner_ring
1498,55.468783365973614,93.69249318602938,291,0,outer_ring
1499,61.43014648505887,96.70507097259797,103,0,outer_ring
1500,64.56267926370552,79.79723762101425,9138,5,text_en_1919
1501,62.7037514844852,79.87933744442233,9027,5,text_en_1919
1502,71.40093152743735,86.93075524982787,8797,5,text_en_1919
1503,68.35238665786193,81.14465778757291,9132,5,text_en_1919
1504,71.04144228078817,74.76153388844202,3431,1,inner_ring
1505,66.5473726965131,70.57445679677949,4670,2,octagram
1506,67.19687679156135,53.758173177358614,7776,4,stroke_kai
1507,71.44746631943303,66.588759242557,4602,2,octagram
1508,77.85194177880776,72.45441950247614,9458,5,text_en_1919
1509,78.12498057661782,58.04930023866674,4453,2,octagram
1510,81.77976179466656,62.443204765234015,9705,5,text_en_1919
1511,82.1442480165587,59.35519738556438,3317,1,inner_ring
1512,82.95513230943928,57.59622470764228,9848,5,text_en_1919
1513,94.41359599883748,51.247813126183445,10058,5,text_en_1919
1514,90.19725658116498,46.53397509711951,10226,5,text_en_1919
1515,87.77870882903797,48.72042086609076,10128,5,text_en_1919
1516,96.8913242420946,46.32464378080693,10194,5,text_en_1919
1517,91.44048091561996,36.67641913381444,10620,5,text_en_1919
1518,59.87963325688247,46.59604678884533,8088,4,stroke_kai
1519,55.9983761262605,37.34900440175677,8511,4,stroke_kai
1520,60.13104863684415,30.84634004370147,6089,2,octagram
1521,66.71892437762992,50.512272044969826,7909,4,stroke_kai
1522,62.9963616233901,35.82022157344552,8449,4,stroke_kai
1523,66.3483254481696,38.463879848010635,8346,4,stroke_kai
1524,78.84136917112771,35.6300905979651,4368,1,inner_ring
1525,82.31520149342794,40.768103064725736,10457,5,text_en_1919
1526,68.785067098863,32.41546485310888,6215,2,octagram
1527,68.97406507351722,22.039040003059252,4248,1,inner_ring
1528,68.55145897791536,24.588136482789167,6138,2,octagram
1529,62.08231565299086,23.47443010248789,6031,2,octagram
1530,55.254759596509665,9.564614576850634,2423,0,outer_ring
1531,49.150207679669776,7.040157675008786,1846,0,outer_ring
1532,54.68212639555726,14.849914544222543,2386,0,outer_ring
1533,47.77899543739205,7.870311922795543,1739,0,outer_ring
1534,54.616990190006376,8.484594658276514,2356,0,outer_ring
1535,45.089339552166464,10.162896580547034,1589,0,outer_ring
1536,50.45395337527251,11.307724418252956,1927,0,outer_ring
1537,53.30644034075668,7.438133458788089,2212,0,outer_ring
1538,57.238845334884616,6.154090788538535,2562,0,outer_ring
1539,61.2543106683274,6.037478298464039,2827,0,outer_ring
1540,64.34054966989213,2.8353484741778905,2929,0,outer_ring
1541,47.95662924124706,9.624665829850743,1731,0,outer_ring
1542,52.100155837280006,10.33128639845029,2085,0,outer_ring
1543,56.29139726059952,5.696540407516149,2489,0,outer_ring
1544,49.386355887196714,9.076778142375929,1847,0,outer_ring
1545,53.79886066521876,8.68924414324396,2265,0,outer_ring
1546,69.78543991357375,8.256122268613787,3192,0,outer_ring
1547,62.33253607530899,1.4689662753241155,2839,0,outer_ring
1548,70.83619810965972,5.432690256146356,3188,0,outer_ring
1549,70.00506680019282,8.51543409269344,3199,0,outer_ring
1550,80.0911247519208,40.23683071064566,4396,1,inner_ring
1551,87.54202607221328,43.977439449580125,10428,5,text_en_1919
1552,83.07393216324975,21.72456068312476,10818,5,text_en_1919
1553,70.07008943060866,6.347992810474514,3179,0,outer_ring
1554,67.23583706216172,9.34001620926901,3113,0,outer_ring
1555,75.50876306397437,26.160979693963014,4310,1,inner_ring
1556,43.01116238799223,21.674596263802353,4058,1,inner_ring
1557,39.1773862553196,27.864159582153864,5729,2,octagram
1558,88.75245418564468,44.05332925219194,10412,5,text_en_1919
1559,48.835737122569206,91.29735591647106,676,0,outer_ring
1560,47.81022784509597,92.21015044475958,748,0,outer_ring
1561,41.84953598032204,90.76243038933474,1092,0,outer_ring
1562,49.232731146117466,91.78168391010335,637,0,outer_ring
1563,48.53123166401116,93.2031078670115,678,0,outer_ring
1564,47.25104490074301,88.69905041017175,825,0,outer_ring
1565,42.58565606125286,88.2694891733917,1093,0,outer_ring
1566,40.66433815257083,88.36708071331189,1165,0,outer_ring
1567,36.59171657267925,85.14633621227493,1295,0,outer_ring
1568,35.390513496865125,78.72025581271546,9291,5,text_en_1919
1569,32.63765463189753,83.97067093487134,1348,0,outer_ring
1570,27.97127723897651,71.61103011417491,9570,5,text_en_1919
1571,29.91363141207728,63.90369186361194,3706,1,inner_ring
1572,24.44206825601642,61.8706528097458,9739,5,text_en_1919
1573,21.23136971461618,57.99150660243539,9946,5,text_en_1919
1574,18.713949221952983,57.13955941807493,9960,5,text_en_1919
1575,24.361527015022364,46.03175881383855,10504,5,text_en_1919
1576,29.558451233306116,40.549031749592736,3867,1,inner_ring
1577,26.090855298787144,50.475713395044565,3804,1,inner_ring
1578,28.572810624029128,45.549428205534106,3838,1,inner_ring
1579,39.79713846068636,45.28955492296355,7151,3,stroke_nan
1580,45.311257056429525,42.97166024900678,7285,3,stroke_nan
1581,45.46861821420255,51.49797854430171,6887,3,stroke_nan
1582,50.70615331358255,46.23571683004999,7150,3,stroke_nan
1583,48.4752035155374,55.373571910840326,6745,3,stroke_nan
1584,51.586270543116726,54.27944009845649,6871,3,stroke_nan
1585,58.755259471101084,72.75096914613685,3495,1,inner_ring
1586,58.50149408580163,73.45896193967167,3498,1,inner_ring
1587,60.07924182467356,78.47720223724056,9098,5,text_en_1919
1588,52.85339464563708,80.58164136245566,8960,5,text_en_1919
1589,70.11575421533833,77.56758065857723,9299,5,text_en_1919
1590,51.97153345939756,72.50590323480698,4886,2,octagram
1591,56.202551327498,63.47907981904259,4816,2,octagram
1592,49.950913952166545,44.539026319051814,7191,3,stroke_nan
1593,50.65825858089377,34.77388571129426,7516,3,stroke_nan
1594,53.160847207895,42.70511153904847,7395,3,stroke_nan
1595,51.89451124538313,42.16581143654363,7375,3,stroke_nan
1596,44.241776687595404,37.10303198074672,7489,3,stroke_nan
1597,38.54340948595742,30.642031114170187,5667,2,octagram
1598,43.50581549633844,29.56547255414958,5722,2,octagram
1599,35.1942594615959,38.31468590793699,5557,2,octagram
1600,30.87916007636293,39.27576596454886,5471,2,octagram
1601,28.37619936425673,39.988220590942994,3869,1,inner_ring
1602,38.278446109785364,45.78551125516093,7170,3,stroke_nan
1603,36.54686387266506,47.1048101548853,7097,3,stroke_nan
1604,41.10965192696662,50.83107271076398,6932,3,stroke_nan
1605,30.08100272472045,42.795008241695896,3858,1,inner_ring
1606,33.09050037959977,25.991384716860125,3985,1,inner_ring
1607,25.283744960134864,45.97825111013614,10497,5,text_en_1919
1608,38.81913942918771,16.334415674844514,1449,0,outer_ring
1609,43.51472058563031,11.986916724552529,1547,0,outer_ring
1610,42.68458160245843,22.936694625609423,4052,1,inner_ring
1611,55.42417358553946,15.838704711805027,11187,5,text_en_1919
1612,50.64479578484099,2.2314746153879015,1997,0,outer_ring
1613,48.446431562819654,29.12711833421614,5855,2,octagram
1614,55.73630830695306,32.930106163408375,8564,4,stroke_kai
1615,56.26401047581027,27.892487790921326,5945,2,octagram
1616,57.324003047608976,37.776129016240695,8528,4,stroke_kai
1617,55.85619393999595,53.10505116919336,7801,4,stroke_kai
1618,61.16834185921554,49.132286319440176,8014,4,stroke_kai
1619,57.592269680253835,47.57438231468367,8081,4,stroke_kai
1620,66.14218235713638,52.784542399072755,7789,4,stroke_kai
1621,60.448785927093795,50.84812969126166,7961,4,stroke_kai
1622,65.86001024187087,55.66916281529295,7825,4,stroke_kai
1623,72.8403258840663,60.50458392248228,4533,2,octagram
1624,58.85871918708374,59.78323041053055,7585,4,stroke_kai
1625,65.901498770764,53.402842754976895,7891,4,stroke_kai
1626,48.269725697959394,72.80931913107628,4918,2,octagram
1627,45.333968644194435,85.86313145807435,1008,0,outer_ring
1628,45.8495522592684,88.22286137808415,942,0,outer_ring
1629,49.239653732031506,86.52104665325238,701,0,outer_ring
1630,56.986229122271524,90.27443334145579,229,0,outer_ring
1631,53.0444466761968,87.35072967152291,422,0,outer_ring
1632,50.94599389434605,89.63235920710238,547,0,outer_ring
1633,49.03947927500788,87.62722071263359,708,0,outer_ring
1634,54.46133240353711,79.38050293317436,9037,5,text_en_1919
1635,43.25597984999216,82.37623716689006,8938,5,text_en_1919
1636,35.839573016524305,69.49787799305552,5053,2,octagram
1637,28.364049613162187,60.31374108651289,5183,2,octagram
1638,30.86475397022124,61.25180869460636,5165,2,octagram
1639,30.030588688305016,59.92349804767779,5180,2,octagram
1640,55.860176911081595,92.42938159840504,277,0,outer_ring
1641,60.60695141164554,91.673980197898,111,0,outer_ring
1642,59.90625925836954,92.59570774812053,135,0,outer_ring
1643,64.76680894597031,91.06983417245273,48,0,outer_ring
1644,61.93310530503767,84.44089628127888,8828,5,text_en_1919
1645,70.24797747053626,79.18819642576572,9268,5,text_en_1919
1646,61.19221712026508,85.8179297625901,8760,5,text_en_1919
1647,71.03839466387994,74.00540743955754,3429,1,inner_ring
1648,77.39480697174714,68.18347233356018,3371,1,inner_ring
1649,77.81374528856593,50.85080459152888,6525,2,octagram
1650,86.13207885013912,72.76774849390385,9448,5,text_en_1919
1651,81.51665438797225,54.91618860686108,6575,2,octagram
1652,79.3038899852927,61.79593305221382,4487,2,octagram
1653,78.94997057833888,54.541259302589175,6558,2,octagram
1654,79.55637365500239,55.64442159883436,4434,2,octagram
1655,78.55730606365357,60.64233141063709,4489,2,octagram
1656,90.78713013492563,44.745141324261134,10376,5,text_en_1919
1657,91.283736591214,40.78155979277216,10517,5,text_en_1919
1658,91.82336876934508,32.911867905582625,10760,5,text_en_1919
1659,91.13992380048222,50.43731509234575,10074,5,text_en_1919
1660,58.76524037986046,49.22812909278611,7981,4,stroke_kai
1661,58.29547712979792,40.186733015626906,8306,4,stroke_kai
1662,61.35979867471697,41.25645278232786,8270,4,stroke_kai
1663,64.0407150778422,46.19270811059927,8078,4,stroke_kai
1664,71.82783776999587,44.3293950386222,6430,2,octagram
1665,66.28182675001504,16.18221187398565,10883,5,text_en_1919
1666,85.10394756092951,41.72151755319387,10461,5,text_en_1919
1667,79.59121807394172,41.09115531648962,4402,1,inner_ring
1668,79.51445482068884,49.13553574456246,6515,2,octagram
1669,65.78137035125326,29.5168253254247,6175,2,octagram
1670,61.73195115533665,10.779264095101606,2883,0,outer_ring
1671,58.87735495959922,9.860269397363997,2710,0,outer_ring
1672,57.069367034635704,12.179662732301646,11341,5,text_en_1919
1673,50.37609166521632,15.966569319854168,1878,0,outer_ring
1674,64.65992868176909,3.7773896038237984,2947,0,outer_ring
1675,45.92264241763758,13.02715253536717,1600,0,outer_ring
1676,44.682691685078034,7.146286243129151,1601,0,outer_ring
1677,45.4035439679863,8.970231344944743,1615,0,outer_ring
1678,51.038050702031185,7.725033679219467,2004,0,outer_ring
1679,52.12556442193366,6.35483839116747,2101,0,outer_ring
1680,60.64648441163974,9.557785050793097,2826,0,outer_ring
1681,57.24501667390963,9.981642792303036,2593,0,outer_ring
1682,49.91379522294182,6.681945900495068,1915,0,outer_ring
1683,49.09075525650609,10.364452449403853,1812,0,outer_ring
1684,50.95783883389088,16.841930004651626,11304,5,text_en_1919
1685,47.40813100429797,8.991482695820192,1706,0,outer_ring
1686,52.02964817313511,4.963898659405052,2095,0,outer_ring
1687,58.608295665084924,6.489284749612259,2656,0,outer_ring
1688,58.355247689239604,17.29310707100143,11122,5,text_en_1919
1689,68.79977142054601,3.215191835781962,3100,0,outer_ring
1690,67.06533621825481,5.9029372877291895,3058,0,outer_ring
1691,68.08276219923395,14.951619161750429,10972,5,text_en_1919
1692,69.624457379536,21.934783069596325,4258,1,inner_ring
1693,80.49142664089722,18.483919202728075,10837,5,text_en_1919
1694,83.55215588443193,36.2732520614331,10681,5,text_en_1919
1695,63.25704633640774,36.80428730021278,8410,4,stroke_kai
1696,67.3988917628906,9.52140085832696,3123,0,outer_ring
1697,68.16879465243233,6.737968615781357,3116,0,outer_ring
1698,37.06547834491863,32.00650957293984,5608,2,octagram
1699,55.611561428204745,9.1252341412413,2449,0,outer_ring
1700,89.52055703409815,45.250020112656834,10356,5,text_en_1919
1701,47.28540166561794,90.41362025454819,805,0,outer_ring
1702,47.18061092261898,96.14282594410092,747,0,outer_ring
1703,45.86505820561522,92.33651501084285,878,0,outer_ring
1704,49.882639502920334,86.36144619943423,643,0,outer_ring
1705,40.701588413751324,90.95997152657101,1134,0,outer_ring
1706,46.531811843964945,89.05967448174995,879,0,outer_ring
1707,39.74501144075853,90.26767895157589,1171,0,outer_ring
1708,43.35754088425538,90.33076655076397,1036,0,outer_ring
1709,39.08124469786126,86.29590936347793,1228,0,outer_ring
1710,32.1282335558034,75.00375348832645,9417,5,text_en_1919
1711,27.73550750124906,80.77830096884561,1371,0,outer_ring
1712,23.231191313559673,78.62162679619733,1381,0,outer_ring
1713,27.419484691619324,70.58475728679548,9560,5,text_en_1919
1714,28.79169626082159,67.82889160110489,9626,5,text_en_1919
1715,32.25822313403631,57.53514263470282,5200,2,octagram
1716,20.623755137080618,59.13760247284205,9930,5,text_en_1919
1717,22.70318299079873,51.81329285152006,10185,5,text_en_1919
1718,23.98113646312505,49.31469955072531,10275,5,text_en_1919
1719,28.373582151862703,57.18484804836377,5235,2,octagram
1720,35.10902277461511,46.784655145076705,5374,2,octagram
1721,32.26554557639596,49.872290672743134,5331,2,octagram
1722,43.10069201755579,48.09674650514413,7040,3,stroke_nan
1723,45.608067760988554,51.26088793141971,6955,3,stroke_nan
1724,44.393598455357186,55.65501944228482,6735,3,stroke_nan
1725,52.99639457553122,65.46246020853604,4850,2,octagram
1726,62.2865846523314,71.34344213897475,4710,2,octagram
1727,59.29154536659143,49.032514404170676,8023,4,stroke_kai
1728,55.21448854263055,64.68343938182014,4819,2,octagram
1729,61.14279336085739,72.4875729535024,3477,1,inner_ring
1730,57.77280159205398,65.59794531268174,4783,2,octagram
1731,61.24340736302072,70.55331019434597,4721,2,octagram
1732,53.46372649672186,65.43434036031016,4838,2,octagram
1733,56.642753382112126,66.00395332240521,4805,2,octagram
1734,52.814183261820105,43.34747954474839,7374,3,stroke_nan
1735,49.043777703945,28.17974353561246,5853,2,octagram
1736,51.93899300551794,36.24177471114857,7510,3,stroke_nan
1737,69.72323056690789,32.95684277254494,6233,2,octagram
1738,48.28039368492042,31.00426251272491,5861,2,octagram
1739,47.095836943964024,19.39842672969429,10961,5,text_en_1919
1740,39.26835126237367,32.059238620333346,5656,2,octagram
1741,37.14189305609817,36.403804363821365,5603,2,octagram
1742,33.18817261277916,37.529062479424674,5538,2,octagram
1743,29.38959906809199,32.95913999079884,3912,1,inner_ring
1744,37.62067715546358,47.78503330963042,7062,3,stroke_nan
1745,23.764652754528065,44.221017306144915,10560,5,text_en_1919
1746,39.07283342222764,43.360871748166,7291,3,stroke_nan
1747,27.91465584500506,44.07467054683221,10540,5,text_en_1919
1748,32.47794578963927,39.11280916255855,5465,2,octagram
1749,23.214168710900378,37.59922222095781,10712,5,text_en_1919
1750,32.29156490178101,15.895269653718694,1425,0,outer_ring
1751,40.49750823334613,26.246306183100483,5749,2,octagram
1752,49.24405294538877,4.740640932585924,1866,0,outer_ring
1753,48.60258279121214,16.326796978172986,11214,5,text_en_1919
1754,49.60227594134211,27.350727819762547,5854,2,octagram
1755,49.13647860756359,22.111058570972915,4091,1,inner_ring
1756,49.925245944341455,24.749521873487463,4094,1,inner_ring
1757,47.93722368478577,33.96505372770539,7567,3,stroke_nan
1758,56.24614432366758,30.938463435341518,5924,2,octagram
1759,56.40357685016416,44.606110793270176,8177,4,stroke_kai
1760,50.98255691348177,39.131417604350794,7443,3,stroke_nan
1761,63.9249746187752,44.55314834618914,8187,4,stroke_kai
1762,56.324785055923215,48.19046285658121,8054,4,stroke_kai
1763,63.987152576583156,52.39484609737064,7855,4,stroke_kai
1764,70.80968869115075,38.0521238638782,6391,2,octagram
1765,69.51899055877067,56.46658690347497,7761,4,stroke_kai
1766,65.93199337569166,58.52181606898359,7669,4,stroke_kai
1767,70.7623042569783,65.07663746388108,4589,2,octagram
1768,50.6283585617,75.52993842441558,3555,1,inner_ring
1769,45.79683479066781,90.92409110331374,907,0,outer_ring
1770,53.605173621254906,91.52792450498148,383,0,outer_ring
1771,53.03539505715025,87.0110491848302,425,0,outer_ring
1772,54.495607938439846,85.41023434180757,8591,5,text_en_1919
1773,56.5962748450134,91.48393716688675,249,0,outer_ring
1774,45.25364637137996,91.99523998811243,928,0,outer_ring
1775,49.3797099590801,81.3625530190581,8684,5,text_en_1919
1776,46.61033783913848,86.22175772461944,923,0,outer_ring
1777,41.97304277479815,73.43298991008174,3615,1,inner_ring
1778,43.62569132873722,68.47975583727104,5018,2,octagram
1779,27.98628308355031,64.50453261510565,9665,5,text_en_1919
1780,28.55486411823984,65.0076057495418,9671,5,text_en_1919
1781,32.44893368370025,59.31529705964486,5156,2,octagram
1782,56.98180233673138,91.54818478762903,233,0,outer_ring
1783,61.84775757746853,94.15061373333589,86,0,outer_ring
1784,62.52367753277052,92.31330697119346,76,0,outer_ring
1785,57.1653006836617,91.78226993283022,223,0,outer_ring
1786,64.33980156547344,89.21908367195257,8635,5,text_en_1919
1787,71.38990937867611,79.58595572049312,9257,5,text_en_1919
1788,69.66834611659694,81.44509905801795,9140,5,text_en_1919
1789,77.10609491832444,78.77301513096297,9270,5,text_en_1919
1790,66.34962478950219,80.17539323029244,9113,5,text_en_1919
1791,69.19981853876638,66.83725780603851,4605,2,octagram
1792,72.24024552307989,67.85391752333754,4606,2,octagram
1793,64.24772304668757,53.51297546310775,7866,4,stroke_kai
1794,83.88822415948216,57.00601535416941,9876,5,text_en_1919
1795,90.3938477968616,59.33342722354399,9790,5,text_en_1919
1796,85.23019565149704,53.708948965248624,9958,5,text_en_1919
1797,88.95974312140005,49.509141121604564,10124,5,text_en_1919
1798,86.46350940212031,53.59125110581353,9969,5,text_en_1919
1799,94.90224213537154,43.417579804321534,10479,5,text_en_1919
1800,97.63856796025293,49.76018411323131,10090,5,text_en_1919
1801,89.38552458548884,51.14165464566229,10073,5,text_en_1919
1802,62.6813189264882,42.97313174176682,8233,4,stroke_kai
1803,51.21633690374678,30.064753725143973,5878,2,octagram
1804,63.754799347107195,24.127662106104875,6063,2,octagram
1805,63.96263051606134,40.58283290351579,8287,4,stroke_kai
1806,73.57145125055996,48.64133255722917,6480,2,octagram
1807,67.41987280771869,32.56495153265775,6195,2,octagram
1808,81.06558690873142,45.84529190988581,10346,5,text_en_1919
1809,74.19928464612772,43.09861076454411,6409,2,octagram
1810,77.19025195807458,38.703513024723684,4381,1,inner_ring
1811,75.40133071434214,25.757764735714428,4305,1,inner_ring
1812,62.66913586621169,22.464160399800058,6034,2,octagram
1813,65.72495488398819,11.322158732213326,11292,5,text_en_1919
1814,70.74653673193522,8.521706978401062,3207,0,outer_ring
1815,56.56632928766113,5.295740660178518,2512,0,outer_ring
1816,55.25311652339398,9.054958964360539,2421,0,outer_ring
1817,55.57755802856602,2.7563551399549753,2419,0,outer_ring
1818,48.2445153736971,11.286686169862381,1735,0,outer_ring
1819,47.35796463375332,5.1006214591326255,1734,0,outer_ring
1820,53.73637756437093,5.296114241757026,2252,0,outer_ring
1821,58.098762829303496,7.2149437397411775,2626,0,outer_ring
1822,60.11969130985803,7.518826300538905,2766,0,outer_ring
1823,58.96964799339167,9.408632566004691,2715,0,outer_ring
1824,55.67462553264135,6.247309973572683,2442,0,outer_ring
1825,52.358390718029455,9.483885605560845,2113,0,outer_ring
1826,52.91419908224893,7.260672676456946,2178,0,outer_ring
1827,57.234391809802226,3.3856252163097262,2547,0,outer_ring
1828,54.95191599775895,5.232931640495226,2372,0,outer_ring
1829,50.70910593253949,7.0504010397643055,1975,0,outer_ring
1830,55.82512378344661,9.35317239283969,2470,0,outer_ring
1831,66.85456102723268,10.855586428016318,3118,0,outer_ring
1832,61.127066802278605,13.505761763139947,11067,5,text_en_1919
1833,64.9908210780226,14.394583778011443,11068,5,text_en_1919
1834,69.17899877796256,10.689913146403375,3206,0,outer_ring
1835,79.72575347964695,39.65363377801051,4391,1,inner_ring
1836,74.81837992889604,28.09043910348054,4320,1,inner_ring
1837,75.05529603101151,34.52120583598059,6320,2,octagram
1838,68.77245391851339,7.699737390257248,3153,0,outer_ring
1839,68.45346002226358,9.09580357318475,3164,0,outer_ring
1840,44.46146293205685,17.70208076256141,11094,5,text_en_1919
1841,42.04564521299002,12.406977721056096,1522,0,outer_ring
1842,87.49939790182356,45.37883236272233,10371,5,text_en_1919
1843,48.29871581466731,93.50134798364029,694,0,outer_ring
1844,51.878575111785,89.55496142021713,488,0,outer_ring
1845,47.76700064942182,90.06959324372195,775,0,outer_ring
1846,57.769857944039074,92.82425133876721,193,0,outer_ring
1847,45.25386127048602,90.65373401878503,944,0,outer_ring
1848,45.12232128164933,89.07986304282556,972,0,outer_ring
1849,41.892131111118225,86.61616357577893,1142,0,outer_ring
1850,29.999659388023407,90.12507456917325,1343,0,outer_ring
1851,41.52141395813789,89.18219270651147,1122,0,outer_ring
1852,44.11492752207058,74.7129779603072,4969,2,octagram
1853,28.549572770240264,72.37007638788388,9508,5,text_en_1919
1854,37.40822749066581,61.40841933498286,5095,2,octagram
1855,26.90811079324961,68.61699290840512,9593,5,text_en_1919
1856,21.052270677225042,61.846918453133746,9775,5,text_en_1919
1857,19.58451665422038,61.14881460530192,9912,5,text_en_1919
1858,24.920616074609836,59.89783389726439,9839,5,text_en_1919
1859,31.095877540411124,59.02847557783418,5168,2,octagram
1860,27.04253446928895,56.55387879690482,3754,1,inner_ring
1861,33.47335836775998,52.22957846684345,5306,2,octagram
1862,38.96383864328378,53.58394174144072,6813,3,stroke_nan
1863,33.91601200422524,52.313420340408655,5308,2,octagram
1864,46.08278345343253,45.293935093573175,7180,3,stroke_nan
1865,45.040735661809954,49.269061510543736,7046,3,stroke_nan
1866,46.29846715020404,51.26193993183078,6956,3,stroke_nan
1867,50.726454225571246,62.67741199131708,6584,3,stroke_nan
1868,50.80381689295903,83.14986202066798,8603,5,text_en_1919
1869,53.24040626659727,63.62299993331396,4836,2,octagram
1870,58.40902523292091,72.88975028519944,3499,1,inner_ring
1871,66.08760416437536,77.07567672636866,9309,5,text_en_1919
1872,45.92847482115668,71.33019472697463,4991,2,octagram
1873,53.45551535374185,79.82509726578863,8974,5,text_en_1919
1874,63.796480153661484,69.82301398406211,4674,2,octagram
1875,52.30777078006794,45.5391693279806,7167,3,stroke_nan
1876,51.81133261395562,31.879756115513274,7559,3,stroke_nan
1877,44.35683259326215,30.645338423389198,5698,2,octagram
1878,53.79771385130266,35.25527679255588,5908,2,octagram
1879,47.016136939156624,48.69465373726217,6999,3,stroke_nan
1880,47.0069073419989,21.313346496914424,10921,5,text_en_1919
1881,40.43757580962925,29.839519659283816,5695,2,octagram
1882,42.50936465460894,17.911521635355964,11062,5,text_en_1919
1883,29.63651261333392,40.98628075881628,3866,1,inner_ring
1884,28.58006380953716,45.68942890485301,3836,1,inner_ring
1885,30.24948102998663,39.77797420118452,5470,2,octagram
1886,33.29775428433761,42.44477819283672,5431,2,octagram
1887,37.531033443128536,45.335897631746725,7188,3,stroke_nan
1888,43.189264449558095,56.42020688735631,6697,3,stroke_nan
1889,31.3803483431869,25.000931856198562,3976,1,inner_ring
1890,30.431184313996386,31.081183023664092,3934,1,inner_ring
1891,27.89542842468178,19.067291236493013,1416,0,outer_ring
1892,28.628617551312185,23.508530263781008,10857,5,text_en_1919
1893,40.023905632684716,32.6257234096912,5647,2,octagram
1894,43.81522875409906,28.183155553053112,5740,2,octagram
1895,54.309772357726565,9.16252985543177,2321,0,outer_ring
1896,54.014599640325166,10.652199444392512,2292,0,outer_ring
1897,53.62031424268877,17.539818624260405,11276,5,text_en_1919
1898,59.15175290451044,16.9164308869531,11181,5,text_en_1919
1899,57.03248393588487,29.51937243775444,5944,2,octagram
1900,61.61710480201275,25.471315502035463,6064,2,octagram
1901,59.25126597932581,36.56184109199316,8464,4,stroke_kai
1902,59.84012060347518,47.72501972582898,8058,4,stroke_kai
1903,63.47515927923394,50.57401340423411,7921,4,stroke_kai
1904,60.46938352068015,45.80390748678566,8139,4,stroke_kai
1905,65.57927624307194,47.34851824232667,8049,4,stroke_kai
1906,68.52443707427202,53.724846964287686,7778,4,stroke_kai
1907,63.00814152016256,55.82268118642102,7800,4,stroke_kai
1908,62.08279384390497,56.407543807798696,7786,4,stroke_kai
1909,64.17443547983804,71.8994945397282,4698,2,octagram
1910,40.38761013583773,74.88948642581785,3621,1,inner_ring
1911,45.63390682491848,83.12997078824831,8868,5,text_en_1919
1912,53.05593798603108,91.25518984814983,412,0,outer_ring
1913,53.37992216222564,89.57013152670467,401,0,outer_ring
1914,52.34061602552608,85.41709927966755,8610,5,text_en_1919
1915,55.26282044407058,84.90387233906687,8639,5,text_en_1919
1916,55.61479532963447,88.26039882729935,286,0,outer_ring
1917,51.41492142411006,80.9490705669413,8845,5,text_en_1919
1918,45.48740337546153,70.03206108048664,5005,2,octagram
1919,45.06061462035348,78.58630297907484,3592,1,inner_ring
1920,46.946144742921014,72.2426300289881,4926,2,octagram
1921,37.27691939256928,61.82659117627436,5098,2,octagram
1922,27.48819483380243,57.16102601562248,3750,1,inner_ring
1923,39.34269593085508,58.8343291460842,6701,3,stroke_nan
1924,52.504945240759554,92.01459229092691,440,0,outer_ring
1925,62.294889214308185,91.44881240796605,78,0,outer_ring
1926,58.664842220542944,90.54600750852366,163,0,outer_ring
1927,66.70432402567137,88.06995501641998,8682,5,text_en_1919
1928,62.42249022033834,83.86261025468426,8851,5,text_en_1919
1929,69.27270805437571,84.63640951317043,8910,5,text_en_1919
1930,60.12470045259703,86.62507405342129,8738,5,text_en_1919
1931,75.44061384929961,79.92756126718663,9161,5,text_en_1919
1932,73.54084915568981,66.03730431648083,4592,2,octagram
1933,81.19233050895265,64.36358194477185,9687,5,text_en_1919
1934,69.98463985583447,66.5503333816451,4601,2,octagram
1935,83.43748803925557,54.65484188764998,3293,1,inner_ring
1936,82.34758011021604,55.23974539948777,3296,1,inner_ring
1937,88.34927097604414,54.911325897181435,9910,5,text_en_1919
1938,85.21606344543243,50.683572040637976,3261,1,inner_ring
1939,89.87730675799494,63.26525313890769,9712,5,text_en_1919
1940,89.43529654284458,55.79690256394055,9864,5,text_en_1919
1941,85.27292557153937,45.99927890969681,10350,5,text_en_1919
1942,98.58240405196962,45.973736949834624,10183,5,text_en_1919
1943,94.82775099169811,48.40322739750836,10162,5,text_en_1919
1944,46.00466213736245,41.781969986762874,7344,3,stroke_nan
1945,52.55273920146376,21.821177120325427,11073,5,text_en_1919
1946,61.874112108485676,47.815202740529664,8041,4,stroke_kai
1947,62.28706015288863,28.307851200860277,6088,2,octagram
1948,72.63875404937097,41.39472498984412,6402,2,octagram
1949,68.5756136587403,30.98419034197414,6205,2,octagram
1950,89.26377411017111,33.98204970091169,10734,5,text_en_1919
1951,70.68359405285676,33.79094833646026,6246,2,octagram
1952,65.76705051330761,22.217141972604708,6100,2,octagram
1953,62.600442941729646,20.69476452684612,6039,2,octagram
1954,73.51543031497866,31.78538917925389,6279,2,octagram
1955,63.386038130388094,18.613766456501523,4189,1,inner_ring
1956,54.37856264230187,11.117208732284933,2334,0,outer_ring
1957,58.936869840185764,8.318814971070756,2699,0,outer_ring
1958,59.54857665895295,3.963271383533472,2702,0,outer_ring
1959,47.25493383951953,10.250731116867502,1688,0,outer_ring
1960,49.62127941150808,11.695010442131418,1845,0,outer_ring
1961,52.658988669601264,9.781724019969749,2149,0,outer_ring
1962,54.20616939522735,6.91579357303963,2304,0,outer_ring
1963,50.86866745329276,4.713847717369255,2003,0,outer_ring
1964,55.11423430241277,16.48809126227645,11155,5,text_en_1919
1965,59.33050410013006,6.430686627301407,2712,0,outer_ring
1966,57.611678754313076,5.813017408141081,2586,0,outer_ring
1967,48.57797885674368,4.688577197672408,1820,0,outer_ring
1968,55.517306389867095,6.473801701733515,2429,0,outer_ring
1969,54.65675613280708,3.0839466323897256,2339,0,outer_ring
1970,53.79891944216519,1.5371622992269514,2255,0,outer_ring
1971,53.32837603621136,8.282002575353788,2217,0,outer_ring
1972,58.376785890993375,11.15288909627226,2681,0,outer_ring
1973,60.402122670504866,10.074375569665964,2820,0,outer_ring
1974,63.7579155457171,15.91543695161885,10899,5,text_en_1919
1975,65.12868577176917,12.210823781515018,11146,5,text_en_1919
1976,73.93946278556336,32.799518160558065,6287,2,octagram
1977,79.15069543448023,35.441959190618526,4367,1,inner_ring
1978,78.55311640125764,51.77046664114288,6537,2,octagram
1979,65.87282033679149,5.488004549863852,3005,0,outer_ring
1980,71.36526896972357,24.139784347479452,4276,1,inner_ring
1981,72.78759395079432,19.913096721487346,4263,1,inner_ring
1982,43.379374813708054,21.473513914406904,10918,5,text_en_1919
1983,43.69875981406211,20.193113506521144,10929,5,text_en_1919
1984,90.41106152328665,46.43099474541624,10246,5,text_en_1919
1985,49.97503719543171,88.04109708899941,614,0,outer_ring
1986,56.50583891253051,93.75487280978676,255,0,outer_ring
1987,41.389695174206935,89.40275581696723,1124,0,outer_ring
1988,54.83070840553774,85.09310497115649,8617,5,text_en_1919
1989,47.6460273922613,91.45558594827553,771,0,outer_ring
1990,46.06677346407684,91.22733748026414,880,0,outer_ring
1991,43.57427611467712,87.5845148314127,1063,0,outer_ring
1992,40.92818636136196,87.67900605610228,1164,0,outer_ring
1993,35.48510158445439,83.59064235209604,1323,0,outer_ring
1994,42.152371334894184,67.4665655784178,5032,2,octagram
1995,29.048432379420184,72.99805656063955,9491,5,text_en_1919
1996,23.946308372049867,74.62749141686916,9444,5,text_en_1919
1997,29.121504383826206,68.19976509458347,9617,5,text_en_1919
1998,17.888994616883235,67.0651742070829,9599,5,text_en_1919
1999,27.988694188674586,56.87358828607213,3751,1,inner_ring
2000,18.14385193118945,57.62193236493389,9971,5,text_en_1919
2001,24.448419258987286,46.31394995595739,10483,5,text_en_1919
2002,27.639229632468727,48.75152940610165,3819,1,inner_ring
2003,31.54693948513694,51.090599602613906,5303,2,octagram
2004,32.4497916813823,48.883402814871594,5343,2,octagram
2005,31.41595316937058,51.62430722127546,5297,2,octagram
2006,36.44038210158051,48.75284243679381,5365,2,octagram
2007,40.91596754000281,55.448385798832796,6760,3,stroke_nan
2008,49.85589316797999,50.71184749891809,6930,3,stroke_nan
2009,42.07823727574775,60.37778515166035,6610,3,stroke_nan
2010,57.85443641702056,64.73292541519474,4785,2,octagram
2011,59.07021969225005,67.85789188853211,4758,2,octagram
2012,54.546158577515634,63.85491956829657,4832,2,octagram
2013,64.53838323478243,60.823920428802936,7612,4,stroke_kai
2014,64.0002587528979,72.98643872260389,4697,2,octagram
2015,60.39239996265729,75.96829319655642,9220,5,text_en_1919
2016,61.347148669371684,61.96140688626987,7578,4,stroke_kai
2017,52.69735872659734,55.74693444154041,6641,3,stroke_nan
2018,50.04707535840591,39.64484410983041,7369,3,stroke_nan
2019,46.83518084843863,26.87077075378551,5821,2,octagram
2020,50.05500886386639,36.736285433392325,7482,3,stroke_nan
2021,52.28215385437821,40.25249557525021,7433,3,stroke_nan
2022,41.91046273309399,31.70619641622446,5669,2,octagram
2023,34.88102734451129,28.174210589516974,3982,1,inner_ring
2024,41.56489805579928,26.8563618814592,5745,2,octagram
2025,41.97171809171979,38.43870151351692,7417,3,stroke_nan
2026,31.871702612528864,37.83141086695376,5485,2,octagram
2027,25.861041910891206,35.07752153236001,10758,5,text_en_1919
2028,32.48467535472331,39.88924749164237,5459,2,octagram
2029,42.48540659244812,40.66822557956336,7326,3,stroke_nan
2030,34.771687134502066,47.38285572418869,5373,2,octagram
2031,27.223999772231835,36.96759511957678,10727,5,text_en_1919
2032,23.345433957415466,38.786683439481756,10709,5,text_en_1919
2033,20.81485566215615,31.23918154255408,10799,5,text_en_1919
2034,33.59785640728165,27.496375601184663,3975,1,inner_ring
2035,33.23875460811987,14.36790089629788,1431,0,outer_ring
2036,42.21282149637657,14.003000809059495,1516,0,outer_ring
2037,42.404164863345756,28.68163849442414,5733,2,octagram
2038,50.35404662533099,6.967757017181551,1945,0,outer_ring
2039,53.12726663170723,10.364745619526998,2190,0,outer_ring
2040,53.311061422585745,7.032965280126141,2213,0,outer_ring
2041,50.203653979735016,18.928800605411677,11005,5,text_en_1919
2042,57.36441424018825,42.85250640892252,8219,4,stroke_kai
2043,58.46845458694634,36.645615640623184,8575,4,stroke_kai
2044,60.198139478919295,47.971664575858526,8045,4,stroke_kai
2045,56.439264725555,43.6340206293119,8195,4,stroke_kai
2046,62.998986123244265,40.95568231252908,8264,4,stroke_kai
2047,67.01932302501655,47.361173917990996,8066,4,stroke_kai
2048,76.02150626409963,49.265350332168666,6495,2,octagram
2049,64.46717251923907,57.436715334774405,7737,4,stroke_kai
2050,66.87614050247379,66.94596944195678,4616,2,octagram
2051,61.60707001540291,69.74992795193103,4724,2,octagram
2052,45.37259991966462,76.06087906555312,4958,2,octagram
2053,46.82511629492409,89.57023434828697,843,0,outer_ring
2054,53.25749273664076,83.20589677933977,8756,5,text_en_1919
2055,53.8632894553882,94.89492504649287,367,0,outer_ring
2056,47.71715589665655,85.40796920367785,839,0,outer_ring
2057,53.85657392237099,87.53664025690453,378,0,outer_ring
2058,55.10424236510663,84.80716285112861,8631,5,text_en_1919
2059,54.643845795857786,82.41845532055811,8847,5,text_en_1919
2060,46.8041078714278,77.85186989467712,3576,1,inner_ring
2061,45.300032135191735,73.21152933224735,4980,2,octagram
2062,50.0598892692554,73.48906053923112,3559,1,inner_ring
2063,37.199595583166015,63.77274972747151,5087,2,octagram
2064,31.873001091039885,59.6973068556312,5159,2,octagram
2065,34.99264034689421,65.17275487519446,5077,2,octagram
2066,56.02888347421498,91.22242159232106,267,0,outer_ring
2067,57.67920065424599,92.5372013805784,196,0,outer_ring
2068,57.3108261515414,95.09775165601172,220,0,outer_ring
2069,63.46263173499216,87.9735855875114,8662,5,text_en_1919
2070,68.08065910738705,90.42883366160027,21,0,outer_ring
2071,69.34094809316974,82.61592863223191,9041,5,text_en_1919
2072,67.2127207746613,80.73664381202485,9139,5,text_en_1919
2073,72.72094582802539,66.05556158428888,4597,2,octagram
2074,65.97000418180535,68.90764696205294,4666,2,octagram
2075,77.14520405988227,70.79623183501292,9464,5,text_en_1919
2076,75.4899470922171,62.33560938834771,4514,2,octagram
2077,82.74359521271961,55.50313135719315,3297,1,inner_ring
2078,85.338790847999,66.04691617087367,9533,5,text_en_1919
2079,79.71004720470849,52.11532759307063,6546,2,octagram
2080,84.88061313687105,51.55800994269125,3271,1,inner_ring
2081,87.35662641948362,47.46706140739618,10297,5,text_en_1919
2082,85.35688725059948,57.03910061960586,9861,5,text_en_1919
2083,88.03288862729686,52.12248520339779,10052,5,text_en_1919
2084,96.14895597886745,49.88331948832897,10079,5,text_en_1919
2085,85.28952002004525,50.470446776927545,10121,5,text_en_1919
2086,48.50192448570301,20.425200197280333,10962,5,text_en_1919
2087,59.37169036217474,40.15691579719991,8333,4,stroke_kai
2088,65.8744562521219,38.361654719933206,8372,4,stroke_kai
2089,60.45512076284148,37.26544663868059,8416,4,stroke_kai
2090,59.94161813568755,22.26139126454997,4167,1,inner_ring
2091,66.39425477233556,22.316743482426105,6106,2,octagram
2092,77.550459069707,51.57442839376511,6530,2,octagram
2093,82.44909799396444,47.67426229405807,3244,1,inner_ring
2094,75.26110118130603,24.556430955951928,4297,1,inner_ring
2095,84.27514128147466,38.82069828214626,10658,5,text_en_1919
2096,74.38592603773219,36.8658936403299,6354,2,octagram
2097,66.08721964855484,15.558092234418934,10888,5,text_en_1919
2098,62.65776045915813,22.14688851583032,6033,2,octagram
2099,50.759481035188635,13.69888075540568,1942,0,outer_ring
2100,49.84956872273352,9.779551133024851,1883,0,outer_ring
2101,55.18012972305769,6.715240460161251,2399,0,outer_ring
2102,52.666749712005306,11.549682743255309,2146,0,outer_ring
2103,42.82059675884152,7.934289858273254,1553,0,outer_ring
2104,48.20803874611012,7.10245928325996,1771,0,outer_ring
2105,52.089854320580216,7.0625117311258006,2094,0,outer_ring
2106,64.46842028547924,15.212106565926293,10895,5,text_en_1919
2107,61.11185755330261,7.460681093259819,2832,0,outer_ring
2108,51.24839416121658,15.29620528114886,1980,0,outer_ring
2109,58.2671854740438,10.338519503863228,2663,0,outer_ring
2110,53.319809162407466,8.186869395346246,2215,0,outer_ring
2111,51.22125709506473,9.995041208393278,2009,0,outer_ring
2112,52.931722276278435,9.902421152755768,2177,0,outer_ring
2113,54.55539638923186,7.036127583182895,2345,0,outer_ring
2114,62.19233329084635,1.8185243194294,2836,0,outer_ring
2115,64.56742507149046,4.46322306258087,2949,0,outer_ring
2116,64.93114397684629,7.467006807848222,2980,0,outer_ring
2117,66.31264361351606,10.020818649725685,3078,0,outer_ring
2118,76.73511637701321,28.653597827562706,4330,1,inner_ring
2119,67.62187916563543,11.980595177120652,11103,5,text_en_1919
2120,77.76417031215685,23.23593580178793,10801,5,text_en_1919
2121,76.91639713368619,22.108948415335842,10815,5,text_en_1919
2122,66.51266243316002,8.821258138473539,3073,0,outer_ring
2123,66.2961803534483,6.380904031696506,3034,0,outer_ring
2124,41.86839942520489,11.198442320613117,1525,0,outer_ring
2125,36.49230318956666,24.60476834975446,4020,1,inner_ring
2126,84.34200432664326,51.42714520786069,3270,1,inner_ring
2127,51.226516203913356,92.13608974547239,518,0,outer_ring
2128,43.6630510946411,90.71198845541794,1026,0,outer_ring
2129,40.46349062068052,89.09730910550797,1163,0,outer_ring
2130,57.02592559498182,92.88746397607633,232,0,outer_ring
2131,50.799587570469356,94.80439558935191,529,0,outer_ring
2132,42.836515988837796,90.33194487327101,1062,0,outer_ring
2133,39.55243308004401,89.39713597276736,1185,0,outer_ring
2134,42.417623927591904,68.63361094858386,5023,2,octagram
2135,36.89537832963735,84.29925782894016,1299,0,outer_ring
2136,37.92770316187748,88.53137625787458,1235,0,outer_ring
2137,35.41944548782426,64.85381434694307,5081,2,octagram
2138,33.6471711439208,72.36828051704488,3656,1,inner_ring
2139,25.062678923643496,63.09697096893559,9726,5,text_en_1919
2140,22.693500242342957,60.89137410865012,9892,5,text_en_1919
2141,19.407132691900586,43.83114564710302,10598,5,text_en_1919
2142,24.050958863407125,60.741011805492,9846,5,text_en_1919
2143,21.366921776435714,44.49874648879532,10581,5,text_en_1919
2144,20.767257097009526,49.44222053716512,10305,5,text_en_1919
2145,21.33653429071921,50.47454872051597,10190,5,text_en_1919
2146,30.0291635232256,50.53881393453827,5301,2,octagram
2147,32.078396332641965,50.08488527227789,5323,2,octagram
2148,38.586494817738235,49.06316751651459,6990,3,stroke_nan
2149,41.30580237006813,47.58489934866689,7071,3,stroke_nan
2150,39.30499660840564,45.78929552887546,7143,3,stroke_nan
2151,51.15759782348322,56.65561663135509,6708,3,stroke_nan
2152,52.190232594834626,58.732515412275845,6627,3,stroke_nan
2153,56.7439705815362,56.201101644817115,7674,4,stroke_kai
2154,57.64945796304928,56.79219550231937,7671,4,stroke_kai
2155,51.04200598791004,53.284985372014134,6905,3,stroke_nan
2156,59.33771118708528,67.05117605604124,4763,2,octagram
2157,53.90883441173643,72.00610890306027,3532,1,inner_ring
2158,63.63616986562614,72.125140824933,4700,2,octagram
2159,57.09201154856188,42.83404531512536,8235,4,stroke_kai
2160,50.656369851554444,47.12435356340581,7114,3,stroke_nan
2161,47.64627002425945,32.506664699206056,7566,3,stroke_nan
2162,44.65404960449955,40.85839231975525,7360,3,stroke_nan
2163,55.592314532364554,37.26878838598288,8507,4,stroke_kai
2164,36.32740516129496,24.21122094506801,4021,1,inner_ring
2165,41.87962731830382,37.02694420143098,5636,2,octagram
2166,43.470560618501295,31.61728783050068,5678,2,octagram
2167,45.8427677128466,19.953798838555016,10937,5,text_en_1919
2168,29.55043853862938,36.64688050821651,3894,1,inner_ring
2169,29.756411955806644,34.095420611214536,3903,1,inner_ring
2170,33.507095028622025,46.45015003180808,5391,2,octagram
2171,40.978674137115874,41.168209827565306,7317,3,stroke_nan
2172,38.39147961115934,45.62726781968508,7183,3,stroke_nan
2173,30.496513990482526,34.77266420387788,5515,2,octagram
2174,20.213513773258086,33.75097098248173,10787,5,text_en_1919
2175,42.41171146626501,20.08335388418067,11046,5,text_en_1919
2176,36.47946819936523,22.974552610659767,10874,5,text_en_1919
2177,38.413670356006186,14.98294110653021,1453,0,outer_ring
2178,41.56986425685028,26.313231591331512,5752,2,octagram
2179,50.80936525678574,16.864372341046487,11241,5,text_en_1919
2180,62.00685693720602,11.767742863820233,11174,5,text_en_1919
2181,54.04759767565546,19.812661959343714,11131,5,text_en_1919
2182,51.80788729243612,20.183830652551208,11107,5,text_en_1919
2183,57.92725315542558,30.761544575341805,5971,2,octagram
2184,57.63521173740425,41.65149999558437,8262,4,stroke_kai
2185,63.31174841081499,45.77494027472931,8129,4,stroke_kai
2186,60.80657294984368,57.32589510199955,7773,4,stroke_kai
2187,67.33588933488075,42.005636826640874,8272,4,stroke_kai
2188,57.80996298892837,52.92206708307469,7903,4,stroke_kai
2189,67.34205854400263,43.00858383252285,8222,4,stroke_kai
2190,71.54076090149333,48.50780039949927,6473,2,octagram
2191,70.20626600084782,63.36159391381545,4572,2,octagram
2192,65.18974007724665,55.948392044864605,7795,4,stroke_kai
2193,66.46920611859048,76.19045747167262,9320,5,text_en_1919
2194,43.69047015623825,75.71517978964987,4968,2,octagram
2195,46.65916291386559,84.7363402057522,943,0,outer_ring
2196,41.86580804108434,87.7378938083379,1127,0,outer_ring
2197,53.587115586929734,82.59660832674395,8824,5,text_en_1919
2198,56.01024387609222,83.95762152862895,8679,5,text_en_1919
2199,56.22589172354757,85.04626558774355,8587,5,text_en_1919
2200,53.753211355737136,92.34773623178407,375,0,outer_ring
2201,49.85030608990017,68.59555634514078,4883,2,octagram
2202,53.26540541284014,80.24041742774213,8961,5,text_en_1919
2203,45.833931462401985,90.44340744034,914,0,outer_ring
2204,44.3123400562086,90.48930094121519,999,0,outer_ring
2205,32.260412923848584,57.748809777364364,5194,2,octagram
2206,38.32286712296594,66.40882353581237,5065,2,octagram
2207,28.8001336055211,63.55661201308645,3714,1,inner_ring
2208,55.18624179092067,84.13264850446348,8669,5,text_en_1919
2209,54.236170281028905,91.52810019601291,355,0,outer_ring
2210,64.27914359685902,96.88464372983915,61,0,outer_ring
2211,63.6098972744168,82.90675649549237,8979,5,text_en_1919
2212,69.20341488804735,83.75657384054156,9005,5,text_en_1919
2213,73.85158087597021,82.04922622872051,9076,5,text_en_1919
2214,63.8475059869287,79.00457007594328,9179,5,text_en_1919
2215,68.36328035030684,68.0609183831223,4625,2,octagram
2216,69.36430249557007,73.08140699039406,3434,1,inner_ring
2217,75.49684102189227,68.29836135714798,3381,1,inner_ring
2218,77.9536748965004,64.80652369691435,3354,1,inner_ring
2219,80.68099301242404,70.73131238842356,9485,5,text_en_1919
2220,79.0473080205472,56.37501767095471,4443,2,octagram
2221,84.24179481817795,61.23621206306026,9757,5,text_en_1919
2222,87.16789618056426,57.13514939338915,9849,5,text_en_1919
2223,87.37994320870263,64.24021367522484,9574,5,text_en_1919
2224,92.96535166429355,58.458137237026264,9816,5,text_en_1919
2225,90.03495307824868,47.52007575113442,10181,5,text_en_1919
2226,82.08439730694862,52.326827246989765,3283,1,inner_ring
2227,89.99863168645501,44.621159756611235,10375,5,text_en_1919
2228,55.05691585217009,35.35592980883602,8543,4,stroke_kai
2229,56.65050133233566,22.33970189961625,4140,1,inner_ring
2230,64.5790713938878,24.53188315391629,6124,2,octagram
2231,60.626250805153745,35.135656178042005,8461,4,stroke_kai
2232,83.01922413144786,35.694623700607025,10691,5,text_en_1919
2233,69.03251739967742,31.510266343844446,6212,2,octagram
2234,73.49100895562283,32.0413593660418,6282,2,octagram
2235,87.15002601762065,33.353955069682,10707,5,text_en_1919
2236,80.79583256057373,46.63920514379927,10291,5,text_en_1919
2237,72.7963454942627,34.40756335281916,6283,2,octagram
2238,67.2266435205832,29.4856928773186,6181,2,octagram
2239,78.65478965351738,51.28441590883553,6533,2,octagram
2240,58.97220045692085,16.99287239120995,11111,5,text_en_1919
2241,57.66180701304213,5.689637776035845,2592,0,outer_ring
2242,56.88734525816666,7.763770200417374,2550,0,outer_ring
2243,48.55470071665249,16.03409613608922,11238,5,text_en_1919
2244,45.349434218556304,10.146498922338349,1602,0,outer_ring
2245,47.685360431448785,13.647798185594379,11344,5,text_en_1919
2246,53.982172485886906,11.630387821319713,2289,0,outer_ring
2247,57.411958607129876,16.51972589736559,11162,5,text_en_1919
2248,58.29496697680076,10.256938644263242,2664,0,outer_ring
2249,55.810659740077,11.421966944292615,2481,0,outer_ring
2250,57.56040251548411,8.457635217254479,2604,0,outer_ring
2251,54.05308621124937,5.113453047836348,2283,0,outer_ring
2252,48.718311685950404,8.870269349020196,1794,0,outer_ring
2253,46.24389633764725,8.293389666812246,1656,0,outer_ring
2254,45.597385926168464,7.656969478070239,1639,0,outer_ring
2255,53.82486217218833,8.568494416182858,2267,0,outer_ring
2256,58.65495378961311,10.237276425760728,2697,0,outer_ring
2257,63.204826672651336,13.399880781815089,11136,5,text_en_1919
2258,65.18439653407148,9.015275253977734,3014,0,outer_ring
2259,66.37129921265611,9.278665467519309,3072,0,outer_ring
2260,69.53688428428812,30.49465076078634,6218,2,octagram
2261,74.35356076016126,37.8529718935742,6367,2,octagram
2262,79.88292772962176,34.71662644713192,10678,5,text_en_1919
2263,69.46602153292251,19.6806360670592,4236,1,inner_ring
2264,68.99316139538989,7.9242944282164505,3169,0,outer_ring
2265,69.60834681114115,7.11992303555985,3176,0,outer_ring
2266,37.35130281509621,27.332331590845524,4013,1,inner_ring
2267,44.207615023223674,23.583518604419293,4064,1,inner_ring
2268,89.89932647164706,47.70105889016553,10134,5,text_en_1919
2269,50.27622253431648,88.27990793894048,590,0,outer_ring
2270,52.096885172767436,90.7968586523756,464,0,outer_ring
2271,47.246416040503924,90.05644772733692,813,0,outer_ring
2272,56.844929829939176,90.96728998283825,238,0,outer_ring
2273,42.81246866172969,85.86940410957754,1111,0,outer_ring
2274,46.42477269513988,91.25072934527765,848,0,outer_ring
2275,42.672640625574985,82.23575940484172,8984,5,text_en_1919
2276,37.64868175796538,87.6864913289275,1252,0,outer_ring
2277,44.37458578007417,80.42012133391185,9142,5,text_en_1919
2278,34.93895854601426,71.2731130067886,3654,1,inner_ring
2279,28.36583125952712,76.05769635588634,9382,5,text_en_1919
2280,31.318774074186205,66.4294261413701,3691,1,inner_ring
2281,35.123021826148204,63.1009634253253,5106,2,octagram
2282,22.084420736468342,66.59995712612233,9610,5,text_en_1919
2283,24.39058894531182,57.78053511517599,9909,5,text_en_1919
2284,22.559183839203243,53.60520285138139,10143,5,text_en_1919
2285,16.210826333303455,58.29150264215196,9975,5,text_en_1919
2286,19.129498271946964,49.908571373154125,10250,5,text_en_1919
2287,24.736136892088233,49.75177245042384,10245,5,text_en_1919
2288,28.93133376580573,46.19637565232562,3833,1,inner_ring
2289,39.74924813943687,52.57733356371174,6862,3,stroke_nan
2290,42.07881646269582,53.38513553851248,6793,3,stroke_nan
2291,48.29100316514103,53.04893988336619,6817,3,stroke_nan
2292,40.669864615471475,55.193650788875885,6759,3,stroke_nan
2293,52.698405610217335,44.5967428851237,7217,3,stroke_nan
2294,47.68968459656489,52.31724384601187,6868,3,stroke_nan
2295,64.26487252940832,74.57116224472563,3455,1,inner_ring
2296,63.96792428612085,57.652844902262466,7722,4,stroke_kai
2297,65.48562550933038,73.61236275680406,4690,2,octagram
2298,60.02130309548432,76.35449566604446,9208,5,text_en_1919
2299,60.58736631532849,78.81956600232051,9086,5,text_en_1919
2300,56.70042662418578,51.24839120006468,7956,4,stroke_kai
2301,55.98309202062894,71.77855079825542,3521,1,inner_ring
2302,52.0901949025234,47.496152487556365,7086,3,stroke_nan
2303,46.125421175309185,38.46828859931734,7439,3,stroke_nan
2304,48.31686716856141,45.44796285671166,7147,3,stroke_nan
2305,47.22313734183282,36.899811739230294,7518,3,stroke_nan
2306,43.58948638634311,34.085841949534284,5641,2,octagram
2307,42.63567929117835,33.46745846459551,5645,2,octagram
2308,41.85917156770562,26.59558025802043,5751,2,octagram
2309,38.759193215233275,31.20824093397993,5662,2,octagram
2310,39.01404553656934,41.83350795573655,7338,3,stroke_nan
2311,25.340974035585173,38.92663616144064,10648,5,text_en_1919
2312,32.54097837180366,40.23653327138435,5452,2,octagram
2313,39.795810781170175,47.58456161480869,7099,3,stroke_nan
2314,28.667575148057402,42.692097556459146,3857,1,inner_ring
2315,17.60820856647265,43.47044632400482,10606,5,text_en_1919
2316,24.24143210009045,40.40432967733179,10593,5,text_en_1919
2317,29.28099462494278,27.58569155167642,10821,5,text_en_1919
2318,31.227847834549177,38.89109463308283,5475,2,octagram
2319,41.431552109987244,12.185549960782613,1512,0,outer_ring
2320,41.16515844612711,22.379377422931398,5770,2,octagram
2321,51.72156468775811,8.038101158325267,2059,0,outer_ring
2322,49.15552290052262,11.000993993748995,1811,0,outer_ring
2323,56.41452452472137,21.516016934640444,4138,1,inner_ring
2324,52.34236225755624,26.048205931969424,4109,1,inner_ring
2325,54.56394538352699,23.21601777727352,4124,1,inner_ring
2326,55.051151592258186,43.97195827386072,8316,4,stroke_kai
2327,54.66780316718063,37.907648286133,8506,4,stroke_kai
2328,57.42361591033884,45.718359222465885,8126,4,stroke_kai
2329,57.661941012818275,44.014808348088366,8200,4,stroke_kai
2330,65.93693714279888,44.21281018461647,8162,4,stroke_kai
2331,62.67058688253238,40.06967242735686,8291,4,stroke_kai
2332,61.855907060419014,66.07352933889165,4740,2,octagram
2333,61.90681593093385,55.46240134766465,7829,4,stroke_kai
2334,67.59745506074782,61.52991434060207,7621,4,stroke_kai
2335,57.881602077957716,65.4547829339642,4780,2,octagram
2336,44.965639776354124,76.20759681272177,4959,2,octagram
2337,46.63978791796372,82.66095881106143,981,0,outer_ring
2338,45.03186607706007,76.64332659015189,3596,1,inner_ring
2339,48.03541290565021,89.69616175586684,763,0,outer_ring
2340,53.78260278798779,84.58264888090883,8668,5,text_en_1919
2341,54.24955235617407,95.34910292276992,348,0,outer_ring
2342,56.00354611081231,83.05412563659537,8780,5,text_en_1919
2343,54.47403699406194,83.75221413746608,8709,5,text_en_1919
2344,48.00712506817382,86.95306025428775,798,0,outer_ring
2345,51.827120474824156,78.69338796588028,9024,5,text_en_1919
2346,47.221213731777546,80.239342589991,8755,5,text_en_1919
2347,38.420026194412806,65.91349059986453,5070,2,octagram
2348,39.666266897065356,59.00920892441629,6711,3,stroke_nan
2349,32.82709587442882,56.88815766803394,5197,2,octagram
2350,58.267783813876186,92.59382099723976,180,0,outer_ring
2351,51.60062295247193,93.16609649414893,489,0,outer_ring
2352,52.746041352713426,91.90638123935824,428,0,outer_ring
2353,62.16983599682968,74.94105603121493,3474,1,inner_ring
2354,69.9965714067448,82.49596535858157,9101,5,text_en_1919
2355,68.9613161262159,81.15573999443608,9147,5,text_en_1919
2356,71.90505924658856,85.35688688300012,8889,5,text_en_1919
2357,76.31722734497521,76.210879816111,9380,5,text_en_1919
2358,64.9341809557502,63.46881194487885,7601,4,stroke_kai
2359,68.50751865778177,57.38876533457895,7714,4,stroke_kai
2360,78.996895954022,69.77879844531279,9482,5,text_en_1919
2361,80.87927675140541,55.15661897815604,6570,2,octagram
2362,82.68512566244408,52.3208805735738,3280,1,inner_ring
2363,86.25325430704402,52.04419291895633,10081,5,text_en_1919
2364,91.06584066079246,51.68552444680865,10038,5,text_en_1919
2365,88.2612356316251,43.2429493895857,10429,5,text_en_1919
2366,91.95877217012774,47.80042872676212,10113,5,text_en_1919
2367,91.81766919740421,51.3299861527382,10046,5,text_en_1919
2368,79.76093486463114,63.17291369770925,3345,1,inner_ring
2369,93.34211905959654,45.45243889878446,10247,5,text_en_1919
2370,55.869855757368384,27.040363020540024,5942,2,octagram
2371,57.137354750193694,39.97478795651283,8412,4,stroke_kai
2372,61.72779088539815,31.434932159753743,8501,4,stroke_kai
2373,59.361305650800276,41.29373875352321,8257,4,stroke_kai
2374,77.1501740090035,22.503996899050804,10812,5,text_en_1919
2375,65.30869248348841,23.698540077605262,6114,2,octagram
2376,77.33538011026748,43.74605630131747,4415,1,inner_ring
2377,80.54396929829596,44.40525697080357,10419,5,text_en_1919
2378,75.93857268971102,32.75842916356528,6305,2,octagram
2379,74.57300575436463,29.044527648129336,4326,1,inner_ring
2380,66.32034281612819,28.046368082761873,6163,2,octagram
2381,57.11752733946039,8.50348089304115,2565,0,outer_ring
2382,60.41334025066323,6.563275244278667,2774,0,outer_ring
2383,59.82546247574322,10.814911151375085,2778,0,outer_ring
2384,48.48687101773909,13.705617772679917,11345,5,text_en_1919
2385,50.19748342080151,10.897699488187719,1906,0,outer_ring
2386,48.15973910615321,7.10042501365332,1767,0,outer_ring
2387,50.865129533404264,10.393860603822972,1968,0,outer_ring
2388,47.1192814538092,9.913488959017505,1683,0,outer_ring
2389,52.44238893605666,5.959419340677364,2132,0,outer_ring
2390,55.48944172667204,3.775692891381911,2414,0,outer_ring
2391,66.90172461931172,4.988509635321847,3042,0,outer_ring
2392,56.40722202128964,5.124341881972815,2497,0,outer_ring
2393,54.62906915237573,1.4862010517228734,2330,0,outer_ring
2394,45.812160294196275,9.958819377295269,1633,0,outer_ring
2395,47.260790848933894,6.304306057417351,1724,0,outer_ring
2396,53.408763213155176,6.310362590977015,2224,0,outer_ring
2397,56.2089399415316,6.971721633488469,2490,0,outer_ring
2398,63.31318924942971,7.826062660508831,2931,0,outer_ring
2399,64.93809827857257,7.884759019423168,2984,0,outer_ring
2400,66.09877368102815,17.726223633323883,10867,5,text_en_1919
2401,75.42971143820903,29.14161505559361,4328,1,inner_ring
2402,81.27179427948973,35.79401859597969,10674,5,text_en_1919
2403,74.34096529291406,33.40734862104521,6291,2,octagram
2404,82.87242285363622,45.5378404016306,10364,5,text_en_1919
2405,61.715690693615265,9.411246850527165,2872,0,outer_ring
2406,65.39305490438555,5.954952589733406,2987,0,outer_ring
2407,76.82937768135209,32.78482191088501,6309,2,octagram
2408,38.79975076382539,29.59806896270296,5687,2,octagram
2409,45.869593879591875,7.5265674213476474,1650,0,outer_ring
2410,86.97846828254987,46.8077616408702,10351,5,text_en_1919
2411,48.9373547826263,95.35372585092274,626,0,outer_ring
2412,45.18243033058363,87.85538739176194,991,0,outer_ring
2413,42.8679658258832,91.75586592435533,1040,0,outer_ring
2414,54.299118963757095,95.35301918333545,346,0,outer_ring
2415,50.1670842793089,94.99366586247119,564,0,outer_ring
2416,50.273795540839046,92.2214426473525,572,0,outer_ring
2417,41.50467804473074,88.24605669048775,1137,0,outer_ring
2418,41.35583381371531,88.06527810181468,1145,0,outer_ring
2419,40.668949058601825,86.15449036825538,1189,0,outer_ring
2420,36.31624512703786,81.19222463058759,9010,5,text_en_1919
2421,29.12028420404033,74.08392337570109,9440,5,text_en_1919
2422,33.579206634157515,70.20864286153882,3665,1,inner_ring
2423,26.161403612044012,70.46999258761838,9551,5,text_en_1919
2424,23.2124531444777,64.45552748527962,9692,5,text_en_1919
2425,24.27259639978154,65.73186291314995,9664,5,text_en_1919
2426,22.022712612758955,55.40988900824642,9998,5,text_en_1919
2427,24.89923624751998,49.003816100745496,10280,5,text_en_1919
2428,24.5603797887479,54.267674916055384,10027,5,text_en_1919
2429,29.171843060296304,49.90208180498539,3807,1,inner_ring
2430,33.94944366631916,53.32989320113469,5292,2,octagram
2431,33.17721844285549,58.30997694009022,5150,2,octagram
2432,33.07935633594007,51.762045364874794,5310,2,octagram
2433,45.94958188554785,46.66161599440378,7092,3,stroke_nan
2434,34.390157220953334,57.67645989481813,6757,3,stroke_nan
2435,50.78996829144939,54.381128884778825,6860,3,stroke_nan
2436,50.34536027602593,61.8683796803423,6583,3,stroke_nan
2437,60.96240246834107,62.20254798268647,7577,4,stroke_kai
2438,59.83829583556249,60.645043476967,7582,4,stroke_kai
2439,58.0834741994583,71.17717222519398,3500,1,inner_ring
2440,62.75107120719809,79.34338455843438,9099,5,text_en_1919
2441,63.210303641604845,65.76326413676681,4654,2,octagram
2442,56.52810368607221,55.487032938713405,7698,4,stroke_kai
2443,51.838518525530766,53.214305194575516,6911,3,stroke_nan
2444,52.629909623970896,45.35483549446164,7174,3,stroke_nan
2445,50.622173450823894,49.139705616082125,7016,3,stroke_nan
2446,46.18847236047885,41.12197422261661,7377,3,stroke_nan
2447,51.826961619519665,44.376103530908836,7203,3,stroke_nan
2448,55.605696315089254,18.916831260298526,10995,5,text_en_1919
2449,45.21371654470303,21.861772063732207,4069,1,inner_ring
2450,47.550592699477875,6.237024751022385,1740,0,outer_ring
2451,38.21762266026496,20.91830764922558,11039,5,text_en_1919
2452,41.112065160724704,34.61175606404711,5637,2,octagram
2453,27.079668718722793,52.15908106963741,3784,1,inner_ring
2454,40.94255874043432,33.65628138561642,5642,2,octagram
2455,43.07484926331875,49.58789213372931,7018,3,stroke_nan
2456,38.746074856609155,45.27603049265379,7192,3,stroke_nan
2457,29.170104361745796,38.79718117612336,3881,1,inner_ring
2458,31.051081784250208,33.01554181405025,3919,1,inner_ring
2459,28.953488818877673,34.29399641723016,3898,1,inner_ring
2460,32.697849771178404,34.989878950071585,5542,2,octagram
2461,37.8837595245059,29.12244657966246,5693,2,octagram
2462,41.27514923098732,25.931127818954543,5757,2,octagram
2463,42.73052823360415,27.950960091206305,5735,2,octagram
2464,45.49649000606403,21.339023661800383,10930,5,text_en_1919
2465,49.094258827942795,26.013402802790964,5832,2,octagram
2466,52.11315433588714,36.29106301910974,7503,3,stroke_nan
2467,54.182629463586366,31.520150102356997,5912,2,octagram
2468,53.20701749637931,34.777455480744685,5904,2,octagram
2469,55.27131301636826,31.40863086719382,8569,4,stroke_kai
2470,59.07900052159189,46.79842247029128,8104,4,stroke_kai
2471,72.04823018506083,39.199627527971906,6389,2,octagram
2472,67.35501326365893,52.30599903405776,7838,4,stroke_kai
2473,65.31094855999434,42.20537329911641,8255,4,stroke_kai
2474,70.59812521375851,62.06257405096327,4555,2,octagram
2475,70.42385307107617,59.22611252209462,7662,4,stroke_kai
2476,68.73773600003933,62.94520037725841,4571,2,octagram
2477,67.55321370359188,73.1406436568962,3442,1,inner_ring
2478,46.49478123497126,74.0586491695748,4944,2,octagram
2479,39.96057723319951,73.65909790363803,3627,1,inner_ring
2480,51.40327732591981,86.98486743960146,537,0,outer_ring
2481,50.05474664071547,68.88367030412296,4884,2,octagram
2482,54.569990917793106,94.18984636447854,332,0,outer_ring
2483,57.3455451303886,88.96110611326398,207,0,outer_ring
2484,54.69646964676457,84.47540566991984,8648,5,text_en_1919
2485,52.42007873132206,83.33159093966093,8778,5,text_en_1919
2486,50.19175300799699,78.80629192611276,9044,5,text_en_1919
2487,45.286096262757965,68.31000001018597,5020,2,octagram
2488,47.01922917983663,75.56890015698599,4945,2,octagram
2489,31.14060159696057,56.68782382254812,5204,2,octagram
2490,24.836799992336548,65.66694215862898,9683,5,text_en_1919
2491,37.994998052728874,53.326001505574816,6847,3,stroke_nan
2492,59.825233678892005,92.4597930398936,139,0,outer_ring
2493,54.249125675443814,92.63575181151627,350,0,outer_ring
2494,57.11624606228625,94.92193672223648,230,0,outer_ring
2495,63.33822102862421,92.11059576006872,63,0,outer_ring
2496,69.41903062685846,87.49898866173523,8774,5,text_en_1919
2497,64.19332389096762,93.4223820870547,55,0,outer_ring
2498,71.64332444983272,80.66583100933798,9171,5,text_en_1919
2499,73.55199591729227,71.6057144444591,3408,1,inner_ring
2500,68.21860013410297,75.9692055248295,9321,5,text_en_1919
2501,70.47060302990867,72.03842115365694,4649,2,octagram
2502,81.58626649942899,58.24468021325594,3311,1,inner_ring
2503,78.36485133780093,56.55592357719918,4448,2,octagram
2504,77.50265886410922,61.17444659584988,4504,2,octagram
2505,85.78032274152578,47.26407058275429,10295,5,text_en_1919
2506,80.16131136669554,57.36512734963499,4433,2,octagram
2507,84.69620297937139,46.620528120872166,10331,5,text_en_1919
2508,82.05254934233488,51.97195621609967,3278,1,inner_ring
2509,92.21617723023775,48.586477261362134,10114,5,text_en_1919
2510,96.86824115304701,44.65845694953191,10322,5,text_en_1919
2511,94.36965972237773,48.77835860849632,10098,5,text_en_1919
2512,54.43565958249277,33.14696389603501,5913,2,octagram
2513,58.34670172803502,43.977916426594895,8184,4,stroke_kai
2514,65.62869718831833,42.687758022885504,8212,4,stroke_kai
2515,62.96109386246595,39.543738988094304,8330,4,stroke_kai
2516,62.27716084456278,39.901429779369536,8317,4,stroke_kai
2517,60.36728163446843,25.888779037526835,6005,2,octagram
2518,78.92375965868047,41.276152793408265,4403,1,inner_ring
2519,74.34495793215405,33.83349182302423,6290,2,octagram
2520,78.58541447524753,39.795587621003484,4389,1,inner_ring
2521,70.90986076977136,24.79582663003998,4277,1,inner_ring
2522,52.83456122439188,18.285878267843373,11169,5,text_en_1919
2523,63.84214525550633,5.579753010125843,2932,0,outer_ring
2524,60.985123295142216,4.988783354899188,2801,0,outer_ring
2525,60.03310710684341,16.357596532914158,11254,5,text_en_1919
2526,60.06957863857289,13.516251583293743,11311,5,text_en_1919
2527,52.38710849904802,8.398415726160003,2118,0,outer_ring
2528,53.161444049799854,8.3400820205651,2192,0,outer_ring
2529,48.40164879286541,11.718596903650077,1746,0,outer_ring
2530,50.185441246184524,10.477112143564979,1910,0,outer_ring
2531,53.65456130744408,6.656793233957422,2247,0,outer_ring
2532,54.021695027489315,11.475888673849017,2298,0,outer_ring
2533,52.60332270728911,9.954060432484539,2142,0,outer_ring
2534,57.83063096853665,3.4435367456413846,2585,0,outer_ring
2535,49.34150397402502,7.90829580125513,1853,0,outer_ring
2536,53.31265588869317,8.49865293830456,2214,0,outer_ring
2537,53.55436223271795,7.471767797090727,2240,0,outer_ring
2538,49.82237219415719,6.943987972630709,1902,0,outer_ring
2539,55.954611479884505,9.463894265258208,2483,0,outer_ring
2540,61.819248938837404,0.62986339142444,2811,0,outer_ring
2541,62.052226918323655,8.442219815480922,2877,0,outer_ring
2542,56.991511471314105,12.41877750461046,11328,5,text_en_1919
2543,66.52736339374488,10.07707311539348,3092,0,outer_ring
2544,66.75947318880273,15.464662130135286,10897,5,text_en_1919
2545,76.9749321390352,33.703217511548445,6316,2,octagram
2546,73.7489417324638,23.9221963981422,4288,1,inner_ring
2547,67.06030828040527,7.9472309301707185,3087,0,outer_ring
2548,73.20465278630135,45.402769414655985,6435,2,octagram
2549,66.17727645151523,6.634580036118166,3031,0,outer_ring
2550,39.21810450389493,6.984570514236174,1498,0,outer_ring
2551,42.32984415586121,23.32521935548631,4047,1,inner_ring
2552,84.24088498856996,48.35992776916927,3247,1,inner_ring
2553,50.27983150051707,92.2286727298899,571,0,outer_ring
2554,47.0859764760324,90.93930924949139,812,0,outer_ring
2555,44.00374180723406,90.5241138954633,1016,0,outer_ring
2556,49.26579012034648,95.80820324580729,601,0,outer_ring
2557,50.30876782392038,90.51705999063475,578,0,outer_ring
2558,38.45970406930285,87.18232939035613,1237,0,outer_ring
2559,39.07605449827683,89.00911610697527,1200,0,outer_ring
2560,33.62683444776164,84.18336207500928,1342,0,outer_ring
2561,37.8343813850418,89.00742375317708,1234,0,outer_ring
2562,37.16545455749243,83.84899195556017,1296,0,outer_ring
2563,32.80836792768135,77.18631989189151,9381,5,text_en_1919
2564,28.49332869478926,72.1063837152415,9571,5,text_en_1919
2565,21.688495432746148,67.4729462025572,9555,5,text_en_1919
2566,27.32189429854971,67.74501287476488,9625,5,text_en_1919
2567,21.750392792997836,61.83042027571672,9783,5,text_en_1919
2568,24.561409701985916,47.42985294142626,10436,5,text_en_1919
2569,14.898128153480924,54.28967418118434,1396,0,outer_ring
2570,23.94648444402862,51.64178665094908,10180,5,text_en_1919
2571,27.238492263625922,48.81212508674041,3817,1,inner_ring
2572,30.61381933522461,54.51446672777261,5270,2,octagram
2573,32.718941070190056,50.437025112825204,5321,2,octagram
2574,44.131124170692786,40.34215941500418,7389,3,stroke_nan
2575,43.26475595819447,55.757377183774835,6734,3,stroke_nan
2576,47.659924939390834,47.144483604715965,7083,3,stroke_nan
2577,39.24865166281525,55.68206368060946,6764,3,stroke_nan
2578,58.69887125010278,55.40027976911927,7851,4,stroke_kai
2579,51.091135553073244,69.97570819297552,4882,2,octagram
2580,57.374615171721786,55.102725660699114,7705,4,stroke_kai
2581,64.47947149376698,63.312669237913006,7598,4,stroke_kai
2582,58.60886840070413,77.964519518097,9048,5,text_en_1919
2583,56.65164797272068,74.59251457728001,3519,1,inner_ring
2584,58.09691155377613,74.59378504598625,3503,1,inner_ring
2585,55.5650396622616,43.60832782538162,8288,4,stroke_kai
2586,53.45270701545833,44.46313405698782,7330,3,stroke_nan
2587,49.89201891806252,28.685135000098903,5866,2,octagram
2588,47.77369052293238,38.275530607541704,7450,3,stroke_nan
2589,52.6288649581857,40.44839325348995,7411,3,stroke_nan
2590,43.76673659140793,34.24799476174592,7543,3,stroke_nan
2591,44.078937861531706,34.76679246305133,7532,3,stroke_nan
2592,38.13803432709784,36.82509941250086,5609,2,octagram
2593,35.44549105387213,28.39514771819946,3988,1,inner_ring
2594,22.01449924329443,32.839353847701084,10796,5,text_en_1919
2595,21.587692908419054,38.83140441676299,10647,5,text_en_1919
2596,30.89220624043878,36.23818433198783,5516,2,octagram
2597,30.289514993644733,49.04212690647233,3814,1,inner_ring
2598,36.337905038867554,48.05028354852878,5368,2,octagram
2599,20.884392150149797,35.43716302208854,10773,5,text_en_1919
2600,28.934871484681857,41.69995063133195,3861,1,inner_ring
2601,33.09470094713186,31.198525525942966,5578,2,octagram
2602,27.753899689238004,29.818865513273153,3929,1,inner_ring
2603,45.23158947000184,16.105254407171707,11210,5,text_en_1919
2604,47.32532856548885,7.432414514496529,1715,0,outer_ring
2605,51.31330517717171,2.54992991359698,2043,0,outer_ring
2606,53.26372184350451,5.690502472260316,2207,0,outer_ring
2607,53.288262935644596,23.92680803843394,4117,1,inner_ring
2608,48.10071853396715,37.66841841879935,7457,3,stroke_nan
2609,54.092438019652874,23.034428290259388,4122,1,inner_ring
2610,68.61746380177414,28.86506212917983,6197,2,octagram
2611,65.29185242773485,21.143043613157687,4213,1,inner_ring
2612,63.363791669346156,50.45014382541578,7928,4,stroke_kai
2613,64.24984141093067,47.64816322231338,8055,4,stroke_kai
2614,71.78382289087206,58.513405477562124,7718,4,stroke_kai
2615,66.41838513509548,44.82686637123891,8122,4,stroke_kai
2616,67.6743270199183,47.27584303666781,6453,2,octagram
2617,64.71144683972942,53.859938839792235,7867,4,stroke_kai
2618,66.70516056739197,69.65094027870241,4671,2,octagram
2619,70.86480032478539,67.30993743234428,4607,2,octagram
2620,45.7430920353442,86.91423507198142,962,0,outer_ring
2621,45.17517071886547,71.35323853885546,4994,2,octagram
2622,47.49230366901529,92.45739572258194,770,0,outer_ring
2623,52.43394938258625,92.31019045253566,443,0,outer_ring
2624,52.187549366063465,73.24384664058988,3545,1,inner_ring
2625,52.68783006145361,84.8050750067843,8647,5,text_en_1919
2626,46.49381016678144,92.00560671044249,834,0,outer_ring
2627,54.922139731794736,87.81185157225792,319,0,outer_ring
2628,48.9130143876129,74.77059775527229,3568,1,inner_ring
2629,53.2218110161313,83.72949493320442,8708,5,text_en_1919
2630,48.420215947734214,77.5940196987925,9239,5,text_en_1919
2631,40.2987880253858,60.306687168800345,6605,3,stroke_nan
2632,32.409300568521125,67.98395659895807,3681,1,inner_ring
2633,37.36516905221671,52.2592480563262,6908,3,stroke_nan
2634,59.673831365761515,94.00389568236147,146,0,outer_ring
2635,61.230965668587736,94.03963888269345,100,0,outer_ring
2636,59.40546307271805,91.69313201029821,147,0,outer_ring
2637,60.74686008282092,80.00512670150556,9073,5,text_en_1919
2638,63.47922835710289,76.78892379323987,9293,5,text_en_1919
2639,72.0664515578798,89.2623857732394,5,0,outer_ring
2640,65.86178551521623,58.25812100291712,7725,4,stroke_kai
2641,73.81612944426436,69.40792933371293,3395,1,inner_ring
2642,73.07524453930215,87.838192501119,8765,5,text_en_1919
2643,75.67890732310079,70.6045615536304,3390,1,inner_ring
2644,65.6890317771097,57.58275954849331,7734,4,stroke_kai
2645,80.28542299534871,60.27562557879849,4483,2,octagram
2646,82.83013583064555,58.745054063963465,9818,5,text_en_1919
2647,82.42681895251913,57.1444273932885,3302,1,inner_ring
2648,88.00379670258847,46.96451152986439,10317,5,text_en_1919
2649,80.12748504371703,51.95657325330761,6548,2,octagram
2650,89.14657214987669,52.27094625691005,10043,5,text_en_1919
2651,86.66436914111034,42.64321027167857,10445,5,text_en_1919
2652,94.67943130137992,46.80728210944383,10188,5,text_en_1919
2653,95.07632072581647,51.50778173807774,10041,5,text_en_1919
2654,65.87256041932882,34.68490522571579,8445,4,stroke_kai
2655,57.65301959892201,39.68050390561734,8439,4,stroke_kai
2656,75.68066687358139,38.575672366084824,6362,2,octagram
2657,70.64869894954798,47.51623431077585,6467,2,octagram
2658,65.95274832225394,21.132053110476853,6095,2,octagram
2659,72.31378430884907,36.35687513638347,6329,2,octagram
2660,87.09468500306639,38.85303011289231,10660,5,text_en_1919
2661,74.47495337262094,44.068246749118494,6420,2,octagram
2662,78.21373656818537,35.69586538091778,4366,1,inner_ring
2663,60.9285860107773,23.552221662941434,6022,2,octagram
2664,70.34071510918714,16.958388056498997,4234,1,inner_ring
2665,59.73995594241841,19.3332664724459,4157,1,inner_ring
2666,63.2064028204019,22.54084223495383,6050,2,octagram
2667,59.6614852087616,7.23056732946965,2740,0,outer_ring
2668,61.88750309683904,8.257035689360084,2871,0,outer_ring
2669,53.46675397303945,13.440027506475513,2234,0,outer_ring
2670,48.8950771092154,17.912158437330344,11032,5,text_en_1919
2671,53.17609791946657,1.860385437688394,2195,0,outer_ring
2672,50.39828662997361,10.223492591034736,1932,0,outer_ring
2673,54.3644420483404,5.485550959052867,2317,0,outer_ring
2674,55.23556613250116,19.945683439415493,10953,5,text_en_1919
2675,51.9090994764036,10.34289146572824,2073,0,outer_ring
2676,54.82342558887213,9.019371097190508,2374,0,outer_ring
2677,52.96241172020487,9.45642125136492,2182,0,outer_ring
2678,47.816087372911134,10.320763878256537,1719,0,outer_ring
2679,49.4223852868306,6.039437110843852,1872,0,outer_ring
2680,52.17839686431276,7.856438250543466,2102,0,outer_ring
2681,55.88169108128508,8.990678976797923,2473,0,outer_ring
2682,62.88569993764559,9.732411308486471,2927,0,outer_ring
2683,61.924978479818606,8.300330089606952,2873,0,outer_ring
2684,65.88122764902907,5.171557206851277,2998,0,outer_ring
2685,65.63555347972076,13.387286533990803,11051,5,text_en_1919
2686,68.63570159987631,21.681433218774384,6105,2,octagram
2687,83.11752903297143,37.9032606258402,10644,5,text_en_1919
2688,78.5161988422325,30.590353646847518,4341,1,inner_ring
2689,72.70364795105836,7.7358580525066785,3218,0,outer_ring
2690,66.53726671868264,37.36224219497967,8375,4,stroke_kai
2691,66.49439949161065,4.934704395795007,3027,0,outer_ring
2692,42.62282318202163,25.092871485544727,5783,2,octagram
2693,41.19805835077934,16.26759497298465,1482,0,outer_ring
2694,84.46640710366194,43.259284071869004,10460,5,text_en_1919
2695,48.1803136670113,93.15891958421876,713,0,outer_ring
2696,45.1766711441768,89.13052799300245,965,0,outer_ring
2697,43.46573723666256,93.00844697184941,1011,0,outer_ring
2698,56.823517065607234,89.75922538626459,237,0,outer_ring
2699,52.76038026485085,93.5893448717144,421,0,outer_ring
2700,45.96686393043325,82.49845128934678,8970,5,text_en_1919
2701,46.7788188348495,89.3079800456649,854,0,outer_ring
2702,43.22797728384894,81.12622520713813,9090,5,text_en_1919
2703,37.08643463351736,87.87617487705771,1260,0,outer_ring
2704,34.26669761139583,72.94982304211439,3652,1,inner_ring
2705,31.442524984166447,81.4623731159974,1360,0,outer_ring
2706,34.17151759301149,71.5924258638864,3657,1,inner_ring
2707,30.675018208356054,70.52536880792667,9511,5,text_en_1919
2708,22.284825266030673,59.632899469760154,9907,5,text_en_1919
2709,17.036176500983714,61.887431067321934,1391,0,outer_ring
2710,20.64822112852833,61.85033900887151,9749,5,text_en_1919
2711,18.625783207014564,46.62407153281517,1401,0,outer_ring
2712,22.232273631593586,50.54779300774727,10231,5,text_en_1919
2713,23.65741458800576,45.43772575384129,10551,5,text_en_1919
2714,26.92488590762539,45.83692310900547,10527,5,text_en_1919
2715,30.13453600719732,55.66287508783781,5250,2,octagram
2716,38.19252597398855,53.713815290529475,6822,3,stroke_nan
2717,45.379410923929484,52.699104663945846,6841,3,stroke_nan
2718,49.30776674523802,43.674930045058694,7257,3,stroke_nan
2719,51.801027957815975,53.36426746543469,6870,3,stroke_nan
2720,56.052792307899736,64.50070937802644,4815,2,octagram
2721,51.20934349111035,70.05057526627203,4878,2,octagram
2722,55.95853540709995,66.44986549464642,4806,2,octagram
2723,58.72848099109488,67.4484151892777,4769,2,octagram
2724,57.0587954777384,75.37659500125137,3515,1,inner_ring
2725,51.29350872923988,75.91237996066944,3552,1,inner_ring
2726,63.21666801565509,54.94784017541546,7841,4,stroke_kai
2727,58.076382282523085,44.99050495229144,8127,4,stroke_kai
2728,51.71219481161008,30.08145410975533,5876,2,octagram
2729,62.88460384936723,23.43362068898042,6057,2,octagram
2730,52.03161565530875,43.98838193579102,7218,3,stroke_nan
2731,49.80498974762998,47.17920443321991,7096,3,stroke_nan
2732,50.152809461453934,35.54602871852797,7500,3,stroke_nan
2733,51.62502077541875,40.71247904168845,7418,3,stroke_nan
2734,43.49274682349753,26.85242869797645,5792,2,octagram
2735,35.80983390355972,18.687663989290815,11255,5,text_en_1919
2736,20.829409824501663,33.161824182236835,10795,5,text_en_1919
2737,31.994956397401186,40.66782398232081,5454,2,octagram
2738,23.166345080446813,43.29358216758934,10572,5,text_en_1919
2739,32.808215262920406,45.17378419773813,5406,2,octagram
2740,41.128288232227824,48.234480664548144,7058,3,stroke_nan
2741,27.896566922785674,35.76422150000198,10739,5,text_en_1919
2742,25.57660644655994,34.87028846193487,10770,5,text_en_1919
2743,26.19140966732114,36.847374077419914,10736,5,text_en_1919
2744,36.24571790627559,24.013957501767766,4022,1,inner_ring
2745,42.50721992235448,29.465288739055396,5716,2,octagram
2746,45.26349157407919,25.333238420527724,5804,2,octagram
2747,48.50146321065881,12.275729100575642,1748,0,outer_ring
2748,50.70482793929364,16.665558250020794,11308,5,text_en_1919
2749,50.04456219376063,26.037977436586658,5847,2,octagram
2750,53.76344423684063,28.58553623054417,5884,2,octagram
2751,52.69982327932039,31.026753608474717,5889,2,octagram
2752,51.89097236625847,29.131862819850312,5882,2,octagram
2753,59.071767000286364,15.9410620555983,11264,5,text_en_1919
2754,70.87251227599756,28.474286663326396,6229,2,octagram
2755,58.42964170807071,46.58604059564276,8093,4,stroke_kai
2756,65.99919988127985,42.70409917552752,8223,4,stroke_kai
2757,61.673109931637796,49.63173238392528,7989,4,stroke_kai
2758,73.93480209429805,48.47674239650334,6482,2,octagram
2759,68.03137083777774,60.45321135686533,7636,4,stroke_kai
2760,67.89650811147557,59.886605746000775,7651,4,stroke_kai
2761,70.37017362894717,69.50107522594999,4635,2,octagram
2762,40.355468432992126,75.56708394789545,3619,1,inner_ring
2763,49.81263391108771,82.22710484193222,8608,5,text_en_1919
2764,48.544524406885735,87.03355712453461,756,0,outer_ring
2765,57.4904582967446,81.88014931814887,8861,5,text_en_1919
2766,57.499064018820526,89.32020255103939,199,0,outer_ring
2767,58.71376003168177,85.13185386160578,8625,5,text_en_1919
2768,51.21092765403432,87.23239679738714,546,0,outer_ring
2769,54.275074640341174,80.91471091041457,8930,5,text_en_1919
2770,53.28571677310842,84.38571838350096,8685,5,text_en_1919
2771,47.21595367111461,73.3001094485397,4928,2,octagram
2772,49.80150317648737,82.17533132671672,8615,5,text_en_1919
2773,38.97237544729533,51.459714228388215,6914,3,stroke_nan
2774,34.9492445345583,59.01683098546522,6669,3,stroke_nan
2775,32.55299356506743,67.01197530948973,3682,1,inner_ring
2776,54.8757526983067,92.16141814859094,320,0,outer_ring
2777,51.54857576086851,92.1618407168339,498,0,outer_ring
2778,53.074828236486766,88.12127141340031,417,0,outer_ring
2779,64.1355841784483,81.82427112378326,9049,5,text_en_1919
2780,68.02257475894166,85.6325280003354,8794,5,text_en_1919
2781,72.53629983699139,91.72557990045244,7,0,outer_ring
2782,68.00696111442687,80.10360457717503,9233,5,text_en_1919
2783,69.79320946132202,75.90207647800526,9338,5,text_en_1919
2784,82.62163990531762,74.79123315134224,9422,5,text_en_1919
2785,82.22085149174946,70.99230879674404,9441,5,text_en_1919
2786,73.98689509806407,63.55626403515875,4535,2,octagram
2787,79.36182796430774,57.49285486888651,4442,2,octagram
2788,84.24402563238914,62.14845592913979,9669,5,text_en_1919
2789,85.58060757533617,52.850471309364636,9965,5,text_en_1919
2790,87.17614930226128,52.91642131823292,9974,5,text_en_1919
2791,86.36621994819039,53.21581554340423,9977,5,text_en_1919
2792,90.98123444892373,56.90813460096997,9865,5,text_en_1919
2793,87.73887029441933,47.674245388151014,10135,5,text_en_1919
2794,92.59408253990355,47.043882592002504,10187,5,text_en_1919
2795,94.42224713251223,44.66198880391547,10304,5,text_en_1919
2796,60.06489227844445,49.52034366661695,8006,4,stroke_kai
2797,55.35096343006064,46.26045140646017,8137,4,stroke_kai
2798,65.42621090833428,30.523016048668516,8553,4,stroke_kai
2799,71.81382819426318,32.70488663091776,6260,2,octagram
2800,78.55270792476622,31.80060671655742,6311,2,octagram
2801,69.1301031648385,30.635810760651456,6210,2,octagram
2802,77.27812380164153,33.140394218146945,4346,1,inner_ring
2803,79.44012758652504,46.002666679182376,3233,1,inner_ring
2804,61.664758567229605,21.824033646465683,6030,2,octagram
2805,63.53419066563576,19.234905957069937,4195,1,inner_ring
2806,66.92963924617484,23.387659011199666,6117,2,octagram
2807,64.16944807535266,25.142348457144795,6129,2,octagram
2808,61.0915005798699,8.47684631181951,2838,0,outer_ring
2809,58.216018274353544,17.273686288445724,11110,5,text_en_1919
2810,59.727544655355075,6.898376407291572,2742,0,outer_ring
2811,50.90759795361787,11.599282182494344,1963,0,outer_ring
2812,40.94420955265417,10.79563579176086,1510,0,outer_ring
2813,46.529149044792696,8.196407124036067,1669,0,outer_ring
2814,45.82001965665755,4.664353054437568,1665,0,outer_ring
2815,50.66217214151263,7.229520655258402,1967,0,outer_ring
2816,56.732996591811975,7.675932596595453,2536,0,outer_ring
2817,53.236461301848806,9.543614388258678,2202,0,outer_ring
2818,55.2443746341816,8.795721451329158,2416,0,outer_ring
2819,54.21258272652648,5.754531374109622,2303,0,outer_ring
2820,50.051705506281074,7.253088647369367,1919,0,outer_ring
2821,49.51198525112224,5.182234299396246,1891,0,outer_ring
2822,54.79445550382817,7.420568865682071,2368,0,outer_ring
2823,51.553657584816975,4.065882063133563,2057,0,outer_ring
2824,53.82289427781502,9.850495151882177,2270,0,outer_ring
2825,63.26953401332644,9.398991751458976,2942,0,outer_ring
2826,76.48541089464752,35.28401185004707,6337,2,octagram
2827,68.87193297739091,8.189744472412906,3167,0,outer_ring
2828,83.7909805358174,20.15813663689516,10827,5,text_en_1919
2829,83.76700243409803,44.52775541362776,10405,5,text_en_1919
2830,69.93109697182757,20.715650600149353,4247,1,inner_ring
2831,72.20712676571726,7.958126558218742,4218,1,inner_ring
2832,74.26501891722381,26.206077151379425,4303,1,inner_ring
2833,67.68129625357648,6.703654757834337,3095,0,outer_ring
2834,38.95293820880374,14.690014269260919,1465,0,outer_ring
2835,44.65370325029926,17.14145865003118,11190,5,text_en_1919
2836,86.23892889700417,44.234930650046216,10408,5,text_en_1919
2837,48.600973630744484,92.31653091668359,682,0,outer_ring
2838,49.15014975598302,92.56207081932715,635,0,outer_ring
2839,42.14840465212551,93.71639736030677,1043,0,outer_ring
2840,55.25967586238911,92.4266707628242,300,0,outer_ring
2841,50.72290225319989,93.64377925949306,541,0,outer_ring
2842,47.98425827673422,92.19389943744892,735,0,outer_ring
2843,42.11153151206012,87.87529855331259,1115,0,outer_ring
2844,41.453032697911574,88.67245354410038,1133,0,outer_ring
2845,43.15480843440213,71.77328690840511,4997,2,octagram
2846,34.63464726428829,83.69400374688632,1335,0,outer_ring
2847,34.333130422574726,69.3025925981701,3666,1,inner_ring
2848,27.394473327913033,74.7487657187475,9378,5,text_en_1919
2849,33.05020178220957,67.49199469472273,3679,1,inner_ring
2850,22.70363535920933,62.19528266337083,9804,5,text_en_1919
2851,25.600978325987057,65.90916606395618,9640,5,text_en_1919
2852,20.728994203290295,56.77446653311632,9990,5,text_en_1919
2853,24.54507771221141,57.34632967203478,3755,1,inner_ring
2854,28.01973155442847,55.70161794664379,3759,1,inner_ring
2855,26.51153231963205,47.47345277091593,10501,5,text_en_1919
2856,32.78830397344738,47.811451487514944,5379,2,octagram
2857,35.878479910330704,41.347044411371606,7340,3,stroke_nan
2858,45.89374366641074,47.59315352642755,7094,3,stroke_nan
2859,42.55452672118662,49.83357441273092,6984,3,stroke_nan
2860,49.86603868799285,55.00777863376011,6737,3,stroke_nan
2861,47.934954835568284,52.9288317915241,6842,3,stroke_nan
2862,45.81778251565302,63.09838005635488,5040,2,octagram
2863,57.307536505291445,66.51292516671369,4777,2,octagram
2864,54.37247254753243,74.8218650483715,3528,1,inner_ring
2865,61.870200701128866,55.84063680068706,7787,4,stroke_kai
2866,56.7936212640367,73.26388930433185,3517,1,inner_ring
2867,63.732418421743155,80.12876467946064,9131,5,text_en_1919
2868,61.983861866018415,52.56442210547961,7939,4,stroke_kai
2869,49.97303659305793,48.87518464085906,7035,3,stroke_nan
2870,51.9556662153895,52.688253317164786,6910,3,stroke_nan
2871,44.06661468808582,32.0195251512678,5679,2,octagram
2872,50.98526487121887,34.508805037042976,7539,3,stroke_nan
2873,51.065969889850365,51.1024425031352,6939,3,stroke_nan
2874,42.990830566510596,38.27590442891392,7459,3,stroke_nan
2875,40.989993232137834,32.446961201316675,5655,2,octagram
2876,51.9730940770486,4.483832300526209,2092,0,outer_ring
2877,32.06601409192349,29.813277450972453,3952,1,inner_ring
2878,31.65397600635542,29.62585301215607,3951,1,inner_ring
2879,30.447180482432163,39.00971017634495,5477,2,octagram
2880,37.84179558046886,50.28139091632244,6959,3,stroke_nan
2881,30.01729746337348,42.5552519859833,3859,1,inner_ring
2882,36.68129346423408,49.35569708367187,5361,2,octagram
2883,21.641018972834175,29.10327252618973,1407,0,outer_ring
2884,33.190754220041356,31.527837346132056,5580,2,octagram
2885,26.529858382986106,35.27836413124172,10764,5,text_en_1919
2886,31.477377200443197,32.33225145040802,5562,2,octagram
2887,47.178575265583085,17.595914795643672,11191,5,text_en_1919
2888,47.76838785848844,16.765333104173795,11202,5,text_en_1919
2889,46.868572194833185,8.969160233781428,1678,0,outer_ring
2890,42.157969878383945,23.6635118418646,5776,2,octagram
2891,52.57816147759193,23.93258103881517,4112,1,inner_ring
2892,50.863535957012836,37.96847053283483,7462,3,stroke_nan
2893,55.85818125068746,36.34324471331527,8519,4,stroke_kai
2894,55.8738700643745,37.97941283484106,8504,4,stroke_kai
2895,59.80367931767609,38.29892768685783,8390,4,stroke_kai
2896,62.622182311036056,50.122871190843625,7935,4,stroke_kai
2897,67.73526571388858,44.57624233128107,6441,2,octagram
2898,69.30322332818082,54.66010086916124,7741,4,stroke_kai
2899,68.53983991481368,44.93441769309638,6444,2,octagram
2900,66.96060385091623,43.33920806411911,8169,4,stroke_kai
2901,64.44890058079544,61.783622785551074,7609,4,stroke_kai
2902,62.163421270852204,56.5358957181212,7738,4,stroke_kai
2903,67.42430794772228,68.71490130315306,4634,2,octagram
2904,46.07102023283387,74.15341980756784,4950,2,octagram
2905,37.62460465354439,85.528562584115,1273,0,outer_ring
2906,47.916652112274406,92.18353407295032,742,0,outer_ring
2907,48.55912400422448,91.49645074052432,697,0,outer_ring
2908,52.91262600210224,87.95518493330347,432,0,outer_ring
2909,51.53540629712811,89.07617734849813,515,0,outer_ring
2910,57.06241554334881,88.36124379821466,221,0,outer_ring
2911,54.21949618347109,84.06778322333511,8702,5,text_en_1919
2912,52.46058392790051,79.19218657331245,9056,5,text_en_1919
2913,51.73459642405326,74.31676654809183,3549,1,inner_ring
2914,46.553162966632556,72.40722304531694,4934,2,octagram
2915,32.311166105508185,63.0885991471785,5137,2,octagram
2916,31.938056957318867,62.686554948868846,5145,2,octagram
2917,34.89304544027573,59.60833621073066,5113,2,octagram
2918,57.69610969916035,93.62213027654914,201,0,outer_ring
2919,68.85435263714938,92.45748341454144,20,0,outer_ring
2920,62.78045859722652,93.98604842783182,75,0,outer_ring
2921,65.92887060471472,94.60835839577011,45,0,outer_ring
2922,67.60723293239093,80.63371094944196,9169,5,text_en_1919
2923,73.15778371931378,88.1160164267124,3,0,outer_ring
2924,63.63819227647739,71.02040374778178,4701,2,octagram
2925,71.11929558734273,80.73996076517736,9183,5,text_en_1919
2926,68.25797050067519,69.38912814415298,4636,2,octagram
2927,77.77099550580812,65.67108211890363,3359,1,inner_ring
2928,75.54577512793075,66.05750319991903,3368,1,inner_ring
2929,83.64439362402284,58.344323020767135,9811,5,text_en_1919
2930,78.1534202151616,58.04898816257983,4454,2,octagram
2931,80.3610477564898,57.43886997952962,4436,2,octagram
2932,86.55239987999899,49.4840660360934,10127,5,text_en_1919
2933,87.92856507804952,48.78524566394167,10123,5,text_en_1919
2934,83.76803578188617,60.16084089578466,9779,5,text_en_1919
2935,90.08813773696949,47.48365124436868,10200,5,text_en_1919
2936,94.80141561281248,52.04603167913001,10016,5,text_en_1919
2937,95.28478031574011,51.74091855781537,10031,5,text_en_1919
2938,56.302018813788635,29.333699688964245,5935,2,octagram
2939,55.448769020354085,40.58520460164838,8468,4,stroke_kai
2940,59.17016474523395,38.91244970412155,8369,4,stroke_kai
2941,62.32074885035119,31.948691143813534,8526,4,stroke_kai
2942,70.0730105721135,43.59911671429983,6432,2,octagram
2943,66.56540063152073,48.02201218883257,8027,4,stroke_kai
2944,83.10881430393309,44.738664944930655,10384,5,text_en_1919
2945,71.77561856460461,38.20666359628728,6379,2,octagram
2946,75.65738526849837,52.371971590722886,6524,2,octagram
2947,75.97989804441319,41.18824067025097,4401,1,inner_ring
2948,62.68121212409421,25.226954738770402,6071,2,octagram
2949,61.83057553013001,18.311059844856242,4175,1,inner_ring
2950,54.794121690472515,9.561677669251505,2373,0,outer_ring
2951,56.1086647841707,7.291352921975176,2484,0,outer_ring
2952,55.53785957262023,12.492473102626983,11334,5,text_en_1919
2953,54.05017114797663,8.369928356703195,2290,0,outer_ring
2954,48.37712435181383,8.843673372739332,1766,0,outer_ring
2955,49.888502826162096,5.311652539961219,1918,0,outer_ring
2956,50.18462349842179,8.156914616506656,1924,0,outer_ring
2957,49.55797741889435,13.889828764859045,11316,5,text_en_1919
2958,57.21025498913806,10.534868337802967,2595,0,outer_ring
2959,60.97793612930321,11.081016991586532,2854,0,outer_ring
2960,52.83831892609102,11.054548027049252,2167,0,outer_ring
2961,43.55838460579883,11.057259696010155,1551,0,outer_ring
2962,52.24568571164114,4.311639281710716,2114,0,outer_ring
2963,50.67572771787013,6.486554887822258,1976,0,outer_ring
2964,57.20354876418133,4.46720623763451,2553,0,outer_ring
2965,53.047668210094706,11.62439571206998,2185,0,outer_ring
2966,52.59631039489357,7.138750353669476,2145,0,outer_ring
2967,69.75169633988513,30.905604236300576,6217,2,octagram
2968,62.132846913847295,10.301133881907166,2898,0,outer_ring
2969,66.64324333271604,4.675145993756601,3028,0,outer_ring
2970,81.05146284031471,33.91494679785948,10684,5,text_en_1919
2971,90.20998162534434,37.12248493605218,10626,5,text_en_1919
2972,74.4479860380101,35.5873633983663,6327,2,octagram
2973,72.89119834841179,15.625519900601574,4242,1,inner_ring
2974,69.06193084640444,9.862211013315436,3191,0,outer_ring
2975,66.75731177465468,6.434704171490539,3052,0,outer_ring
2976,36.68070945486244,25.102418024513547,4019,1,inner_ring
2977,40.53205223679237,26.149575518274325,5754,2,octagram
2978,90.07632718480319,59.01705996812685,9801,5,text_en_1919
2979,44.10497868315524,92.26225747551318,987,0,outer_ring
2980,45.96998496062975,89.0171844221462,925,0,outer_ring
2981,45.19511292953058,88.49711620354988,977,0,outer_ring
2982,45.187223036312815,92.79789324180916,921,0,outer_ring
2983,40.881144460422135,92.100937420025,1110,0,outer_ring
2984,44.859765574335064,94.28343524782721,920,0,outer_ring
2985,39.88159053226773,89.77323762281162,1172,0,outer_ring
2986,43.212111760095745,89.53096410655148,1051,0,outer_ring
2987,34.10663925651958,76.92517417720413,9397,5,text_en_1919
2988,33.42528788706078,62.33121248966955,5124,2,octagram
2989,28.162784596210802,78.10571466600308,9335,5,text_en_1919
2990,27.400894549281563,69.86477431860614,9604,5,text_en_1919
2991,29.175611250980992,78.40481519309931,9308,5,text_en_1919
2992,23.92227535446578,69.26756775695965,9513,5,text_en_1919
2993,22.82493050853561,61.01365555399669,9875,5,text_en_1919
2994,18.968858095510466,50.14652967402941,10243,5,text_en_1919
2995,23.40923506173344,60.63010187148685,9860,5,text_en_1919
2996,29.525032329965516,60.32835622776984,5179,2,octagram
2997,30.11672938541593,51.10930845959728,5294,2,octagram
2998,35.7211613639575,49.97337813401247,5353,2,octagram
2999,39.72425460983504,38.91522115815508,7431,3,stroke_nan
3000,37.18598524106552,47.969000227140675,7032,3,stroke_nan
3001,46.024464357247815,51.56593914544312,6957,3,stroke_nan
3002,48.76462155389427,52.07133915151903,6857,3,stroke_nan
3003,40.433278105528665,66.59045819805098,5062,2,octagram
3004,52.366755153315694,49.63561907615617,6995,3,stroke_nan
3005,56.70283656809626,66.02462103798734,4799,2,octagram
3006,49.76953289419424,63.61074343275439,6577,3,stroke_nan
3007,57.07723639467772,66.7865692998462,4800,2,octagram
3008,62.62491940692659,73.72725496105153,3467,1,inner_ring
3009,63.092057881722006,72.50581440609021,3460,1,inner_ring
3010,53.315622120712206,60.5903471683658,6617,3,stroke_nan
3011,50.81460756866071,44.6115158546726,7186,3,stroke_nan
3012,44.98434523551052,42.80320501436173,7284,3,stroke_nan
3013,43.98671289982681,40.67078594272567,7372,3,stroke_nan
3014,50.23369510573641,41.44924115434518,7333,3,stroke_nan
3015,51.92006101544809,41.092720271386824,7406,3,stroke_nan
3016,48.13362033615026,30.26705156908644,5858,2,octagram
3017,41.804157354995525,30.73097808718961,5682,2,octagram
3018,41.34558673794687,39.727608588014405,7318,3,stroke_nan
3019,38.495250481931805,30.59646271017707,5671,2,octagram
3020,35.13228396916606,31.616390018359557,5596,2,octagram
3021,25.9575482960508,42.0406797029805,10575,5,text_en_1919
3022,34.99075391643114,45.60864433516903,5393,2,octagram
3023,35.25092289320068,49.30564221114537,5357,2,octagram
3024,33.055767962866106,51.4350621786928,5307,2,octagram
3025,27.8156606907612,42.53850120357331,10578,5,text_en_1919
3026,30.172005833744173,37.01945364829115,5499,2,octagram
3027,31.89871256939085,29.100543193578964,3958,1,inner_ring
3028,42.20605579191356,7.6311338161747315,1543,0,outer_ring
3029,43.00794816794592,7.651415288323145,1557,0,outer_ring
3030,50.4663082586817,19.665316875488703,11140,5,text_en_1919
3031,50.721369391908006,13.829708011375734,1936,0,outer_ring
3032,45.53528211370526,26.59046548570847,5809,2,octagram
3033,60.16768350374182,11.209971319567552,2813,0,outer_ring
3034,43.466462117251545,44.3789363842484,7260,3,stroke_nan
3035,57.5781019580572,18.741944547462303,11018,5,text_en_1919
3036,55.74036003957077,37.613481625386285,8505,4,stroke_kai
3037,55.21463849940001,50.955532042167484,7842,4,stroke_kai
3038,58.23787943782739,35.313785572553044,5961,2,octagram
3039,74.168245386076,49.804285620876456,6494,2,octagram
3040,71.77849853682773,45.68583749696617,6457,2,octagram
3041,69.58885534693759,57.26552049631061,7713,4,stroke_kai
3042,69.46076097684097,57.052805548559135,7715,4,stroke_kai
3043,63.02986161456578,52.97431653220209,7886,4,stroke_kai
3044,57.46420932703097,68.33546251715609,4771,2,octagram
3045,57.76381721022549,70.23335038651675,3501,1,inner_ring
3046,44.98448600597051,70.11317648043108,5008,2,octagram
3047,53.6005144480436,81.60589905016492,8881,5,text_en_1919
3048,49.23518536057655,90.71533866551185,648,0,outer_ring
3049,51.82123432673899,92.07627324274162,478,0,outer_ring
3050,55.878185360801076,88.30113026415297,273,0,outer_ring
3051,55.2235422796489,81.17246962881512,8941,5,text_en_1919
3052,51.3871958064943,88.03863583721753,530,0,outer_ring
3053,48.95689470553809,84.826789077548,749,0,outer_ring
3054,54.092595323214084,80.98674828469319,8949,5,text_en_1919
3055,48.781325376528365,78.85418684259429,9104,5,text_en_1919
3056,42.16163681479131,68.5160690994779,5024,2,octagram
3057,34.519892816584736,62.14842622372971,5111,2,octagram
3058,36.75640634536725,63.71427858082575,5088,2,octagram
3059,40.55057094028655,55.62048020722716,6761,3,stroke_nan
3060,60.463240317339036,94.2211152312714,123,0,outer_ring
3061,58.95725779791272,94.07378161106872,161,0,outer_ring
3062,68.58842887307917,91.4310550363293,19,0,outer_ring
3063,57.52425567349917,93.85511631912088,208,0,outer_ring
3064,71.55084300972233,86.55943949159555,8810,5,text_en_1919
3065,70.76701967042992,82.55123439643236,9075,5,text_en_1919
3066,77.5314329700172,83.37686387228719,9009,5,text_en_1919
3067,71.1703945743008,86.51034183879305,8821,5,text_en_1919
3068,69.14318002262392,71.26831759711457,4648,2,octagram
3069,72.56898494691909,73.32623112998517,3420,1,inner_ring
3070,72.9195825912683,60.94129748227918,4538,2,octagram
3071,81.01705525388356,61.91257750027685,3333,1,inner_ring
3072,85.50166014162471,60.030662695154525,9759,5,text_en_1919
3073,77.68751156814987,49.8112179509559,6509,2,octagram
3074,84.67446085890755,49.52195697351482,3255,1,inner_ring
3075,89.06616168519889,46.50639047651873,10301,5,text_en_1919
3076,86.91044672383461,55.73100712357818,9871,5,text_en_1919
3077,81.88595019849988,48.891454334929264,3252,1,inner_ring
3078,94.77991397296404,44.70221684155359,10286,5,text_en_1919
3079,95.40517383879235,43.66513639872094,10469,5,text_en_1919
3080,54.87865786272976,34.6329498966709,8550,4,stroke_kai
3081,56.91885651779395,36.84889965513055,8574,4,stroke_kai
3082,60.83549838878264,38.06635065903485,8364,4,stroke_kai
3083,66.35622852636342,32.38249094504652,8521,4,stroke_kai
3084,62.87684520770973,36.28314906913055,8431,4,stroke_kai
3085,59.67328337513509,23.053561618523595,6015,2,octagram
3086,83.67468627751447,42.987827926695616,10459,5,text_en_1919
3087,76.51924127618072,38.24195556703033,6355,2,octagram
3088,65.31361572064473,30.93420215192825,8536,4,stroke_kai
3089,65.9571445511952,27.786359691420326,6161,2,octagram
3090,65.51001676677782,22.508636689359015,6099,2,octagram
3091,63.047792880930075,17.12393177841418,10902,5,text_en_1919
3092,61.91904882200713,19.963620535898638,4182,1,inner_ring
3093,62.3583591274004,13.64520757622817,11135,5,text_en_1919
3094,58.72189725661129,6.907154562375978,2667,0,outer_ring
3095,45.684980951852175,8.708522460672274,1635,0,outer_ring
3096,52.03673678766602,6.932135401659981,2091,0,outer_ring
3097,50.74849816711952,6.057267883209399,1989,0,outer_ring
3098,55.64394607954032,9.382123025442427,2454,0,outer_ring
3099,52.80042102733748,9.320070557196031,2164,0,outer_ring
3100,61.22680680513795,15.272161521237743,10970,5,text_en_1919
3101,57.22290942886211,9.258792921427268,2581,0,outer_ring
3102,51.5631052761883,5.997327283051121,2050,0,outer_ring
3103,54.204972606359135,8.090367754025461,2307,0,outer_ring
3104,50.955823995497425,10.879903612914882,1977,0,outer_ring
3105,46.402880141743815,8.015735794279053,1664,0,outer_ring
3106,48.82114269272634,10.719262007667659,1780,0,outer_ring
3107,56.34704387960196,4.702479856490194,2488,0,outer_ring
3108,59.32973289877949,6.198792626273986,2708,0,outer_ring
3109,61.35600332460551,9.794591187023434,2861,0,outer_ring
3110,61.53512268474207,4.671039485043312,2830,0,outer_ring
3111,64.84474650329835,8.585620532644603,2992,0,outer_ring
3112,82.57038894668887,38.13062063738497,10643,5,text_en_1919
3113,74.29204488873785,52.67016387558239,6519,2,octagram
3114,73.8398250689647,23.94602186066113,4289,1,inner_ring
3115,67.85443799441796,10.064353921589003,3150,0,outer_ring
3116,66.42466671976528,3.639843678583131,3009,0,outer_ring
3117,76.15671453383817,36.442763315629605,6345,2,octagram
3118,35.36873817903889,31.048566241724977,5602,2,octagram
3119,41.99947694661598,8.328696833405841,1537,0,outer_ring
3120,91.24084380065798,50.778452576946584,10064,5,text_en_1919
3121,36.758973902981396,87.58915144256831,1271,0,outer_ring
3122,43.90634095776784,90.78898235666959,1017,0,outer_ring
3123,42.45892454148764,90.33697820398679,1074,0,outer_ring
3124,55.03013311757442,90.5476835466615,313,0,outer_ring
3125,45.3673417250171,92.72811244554957,910,0,outer_ring
3126,43.19208692879453,90.6781791146722,1039,0,outer_ring
3127,42.83472247797684,89.57763118454623,1068,0,outer_ring
3128,35.42561344121929,86.69071816576867,1303,0,outer_ring
3129,35.96016185836287,89.18505612227052,1274,0,outer_ring
3130,35.50693341229576,72.2030323461881,3647,1,inner_ring
3131,29.746471432426382,82.50873717586671,1363,0,outer_ring
3132,29.246947498594952,75.90906580896916,9384,5,text_en_1919
3133,25.184279457457446,63.19310508996534,9728,5,text_en_1919
3134,15.659889348628887,60.48095912534215,1392,0,outer_ring
3135,21.592173822953246,63.8668575791961,9698,5,text_en_1919
3136,24.865557783354078,38.76920916502737,10705,5,text_en_1919
3137,18.803933313066462,50.37018272166575,10236,5,text_en_1919
3138,21.39871456234699,50.13041956440614,10218,5,text_en_1919
3139,23.21069466115317,49.47541345616667,10274,5,text_en_1919
3140,29.713984194880002,50.96924653412655,5296,2,octagram
3141,37.51047177421173,52.872935048368305,6848,3,stroke_nan
3142,47.74051337974199,47.99276948144069,7054,3,stroke_nan
3143,45.245014484651755,51.1739491215478,6991,3,stroke_nan
3144,47.35730276081635,47.44257486652378,7084,3,stroke_nan
3145,46.56078747508841,55.02509024808215,6714,3,stroke_nan
3146,54.22119839386829,22.476139151247324,11055,5,text_en_1919
3147,56.62669260159631,53.58857399730424,7802,4,stroke_kai
3148,56.56686244338935,75.52595113981118,3520,1,inner_ring
3149,62.20520999435236,68.53356539840847,4723,2,octagram
3150,47.27008347565642,66.22030658736554,5031,2,octagram
3151,58.94625059686257,76.15952893582555,9219,5,text_en_1919
3152,49.76050281819778,49.32755009418978,7011,3,stroke_nan
3153,53.26267501156477,59.66616773146486,6615,3,stroke_nan
3154,49.55734683425594,45.63718459181443,7141,3,stroke_nan
3155,52.69872781340894,32.19100253218047,5895,2,octagram
3156,46.58764541962001,34.416920591525724,7562,3,stroke_nan
3157,51.92567760861101,37.15779256903959,7473,3,stroke_nan
3158,51.904523152776235,9.281690361783506,2075,0,outer_ring
3159,44.20128348534696,26.834809351115876,5793,2,octagram
3160,39.73798098812471,30.568043260907903,5676,2,octagram
3161,41.40586345361012,28.81176857246295,5726,2,octagram
3162,17.109315106604946,37.665272679152004,1404,0,outer_ring
3163,26.378969127016692,37.68816838394989,10717,5,text_en_1919
3164,48.11481478940081,52.92955372624699,6816,3,stroke_nan
3165,39.63040850185637,62.40646277955473,5086,2,octagram
3166,39.210167073616105,44.48399411454352,7226,3,stroke_nan
3167,33.79703830174298,43.34037581061164,5420,2,octagram
3168,35.65986167068907,33.86094803354026,5594,2,octagram
3169,29.47093709915927,28.370188698199893,3948,1,inner_ring
3170,31.414589536562815,41.10439501034229,5450,2,octagram
3171,42.709996966417684,22.492618539518098,4056,1,inner_ring
3172,45.11927294741298,9.489377978883288,1596,0,outer_ring
3173,48.561366810241076,16.175957832159565,11226,5,text_en_1919
3174,46.24528232803331,16.216683795584583,11200,5,text_en_1919
3175,44.016448515868724,9.723826624120408,1567,0,outer_ring
3176,59.21772211034758,24.91836233520825,5998,2,octagram
3177,55.91549514648916,32.36684880995489,8566,4,stroke_kai
3178,59.11022596958612,35.46998333799862,6090,2,octagram
3179,57.10843221638648,23.078911839052807,4145,1,inner_ring
3180,61.279712567582266,49.48811460374626,7988,4,stroke_kai
3181,64.09195741116541,50.59392986010127,7914,4,stroke_kai
3182,72.1500189049116,40.536830823307675,6399,2,octagram
3183,64.41142216412689,46.745697300031566,8060,4,stroke_kai
3184,66.20289134266594,55.9046305881581,7807,4,stroke_kai
3185,65.30317293854041,55.101021817212235,7834,4,stroke_kai
3186,74.02502107444145,62.15897437187768,4529,2,octagram
3187,64.82142373568132,62.49474053451804,7600,4,stroke_kai
3188,45.685557368172205,85.12163928297058,1001,0,outer_ring
3189,47.51496351107971,90.28461503507167,788,0,outer_ring
3190,58.41096776978253,86.18423134653703,159,0,outer_ring
3191,51.74237013347003,85.2257636197382,8637,5,text_en_1919
3192,52.631433383494674,91.14534390918249,437,0,outer_ring
3193,53.98751764138787,80.99537274498685,8917,5,text_en_1919
3194,52.88116525503217,83.5471548928908,8716,5,text_en_1919
3195,51.22091163225672,93.81229554145926,508,0,outer_ring
3196,47.874879110400464,81.77358211506828,8595,5,text_en_1919
3197,48.3527994864564,74.62217464530683,3571,1,inner_ring
3198,45.77844332059866,77.46787563621174,3589,1,inner_ring
3199,33.25126240563344,61.05199317746345,5134,2,octagram
3200,29.903919336299303,54.67769393854176,5260,2,octagram
3201,37.72040511843471,61.67550323800983,5097,2,octagram
3202,53.61995536164528,91.59253983051863,382,0,outer_ring
3203,60.38335713795311,95.23067355145263,128,0,outer_ring
3204,67.61405135559536,92.56240192899526,28,0,outer_ring
3205,68.74457582354377,91.83867333953941,18,0,outer_ring
3206,65.72042845072531,90.45960630936777,39,0,outer_ring
3207,60.92208937527813,85.68411566978543,8749,5,text_en_1919
3208,75.85487439275498,73.94058572121287,9427,5,text_en_1919
3209,66.58419175337299,73.0727130215306,3445,1,inner_ring
3210,73.97311621351436,76.1208958061828,9411,5,text_en_1919
3211,64.61057617552648,58.78138308947779,7688,4,stroke_kai
3212,75.21487662093894,50.964972972802315,6504,2,octagram
3213,82.35585728697238,59.38725392655149,3316,1,inner_ring
3214,80.1515522857932,56.28078948048604,4437,2,octagram
3215,87.90172865373667,65.50148991892529,9536,5,text_en_1919
3216,84.69651916341759,54.06131266007766,9956,5,text_en_1919
3217,86.04242923924666,47.64666216960592,3241,1,inner_ring
3218,92.66858805041726,51.97336149551544,10029,5,text_en_1919
3219,95.7788831158209,43.55666342096204,10434,5,text_en_1919
3220,98.9701826699226,40.395921184062566,10508,5,text_en_1919
3221,96.52321441559089,42.221868067104445,10492,5,text_en_1919
3222,53.18278473869116,29.811413748884647,5883,2,octagram
3223,63.78014815423603,47.48270065959615,8056,4,stroke_kai
3224,65.38918673342654,39.38319034668786,8326,4,stroke_kai
3225,66.13129328001646,38.123350749498975,8347,4,stroke_kai
3226,62.830152229624744,38.19574687874908,8379,4,stroke_kai
3227,77.99086040219802,36.38099213877163,4370,1,inner_ring
3228,74.19738337200822,56.92616721533823,4476,2,octagram
3229,74.55410307099505,38.83989824727755,6371,2,octagram
3230,66.16253400643053,17.28148772849402,10873,5,text_en_1919
3231,71.85176240235779,23.64341651009936,4275,1,inner_ring
3232,67.56778976905828,25.547325183421467,6148,2,octagram
3233,63.657788020506324,18.535668282614903,4193,1,inner_ring
3234,64.42021290383747,20.061313519101084,4199,1,inner_ring
3235,60.43799456399801,12.668760170909188,2842,0,outer_ring
3236,51.79817363983872,9.735076355277386,2062,0,outer_ring
3237,46.5839733934875,9.785818213522079,1658,0,outer_ring
3238,48.6502995304202,10.141538563057777,1777,0,outer_ring
3239,54.05199914686713,10.0595624605294,2296,0,outer_ring
3240,53.81519655987749,5.5616999450989555,2258,0,outer_ring
3241,54.06912337459904,5.292419566638323,2286,0,outer_ring
3242,55.91342000794137,11.508890247376089,2494,0,outer_ring
3243,58.05614367159519,7.620904020327526,2627,0,outer_ring
3244,57.214603210670084,6.0699933296724025,2559,0,outer_ring
3245,51.40756579434572,5.321345271082014,2041,0,outer_ring
3246,49.41867732912439,13.442086992847836,11339,5,text_en_1919
3247,51.076944127162626,8.215609654393525,2006,0,outer_ring
3248,55.915128525143466,16.05575478416817,11171,5,text_en_1919
3249,52.588571519118126,10.549337261546983,2138,0,outer_ring
3250,57.25903623010174,9.773536508985359,2591,0,outer_ring
3251,63.1681898780507,10.953940730181799,2948,0,outer_ring
3252,64.60607340935229,10.75778636166107,3007,0,outer_ring
3253,67.5364448478187,7.879089917365028,3103,0,outer_ring
3254,73.43480118753772,3.739818285748902,3213,0,outer_ring
3255,74.75503202326658,35.85814195705378,6346,2,octagram
3256,83.8488538070289,19.47607128051556,10838,5,text_en_1919
3257,61.198265597124546,6.572913155657378,2829,0,outer_ring
3258,66.22524053853618,9.97161325674329,3076,0,outer_ring
3259,71.15323933749343,13.121432521306243,4223,1,inner_ring
3260,46.348272425012446,17.522910570826458,11183,5,text_en_1919
3261,36.80138706428807,12.456800712056571,1447,0,outer_ring
3262,88.17223409304633,50.93621592087797,10092,5,text_en_1919
3263,51.86895528580855,90.82404530188704,480,0,outer_ring
3264,47.52080366080666,92.6186334273269,766,0,outer_ring
3265,45.002328705732126,91.95877834704025,940,0,outer_ring
3266,51.11210043744352,92.26299500447229,523,0,outer_ring
3267,54.533280903676896,95.72423579332091,333,0,outer_ring
3268,45.4991676819541,92.81998886766794,896,0,outer_ring
3269,38.601123309373214,91.30443159226179,1193,0,outer_ring
3270,40.50215617621538,85.89595435150248,1194,0,outer_ring
3271,35.193648338022506,83.57012378884873,1330,0,outer_ring
3272,34.70992404647737,69.52915012916655,5050,2,octagram
3273,42.13796059023577,69.98132618928503,5010,2,octagram
3274,23.22555944592293,67.27607543498459,9549,5,text_en_1919
3275,24.900838879872154,71.62602147969896,9490,5,text_en_1919
3276,17.755040422509083,60.55541507254832,9920,5,text_en_1919
3277,26.27441090451087,67.43397361674239,9614,5,text_en_1919
3278,23.63414664041492,59.19535738761801,9887,5,text_en_1919
3279,22.058835488986656,47.65426218196127,10435,5,text_en_1919
3280,22.489723281296715,50.57602147734372,10225,5,text_en_1919
3281,29.176990041800604,58.04438545199325,5221,2,octagram
3282,28.748123030672982,56.07375959742991,5240,2,octagram
3283,34.87160500007456,51.13666446203781,5329,2,octagram
3284,38.92749099302949,57.81764969916528,6723,3,stroke_nan
3285,41.03022769526261,49.28191024733623,6997,3,stroke_nan
3286,45.24713995489055,60.19808817723685,6611,3,stroke_nan
3287,49.026864473593854,47.87949205145587,7060,3,stroke_nan
3288,46.35226113550267,57.92213422924504,6655,3,stroke_nan
3289,61.816760531585075,54.69412905180345,7835,4,stroke_kai
3290,57.223084020773115,57.87134047601615,7640,4,stroke_kai
3291,64.6046558840442,67.61492938771366,4660,2,octagram
3292,63.126020129721816,78.8348013552759,9221,5,text_en_1919
3293,57.199696728020584,74.54348776878545,3513,1,inner_ring
3294,51.78375757614872,70.2986669843961,4874,2,octagram
3295,55.188617732021115,52.79100201773435,7797,4,stroke_kai
3296,57.30292740215911,25.595923682553988,5959,2,octagram
3297,48.455807831461385,38.94022225377312,7414,3,stroke_nan
3298,47.30345761384122,39.20932199028674,7409,3,stroke_nan
3299,56.055296460018724,35.48931271993297,8541,4,stroke_kai
3300,42.81882859991289,31.762937148439676,5673,2,octagram
3301,40.11055038989874,26.441483539595335,5743,2,octagram
3302,40.24390553797565,28.923039367995543,5712,2,octagram
3303,36.02981527012086,41.20241505736725,7341,3,stroke_nan
3304,25.72507975977017,35.44020828918246,10751,5,text_en_1919
3305,29.595106689042854,38.101680735129364,3888,1,inner_ring
3306,32.024149955962315,38.65663495048274,5469,2,octagram
3307,32.51748506560635,42.07224287217245,5433,2,octagram
3308,28.483743448593657,49.146820914441086,3813,1,inner_ring
3309,31.005027373705357,36.085920299390594,5514,2,octagram
3310,27.18790613000639,28.28234405084394,10814,5,text_en_1919
3311,24.51798956701148,34.19765585019884,10777,5,text_en_1919
3312,36.844118771361394,9.977231874046788,1459,0,outer_ring
3313,42.45184554058623,20.13303739306746,11011,5,text_en_1919
3314,44.05360313599098,16.945282970097875,11160,5,text_en_1919
3315,49.037688881278264,6.98751657126767,1837,0,outer_ring
3316,50.12546870420199,27.521805229070004,5857,2,octagram
3317,53.04849763484267,34.17381051475222,5901,2,octagram
3318,54.75246276344993,33.74738192304783,8561,4,stroke_kai
3319,59.18678191874065,29.816711453078284,5980,2,octagram
3320,57.42532475700358,29.45145102344591,5943,2,octagram
3321,51.34652112169126,35.932277811272414,7511,3,stroke_nan
3322,58.42959786442301,46.87459032250991,8076,4,stroke_kai
3323,57.750617532633115,44.67208828940227,8143,4,stroke_kai
3324,65.00575669258203,48.90619105533247,7982,4,stroke_kai
3325,64.2443703341482,51.390292948347366,7896,4,stroke_kai
3326,66.68268981642262,58.89660671678593,7668,4,stroke_kai
3327,68.64427974848192,53.74279847744579,7785,4,stroke_kai
3328,64.84464461875699,58.468227425325296,7694,4,stroke_kai
3329,67.15363443485755,77.60307195880411,9302,5,text_en_1919
3330,43.01125545236221,74.69563506693548,4974,2,octagram
3331,46.219856673760546,80.97105692831586,9128,5,text_en_1919
3332,51.114242193425,87.07832729994519,554,0,outer_ring
3333,52.30245436173029,88.3721029742543,462,0,outer_ring
3334,50.935151101274066,89.1888638302289,549,0,outer_ring
3335,54.13669256363488,86.93923319200384,364,0,outer_ring
3336,52.45870546043808,90.32341564691532,448,0,outer_ring
3337,54.41910126645124,90.74480886764694,344,0,outer_ring
3338,49.8857992058594,78.11378288380973,9135,5,text_en_1919
3339,49.431142847039034,75.22147392094699,3563,1,inner_ring
3340,48.09543612372328,78.11737377501397,9228,5,text_en_1919
3341,41.487422511057936,58.162406556679066,6681,3,stroke_nan
3342,28.676528736743958,63.6265127354951,3715,1,inner_ring
3343,35.255291228469744,59.59880355775099,6668,3,stroke_nan
3344,56.88365476568713,92.87147608356325,239,0,outer_ring
3345,63.93499761703569,86.76105933045764,8731,5,text_en_1919
3346,57.326941721665044,91.66531920972874,213,0,outer_ring
3347,63.95269406888254,93.59927919698569,58,0,outer_ring
3348,65.02924671630275,88.55730540334952,8643,5,text_en_1919
3349,66.0048332892201,85.37969019741729,8807,5,text_en_1919
3350,74.629905901841,85.03617619481638,8855,5,text_en_1919
3351,71.18501938835672,70.21866325328745,4638,2,octagram
3352,74.56348146972375,61.93545914642738,4525,2,octagram
3353,78.62939247222091,65.50212297875296,3356,1,inner_ring
3354,78.67714327506563,67.59066836959859,3362,1,inner_ring
3355,77.73669484113108,58.241567945458605,4456,2,octagram
3356,83.74368835226804,64.56612868107312,9644,5,text_en_1919
3357,79.251636814296,53.112172405915274,6552,2,octagram
3358,81.99518364815926,55.883926445529845,4420,2,octagram
3359,84.46378868972543,51.46201722131167,3272,1,inner_ring
3360,86.27612323084348,51.22592213645604,10108,5,text_en_1919
3361,90.7994242019231,60.6029239743669,9729,5,text_en_1919
3362,87.07786589584668,37.97910418460073,10688,5,text_en_1919
3363,88.48691381339206,53.045463821840016,9963,5,text_en_1919
3364,61.410146415054115,35.02002201207576,8459,4,stroke_kai
3365,50.15678841235832,35.64527326055583,7499,3,stroke_nan
3366,60.07606632372858,33.92869099955823,6094,2,octagram
3367,62.70607225046127,42.84754404206671,8234,4,stroke_kai
3368,55.620644970039685,29.16788992400007,5927,2,octagram
3369,72.95550145815527,44.85249906120381,6429,2,octagram
3370,76.10008989622122,53.48958728188379,6541,2,octagram
3371,75.46540826475702,47.5474878819353,3240,1,inner_ring
3372,68.06156196417099,28.61433285420237,6186,2,octagram
3373,68.79912354727153,23.006409854791738,6118,2,octagram
3374,60.979149608314614,21.94161752986291,6024,2,octagram
3375,63.38175726938596,18.94019709291584,4191,1,inner_ring
3376,62.86051572242019,10.66022212220543,2936,0,outer_ring
3377,58.36183407099541,18.365983174288232,11050,5,text_en_1919
3378,58.65909036286245,7.6518001578060355,2670,0,outer_ring
3379,55.18739831315708,10.316002466228795,2422,0,outer_ring
3380,50.99289308206533,10.353450918329068,1988,0,outer_ring
3381,51.355953275207966,10.357764255433626,2019,0,outer_ring
3382,48.37704929069254,6.2093026716683255,1792,0,outer_ring
3383,54.08080107775217,7.950516337960364,2293,0,outer_ring
3384,58.18467299997071,2.7552194715241436,2607,0,outer_ring
3385,56.18071409859222,7.717919239308979,2492,0,outer_ring
3386,63.19648273982942,8.293277374755958,2928,0,outer_ring
3387,50.85761729051284,6.186571505610473,1996,0,outer_ring
3388,55.87131618264009,2.144098106911469,2438,0,outer_ring
3389,48.62604487563578,7.933071698822932,1796,0,outer_ring
3390,46.38687602143506,3.5177343663784058,1700,0,outer_ring
3391,49.24542686038087,6.62366445289871,1854,0,outer_ring
3392,56.230381324949725,7.509562662309152,2496,0,outer_ring
3393,58.92083903802828,12.24548199147223,11354,5,text_en_1919
3394,65.07925347499919,24.656504060947988,6127,2,octagram
3395,69.24486386167565,24.169898449668935,6136,2,octagram
3396,78.26594251244933,7.7279557120327,3223,0,outer_ring
3397,80.12519856160162,26.230012467597277,4327,1,inner_ring
3398,78.98683196800377,21.612127379337114,10810,5,text_en_1919
3399,66.18529213162041,10.952254103393205,11295,5,text_en_1919
3400,68.03781570468982,9.885936589488313,3155,0,outer_ring
3401,70.94248996737304,7.0637909350107355,3204,0,outer_ring
3402,41.208012762640934,27.350255560135054,5741,2,octagram
3403,44.17928445000347,9.582889516715198,1570,0,outer_ring
3404,90.86391707117703,58.21046749025135,9822,5,text_en_1919
3405,44.70323206326237,90.81458721562558,971,0,outer_ring
3406,49.32271431575286,93.66813716878106,613,0,outer_ring
3407,42.344551059933394,91.6437641847094,1066,0,outer_ring
3408,59.070117488709904,94.0031160992312,158,0,outer_ring
3409,42.94571051942124,86.257377377938,1101,0,outer_ring
3410,42.55854741927126,90.22410487924549,1070,0,outer_ring
3411,42.0090059301995,87.70018305915298,1121,0,outer_ring
3412,41.77659561509376,90.03569558639981,1102,0,outer_ring
3413,37.371378744890244,87.17365121915736,1262,0,outer_ring
3414,36.54421069360405,76.0276872546039,3634,1,inner_ring
3415,28.80736738635521,76.18702240554474,9373,5,text_en_1919
3416,24.923932763047826,73.97183701742198,9449,5,text_en_1919
3417,25.95077442674411,68.09517939555596,9601,5,text_en_1919
3418,25.621729435518766,68.85062154586579,9558,5,text_en_1919
3419,21.93076163970441,58.04054738087008,9950,5,text_en_1919
3420,20.002299094799056,52.7204105200119,10195,5,text_en_1919
3421,19.44691817110131,53.417105507726156,10210,5,text_en_1919
3422,27.333886966698568,48.814835046602774,3816,1,inner_ring
3423,23.812813005697866,49.36946974887253,10257,5,text_en_1919
3424,33.27119275596479,58.61288368864935,5142,2,octagram
3425,34.42729791911911,53.73633858428719,5289,2,octagram
3426,38.50557007820431,52.85793992891851,6882,3,stroke_nan
3427,41.585533378511954,52.692281889935,6803,3,stroke_nan
3428,45.89348914264981,61.250061617119435,6586,3,stroke_nan
3429,43.20040544627575,56.17498316129435,6696,3,stroke_nan
3430,50.865614620576864,64.33799595615665,4857,2,octagram
3431,50.35746340694109,72.56726918011255,4900,2,octagram
3432,59.62104059014503,55.7377417027055,7853,4,stroke_kai
3433,56.33770659922936,65.51708047347368,4807,2,octagram
3434,61.54485958838393,71.45942899790259,4716,2,octagram
3435,57.52613310069269,73.98583355110895,3508,1,inner_ring
3436,48.26910820420548,42.68260126721212,7278,3,stroke_nan
3437,49.76063018331311,55.357621510391795,6717,3,stroke_nan
3438,50.39332905288846,44.97652993335205,7169,3,stroke_nan
3439,46.747253400767214,38.49356287204383,7438,3,stroke_nan
3440,60.81528801315627,28.528726451774745,6081,2,octagram
3441,45.413654589981164,45.030106991900674,7176,3,stroke_nan
3442,48.71832583294825,23.8387190352689,4084,1,inner_ring
3443,45.78067100678216,23.82893628512126,4070,1,inner_ring
3444,45.02125756498736,13.49428398466347,1569,0,outer_ring
3445,40.434411262634626,39.49901367092232,7399,3,stroke_nan
3446,22.00852563219056,36.44005084447901,10724,5,text_en_1919
3447,17.93545686798246,41.87738052901689,10621,5,text_en_1919
3448,29.56712896837337,43.52885105187254,3854,1,inner_ring
3449,38.57477162279326,42.61259917302121,7308,3,stroke_nan
3450,34.93858428937407,51.644011884444026,5320,2,octagram
3451,30.86888400224769,33.34915548717867,3915,1,inner_ring
3452,25.94764041345843,32.684942675963306,10786,5,text_en_1919
3453,27.895582560982948,26.570155979241058,10830,5,text_en_1919
3454,38.669657147915466,21.6585345798007,10915,5,text_en_1919
3455,33.81631425156126,17.9755720888729,1427,0,outer_ring
3456,48.55390193874424,6.615610011815064,1807,0,outer_ring
3457,45.20669494026396,19.95826695663189,10936,5,text_en_1919
3458,45.831296514332706,22.737639245592764,4073,1,inner_ring
3459,48.824498570632336,26.634228468757243,5829,2,octagram
3460,52.379454005090665,8.287630373186067,2117,0,outer_ring
3461,46.262319735055776,11.576883963014327,1636,0,outer_ring
3462,51.27540936507697,32.225240326831745,7555,3,stroke_nan
3463,57.28327338794611,39.450112872314044,8438,4,stroke_kai
3464,57.95271974405696,51.56094693632816,7959,4,stroke_kai
3465,63.56750076376761,47.96926269224791,8035,4,stroke_kai
3466,65.16995243713005,48.462238258485115,7999,4,stroke_kai
3467,65.06002215411067,52.717167759369296,7790,4,stroke_kai
3468,66.94814487636819,56.321041631639204,7783,4,stroke_kai
3469,70.66290260344107,60.39763209547004,7664,4,stroke_kai
3470,66.39433943905762,73.03116372120358,4686,2,octagram
3471,64.03708885516369,63.49745232844215,7597,4,stroke_kai
3472,46.64345711519102,77.52176636499667,3580,1,inner_ring
3473,48.000681574904256,85.35081814491174,821,0,outer_ring
3474,42.16034271782651,89.11451112940735,1098,0,outer_ring
3475,43.283827880134965,88.8874214154846,1057,0,outer_ring
3476,53.30314855508365,89.1653670485829,405,0,outer_ring
3477,57.824910466891325,84.16057713343342,8718,5,text_en_1919
3478,55.67196607976143,84.49321019761331,8659,5,text_en_1919
3479,54.4320467317403,84.84862558535315,8624,5,text_en_1919
3480,50.83909742582928,78.69501111956598,9055,5,text_en_1919
3481,40.657292195421235,70.71490808142148,3631,1,inner_ring
3482,47.13165120742047,72.60102031500863,4930,2,octagram
3483,28.80967842689464,56.0907574730711,5242,2,octagram
3484,40.912788787934666,58.56929852391079,6688,3,stroke_nan
3485,30.515676562826226,69.54549919400975,9584,5,text_en_1919
3486,60.37368636092521,88.1118460173229,8671,5,text_en_1919
3487,63.99244289088055,95.67382987562557,62,0,outer_ring
3488,62.99053683204923,89.58935810265457,8634,5,text_en_1919
3489,59.64769305899711,92.94790458917592,145,0,outer_ring
3490,60.08249465136913,85.61339346984501,8827,5,text_en_1919
3491,71.649454338204,87.64595034356473,8784,5,text_en_1919
3492,71.33775647990824,80.55606751417494,9192,5,text_en_1919
3493,69.44249341697487,78.07775136781693,9296,5,text_en_1919
3494,72.09576405292046,70.6488762089033,3412,1,inner_ring
3495,75.03475805530358,61.425116462454085,4522,2,octagram
3496,77.2003976654171,62.17380388884198,4509,2,octagram
3497,82.10304365232093,63.23961567741768,9694,5,text_en_1919
3498,74.20128351858656,63.06870849637266,4528,2,octagram
3499,80.71597394540996,55.99410872399918,4431,2,octagram
3500,85.35169943405796,64.1612472240855,9645,5,text_en_1919
3501,87.24642879431538,52.32625509099641,9986,5,text_en_1919
3502,87.53007627119759,57.34147870004557,9843,5,text_en_1919
3503,88.77906912517699,62.778544590049094,9717,5,text_en_1919
3504,92.01761880807437,39.26380095921776,10533,5,text_en_1919
3505,95.10633674182488,59.68847272535622,9810,5,text_en_1919
3506,52.15929037058273,36.716438195740196,7481,3,stroke_nan
3507,58.76582540651528,39.18235328665102,8373,4,stroke_kai
3508,70.58943663099302,40.63148377546875,6407,2,octagram
3509,68.36943856522598,37.293931679107246,8342,4,stroke_kai
3510,63.780020071402994,38.41559910286618,8360,4,stroke_kai
3511,62.83895130694167,22.991075737766653,6051,2,octagram
3512,73.0103614973036,26.707738540497424,4301,1,inner_ring
3513,79.37013256804345,44.69473579732841,3230,1,inner_ring
3514,77.69275726840425,41.98586781037852,4407,1,inner_ring
3515,63.1945966454909,18.310459074417842,4187,1,inner_ring
3516,62.93873053488065,37.24428974261956,8401,4,stroke_kai
3517,65.68636164741831,12.937267291260723,11060,5,text_en_1919
3518,62.31797939850471,21.39152984889341,6035,2,octagram
3519,61.123853969898285,14.604663378254791,11043,5,text_en_1919
3520,56.98287335505808,13.62872579795368,11306,5,text_en_1919
3521,57.24781562975149,10.276242056747446,2596,0,outer_ring
3522,42.4056264688564,7.737060477558803,1546,0,outer_ring
3523,49.73041168144165,6.160244082402371,1900,0,outer_ring
3524,45.04582901581706,8.159311898548648,1608,0,outer_ring
3525,49.77319158283559,6.2560491334420965,1904,0,outer_ring
3526,56.28882216419565,7.235194777735975,2501,0,outer_ring
3527,52.59458287520428,11.514188338006631,2136,0,outer_ring
3528,52.01742148319447,7.3848588507918915,2086,0,outer_ring
3529,47.78135024687066,13.261168995157904,11355,5,text_en_1919
3530,51.83947485434079,10.270680839230945,2068,0,outer_ring
3531,53.430584318506845,7.267017253100949,2226,0,outer_ring
3532,48.09993435232521,5.986949624346893,1776,0,outer_ring
3533,55.446106494021215,8.90452799117417,2434,0,outer_ring
3534,60.04870708160144,8.395917002108723,2770,0,outer_ring
3535,68.08286633795136,9.754697485664028,3154,0,outer_ring
3536,61.928882941238754,8.70748797102565,2876,0,outer_ring
3537,68.18072829205236,8.6778896361058,3141,0,outer_ring
3538,75.64738406647827,20.52739228580682,10823,5,text_en_1919
3539,75.19860279164517,22.106137509026123,4284,1,inner_ring
3540,70.87599260877971,27.47249805833106,6221,2,octagram
3541,69.07216844911096,6.506381803232153,3146,0,outer_ring
3542,71.1594908719313,2.8236147456059504,3174,0,outer_ring
3543,67.03606615855858,7.582088605013179,3079,0,outer_ring
3544,52.64285652315897,7.556126479803222,2151,0,outer_ring
3545,47.44756722149468,14.847767007690885,11247,5,text_en_1919
3546,90.7914087816314,49.561492486955046,10103,5,text_en_1919
3547,46.84418071322924,88.72675367240812,862,0,outer_ring
3548,38.66840979871648,88.32053224677145,1221,0,outer_ring
3549,38.10568811616467,89.90765205089902,1220,0,outer_ring
3550,49.36710289542777,89.27303722702798,655,0,outer_ring
3551,49.627753198952725,94.24373154855206,588,0,outer_ring
3552,46.129426051030684,91.24095937652386,874,0,outer_ring
3553,44.450369210791145,86.52396382068103,1035,0,outer_ring
3554,35.51094906665532,87.80006843435874,1294,0,outer_ring
3555,38.90226858571793,75.40761072890967,3628,1,inner_ring
3556,31.36959102472876,76.83355804523059,9346,5,text_en_1919
3557,31.730895890435136,76.2282266756224,9379,5,text_en_1919
3558,36.10817547110424,78.29290004811611,9374,5,text_en_1919
3559,26.41043526236176,70.1798629196753,9559,5,text_en_1919
3560,17.594434687325407,64.60804948522645,1389,0,outer_ring
3561,21.616339116711693,59.474008970068084,9906,5,text_en_1919
3562,24.363171493678763,54.33984883520014,10018,5,text_en_1919
3563,23.73028170683785,51.762713973075044,10191,5,text_en_1919
3564,24.541539464340882,43.35268327998355,10574,5,text_en_1919
3565,31.29114683164334,53.470491907991374,5281,2,octagram
3566,29.062086988079887,58.002835269763736,5226,2,octagram
3567,37.66999593329625,41.222044651159734,7351,3,stroke_nan
3568,44.321438837668644,57.57846761070238,6658,3,stroke_nan
3569,49.24773682800477,41.77535764760038,7297,3,stroke_nan
3570,48.34514333616613,62.74859365414007,6580,3,stroke_nan
3571,48.36545215620836,73.99104431002112,3573,1,inner_ring
3572,52.003571527287605,49.870246007035036,6975,3,stroke_nan
3573,54.679391565696335,64.89045121944596,4831,2,octagram
3574,62.64452201412755,68.40533079375533,4718,2,octagram
3575,59.09652931961086,69.88576588505688,4744,2,octagram
3576,64.10552737584341,72.0111002169573,4696,2,octagram
3577,58.38688953373484,76.17047237008599,9097,5,text_en_1919
3578,59.446487011843715,74.30674260122132,9231,5,text_en_1919
3579,55.364475012367116,69.18219626589926,3523,1,inner_ring
3580,43.26451217043801,44.36558450253389,7253,3,stroke_nan
3581,46.77429722386394,41.96756808240556,7337,3,stroke_nan
3582,51.45321387846061,39.707904092908485,7425,3,stroke_nan
3583,49.392586020407165,41.723093227451066,7305,3,stroke_nan
3584,42.71120700506954,35.49692086572038,5639,2,octagram
3585,51.16967134334852,10.596612591547311,2002,0,outer_ring
3586,40.57464520724097,18.412485472635012,11199,5,text_en_1919
3587,32.74448128030094,29.05015301419567,3963,1,inner_ring
3588,31.089557301245442,33.90513943655251,5526,2,octagram
3589,21.135665647541433,36.320276430324896,10774,5,text_en_1919
3590,30.94104444247518,47.661108680907546,3825,1,inner_ring
3591,30.122691648003006,44.43547435203349,3847,1,inner_ring
3592,41.15603213213216,56.170128584428156,6690,3,stroke_nan
3593,25.799878047539707,37.84221463347412,10730,5,text_en_1919
3594,30.103791366838045,32.41367998699187,3922,1,inner_ring
3595,29.00804652589356,33.0744860758507,3909,1,inner_ring
3596,39.42792046803049,14.104662322428224,1469,0,outer_ring
3597,36.84143722660709,18.71457601247627,11233,5,text_en_1919
3598,39.269444576997856,11.651750640653727,1478,0,outer_ring
3599,50.45373307022966,15.777583861365889,1893,0,outer_ring
3600,43.782990843441844,11.208694535897724,1555,0,outer_ring
3601,53.59315197383376,31.07666458877852,5893,2,octagram
3602,64.06399081254835,25.78388753251357,6137,2,octagram
3603,48.86557640017256,38.476570000755935,7436,3,stroke_nan
3604,50.82715650372603,38.06711280570336,7461,3,stroke_nan
3605,56.88621657262232,46.8779942110197,8096,4,stroke_kai
3606,52.07740208982882,37.422315742188275,7474,3,stroke_nan
3607,64.29668536816656,46.867379208115196,8057,4,stroke_kai
3608,60.936807873785,46.21956437229536,8100,4,stroke_kai
3609,59.998358683368636,45.49748355266264,8151,4,stroke_kai
3610,70.95968719455603,62.14832810295743,4556,2,octagram
3611,76.02050779383413,60.99973875890766,4505,2,octagram
3612,71.76664109495816,61.756220044143454,4554,2,octagram
3613,73.18283496646566,56.268635723614224,4477,2,octagram
3614,46.576283559281855,89.05913311699452,876,0,outer_ring
3615,46.71330459142594,85.08738950962753,935,0,outer_ring
3616,44.084781114867056,84.71136920129621,8723,5,text_en_1919
3617,54.82551783733364,89.1579386890669,321,0,outer_ring
3618,54.150816043479324,83.11156465643398,8769,5,text_en_1919
3619,53.14711767931414,91.9010778469588,408,0,outer_ring
3620,57.23282542824377,89.86935576023548,215,0,outer_ring
3621,55.864658204208425,79.84725587381254,9012,5,text_en_1919
3622,48.7511242579524,82.13507251092398,8622,5,text_en_1919
3623,49.61270436451461,72.1812297580812,4904,2,octagram
3624,46.40811068007495,77.20138627611047,3582,1,inner_ring
3625,29.670680120217817,63.08186567516177,3713,1,inner_ring
3626,35.55733737493766,59.94306662177512,6652,3,stroke_nan
3627,39.57482079775201,58.02136833618064,6710,3,stroke_nan
3628,65.20697858766562,92.24394493833675,46,0,outer_ring
3629,54.32253092253421,93.48807944944568,347,0,outer_ring
3630,61.37578958282347,95.815064085157,102,0,outer_ring
3631,65.40400904714977,91.26958507351827,44,0,outer_ring
3632,71.18245211308687,89.8758228614179,8,0,outer_ring
3633,75.56956795419033,75.34623914296627,9375,5,text_en_1919
3634,66.91117498560955,76.73086306755988,9313,5,text_en_1919
3635,81.67714629912734,70.65257707735469,9472,5,text_en_1919
3636,68.89975780874028,74.03025345868056,3437,1,inner_ring
3637,76.51991041067329,70.29593828162189,3387,1,inner_ring
3638,69.52193225996649,73.96782799998816,9361,5,text_en_1919
3639,77.76554736238927,53.496394730641576,6549,2,octagram
3640,76.55832715594583,62.86796413840245,4507,2,octagram
3641,80.21217923411386,58.27695464137847,3315,1,inner_ring
3642,87.3820749223189,58.90611266726794,9794,5,text_en_1919
3643,89.64499198446737,46.58802074725844,10302,5,text_en_1919
3644,89.1474094226742,43.4636240326421,10431,5,text_en_1919
3645,95.518803906681,52.6747631553345,10020,5,text_en_1919
3646,96.86917238100018,45.64714149373762,10254,5,text_en_1919
3647,89.1636909494285,53.57541393316881,9944,5,text_en_1919
3648,63.52106790185364,24.050476373183056,6065,2,octagram
3649,59.46766773819771,40.308718499851445,8323,4,stroke_kai
3650,62.73657605489948,44.94400582571219,8133,4,stroke_kai
3651,63.175237402861434,29.561950257949395,8545,4,stroke_kai
3652,82.28418461440765,44.7569901546423,10382,5,text_en_1919
3653,61.827512206599174,33.28800821879244,8503,4,stroke_kai
3654,77.5395462600143,37.32277736232528,4375,1,inner_ring
3655,72.06175589482358,44.84478238655954,6436,2,octagram
3656,65.43505475906012,38.98277579970233,8359,4,stroke_kai
3657,65.3545884361424,26.139144615836823,6146,2,octagram
3658,75.20041184641534,37.1945152271777,6350,2,octagram
3659,56.45339633557635,17.156284429363218,11143,5,text_en_1919
3660,56.82593851304987,18.26871186879225,11035,5,text_en_1919
3661,62.943505983784156,14.640722408986099,11020,5,text_en_1919
3662,58.9717649502348,10.091729130763209,2722,0,outer_ring
3663,44.540211580654294,9.436564557725102,1578,0,outer_ring
3664,51.23702329186073,7.401804502260493,2023,0,outer_ring
3665,55.25041791005042,8.949447213245707,2420,0,outer_ring
3666,45.817539471987985,10.083701586841123,1630,0,outer_ring
3667,50.645714674811884,5.246460165626705,1981,0,outer_ring
3668,59.605343403498196,8.053322718038947,2745,0,outer_ring
3669,62.17633121296865,10.396767723678867,2900,0,outer_ring
3670,64.23443467713936,8.330679570409604,2962,0,outer_ring
3671,51.20798351474667,6.730981526788443,2024,0,outer_ring
3672,47.112194704973135,10.94934539607211,1674,0,outer_ring
3673,53.64424652582887,8.489792432646997,2248,0,outer_ring
3674,55.4801399456134,13.581736779004737,11299,5,text_en_1919
3675,59.30633699957948,6.010024652338513,2704,0,outer_ring
3676,59.740044509781576,4.152402632361149,2721,0,outer_ring
3677,62.9804991953774,5.655833473440931,2896,0,outer_ring
3678,62.95745932260109,9.345986216037597,2926,0,outer_ring
3679,64.4939498463254,7.27665985315831,2963,0,outer_ring
3680,75.87133014151274,29.737914214412704,4332,1,inner_ring
3681,94.17844076817829,33.088418596985335,10761,5,text_en_1919
3682,75.19479325237599,27.180289216501514,4315,1,inner_ring
3683,69.97163274999177,8.589359316157383,3200,0,outer_ring
3684,74.33630546359765,6.398390649814413,3220,0,outer_ring
3685,65.2256013067497,8.015619434699547,3000,0,outer_ring
3686,43.900974713545054,19.567009251911237,10959,5,text_en_1919
3687,39.02495354644567,23.60336733090443,4036,1,inner_ring
3688,89.53712549692244,41.80331850518457,10472,5,text_en_1919
3689,48.86640109696736,93.41512254786578,650,0,outer_ring
3690,46.861713440160194,93.82733079440739,790,0,outer_ring
3691,38.15126602772736,91.33802251408693,1202,0,outer_ring
3692,56.080954766512285,92.32058979678206,264,0,outer_ring
3693,51.25075518436266,91.33320199629685,520,0,outer_ring
3694,46.823197602366136,89.99690235697625,838,0,outer_ring
3695,41.41761035166641,88.24834481674576,1139,0,outer_ring
3696,36.17601735294893,88.23660232070182,1278,0,outer_ring
3697,39.164741993750866,88.02505256947067,1209,0,outer_ring
3698,31.346469873367063,69.54885351438043,3675,1,inner_ring
3699,34.69967138004044,75.27065851255372,3644,1,inner_ring
3700,28.844439302151795,68.88502121041707,9595,5,text_en_1919
3701,26.199599382202027,69.89337608864264,9568,5,text_en_1919
3702,24.202305644309565,78.32344530219846,1378,0,outer_ring
3703,24.965353281623614,64.57123618005397,9697,5,text_en_1919
3704,23.147881093165346,52.70951922835443,10156,5,text_en_1919
3705,21.307981219811268,43.12274718388175,10590,5,text_en_1919
3706,27.505510141891108,50.12440283987713,3806,1,inner_ring
3707,27.193575571052417,51.909406507027704,3789,1,inner_ring
3708,31.44748215856373,59.19652927482168,5163,2,octagram
3709,30.806042308222445,54.54949831027818,5267,2,octagram
3710,46.198073836417514,58.406326486937076,6639,3,stroke_nan
3711,44.80128592061159,48.64727411783773,7045,3,stroke_nan
3712,41.901523778963174,53.48571421980457,6792,3,stroke_nan
3713,49.17914179396715,53.20022081678804,6797,3,stroke_nan
3714,53.108767165658335,50.74100425406643,6936,3,stroke_nan
3715,43.70557099232773,69.389105478065,5011,2,octagram
3716,61.79730270423175,58.615488433270656,7702,4,stroke_kai
3717,52.14212330006797,66.34940048695813,4860,2,octagram
3718,59.774019833765585,76.88107845459673,9189,5,text_en_1919
3719,51.2397863938291,79.92530282464497,8987,5,text_en_1919
3720,60.661907809120834,57.051603255452825,7780,4,stroke_kai
3721,47.4311434412745,53.34387946071143,6788,3,stroke_nan
3722,51.1267384092711,43.8801400271869,7208,3,stroke_nan
3723,46.05814706712765,37.02436334111054,7484,3,stroke_nan
3724,44.07839848280868,45.53615514897172,7146,3,stroke_nan
3725,49.05322976988923,44.612804485088354,7140,3,stroke_nan
3726,49.078846578568275,42.623030692536716,7266,3,stroke_nan
3727,46.38887071276851,26.266749948084165,5813,2,octagram
3728,43.06798384897273,11.430088543535174,1540,0,outer_ring
3729,39.80602421465581,34.063217375984784,5632,2,octagram
3730,33.340394398366314,31.38821935143452,5584,2,octagram
3731,30.09658405566952,36.29953349264154,5506,2,octagram
3732,26.529066633659305,35.961428245606946,10753,5,text_en_1919
3733,37.17388775384669,41.53196127232967,7345,3,stroke_nan
3734,45.9105430080314,44.11375514171654,7241,3,stroke_nan
3735,27.841704063570393,48.78075408746039,3818,1,inner_ring
3736,26.835054320519546,36.17881355321264,10732,5,text_en_1919
3737,31.782015006651886,29.820734838392465,3950,1,inner_ring
3738,30.191279094726845,14.29627311594334,1421,0,outer_ring
3739,41.06212889035701,13.693297889272477,1496,0,outer_ring
3740,52.85240225844155,8.473161999585107,2169,0,outer_ring
3741,48.65467759979505,22.709679604874044,4086,1,inner_ring
3742,49.93810686708087,20.10810480641469,10963,5,text_en_1919
3743,47.97273156536615,40.51011538042529,7364,3,stroke_nan
3744,48.88156789106779,10.88821952493629,1786,0,outer_ring
3745,54.52644792420258,31.58190854692132,5910,2,octagram
3746,52.47162354867082,31.645517978421427,5891,2,octagram
3747,66.76190597978933,33.82385619592149,8472,4,stroke_kai
3748,59.96517998065129,43.53037399205424,8197,4,stroke_kai
3749,65.02769284588734,51.734654622601084,7901,4,stroke_kai
3750,60.195722201089175,50.24045226833636,7996,4,stroke_kai
3751,72.23048400164339,50.3194414549722,6490,2,octagram
3752,71.80405418105947,55.211003792226585,4480,2,octagram
3753,73.75898060246021,57.780128810845675,4519,2,octagram
3754,62.49628930201439,74.55719020676214,3470,1,inner_ring
3755,70.3506984279046,65.58604336965283,4596,2,octagram
3756,45.1781610489744,78.38281517204904,3591,1,inner_ring
3757,47.927607699945156,86.1247429220692,816,0,outer_ring
3758,49.81232977916446,92.33842507887292,591,0,outer_ring
3759,53.69596527334481,88.19015069136366,386,0,outer_ring
3760,55.88932676357198,87.52562238061279,270,0,outer_ring
3761,58.28687609019486,81.07697640926101,8976,5,text_en_1919
3762,53.74315084720759,84.90664287901906,8623,5,text_en_1919
3763,54.68548597718244,81.77799799847433,8870,5,text_en_1919
3764,54.08464178810755,73.4165377153036,3531,1,inner_ring
3765,45.61921963014476,85.09432807817444,1004,0,outer_ring
3766,47.71489817075425,77.98579227955508,9238,5,text_en_1919
3767,30.189435646572655,64.9854410659822,3700,1,inner_ring
3768,26.077244688506013,60.109784028356586,3741,1,inner_ring
3769,28.810339652178204,57.43209707113774,5229,2,octagram
3770,57.7766544174487,94.97712948169277,198,0,outer_ring
3771,59.72379642455239,92.30244776657906,143,0,outer_ring
3772,60.98062414624688,91.88607695466632,98,0,outer_ring
3773,64.4601627479326,86.54569899444324,8762,5,text_en_1919
3774,68.7097791086461,93.27822433680078,22,0,outer_ring
3775,74.38107788356606,81.3435765473971,9089,5,text_en_1919
3776,73.51378496012885,84.89407191964735,8900,5,text_en_1919
3777,68.99046737782844,67.38050757120796,4613,2,octagram
3778,81.24877467006498,81.39416272256156,0,0,outer_ring
3779,78.25735030580798,68.77307656672986,3369,1,inner_ring
3780,75.77559141606514,67.4755117963516,3375,1,inner_ring
3781,81.98102848455096,65.55174569687804,9619,5,text_en_1919
3782,82.18222607581811,69.53805550208247,9450,5,text_en_1919
3783,83.14269385874891,51.912959394826444,3275,1,inner_ring
3784,80.73153124099147,46.623502624121734,10309,5,text_en_1919
3785,86.37308376019654,60.68448268285542,9753,5,text_en_1919
3786,90.08078393907947,48.91541467090015,10112,5,text_en_1919
3787,98.95740326566599,37.00163627631829,10550,5,text_en_1919
3788,89.99219406508796,53.675194805512255,9926,5,text_en_1919
3789,94.45845494997072,47.694674465868395,10175,5,text_en_1919
3790,63.85429052355541,32.59220193464919,8513,4,stroke_kai
3791,60.42716617480791,42.61023259233772,8237,4,stroke_kai
3792,57.38992343678553,51.074814843085406,7958,4,stroke_kai
3793,67.7463114027427,29.79930886863307,6193,2,octagram
3794,77.61045164014335,29.921430374661213,4337,1,inner_ring
3795,74.71603363353398,33.138296986690506,6293,2,octagram
3796,75.13217618769053,35.77659621958359,6342,2,octagram
3797,66.30576431313601,31.386339568421967,8531,4,stroke_kai
3798,73.44507397130278,43.30338068020732,6415,2,octagram
3799,62.280461158575356,18.578835328657355,4179,1,inner_ring
3800,62.21853678701121,40.318122207598286,8296,4,stroke_kai
3801,66.39533378963495,24.91341351943126,6133,2,octagram
3802,57.2812277893478,7.48546377962247,2573,0,outer_ring
3803,60.056777444750914,16.78941486004045,4155,1,inner_ring
3804,57.677169293223834,15.612676441702442,11263,5,text_en_1919
3805,56.820987950792926,5.2398212323256566,2525,0,outer_ring
3806,47.095620899807315,8.585255637292954,1694,0,outer_ring
3807,52.22754809371271,7.826644862407647,2107,0,outer_ring
3808,55.088351710442105,4.566280137645742,2380,0,outer_ring
3809,63.82119063398345,8.289488342202434,2952,0,outer_ring
3810,60.54561861796228,13.09961250739883,11318,5,text_en_1919
3811,59.0615359205996,5.99117060533694,2685,0,outer_ring
3812,57.75276397801977,11.710331065322215,2637,0,outer_ring
3813,49.12029543323303,5.698557836250259,1852,0,outer_ring
3814,54.36986211266328,5.004443549524991,2316,0,outer_ring
3815,50.69963164480179,5.876029340316107,1983,0,outer_ring
3816,50.17053900172332,9.92891961650691,1914,0,outer_ring
3817,52.40935715247794,7.592146394002064,2126,0,outer_ring
3818,55.1032659657626,8.100333136380067,2398,0,outer_ring
3819,58.17435479103261,6.263635479254703,2625,0,outer_ring
3820,61.87765362496754,15.19372179549613,10999,5,text_en_1919
3821,67.44197682464377,6.784656114818162,3090,0,outer_ring
3822,82.80211530084897,36.156296289192454,10675,5,text_en_1919
3823,67.27152967325694,29.41247173624666,6184,2,octagram
3824,66.15913617272751,22.017636357213416,6101,2,octagram
3825,67.92861282623001,9.4594906764236,3142,0,outer_ring
3826,67.08283103463684,5.087293917863944,3051,0,outer_ring
3827,77.16610421236669,22.47069666444158,10816,5,text_en_1919
3828,41.248622791247755,29.572251273394283,5705,2,octagram
3829,43.52425174936152,23.010475096340482,4059,1,inner_ring
3830,91.44593413002221,41.39086841169902,10498,5,text_en_1919
3831,49.325080156180725,91.3536374624188,634,0,outer_ring
3832,48.28738246885441,92.89681993133851,703,0,outer_ring
3833,44.57856490101847,92.14734310095619,958,0,outer_ring
3834,53.325918112910195,90.5387804400007,402,0,outer_ring
3835,47.80331189515719,89.13325381425477,783,0,outer_ring
3836,45.37835640578056,90.89253453377634,934,0,outer_ring
3837,44.14711463920013,85.47323193125096,8665,5,text_en_1919
3838,34.61829081851358,85.91776164897769,1321,0,outer_ring
3839,39.91565881981684,90.85857819252145,1161,0,outer_ring
3840,31.19685702214016,75.74691250116861,9423,5,text_en_1919
3841,34.37321321076384,80.07842254008494,8997,5,text_en_1919
3842,25.910268614805428,68.13545199017436,9591,5,text_en_1919
3843,24.865387138190187,68.92818597458295,9557,5,text_en_1919
3844,20.661268446698337,68.75312916549233,9522,5,text_en_1919
3845,21.27736503289867,62.39706852587923,9770,5,text_en_1919
3846,24.19382898489104,60.48972814785176,9847,5,text_en_1919
3847,17.968346322462256,56.27695952652413,9983,5,text_en_1919
3848,25.85284915890461,46.01023142224534,10516,5,text_en_1919
3849,26.290747696195602,46.95726655191657,10509,5,text_en_1919
3850,26.539927068169916,50.7902727082354,3798,1,inner_ring
3851,33.40921122289467,48.61282899846222,5359,2,octagram
3852,46.868976586829596,51.483673206755846,6878,3,stroke_nan
3853,41.46042928470789,55.834621050610025,6713,3,stroke_nan
3854,43.58892269447966,54.589725748859955,6768,3,stroke_nan
3855,47.669376968646745,52.82854216570672,6843,3,stroke_nan
3856,55.55317072120593,66.53228641371788,4810,2,octagram
3857,50.929062739051005,59.58660003412676,6620,3,stroke_nan
3858,60.831040727192004,73.41926270498776,3480,1,inner_ring
3859,58.146166626893795,66.27899876878995,4775,2,octagram
3860,66.74607638907409,74.60875688823498,3448,1,inner_ring
3861,59.04348061644972,71.99557968540863,3492,1,inner_ring
3862,59.94274657911371,67.8332915486424,4751,2,octagram
3863,52.72538188775645,66.54131447089532,4855,2,octagram
3864,47.41919166712413,44.02537877854538,7249,3,stroke_nan
3865,43.65593990134554,37.95899727668674,7460,3,stroke_nan
3866,51.95849747572471,35.533460753211756,7512,3,stroke_nan
3867,49.762739223169355,43.64282307601579,7210,3,stroke_nan
3868,47.835101309233664,31.762330991921555,7565,3,stroke_nan
3869,42.00225374438483,21.337469465834722,10875,5,text_en_1919
3870,34.843021035881705,30.966535081744563,5592,2,octagram
3871,37.95467291888185,29.129247322778816,5691,2,octagram
3872,32.666037392563375,39.140047796070455,5466,2,octagram
3873,29.79222946706159,41.37460437641098,3864,1,inner_ring
3874,38.81992255179941,40.6624236293449,7366,3,stroke_nan
3875,34.346811955143586,46.54884996611309,5384,2,octagram
3876,34.998693647139795,50.47957111237928,5342,2,octagram
3877,31.144425870543955,38.47458770476026,5480,2,octagram
3878,29.04178590885796,48.23737903238235,3820,1,inner_ring
3879,27.406622656264734,37.960478880072806,10715,5,text_en_1919
3880,40.652505376382756,34.50154517187848,5633,2,octagram
3881,55.22764247355359,2.281696842481444,2384,0,outer_ring
3882,47.093072630106434,17.89139752481575,11176,5,text_en_1919
3883,45.251663009110146,21.372922930974543,10924,5,text_en_1919
3884,42.77460551015681,22.988583580215032,4054,1,inner_ring
3885,50.9142371749881,28.497813996345858,5870,2,octagram
3886,47.22063811237817,44.17168110186053,7221,3,stroke_nan
3887,63.764205781842605,22.362892883809963,6052,2,octagram
3888,59.82280880055372,18.98111685135188,4158,1,inner_ring
3889,58.44035822910369,42.82611657102416,8214,4,stroke_kai
3890,59.03758449558217,46.510416183401325,8105,4,stroke_kai
3891,56.61704443095506,40.774094250018656,8403,4,stroke_kai
3892,57.6934364121891,50.713032294948235,7969,4,stroke_kai
3893,56.27507598971754,47.33227854902875,8097,4,stroke_kai
3894,68.07405598519325,54.56485178626156,7823,4,stroke_kai
3895,67.64330135370679,56.809356845198664,7774,4,stroke_kai
3896,69.29751812871704,60.474753009951826,7645,4,stroke_kai
3897,66.09480407597435,68.87530091546654,4658,2,octagram
3898,48.5250710409257,80.18328368915432,8787,5,text_en_1919
3899,52.1235888546553,88.62303792448868,475,0,outer_ring
3900,48.887215745874975,89.0223874114361,700,0,outer_ring
3901,52.577320656372706,89.03470868189356,446,0,outer_ring
3902,53.54220797442133,93.20148329535026,384,0,outer_ring
3903,57.789403487891356,81.69656485561298,8942,5,text_en_1919
3904,54.23283231325673,91.6911950937158,354,0,outer_ring
3905,49.752073850223184,74.09749207130274,3561,1,inner_ring
3906,49.759944988783936,82.33427130827259,8602,5,text_en_1919
3907,48.453459283283806,72.69151550707078,4903,2,octagram
3908,46.80027667003043,73.07574401773469,4936,2,octagram
3909,29.8375973442407,56.15938728717108,5246,2,octagram
3910,30.793903186940746,57.55159744601756,5208,2,octagram
3911,30.87785234497653,56.71421537534671,5214,2,octagram
3912,57.17231551582425,94.28370537715786,227,0,outer_ring
3913,55.834608833541225,97.23978084623724,279,0,outer_ring
3914,62.492051870596384,85.65648178807501,8739,5,text_en_1919
3915,67.57591764986691,80.33167028932887,9181,5,text_en_1919
3916,71.44564051221073,82.26693670070206,9065,5,text_en_1919
3917,64.02922788140863,88.73627726154669,8673,5,text_en_1919
3918,65.8960349872017,82.9900596643613,8966,5,text_en_1919
3919,77.50858814412362,80.55183589808499,9150,5,text_en_1919
3920,68.17587275712161,67.92906769069518,4624,2,octagram
3921,70.50579795101179,71.68243301573071,4645,2,octagram
3922,74.82056965533464,59.93769460866568,4517,2,octagram
3923,77.9085061391555,62.971000975397054,4503,2,octagram
3924,86.3757271908995,58.44780346216442,9806,5,text_en_1919
3925,85.43975782428105,56.6738493300867,9870,5,text_en_1919
3926,87.71544628999531,60.28246653111227,9761,5,text_en_1919
3927,88.2082189867561,53.32376363704222,9967,5,text_en_1919
3928,81.80780716759041,41.01015440662795,10456,5,text_en_1919
3929,96.57905531686134,48.58431125626757,10168,5,text_en_1919
3930,91.92985564162171,36.15862217345056,10604,5,text_en_1919
3931,96.32065704418348,51.35201202401335,10050,5,text_en_1919
3932,53.77634296439041,24.381420720045156,4119,1,inner_ring
3933,52.86626387284258,34.911115991746414,5905,2,octagram
3934,60.3725178053306,40.80549518736816,8278,4,stroke_kai
3935,84.26558906348156,43.65490855099458,10425,5,text_en_1919
3936,72.79311477368228,41.69321496821688,6404,2,octagram
3937,66.22479497296075,20.038386863628517,6098,2,octagram
3938,74.12908683511299,43.14167527160156,6408,2,octagram
3939,82.00062021711065,46.319183047694274,10310,5,text_en_1919
3940,80.6276911858109,15.425212315693276,10850,5,text_en_1919
3941,66.86932299571977,31.27036880946645,6180,2,octagram
3942,66.79502129863626,21.516372978777113,6102,2,octagram
3943,68.5658679916571,20.08743772377085,4235,1,inner_ring
3944,56.54148080628329,22.025256423440407,4139,1,inner_ring
3945,59.91818311032558,8.223677830567857,2758,0,outer_ring
3946,54.600715682505076,9.0078981257375,2357,0,outer_ring
3947,54.51161031891763,8.498060337039826,2349,0,outer_ring
3948,51.888293036364374,8.527601094093285,2077,0,outer_ring
3949,47.752857609496544,10.949231546029049,1707,0,outer_ring
3950,53.56696956389126,12.511194358013613,2245,0,outer_ring
3951,47.387897710175814,14.829386752802435,11256,5,text_en_1919
3952,57.644938935291506,7.066790438361385,2600,0,outer_ring
3953,60.89497010699066,5.15208871202465,2796,0,outer_ring
3954,60.548979038940864,5.519000717612849,2772,0,outer_ring
3955,48.00473412627509,20.49502699115749,10950,5,text_en_1919
3956,57.34336953795961,5.155023010724486,2563,0,outer_ring
3957,51.43378251794781,6.8678477108539235,2038,0,outer_ring
3958,53.34736917055082,5.5347623535096,2218,0,outer_ring
3959,50.03809571611129,6.495676614069298,1923,0,outer_ring
3960,56.31847964950682,8.639122078517236,2513,0,outer_ring
3961,59.343139013150015,6.311078698061179,2711,0,outer_ring
3962,63.96426994586258,13.844636931463237,11125,5,text_en_1919
3963,66.73115526708,17.294111852530786,10870,5,text_en_1919
3964,63.61496126207502,23.60971375934122,6060,2,octagram
3965,67.39252650488322,38.18167601499076,8335,4,stroke_kai
3966,78.44394471221717,34.83599492264006,6336,2,octagram
3967,68.36461465260537,11.439582921298445,11167,5,text_en_1919
3968,89.00217030955277,39.14693256692344,10633,5,text_en_1919
3969,66.38262174826936,10.168059115926791,3084,0,outer_ring
3970,40.7658609429505,21.1426227292706,10906,5,text_en_1919
3971,52.21579391450888,8.617143770263333,2103,0,outer_ring
3972,89.74866811823595,53.73647450767924,9933,5,text_en_1919
3973,51.11807770706931,93.25645322514794,519,0,outer_ring
3974,45.84008096616708,92.00312743592151,889,0,outer_ring
3975,44.594032143140105,89.70535769504703,994,0,outer_ring
3976,56.849946283996005,94.10752982494346,241,0,outer_ring
3977,45.44409911757589,92.94862792952308,900,0,outer_ring
3978,49.418544507846704,91.0540789263631,630,0,outer_ring
3979,40.87482863055631,90.6732789780022,1128,0,outer_ring
3980,37.65216279263654,86.38623903540226,1267,0,outer_ring
3981,37.260168874099435,85.78007599924075,1279,0,outer_ring
3982,38.44608793329708,86.48894318674222,1242,0,outer_ring
3983,35.368330452217286,78.27762640911092,9349,5,text_en_1919
3984,33.65980404904828,76.54158698361397,9390,5,text_en_1919
3985,24.5526025623082,66.15121072049061,9612,5,text_en_1919
3986,22.62619436067486,61.59946527630911,9824,5,text_en_1919
3987,21.606718215096706,66.31070267971154,9648,5,text_en_1919
3988,31.072484445641336,58.5420301933404,5206,2,octagram
3989,21.641575165423028,50.63350201657762,10196,5,text_en_1919
3990,22.272035018561443,50.90585837934203,10211,5,text_en_1919
3991,28.380641586879676,55.25624878519395,3761,1,inner_ring
3992,30.500117622779623,56.33795069121946,5252,2,octagram
3993,37.34230319766066,47.46885330446376,7063,3,stroke_nan
3994,47.98440078191436,49.83029587341144,6967,3,stroke_nan
3995,42.92070342175449,52.720457361836566,6837,3,stroke_nan
3996,47.76204352235235,55.7676260946309,6763,3,stroke_nan
3997,46.019979361884694,59.776085539295444,6631,3,stroke_nan
3998,52.29957924194516,50.34365919711173,6963,3,stroke_nan
3999,57.22317804877608,77.00624411641263,9176,5,text_en_1919
4000,63.644323930061795,83.86757205633867,8864,5,text_en_1919
4001,46.79633974116722,71.55560825854906,4925,2,octagram
4002,58.898960161150214,82.49167669816485,8837,5,text_en_1919
4003,62.9385988672921,69.07561551168014,4714,2,octagram
4004,52.87332487665171,78.58674331499306,9107,5,text_en_1919
4005,51.24496265252979,56.23367336100014,6721,3,stroke_nan
4006,52.688803944946336,48.9957673140034,6993,3,stroke_nan
4007,43.16698515425156,29.579671225280645,5718,2,octagram
4008,48.83639760478074,51.25805647740676,6880,3,stroke_nan
4009,58.707067512156954,37.44835266666032,8529,4,stroke_kai
4010,51.77538853337643,40.22820646383765,7420,3,stroke_nan
4011,40.95270812309473,30.217934268756956,5692,2,octagram
4012,41.40974685264723,29.089447913745435,5717,2,octagram
4013,32.39372858642243,34.92209005889126,5537,2,octagram
4014,34.19647431300506,37.34012157611544,5545,2,octagram
4015,29.712526483923334,35.2066537792477,5502,2,octagram
4016,34.42784375051528,35.2551719532517,5554,2,octagram
4017,43.26448667282451,34.290223755714294,5643,2,octagram
4018,35.060838156340004,52.03340944841179,5324,2,octagram
4019,17.734671552445914,39.182264956796416,10661,5,text_en_1919
4020,31.886795289975435,38.71764701748619,5472,2,octagram
4021,33.71483346614748,35.685531899775505,5546,2,octagram
4022,26.906169671580955,13.4550397057221,1418,0,outer_ring
4023,33.13383726746845,12.25612770948741,1435,0,outer_ring
4024,40.13474872368344,27.590286050055163,5738,2,octagram
4025,53.19504149693384,7.761967816459196,2196,0,outer_ring
4026,48.58142926721729,17.207042646842254,11193,5,text_en_1919
4027,52.26699957491521,32.805616371276294,5894,2,octagram
4028,56.36934551697553,12.606351991176458,11330,5,text_en_1919
4029,62.68070921424578,36.31891196510607,8414,4,stroke_kai
4030,55.95323730704312,29.195582968556884,5929,2,octagram
4031,56.52280448313161,15.667516741139673,11253,5,text_en_1919
4032,55.63317435210765,38.348983866263374,8485,4,stroke_kai
4033,62.23475165202831,49.91485994757234,7998,4,stroke_kai
4034,67.36477625352877,50.888105241702156,7864,4,stroke_kai
4035,66.19972322380195,52.22357325672863,7837,4,stroke_kai
4036,63.31246360922131,49.79337711903834,7943,4,stroke_kai
4037,61.40104239273168,59.92851799439871,7660,4,stroke_kai
4038,69.5555694145687,64.23750661269136,4583,2,octagram
4039,59.572289733972944,70.41012421624751,4742,2,octagram
4040,50.2454662097527,89.84448987993895,582,0,outer_ring
4041,40.94125872548946,85.1889002312049,1191,0,outer_ring
4042,50.140663006721766,88.94200535477847,594,0,outer_ring
4043,51.517021864901146,87.57955359140671,524,0,outer_ring
4044,54.10582211750113,88.15009442682178,363,0,outer_ring
4045,48.93947165144599,84.79622473298187,751,0,outer_ring
4046,44.877223772261566,90.67082506430333,959,0,outer_ring
4047,52.0783601031702,75.1020138963394,3544,1,inner_ring
4048,49.39283088155026,86.76245035000181,681,0,outer_ring
4049,46.84261626702937,73.48703045058656,4940,2,octagram
4050,43.43819456367072,76.33679712340272,3602,1,inner_ring
4051,27.99949346195748,56.36306962266136,3752,1,inner_ring
4052,31.111061860609727,59.812137056506245,5170,2,octagram
4053,31.151096628334184,53.94515131902152,5273,2,octagram
4054,57.43018034223643,96.6540508913902,219,0,outer_ring
4055,57.1071415815799,91.66487988091839,226,0,outer_ring
4056,62.43222389114126,81.93824788497197,8992,5,text_en_1919
4057,61.88018727774698,83.7271775926612,8863,5,text_en_1919
4058,69.31572402725578,79.36600476408097,9245,5,text_en_1919
4059,62.581922819582225,83.25069420711213,8874,5,text_en_1919
4060,69.29539876788202,82.59015941467754,9052,5,text_en_1919
4061,77.86661953571102,81.27071192336656,9141,5,text_en_1919
4062,74.43569993600288,76.53754147949233,9372,5,text_en_1919
4063,73.86527572906041,69.59403730005705,3396,1,inner_ring
4064,77.49295805919724,60.74573741461677,4499,2,octagram
4065,76.93713793184286,59.287822027869346,4501,2,octagram
4066,83.1301892321529,60.856597478174876,9720,5,text_en_1919
4067,81.89123642673509,65.73134357544566,9585,5,text_en_1919
4068,95.63452130894785,52.024034484791414,10042,5,text_en_1919
4069,85.4787967181534,51.680809443329245,10080,5,text_en_1919
4070,84.94697856252897,57.33414645084759,9869,5,text_en_1919
4071,88.3718830518632,50.607842347008436,10110,5,text_en_1919
4072,89.59501799576739,56.59738160052215,9851,5,text_en_1919
4073,92.06333226083046,37.416225161846256,10579,5,text_en_1919
4074,59.400544237343524,42.433223713955016,8246,4,stroke_kai
4075,57.0815889010884,44.871086157430355,8131,4,stroke_kai
4076,57.282247386079746,39.79267062089221,8429,4,stroke_kai
4077,66.015689261489,44.48096747082327,8163,4,stroke_kai
4078,85.89710583024667,38.40210715616173,10659,5,text_en_1919
4079,74.37873571063594,29.944528707411134,6285,2,octagram
4080,75.68324642530656,35.5375425557076,6341,2,octagram
4081,82.0723861624007,45.03084146191244,10363,5,text_en_1919
4082,80.76751455078751,45.823985490505116,10327,5,text_en_1919
4083,63.44164549565248,33.18670174794615,8496,4,stroke_kai
4084,79.15833558174741,35.08325314829743,4363,1,inner_ring
4085,59.54568616966084,23.398073839927942,6009,2,octagram
4086,59.83451237124695,17.993712359224407,4156,1,inner_ring
4087,62.04079742448302,8.081418807706239,2875,0,outer_ring
4088,53.70349852463793,8.697923548829044,2254,0,outer_ring
4089,51.34138649288201,20.719043573024642,11096,5,text_en_1919
4090,47.29151694980031,5.3475321432973635,1730,0,outer_ring
4091,43.98666506480267,10.745519629338194,1562,0,outer_ring
4092,54.50306406701152,7.061887246183847,2333,0,outer_ring
4093,58.43904584095475,3.607005354083989,2622,0,outer_ring
4094,48.43914926667504,11.438704105702648,1750,0,outer_ring
4095,60.46132334506861,8.998039076217752,2810,0,outer_ring
4096,59.01208271825261,5.116987315971938,2674,0,outer_ring
4097,48.86489028994258,6.093057137446308,1827,0,outer_ring
4098,48.94608026906782,7.096964698890466,1824,0,outer_ring
4099,49.81223817701823,9.822797081755528,1877,0,outer_ring
4100,56.620672721159615,5.506585391764221,2517,0,outer_ring
4101,60.73108406028911,18.105558899796147,4164,1,inner_ring
4102,67.76199657146124,0.9450455175444249,3035,0,outer_ring
4103,72.64999166866544,36.84746094746214,6364,2,octagram
4104,63.8029021648129,33.70384700755735,8483,4,stroke_kai
4105,68.9548716928341,8.284575108796915,3173,0,outer_ring
4106,74.63150508329402,22.36293063338516,4282,1,inner_ring
4107,79.06307580208379,32.169017742578774,6314,2,octagram
4108,69.6981893966225,31.117886589081426,6223,2,octagram
4109,74.65058537178193,21.374966287663856,4278,1,inner_ring
4110,67.42913743657742,5.107306087440766,3063,0,outer_ring
4111,66.79456279802433,5.833675374911195,3046,0,outer_ring
4112,44.21900154129831,4.020477015942733,1609,0,outer_ring
4113,40.00952810236668,30.032990290997397,5685,2,octagram
4114,94.81028037614263,43.81388309686675,10415,5,text_en_1919
4115,49.4336128129685,93.01085805111475,609,0,outer_ring
4116,47.25948376859391,95.86100478989061,745,0,outer_ring
4117,48.61647552286244,90.35056251132372,710,0,outer_ring
4118,51.873843971184044,90.50070963648203,484,0,outer_ring
4119,51.546515572150234,93.69134152578951,491,0,outer_ring
4120,43.41869996772066,76.33947263863979,3603,1,inner_ring
4121,40.85379779121225,91.48504020627699,1120,0,outer_ring
4122,39.21326044231864,85.83319167656215,1231,0,outer_ring
4123,32.646087831467185,81.65937875364065,1358,0,outer_ring
4124,37.04478028956997,80.83975290103184,9103,5,text_en_1919
4125,26.827835678827185,76.55566103818175,9330,5,text_en_1919
4126,30.741827876566447,66.42988875140587,3694,1,inner_ring
4127,27.73810397197759,70.47085028352457,9581,5,text_en_1919
4128,23.306395580714863,66.5710286883167,9621,5,text_en_1919
4129,23.10926296703839,61.051689419572895,9838,5,text_en_1919
4130,20.436988683236436,69.46142614740407,9507,5,text_en_1919
4131,23.821553177296124,53.316272009143006,10140,5,text_en_1919
4132,25.475488390752965,42.669369824861974,10566,5,text_en_1919
4133,27.961669043746657,51.85680756283328,3786,1,inner_ring
4134,32.83204159764457,43.78371340304188,5423,2,octagram
4135,40.568194117612876,48.151749540580965,7050,3,stroke_nan
4136,44.19167289942937,53.682473580773866,6784,3,stroke_nan
4137,51.76155181936406,45.531807655204716,7160,3,stroke_nan
4138,48.94747058010196,51.891511409112056,6832,3,stroke_nan
4139,43.798523746082076,65.02215535260888,5038,2,octagram
4140,50.80248734178904,66.01438852693694,4866,2,octagram
4141,61.67292785354581,58.721007577197376,7701,4,stroke_kai
4142,50.03409950181042,71.74027994517643,4898,2,octagram
4143,52.729929061646274,45.14731991115313,7179,3,stroke_nan
4144,56.77807761656887,84.12821640266749,8710,5,text_en_1919
4145,58.77567918867511,76.43167465466232,9207,5,text_en_1919
4146,55.21764092369392,76.6338717087512,9187,5,text_en_1919
4147,59.72947948255895,50.221010359767504,8022,4,stroke_kai
4148,53.19446992465954,52.54155355270333,6693,3,stroke_nan
4149,46.89047916742583,42.059587341530616,7349,3,stroke_nan
4150,54.65770056216505,28.220926279710415,5915,2,octagram
4151,48.385757764899225,42.55788434851055,7277,3,stroke_nan
4152,46.819667982525,39.44055246782216,7394,3,stroke_nan
4153,52.521179638727745,33.513029351299096,5899,2,octagram
4154,44.97183733102701,9.230193713058224,1593,0,outer_ring
4155,46.85944231111558,42.05053306328371,7336,3,stroke_nan
4156,32.633016473007544,28.64958702734578,3966,1,inner_ring
4157,31.60559484310173,32.76618457636127,5561,2,octagram
4158,36.24893483656545,47.47844748826465,5372,2,octagram
4159,40.9082547670192,38.180121819014815,5627,2,octagram
4160,33.03824529651649,49.3971405921566,5338,2,octagram
4161,26.396272516281723,42.05928734695938,10561,5,text_en_1919
4162,22.4772180172281,40.596097852218016,10609,5,text_en_1919
4163,21.726858519959183,54.04371824148727,10150,5,text_en_1919
4164,39.793582565719355,21.969505596417285,10889,5,text_en_1919
4165,39.95923197717881,20.793341940463538,10916,5,text_en_1919
4166,42.293455128506956,23.2757428863086,5774,2,octagram
4167,50.300278643767655,14.87488389776063,1882,0,outer_ring
4168,47.458557982087946,20.782739771832173,10932,5,text_en_1919
4169,50.293626671508555,22.71520328399055,4098,1,inner_ring
4170,48.1972185940365,7.128124736969827,1770,0,outer_ring
4171,47.96845406043368,27.742303367129058,5824,2,octagram
4172,58.20536348429468,27.45726382377,5978,2,octagram
4173,50.06039564575079,34.80795539769808,7515,3,stroke_nan
4174,65.04543163329852,49.59179252172242,7952,4,stroke_kai
4175,64.17002739004579,49.272290307541546,7990,4,stroke_kai
4176,61.55501653255463,47.301723097874934,8062,4,stroke_kai
4177,65.09805492112933,46.38026215997821,8073,4,stroke_kai
4178,70.95357742675644,55.85003029656175,7762,4,stroke_kai
4179,69.74846553838208,62.568183004163885,4559,2,octagram
4180,58.563927278311965,56.16619093283575,7666,4,stroke_kai
4181,62.5430535889519,71.13739285240497,4709,2,octagram
4182,41.11392175133185,74.97585848457899,3617,1,inner_ring
4183,44.1860459578439,89.73866426254125,1018,0,outer_ring
4184,42.910300576699434,83.46102228865854,8798,5,text_en_1919
4185,52.994995684768405,91.31981968757685,416,0,outer_ring
4186,54.760451023764894,90.81923961560263,323,0,outer_ring
4187,47.01780816969557,87.5868851505828,868,0,outer_ring
4188,54.576663992636966,88.26072841218682,336,0,outer_ring
4189,50.532667311723614,78.18065485491795,9118,5,text_en_1919
4190,50.462192948744864,96.18586587010286,543,0,outer_ring
4191,43.83222392499255,76.25804375340999,3600,1,inner_ring
4192,43.432792494839106,67.85830485365116,5029,2,octagram
4193,29.748706312074145,64.51642533646906,3701,1,inner_ring
4194,44.58301140890697,63.2876022882549,5037,2,octagram
4195,36.0375321018745,49.32713603431293,5363,2,octagram
4196,52.7076796773652,93.00075866458516,427,0,outer_ring
4197,59.40444343016454,94.35720196808482,152,0,outer_ring
4198,64.60241963375223,93.04168823947556,51,0,outer_ring
4199,68.92856698472987,86.50834551522547,8782,5,text_en_1919
4200,65.76394848278483,91.67956898215971,41,0,outer_ring
4201,63.093342634487776,85.77899058199007,8761,5,text_en_1919
4202,66.02878378726616,79.62915261925082,9146,5,text_en_1919
4203,72.2019339111028,74.39743373608303,3427,1,inner_ring
4204,83.21252995986107,68.09237164328623,9528,5,text_en_1919
4205,76.28637825824445,63.994399208597635,4512,2,octagram
4206,71.12869430496531,63.198056884699845,4565,2,octagram
4207,82.57682424689345,63.46537556630338,9676,5,text_en_1919
4208,82.796465460413,62.072669568847594,9704,5,text_en_1919
4209,84.70519268842807,71.29896703445252,9453,5,text_en_1919
4210,85.01889032258964,62.105373257490974,9734,5,text_en_1919
4211,89.64159270582337,48.749595259143774,10118,5,text_en_1919
4212,90.15420498338287,45.85926074589862,10303,5,text_en_1919
4213,94.05144922978157,44.91956958181533,10276,5,text_en_1919
4214,91.40979678745568,45.051993866202714,10321,5,text_en_1919
4215,88.40648130661178,42.856724672808305,10448,5,text_en_1919
4216,57.47927853255988,39.87866728058209,8413,4,stroke_kai
4217,59.359075600771206,26.901886754596884,5989,2,octagram
4218,61.68516993889117,24.28227518779471,6023,2,octagram
4219,58.66674744532953,42.57275983135963,8244,4,stroke_kai
4220,64.3151858053887,49.22612413932613,7983,4,stroke_kai
4221,66.81760736833776,18.582535667706356,10861,5,text_en_1919
4222,74.84850941220242,39.053509685988715,6373,2,octagram
4223,66.37222784864227,27.00151752004522,6156,2,octagram
4224,58.35327435283074,28.40135907353224,5976,2,octagram
4225,76.65161158741985,40.09978373345047,4390,1,inner_ring
4226,65.95115540446614,25.52134693839398,6141,2,octagram
4227,58.2127715586592,15.867477922129742,11219,5,text_en_1919
4228,58.85964113601182,18.864811673852326,10983,5,text_en_1919
4229,61.94623595369691,12.070880030659245,11164,5,text_en_1919
4230,64.05628169720448,21.12995378597168,6047,2,octagram
4231,56.270346814733124,12.810833261894855,11319,5,text_en_1919
4232,53.21536507552154,7.737668851831185,2199,0,outer_ring
4233,53.08822873283094,9.101435482428574,2188,0,outer_ring
4234,54.707015243817146,12.663176078251436,2379,0,outer_ring
4235,56.7826435636863,7.55630023402498,2541,0,outer_ring
4236,55.19882549365144,7.93396448968535,2408,0,outer_ring
4237,57.67940037692285,10.723910727973,2621,0,outer_ring
4238,52.792009425202124,6.956570102049506,2166,0,outer_ring
4239,55.490516795435916,10.09911069666444,2446,0,outer_ring
4240,48.92965758053536,8.495706031296347,1818,0,outer_ring
4241,44.61577772493749,5.302945592910435,1612,0,outer_ring
4242,51.70099739977921,6.565327844749326,2067,0,outer_ring
4243,52.5696266470083,5.014936197095532,2148,0,outer_ring
4244,62.506396286035724,6.965017230150926,2887,0,outer_ring
4245,64.39099552638828,10.252818273516606,2988,0,outer_ring
4246,69.70535073829987,34.21985553000958,6231,2,octagram
4247,68.74676744026992,8.520475714342725,3168,0,outer_ring
4248,76.9475546108888,20.782029266105077,10824,5,text_en_1919
4249,89.00802964480353,33.171172028765355,10747,5,text_en_1919
4250,83.5585472515099,44.31244612634911,10423,5,text_en_1919
4251,69.62916279158993,5.814846476484682,3159,0,outer_ring
4252,68.76918259610463,6.92606771520422,3140,0,outer_ring
4253,67.9109107321852,4.978763480243614,3085,0,outer_ring
4254,38.89653311124501,21.875940368898586,10912,5,text_en_1919
4255,42.17072647593267,20.620150225779778,10946,5,text_en_1919
4256,86.83847710189418,58.96278541905022,9799,5,text_en_1919
4257,46.979867802788085,92.73170763030973,795,0,outer_ring
4258,46.53325548063453,90.18415585788891,865,0,outer_ring
4259,38.9365020023829,91.0402043677759,1187,0,outer_ring
4260,55.66968165462137,92.34992644596171,282,0,outer_ring
4261,47.040645928941174,91.07990588806047,815,0,outer_ring
4262,46.383394848705244,91.4492704014726,849,0,outer_ring
4263,39.58492605868401,89.82766051948045,1178,0,outer_ring
4264,39.20914538273753,88.23399868770942,1204,0,outer_ring
4265,37.314899943907236,87.44727956225735,1259,0,outer_ring
4266,34.595140695335694,78.62172982448139,9393,5,text_en_1919
4267,41.99311828507538,81.48469115152702,9031,5,text_en_1919
4268,32.51353556536109,72.64576487669919,3660,1,inner_ring
4269,26.338226852053857,80.78623187342399,1373,0,outer_ring
4270,32.05077333434181,69.25206731432722,3673,1,inner_ring
4271,22.640310839417893,65.28018443935363,9677,5,text_en_1919
4272,20.912221198865005,57.09041321171811,9992,5,text_en_1919
4273,21.820572155034963,47.55372471827721,10470,5,text_en_1919
4274,30.725752581061744,46.72122147849859,3829,1,inner_ring
4275,27.96643258879504,45.05675494489044,3843,1,inner_ring
4276,29.05178143464246,53.85300216147907,5262,2,octagram
4277,36.59354108246054,47.89043477100348,5366,2,octagram
4278,39.73090835684676,50.33488031155747,6942,3,stroke_nan
4279,41.63103260271465,56.55686761076109,6683,3,stroke_nan
4280,47.44482355192008,48.06361074652106,7052,3,stroke_nan
4281,51.44377988251783,55.299733823818656,6749,3,stroke_nan
4282,49.6604282422339,57.571627923924545,6684,3,stroke_nan
4283,57.31078562144139,55.11911356580565,7704,4,stroke_kai
4284,59.80628209597222,81.31846409540665,8964,5,text_en_1919
4285,62.24116253836978,67.8726288244094,4729,2,octagram
4286,66.10162334250995,87.2791848017945,8722,5,text_en_1919
4287,68.86119343062329,64.70518500817808,4591,2,octagram
4288,51.34449855075003,55.99526690791386,6720,3,stroke_nan
4289,53.931431401807004,68.046173431203,4844,2,octagram
4290,57.18695797120914,41.745354668656155,8240,4,stroke_kai
4291,38.852499174690216,10.647509616238295,1477,0,outer_ring
4292,53.699020619415606,46.330412602783774,7299,3,stroke_nan
4293,51.3470457461802,42.62899550681941,7245,3,stroke_nan
4294,45.19046465162912,35.91642506875373,7533,3,stroke_nan
4295,42.616140926151786,24.864414092365337,5780,2,octagram
4296,50.4687085266488,14.637137678458116,1903,0,outer_ring
4297,29.421556324013636,36.58128529997457,3895,1,inner_ring
4298,43.473428565509224,30.20202291941482,5706,2,octagram
4299,29.83043997001339,37.09490005197037,5496,2,octagram
4300,38.87194364391069,29.995642985741227,5681,2,octagram
4301,37.0677020398044,46.79436407088157,7133,3,stroke_nan
4302,39.70755593527885,44.69223444151693,7201,3,stroke_nan
4303,29.75280819384566,43.11002577977043,3856,1,inner_ring
4304,28.98688382896298,41.20833973840102,3863,1,inner_ring
4305,42.08380664660144,44.662060885903365,7247,3,stroke_nan
4306,38.881846153853324,34.76602944791058,5625,2,octagram
4307,39.7568953969511,10.564558456495272,1487,0,outer_ring
4308,47.050116777581465,12.174094319481048,1662,0,outer_ring
4309,44.29637286985884,10.701104033088363,1568,0,outer_ring
4310,47.610342143851064,30.517693154332978,5848,2,octagram
4311,53.8032278452162,12.58124944610832,2275,0,outer_ring
4312,52.26127839379549,40.53809775606367,7407,3,stroke_nan
4313,54.58785065188399,18.568679218128096,11142,5,text_en_1919
4314,51.88869640872731,31.059724127563104,7558,3,stroke_nan
4315,56.93378639848964,40.87965117025544,8350,4,stroke_kai
4316,65.85548396663148,39.9973075698335,8307,4,stroke_kai
4317,64.26427040141184,42.94993208791424,8228,4,stroke_kai
4318,71.59417510536468,41.09439554731987,6403,2,octagram
4319,59.43068152823452,48.65482562147337,8040,4,stroke_kai
4320,73.72101161684174,49.601986681562806,6486,2,octagram
4321,71.79793702432008,59.791059821422905,4547,2,octagram
4322,67.54153046974429,56.85879697024896,7750,4,stroke_kai
4323,66.92911609748984,71.92679820979001,4678,2,octagram
4324,46.09930639658047,78.04313558585372,3583,1,inner_ring
4325,48.60361068287887,89.73949844125384,720,0,outer_ring
4326,47.68794268341197,80.21824949710184,8799,5,text_en_1919
4327,53.53184189404897,87.04470808631028,398,0,outer_ring
4328,51.96425047132623,89.86879471247282,479,0,outer_ring
4329,56.840428204132145,86.6657021844851,231,0,outer_ring
4330,55.32552123666522,85.09684243749459,8604,5,text_en_1919
4331,55.76413530884397,88.70337185440484,280,0,outer_ring
4332,53.722142026674554,78.86949201275962,9070,5,text_en_1919
4333,48.41920560094878,79.09897843457821,9092,5,text_en_1919
4334,46.67179316281342,71.91283593486922,4929,2,octagram
4335,32.73976239680868,61.58366182250192,5135,2,octagram
4336,30.153405606722878,59.3567009753761,3727,1,inner_ring
4337,31.013689231006843,57.851175892788795,5205,2,octagram
4338,55.142703201279545,94.77431555101444,308,0,outer_ring
4339,57.7989361576355,95.92437421614805,203,0,outer_ring
4340,60.794163097760546,93.81465905390586,112,0,outer_ring
4341,61.893141811301724,90.17408761265591,8594,5,text_en_1919
4342,61.8392356794548,87.35924928909812,8720,5,text_en_1919
4343,64.13582351067122,85.13896553383694,8773,5,text_en_1919
4344,69.55544535630874,75.30843712779273,9354,5,text_en_1919
4345,74.63910788207139,79.25921123404015,9202,5,text_en_1919
4346,72.33502945681721,71.95385258154197,3413,1,inner_ring
4347,82.20381005352476,72.08199310379754,9437,5,text_en_1919
4348,77.5558987421679,69.23620795280884,3374,1,inner_ring
4349,78.98109050867048,50.91944930815384,6528,2,octagram
4350,80.36463640699239,56.072720147952865,4429,2,octagram
4351,86.56107035519068,62.28969614842599,9740,5,text_en_1919
4352,83.42743287219417,52.53465877363267,3279,1,inner_ring
4353,90.33614099161925,52.40271799956264,10044,5,text_en_1919
4354,83.8616215128237,51.661441233868786,3274,1,inner_ring
4355,92.86916237797205,56.02894826146409,9827,5,text_en_1919
4356,92.88700713972263,45.03731047368389,10271,5,text_en_1919
4357,92.51786379420633,61.848273659205354,9725,5,text_en_1919
4358,52.662642866184214,31.013505026936308,5890,2,octagram
4359,58.667623548944114,34.014319342117666,5969,2,octagram
4360,58.03914572582086,24.038352264919727,4152,1,inner_ring
4361,57.76210765956453,25.084458566577517,5957,2,octagram
4362,64.96579755615676,28.499762859515503,6169,2,octagram
4363,76.39056227323447,44.646417123558514,3231,1,inner_ring
4364,82.18229139208525,53.62958546942612,3290,1,inner_ring
4365,80.25520396335179,46.76758417932349,10281,5,text_en_1919
4366,75.80725464920044,34.788799407662324,6323,2,octagram
4367,74.18171698738712,36.773471513794654,6352,2,octagram
4368,60.246060240662906,21.459389084265194,4170,1,inner_ring
4369,62.811420767908146,4.8049155640648165,2882,0,outer_ring
4370,58.74118589803586,9.541153788516382,2696,0,outer_ring
4371,56.70769642167479,16.650898250073624,11156,5,text_en_1919
4372,53.77248972595329,10.248285922704943,2263,0,outer_ring
4373,48.43455253252724,7.4619761259248945,1782,0,outer_ring
4374,52.18203276804559,6.1104209308153035,2106,0,outer_ring
4375,47.03639688646327,11.048685087831835,1670,0,outer_ring
4376,49.472082889127265,13.632789511064477,11322,5,text_en_1919
4377,56.504526390192034,4.681254569696512,2505,0,outer_ring
4378,57.51558007392387,13.218368814111077,11312,5,text_en_1919
4379,58.39268748058211,12.367026459879165,11348,5,text_en_1919
4380,55.495823179968575,13.596129879037797,11296,5,text_en_1919
4381,47.06048851506663,9.26499821818705,1685,0,outer_ring
4382,46.80346371403078,6.565569386744911,1698,0,outer_ring
4383,53.92625889838741,6.186076914358657,2277,0,outer_ring
4384,50.11983302254153,1.1983474542815873,1957,0,outer_ring
4385,55.33867060445568,6.815913533853272,2415,0,outer_ring
4386,57.19652646429826,4.442299816635838,2552,0,outer_ring
4387,67.23515292055549,4.43339262377642,3049,0,outer_ring
4388,62.12109663032586,14.916402741109348,11009,5,text_en_1919
4389,66.4914486080299,9.538736555683574,3082,0,outer_ring
4390,76.89442034798257,30.019539185561094,4335,1,inner_ring
4391,77.59671768843853,25.898569709019274,4318,1,inner_ring
4392,77.90590387189067,39.565455502103845,4386,1,inner_ring
4393,72.28866125031553,3.460646785280911,3196,0,outer_ring
4394,69.41988793967523,5.600365209509136,3148,0,outer_ring
4395,68.57958689339554,7.137086817551915,3137,0,outer_ring
4396,37.754087347941535,28.240266321781803,5715,2,octagram
4397,41.80025807043198,11.307616546485832,1524,0,outer_ring
4398,91.45220326945527,49.36173515355034,10104,5,text_en_1919
4399,47.35901950429775,89.79523026737574,808,0,outer_ring
4400,48.283867478407764,92.61196563993714,709,0,outer_ring
4401,47.992569167866854,90.39320052973606,753,0,outer_ring
4402,54.62621178017037,96.69962355670039,326,0,outer_ring
4403,53.827520188742845,93.64755029408475,372,0,outer_ring
4404,39.803582601417695,88.91766265603931,1181,0,outer_ring
4405,34.661434567677766,85.73666929919479,1322,0,outer_ring
4406,45.70384495242901,89.58019310790458,931,0,outer_ring
4407,40.3839172275428,89.9304063326153,1158,0,outer_ring
4408,35.3818244525531,71.5742065185826,3650,1,inner_ring
4409,33.3678306690758,79.61910164513783,9357,5,text_en_1919
4410,26.86772898687538,77.96007208966465,1374,0,outer_ring
4411,31.347581112972733,66.47063586111847,3689,1,inner_ring
4412,20.411682828006565,64.28119125790656,9681,5,text_en_1919
4413,19.331737697363963,57.055180201575354,9961,5,text_en_1919
4414,18.024898218485138,51.75903042708762,10216,5,text_en_1919
4415,21.798432778459983,58.275361834115,9943,5,text_en_1919
4416,23.914566563957322,47.9444652363285,10344,5,text_en_1919
4417,31.038187851620556,59.57322563586743,5171,2,octagram
4418,26.9892051406892,51.26614048325009,3795,1,inner_ring
4419,30.831995034435014,57.41949913489188,5209,2,octagram
4420,46.45767269913658,47.822666453730974,7073,3,stroke_nan
4421,56.834587677072136,37.3672651830308,8573,4,stroke_kai
4422,44.74467681985659,57.54283904211007,6662,3,stroke_nan
4423,43.08952112973559,58.19825908661096,6647,3,stroke_nan
4424,54.768931561579834,63.912539082348204,4824,2,octagram
4425,64.00796791996311,72.5220365382652,4695,2,octagram
4426,58.22926241081387,67.82468165839123,4766,2,octagram
4427,58.68485339403071,73.68773704813302,3497,1,inner_ring
4428,61.57460888448882,70.70043613607533,4719,2,octagram
4429,53.598300534186,76.70416801960975,9174,5,text_en_1919
4430,59.972310056179,57.62840349684919,7616,4,stroke_kai
4431,56.564900860965636,68.83899384576418,4794,2,octagram
4432,48.28127810755469,66.88591784154214,4906,2,octagram
4433,47.12208372636126,35.31069189478839,7541,3,stroke_nan
4434,47.50478789807392,41.417575765082105,7348,3,stroke_nan
4435,49.58102368740782,26.81781696997788,5850,2,octagram
4436,43.24139837455494,41.90280472171337,7328,3,stroke_nan
4437,45.526738279630145,21.85561779067914,4072,1,inner_ring
4438,41.95575852882411,29.572701967752018,5711,2,octagram
4439,36.230926446278275,34.6541535660545,5595,2,octagram
4440,30.89329253300725,38.59485844113762,5478,2,octagram
4441,27.91595416551538,44.47472851852241,3844,1,inner_ring
4442,42.03244876119712,43.32930566733078,7302,3,stroke_nan
4443,37.80858688730876,45.89619701322496,7164,3,stroke_nan
4444,38.36385434606309,48.30552450079188,7036,3,stroke_nan
4445,33.07367752802218,44.86112516468706,5411,2,octagram
4446,29.738495998574855,31.885325832503472,3925,1,inner_ring
4447,26.554463493333152,41.42973503164612,10619,5,text_en_1919
4448,31.59727868635996,32.2846948129809,5566,2,octagram
4449,41.242712761385754,25.087737534602386,5763,2,octagram
4450,44.37132347428027,10.379477832500147,1571,0,outer_ring
4451,48.415477355194646,19.541897680706025,11003,5,text_en_1919
4452,56.60545242028965,16.151836611286782,11172,5,text_en_1919
4453,51.52472812899116,19.679974692491655,11119,5,text_en_1919
4454,52.114624633771015,38.84473115968926,7448,3,stroke_nan
4455,58.426381191251984,19.386479558475727,10943,5,text_en_1919
4456,50.872917131626004,41.13447471832768,7331,3,stroke_nan
4457,57.57420321198889,32.72628512154127,5968,2,octagram
4458,57.39855366395159,41.29126015396025,8263,4,stroke_kai
4459,63.07474500934168,50.17516191610492,7927,4,stroke_kai
4460,64.69623482697637,44.64163844864457,8140,4,stroke_kai
4461,66.32288300379219,49.87768454016863,7930,4,stroke_kai
4462,74.66515531985468,59.41883436592557,4515,2,octagram
4463,72.58775057175981,62.2786498219568,4548,2,octagram
4464,60.474189479058424,53.24571101463169,7924,4,stroke_kai
4465,66.16978825246936,67.34806343251333,4626,2,octagram
4466,49.513547378966585,69.52744216293326,4895,2,octagram
4467,46.14993824062042,81.62365914951218,9079,5,text_en_1919
4468,47.19742437039764,91.93218005175994,791,0,outer_ring
4469,56.69736390673556,84.12030803366021,8703,5,text_en_1919
4470,57.88535083299682,91.48486537968478,189,0,outer_ring
4471,50.728959654908486,81.08444191579213,8788,5,text_en_1919
4472,60.13958639566482,86.64829950541514,8729,5,text_en_1919
4473,53.58009418994106,81.29647809149563,8929,5,text_en_1919
4474,52.13850504763832,81.05725568566935,8916,5,text_en_1919
4475,47.97606438620682,97.17505045093664,679,0,outer_ring
4476,46.85093936201331,73.5915342916778,4941,2,octagram
4477,36.70404876481652,54.508713050192455,6834,3,stroke_nan
4478,33.79733939478878,61.82176573070029,5118,2,octagram
4479,33.91981317031872,61.80347665068553,5121,2,octagram
4480,58.44673375498311,94.93529436754314,178,0,outer_ring
4481,61.60780733240993,99.23386963850747,106,0,outer_ring
4482,60.707036320803525,93.9018817018098,116,0,outer_ring
4483,57.95460333172152,87.09723780171421,179,0,outer_ring
4484,62.49843180186859,82.99136425818651,8953,5,text_en_1919
4485,73.53594684981141,84.02554301324416,8924,5,text_en_1919
4486,72.98596477698925,72.95446546331529,3414,1,inner_ring
4487,70.38510338005774,73.82606763870902,3433,1,inner_ring
4488,74.56977187188204,71.06604140474465,3400,1,inner_ring
4489,74.73224551003405,77.36236732276241,9364,5,text_en_1919
4490,79.0518254221855,64.95701624780192,3350,1,inner_ring
4491,78.69053609487017,65.00687603047275,3352,1,inner_ring
4492,85.67278065974249,64.06578943197663,9662,5,text_en_1919
4493,79.09091341476336,60.725646319716105,4490,2,octagram
4494,74.02139487137991,40.68661303656777,6394,2,octagram
4495,83.69938305146182,45.497628649375024,10385,5,text_en_1919
4496,80.98403370858668,50.05807901824651,6534,2,octagram
4497,87.92607317281437,47.61964065075252,10136,5,text_en_1919
4498,98.21071773278209,57.12032286132991,9803,5,text_en_1919
4499,95.23220961313383,42.564250570825486,10482,5,text_en_1919
4500,52.373294664254026,17.719507880107223,11270,5,text_en_1919
4501,56.87138294832608,30.025364178028546,5941,2,octagram
4502,61.93767847888603,51.26744761540643,7871,4,stroke_kai
4503,73.2966876861481,43.44220350711378,6419,2,octagram
4504,66.55635409952212,31.99263499950257,8532,4,stroke_kai
4505,62.269504000585435,31.185639648650277,8539,4,stroke_kai
4506,76.31602305496858,43.89195796460508,4417,1,inner_ring
4507,79.82306290982139,37.84490563364871,10649,5,text_en_1919
4508,77.4098629452771,35.94608597384987,6339,2,octagram
4509,68.46362759082834,36.537833676173015,8366,4,stroke_kai
4510,64.48288834225761,33.961158425133675,8446,4,stroke_kai
4511,57.12375316727512,17.845181203533414,11065,5,text_en_1919
4512,62.47933205873911,22.429682369734007,6032,2,octagram
4513,55.77136968394366,7.152986035203463,2453,0,outer_ring
4514,60.12940090409594,7.658263481756861,2768,0,outer_ring
4515,49.34370447917027,15.532811028100538,11228,5,text_en_1919
4516,58.029272641455485,10.312564210338701,2644,0,outer_ring
4517,45.935684718362516,10.791538375088669,1627,0,outer_ring
4518,42.65551278454059,6.275676119249318,1556,0,outer_ring
4519,55.38831646299838,5.532753098222627,2413,0,outer_ring
4520,55.44501165807878,16.489180151573567,11150,5,text_en_1919
4521,60.05211127603761,10.391398891075843,2794,0,outer_ring
4522,46.951157165421066,7.623145763214369,1695,0,outer_ring
4523,58.59690718683537,8.780919965789892,2676,0,outer_ring
4524,52.159125534911105,8.383000795922673,2098,0,outer_ring
4525,47.54425595043505,5.8324075411833345,1743,0,outer_ring
4526,53.51892093228449,7.189666845492896,2235,0,outer_ring
4527,57.80214054469001,7.92635420966468,2610,0,outer_ring
4528,60.74453613248211,12.28855229433934,2850,0,outer_ring
4529,66.74369563161024,3.57303875957378,3023,0,outer_ring
4530,66.89934552187685,8.09875683810991,3080,0,outer_ring
4531,69.2697790405737,18.12059035891821,4233,1,inner_ring
4532,71.74742820141789,24.850790912459892,4281,1,inner_ring
4533,74.75954546036557,35.589934003089965,6344,2,octagram
4534,87.71459643810152,33.574992586433154,10708,5,text_en_1919
4535,65.19644665692053,5.2478603645587105,2975,0,outer_ring
4536,69.15794752386736,8.005827188880097,3175,0,outer_ring
4537,76.95517723001457,24.714488777341014,4306,1,inner_ring
4538,37.91672553040078,31.97755582299302,5620,2,octagram
4539,42.346892823380536,9.767711604131554,1536,0,outer_ring
4540,85.5843359475812,58.49823539857885,9831,5,text_en_1919
4541,42.186437671242466,88.44788043768658,1107,0,outer_ring
4542,44.43672140441421,91.10038642972923,983,0,outer_ring
4543,50.582700840196466,84.9383146768562,596,0,outer_ring
4544,52.73923769501598,92.43936144284973,426,0,outer_ring
4545,50.06453682860481,96.03697878350776,563,0,outer_ring
4546,39.8789993764835,88.46249684178403,1186,0,outer_ring
4547,42.967628882760735,90.08892239716415,1055,0,outer_ring
4548,38.901226098633835,85.45128584676328,1241,0,outer_ring
4549,35.492920520062334,86.49119770444676,1304,0,outer_ring
4550,37.19549882828854,66.29826448016425,5068,2,octagram
4551,35.15648033528744,77.52824458691342,9406,5,text_en_1919
4552,22.311674478705857,71.79085284730479,9470,5,text_en_1919
4553,28.901556164159807,71.01824537529728,9583,5,text_en_1919
4554,24.379822132825986,72.30403383206232,9477,5,text_en_1919
4555,23.318504991854063,60.76980486491349,9853,5,text_en_1919
4556,18.49270420345301,49.84840697486506,10242,5,text_en_1919
4557,27.735648596174975,49.6493318534571,3809,1,inner_ring
4558,27.697001419433416,50.45247838681465,3801,1,inner_ring
4559,27.84712518997468,52.56101792480656,3780,1,inner_ring
4560,24.271205122310306,49.15393339133638,10289,5,text_en_1919
4561,30.718027427860317,55.78323003705062,5253,2,octagram
4562,43.10829413641861,49.48486439259403,7017,3,stroke_nan
4563,45.74170812021487,51.71323045286123,6900,3,stroke_nan
4564,43.460143050410736,49.875521954474166,7003,3,stroke_nan
4565,42.295819177755234,55.085387606648574,6753,3,stroke_nan
4566,60.81637429508333,72.40402421428206,3478,1,inner_ring
4567,49.74592251010512,57.45592657049227,6685,3,stroke_nan
4568,47.38762180987333,66.84682878712346,5026,2,octagram
4569,57.807981673706706,74.5239650236146,3504,1,inner_ring
4570,61.406479910081345,60.959618488825015,7583,4,stroke_kai
4571,59.70122623086823,78.8425286111053,9110,5,text_en_1919
4572,55.35587369248994,70.65306868064299,3524,1,inner_ring
4573,61.08651026043173,47.8766559803758,8047,4,stroke_kai
4574,51.41115164482546,49.80488417031106,6974,3,stroke_nan
4575,50.573496242350124,36.10100232863721,7496,3,stroke_nan
4576,48.31514461235493,42.361824736418164,7286,3,stroke_nan
4577,51.428904318899555,45.56838655205993,7158,3,stroke_nan
4578,52.12038750774444,39.33278818046401,7441,3,stroke_nan
4579,46.65985024671483,32.938868611702304,7572,3,stroke_nan
4580,40.50449395935307,24.469324740234583,4043,1,inner_ring
4581,30.71083677740417,27.09896678031822,3964,1,inner_ring
4582,30.02833383574842,30.462749169806084,3935,1,inner_ring
4583,33.5374950350645,32.22463589118293,5577,2,octagram
4584,31.101996015735903,40.929540667552395,5457,2,octagram
4585,32.69872346980672,41.54110122613302,5437,2,octagram
4586,42.05053906140513,47.11027308033452,7090,3,stroke_nan
4587,32.94594938774202,35.99122682765079,5544,2,octagram
4588,24.031095100879586,41.62912008284422,10583,5,text_en_1919
4589,29.371805879151825,34.19848123064062,3900,1,inner_ring
4590,33.16761831413581,25.525580719291153,3991,1,inner_ring
4591,37.08044143948811,14.193377222516228,1446,0,outer_ring
4592,41.9558281351339,9.8672165968656,1530,0,outer_ring
4593,53.18285106117065,10.638096439240773,2194,0,outer_ring
4594,50.10217771711086,26.8785225681581,5859,2,octagram
4595,47.61259997510671,28.558875513754288,5831,2,octagram
4596,51.582357346154744,24.318298150888946,4102,1,inner_ring
4597,53.62226097531805,12.851187041856328,2251,0,outer_ring
4598,45.899464586321585,35.85007712793164,7537,3,stroke_nan
4599,58.539760493300534,16.895533733859736,11134,5,text_en_1919
4600,57.801875239037415,49.34558929834385,7980,4,stroke_kai
4601,58.64243962016559,44.367479255998774,8185,4,stroke_kai
4602,67.13858661013977,40.43047749090582,8298,4,stroke_kai
4603,61.63529691817668,37.758972231642026,8363,4,stroke_kai
4604,70.73859912988235,48.49008228701688,6470,2,octagram
4605,65.44089956933693,58.15657500441651,7727,4,stroke_kai
4606,64.25060028095159,74.72249657113501,3456,1,inner_ring
4607,53.646128004710775,76.00086885265426,9195,5,text_en_1919
4608,42.53736673570274,73.94687825034876,3612,1,inner_ring
4609,40.33499454244184,66.5026288528598,5061,2,octagram
4610,41.55658749055141,86.59976447607495,1157,0,outer_ring
4611,52.23096833092992,83.15592324387735,8789,5,text_en_1919
4612,57.40490740580771,85.22522104043796,8584,5,text_en_1919
4613,53.03950700553871,93.10924556934944,411,0,outer_ring
4614,49.95603825805576,88.10010868474954,616,0,outer_ring
4615,45.09219189661252,74.01339178192171,4973,2,octagram
4616,49.71183358480873,75.97431205418665,9263,5,text_en_1919
4617,48.924623508652914,80.85438692814608,8745,5,text_en_1919
4618,47.222574661614175,71.12197919298949,4923,2,octagram
4619,31.888072715626162,61.15719433540535,5154,2,octagram
4620,28.18573309370715,59.804409630962205,3734,1,inner_ring
4621,33.55715008532631,57.637037153858955,5191,2,octagram
4622,52.48580250043697,91.15228671346827,444,0,outer_ring
4623,57.516330438275425,95.0430897644361,211,0,outer_ring
4624,63.52415226358754,90.9330748755039,56,0,outer_ring
4625,64.2478990249695,86.44371840483389,8740,5,text_en_1919
4626,68.45253747020533,83.79455222685978,8993,5,text_en_1919
4627,67.64045416445117,82.79353032975297,9015,5,text_en_1919
4628,78.10078959798393,86.28405733553959,1,0,outer_ring
4629,69.26984658375201,79.10059164706797,9256,5,text_en_1919
4630,65.5844200199242,64.69331164274737,7592,4,stroke_kai
4631,79.80500748475761,68.27599175432329,9527,5,text_en_1919
4632,65.34490090727033,71.12271483335192,4676,2,octagram
4633,67.11540453871558,61.21052880639132,7630,4,stroke_kai
4634,80.52795098181295,56.42500437858991,4430,2,octagram
4635,85.1572643872066,61.090366621374045,9750,5,text_en_1919
4636,87.00160471789212,46.978134111380335,10333,5,text_en_1919
4637,84.17193795222522,46.396078693448274,10367,5,text_en_1919
4638,89.771606056387,60.29483117908383,9755,5,text_en_1919
4639,94.0914910000179,40.02757952782917,10526,5,text_en_1919
4640,88.05153188615773,31.77028272582141,10755,5,text_en_1919
4641,97.55278826030417,43.61357371121491,10475,5,text_en_1919
4642,51.506393335605075,41.74170614449917,7288,3,stroke_nan
4643,53.20501726510028,32.860365566675924,5897,2,octagram
4644,66.42332484151052,41.54978209358045,8276,4,stroke_kai
4645,54.689100698497484,26.480649819674674,4128,1,inner_ring
4646,63.56270219073632,13.630524503387827,11137,5,text_en_1919
4647,75.99247704132733,34.98240721224985,6335,2,octagram
4648,79.70806805357492,46.58800163896046,3235,1,inner_ring
4649,77.10983939907989,48.54496040436971,6493,2,octagram
4650,77.67405102384828,40.68655278761398,4397,1,inner_ring
4651,85.60434450090298,37.965684813488096,10676,5,text_en_1919
4652,66.37692354460796,29.893974537021403,6179,2,octagram
4653,60.85071166110138,16.799832265980488,4162,1,inner_ring
4654,64.14423567397662,3.0300301838665114,2919,0,outer_ring
4655,65.77914574796212,6.887961841145004,3016,0,outer_ring
4656,44.29661930676771,7.895961159557503,1580,0,outer_ring
4657,52.173184128877445,12.155291189486752,2087,0,outer_ring
4658,47.51984785717119,11.587194882759972,1691,0,outer_ring
4659,48.835667624335535,7.023280053458311,1821,0,outer_ring
4660,54.562086165931255,7.517561591830455,2351,0,outer_ring
4661,60.63947247328455,10.346410545507386,2833,0,outer_ring
4662,56.09250348880197,7.695089017238419,2486,0,outer_ring
4663,64.608427707216,9.586727783360674,2991,0,outer_ring
4664,54.364794794216024,5.931249334265444,2318,0,outer_ring
4665,46.781808916440774,8.381134012044512,1679,0,outer_ring
4666,60.00486226634782,1.905294859913874,2718,0,outer_ring
4667,48.309713985130735,6.183278185148831,1787,0,outer_ring
4668,50.39748871082039,8.126367206911059,1944,0,outer_ring
4669,54.71712419164973,9.165268516597356,2367,0,outer_ring
4670,54.44653369335618,6.439049747880247,2325,0,outer_ring
4671,63.93512088796553,3.756524556318671,2917,0,outer_ring
4672,65.97663036965915,6.274766263039273,3018,0,outer_ring
4673,67.88892102563379,11.976168718761269,11114,5,text_en_1919
4674,78.54345020154237,17.09643779514945,10846,5,text_en_1919
4675,86.07846112171738,37.85556680638315,10693,5,text_en_1919
4676,75.4637685979606,37.70833015725079,6358,2,octagram
4677,69.54434853209722,19.59165249370025,4237,1,inner_ring
4678,71.03759734552256,6.747816039956446,3203,0,outer_ring
4679,72.43429221744327,8.05948902860665,4219,1,inner_ring
4680,35.54272388483416,25.946146192120633,4009,1,inner_ring
4681,50.42294021176623,20.31579791391285,10978,5,text_en_1919
4682,91.70313759771766,56.537073392529216,9859,5,text_en_1919
4683,46.679838826416066,91.11298944673736,833,0,outer_ring
4684,51.12538468506865,90.29905617786483,535,0,outer_ring
4685,43.86414120556603,87.95281298698747,1042,0,outer_ring
4686,55.20735049153369,92.57181359541192,304,0,outer_ring
4687,47.02898327856633,92.6167554637188,793,0,outer_ring
4688,35.4612509037293,88.88341854479293,1283,0,outer_ring
4689,38.33214786467733,93.89842695690088,1174,0,outer_ring
4690,37.66122891681614,87.90268993172485,1249,0,outer_ring
4691,35.62928995705816,84.73625502052714,1317,0,outer_ring
4692,36.26000550660741,80.88431318549273,9066,5,text_en_1919
4693,32.90011590402692,66.3836874348411,3684,1,inner_ring
4694,39.55528767185165,67.10064194070077,5059,2,octagram
4695,26.05495446876391,69.3815905567791,9579,5,text_en_1919
4696,25.47834598674357,70.80342912696196,9514,5,text_en_1919
4697,20.02875647511242,57.20043382668402,9968,5,text_en_1919
4698,18.617283043204896,62.57272081844482,1390,0,outer_ring
4699,22.0448149281705,40.81477899911606,10629,5,text_en_1919
4700,22.595488773201293,39.55596183121517,10641,5,text_en_1919
4701,26.740693219303903,46.150709436438646,10519,5,text_en_1919
4702,28.261412454164606,59.964105588601136,3731,1,inner_ring
4703,37.98070184165478,45.46124982850319,7187,3,stroke_nan
4704,42.26543067434599,48.264857887292514,7009,3,stroke_nan
4705,38.07940250810034,45.54563393846967,7182,3,stroke_nan
4706,50.87590084429126,59.55306902408846,6637,3,stroke_nan
4707,48.62483268450977,50.09174421903356,6952,3,stroke_nan
4708,44.79928335803637,58.030107626358806,6661,3,stroke_nan
4709,51.52703459377573,54.87914037369255,6810,3,stroke_nan
4710,61.695687280212276,60.481768777634265,7643,4,stroke_kai
4711,54.24380848543868,63.32261506080372,4833,2,octagram
4712,63.16254018841605,70.35588067923877,4704,2,octagram
4713,48.41797726999612,75.3854913633715,3570,1,inner_ring
4714,58.20875448588365,58.44311827030211,7638,4,stroke_kai
4715,56.1107941878041,55.117653630042945,7707,4,stroke_kai
4716,46.69715103200967,45.838991536557444,7128,3,stroke_nan
4717,45.6186012460622,37.17483738414708,7485,3,stroke_nan
4718,51.4465056225889,40.04701345725467,7419,3,stroke_nan
4719,46.6837642962331,35.95575259842184,7531,3,stroke_nan
4720,47.483579994499955,37.90282139605665,7463,3,stroke_nan
4721,41.26308492112318,35.69781411628216,5635,2,octagram
4722,39.35491061074745,34.00802529659506,5626,2,octagram
4723,29.947821533511927,24.340466827906734,10851,5,text_en_1919
4724,44.414635571847434,38.636650607928466,7446,3,stroke_nan
4725,27.117322030903914,41.19739513087431,10612,5,text_en_1919
4726,33.72373862983602,40.94554367987351,5440,2,octagram
4727,38.20215538770823,54.201465662640814,6800,3,stroke_nan
4728,36.881110601354386,46.736600727134075,7134,3,stroke_nan
4729,25.499796657599777,36.300682682400975,10743,5,text_en_1919
4730,28.378648127056778,33.666523382349816,3901,1,inner_ring
4731,24.301063308326505,31.890491356176547,10792,5,text_en_1919
4732,31.42433391733794,14.396120892872815,1424,0,outer_ring
4733,40.229531906616245,15.994614265485104,1470,0,outer_ring
4734,44.8985084563191,9.742900973310777,1586,0,outer_ring
4735,37.48193991729092,12.891151087069103,1451,0,outer_ring
4736,50.58803895173871,13.003691674368788,1928,0,outer_ring
4737,50.33198503472126,28.28172152475979,5865,2,octagram
4738,52.380761518482565,23.470074371641896,4111,1,inner_ring
4739,57.77072354854509,17.530011910750815,11099,5,text_en_1919
4740,59.22023857885719,23.983189007973085,6000,2,octagram
4741,55.96622166381579,37.603859249022776,8512,4,stroke_kai
4742,58.618836014907025,48.44443259884434,8052,4,stroke_kai
4743,59.082710663236504,49.23672779324578,8021,4,stroke_kai
4744,69.78068726235058,48.349525326756954,7966,4,stroke_kai
4745,60.18205962542255,45.83477749738919,8138,4,stroke_kai
4746,66.83157399331776,60.319315217061536,7656,4,stroke_kai
4747,66.77907378287611,55.024785600107734,7824,4,stroke_kai
4748,70.54681862404895,67.71376914732437,4617,2,octagram
4749,61.56744353917886,74.13846574890272,3476,1,inner_ring
4750,48.13212958731996,70.76762041030905,4911,2,octagram
4751,48.528065306784626,81.7625736087284,8629,5,text_en_1919
4752,51.64655891759301,91.01573238179809,497,0,outer_ring
4753,47.269635840023454,87.95866538416017,835,0,outer_ring
4754,53.26975121574626,90.46201234090911,404,0,outer_ring
4755,56.68662839251962,90.08812316953811,246,0,outer_ring
4756,52.66931855006122,82.302766175691,8858,5,text_en_1919
4757,53.22460810125159,78.05328770301927,9143,5,text_en_1919
4758,46.74577321449243,79.26028627575147,9286,5,text_en_1919
4759,49.33995012961396,80.10514684140989,8844,5,text_en_1919
4760,48.5394748506618,70.59418146345068,4912,2,octagram
4761,28.890007562934684,58.290978562290185,3742,1,inner_ring
4762,37.18294381895027,63.09858601347111,5094,2,octagram
4763,33.75392299663692,53.85016171298505,5288,2,octagram
4764,59.961108369427514,94.78073221866535,142,0,outer_ring
4765,60.85591019097787,93.85081730317404,110,0,outer_ring
4766,60.03223267747157,89.81245505064025,122,0,outer_ring
4767,59.36372542666327,94.66247406404167,154,0,outer_ring
4768,66.81074234991348,93.50565062896163,35,0,outer_ring
4769,67.20193410703152,84.18714258956828,8876,5,text_en_1919
4770,72.818732488494,78.46531800141096,9290,5,text_en_1919
4771,81.42668515901984,75.80774212611595,9356,5,text_en_1919
4772,68.31649601768162,81.64170685302877,9124,5,text_en_1919
4773,77.84345998568865,71.09662275008222,9467,5,text_en_1919
4774,74.62804560319786,69.46445620284011,3391,1,inner_ring
4775,81.7062643957757,63.82915244380735,9684,5,text_en_1919
4776,77.22980052454763,56.13941030604605,4455,2,octagram
4777,81.77517965224395,54.860619523091756,6572,2,octagram
4778,88.65438036698171,54.17369083433911,9918,5,text_en_1919
4779,82.03406942415666,55.79963904558334,4419,2,octagram
4780,84.0386756875975,44.485596816583474,10424,5,text_en_1919
4781,93.89182819615378,44.1343110737116,10397,5,text_en_1919
4782,95.70384589485388,53.23566270410661,10017,5,text_en_1919
4783,95.30810141780624,33.83262271071693,10748,5,text_en_1919
4784,61.30281907914075,26.698748092651893,6080,2,octagram
4785,62.319194985670855,40.90091677080349,8269,4,stroke_kai
4786,60.837139414304914,33.78800617924038,8490,4,stroke_kai
4787,64.5608756550358,43.743006175072274,8181,4,stroke_kai
4788,63.772736032618795,40.39238152202066,8314,4,stroke_kai
4789,65.75500642233945,29.365955949468322,6171,2,octagram
4790,76.98794946449996,36.30943341331281,6338,2,octagram
4791,78.18271580835234,42.871345591409124,4411,1,inner_ring
4792,73.95375651104472,31.633212809623416,6284,2,octagram
4793,61.37773260032411,28.553319572095603,6084,2,octagram
4794,64.64158707152056,20.908167857333343,4202,1,inner_ring
4795,63.49309498718132,16.56836460221338,10894,5,text_en_1919
4796,55.82761712640176,16.862823905878543,11132,5,text_en_1919
4797,59.95730589085899,14.907471408586074,11285,5,text_en_1919
4798,50.39568216330729,19.230879296791045,11196,5,text_en_1919
4799,53.44219628494852,16.405782605257546,2232,0,outer_ring
4800,45.98167280987652,17.924285094621293,11054,5,text_en_1919
4801,52.72885929196195,11.898674447913312,2153,0,outer_ring
4802,44.3140473452643,11.78372994293857,1564,0,outer_ring
4803,50.4086211738426,9.319635923950033,1937,0,outer_ring
4804,54.71383997555757,7.1478914860549985,2363,0,outer_ring
4805,55.96527433687874,15.995577899732647,11179,5,text_en_1919
4806,65.31143642772405,5.498194270405502,2977,0,outer_ring
4807,51.016913211149095,10.563448900214842,1990,0,outer_ring
4808,45.504867593377455,8.544959542383985,1628,0,outer_ring
4809,47.00845927096222,6.129484336213606,1708,0,outer_ring
4810,64.01092600211693,7.359562330083811,2951,0,outer_ring
4811,49.287428481256796,8.482919963645841,1844,0,outer_ring
4812,62.49196403517022,5.477092286876345,2874,0,outer_ring
4813,62.091627972736795,9.521795375402304,2891,0,outer_ring
4814,55.74539065083122,3.7462412360143205,2435,0,outer_ring
4815,68.9585541895744,10.766791891721438,3201,0,outer_ring
4816,72.77764635327206,30.620490877825038,6265,2,octagram
4817,82.97892403894348,35.243657804443906,10698,5,text_en_1919
4818,82.6346807509071,41.84009730615975,10441,5,text_en_1919
4819,69.69800256201717,16.29359041172161,4227,1,inner_ring
4820,78.58035098688808,22.771911601542037,10807,5,text_en_1919
4821,70.79251429807553,10.22872805953964,4217,1,inner_ring
4822,38.008662409648565,21.00949136303027,11031,5,text_en_1919
4823,46.314321068869916,16.34756094005205,11201,5,text_en_1919
4824,90.77563702072138,56.955441385912934,9858,5,text_en_1919
4825,47.41182548125763,91.4734431671703,782,0,outer_ring
4826,48.04298716234102,89.69865340533346,762,0,outer_ring
4827,41.56099744495006,90.5739592021296,1103,0,outer_ring
4828,56.06618490796103,95.95935446866275,269,0,outer_ring
4829,52.12973500514708,93.59236217240061,455,0,outer_ring
4830,38.48100220957401,87.94123768131145,1227,0,outer_ring
4831,39.371739826135396,83.69660683298046,1251,0,outer_ring
4832,38.85305390582908,86.77133699353678,1229,0,outer_ring
4833,36.14936912135106,82.33450739815419,1324,0,outer_ring
4834,34.37728218872262,85.475170979151,1325,0,outer_ring
4835,38.20200015366806,77.42311722478304,9367,5,text_en_1919
4836,26.04207098100819,74.43304241792244,9454,5,text_en_1919
4837,28.695651808138766,70.37789377585074,9582,5,text_en_1919
4838,26.517454406888593,70.18937851075586,9580,5,text_en_1919
4839,22.96038728997015,65.24140381396766,9689,5,text_en_1919
4840,21.591016537258803,62.1364070548499,9778,5,text_en_1919
4841,31.426518715313424,46.300605269845335,5403,2,octagram
4842,24.427904742546065,54.67398687414324,10011,5,text_en_1919
4843,22.542334871907077,48.65671043989004,10324,5,text_en_1919
4844,30.472240856246778,55.0268233132959,5261,2,octagram
4845,43.06282283736449,48.96877414586843,7030,3,stroke_nan
4846,43.001234837017044,48.803860799889435,7029,3,stroke_nan
4847,44.055941042501644,53.30912263082491,6825,3,stroke_nan
4848,44.40065870360922,51.96575240782072,6853,3,stroke_nan
4849,51.047104296566616,56.4403371023166,6719,3,stroke_nan
4850,51.07939690611205,64.74180110483697,4858,2,octagram
4851,58.870425764715925,64.28481020417662,4778,2,octagram
4852,58.90494804349246,46.18741591839966,8117,4,stroke_kai
4853,57.606230995125564,73.6525434645031,3507,1,inner_ring
4854,65.00570196488374,51.83509692231116,7900,4,stroke_kai
4855,59.265338169779824,72.09323361274024,3491,1,inner_ring
4856,58.50776123863895,55.04626992665801,7875,4,stroke_kai
4857,53.15164204508232,50.6684441070354,6937,3,stroke_nan
4858,50.12463341565502,43.40848080060549,7238,3,stroke_nan
4859,47.77892735188263,37.66038599190512,7464,3,stroke_nan
4860,46.10490856981346,43.64130017164593,7274,3,stroke_nan
4861,44.73739883423608,43.64829495572735,7234,3,stroke_nan
4862,46.72378359731445,39.14478485825544,7410,3,stroke_nan
4863,38.52254956442172,34.13992925311989,5621,2,octagram
4864,43.998302999652736,24.35446597567972,5800,2,octagram
4865,36.08732126202414,28.263490273448383,3999,1,inner_ring
4866,29.76211740811812,29.600509026017097,3940,1,inner_ring
4867,28.339898324507768,52.5038651224513,3779,1,inner_ring
4868,35.38193784198031,44.42282229128967,5404,2,octagram
4869,33.30856482952629,44.38598291254447,5412,2,octagram
4870,35.81481501780842,50.01698224562308,5352,2,octagram
4871,24.056169178146398,21.78622333337948,1411,0,outer_ring
4872,27.005303208685792,34.161588634089036,10759,5,text_en_1919
4873,32.14263847808052,31.62728459013268,3937,1,inner_ring
4874,30.171125737034668,33.75609020830134,3908,1,inner_ring
4875,43.031930028925444,11.232857968332045,1541,0,outer_ring
4876,39.146199469459944,27.356039514502672,5730,2,octagram
4877,52.844039468319735,4.4231463156529145,2171,0,outer_ring
4878,42.714487380030405,44.696244060963956,7254,3,stroke_nan
4879,47.493989764144416,32.81035418102224,7569,3,stroke_nan
4880,59.64790794259939,23.94102962933859,6007,2,octagram
4881,44.57517268199949,39.853921500881775,7404,3,stroke_nan
4882,59.033463024327986,35.79508338000222,5966,2,octagram
4883,43.23733382662857,38.7354799447561,7416,3,stroke_nan
4884,62.54896021013489,52.22252000634716,7911,4,stroke_kai
4885,74.59473214839369,55.60062700102978,4473,2,octagram
4886,65.92737044436433,47.81567721171342,8028,4,stroke_kai
4887,62.10820028310737,55.29251314648672,7828,4,stroke_kai
4888,59.77971107447747,46.47657103898865,8116,4,stroke_kai
4889,60.98568362858589,56.238248677439785,7779,4,stroke_kai
4890,71.19389739226281,63.88026407450867,4576,2,octagram
4891,60.69923254193245,53.276577219627505,7926,4,stroke_kai
4892,44.179116100530685,74.16952784422094,4975,2,octagram
4893,48.273254178437085,85.42078593617711,800,0,outer_ring
4894,52.97801572244608,78.41449472500736,9129,5,text_en_1919
4895,52.74574501472372,92.76024584599315,424,0,outer_ring
4896,46.83904892097392,89.11903976919992,850,0,outer_ring
4897,57.6186601936625,91.96903338451413,200,0,outer_ring
4898,53.611867889893695,87.31717136409888,390,0,outer_ring
4899,53.444429646156664,77.89052119812636,9136,5,text_en_1919
4900,50.26968982250746,80.31558924738981,8891,5,text_en_1919
4901,48.937930487520894,84.15844844771934,767,0,outer_ring
4902,47.745722926786634,70.20411666858581,4913,2,octagram
4903,38.004718907618546,52.97991840888466,6883,3,stroke_nan
4904,32.91896653667037,61.21819783373623,5133,2,octagram
4905,33.2651677038801,67.66952983100622,3676,1,inner_ring
4906,58.060287053699305,95.68290868584342,190,0,outer_ring
4907,55.88027281424442,86.79273879832498,272,0,outer_ring
4908,61.31250073935276,96.81252157252968,107,0,outer_ring
4909,62.52551830341691,84.8804750375689,8839,5,text_en_1919
4910,66.88144089109791,85.13620899831456,8820,5,text_en_1919
4911,64.67611984762745,82.87023921534598,8954,5,text_en_1919
4912,69.29926122137381,85.13753767213262,8888,5,text_en_1919
4913,71.97933004134948,81.32497583710204,9149,5,text_en_1919
4914,70.1649544345219,66.97706916623403,4608,2,octagram
4915,77.8240046874784,72.26218156453267,9461,5,text_en_1919
4916,81.11418918137556,65.61692089915525,9643,5,text_en_1919
4917,80.95288693262893,66.30695552397732,9572,5,text_en_1919
4918,84.25024463177371,70.74474991281892,9456,5,text_en_1919
4919,81.21794516829947,54.594101283705136,6568,2,octagram
4920,78.9032996040884,52.450156040423856,6547,2,octagram
4921,88.93060897485361,67.88284144783678,9517,5,text_en_1919
4922,83.84160539641135,52.983866106389335,3285,1,inner_ring
4923,89.04208031076611,55.47814284959812,9889,5,text_en_1919
4924,88.07018495097547,47.749054052767164,10133,5,text_en_1919
4925,91.44052879812318,58.924815178688704,9802,5,text_en_1919
4926,57.80906463514936,28.32286869154416,5952,2,octagram
4927,56.653892238208165,30.28164267931956,5930,2,octagram
4928,62.67835493135633,36.69102288834239,8409,4,stroke_kai
4929,65.17487818485107,43.80818492811864,8183,4,stroke_kai
4930,62.10651459158197,33.91282135224883,8479,4,stroke_kai
4931,72.91704456065513,46.24133793721367,6461,2,octagram
4932,76.68607439654082,37.236338755427184,6343,2,octagram
4933,82.87989876571493,37.200219395701694,10664,5,text_en_1919
4934,63.986561742805264,26.367654157038544,6145,2,octagram
4935,62.91274830969105,22.582735639880415,6045,2,octagram
4936,64.99731846881382,36.19090833939676,8428,4,stroke_kai
4937,65.60409831103519,19.286116046899558,4205,1,inner_ring
4938,59.85709805393264,11.45545501997569,2790,0,outer_ring
4939,55.40823861013438,14.537598918321697,11271,5,text_en_1919
4940,54.961974709520284,16.756041708771704,2404,0,outer_ring
4941,50.82335268328999,12.178387433487336,1955,0,outer_ring
4942,46.48906726830516,15.872429014850262,11211,5,text_en_1919
4943,51.71292325743932,8.568450312331663,2055,0,outer_ring
4944,54.481577178774295,8.01262760760629,2335,0,outer_ring
4945,50.273174349761206,9.145995224953007,1925,0,outer_ring
4946,52.357278997304746,10.515051338706737,2110,0,outer_ring
4947,60.01870172730051,7.938837826928285,2761,0,outer_ring
4948,55.288618831431464,10.740229890389797,2431,0,outer_ring
4949,49.87218399299207,6.435866680249616,1912,0,outer_ring
4950,40.99148953406061,9.889791886217656,1515,0,outer_ring
4951,47.191475046443294,11.060955778243718,1676,0,outer_ring
4952,51.0911517793691,9.549627236266875,2000,0,outer_ring
4953,52.90841537287906,10.806539652799229,2172,0,outer_ring
4954,57.15870556695863,9.272014996721191,2577,0,outer_ring
4955,56.347103602333,10.121059704437053,2520,0,outer_ring
4956,67.20647081931985,13.049839583462862,11069,5,text_en_1919
4957,68.67264274356681,12.689063276302072,11080,5,text_en_1919
4958,65.69868322965826,26.99668356164194,6153,2,octagram
4959,85.84402819716236,45.4346832400295,10369,5,text_en_1919
4960,73.35569323302553,36.41989793790591,6330,2,octagram
4961,66.4038440579732,11.5036991149393,11288,5,text_en_1919
4962,66.74330478855373,8.130218716355689,3074,0,outer_ring
4963,69.44767280198995,6.637347941240173,3165,0,outer_ring
4964,38.666245010977576,24.44782121913916,4035,1,inner_ring
4965,48.67326695751916,11.151685657062062,1765,0,outer_ring
4966,88.89757812310297,42.89814071861269,10449,5,text_en_1919
4967,48.06260277172319,86.64752647128269,797,0,outer_ring
4968,41.210706002005274,87.51604857416412,1159,0,outer_ring
4969,43.930124300678095,89.35866922635459,1030,0,outer_ring
4970,53.52584030492668,91.82774915414838,387,0,outer_ring
4971,45.49998454843846,91.94315097052268,913,0,outer_ring
4972,43.57395029746121,89.50905968028225,1037,0,outer_ring
4973,41.0396734367402,88.63494972787014,1150,0,outer_ring
4974,38.24436740238383,89.82095808289824,1217,0,outer_ring
4975,33.53355246188116,84.99877180168954,1339,0,outer_ring
4976,34.087034432965254,73.22306358470021,3651,1,inner_ring
4977,39.636203719443756,68.44685097240875,5048,2,octagram
4978,29.627562242931507,63.9411351619451,3707,1,inner_ring
4979,31.113374799873593,70.04569158275834,3674,1,inner_ring
4980,23.502699163418708,66.65763466580057,9611,5,text_en_1919
4981,23.020433458242046,65.33974910149709,9678,5,text_en_1919
4982,22.824667165766137,58.765340249015146,9915,5,text_en_1919
4983,22.010734882546053,54.96451267216968,10010,5,text_en_1919
4984,28.702063296529825,61.41581426677397,3723,1,inner_ring
4985,23.148581427339174,47.86858747799502,10417,5,text_en_1919
4986,33.191151617173404,56.820191479952705,5190,2,octagram
4987,40.86765314559702,39.64478650014832,7367,3,stroke_nan
4988,48.176514641982095,46.03716769119676,7121,3,stroke_nan
4989,46.22340067704553,51.68037624964255,6854,3,stroke_nan
4990,42.52841158654702,59.68691455429297,6624,3,stroke_nan
4991,49.2402987882507,60.382508258058635,6591,3,stroke_nan
4992,51.205815093217666,66.51897853947115,4863,2,octagram
4993,57.62483809440228,55.2930741690189,7697,4,stroke_kai
4994,61.622149106118265,59.23854540248667,7661,4,stroke_kai
4995,56.75780803222784,75.7834785011169,3518,1,inner_ring
4996,61.30984749805251,84.50004016610681,8850,5,text_en_1919
4997,58.48406209937263,63.930979067396976,4788,2,octagram
4998,56.59553034310614,57.81205372515385,7653,4,stroke_kai
4999,52.64849252823812,55.92890750618837,6634,3,stroke_nan
5000,51.536067757494195,48.10263287210972,7043,3,stroke_nan
5001,46.27678845175864,35.29754605575969,7552,3,stroke_nan
5002,48.38820340991005,40.37261087463317,7382,3,stroke_nan
5003,48.76287038294945,47.51685507312137,7067,3,stroke_nan
5004,41.46063383371711,7.688899302587879,1532,0,outer_ring
5005,41.5360594527389,29.8829894200706,5700,2,octagram
5006,43.8361935848791,30.174155339151888,5707,2,octagram
5007,30.938102783723984,26.112251593865672,10834,5,text_en_1919
5008,33.9241787145595,33.55211469000458,5582,2,octagram
5009,25.00403525159346,41.32586623276818,10584,5,text_en_1919
5010,36.40031184993981,48.10236695993806,5369,2,octagram
5011,38.50184742817816,45.86534206752774,7142,3,stroke_nan
5012,34.04968563090929,44.11434753838752,5414,2,octagram
5013,26.863871990011848,41.39518709730479,10585,5,text_en_1919
5014,33.46510073331832,43.132406801161196,5425,2,octagram
5015,27.12860611787763,32.52503973112169,10771,5,text_en_1919
5016,33.101723501996204,26.01392608587629,3984,1,inner_ring
5017,49.89458672930877,10.622571902862648,1880,0,outer_ring
5018,44.242132250447575,11.997145031598512,1560,0,outer_ring
5019,49.73435508236623,10.463541559293471,1860,0,outer_ring
5020,58.214463581611135,6.76681407133673,2631,0,outer_ring
5021,45.65521371067113,30.267209929490686,5720,2,octagram
5022,49.09421292525742,26.148639869478586,5834,2,octagram
5023,51.48533825877266,33.934168956470174,7554,3,stroke_nan
5024,57.477054069511894,52.58676645110272,7904,4,stroke_kai
5025,56.51102686388766,41.62757550004231,8328,4,stroke_kai
5026,57.063086932214816,50.42293143063916,7971,4,stroke_kai
5027,65.81221349059662,49.20483229879906,7929,4,stroke_kai
5028,89.08172592182662,43.93764990458177,10393,5,text_en_1919
5029,75.79296136985397,48.94384370176031,6492,2,octagram
5030,72.76404156168576,45.87122668536443,6462,2,octagram
5031,73.29606868354612,47.9193882575043,6479,2,octagram
5032,60.955781692481935,53.53225389910618,7917,4,stroke_kai
5033,67.49172520723826,78.14286086567489,9298,5,text_en_1919
5034,43.194257522958694,73.55581448922092,4979,2,octagram
5035,45.423480705028076,81.06560906231596,9091,5,text_en_1919
5036,50.1217215179327,88.8909949573055,597,0,outer_ring
5037,51.25811099456581,90.15341747352163,526,0,outer_ring
5038,51.21655395556473,85.43262780435829,558,0,outer_ring
5039,58.66468429706977,80.0790179685027,8963,5,text_en_1919
5040,52.4630794055266,92.45699090412836,442,0,outer_ring
5041,55.071875160982145,91.24538617567389,310,0,outer_ring
5042,54.15513196905177,82.30619284360284,8835,5,text_en_1919
5043,46.24188358942712,76.53746185094332,3588,1,inner_ring
5044,47.45017627719636,74.70860789782219,4938,2,octagram
5045,30.672112949160145,55.136843734171435,5258,2,octagram
5046,29.704935928137797,59.61342347984084,5176,2,octagram
5047,27.22405898436766,54.73465835595961,3766,1,inner_ring
5048,56.18570601836993,92.87826321463687,260,0,outer_ring
5049,55.593349566584294,94.77148059926333,288,0,outer_ring
5050,66.24520317326646,94.65847793862093,42,0,outer_ring
5051,68.47477546835407,85.02560736740578,8887,5,text_en_1919
5052,64.92497901499596,79.79884252845206,9087,5,text_en_1919
5053,71.99724631566845,80.30732862955692,9211,5,text_en_1919
5054,75.33738775932393,81.40135407590508,9008,5,text_en_1919
5055,63.22243578638417,73.30451940367112,3462,1,inner_ring
5056,68.10122281239885,67.79557499966481,4619,2,octagram
5057,71.69805087633833,65.03489035008349,4585,2,octagram
5058,77.82866157194415,70.37896696862244,9471,5,text_en_1919
5059,72.84267993701853,61.066206638116356,4537,2,octagram
5060,78.5756814484959,53.971790272581366,6557,2,octagram
5061,79.83540142535874,53.06150208749474,6555,2,octagram
5062,82.43984441537584,44.70266988976,10403,5,text_en_1919
5063,88.41139860172336,55.62134347322042,9877,5,text_en_1919
5064,88.04293787763565,57.89183284506052,9832,5,text_en_1919
5065,90.39307251513878,43.36065429929783,10432,5,text_en_1919
5066,87.89794911008234,45.69844212458572,10372,5,text_en_1919
5067,97.01662168737722,48.38484032456889,10164,5,text_en_1919
5068,56.26733269850831,39.91402099720759,8435,4,stroke_kai
5069,57.50824813008532,39.85497090993626,8430,4,stroke_kai
5070,53.14825132547497,42.28357603266271,7396,3,stroke_nan
5071,71.69909256552353,30.663314494956527,6248,2,octagram
5072,65.81337733758264,29.396190763499984,6174,2,octagram
5073,76.91678110254873,37.75349456982193,4377,1,inner_ring
5074,66.78869048709666,38.49014767466446,8321,4,stroke_kai
5075,79.15332209207136,42.985136935248754,4412,1,inner_ring
5076,78.42417642164075,38.87537869368079,4383,1,inner_ring
5077,74.4551190594166,41.96585956754608,6397,2,octagram
5078,66.44502982990709,23.947396288450754,6120,2,octagram
5079,59.01048205588184,7.075851580609741,2693,0,outer_ring
5080,52.25466916277406,1.6624693547418161,2121,0,outer_ring
5081,55.963285689902094,15.117670888787726,11262,5,text_en_1919
5082,54.93887684104558,17.258110454383853,2405,0,outer_ring
5083,56.259740867953646,9.599417912470782,2514,0,outer_ring
5084,48.893925239162705,14.755922748919499,11259,5,text_en_1919
5085,44.802265770159856,7.387822065130978,1603,0,outer_ring
5086,51.46239126480726,6.539919336839881,2042,0,outer_ring
5087,51.47215472066765,9.15620763546221,2031,0,outer_ring
5088,56.97982143184875,6.5548299853179754,2549,0,outer_ring
5089,58.52019949462937,9.175256987085929,2673,0,outer_ring
5090,51.92009629459911,9.875774953641582,2074,0,outer_ring
5091,53.9985270831621,3.447456865890934,2280,0,outer_ring
5092,49.00068959861215,7.009873029454976,1832,0,outer_ring
5093,46.64415006856926,8.528747887790086,1672,0,outer_ring
5094,53.499870946421254,3.1781612706907127,2228,0,outer_ring
5095,51.00082858007267,2.785325966057806,2022,0,outer_ring
5096,65.7025956588408,10.411552906073103,3054,0,outer_ring
5097,59.43088950620427,7.315884177060765,2726,0,outer_ring
5098,62.71446247329878,9.872471059075718,2918,0,outer_ring
5099,69.36888041120073,11.406818816953976,3211,0,outer_ring
5100,68.78307760575177,5.853522172450136,3129,0,outer_ring
5101,83.30835718130558,33.364253258055975,10702,5,text_en_1919
5102,81.11335919090912,38.81450699270716,10632,5,text_en_1919
5103,68.77194109984093,6.854626875029531,3139,0,outer_ring
5104,70.14241158357937,6.381873351223318,3181,0,outer_ring
5105,70.53413011667304,20.249962340519364,4249,1,inner_ring
5106,37.566018762838716,27.37416682952307,4015,1,inner_ring
5107,50.63586476787693,8.715006664688921,1960,0,outer_ring
5108,86.57814556379388,51.62500885728148,10091,5,text_en_1919
5109,48.43264469113202,92.28735004685365,698,0,outer_ring
5110,48.41750149919589,90.24902102341774,727,0,outer_ring
5111,41.41506435525485,90.92573182452823,1106,0,outer_ring
5112,50.70063929392024,90.87111042492866,556,0,outer_ring
5113,37.195880733061,85.66155330869658,1281,0,outer_ring
5114,46.571864030929135,90.80230878600636,844,0,outer_ring
5115,40.801792115141964,89.79379607715653,1143,0,outer_ring
5116,40.84626111638106,87.58284706613206,1168,0,outer_ring
5117,38.38129986114037,87.22384904170136,1238,0,outer_ring
5118,36.9552427064394,82.77647150596974,1314,0,outer_ring
5119,32.99860901264732,83.18485279339794,1349,0,outer_ring
5120,28.908217491328486,68.70523880689375,9606,5,text_en_1919
5121,23.705328795792923,70.16694231891213,9499,5,text_en_1919
5122,27.36536121868758,63.70441092191157,3718,1,inner_ring
5123,20.415995238605795,59.12600688695062,9921,5,text_en_1919
5124,19.127187087308524,57.851645611419364,9955,5,text_en_1919
5125,23.62457362102826,58.25607017180442,9901,5,text_en_1919
5126,22.67471419491023,51.1020373652517,10197,5,text_en_1919
5127,26.763691271655464,53.28425909708995,3775,1,inner_ring
5128,32.68909325688472,47.46314152337924,5383,2,octagram
5129,33.89643291933784,48.36419422758499,5356,2,octagram
5130,47.3924870522944,40.290194123661394,7381,3,stroke_nan
5131,42.769548921354506,60.007090017155825,6623,3,stroke_nan
5132,45.45907978302246,51.57484648668507,6888,3,stroke_nan
5133,48.21112404203694,54.19877283465048,6785,3,stroke_nan
5134,54.73600883864556,65.99245415188511,4835,2,octagram
5135,55.89247957584004,54.29288883984256,7724,4,stroke_kai
5136,59.76172271540916,65.68007875077335,4767,2,octagram
5137,55.158498685993955,73.04583695701253,3525,1,inner_ring
5138,59.29870677411188,76.47960245498437,9198,5,text_en_1919
5139,62.407071124958584,74.42871243620799,3471,1,inner_ring
5140,56.184719412061355,40.7162338333652,8362,4,stroke_kai
5141,57.980358619038974,49.98550528601191,7976,4,stroke_kai
5142,51.76436187858061,44.89359745104148,7200,3,stroke_nan
5143,52.04186644447825,24.376757852135885,4106,1,inner_ring
5144,56.87262604146026,32.77906313083146,8568,4,stroke_kai
5145,52.28906472622212,39.80070747028495,7432,3,stroke_nan
5146,38.365736972568214,41.494573538943776,7350,3,stroke_nan
5147,44.96655331680858,26.563477544370595,5808,2,octagram
5148,39.68296251958537,24.92633847346845,4037,1,inner_ring
5149,21.8364482291562,35.32294779080226,10767,5,text_en_1919
5150,34.6039775548372,33.47909877214667,5585,2,octagram
5151,29.26329957178518,32.012164067018524,3920,1,inner_ring
5152,37.33416029309774,31.914061583379297,5613,2,octagram
5153,41.76260099061468,53.05564171731958,6802,3,stroke_nan
5154,37.556111223592055,49.54093769116382,7002,3,stroke_nan
5155,29.043599560896876,37.56714416198882,3890,1,inner_ring
5156,33.911351560586205,27.210877594056036,3980,1,inner_ring
5157,21.622316427001596,34.708474711148874,10780,5,text_en_1919
5158,29.40290995136204,25.158888768919383,10849,5,text_en_1919
5159,34.27120728105718,25.543288382238533,4000,1,inner_ring
5160,44.33972274192991,21.66203290019805,4067,1,inner_ring
5161,47.74007806231233,8.096146236930494,1732,0,outer_ring
5162,49.1545638847664,8.775123706668815,1828,0,outer_ring
5163,51.81975102290711,12.112152348496823,2051,0,outer_ring
5164,54.07139642161067,19.9666380984218,11109,5,text_en_1919
5165,49.518076133044495,23.683182383385876,4092,1,inner_ring
5166,57.33097659597513,47.9474933676695,8053,4,stroke_kai
5167,54.136411143127916,27.871863979420638,5886,2,octagram
5168,57.2780013583416,42.58202115272486,8239,4,stroke_kai
5169,64.73088874267846,50.755201670819204,7895,4,stroke_kai
5170,64.72506696103018,46.24273815149401,8089,4,stroke_kai
5171,69.0494544402891,43.878109470914254,6439,2,octagram
5172,70.00091495758817,48.859586882534906,7965,4,stroke_kai
5173,67.5472579504014,54.08352609977154,7740,4,stroke_kai
5174,62.35044112736837,51.43981604899515,7877,4,stroke_kai
5175,59.55439170439491,84.40010844096248,8696,5,text_en_1919
5176,47.356853917367786,91.38075956857674,787,0,outer_ring
5177,45.43705401150489,76.13097782710543,4952,2,octagram
5178,47.66104167211931,86.19938559641325,828,0,outer_ring
5179,50.8480151908067,89.98981426337053,551,0,outer_ring
5180,59.683230637656,82.62607460850339,8952,5,text_en_1919
5181,53.263139966456635,83.18373970608803,8768,5,text_en_1919
5182,41.431163046423656,74.11231617144185,3618,1,inner_ring
5183,48.6617102198609,78.38213494940055,9229,5,text_en_1919
5184,49.57111095265723,81.86126005980026,8614,5,text_en_1919
5185,46.586773452269846,78.60812174481285,3577,1,inner_ring
5186,52.79061605620269,69.41741161265644,4861,2,octagram
5187,29.806336566173186,56.721403574934094,5241,2,octagram
5188,35.57463896282298,56.11163796363835,5187,2,octagram
5189,29.689982686590835,65.57027890997792,3699,1,inner_ring
5190,57.15982896666947,91.43228714522755,222,0,outer_ring
5191,62.79294751125143,93.33249403725716,74,0,outer_ring
5192,62.0034468501104,91.37849565908203,80,0,outer_ring
5193,61.74848737542255,93.44186053763255,87,0,outer_ring
5194,70.6802723202552,85.34016050244806,8899,5,text_en_1919
5195,70.2784916910179,81.64753933742642,9148,5,text_en_1919
5196,71.80015154029152,85.6900425647332,8831,5,text_en_1919
5197,76.51647923093866,82.19829977147282,9019,5,text_en_1919
5198,75.52134556070185,71.24803849829192,3394,1,inner_ring
5199,77.03420737859226,69.91658546887503,3380,1,inner_ring
5200,78.69780785585675,68.9039239896193,9539,5,text_en_1919
5201,74.45970261998363,67.5713953214296,3384,1,inner_ring
5202,82.24042386913095,63.21896718628221,9691,5,text_en_1919
5203,87.05567039583124,59.29618785436606,9777,5,text_en_1919
5204,85.33277239888322,53.075652276916436,9980,5,text_en_1919
5205,92.88021173108272,48.7373360876216,10097,5,text_en_1919
5206,86.50193216666577,42.81667207252998,10462,5,text_en_1919
5207,89.42272830511207,54.998633003734525,9896,5,text_en_1919
5208,96.0113100407445,45.52993740847913,10248,5,text_en_1919
5209,86.67007086649866,46.956988585986224,10296,5,text_en_1919
5210,57.942408581519636,45.282024749405096,8125,4,stroke_kai
5211,65.75496340247742,21.839297410247898,6103,2,octagram
5212,65.84224289927255,42.00362899494043,8254,4,stroke_kai
5213,66.63092517499848,24.18617090290598,6125,2,octagram
5214,62.02347510241163,20.626616456886243,4184,1,inner_ring
5215,72.90020289148151,42.469394558540984,6406,2,octagram
5216,82.82181272907408,45.44440374722229,10383,5,text_en_1919
5217,82.37155176162248,43.71770561916196,10421,5,text_en_1919
5218,73.19163686106154,44.80327036212199,6428,2,octagram
5219,62.935928869035976,16.447596054650997,10907,5,text_en_1919
5220,65.78401080094267,20.550653718601804,4216,1,inner_ring
5221,70.67776332905625,4.571403536206117,3178,0,outer_ring
5222,59.75381322426909,6.984726338959704,2744,0,outer_ring
5223,49.72158442463091,19.623313239498685,10977,5,text_en_1919
5224,55.59439492628819,8.824168157816214,2448,0,outer_ring
5225,57.36746915508143,9.53856278173623,2598,0,outer_ring
5226,59.54766452092368,11.349088654995079,2765,0,outer_ring
5227,46.13545069017227,9.398202164663813,1647,0,outer_ring
5228,47.75863810125864,14.738844798894084,11266,5,text_en_1919
5229,55.785269508509025,4.4187999334148556,2444,0,outer_ring
5230,60.081916816787114,4.138146673749202,2738,0,outer_ring
5231,62.03090171945242,9.392665239662477,2886,0,outer_ring
5232,50.685560933070185,10.834803779520312,1948,0,outer_ring
5233,58.958626888172525,6.766871031946458,2684,0,outer_ring
5234,49.92448244703765,9.477911302878512,1896,0,outer_ring
5235,51.16488916610024,8.106071539620407,2013,0,outer_ring
5236,50.405703053212164,7.116203888965804,1946,0,outer_ring
5237,49.52698317411355,14.554446772846033,11240,5,text_en_1919
5238,54.66519052595342,6.844861823453466,2355,0,outer_ring
5239,67.86487760586331,13.314460789496467,11038,5,text_en_1919
5240,63.123149971675076,12.583464158007887,11145,5,text_en_1919
5241,70.16837995372897,2.0089615286287574,3131,0,outer_ring
5242,76.27470131519782,38.12220740364631,6351,2,octagram
5243,81.99908478600464,47.656557898790666,3245,1,inner_ring
5244,79.76355176836921,37.67148671335086,4379,1,inner_ring
5245,62.83749421977012,10.550465503582947,2933,0,outer_ring
5246,77.59029190970794,15.513005351152302,10847,5,text_en_1919
5247,66.75311163372277,7.601338301178071,3065,0,outer_ring
5248,43.474287053164744,8.650832075998542,1561,0,outer_ring
5249,39.276550815726175,12.912413404467827,1474,0,outer_ring
5250,87.97724138533032,45.988200207161405,10353,5,text_en_1919
5251,56.04420277054165,90.99732017829912,266,0,outer_ring
5252,49.90973614464935,92.24089729894814,585,0,outer_ring
5253,38.958178380994624,91.870934862128,1176,0,outer_ring
5254,50.702647448262475,91.88704714944218,548,0,outer_ring
5255,53.48338395470765,88.1341804240454,399,0,outer_ring
5256,47.02898962630977,90.91836189967277,817,0,outer_ring
5257,32.53881965351577,87.58323504826,1334,0,outer_ring
5258,28.89792579807183,74.13684840495368,9438,5,text_en_1919
5259,35.9902066448977,85.29150501282885,1306,0,outer_ring
5260,39.24784901072546,83.91545901513634,1253,0,outer_ring
5261,37.00445363846488,68.68065800847201,5056,2,octagram
5262,33.23692417754208,69.88146164141209,3668,1,inner_ring
5263,25.355214374256217,74.39260064604761,9447,5,text_en_1919
5264,25.36042440506797,58.90271911862849,5230,2,octagram
5265,14.806571783846682,58.60203475843251,1393,0,outer_ring
5266,20.598383976264312,49.318689958074245,10287,5,text_en_1919
5267,24.682956459197964,50.806581130647196,10192,5,text_en_1919
5268,25.809617269153392,51.02639792044443,10149,5,text_en_1919
5269,36.501583327367925,44.496807638628965,7252,3,stroke_nan
5270,33.783059818884546,51.708073791753485,5312,2,octagram
5271,34.22300782080278,49.94715510941561,5346,2,octagram
5272,38.113153224277056,49.14260985445816,7001,3,stroke_nan
5273,45.06218660646963,54.70521684580909,6773,3,stroke_nan
5274,46.90818079526583,53.07524540174282,6796,3,stroke_nan
5275,46.828603220477724,53.668073540814234,6779,3,stroke_nan
5276,50.34134330973298,51.36916483191269,6893,3,stroke_nan
5277,61.69757450812535,71.06918017141187,4713,2,octagram
5278,51.70679928096201,72.59270583847471,3553,1,inner_ring
5279,51.94993910554256,77.35616585484205,9119,5,text_en_1919
5280,60.34338533468274,69.51464941637515,4738,2,octagram
5281,53.233594043617956,78.4369911029084,9120,5,text_en_1919
5282,52.83224764686002,58.088114038871055,6636,3,stroke_nan
5283,56.16928597037027,54.55097665705977,7706,4,stroke_kai
5284,55.277567938624145,43.80252957144026,8315,4,stroke_kai
5285,45.604481721875786,36.73398193989655,7501,3,stroke_nan
5286,50.439116090002294,43.477841630591335,7212,3,stroke_nan
5287,51.55694517115087,42.29238250162751,7280,3,stroke_nan
5288,38.82469699940592,35.132162663176295,5618,2,octagram
5289,46.11040581197056,38.47606697726111,7437,3,stroke_nan
5290,36.558744696072615,29.045516463104953,3997,1,inner_ring
5291,33.87505271259641,27.526280100989347,3978,1,inner_ring
5292,33.29224091336811,32.58762248280985,5575,2,octagram
5293,27.947516210482583,35.58418574627876,10746,5,text_en_1919
5294,26.48813963333764,38.64328231380401,10718,5,text_en_1919
5295,33.398958651483156,44.847626855270896,5409,2,octagram
5296,37.434181103188536,51.227412692891875,6950,3,stroke_nan
5297,22.03347079911184,33.62215049770895,10791,5,text_en_1919
5298,24.424979822056052,37.09185556363207,10735,5,text_en_1919
5299,32.74503520768389,26.71585745798073,3973,1,inner_ring
5300,37.982509322180015,25.35606839518153,4025,1,inner_ring
5301,44.711834882744505,7.869229332837305,1595,0,outer_ring
5302,40.513996100823285,25.557440613544717,5760,2,octagram
5303,49.938740278300116,19.43173155228819,11004,5,text_en_1919
5304,48.06755109521307,11.353252104617392,1727,0,outer_ring
5305,54.80975626353817,22.50938292745023,4127,1,inner_ring
5306,56.693827457170514,38.106629656709174,8495,4,stroke_kai
5307,58.12212177481222,38.854669454528306,8305,4,stroke_kai
5308,60.019034339149364,37.508443861412,8418,4,stroke_kai
5309,54.03719581383861,20.90632722108882,11098,5,text_en_1919
5310,60.75329865138298,42.24874939168829,8243,4,stroke_kai
5311,70.19210272788004,48.79855729272329,6468,2,octagram
5312,55.98531786605331,50.67538293546268,7968,4,stroke_kai
5313,60.22143928656284,50.04441696439933,8005,4,stroke_kai
5314,61.37924979251241,50.64587070662234,7881,4,stroke_kai
5315,67.33812847433038,63.2413647644503,7604,4,stroke_kai
5316,65.27997527699898,56.602259467314305,7742,4,stroke_kai
5317,56.71197566782428,63.145920382251276,4792,2,octagram
5318,47.987816445877506,81.5018018025298,8621,5,text_en_1919
5319,45.58513688226372,77.71472083083265,3590,1,inner_ring
5320,52.95641153648777,90.12463552567955,419,0,outer_ring
5321,52.793840696713495,88.41661326550488,436,0,outer_ring
5322,53.64996393718437,82.8237601307038,8803,5,text_en_1919
5323,53.605857778479674,93.06850123102404,381,0,outer_ring
5324,51.74837709453796,90.54411949504193,493,0,outer_ring
5325,51.550084322783526,69.14370569141293,4872,2,octagram
5326,48.33342992483564,85.1709114001151,796,0,outer_ring
5327,46.36855805624154,76.40985576015879,3585,1,inner_ring
5328,44.316363095829246,75.30401511137003,4965,2,octagram
5329,32.357177850131194,58.93352879576095,5160,2,octagram
5330,34.91803525794039,61.993519936413485,5112,2,octagram
5331,39.60563265013736,65.52103194269853,5071,2,octagram
5332,57.956052285328596,91.38289386864162,186,0,outer_ring
5333,59.117830274040976,93.64183768424768,157,0,outer_ring
5334,61.564680305033704,93.20674721262458,92,0,outer_ring
5335,63.52333996831321,88.95449300025258,8652,5,text_en_1919
5336,66.95138427495417,94.60629839762184,37,0,outer_ring
5337,67.04479619059501,87.33225003602712,8697,5,text_en_1919
5338,66.11419024036189,88.81084815220683,8653,5,text_en_1919
5339,72.13724626038754,84.02860747515054,8936,5,text_en_1919
5340,69.76472432808407,70.8276237784484,4641,2,octagram
5341,67.04805890436788,56.32666527233451,7782,4,stroke_kai
5342,83.68023323103942,66.72886238630977,9586,5,text_en_1919
5343,71.37522337419765,63.45925124434672,4570,2,octagram
5344,82.14874726635527,55.827291982960595,3300,1,inner_ring
5345,81.42998001619623,56.49202366249357,4427,2,octagram
5346,81.50633421491403,48.19735382967147,3249,1,inner_ring
5347,84.94549615408361,45.51508921069347,10387,5,text_en_1919
5348,89.76928813820071,51.45606881532724,10036,5,text_en_1919
5349,91.53632554109608,43.95654174782444,10395,5,text_en_1919
5350,93.19577392389154,49.938820030487264,10077,5,text_en_1919
5351,86.8153550032347,49.22477233097873,10132,5,text_en_1919
5352,51.96338471376194,17.405261669618888,11252,5,text_en_1919
5353,59.55039389279566,23.27978505417707,6012,2,octagram
5354,60.87546897742304,27.11220478762099,6002,2,octagram
5355,67.91560583159955,38.69076717007378,8320,4,stroke_kai
5356,68.71229334010191,47.266639842452385,6458,2,octagram
5357,79.69149268633063,41.38781427487295,4404,1,inner_ring
5358,70.1854319754425,41.642725683534806,6416,2,octagram
5359,74.76845522335066,43.11334899827556,6405,2,octagram
5360,78.71761512219123,34.4499824150119,4360,1,inner_ring
5361,64.92062428513691,20.733772633968428,4206,1,inner_ring
5362,63.764268021824996,21.33167189492541,6049,2,octagram
5363,56.89732243333853,25.497248897460683,5954,2,octagram
5364,62.55421787644561,24.330684803023342,6066,2,octagram
5365,56.00329325728684,18.271935736469807,11026,5,text_en_1919
5366,55.02007784610562,6.150427886060948,2381,0,outer_ring
5367,60.02135447254101,10.53591086996103,2792,0,outer_ring
5368,45.941519664931,11.206739070495397,1622,0,outer_ring
5369,48.56293181416319,10.431484817580575,1762,0,outer_ring
5370,45.50457699649662,6.973760180582366,1640,0,outer_ring
5371,49.81053420215967,8.832117631039,1889,0,outer_ring
5372,56.69428072191478,6.94478761533713,2526,0,outer_ring
5373,53.82817319192673,8.891431009614626,2269,0,outer_ring
5374,62.70768325959431,6.107259700211641,2890,0,outer_ring
5375,48.622725573958704,10.779992875567123,1764,0,outer_ring
5376,55.72767252650758,5.390432722113314,2443,0,outer_ring
5377,48.04281820109466,2.9381165450034614,1799,0,outer_ring
5378,48.1895052985988,6.955858475276922,1772,0,outer_ring
5379,64.3184110464361,4.358314380174726,2941,0,outer_ring
5380,56.99742524507319,2.5817906602940255,2524,0,outer_ring
5381,63.72651937397304,17.856595018068166,4190,1,inner_ring
5382,61.99846856413566,6.240134135094995,2862,0,outer_ring
5383,74.02412484484232,22.095350295337667,4279,1,inner_ring
5384,77.12967585012856,27.02991692071371,4321,1,inner_ring
5385,66.8919088709938,13.685323335034072,11021,5,text_en_1919
5386,75.04973076624655,38.968173140070704,6365,2,octagram
5387,74.30395640627057,24.0614647468471,4291,1,inner_ring
5388,70.23886871821932,41.853045121176976,6427,2,octagram
5389,71.65972549289255,29.918267921087462,6241,2,octagram
5390,39.913761462012715,20.123459900086836,11045,5,text_en_1919
5391,46.442704923093444,22.640540953781343,4075,1,inner_ring
5392,87.6680392487573,42.97792257867962,10447,5,text_en_1919
5393,45.59324019273222,89.33843068139255,941,0,outer_ring
5394,43.9162802094288,94.04389327947794,970,0,outer_ring
5395,46.84418642754864,92.80338278673213,806,0,outer_ring
5396,50.62046294464455,88.07566717281493,576,0,outer_ring
5397,48.89028508540199,90.56868109287274,680,0,outer_ring
5398,44.04295047112107,93.76614148696845,966,0,outer_ring
5399,43.61870716617785,90.78521279979002,1027,0,outer_ring
5400,36.91764758770456,85.36708764658546,1290,0,outer_ring
5401,35.52752726900438,81.87969981570924,1338,0,outer_ring
5402,37.89793003432851,70.50949669707916,5043,2,octagram
5403,29.51855005884174,80.26342843909006,1369,0,outer_ring
5404,32.27352258032908,68.15592665862783,3680,1,inner_ring
5405,27.512488915339706,74.47593175050169,9389,5,text_en_1919
5406,24.125783412186536,66.44028600181001,9630,5,text_en_1919
5407,18.7296936462973,64.53766618235672,1388,0,outer_ring
5408,21.04088677824371,62.366280236354555,9752,5,text_en_1919
5409,18.637042094573353,49.275530262751424,10255,5,text_en_1919
5410,21.580095639043982,48.65969437232052,10342,5,text_en_1919
5411,24.620073815216884,47.88548356542834,10418,5,text_en_1919
5412,29.43407074797386,52.58460952697198,5279,2,octagram
5413,35.94266242533625,46.469284743585916,5375,2,octagram
5414,42.39186068950214,51.095250154024974,6960,3,stroke_nan
5415,42.46558883043478,50.49960063264833,6985,3,stroke_nan
5416,41.519702891938316,55.62391088315596,6744,3,stroke_nan
5417,55.92413294081621,48.413692603932105,8003,4,stroke_kai
5418,51.541802995009924,54.601069794769835,6859,3,stroke_nan
5419,52.99566060044102,54.490184996875776,6686,3,stroke_nan
5420,59.714892046723946,72.96715161156793,3489,1,inner_ring
5421,60.04432106970161,69.21409440612766,4743,2,octagram
5422,58.72719300336255,76.7794672630413,9166,5,text_en_1919
5423,64.07241606393656,67.34374917610492,4659,2,octagram
5424,59.35122974687297,61.320995955095285,7581,4,stroke_kai
5425,57.22511355709571,52.52474565931281,7945,4,stroke_kai
5426,48.900968775078866,47.402682437588574,7105,3,stroke_nan
5427,49.131687695248054,19.723104845287768,10992,5,text_en_1919
5428,50.0835361286126,44.76507037009682,7185,3,stroke_nan
5429,56.33482609382618,33.155128533406796,8567,4,stroke_kai
5430,44.337000050607294,40.614508047530336,7371,3,stroke_nan
5431,42.09698424498175,25.534800793436588,5762,2,octagram
5432,37.96465416840836,21.101256280167068,10935,5,text_en_1919
5433,38.987956182689246,20.86502618816654,11022,5,text_en_1919
5434,22.191162322564786,38.515938089090085,10714,5,text_en_1919
5435,29.703550607249184,39.186049120925226,3879,1,inner_ring
5436,34.57257103939466,52.60328061999616,5309,2,octagram
5437,42.32192528229387,41.21213888740044,7327,3,stroke_nan
5438,36.59297379119852,32.514927725217284,5607,2,octagram
5439,19.86676808905248,35.74674717115397,10772,5,text_en_1919
5440,31.873703546872907,30.948108810443717,3941,1,inner_ring
5441,19.300047101036547,38.46799979793326,10646,5,text_en_1919
5442,40.07734223370258,11.308816042009301,1489,0,outer_ring
5443,47.368356625256396,10.19353662655341,1696,0,outer_ring
5444,45.388737137967645,24.64788057047036,5801,2,octagram
5445,54.43228044966419,8.440917047071817,2331,0,outer_ring
5446,52.23598643817882,16.43239142940229,2080,0,outer_ring
5447,59.436162675838936,17.590225509860247,11100,5,text_en_1919
5448,40.43701152474814,26.023586787661028,5755,2,octagram
5449,52.68906188073432,21.949187552214923,11063,5,text_en_1919
5450,47.98480677651449,36.59747851582837,7517,3,stroke_nan
5451,57.91856971847813,39.167682972423094,8517,4,stroke_kai
5452,59.300635421982776,42.71406817463151,8225,4,stroke_kai
5453,59.718899128194266,42.336099462303814,8245,4,stroke_kai
5454,65.86088180735082,44.83945029153749,8148,4,stroke_kai
5455,76.04987113677353,51.36186599820566,6517,2,octagram
5456,61.260500795363555,51.47449045446215,7953,4,stroke_kai
5457,71.0838953006379,63.47248103116649,4568,2,octagram
5458,71.08628686957094,65.28282157659311,4590,2,octagram
5459,68.70535965717056,73.45172941569759,3436,1,inner_ring
5460,41.140617871034024,71.54095858589426,5004,2,octagram
5461,45.29563540964176,84.77446202910215,8699,5,text_en_1919
5462,42.71268297157144,79.62463378333827,4962,2,octagram
5463,46.92222908037922,91.74549694323373,814,0,outer_ring
5464,54.754855648600625,86.07326098349091,8579,5,text_en_1919
5465,57.57103716228192,87.26633242703564,191,0,outer_ring
5466,48.37960701124812,84.60464332417219,804,0,outer_ring
5467,55.38796661727351,81.48377600487271,8871,5,text_en_1919
5468,49.69214658861314,79.80811830441202,8959,5,text_en_1919
5469,49.67967306978849,83.00477873383528,8596,5,text_en_1919
5470,51.95376462084506,74.85479749147919,3546,1,inner_ring
5471,32.75896807994146,60.33225574031222,5146,2,octagram
5472,37.4802304864322,65.53505008421604,5074,2,octagram
5473,28.57376198260254,59.31684277859048,3738,1,inner_ring
5474,51.624215404517486,88.46712885667183,511,0,outer_ring
5475,51.300715685785995,92.97491374787552,507,0,outer_ring
5476,67.2608831883503,93.38113232151899,33,0,outer_ring
5477,66.61036663257926,89.16587119307837,8663,5,text_en_1919
5478,59.49680699420275,85.0689140269183,8618,5,text_en_1919
5479,75.13673070143055,83.9115903537328,8945,5,text_en_1919
5480,66.67658354483773,77.54280986340582,9305,5,text_en_1919
5481,74.62147864816379,75.5786084641305,9391,5,text_en_1919
5482,73.29430848762567,70.03532606577885,3403,1,inner_ring
5483,71.141344346433,68.73803936601364,4623,2,octagram
5484,86.24965923002442,70.50726873673992,9483,5,text_en_1919
5485,81.43948413557698,68.77914890554021,9515,5,text_en_1919
5486,78.58123863125046,57.305135798010454,4450,2,octagram
5487,91.10140233510988,57.59586521714262,9809,5,text_en_1919
5488,83.74993146040431,46.34224789944856,10366,5,text_en_1919
5489,85.78302787500957,44.40416506435826,10426,5,text_en_1919
5490,88.69163228130884,45.82206350731864,10318,5,text_en_1919
5491,90.79455098506156,32.58879509453835,10790,5,text_en_1919
5492,89.54643971306754,42.19867099622666,10467,5,text_en_1919
5493,92.13252102302255,42.81621166434191,10484,5,text_en_1919
5494,55.2986705175401,32.84973099094391,8562,4,stroke_kai
5495,61.035227584814514,45.1903703635558,8146,4,stroke_kai
5496,65.50061311981209,29.596061634255978,8554,4,stroke_kai
5497,57.163109780944545,25.89578708049572,5951,2,octagram
5498,68.51885784571046,29.60408709671148,6196,2,octagram
5499,61.53278596321617,28.546875971093993,6086,2,octagram
5500,65.83585320557414,33.65516246249853,8470,4,stroke_kai
5501,76.1805213902108,38.387807419668945,6356,2,octagram
5502,80.40825230354699,46.38726461282961,10308,5,text_en_1919
5503,69.93689420938071,21.394962120310336,4250,1,inner_ring
5504,65.09632749941466,43.22320627515403,8210,4,stroke_kai
5505,60.25826997599838,22.834660642503604,6018,2,octagram
5506,58.29531618125319,20.643982094111383,4151,1,inner_ring
5507,58.666281272352386,9.638464132148803,2690,0,outer_ring
5508,57.63278773025833,8.044523812700865,2605,0,outer_ring
5509,48.880715436680944,14.309903739709217,11268,5,text_en_1919
5510,50.6959579283581,16.384262371446184,11314,5,text_en_1919
5511,52.74448702243593,4.644890324382454,2163,0,outer_ring
5512,60.88011889887499,7.396117514735541,2822,0,outer_ring
5513,59.386194062240584,5.146982622441885,2701,0,outer_ring
5514,53.84456149511123,10.395199348921311,2276,0,outer_ring
5515,58.11604259297488,2.738009041080969,2602,0,outer_ring
5516,59.478251445772834,7.73422207810045,2734,0,outer_ring
5517,48.09558019302774,7.131522734300325,1760,0,outer_ring
5518,47.98941853145577,7.283549774649834,1754,0,outer_ring
5519,48.74556203108321,8.382750392679105,1805,0,outer_ring
5520,47.63689036880897,9.464885107959674,1716,0,outer_ring
5521,59.412888464741684,6.272632949979917,2717,0,outer_ring
5522,65.78169963520415,6.447420266801867,3013,0,outer_ring
5523,64.6799217375837,7.233231694050051,2970,0,outer_ring
5524,63.251690288863976,11.32320028469141,2953,0,outer_ring
5525,67.201242781556,12.066129770480472,11126,5,text_en_1919
5526,81.29540741985059,37.13527734084886,10669,5,text_en_1919
5527,77.05023011843191,22.857063858375753,10805,5,text_en_1919
5528,76.33138690240455,51.63542342985144,6521,2,octagram
5529,72.208553058067,6.518357545965831,3215,0,outer_ring
5530,68.38747080200068,3.471548523434581,3088,0,outer_ring
5531,67.92510004140146,6.811567304060017,3105,0,outer_ring
5532,42.026829918893235,12.539264932670731,1521,0,outer_ring
5533,38.17372655502592,26.399159308768116,4024,1,inner_ring
5534,91.81747916676841,49.51456369034865,10096,5,text_en_1919
5535,45.427668256271716,92.89517875783592,903,0,outer_ring
5536,49.7927119450858,89.16549682659704,620,0,outer_ring
5537,44.858932593050774,91.37165305270011,951,0,outer_ring
5538,51.10791900708206,95.68677135906209,505,0,outer_ring
5539,49.086554441066035,90.5788112704432,668,0,outer_ring
5540,45.96483770947703,90.3350379777158,905,0,outer_ring
5541,42.41320096547689,90.61854094541498,1073,0,outer_ring
5542,41.4235141782572,86.83138876233954,1160,0,outer_ring
5543,33.55475409974643,83.00633121204363,1347,0,outer_ring
5544,34.04711725359838,75.87050216368543,9409,5,text_en_1919
5545,31.95046108395318,70.54315040962206,3671,1,inner_ring
5546,20.974856743357417,68.46529201054881,9542,5,text_en_1919
5547,27.067852149773554,70.59745740446975,9569,5,text_en_1919
5548,20.28760091336814,61.14114511312258,9905,5,text_en_1919
5549,20.551573621974274,62.3085946704639,9746,5,text_en_1919
5550,23.299196241475578,45.66863683860642,10555,5,text_en_1919
5551,29.710956673509198,47.181883305485634,3827,1,inner_ring
5552,33.595862591442184,61.2911305134606,5128,2,octagram
5553,22.972797975701226,57.799866014097,9924,5,text_en_1919
5554,32.25047681074111,50.588696073522115,5319,2,octagram
5555,32.66910334731851,53.89693948092579,5280,2,octagram
5556,40.768416067771064,51.822661762014796,6917,3,stroke_nan
5557,46.5160323896901,53.42881951530717,6782,3,stroke_nan
5558,53.2414515547633,43.734186682011874,7357,3,stroke_nan
5559,47.74559697966844,51.60939825530122,6902,3,stroke_nan
5560,56.077921036388155,62.50639123557546,4820,2,octagram
5561,43.78032044201828,72.92030344093726,4983,2,octagram
5562,49.08803674089675,60.35332803242364,6589,3,stroke_nan
5563,57.31324262218001,47.28183930624713,8071,4,stroke_kai
5564,64.05004450449965,72.77873368915705,4694,2,octagram
5565,58.11661647083603,77.0839227570238,9059,5,text_en_1919
5566,58.34693168561288,60.014125705013825,7586,4,stroke_kai
5567,52.09443236277752,56.33380316791834,6730,3,stroke_nan
5568,52.66114839820516,44.91490046945989,7178,3,stroke_nan
5569,48.76449491778506,22.579230663216368,4087,1,inner_ring
5570,50.910210837916104,49.636927787600456,6976,3,stroke_nan
5571,52.33305193893467,46.05460084357566,7157,3,stroke_nan
5572,46.08164583495628,36.29942845051573,7508,3,stroke_nan
5573,39.781345907111195,32.552730026512485,5648,2,octagram
5574,34.66855817250013,36.09709695143277,5555,2,octagram
5575,40.74295023164204,42.916068440339075,7283,3,stroke_nan
5576,32.079873970460014,33.08264938779702,5567,2,octagram
5577,19.217835904436427,43.206353918131946,10628,5,text_en_1919
5578,31.560096660805055,35.68154914194983,5525,2,octagram
5579,44.45055130932303,43.03864423485906,7273,3,stroke_nan
5580,39.47275695390943,52.387086562549996,6906,3,stroke_nan
5581,23.11828117688312,38.83585660600919,10630,5,text_en_1919
5582,25.92671759429701,33.00864131242268,10782,5,text_en_1919
5583,23.943291570995658,28.604481431682967,1408,0,outer_ring
5584,28.33261880652894,26.488758146223258,10840,5,text_en_1919
5585,35.68827578206655,14.087865631818563,1442,0,outer_ring
5586,57.98840447577632,1.9865923743011016,2587,0,outer_ring
5587,52.98385451094855,9.455431161936826,2183,0,outer_ring
5588,44.15501119649045,31.664928004917705,5684,2,octagram
5589,68.8833136906148,36.80973911345551,8343,4,stroke_kai
5590,49.18143740059901,26.835204953989866,5841,2,octagram
5591,49.832966956949704,19.609548897693113,10993,5,text_en_1919
5592,55.124125707799465,30.14121753805005,5923,2,octagram
5593,59.434907525660876,24.361522855929497,6001,2,octagram
5594,58.691758819569145,42.755178347578564,8204,4,stroke_kai
5595,61.707401552585296,45.49412297266837,8112,4,stroke_kai
5596,64.87988940646562,49.368416540364,7951,4,stroke_kai
5597,72.80617687527199,45.87824775002331,6463,2,octagram
5598,69.32489187766443,56.308021723147824,7759,4,stroke_kai
5599,64.06983899421344,71.2402226461441,4682,2,octagram
5600,67.23437813885319,64.12567123351343,7590,4,stroke_kai
5601,70.47555506039774,62.555178414121116,4563,2,octagram
5602,48.44914513714753,79.82390052624295,8915,5,text_en_1919
5603,44.064311576431635,85.7221222233572,8655,5,text_en_1919
5604,46.39753450789351,84.13537057377712,964,0,outer_ring
5605,51.47791400690347,93.1950870478294,495,0,outer_ring
5606,56.7704581007035,82.56553322738424,8826,5,text_en_1919
5607,56.458613911250985,91.13347055409885,254,0,outer_ring
5608,55.178515629183025,91.64342812005165,306,0,outer_ring
5609,50.97496147296855,86.2588755899615,567,0,outer_ring
5610,49.9046384480088,87.76938344067258,625,0,outer_ring
5611,56.633700587460346,81.66572871634104,8882,5,text_en_1919
5612,49.396599381537726,92.51007775298919,619,0,outer_ring
5613,29.739036129860754,61.363040322954284,5178,2,octagram
5614,29.207805437902856,64.48214389992194,3704,1,inner_ring
5615,38.31220219927721,57.77015908322879,6722,3,stroke_nan
5616,52.430701012657956,93.63814723320569,439,0,outer_ring
5617,55.64174699370331,90.94074093554813,285,0,outer_ring
5618,62.24640792147206,92.90514225022186,79,0,outer_ring
5619,63.394546029935086,89.37846439766163,8620,5,text_en_1919
5620,70.72096647780918,88.31743915581411,8732,5,text_en_1919
5621,69.72288218698706,87.84494179009897,8764,5,text_en_1919
5622,74.90703662223538,81.44363539686066,9042,5,text_en_1919
5623,74.38858673443669,80.9882737957307,9184,5,text_en_1919
5624,76.04486965405775,78.41937830550913,9334,5,text_en_1919
5625,76.48106196646906,72.25977261903802,9443,5,text_en_1919
5626,80.14870312547089,65.17462609232572,3347,1,inner_ring
5627,78.1525572191804,67.55107252201937,3364,1,inner_ring
5628,81.86157058507501,57.1374253835013,3305,1,inner_ring
5629,84.44024445395256,60.15529152908378,9764,5,text_en_1919
5630,85.80744987114426,51.51256274532733,10107,5,text_en_1919
5631,85.6220030564182,55.42181631872215,9902,5,text_en_1919
5632,84.22898978891996,46.222821846347685,10386,5,text_en_1919
5633,95.94804533261987,51.49273415933478,10059,5,text_en_1919
5634,90.47381808602923,43.909310756564444,10413,5,text_en_1919
5635,93.70687611429153,46.65240449018362,10208,5,text_en_1919
5636,60.02633686362312,25.663426092329498,6004,2,octagram
5637,56.86376911322971,30.247993818612024,5936,2,octagram
5638,64.46689777131287,41.350994621820895,8265,4,stroke_kai
5639,72.31231545626063,48.20465563903914,6475,2,octagram
5640,79.2716702163854,39.31250274927765,4385,1,inner_ring
5641,66.00622899606306,29.96685679627611,6178,2,octagram
5642,81.43649709863513,41.798504580771166,10439,5,text_en_1919
5643,75.66551363985593,33.82647802766328,6318,2,octagram
5644,71.08475291766766,20.172829942566594,4255,1,inner_ring
5645,67.73345760155297,37.86202097764064,8341,4,stroke_kai
5646,66.06769108703787,13.403630898371041,11044,5,text_en_1919
5647,66.69623624973487,7.934370122915916,3067,0,outer_ring
5648,66.01399040663408,19.356995433082133,4212,1,inner_ring
5649,56.42491806394222,18.765765432975105,10997,5,text_en_1919
5650,65.5056398536562,9.877084430250871,3036,0,outer_ring
5651,52.989818310070596,14.123773984220833,2181,0,outer_ring
5652,50.28302383129109,7.588959764164163,1938,0,outer_ring
5653,46.14336355380638,7.222768897083158,1659,0,outer_ring
5654,48.46379512733624,10.200815921376634,1758,0,outer_ring
5655,54.029098159800554,11.12209046955155,2297,0,outer_ring
5656,59.11346530864053,10.208530607144908,2731,0,outer_ring
5657,57.42647153241578,2.7532801646427125,2556,0,outer_ring
5658,60.51769334329129,8.602612076071875,2809,0,outer_ring
5659,50.16043637238916,9.960077294120387,1913,0,outer_ring
5660,56.27801437551118,4.6187078058790245,2482,0,outer_ring
5661,46.903125529440025,7.194016310416995,1697,0,outer_ring
5662,46.597918884686145,4.862607035060735,1699,0,outer_ring
5663,52.72417271405036,6.236568411967993,2158,0,outer_ring
5664,61.549927795140746,6.205362111592029,2841,0,outer_ring
5665,64.1794077182556,2.9958607020170405,2921,0,outer_ring
5666,64.10326149643238,8.155468461317621,2956,0,outer_ring
5667,66.23524614951494,6.335218171260877,3030,0,outer_ring
5668,69.04760207584116,29.09749011774382,6200,2,octagram
5669,73.18757161884932,51.68977397374379,6501,2,octagram
5670,77.46700272715871,39.77617941104191,4387,1,inner_ring
5671,68.96217101127318,11.026208631951224,3205,0,outer_ring
5672,66.0156579460036,4.61292485593364,2999,0,outer_ring
5673,69.14241289295695,10.167012001833594,3194,0,outer_ring
5674,40.10871011601604,26.126132681651093,5748,2,octagram
5675,41.281423873318545,9.904650141095269,1519,0,outer_ring
5676,91.40981601648012,50.67634287789121,10075,5,text_en_1919
5677,49.48099502058778,88.37995116401132,656,0,outer_ring
5678,41.385773644436135,87.1062304729275,1156,0,outer_ring
5679,43.70740856827915,84.54821331822993,8733,5,text_en_1919
5680,49.90488366398586,89.70586399845973,604,0,outer_ring
5681,46.033419955627785,92.31605835881469,869,0,outer_ring
5682,51.02857873096184,88.083591377616,552,0,outer_ring
5683,43.25958751746303,92.76610490477422,1019,0,outer_ring
5684,40.60161644995239,86.14994331087583,1190,0,outer_ring
5685,39.81660678525848,87.34803806145446,1197,0,outer_ring
5686,36.386184418237946,64.18739651539093,5089,2,octagram
5687,28.322300691508506,82.4368280624011,1366,0,outer_ring
5688,31.70523891056574,71.33742401400038,9497,5,text_en_1919
5689,28.42179632337566,74.46961826853769,9421,5,text_en_1919
5690,18.113329767329898,61.73324104590503,9751,5,text_en_1919
5691,26.669225559624937,68.38341881130438,9615,5,text_en_1919
5692,21.267496834178566,56.177510712286995,9993,5,text_en_1919
5693,26.557772542356858,56.40349694530062,3757,1,inner_ring
5694,26.269383346819218,52.16411210694772,3787,1,inner_ring
5695,25.10860664710708,50.53385537848076,10157,5,text_en_1919
5696,26.79126072615067,56.2232694924539,3758,1,inner_ring
5697,26.353668679810074,51.761241645495986,3793,1,inner_ring
5698,52.20870628220974,44.446042341197895,7216,3,stroke_nan
5699,53.49832466074079,55.981861347484475,6642,3,stroke_nan
5700,44.34866308070148,46.272989973989034,7118,3,stroke_nan
5701,45.19270765999259,58.204571736966244,6660,3,stroke_nan
5702,45.57764622238791,51.656408744131916,6899,3,stroke_nan
5703,50.13000037990301,66.19230969635315,4868,2,octagram
5704,57.12807074601461,48.3710840288838,8030,4,stroke_kai
5705,63.378238830959155,71.42948852647372,4703,2,octagram
5706,62.54269219560694,55.084554648352665,7836,4,stroke_kai
5707,58.67356900212632,69.74091128191147,4756,2,octagram
5708,63.93018685067029,55.90181595535397,7793,4,stroke_kai
5709,59.37139636998312,48.15822987124473,8038,4,stroke_kai
5710,50.50396653417698,50.611110772440256,6929,3,stroke_nan
5711,46.426159446007404,28.167627344300858,5823,2,octagram
5712,45.32774709417425,41.43516183688996,7359,3,stroke_nan
5713,46.035986292343885,54.129278443809994,6778,3,stroke_nan
5714,46.71340680909869,44.29572917852054,7262,3,stroke_nan
5715,39.34734972498344,32.471277928282724,5646,2,octagram
5716,34.15760786300523,30.855649541093925,5587,2,octagram
5717,37.16362460911022,37.184372595290135,5560,2,octagram
5718,30.601491723573595,33.277265293825565,3914,1,inner_ring
5719,19.42835855937854,43.770527619476454,10607,5,text_en_1919
5720,34.13697041642151,42.33490555838366,5424,2,octagram
5721,31.92634779462831,40.16039212203679,5460,2,octagram
5722,34.89352089363241,46.28574842518539,5385,2,octagram
5723,28.450242091148233,34.19725925544175,5501,2,octagram
5724,38.25058981569474,22.688155622645446,10865,5,text_en_1919
5725,25.412065030002523,34.166870682942054,10781,5,text_en_1919
5726,38.384089641615475,12.823862485599914,1467,0,outer_ring
5727,32.708591571898936,14.875000503663257,1429,0,outer_ring
5728,58.86368695967027,12.221361396212213,11342,5,text_en_1919
5729,49.839415823464954,15.06378215234335,1829,0,outer_ring
5730,49.906891637767735,8.498099150586537,1898,0,outer_ring
5731,44.004583717333595,11.49238168730738,1559,0,outer_ring
5732,53.274866241157454,13.311395277424191,2209,0,outer_ring
5733,58.17260686201488,23.38881220945437,4153,1,inner_ring
5734,65.06438344220027,35.711227838054505,8436,4,stroke_kai
5735,51.522453872751065,28.765089597530466,5874,2,octagram
5736,60.27940770267187,52.67947906122645,7955,4,stroke_kai
5737,59.36289028794464,53.07128371447532,7893,4,stroke_kai
5738,79.17013153545233,36.201973630385375,4371,1,inner_ring
5739,70.7472078328863,57.00580714890814,7756,4,stroke_kai
5740,68.36518710279934,56.821243215747764,7768,4,stroke_kai
5741,56.89342402282871,52.44101928520779,7814,4,stroke_kai
5742,70.1225233720532,60.418044423796424,7647,4,stroke_kai
5743,55.11974814056638,77.68415829688745,9144,5,text_en_1919
5744,50.541834928968875,75.2511949276656,3556,1,inner_ring
5745,40.9457807917872,70.35093835151505,5009,2,octagram
5746,47.39961128480493,87.50396067717023,830,0,outer_ring
5747,49.6290428070719,91.53771564835169,606,0,outer_ring
5748,56.014161479094895,88.12501202735032,265,0,outer_ring
5749,56.96053942779685,88.57358454482433,228,0,outer_ring
5750,52.631335468659465,85.4888920545841,8581,5,text_en_1919
5751,49.671509537499226,79.97396982444185,8880,5,text_en_1919
5752,53.25340079610831,82.02544654919436,8869,5,text_en_1919
5753,53.89481984062873,88.09791699312191,374,0,outer_ring
5754,42.01397316379706,70.01030885565314,5013,2,octagram
5755,27.232545985613132,53.93836928180855,3769,1,inner_ring
5756,37.31975418926602,61.26083793371807,5102,2,octagram
5757,28.037178424853533,57.820427912517765,5233,2,octagram
5758,54.97320249117028,87.83588715052882,316,0,outer_ring
5759,61.02443622116816,93.81475729534436,105,0,outer_ring
5760,63.720294292534426,94.66526137829503,66,0,outer_ring
5761,63.150269000587215,92.7484877439236,68,0,outer_ring
5762,67.9901050510831,94.8078222175938,29,0,outer_ring
5763,72.16526233319783,84.01248749450703,8982,5,text_en_1919
5764,74.0621065134084,73.17191561680389,3411,1,inner_ring
5765,69.2094141140533,80.86155998459876,9170,5,text_en_1919
5766,77.68598415884244,68.43085432514586,3370,1,inner_ring
5767,74.0437765966286,63.11295911691653,4531,2,octagram
5768,81.68052456364188,69.24962200036023,9502,5,text_en_1919
5769,67.0281086232918,58.794212875403396,7682,4,stroke_kai
5770,82.38530942827626,58.41614790557756,3309,1,inner_ring
5771,78.86843732317294,56.404247694568085,4446,2,octagram
5772,80.90140761235173,61.95128010882829,3334,1,inner_ring
5773,87.2456803475986,58.26923835647842,9807,5,text_en_1919
5774,88.06190776965073,51.57424022323976,10072,5,text_en_1919
5775,96.90462070844188,53.43305924867422,10014,5,text_en_1919
5776,94.23329524277452,40.806551411446,10515,5,text_en_1919
5777,92.84397382052109,46.0533910868311,10240,5,text_en_1919
5778,56.668426694288485,45.73924444717385,8120,4,stroke_kai
5779,62.13181649887101,36.95818569001399,8415,4,stroke_kai
5780,60.31340609837662,28.289546386061083,5995,2,octagram
5781,70.32101981082712,33.10959424206586,6237,2,octagram
5782,66.10980720545791,24.665791566549345,6130,2,octagram
5783,76.57262085046122,43.229921140516915,4413,1,inner_ring
5784,86.95382158412154,38.89584503876613,10666,5,text_en_1919
5785,80.46209341650277,40.423322579907875,4398,1,inner_ring
5786,85.78775899911152,37.55085025820209,10692,5,text_en_1919
5787,62.418769988180344,26.12435191152153,6075,2,octagram
5788,62.56234312928926,28.533736850844235,8558,4,stroke_kai
5789,65.37829907451868,18.860680604751387,10860,5,text_en_1919
5790,60.15408453933067,10.240942170941222,2802,0,outer_ring
5791,55.1839195608056,19.455839950927814,10965,5,text_en_1919
5792,57.16324651095111,8.72049711605983,2572,0,outer_ring
5793,52.67297779078348,11.924774925984703,2147,0,outer_ring
5794,49.00260668010446,15.282905183659512,11227,5,text_en_1919
5795,48.705138207435276,6.265408219475723,1819,0,outer_ring
5796,51.46179844174722,8.406768152025986,2035,0,outer_ring
5797,54.53345406386434,12.05992381514157,2365,0,outer_ring
5798,64.11434361658299,12.555522352422186,11159,5,text_en_1919
5799,55.302640824003944,11.83499775190161,2436,0,outer_ring
5800,52.66789188457367,4.909719428604199,2155,0,outer_ring
5801,45.67914073155268,4.499481677125887,1661,0,outer_ring
5802,58.6101750248303,6.647861569738,2657,0,outer_ring
5803,47.07150228928973,5.313800463890043,1721,0,outer_ring
5804,59.68552041936745,1.2043273352500008,2687,0,outer_ring
5805,60.08235034605308,10.171859204545695,2793,0,outer_ring
5806,58.02128043698589,6.091982386858158,2613,0,outer_ring
5807,57.08852305202355,15.153845256491003,11277,5,text_en_1919
5808,67.33704359501017,8.693139461282684,3104,0,outer_ring
5809,65.51051781224473,9.15762945531881,3029,0,outer_ring
5810,73.54809617560065,24.52488373918293,4290,1,inner_ring
5811,82.08822739424653,36.11293207484896,10670,5,text_en_1919
5812,74.42670705566186,34.63346189376417,6322,2,octagram
5813,67.54856926088497,6.367895078355832,3089,0,outer_ring
5814,76.52269566978565,20.726653170892895,10835,5,text_en_1919
5815,69.32632168134056,5.990917199037719,3149,0,outer_ring
5816,38.367953060266416,19.983887664923614,11104,5,text_en_1919
5817,42.36229620025149,12.212648791830954,1527,0,outer_ring
5818,88.63523393460734,46.676530158512335,10300,5,text_en_1919
5819,49.57078773732604,91.19317149733534,618,0,outer_ring
5820,49.629478450679045,93.52308696198621,595,0,outer_ring
5821,34.944368971894505,87.15691586402261,1309,0,outer_ring
5822,51.5982367318038,93.1334787112732,490,0,outer_ring
5823,50.134189715804645,91.09507593045676,581,0,outer_ring
5824,40.348102685075446,89.44475088314915,1162,0,outer_ring
5825,44.713113123943444,90.44263028867375,976,0,outer_ring
5826,43.18279554917703,89.44859041759291,1054,0,outer_ring
5827,35.09473750283524,87.6879891095819,1300,0,outer_ring
5828,43.25830436428806,80.54548975617948,9127,5,text_en_1919
5829,30.804951141118615,74.32542258344202,9433,5,text_en_1919
5830,26.658977565145793,77.66659422655361,9324,5,text_en_1919
5831,26.647481527458694,71.97898268654592,9478,5,text_en_1919
5832,20.670776823394082,71.01804653504813,9476,5,text_en_1919
5833,21.921875662160936,58.86324950879441,9914,5,text_en_1919
5834,22.543189605500153,57.51090787663197,9984,5,text_en_1919
5835,25.212948582324664,52.17498953161816,10142,5,text_en_1919
5836,24.50934495353453,51.28169962352209,10155,5,text_en_1919
5837,28.055918586914817,56.92681415181705,5238,2,octagram
5838,30.466186593192127,54.62883158252327,5264,2,octagram
5839,33.13934878519193,51.30689968628723,5313,2,octagram
5840,40.10865517832274,46.65232996562796,7153,3,stroke_nan
5841,41.86549004044204,57.313860596380714,6682,3,stroke_nan
5842,48.15874326353135,60.356493942956845,6587,3,stroke_nan
5843,48.65226263625132,49.410899941141814,6968,3,stroke_nan
5844,51.50395345697515,53.59282495820195,6904,3,stroke_nan
5845,51.12328130216748,55.1772122597153,6748,3,stroke_nan
5846,68.95189075805948,52.45827857183838,7869,4,stroke_kai
5847,48.82546816763814,69.60575921767217,4908,2,octagram
5848,56.530385546085505,79.47064115847094,9013,5,text_en_1919
5849,48.36807052053728,58.430334065174236,6692,3,stroke_nan
5850,56.245932298298015,64.9050433701388,4814,2,octagram
5851,48.36267025611309,70.90670755344492,4910,2,octagram
5852,51.15280383013668,48.322427907621524,7038,3,stroke_nan
5853,54.1388572966209,30.417358915519763,5917,2,octagram
5854,47.111618914315535,41.37997998402505,7347,3,stroke_nan
5855,49.11461246245504,46.95311054335524,7095,3,stroke_nan
5856,49.30247353812443,40.04739629995833,7323,3,stroke_nan
5857,41.40682066462594,26.053337900489453,5753,2,octagram
5858,38.49641275604675,31.97610155559795,5629,2,octagram
5859,34.67091051160629,27.960069832862143,3981,1,inner_ring
5860,29.871115448085124,37.661495664966765,5493,2,octagram
5861,27.392419792692067,36.8052762000596,10723,5,text_en_1919
5862,31.98259646229453,40.782219781639675,5448,2,octagram
5863,35.41592948619119,43.40688602558561,5410,2,octagram
5864,38.5936464873793,47.38886874987101,7080,3,stroke_nan
5865,27.7707929019689,43.14919254851064,10568,5,text_en_1919
5866,20.93164311890337,33.00853743556454,10793,5,text_en_1919
5867,23.914622886153765,34.06733836994576,10775,5,text_en_1919
5868,33.055473432209645,23.146987719647786,4005,1,inner_ring
5869,36.82509379096398,24.82095619163472,4023,1,inner_ring
5870,45.48408972197761,9.52680848677371,1613,0,outer_ring
5871,40.859235998126316,12.362106167672282,1497,0,outer_ring
5872,48.89123406624775,21.53328548883198,4089,1,inner_ring
5873,46.207514204678326,28.972811444659357,5825,2,octagram
5874,50.54466316811152,32.56008725617997,7549,3,stroke_nan
5875,57.97883528720503,33.21571792895052,5964,2,octagram
5876,57.74879589933648,28.91317028451824,5950,2,octagram
5877,58.49679740477454,27.881657209383015,5979,2,octagram
5878,63.009324905679705,44.0805212911123,8188,4,stroke_kai
5879,65.38414708077637,37.58878620482091,8383,4,stroke_kai
5880,65.06612881721625,43.233315071131585,8206,4,stroke_kai
5881,68.84326099536266,47.988641083903445,7985,4,stroke_kai
5882,66.73858451389852,52.51176771898011,7831,4,stroke_kai
5883,66.62066628231972,55.02133041329695,7822,4,stroke_kai
5884,60.18002349672337,57.406715553042694,7757,4,stroke_kai
5885,68.98476573334659,55.791668489582065,7811,4,stroke_kai
5886,49.67232238985796,80.4651825315882,8801,5,text_en_1919
5887,55.749289589352884,85.09189976837189,8611,5,text_en_1919
5888,44.931113561871996,82.81333479096686,8927,5,text_en_1919
5889,56.73651329041581,92.65520502655474,247,0,outer_ring
5890,49.35619665551838,89.7999422214481,647,0,outer_ring
5891,55.025393726368456,89.31696700273646,314,0,outer_ring
5892,52.24262074598808,87.15002616024441,474,0,outer_ring
5893,54.59103521135323,81.54394202642962,8893,5,text_en_1919
5894,52.144967691756605,86.67210033701593,485,0,outer_ring
5895,43.396898314692365,75.62880203380118,4967,2,octagram
5896,50.296311897863966,81.35522987885003,8725,5,text_en_1919
5897,33.94250845065314,62.3143780543787,5119,2,octagram
5898,28.915546685816842,61.59147333569762,3720,1,inner_ring
5899,28.49680046019766,57.06116284774202,5236,2,octagram
5900,57.56715167017254,89.6070007993191,195,0,outer_ring
5901,55.86923030539193,88.8669451848171,275,0,outer_ring
5902,61.87539564750388,91.08211550266893,81,0,outer_ring
5903,71.46069279456836,85.17196997642976,8912,5,text_en_1919
5904,65.51743012691594,83.37316781866357,8955,5,text_en_1919
5905,70.42496104741652,86.27985990487824,8809,5,text_en_1919
5906,77.57505801945439,79.25180454148571,9297,5,text_en_1919
5907,71.78577176173415,64.1419341779403,4579,2,octagram
5908,69.91207345974188,75.33148278007538,9358,5,text_en_1919
5909,81.71345868648214,65.5473630377146,9667,5,text_en_1919
5910,76.77133952424116,59.78482457705269,4502,2,octagram
5911,80.7257502125598,72.3776980999847,9434,5,text_en_1919
5912,82.14726789398023,53.656258752417635,6565,2,octagram
5913,84.37683710861613,54.73098912977342,9939,5,text_en_1919
5914,90.14380665657634,63.04395998851948,9718,5,text_en_1919
5915,80.20623543946537,55.00171723265279,6571,2,octagram
5916,88.67587359977324,55.66546898677661,9872,5,text_en_1919
5917,91.68545840609838,52.661795835604586,10028,5,text_en_1919
5918,89.93049609694746,45.425770282847395,10339,5,text_en_1919
5919,94.00486707571491,47.23971274893771,10182,5,text_en_1919
5920,54.52178954471014,41.03292677587953,8469,4,stroke_kai
5921,53.21270881267403,49.48393033022891,6981,3,stroke_nan
5922,59.70978066473549,39.063108382801914,8357,4,stroke_kai
5923,56.825118961359365,39.14151258022404,8493,4,stroke_kai
5924,77.90866354492805,31.265650386269936,4343,1,inner_ring
5925,69.25360144957773,27.687838731311796,6201,2,octagram
5926,65.4745737130748,34.700827128015625,8443,4,stroke_kai
5927,79.87359660947251,52.11551651441605,6545,2,octagram
5928,69.89683804070701,28.59415634384842,6214,2,octagram
5929,66.65540690551921,26.44946611299054,6149,2,octagram
5930,62.34800203245203,17.663516143146254,4176,1,inner_ring
5931,65.49767173576953,21.060165356885285,4215,1,inner_ring
5932,58.704162048937064,14.839685431479023,11291,5,text_en_1919
5933,49.74300203694012,10.308881294906833,1863,0,outer_ring
5934,49.17233400489206,12.524594972010746,1797,0,outer_ring
5935,51.32746651554109,2.2454286563671544,2045,0,outer_ring
5936,56.380558391032125,5.802069304199264,2498,0,outer_ring
5937,46.16700254772244,14.801336042021651,11246,5,text_en_1919
5938,50.950272249852205,8.482154272525397,1992,0,outer_ring
5939,55.23811106350138,2.2919671936374404,2385,0,outer_ring
5940,54.49328353211682,8.767701708136515,2344,0,outer_ring
5941,59.43603878247165,9.852869331360049,2749,0,outer_ring
5942,62.54015551168169,2.2401599346308467,2853,0,outer_ring
5943,47.47874412383703,5.265168053393809,1744,0,outer_ring
5944,46.94236055567984,9.042923948657998,1682,0,outer_ring
5945,44.91445186016036,7.15838632301053,1610,0,outer_ring
5946,52.368256942024864,6.67638457315655,2122,0,outer_ring
5947,55.68503754294076,16.244670670318694,11161,5,text_en_1919
5948,56.271139519643675,7.439316438171746,2500,0,outer_ring
5949,58.74154857725751,3.4711107037906874,2643,0,outer_ring
5950,67.82104541451835,9.312102982243218,3136,0,outer_ring
5951,67.80673654946068,10.761368895823965,3163,0,outer_ring
5952,78.62333221855764,35.73812434359562,4369,1,inner_ring
5953,82.85833182383136,35.76922433933161,10685,5,text_en_1919
5954,75.07909235058943,24.944180688653237,4299,1,inner_ring
5955,67.70487640984163,6.468595560626878,3094,0,outer_ring
5956,65.4055671831624,4.024094897389063,2971,0,outer_ring
5957,68.80780952186488,5.4439561795689,3125,0,outer_ring
5958,36.094820212421695,12.203630430361319,1445,0,outer_ring
5959,43.19914712530322,21.493219701037127,4062,1,inner_ring
5960,89.19208453741034,55.57007624074856,9883,5,text_en_1919
5961,48.297910551424636,89.89584608944158,740,0,outer_ring
5962,46.326693814383404,87.66689391913057,922,0,outer_ring
5963,44.31431189983675,91.0225277680072,993,0,outer_ring
5964,48.776498946185974,94.04708020679449,651,0,outer_ring
5965,51.946760646698266,92.53665592891572,468,0,outer_ring
5966,49.1647585783328,88.13590505678722,688,0,outer_ring
5967,46.18469398661704,89.6289374036257,899,0,outer_ring
5968,36.04832595320115,86.7854945704158,1293,0,outer_ring
5969,38.97602920728731,85.04686585563971,1246,0,outer_ring
5970,38.959362913976506,66.84179692491529,5066,2,octagram
5971,34.45752648977253,63.97690990204959,5109,2,octagram
5972,24.412437149826967,73.07715320280063,9451,5,text_en_1919
5973,29.548358491545812,69.35934368741232,9596,5,text_en_1919
5974,23.691124432103468,62.970165769772024,9709,5,text_en_1919
5975,23.04059727446469,67.33988875870813,9556,5,text_en_1919
5976,22.26071627627249,52.22684951292629,10179,5,text_en_1919
5977,24.336859990923042,56.91509358798612,9999,5,text_en_1919
5978,28.832635468404295,56.41595358442792,5239,2,octagram
5979,27.703515324068736,44.141622286755336,10542,5,text_en_1919
5980,30.924696523603735,49.942971051030554,5316,2,octagram
5981,34.49647110896606,50.03376336814353,5345,2,octagram
5982,50.53737339652824,55.72421488651581,6728,3,stroke_nan
5983,40.92414069521844,64.93300515159385,5072,2,octagram
5984,45.37922450014669,60.05307238791108,6622,3,stroke_nan
5985,46.97684496549248,51.85092758925643,6879,3,stroke_nan
5986,52.64922896443854,58.814456150968,6626,3,stroke_nan
5987,57.493628829421134,55.036810346670215,7728,4,stroke_kai
5988,59.11089601502982,66.30577237937949,4768,2,octagram
5989,61.17085172144193,56.1515034105746,7771,4,stroke_kai
5990,64.951797346959,62.03470374242257,7603,4,stroke_kai
5991,54.788120771984346,78.80675091753267,9058,5,text_en_1919
5992,56.61747242801916,58.02494807699366,7634,4,stroke_kai
5993,51.06763091174489,47.38297251458365,7087,3,stroke_nan
5994,48.453653010642945,43.42689559764305,7265,3,stroke_nan
5995,54.356226865328615,24.714243767707657,4123,1,inner_ring
5996,51.59082523048622,40.89907538828407,7403,3,stroke_nan
5997,50.9122123029093,49.074366574512425,7014,3,stroke_nan
5998,43.96498068529963,34.24717088171618,7545,3,stroke_nan
5999,39.02738381159401,29.667046680263322,5686,2,octagram
6000,45.02274860481266,33.20589739642012,7575,3,stroke_nan
6001,37.184749136613924,26.37047097553357,4018,1,inner_ring
6002,33.44456999060736,37.47716117108814,5543,2,octagram
6003,29.98617000055189,45.50448192831212,3841,1,inner_ring
6004,32.180413231692974,45.16849554848535,5413,2,octagram
6005,36.60321290061396,52.713731961954245,6833,3,stroke_nan
6006,40.090486038649324,51.13605415716708,6916,3,stroke_nan
6007,29.75398458160328,36.370051766165076,3897,1,inner_ring
6008,26.2125941153666,37.70104552309424,10725,5,text_en_1919
6009,30.371611855445224,31.74133048346554,3928,1,inner_ring
6010,35.81317307929269,27.36280445843767,4003,1,inner_ring
6011,40.29268960546342,7.1368252106788725,1518,0,outer_ring
6012,41.71533900922993,16.45934327986619,11139,5,text_en_1919
6013,47.64727107164617,16.600094975038377,11213,5,text_en_1919
6014,48.511398856330565,19.584048021481316,10976,5,text_en_1919
6015,54.61319873048213,22.357595483632718,4125,1,inner_ring
6016,51.985255010833605,31.050994748844364,5885,2,octagram
6017,60.68799055278019,46.25500787417532,8099,4,stroke_kai
6018,59.331800169281465,36.40726092731363,8463,4,stroke_kai
6019,58.642694653274795,25.40999353028005,5993,2,octagram
6020,56.74408237075366,39.89401390122321,8433,4,stroke_kai
6021,63.68888628703186,51.95295032250751,7876,4,stroke_kai
6022,66.62302377819297,45.270163352745136,8113,4,stroke_kai
6023,69.927459157097,48.66905685704984,7967,4,stroke_kai
6024,73.51216201651658,63.64962468716108,4539,2,octagram
6025,68.36809283853191,53.2347982624016,7803,4,stroke_kai
6026,64.8792253222831,60.15631964589357,7672,4,stroke_kai
6027,65.49574638472005,72.06601486526405,4684,2,octagram
6028,42.78850705636336,82.70956259583816,8879,5,text_en_1919
6029,44.006125294983775,88.21900164848431,1033,0,outer_ring
6030,47.572166925179786,88.62064399258273,809,0,outer_ring
6031,52.12152222782388,90.09932986180475,466,0,outer_ring
6032,48.427578687723944,86.05876207760764,776,0,outer_ring
6033,49.51615846764671,92.35088133711372,608,0,outer_ring
6034,56.52822413842134,83.97888152681081,8687,5,text_en_1919
6035,53.636609660438296,81.60777058306348,8905,5,text_en_1919
6036,44.8413679542785,73.02175296189617,4986,2,octagram
6037,47.9493704027993,79.41806568168163,8957,5,text_en_1919
6038,44.522182488123775,71.4830079518872,4996,2,octagram
6039,29.920297167672647,53.528025882561465,5266,2,octagram
6040,26.079244147136368,55.903168918827326,3762,1,inner_ring
6041,39.32649465684592,62.47743822803816,5090,2,octagram
6042,57.6303488530141,92.64342206287316,204,0,outer_ring
6043,65.50968230218066,85.11998263802329,8853,5,text_en_1919
6044,59.04397026967289,89.07299782543926,151,0,outer_ring
6045,65.03265083706775,91.91126043274197,47,0,outer_ring
6046,64.1434771929892,84.41639864865643,8852,5,text_en_1919
6047,64.60200656870131,79.4110350112917,9200,5,text_en_1919
6048,76.98952164634152,81.42720600776605,9020,5,text_en_1919
6049,73.24822615619485,79.15985198965356,9269,5,text_en_1919
6050,60.54032419658159,58.94621817818062,7595,4,stroke_kai
6051,77.72635121823647,75.76763133442546,9385,5,text_en_1919
6052,73.08803363925585,66.77197618453539,4598,2,octagram
6053,75.892877256138,56.86330964935017,4471,2,octagram
6054,86.27406163186416,67.75992992793877,9526,5,text_en_1919
6055,85.88133402087027,52.11397111130625,10070,5,text_en_1919
6056,77.62926500766687,55.1333925858986,4447,2,octagram
6057,77.17118724376603,53.30798679163021,6543,2,octagram
6058,86.55064986699857,56.066136107696515,9856,5,text_en_1919
6059,96.92660706374157,52.321095594447115,10026,5,text_en_1919
6060,95.56328263803276,51.47569391589048,10049,5,text_en_1919
6061,98.03992767109037,44.718480494091864,10277,5,text_en_1919
6062,63.57858875293309,44.84555306642865,8174,4,stroke_kai
6063,60.83912640559501,41.897934543320034,8242,4,stroke_kai
6064,64.9238627043812,35.630739511835166,8437,4,stroke_kai
6065,63.3578258187023,29.02694028912376,8559,4,stroke_kai
6066,62.04251358679438,36.38158069947065,8458,4,stroke_kai
6067,76.38053664431575,38.880546337401476,6361,2,octagram
6068,76.81316107273135,39.29585944577541,4384,1,inner_ring
6069,72.27128616289997,37.410335510257575,6366,2,octagram
6070,64.26280745116286,36.58502374903859,8406,4,stroke_kai
6071,64.49390217064354,22.0557869493655,4210,1,inner_ring
6072,61.59334811105973,15.559147768235817,10985,5,text_en_1919
6073,64.073534011011,10.922421142571588,2976,0,outer_ring
6074,63.21400406569117,19.91939977575726,4194,1,inner_ring
6075,57.694449663797656,10.155003859271384,2619,0,outer_ring
6076,58.860181148593014,8.332936256440233,2694,0,outer_ring
6077,50.84132789329843,11.350975470000135,1961,0,outer_ring
6078,48.29500932989745,14.660918270360588,11267,5,text_en_1919
6079,41.18294215518286,9.506906428007232,1520,0,outer_ring
6080,58.60467775833533,8.764972871042835,2677,0,outer_ring
6081,51.53444325596935,10.404472046412833,2032,0,outer_ring
6082,59.947614472274495,6.977277106774805,2754,0,outer_ring
6083,58.17887329413021,13.900991057173004,11307,5,text_en_1919
6084,60.72728113964734,6.183201633296519,2795,0,outer_ring
6085,51.250897852534564,8.728092519764182,2017,0,outer_ring
6086,57.96631261903654,8.145243304413128,2624,0,outer_ring
6087,48.23656943726845,7.08916828773411,1774,0,outer_ring
6088,57.21487469083145,3.598254707168994,2546,0,outer_ring
6089,53.763659838664445,9.177720288161593,2257,0,outer_ring
6090,56.502432347097134,4.678250610816711,2504,0,outer_ring
6091,66.24945780080773,4.268848734012511,3008,0,outer_ring
6092,68.51219200934783,15.111636442135682,4221,1,inner_ring
6093,69.73656279980761,8.91011936501112,3195,0,outer_ring
6094,80.6648614371052,31.8806183211451,4347,1,inner_ring
6095,70.14588601424059,23.821921520929436,4267,1,inner_ring
6096,76.76269365108742,33.97653854895043,4352,1,inner_ring
6097,79.27437139870946,23.366584693548457,10804,5,text_en_1919
6098,65.66830702703602,8.71914064650107,3032,0,outer_ring
6099,69.82676800595137,7.740299586219989,3189,0,outer_ring
6100,39.34988148586457,36.80392314700633,5617,2,octagram
6101,43.32475151849849,29.56069016715582,5721,2,octagram
6102,84.8527222735179,46.62705297355457,10313,5,text_en_1919
6103,47.2246476863533,94.86938294969842,758,0,outer_ring
6104,48.37947856916581,92.90013300832901,695,0,outer_ring
6105,41.84466646000606,84.78698744748189,1167,0,outer_ring
6106,50.49683790107873,96.47057155799952,539,0,outer_ring
6107,48.547428318727846,92.5638745309257,687,0,outer_ring
6108,42.34372941718633,90.66222860226492,1076,0,outer_ring
6109,43.419190154474414,89.60444826916307,1041,0,outer_ring
6110,33.86427749511085,88.81894790395894,1312,0,outer_ring
6111,39.433651645658394,76.47046212508523,3622,1,inner_ring
6112,33.291162187331594,74.62626152265669,9425,5,text_en_1919
6113,38.1770349168962,63.9225141757929,5082,2,octagram
6114,29.636532459711127,74.32745533964695,9435,5,text_en_1919
6115,24.857900711874734,70.61703326037619,9510,5,text_en_1919
6116,25.884191859181787,67.67609747783371,9623,5,text_en_1919
6117,24.18037079614856,61.06001053479465,9834,5,text_en_1919
6118,24.314945072106322,63.30503186624121,9711,5,text_en_1919
6119,21.46278038825859,59.433330556129974,9922,5,text_en_1919
6120,26.473276710501423,45.36139144736854,10544,5,text_en_1919
6121,26.0658269845332,49.58102788454651,3811,1,inner_ring
6122,30.955850378563593,56.86687199171318,5211,2,octagram
6123,35.33844912370055,45.251850163314884,5392,2,octagram
6124,38.278851431774804,48.88174248459408,7025,3,stroke_nan
6125,44.42492617880186,52.68170159185673,6826,3,stroke_nan
6126,53.22358363634959,58.54869472829976,6625,3,stroke_nan
6127,38.979727070007606,55.38535668985122,6765,3,stroke_nan
6128,50.33221290978656,56.581390229012385,6698,3,stroke_nan
6129,60.63557079191896,67.20343001444546,4746,2,octagram
6130,52.166752652759065,59.92431832341005,6616,3,stroke_nan
6131,60.09544380585892,71.59173591661981,3486,1,inner_ring
6132,63.1114940061234,60.568414457988105,7615,4,stroke_kai
6133,56.60119165315947,76.1855743289502,9197,5,text_en_1919
6134,59.20202595445831,53.15616827803394,7894,4,stroke_kai
6135,49.74498969973019,70.37825534174185,4892,2,octagram
6136,54.077758974339616,47.78817891586914,7123,3,stroke_nan
6137,43.81943203305313,36.91904052673429,7493,3,stroke_nan
6138,51.268262911508295,44.872686916384865,7184,3,stroke_nan
6139,55.45143924125474,12.791483680086642,11325,5,text_en_1919
6140,48.62737463791789,40.55853413868453,7312,3,stroke_nan
6141,40.95109190717257,39.49140124313154,7401,3,stroke_nan
6142,41.26406548585746,11.76237248783576,1511,0,outer_ring
6143,39.4873718317861,32.12677200053576,5657,2,octagram
6144,33.38001097273672,47.33269956069583,5381,2,octagram
6145,31.521125088968446,43.84206374335592,5426,2,octagram
6146,26.971091661150027,45.04917513893168,10539,5,text_en_1919
6147,42.855916280467554,47.90660362911128,7041,3,stroke_nan
6148,32.66703157296728,55.11770431334393,5268,2,octagram
6149,27.45534368188763,36.22349415695717,10733,5,text_en_1919
6150,30.53055102912269,33.59218893719059,3910,1,inner_ring
6151,31.186290723482617,27.453606490603796,3965,1,inner_ring
6152,35.534785073351266,7.603239635452152,1454,0,outer_ring
6153,37.57536276541223,10.99865013051555,1464,0,outer_ring
6154,42.26812166801273,26.20829124236206,5758,2,octagram
6155,42.75246478078775,23.439701461971584,5778,2,octagram
6156,53.35589681997817,13.370630306255679,2223,0,outer_ring
6157,49.36010707893033,22.492471420183865,4093,1,inner_ring
6158,49.26435751528011,11.874261071285384,1813,0,outer_ring
6159,52.65934577595368,13.224764474356688,2143,0,outer_ring
6160,56.796100450219875,37.19925730917813,8572,4,stroke_kai
6161,55.61058446302301,38.40833122911965,8484,4,stroke_kai
6162,56.470889652706035,39.91044113680693,8434,4,stroke_kai
6163,59.204829765515484,54.00740779720933,7878,4,stroke_kai
6164,74.19817942488142,48.31556695240737,6483,2,octagram
6165,65.83202339490606,49.7746830130576,7923,4,stroke_kai
6166,72.35975321771406,63.41448369252482,4560,2,octagram
6167,65.3277260971328,54.15230035421871,7846,4,stroke_kai
6168,63.717889765519644,58.24974461134777,7716,4,stroke_kai
6169,61.73149698284647,76.32496801429272,9209,5,text_en_1919
6170,42.37877503729701,75.16196261796748,3610,1,inner_ring
6171,43.6805019891278,77.5584653827419,4961,2,octagram
6172,53.49436994315214,88.4121066044466,395,0,outer_ring
6173,53.335909899479944,83.04190947029699,8790,5,text_en_1919
6174,54.36555059254027,86.80558753293491,353,0,outer_ring
6175,53.54699384243752,91.0785860493742,388,0,outer_ring
6176,54.88781048581043,77.76174227472633,9130,5,text_en_1919
6177,48.05027228078288,82.77300166901317,864,0,outer_ring
6178,54.4396137075627,74.26035744819985,3527,1,inner_ring
6179,44.791685953315586,75.87466860099242,4956,2,octagram
6180,40.12822615542657,65.67520282267778,5064,2,octagram
6181,33.333833699364234,58.395651830000695,5147,2,octagram
6182,30.79366108960454,66.42824346522448,3693,1,inner_ring
6183,33.94422600047528,59.06577134255106,5127,2,octagram
6184,57.61360217691165,92.83367704967111,206,0,outer_ring
6185,61.92173745815,82.16786743986692,8965,5,text_en_1919
6186,58.39051453261229,90.90309328821003,171,0,outer_ring
6187,70.31312570528999,90.30223352919951,12,0,outer_ring
6188,70.92176879224776,87.54498484431763,8796,5,text_en_1919
6189,71.58049837577961,86.49137580115236,8822,5,text_en_1919
6190,73.06416190273785,70.06073662668173,3405,1,inner_ring
6191,70.6119867420364,76.58122990513223,9318,5,text_en_1919
6192,66.1826788098489,74.40320216035745,4691,2,octagram
6193,79.92527324582284,69.50005619906317,9487,5,text_en_1919
6194,73.90268611808084,67.82622537637582,3388,1,inner_ring
6195,83.74610807264246,64.97486294339824,9636,5,text_en_1919
6196,83.4772294240755,53.96352880465648,3289,1,inner_ring
6197,85.22457454685309,58.15695003828018,9836,5,text_en_1919
6198,88.37252647029926,60.976887333681134,9741,5,text_en_1919
6199,87.18902617866965,62.62022599927711,9738,5,text_en_1919
6200,82.0946528316841,53.94351176034215,6567,2,octagram
6201,94.88281217864146,47.52158934926305,10177,5,text_en_1919
6202,87.86392408429201,44.797475059007546,10391,5,text_en_1919
6203,95.7180623456311,44.268772180812945,10359,5,text_en_1919
6204,57.26403637417473,23.940123700337036,4147,1,inner_ring
6205,55.04714407310568,11.047357013411153,2403,0,outer_ring
6206,60.15729289230224,40.01461882537939,8300,4,stroke_kai
6207,64.10469684244008,39.63607055725162,8312,4,stroke_kai
6208,71.49867907764478,34.32674242287433,6262,2,octagram
6209,84.24116639133469,38.54163763138274,10665,5,text_en_1919
6210,72.9101072111639,33.19235356691655,6270,2,octagram
6211,66.76534719121777,37.6597488172232,8377,4,stroke_kai
6212,72.3623126107062,35.222118548747645,6271,2,octagram
6213,62.71835447050554,20.28326985614109,4188,1,inner_ring
6214,62.491507432394464,16.777998852941,10911,5,text_en_1919
6215,62.80233669300374,24.11864945376117,6061,2,octagram
6216,63.82845356889925,16.649378616890385,10886,5,text_en_1919
6217,54.679587067731106,18.747023904690817,11121,5,text_en_1919
6218,56.60989263549148,12.149567117588361,11352,5,text_en_1919
6219,48.852134401781264,16.00032259715669,11215,5,text_en_1919
6220,47.80094878897347,15.086488038488277,11236,5,text_en_1919
6221,47.26526271721544,7.306397527897014,1712,0,outer_ring
6222,51.61881872867466,9.439756479836856,2044,0,outer_ring
6223,55.14389599196579,4.652581331925295,2387,0,outer_ring
6224,59.262522605121305,8.43742922981574,2724,0,outer_ring
6225,59.626087811527135,4.5552113789762565,2716,0,outer_ring
6226,51.817993078951766,9.603623070451134,2069,0,outer_ring
6227,43.72588447386291,6.226943703480938,1574,0,outer_ring
6228,54.6380981520638,8.607715230263429,2360,0,outer_ring
6229,56.78892057614226,10.219270587688897,2557,0,outer_ring
6230,50.30896347602874,9.087765835551838,1931,0,outer_ring
6231,59.36907184244616,6.776647619699749,2719,0,outer_ring
6232,55.626872543087174,7.103454736848521,2445,0,outer_ring
6233,60.271588107895084,9.946627951157343,2807,0,outer_ring
6234,61.3174469364361,10.26931187941294,2863,0,outer_ring
6235,66.23638695974618,12.029675833035538,11279,5,text_en_1919
6236,64.69666149172174,14.498545563765012,11078,5,text_en_1919
6237,67.82337928870821,22.00802514645038,6107,2,octagram
6238,84.12078342692027,27.240843007614497,4339,1,inner_ring
6239,67.26618680552669,14.007198333488926,10987,5,text_en_1919
6240,65.45991700611503,3.739451996564548,2969,0,outer_ring
6241,68.72342508775418,33.05984872850526,6216,2,octagram
6242,40.00847928036515,24.28943195563227,4041,1,inner_ring
6243,45.00458582837812,7.0694230216794205,1614,0,outer_ring
6244,86.99897412613308,60.302323446772974,9760,5,text_en_1919
6245,51.40755254647955,90.28219716267161,517,0,outer_ring
6246,46.126652492141204,92.98271632566009,846,0,outer_ring
6247,45.35127778311095,83.03402054366744,8901,5,text_en_1919
6248,55.994081405087684,89.923493603779,268,0,outer_ring
6249,47.72263109175386,91.61794210457813,761,0,outer_ring
6250,45.74815647183808,90.35389741552727,919,0,outer_ring
6251,40.87806824022959,84.32471927472731,1199,0,outer_ring
6252,39.775946833204365,84.28844402226464,1232,0,outer_ring
6253,39.95215270371064,85.90876348006488,1212,0,outer_ring
6254,37.36268873234518,73.91059336045602,3636,1,inner_ring
6255,37.42664884665058,73.05550026748735,3640,1,inner_ring
6256,34.49169607455363,82.48188162435918,1345,0,outer_ring
6257,22.408618680598536,78.14735204039421,1383,0,outer_ring
6258,20.73077778153673,66.65942982558671,9620,5,text_en_1919
6259,20.268473630592975,53.16975660417923,10189,5,text_en_1919
6260,19.510996781208597,51.55878712017804,10230,5,text_en_1919
6261,22.057405392894225,56.3594372985811,9995,5,text_en_1919
6262,24.383711233986304,58.79318008976612,9881,5,text_en_1919
6263,30.208211085606195,51.82941939474313,5290,2,octagram
6264,25.434322835013454,58.289164592081114,3748,1,inner_ring
6265,39.33943724026295,45.675031382980485,7172,3,stroke_nan
6266,44.685729615882096,44.94236895886015,7196,3,stroke_nan
6267,45.424284050323486,52.789983149197475,6806,3,stroke_nan
6268,43.063086438973926,53.5807220799817,6815,3,stroke_nan
6269,52.10589725511693,48.720255919344794,7020,3,stroke_nan
6270,47.36372464133455,47.05636769850434,7113,3,stroke_nan
6271,53.17467927521453,71.04808633865126,3540,1,inner_ring
6272,62.58164681078105,68.24439728777436,4717,2,octagram
6273,65.11542041692474,59.62435277547505,7685,4,stroke_kai
6274,58.033950917270936,81.86376321540354,8849,5,text_en_1919
6275,55.228388860133705,78.41213222389615,9083,5,text_en_1919
6276,60.729217941566134,52.903990167329376,7954,4,stroke_kai
6277,50.319994408546,49.7925559246164,6987,3,stroke_nan
6278,53.16145176009824,49.10737126957592,6983,3,stroke_nan
6279,41.83909705581055,31.77589992431331,5663,2,octagram
6280,50.358459125243286,36.39757679034608,7497,3,stroke_nan
6281,47.7979971059495,39.06360895210206,7415,3,stroke_nan
6282,52.05517188923548,27.01781638748667,4104,1,inner_ring
6283,39.43861387186779,35.60996747440052,5622,2,octagram
6284,51.91539926726623,12.597864221606429,2065,0,outer_ring
6285,42.71610331420043,11.177121830521001,1535,0,outer_ring
6286,29.768793709320306,29.78489657949744,3938,1,inner_ring
6287,28.32400602183073,26.486445623242894,10831,5,text_en_1919
6288,33.15446270464667,40.35330520975891,5449,2,octagram
6289,28.09564578137595,43.20543380480607,10562,5,text_en_1919
6290,48.85003077971311,50.67201968785325,6881,3,stroke_nan
6291,28.771307838310225,40.1877285982739,3868,1,inner_ring
6292,34.76912970997033,33.463982858074296,5589,2,octagram
6293,23.35706458129379,33.58999166560568,10784,5,text_en_1919
6294,34.915056245428666,25.333937959533213,4007,1,inner_ring
6295,40.33591869116217,9.37914019365725,1506,0,outer_ring
6296,45.712076606468926,10.49324584906136,1616,0,outer_ring
6297,44.250779830980306,17.051838327978764,11168,5,text_en_1919
6298,53.36388194489972,6.083666608486034,2221,0,outer_ring
6299,49.749282842075345,25.838837442587614,5842,2,octagram
6300,52.05722875956596,33.5736866006013,7553,3,stroke_nan
6301,50.893376555925556,25.623691240171627,5856,2,octagram
6302,62.48388507648057,19.581865315353912,4185,1,inner_ring
6303,58.38026496620818,42.9201715818004,8209,4,stroke_kai
6304,59.230574196360465,40.29308690878225,8332,4,stroke_kai
6305,70.77990281085826,50.0510699788471,6477,2,octagram
6306,63.80220017405239,44.8539727080999,8175,4,stroke_kai
6307,60.758860153585125,53.18454277954893,7918,4,stroke_kai
6308,66.5077795281322,56.70006793296806,7731,4,stroke_kai
6309,71.48307098891455,62.735880887277936,4561,2,octagram
6310,70.47885309413135,53.201798584886696,4479,2,octagram
6311,70.63807121577445,70.96043918029157,4642,2,octagram
6312,46.92022051885702,78.22720304905614,3574,1,inner_ring
6313,38.741601446070675,87.35827059398495,1225,0,outer_ring
6314,47.50934780719535,82.97162440520121,912,0,outer_ring
6315,50.556153038656404,88.27381959730118,577,0,outer_ring
6316,55.37298110922564,92.22473900626157,297,0,outer_ring
6317,55.78227876370919,76.52278146873684,9175,5,text_en_1919
6318,56.3023398292724,83.1780787374781,8792,5,text_en_1919
6319,52.44223947919533,79.21913829319644,9045,5,text_en_1919
6320,49.09685462088895,75.84118858238818,9272,5,text_en_1919
6321,46.42546653856947,76.13442967141353,3587,1,inner_ring
6322,45.908006774148085,74.58419116490903,4949,2,octagram
6323,36.160694441189854,61.64537209144727,5101,2,octagram
6324,42.62961271511873,54.19563426216107,6767,3,stroke_nan
6325,28.844372004328566,61.54839076359466,3722,1,inner_ring
6326,62.766326575043365,92.61418620641261,71,0,outer_ring
6327,61.71911223857205,91.83483369771194,85,0,outer_ring
6328,63.22167398902932,83.26378458846231,8933,5,text_en_1919
6329,70.62501895261032,89.94329141713452,10,0,outer_ring
6330,69.9361368347928,85.36443174304931,8878,5,text_en_1919
6331,64.60564379631492,74.10675818628472,3454,1,inner_ring
6332,73.46266080191148,80.71448082757624,9193,5,text_en_1919
6333,69.49001110914998,66.7579158480845,4604,2,octagram
6334,72.91153963323029,75.0998746677814,3425,1,inner_ring
6335,68.15172672103598,71.20070549994453,4653,2,octagram
6336,75.75759853818685,64.0427493869677,4521,2,octagram
6337,82.79376343919064,57.11155155176316,3301,1,inner_ring
6338,84.068468988904,58.134726393315376,9830,5,text_en_1919
6339,83.83441688597686,50.02784075132278,3259,1,inner_ring
6340,83.08131928469106,46.646015414684875,10311,5,text_en_1919
6341,83.13655204257984,52.78476335557081,3286,1,inner_ring
6342,90.93639972812889,43.358325443266324,10450,5,text_en_1919
6343,90.87332427775347,54.64629076624298,9878,5,text_en_1919
6344,95.86902219092681,43.90415390435702,10398,5,text_en_1919
6345,93.204649821663,50.047847855812584,10057,5,text_en_1919
6346,59.011038606001705,37.84372556320399,8425,4,stroke_kai
6347,50.5054072543098,29.298821454828975,5872,2,octagram
6348,62.27110912294226,40.39015066936398,8292,4,stroke_kai
6349,71.14255687977023,30.400576692199053,6235,2,octagram
6350,63.028532950220544,20.844177072025403,6037,2,octagram
6351,66.54438374525621,31.670264079491176,8530,4,stroke_kai
6352,78.8725962350427,32.76035825106514,4348,1,inner_ring
6353,77.15879723199113,43.87697510848262,4416,1,inner_ring
6354,83.13507935919944,46.48775524091936,10348,5,text_en_1919
6355,67.8606241843808,24.439397960711833,6131,2,octagram
6356,61.37703789408224,10.0318544763775,2864,0,outer_ring
6357,63.6537044420734,14.293911162053636,11101,5,text_en_1919
6358,58.48119560224238,10.307656285145647,2682,0,outer_ring
6359,62.22505076401208,11.301766956294935,2908,0,outer_ring
6360,54.02403744790076,12.669507689564682,2302,0,outer_ring
6361,55.86946836955543,17.791846073297364,11048,5,text_en_1919
6362,44.67835520778289,6.4350416952708125,1606,0,outer_ring
6363,45.80325609287228,10.432294485844622,1624,0,outer_ring
6364,48.085173837797555,15.155125553933548,11248,5,text_en_1919
6365,60.44275216057367,7.4807753375732,2788,0,outer_ring
6366,51.92634493774132,17.25682352745673,11261,5,text_en_1919
6367,58.14443080581773,4.883364449089819,2612,0,outer_ring
6368,54.80745315820663,4.761285390123283,2364,0,outer_ring
6369,51.39779335391882,9.806919890670825,2026,0,outer_ring
6370,52.413493726354986,4.550942849635417,2131,0,outer_ring
6371,41.22939158757763,12.187515942422843,1508,0,outer_ring
6372,50.722558026154374,5.8550247112410325,1986,0,outer_ring
6373,57.26005193742387,6.935485003746356,2566,0,outer_ring
6374,57.04241741804776,3.4261599699473577,2531,0,outer_ring
6375,66.69586389601177,5.836135445469942,3043,0,outer_ring
6376,64.75390027695258,8.926096928559266,2990,0,outer_ring
6377,69.02761143978367,8.033949505884804,3172,0,outer_ring
6378,72.49162214600491,22.742850581164532,4274,1,inner_ring
6379,80.47317564129885,38.66982244543813,10637,5,text_en_1919
6380,77.38553769055483,48.88862496075273,6496,2,octagram
6381,68.32042614771736,9.216071521601204,3158,0,outer_ring
6382,70.11319105870405,23.255837273171945,4264,1,inner_ring
6383,68.8421074517302,13.517023831609926,10988,5,text_en_1919
6384,41.266913965805784,7.10921170808666,1531,0,outer_ring
6385,40.47481279278312,26.877825560679398,5744,2,octagram
6386,92.79634102580769,49.57534213933703,10087,5,text_en_1919
6387,42.54992336687317,91.97182129566522,1049,0,outer_ring
6388,51.22589858026913,89.25054876002616,534,0,outer_ring
6389,37.35547654718302,85.96404778056532,1277,0,outer_ring
6390,57.250094797471434,91.72662220968826,218,0,outer_ring
6391,54.67210977304689,91.1228446122755,328,0,outer_ring
6392,44.351424500126825,92.41532655599983,968,0,outer_ring
6393,43.693174808511834,90.8071985853302,1022,0,outer_ring
6394,39.662513080521514,86.56727482760759,1213,0,outer_ring
6395,38.736706583213845,80.50472908221583,9248,5,text_en_1919
6396,35.22068106669238,75.98283700453244,9410,5,text_en_1919
6397,41.99838981519817,62.52929260918612,6599,3,stroke_nan
6398,34.429848854320525,71.95898505492934,3653,1,inner_ring
6399,28.730918683665937,81.60807735037412,1368,0,outer_ring
6400,24.32615885698179,62.94012235363298,9714,5,text_en_1919
6401,20.625542582483337,58.67345928188237,9937,5,text_en_1919
6402,17.604018632526035,48.148173765722674,10267,5,text_en_1919
6403,24.168753084448248,51.18728519640162,10186,5,text_en_1919
6404,21.573260749687808,51.18048465856782,10184,5,text_en_1919
6405,19.145222369247747,44.2584719083643,10597,5,text_en_1919
6406,29.71689064198111,50.85885189616846,5295,2,octagram
6407,38.29411290373289,47.968429192765136,7056,3,stroke_nan
6408,43.31982292420833,49.53776695746637,7023,3,stroke_nan
6409,46.586118206000414,49.99528234599805,6969,3,stroke_nan
6410,51.43173799596224,51.048807782497946,6940,3,stroke_nan
6411,53.89752177471508,76.20790055575239,9205,5,text_en_1919
6412,50.649875224259596,55.75406887644085,6726,3,stroke_nan
6413,62.48362516547678,72.138967712281,3465,1,inner_ring
6414,52.44067017560043,52.98402476180322,6872,3,stroke_nan
6415,57.3220755977365,56.74825107287604,7654,4,stroke_kai
6416,58.815570865489114,77.381233206432,9155,5,text_en_1919
6417,61.655581037657825,72.19856808193873,3472,1,inner_ring
6418,59.35775443075784,47.43556392768746,8059,4,stroke_kai
6419,56.95682284978202,53.99667760245415,7729,4,stroke_kai
6420,57.00516256832774,44.657213573286135,8178,4,stroke_kai
6421,48.80190538172441,40.07288285306249,7322,3,stroke_nan
6422,51.60505928109732,38.063567833865605,7454,3,stroke_nan
6423,50.46593270461823,41.85686856982568,7314,3,stroke_nan
6424,47.112690835692405,37.883298038360444,7472,3,stroke_nan
6425,39.62755011691587,24.61121695958388,4038,1,inner_ring
6426,55.74985307566919,7.675992191543003,2455,0,outer_ring
6427,37.62332800727736,39.931587597188106,7363,3,stroke_nan
6428,31.19356977590546,31.669252962813186,3932,1,inner_ring
6429,20.00785083988788,38.679040017470456,10654,5,text_en_1919
6430,26.02165840128987,52.53529417717766,10138,5,text_en_1919
6431,33.47632800965018,46.415005900833116,5396,2,octagram
6432,32.520998497185296,49.30380202631561,5335,2,octagram
6433,18.670610273644836,42.6736689290215,10627,5,text_en_1919
6434,27.76320020724638,25.371778607892963,10843,5,text_en_1919
6435,26.723489000345165,45.67303037400786,10524,5,text_en_1919
6436,30.62979158169886,29.37749702880767,3946,1,inner_ring
6437,44.25875531538208,7.581444421303499,1581,0,outer_ring
6438,45.71500714905509,24.220353036996883,5802,2,octagram
6439,47.03043989261354,18.145272443390347,11013,5,text_en_1919
6440,46.741557063814724,8.62317429928357,1675,0,outer_ring
6441,49.600466444855094,37.94985060105245,7385,3,stroke_nan
6442,50.3347070410526,33.413198011766056,7550,3,stroke_nan
6443,66.32036338958453,45.18153515560634,8115,4,stroke_kai
6444,44.8892178868969,44.88981509694484,7197,3,stroke_nan
6445,77.32632348814445,49.11294652759605,6503,2,octagram
6446,55.21061228748207,35.33859915164687,8542,4,stroke_kai
6447,65.3182144450507,44.2676847231674,8182,4,stroke_kai
6448,67.54845450921968,45.86090976850153,6449,2,octagram
6449,60.29876964402565,53.27028718227175,7925,4,stroke_kai
6450,75.52196809289134,50.00298697822938,6497,2,octagram
6451,63.94040967647674,56.78314361206274,7735,4,stroke_kai
6452,65.07639129691144,55.905929192653666,7794,4,stroke_kai
6453,62.53462444873558,66.19280614930031,4657,2,octagram
6454,47.87115717362145,78.94760464087526,9214,5,text_en_1919
6455,49.88276558071196,86.29280519352734,644,0,outer_ring
6456,49.49747623597533,86.7962598941483,674,0,outer_ring
6457,51.64121195143612,90.53243287594377,501,0,outer_ring
6458,57.24095802749677,87.89791366799905,210,0,outer_ring
6459,52.611572066591705,87.81828945124478,447,0,outer_ring
6460,58.172211210822425,86.79041091323283,166,0,outer_ring
6461,46.03443150830241,70.28886976966253,5002,2,octagram
6462,48.573475052704495,75.48456193854976,3569,1,inner_ring
6463,53.420277859117896,77.73286187952803,9153,5,text_en_1919
6464,42.38404365760718,66.39877842191945,5054,2,octagram
6465,36.32436448127633,60.61573820259352,5100,2,octagram
6466,28.644861799546874,64.49152497805088,3709,1,inner_ring
6467,34.95609775898299,62.81431418994711,5104,2,octagram
6468,59.615245105167034,89.87050642400918,138,0,outer_ring
6469,59.707742880228466,90.10528108824889,133,0,outer_ring
6470,57.33921133022267,93.23775469768499,216,0,outer_ring
6471,74.23972434150791,78.68483322170975,9247,5,text_en_1919
6472,68.65549986551315,93.58509523518063,24,0,outer_ring
6473,68.79354316718927,82.17492458963403,9114,5,text_en_1919
6474,69.46465485148929,81.37952535725469,9159,5,text_en_1919
6475,77.25034471084747,77.9693784408396,9315,5,text_en_1919
6476,77.67285886456847,74.51471256166955,9416,5,text_en_1919
6477,80.47477309315931,67.98495293778947,9553,5,text_en_1919
6478,82.37751489032254,62.021270155972246,9706,5,text_en_1919
6479,82.85166258461197,65.50819442301582,9628,5,text_en_1919
6480,82.10284949458348,58.092591706711936,3308,1,inner_ring
6481,75.59379934647922,50.248238623501955,6502,2,octagram
6482,80.46054528402631,44.91698908293224,10380,5,text_en_1919
6483,86.63158304581287,50.27283662214427,10116,5,text_en_1919
6484,90.38279859316053,53.01761320094218,9940,5,text_en_1919
6485,94.1803501308112,40.40700048506885,10523,5,text_en_1919
6486,88.23395180400094,59.649446874556,9773,5,text_en_1919
6487,92.78758743252416,33.954314076934054,10740,5,text_en_1919
6488,59.671746684968014,37.826066219695605,8417,4,stroke_kai
6489,55.90108293981152,36.69273585160589,8520,4,stroke_kai
6490,65.90087871409484,42.695235663868765,8201,4,stroke_kai
6491,69.09921296524998,29.40036520210197,6204,2,octagram
6492,66.89725376009739,29.598490423486293,6172,2,octagram
6493,63.920323679767776,28.469754808188753,8555,4,stroke_kai
6494,71.95531488237832,44.51102353108988,6431,2,octagram
6495,71.27693065817546,44.29102995384929,6433,2,octagram
6496,68.1977503945276,32.23106823344092,6203,2,octagram
6497,72.0379387549498,31.04770616829816,6258,2,octagram
6498,63.83234269520091,20.72711785745054,4197,1,inner_ring
6499,63.573116520320895,14.011463752840205,11124,5,text_en_1919
6500,55.247280896234024,18.947751087089713,10979,5,text_en_1919
6501,56.77257624833936,8.229271732135793,2544,0,outer_ring
6502,58.135476201586634,4.782079979264399,2611,0,outer_ring
6503,61.55813226403903,5.078154545884643,2834,0,outer_ring
6504,49.87276576844627,11.009826655674205,1870,0,outer_ring
6505,45.91480274829194,7.830403040674192,1649,0,outer_ring
6506,50.0245324013783,5.437088261145537,1929,0,outer_ring
6507,55.305516243577706,5.910163251185683,2409,0,outer_ring
6508,57.44954401417904,14.303035477368091,11297,5,text_en_1919
6509,55.97253439987456,8.33210258253271,2476,0,outer_ring
6510,56.58145273970248,8.66972231873309,2528,0,outer_ring
6511,47.42535448499157,6.976816906558311,1726,0,outer_ring
6512,54.55328612881159,10.975329638748464,2361,0,outer_ring
6513,46.890797960848786,5.980986952834423,1704,0,outer_ring
6514,49.022852582226214,7.048819974644605,1833,0,outer_ring
6515,56.9160796171323,4.564456022878813,2529,0,outer_ring
6516,62.74532166920694,10.124942222755228,2923,0,outer_ring
6517,63.64560156280092,21.169186042602295,6046,2,octagram
6518,63.38029539850311,5.998990341152789,2914,0,outer_ring
6519,70.2248234865154,8.02262097956164,3198,0,outer_ring
6520,85.52509785870221,37.0330518113858,10699,5,text_en_1919
6521,70.69098205287044,33.45009080739025,6244,2,octagram
6522,82.90307390171154,44.695061408153464,10404,5,text_en_1919
6523,66.29119628119918,8.930228641094313,3059,0,outer_ring
6524,66.33507461356368,8.02837362909378,3053,0,outer_ring
6525,63.92731504779581,3.2722944946685755,2915,0,outer_ring
6526,42.27322022535006,22.518994301691407,4051,1,inner_ring
6527,37.91133491229246,13.565062696320494,1456,0,outer_ring
6528,87.54794948734356,46.112834196478616,10352,5,text_en_1919
6529,49.71616458570285,92.43894268615348,598,0,outer_ring
6530,43.88562161567365,91.13528267398077,1014,0,outer_ring
6531,44.157401880794424,91.1735232552372,995,0,outer_ring
6532,53.28804079001003,94.6567023336458,392,0,outer_ring
6533,43.05722288783788,89.3371375922167,1064,0,outer_ring
6534,43.16245621903198,89.20480005468228,1061,0,outer_ring
6535,42.11224514349794,91.50721050586267,1075,0,outer_ring
6536,39.716347937643796,89.44031332817424,1179,0,outer_ring
6537,36.21225906920138,79.28396534934717,9212,5,text_en_1919
6538,36.76765843692964,79.32414598855122,9312,5,text_en_1919
6539,42.75408012929422,61.16454024843474,6608,3,stroke_nan
6540,33.749962605964065,78.04176042556195,9388,5,text_en_1919
6541,24.155961156123617,66.95708399734873,9600,5,text_en_1919
6542,33.159673426394086,60.0629368181051,5139,2,octagram
6543,19.53793713207826,64.67792377967015,9647,5,text_en_1919
6544,18.67497762193474,58.25998825554635,9941,5,text_en_1919
6545,22.05375118191883,55.09850148027601,10005,5,text_en_1919
6546,21.897477523570057,50.11295486190613,10237,5,text_en_1919
6547,26.775178144097936,51.726407421231315,3792,1,inner_ring
6548,30.997638272584044,52.888358131904816,5284,2,octagram
6549,34.026667567129664,49.1887554523062,5355,2,octagram
6550,45.92091284198217,54.70834575668652,6772,3,stroke_nan
6551,44.71586618867015,56.835965477055275,6676,3,stroke_nan
6552,42.418097005600956,51.68397518459336,6886,3,stroke_nan
6553,44.1338749436169,54.9888886373454,6733,3,stroke_nan
6554,49.99060197686074,52.64071852204525,6820,3,stroke_nan
6555,59.418632253345066,71.37007809000954,3488,1,inner_ring
6556,52.1593837067184,65.1480701771106,4854,2,octagram
6557,66.53062772820572,74.00608397709982,3447,1,inner_ring
6558,61.13472941756929,70.21926549589834,4728,2,octagram
6559,61.85949630286955,68.30848857099936,4726,2,octagram
6560,58.97065350960326,69.62337675429094,4748,2,octagram
6561,51.50897766071626,44.252326431399695,7204,3,stroke_nan
6562,54.25469923656919,42.540081934212,5906,2,octagram
6563,50.449130399025314,36.15491954002236,7498,3,stroke_nan
6564,43.35610018182244,29.46805466830729,5723,2,octagram
6565,55.96331497172441,42.71347142257387,8310,4,stroke_kai
6566,45.38513369920322,36.14319890015526,7523,3,stroke_nan
6567,35.12531534419565,37.44382499686595,5556,2,octagram
6568,40.889713108030506,31.25118763329607,5674,2,octagram
6569,34.88840744457352,29.87290795689207,3971,1,inner_ring
6570,32.361826075295625,28.29695608995118,3967,1,inner_ring
6571,33.84965507206376,43.75229475736336,5419,2,octagram
6572,31.302007720649478,42.01058840713175,5442,2,octagram
6573,37.880293305064136,49.747259245189454,6970,3,stroke_nan
6574,43.06545914223812,46.54960828850832,7144,3,stroke_nan
6575,24.952383023345707,46.36125364149292,10490,5,text_en_1919
6576,25.100336275645713,35.42525994522429,10750,5,text_en_1919
6577,29.054715214294326,25.339898291662525,10845,5,text_en_1919
6578,30.153424921686945,34.48080181504223,5510,2,octagram
6579,36.989723457656886,11.093790136036569,1457,0,outer_ring
6580,50.40428866464237,18.1901948719755,11206,5,text_en_1919
6581,43.819948267970034,19.657221014287764,10973,5,text_en_1919
6582,50.23806990860864,12.380431978490272,1899,0,outer_ring
6583,47.85943821012708,26.240754723323313,5827,2,octagram
6584,51.720706910711854,25.725992394170223,4103,1,inner_ring
6585,49.40496755142652,39.19432135413446,7387,3,stroke_nan
6586,54.94544193533897,43.474026877853454,8453,4,stroke_kai
6587,60.620140003017006,26.233911891962165,6008,2,octagram
6588,56.99633550844682,46.159005331307135,8119,4,stroke_kai
6589,63.62506018543518,56.651334557453666,7752,4,stroke_kai
6590,69.45268320308158,52.778516511423554,7820,4,stroke_kai
6591,65.78750878766049,49.05035211646273,7931,4,stroke_kai
6592,61.32890853210628,55.33140294812348,7858,4,stroke_kai
6593,61.75339423464263,59.81246985432998,7644,4,stroke_kai
6594,70.258319972635,63.44123301023496,4573,2,octagram
6595,71.20018565076637,55.089837340206664,4482,2,octagram
6596,48.27799080078115,80.65563906740721,8744,5,text_en_1919
6597,45.174603283693905,82.62390481407203,9021,5,text_en_1919
6598,44.736941275332164,85.43106203860208,8645,5,text_en_1919
6599,53.424415381651876,82.93075413023323,8814,5,text_en_1919
6600,50.8409317188854,90.1142128342143,550,0,outer_ring
6601,53.60513475752336,94.42639271042142,379,0,outer_ring
6602,49.604374944348564,84.38771721126534,696,0,outer_ring
6603,51.546066172789935,80.08167259307508,8939,5,text_en_1919
6604,55.63850810256658,81.34366829504489,8918,5,text_en_1919
6605,39.913250024648896,84.81267216950094,1222,0,outer_ring
6606,43.43181054144114,74.7743539231843,4976,2,octagram
6607,30.533490150898007,62.69916262103972,5164,2,octagram
6608,29.53642784497751,56.85623141254105,5225,2,octagram
6609,32.90401603403755,60.8096248815605,5143,2,octagram
6610,58.23727482708304,94.57207842117577,183,0,outer_ring
6611,61.145891282960434,89.52497583858246,8626,5,text_en_1919
6612,61.488320812959145,93.10129523945747,93,0,outer_ring
6613,58.08552244211571,78.75473524053332,8989,5,text_en_1919
6614,63.49510978189403,93.24544604812661,65,0,outer_ring
6615,68.42203218892577,76.81786884207442,9310,5,text_en_1919
6616,62.720466927233794,76.85114217483284,9264,5,text_en_1919
6617,74.92182513682793,81.66835332549546,8968,5,text_en_1919
6618,71.99229913469495,73.07758794476776,3422,1,inner_ring
6619,78.02125658308347,67.33444580841119,3363,1,inner_ring
6620,77.02379538029224,63.95867059007484,3353,1,inner_ring
6621,77.53413864166333,52.43626171925325,6544,2,octagram
6622,85.40228299723596,57.88210716918545,9841,5,text_en_1919
6623,83.11096795983754,50.29311609048183,3260,1,inner_ring
6624,85.5144777325816,47.85105489627061,3243,1,inner_ring
6625,74.08109072409087,55.752968317430565,4469,2,octagram
6626,86.74418359428051,45.301465652643216,10388,5,text_en_1919
6627,96.13972524739101,45.28345200790094,10266,5,text_en_1919
6628,93.6146558276166,44.791299930003184,10340,5,text_en_1919
6629,91.64674710522446,41.05630901515165,10502,5,text_en_1919
6630,57.50030710895562,35.80565520612607,5962,2,octagram
6631,63.06017529685177,34.37223929935922,8455,4,stroke_kai
6632,66.3113320422812,47.832022655691325,8026,4,stroke_kai
6633,58.81457109507779,33.80974096008255,5972,2,octagram
6634,66.16923682479145,44.57058294972314,8149,4,stroke_kai
6635,64.25833654457274,32.502422874628905,8515,4,stroke_kai
6636,74.07263613426862,40.15647031406381,6387,2,octagram
6637,88.81384908237364,37.68402769771902,10645,5,text_en_1919
6638,79.70613183282421,33.357507046139425,4357,1,inner_ring
6639,62.66092387032892,24.103579772980662,6062,2,octagram
6640,69.77781679125006,16.495969549462476,4229,1,inner_ring
6641,70.75687238164785,34.94869346753887,6254,2,octagram
6642,58.52571869109696,14.768366307962804,11303,5,text_en_1919
6643,58.507480037315545,13.022736936393189,11321,5,text_en_1919
6644,52.528360798027485,13.353812045515093,2125,0,outer_ring
6645,49.84576588247273,10.544354859157082,1874,0,outer_ring
6646,45.457747715530715,7.773025170812059,1634,0,outer_ring
6647,47.5651884566217,17.022963570702277,11192,5,text_en_1919
6648,51.22227774281875,7.546036001141606,2020,0,outer_ring
6649,52.52805066719767,4.713498657090272,2144,0,outer_ring
6650,55.104908298197074,7.775053153936579,2396,0,outer_ring
6651,58.175205607049826,12.079340987538663,11358,5,text_en_1919
6652,61.23670178233203,4.665247369062943,2814,0,outer_ring
6653,52.5725826932743,9.850270881160242,2137,0,outer_ring
6654,50.0060614468905,3.273451020167726,1941,0,outer_ring
6655,50.78997379071745,5.746780287826981,1991,0,outer_ring
6656,58.52004316896036,4.16873427677355,2633,0,outer_ring
6657,55.04920373439128,5.638192633222253,2382,0,outer_ring
6658,63.46056103329143,7.758138711871972,2935,0,outer_ring
6659,60.88465027047593,6.3996681446626935,2812,0,outer_ring
6660,66.42190668073482,7.491752435011273,3050,0,outer_ring
6661,65.62692797986551,24.475963222321106,6123,2,octagram
6662,66.89786971462618,13.41696299321777,11028,5,text_en_1919
6663,69.80244065811247,17.276288007647914,4232,1,inner_ring
6664,72.267579344867,29.093886159889554,6256,2,octagram
6665,68.18352715498418,7.069837446695951,3122,0,outer_ring
6666,73.43277406679958,6.713669923268544,3219,0,outer_ring
6667,70.25644145002309,14.723259918511358,4225,1,inner_ring
6668,34.774532051048105,28.447715565725172,3979,1,inner_ring
6669,41.86732751911597,21.642583005005502,4050,1,inner_ring
6670,89.90820437375105,59.90557168956362,9762,5,text_en_1919
6671,49.01926598063945,91.39135228790254,661,0,outer_ring
6672,43.69848804837882,90.24090319785232,1029,0,outer_ring
6673,46.61004661080938,88.50723142608119,884,0,outer_ring
6674,52.987163386193856,92.56908301716122,413,0,outer_ring
6675,40.55594660470631,89.65239076775426,1155,0,outer_ring
6676,47.39490486676782,93.63365367293235,759,0,outer_ring
6677,39.4745896949959,89.45278145430122,1188,0,outer_ring
6678,36.83380861661374,87.62195840048656,1268,0,outer_ring
6679,33.31145833488592,82.47440198050658,1350,0,outer_ring
6680,34.88153602001574,79.84542838861188,9117,5,text_en_1919
6681,29.665176257534117,73.30202474562527,9484,5,text_en_1919
6682,22.94903750593549,78.94595358147082,1380,0,outer_ring
6683,28.256352183265637,74.32968317981248,9428,5,text_en_1919
6684,28.269689198408997,64.42888322462565,3711,1,inner_ring
6685,21.32300443713101,57.67919070379525,9972,5,text_en_1919
6686,26.503824475280698,60.64202458180695,3735,1,inner_ring
6687,19.58926116360432,48.77273423740367,10256,5,text_en_1919
6688,28.46933348723436,53.35937864382919,3772,1,inner_ring
6689,28.23738106377698,52.62938971043245,3777,1,inner_ring
6690,40.962743299245076,59.48348340817513,6649,3,stroke_nan
6691,36.767905902232954,51.573475436016736,6925,3,stroke_nan
6692,43.65022724174254,50.901451287556604,6896,3,stroke_nan
6693,41.84970255915545,52.630620014344345,6850,3,stroke_nan
6694,48.1098311179341,60.92709496769901,6585,3,stroke_nan
6695,45.393002575411685,58.19816977482297,6640,3,stroke_nan
6696,53.48923009103624,66.39518042705814,4841,2,octagram
6697,62.07202011487292,83.49021659175685,8895,5,text_en_1919
6698,54.49473105782171,63.33885843081999,4830,2,octagram
6699,49.803925868285525,67.90663214850572,4879,2,octagram
6700,63.77815518669445,62.5815839992,7602,4,stroke_kai
6701,57.53322395404345,72.04570586792852,3505,1,inner_ring
6702,51.51407282716666,66.52576514985377,4864,2,octagram
6703,52.0774579346844,48.97537152277674,7005,3,stroke_nan
6704,57.303823134048095,30.298463861247036,5940,2,octagram
6705,49.46461255829107,39.791551196931614,7321,3,stroke_nan
6706,48.50465180758384,41.66295336995807,7296,3,stroke_nan
6707,51.875041332089936,44.58110311437653,7199,3,stroke_nan
6708,46.29526375742154,40.19008368880756,7392,3,stroke_nan
6709,42.82070920143314,37.109782968823545,7490,3,stroke_nan
6710,40.75514494161799,31.16412945998439,5675,2,octagram
6711,36.33776833193699,31.19963143768092,5605,2,octagram
6712,31.216102392836127,35.29631332539239,5520,2,octagram
6713,33.40583387515979,39.69984348903489,5453,2,octagram
6714,36.8115394173531,41.95775302570905,7339,3,stroke_nan
6715,33.39827565048485,44.107287333318766,5418,2,octagram
6716,36.526567068504164,47.476751129999855,7069,3,stroke_nan
6717,33.14194340177546,45.66183875526973,5405,2,octagram
6718,26.944189272031142,35.55443231532974,10745,5,text_en_1919
6719,35.20556296769432,14.178301684780589,1440,0,outer_ring
6720,33.174170816272216,15.92949292165814,1428,0,outer_ring
6721,38.1840310368396,24.671910477865072,4029,1,inner_ring
6722,40.0510816633281,24.939735247594438,4039,1,inner_ring
6723,52.91155778751579,8.72649779387503,2175,0,outer_ring
6724,49.20747360042741,17.321070226078824,11194,5,text_en_1919
6725,50.06896113931169,19.285640766355343,10994,5,text_en_1919
6726,52.52572915336875,11.209727225385459,2129,0,outer_ring
6727,50.76995443697106,34.677068506908405,7513,3,stroke_nan
6728,59.44246495216654,23.147301827466983,6013,2,octagram
6729,54.261034328017,40.55055655972502,5907,2,octagram
6730,61.42144557213564,44.59631497236053,8168,4,stroke_kai
6731,58.934633323240085,30.71323303879288,5977,2,octagram
6732,60.406773540152244,48.935254121147956,8032,4,stroke_kai
6733,72.86082915208722,45.66031156931234,6460,2,octagram
6734,69.13245931060459,55.804367814608206,7816,4,stroke_kai
6735,64.72559880806888,51.51546555189295,7897,4,stroke_kai
6736,69.9268795329343,70.99466324767691,4644,2,octagram
6737,64.65359597867817,69.0493443666246,4669,2,octagram
6738,41.3555599742785,73.46057370757536,3620,1,inner_ring
6739,46.0283676232406,88.61094210076477,927,0,outer_ring
6740,48.14128859597541,88.24091814573424,772,0,outer_ring
6741,55.40762133432372,89.496565891963,294,0,outer_ring
6742,59.00424465198724,84.03885283544876,8728,5,text_en_1919
6743,52.571277484833395,81.27185965629836,8892,5,text_en_1919
6744,55.906827025384175,85.58642167727741,8580,5,text_en_1919
6745,52.81291179728957,79.68569260124558,8973,5,text_en_1919
6746,46.20141309611844,77.31820948898789,3584,1,inner_ring
6747,44.76340777367356,83.62222482132556,8786,5,text_en_1919
6748,50.03712260577091,72.77486142651927,4905,2,octagram
6749,30.75592237790838,57.070714951915114,5212,2,octagram
6750,33.597557394577315,61.55537101481293,5126,2,octagram
6751,29.335144617600932,59.271893885170634,3733,1,inner_ring
6752,56.20786892546138,91.32627178420289,257,0,outer_ring
6753,60.899063792097934,89.09539521393239,8650,5,text_en_1919
6754,69.47077505977336,96.6251590369456,23,0,outer_ring
6755,60.96092013625928,87.64222484720497,8704,5,text_en_1919
6756,64.69661068686013,86.6716432320306,8721,5,text_en_1919
6757,76.0782579412642,78.8818340625282,9294,5,text_en_1919
6758,64.93499069839658,81.5268202729816,9074,5,text_en_1919
6759,70.01833906282265,77.11571580788583,9322,5,text_en_1919
6760,77.87626924620123,77.67371244901844,9319,5,text_en_1919
6761,80.04525125660051,61.96958978984186,3338,1,inner_ring
6762,71.7928455521007,64.65769357251497,4581,2,octagram
6763,74.92431535670225,62.53480205114523,4520,2,octagram
6764,82.01567826093736,64.61468288928108,9673,5,text_en_1919
6765,81.26741942172056,54.143233924472874,6563,2,octagram
6766,79.04641227849002,51.807335444117776,6540,2,octagram
6767,89.13324140929119,52.65853831184173,9987,5,text_en_1919
6768,89.16311177150872,53.08800868538699,9959,5,text_en_1919
6769,95.52813396007637,49.45480741458896,10089,5,text_en_1919
6770,93.81660245792462,50.33152684958639,10067,5,text_en_1919
6771,96.35065361435363,41.59935150615865,10512,5,text_en_1919
6772,56.02361607969277,19.06856223525636,10980,5,text_en_1919
6773,58.95762447063394,25.59945695592519,5992,2,octagram
6774,64.21957345834423,39.138772825569134,8337,4,stroke_kai
6775,56.50015257146683,24.44080961536071,4142,1,inner_ring
6776,60.25930267591248,39.61364481820052,8340,4,stroke_kai
6777,79.93679072069774,37.41373358530987,10655,5,text_en_1919
6778,72.10568226387072,31.928970297999225,6263,2,octagram
6779,74.43630699619312,39.36015646364462,6377,2,octagram
6780,78.96168469290824,49.07109159111665,6511,2,octagram
6781,63.18513130400408,25.48303454237748,6076,2,octagram
6782,59.70834919100668,24.696053667577516,6003,2,octagram
6783,57.14301450302612,18.342009392852603,11027,5,text_en_1919
6784,56.44351728271411,8.465612700476008,2519,0,outer_ring
6785,61.51095248629623,8.148750993022796,2855,0,outer_ring
6786,53.28581396377601,9.662456798435894,2210,0,outer_ring
6787,49.206689386169714,14.688653026785357,11260,5,text_en_1919
6788,51.52158098364704,11.621242748923393,2028,0,outer_ring
6789,46.023065136757076,11.83182798690845,1618,0,outer_ring
6790,59.62837677886909,12.515708581807706,11337,5,text_en_1919
6791,53.80030047266562,7.514135529003735,2261,0,outer_ring
6792,58.31388825456958,8.1661278840334,2649,0,outer_ring
6793,57.822307279742155,3.9380669601860605,2590,0,outer_ring
6794,56.1385166284322,8.749258909507363,2495,0,outer_ring
6795,47.19823790285415,8.117671271549707,1703,0,outer_ring
6796,45.21903843517391,7.686662656055117,1620,0,outer_ring
6797,44.66313363584304,8.828920986248479,1584,0,outer_ring
6798,51.45301417190361,3.4451631014685518,2049,0,outer_ring
6799,50.249675272370794,7.699507253057635,1933,0,outer_ring
6800,60.19124389004927,8.929421832598244,2784,0,outer_ring
6801,58.4355718837284,6.751081248025742,2645,0,outer_ring
6802,64.60674450212525,10.670092838025612,3004,0,outer_ring
6803,68.09606765910088,9.185494334210516,3144,0,outer_ring
6804,68.77755710670829,7.95435681692466,3157,0,outer_ring
6805,72.49773131811742,30.340511539713866,6264,2,octagram
6806,77.7762845958575,33.55733007078097,4350,1,inner_ring
6807,69.5174076514641,9.812591364239953,3202,0,outer_ring
6808,67.62614690563484,8.22673063605314,3114,0,outer_ring
6809,65.56936266467986,8.28002907169127,3024,0,outer_ring
6810,43.392265340093275,18.552093849349713,11053,5,text_en_1919
6811,40.08460217576985,21.605560926095794,10908,5,text_en_1919
6812,92.77084720342545,61.27255165007474,9769,5,text_en_1919
6813,47.080895846474455,91.77040495261397,803,0,outer_ring
6814,46.18336178652819,91.11672197944696,873,0,outer_ring
6815,38.01047718793483,88.61627450566164,1233,0,outer_ring
6816,50.449913143980034,91.72278777770323,566,0,outer_ring
6817,49.10936932234909,95.30082846809204,615,0,outer_ring
6818,36.47833091993697,86.84215896724672,1282,0,outer_ring
6819,42.60629534178643,85.08097962492039,8691,5,text_en_1919
6820,36.59228439628716,86.35264349387839,1286,0,outer_ring
6821,38.47927199956594,83.79500077000833,1270,0,outer_ring
6822,31.104773288170477,81.62818503494952,1361,0,outer_ring
6823,32.63119780687557,66.26482273906012,3686,1,inner_ring
6824,26.62457051783621,83.67217458615119,1370,0,outer_ring
6825,32.91370317025903,72.09281533197192,3661,1,inner_ring
6826,20.802464033515157,64.86575603860004,9686,5,text_en_1919
6827,20.556424310480395,58.74580237403634,9936,5,text_en_1919
6828,28.92826126647022,45.856759104263844,3835,1,inner_ring
6829,22.428041024896697,52.2948616098258,10170,5,text_en_1919
6830,23.35441749151168,49.48087368067145,10269,5,text_en_1919
6831,30.273209304138717,41.95689372253468,3862,1,inner_ring
6832,38.986555601999456,53.86804584272014,6812,3,stroke_nan
6833,33.05500175070683,50.109080089627135,5333,2,octagram
6834,41.50315704009605,49.095366116984984,7007,3,stroke_nan
6835,49.88686233237821,50.03749671300931,6986,3,stroke_nan
6836,46.814301303104614,47.6063211934228,7075,3,stroke_nan
6837,51.93167569215681,51.801329387916475,6927,3,stroke_nan
6838,49.04749276846343,54.33261515204403,6791,3,stroke_nan
6839,64.82183553676765,67.22610264059794,4662,2,octagram
6840,58.22192227817065,44.97036920878348,8142,4,stroke_kai
6841,56.773562202424074,78.35772079160283,9109,5,text_en_1919
6842,57.3316677461695,72.5477327607185,3511,1,inner_ring
6843,44.93465456439873,67.95314965547995,5025,2,octagram
6844,53.19464447523454,66.08676658515434,4839,2,octagram
6845,45.52045370046413,61.88535561023147,6581,3,stroke_nan
6846,48.479596924590055,44.78469007547847,7148,3,stroke_nan
6847,52.06447542495496,43.47252651534343,7222,3,stroke_nan
6848,53.05422868446395,49.861816126387744,6945,3,stroke_nan
6849,50.26380504165768,44.33686772028281,7195,3,stroke_nan
6850,39.48928279632369,29.751860318067163,5690,2,octagram
6851,45.196650293880694,36.44701235005757,7521,3,stroke_nan
6852,44.871806102172826,26.154631536550255,5803,2,octagram
6853,27.79665386401391,37.77893287727093,10719,5,text_en_1919
6854,30.001129775591963,32.13552927783277,3923,1,inner_ring
6855,32.384086640904634,32.76079777045189,5569,2,octagram
6856,31.286711653869787,38.858580535116985,5476,2,octagram
6857,34.83514418618319,46.11219626091646,5388,2,octagram
6858,37.46958398372134,50.90485195433144,6953,3,stroke_nan
6859,31.35180841951352,33.754641985461554,5531,2,octagram
6860,26.825410600070022,35.945135996005746,10737,5,text_en_1919
6861,23.342720315816614,32.91683804435298,10798,5,text_en_1919
6862,32.329960508540395,28.74294565426359,3962,1,inner_ring
6863,47.90845894826458,2.8054642697755896,1789,0,outer_ring
6864,41.14170496588119,30.002377802850418,5696,2,octagram
6865,44.82052888137524,32.653498504764194,7574,3,stroke_nan
6866,51.93132112347677,23.21491432258013,11016,5,text_en_1919
6867,50.8724025565089,25.161894908543623,4099,1,inner_ring
6868,49.01577509814944,28.373764570456444,5852,2,octagram
6869,49.19539411421123,34.07744268654793,7528,3,stroke_nan
6870,64.97237974493478,23.09148152125773,6111,2,octagram
6871,56.59213830263856,40.238822715636374,8407,4,stroke_kai
6872,50.95429652849751,43.13207992042308,7243,3,stroke_nan
6873,58.341495407896225,48.201206398237545,8012,4,stroke_kai
6874,60.56998666177213,53.81017307750612,7857,4,stroke_kai
6875,63.267807662944044,38.77058295268674,8329,4,stroke_kai
6876,68.53941928886178,49.719794800715626,7889,4,stroke_kai
6877,61.419688428345125,53.446450795511836,7932,4,stroke_kai
6878,70.84378344544321,48.51611993094216,6469,2,octagram
6879,57.51879431732538,74.85807750882879,3510,1,inner_ring
6880,47.351295597176765,75.4737379257356,4942,2,octagram
6881,42.94652018836629,87.9974124711006,1083,0,outer_ring
6882,51.973025299783714,92.50866040771399,465,0,outer_ring
6883,49.38810080783453,79.79969023875242,8958,5,text_en_1919
6884,53.98344878647351,89.06316803220999,371,0,outer_ring
6885,55.63762304765438,86.80808593702292,281,0,outer_ring
6886,56.58122886222145,85.84832161196141,8577,5,text_en_1919
6887,53.450061218186576,80.60364909911318,8940,5,text_en_1919
6888,48.567047412793,80.09826265392346,8813,5,text_en_1919
6889,52.515536292923166,71.529863713012,4876,2,octagram
6890,42.40940344751351,76.8569823868865,3606,1,inner_ring
6891,30.732331467945478,57.15928790191267,5213,2,octagram
6892,33.745933325469295,62.15373652213368,5120,2,octagram
6893,26.499895777905856,52.3063897764678,3783,1,inner_ring
6894,60.976911271675846,86.75706728476335,8711,5,text_en_1919
6895,59.667490552653945,95.10595773278459,148,0,outer_ring
6896,62.56796949713132,84.79716182672703,8829,5,text_en_1919
6897,60.42225383533948,80.67553469579377,8991,5,text_en_1919
6898,71.89443340523587,71.91387189593883,3418,1,inner_ring
6899,70.73442061725387,87.76761328782185,8754,5,text_en_1919
6900,68.99214819758,83.99332592375927,8935,5,text_en_1919
6901,85.41477838241475,73.95909243525796,9446,5,text_en_1919
6902,70.0005268205469,64.1987957129211,4582,2,octagram
6903,59.50398983686995,47.40614156885383,8087,4,stroke_kai
6904,72.33128034903213,60.954234592859386,4541,2,octagram
6905,81.54345214687892,66.04991662583119,9573,5,text_en_1919
6906,78.95339226503376,56.004903498922225,4439,2,octagram
6907,81.39330453900877,64.02454708417729,9688,5,text_en_1919
6908,79.43664294754842,56.1131356450596,4440,2,octagram
6909,84.7440964593435,55.96391384343246,9882,5,text_en_1919
6910,90.09505977380994,62.94067986675375,9715,5,text_en_1919
6911,93.59828899778678,45.000893048317565,10265,5,text_en_1919
6912,92.82631473914167,40.662816950095525,10518,5,text_en_1919
6913,93.80259358418394,42.85561936404272,10477,5,text_en_1919
6914,57.16916438966475,21.654576244277653,4144,1,inner_ring
6915,57.464802886276004,46.53140963913069,8109,4,stroke_kai
6916,72.04694339421657,33.26950312660549,6269,2,octagram
6917,62.1471359761538,13.28022857049792,11152,5,text_en_1919
6918,62.785436534445054,38.26601479164843,8352,4,stroke_kai
6919,71.7577917844028,45.252358800400636,6440,2,octagram
6920,72.67358539901629,26.056689688891204,4295,1,inner_ring
6921,78.78763036838221,35.2228804434822,4364,1,inner_ring
6922,77.17288943135759,31.694731497402884,6308,2,octagram
6923,64.4392531268455,22.053150215277668,4209,1,inner_ring
6924,59.336679356185904,23.473667267487915,6006,2,octagram
6925,60.677509651367814,14.304651128042686,10969,5,text_en_1919
6926,59.97410920808238,10.694925897773166,2789,0,outer_ring
6927,55.92127515114225,13.008647333606028,11309,5,text_en_1919
6928,54.92583767264793,9.719300779061932,2389,0,outer_ring
6929,46.840793381701666,7.677800659494348,1689,0,outer_ring
6930,43.65808976151868,11.799016928300633,1550,0,outer_ring
6931,49.34241577653171,5.326796254069748,1871,0,outer_ring
6932,55.813198796465116,10.242724312477584,2474,0,outer_ring
6933,56.766713337101706,6.263027683600002,2527,0,outer_ring
6934,56.857952223842226,11.7444328626027,2570,0,outer_ring
6935,59.30142932605389,6.165568472777044,2705,0,outer_ring
6936,54.48826198343501,5.198715054645249,2327,0,outer_ring
6937,44.831151532078586,7.945501950918655,1599,0,outer_ring
6938,53.97951376430586,9.219076546827026,2285,0,outer_ring
6939,47.17994499310807,9.952468914438573,1686,0,outer_ring
6940,55.84736753632561,5.651844125959958,2452,0,outer_ring
6941,49.39349662541894,6.4239743243307155,1864,0,outer_ring
6942,65.91355906130931,9.355031435019503,3048,0,outer_ring
6943,60.126351197386725,8.534227947463899,2776,0,outer_ring
6944,58.08081160117826,5.052579272378573,2608,0,outer_ring
6945,65.77523372808083,10.44009171965327,3057,0,outer_ring
6946,68.29652610571098,8.64530617198752,3145,0,outer_ring
6947,74.71920472334313,32.83181490157382,6295,2,octagram
6948,74.06927055548357,39.423954238992174,6378,2,octagram
6949,70.53577869212944,26.176028674725924,6209,2,octagram
6950,73.4387709856335,25.629646586920245,4296,1,inner_ring
6951,68.35634844212628,4.5418342926968345,3097,0,outer_ring
6952,44.986296406815036,15.132134427840128,11222,5,text_en_1919
6953,39.114074336936945,13.146716078050638,1473,0,outer_ring
6954,91.35330500709588,41.26831782765683,10506,5,text_en_1919
6955,44.43567526393312,89.37090482610348,1010,0,outer_ring
6956,48.44611881093485,91.62935116588945,706,0,outer_ring
6957,48.69453931831789,90.94888074340216,692,0,outer_ring
6958,49.24946298922682,90.1708857307737,654,0,outer_ring
6959,45.96772715859366,90.63745422532142,898,0,outer_ring
6960,45.15547553641102,83.25588583202422,8856,5,text_en_1919
6961,46.312039266738765,86.54812541106226,938,0,outer_ring
6962,42.96360311308377,89.3347677027595,1067,0,outer_ring
6963,34.621385881798595,82.66825045878191,1341,0,outer_ring
6964,32.89206217759494,75.90619916912355,9392,5,text_en_1919
6965,38.228848185074604,63.69925388435162,5084,2,octagram
6966,33.65286165372895,69.48237166883624,3667,1,inner_ring
6967,25.790251031037574,66.78918587066352,9632,5,text_en_1919
6968,25.87980498536331,65.72241446816463,9641,5,text_en_1919
6969,21.26912073777853,74.96871759984646,1384,0,outer_ring
6970,24.973630460341326,54.998271617517354,10007,5,text_en_1919
6971,19.85435351665543,56.04405825738577,9988,5,text_en_1919
6972,25.45385070226035,54.53973446404518,3768,1,inner_ring
6973,30.698816702793895,56.34028548633935,5251,2,octagram
6974,27.80468195450659,43.88618285428443,10545,5,text_en_1919
6975,31.43883343679333,55.05117067405775,5263,2,octagram
6976,45.58823026736759,49.95564891280402,6992,3,stroke_nan
6977,40.683597603618566,52.02451972533022,6861,3,stroke_nan
6978,45.843361977611394,50.81437833380585,6979,3,stroke_nan
6979,50.05736041844645,65.77640254378582,4865,2,octagram
6980,58.712299591001134,47.88493044523714,8050,4,stroke_kai
6981,52.12120582452135,65.44750861900022,4853,2,octagram
6982,57.94666892840574,42.84583879611252,8213,4,stroke_kai
6983,64.6551806745783,73.9572136588642,3453,1,inner_ring
6984,53.8651139680837,83.09267239297867,8779,5,text_en_1919
6985,63.40732933376248,72.82765401753853,3459,1,inner_ring
6986,56.03731042331276,63.69361972085308,4817,2,octagram
6987,54.13731004776716,50.3165933342854,4828,2,octagram
6988,53.45907825407807,27.99301982671876,5880,2,octagram
6989,45.28621530498467,42.12282113315917,7319,3,stroke_nan
6990,50.895435085244394,42.18112478707694,7290,3,stroke_nan
6991,50.531042050685166,43.706847818620005,7211,3,stroke_nan
6992,42.99532234308833,36.83127830011603,7495,3,stroke_nan
6993,41.21565783352729,32.955585065979854,5644,2,octagram
6994,37.89120582419204,31.13041176866637,5658,2,octagram
6995,32.94322657413084,38.079366539047086,5474,2,octagram
6996,30.460192976477554,28.055604771895524,3957,1,inner_ring
6997,30.93948185987519,38.99724387901054,5473,2,octagram
6998,31.720851225977803,43.58045366648029,5427,2,octagram
6999,31.229860291343353,40.195025123707445,5461,2,octagram
7000,39.450266968971846,56.62757472376983,6750,3,stroke_nan
7001,22.36532720814597,40.81901711975075,10608,5,text_en_1919
7002,30.94544320900822,31.478017457555236,3933,1,inner_ring
7003,33.94033835931424,29.58408216767262,3969,1,inner_ring
7004,24.831475647650823,40.38353706222437,10611,5,text_en_1919
7005,41.8888854726421,21.935875449011455,4049,1,inner_ring
7006,55.64107566073607,8.819909465073732,2450,0,outer_ring
7007,58.46058935277569,8.898261560579888,2665,0,outer_ring
7008,48.317054696623764,17.70741842345796,11023,5,text_en_1919
7009,46.573109633278634,21.134231076863614,10931,5,text_en_1919
7010,56.99655210344358,11.938894358973727,11357,5,text_en_1919
7011,54.485372296570155,27.694058844259942,4126,1,inner_ring
7012,52.62109047926105,44.715070112333954,7215,3,stroke_nan
7013,62.117515378486296,29.867830717997503,8538,4,stroke_kai
7014,57.52339926290303,46.865887955842155,8080,4,stroke_kai
7015,65.63664877692366,43.403645158783824,8202,4,stroke_kai
7016,72.688493942888,49.734985251506224,6488,2,octagram
7017,61.66060839260956,45.05417800535055,8154,4,stroke_kai
7018,63.99230854385621,58.134781192592065,7721,4,stroke_kai
7019,69.75043255664737,57.34901473145531,7748,4,stroke_kai
7020,65.20645839827304,73.4405210183813,3451,1,inner_ring
7021,62.337735792928555,72.77773335660164,3466,1,inner_ring
7022,47.102042933890395,76.54816967835164,3578,1,inner_ring
7023,47.73232278536055,87.59744006380242,810,0,outer_ring
7024,44.31681168944332,83.24124480668974,8811,5,text_en_1919
7025,46.00380382854202,82.38506617802652,9011,5,text_en_1919
7026,48.95541532426583,91.2542631150732,670,0,outer_ring
7027,50.220744081815184,80.10682345105035,8903,5,text_en_1919
7028,56.1127574422265,88.53421649882004,261,0,outer_ring
7029,50.285578643864056,77.18752633142014,9253,5,text_en_1919
7030,49.68707685802054,78.17240516898829,9204,5,text_en_1919
7031,50.073205270557914,79.4160627362286,8972,5,text_en_1919
7032,41.51900542654061,72.5460381195544,3624,1,inner_ring
7033,27.11139989222348,56.259743214759666,3756,1,inner_ring
7034,31.99453320515192,64.00278421700291,5136,2,octagram
7035,39.10836541540656,56.06506740575097,6751,3,stroke_nan
7036,57.11891089871284,91.27410969900617,225,0,outer_ring
7037,56.26761586037169,94.9145784064536,258,0,outer_ring
7038,63.39848802056612,87.33156537831091,8688,5,text_en_1919
7039,66.98949564864043,89.10871595696997,8644,5,text_en_1919
7040,60.23091969998191,89.97555777287695,119,0,outer_ring
7041,68.56270723020467,84.44591420738949,8921,5,text_en_1919
7042,72.85515729001582,78.5012260799817,9277,5,text_en_1919
7043,63.069589353702455,68.23562027338635,4665,2,octagram
7044,70.27953577186818,84.72040759116665,8911,5,text_en_1919
7045,80.44009528031228,68.05038747027169,9547,5,text_en_1919
7046,78.38607609512846,62.39076808360809,4495,2,octagram
7047,81.59705656900297,60.02411260948881,3325,1,inner_ring
7048,82.58781658497169,55.907800890480615,3299,1,inner_ring
7049,83.62299448890755,64.1997542015802,9653,5,text_en_1919
7050,81.94530954998712,55.16210874994149,6576,2,octagram
7051,77.52383846712766,52.40356407219885,6539,2,octagram
7052,88.22438711027186,46.179858688045776,10354,5,text_en_1919
7053,98.25798133275212,50.8805598986169,10069,5,text_en_1919
7054,93.90504063898682,41.4696781197651,10499,5,text_en_1919
7055,90.18731476478845,48.04690626301074,10130,5,text_en_1919
7056,64.72272067532663,38.38207810181062,8370,4,stroke_kai
7057,61.79750026797487,37.35876645054917,8421,4,stroke_kai
7058,61.83349951009446,36.69211988252273,8451,4,stroke_kai
7059,62.319563474482855,44.37108975511585,8160,4,stroke_kai
7060,66.6138205433398,34.132230749602115,8473,4,stroke_kai
7061,70.97130837526227,48.137129600558126,6471,2,octagram
7062,75.81293873832435,33.066782917213665,6304,2,octagram
7063,80.95410767185174,37.79878886294646,10663,5,text_en_1919
7064,77.32998071593745,38.67825176215724,4382,1,inner_ring
7065,72.72877989062327,28.485531917494185,6252,2,octagram
7066,67.19288866023273,32.58744032275332,8475,4,stroke_kai
7067,53.27638203827875,8.401547963530772,2208,0,outer_ring
7068,57.78560870806593,9.101697377009083,2617,0,outer_ring
7069,53.40869124535481,19.765442124780375,11120,5,text_en_1919
7070,55.21401607452325,15.526297985186766,11231,5,text_en_1919
7071,51.92562049517095,13.651425262311463,2058,0,outer_ring
7072,51.1185735477364,9.655104347010703,2001,0,outer_ring
7073,45.52260229047103,7.497550592063047,1637,0,outer_ring
7074,53.2428096602142,8.145181031134577,2203,0,outer_ring
7075,53.65687814886766,7.961159129018201,2249,0,outer_ring
7076,50.2929242684111,8.036633207710018,1935,0,outer_ring
7077,50.71380933178479,7.33251935611577,1973,0,outer_ring
7078,53.56367427445867,7.339859780996942,2241,0,outer_ring
7079,47.46848825363686,10.98611743132479,1693,0,outer_ring
7080,45.89721639842363,6.800205783906924,1653,0,outer_ring
7081,48.91666723163594,8.432373942159192,1817,0,outer_ring
7082,55.51655770806972,5.86970582166489,2425,0,outer_ring
7083,54.304306992528915,10.193156024965168,2324,0,outer_ring
7084,67.3156215217418,36.75523543888304,8387,4,stroke_kai
7085,60.449973177582464,10.348453971482884,2823,0,outer_ring
7086,71.95098894563553,2.4150617974899338,3184,0,outer_ring
7087,70.0543551600731,19.458863999800794,4241,1,inner_ring
7088,68.05498151545945,30.59080591872778,6194,2,octagram
7089,64.46488882494475,25.132235640206034,6126,2,octagram
7090,88.3970933135115,53.3920475324372,9957,5,text_en_1919
7091,68.41799492538001,10.684273035801914,3183,0,outer_ring
7092,74.21453991633342,10.57235468860724,10856,5,text_en_1919
7093,68.70335436462958,4.396309180407709,3106,0,outer_ring
7094,39.73204807526953,23.194189687100405,4042,1,inner_ring
7095,48.409044251804296,14.169131013824895,11326,5,text_en_1919
7096,85.00780845793747,43.1453716737492,10407,5,text_en_1919
7097,47.28447355125862,92.27868561843326,781,0,outer_ring
7098,44.581650293690544,92.94828578119858,950,0,outer_ring
7099,43.73922253271709,81.2462017191584,9077,5,text_en_1919
7100,59.98930584272285,94.52613871560973,140,0,outer_ring
7101,51.799999145318075,90.61377391303459,486,0,outer_ring
7102,41.03643187597923,88.76899467917701,1149,0,outer_ring
7103,40.58713524752326,90.80468838145191,1138,0,outer_ring
7104,36.28686036924682,84.59404177415328,1308,0,outer_ring
7105,40.60885983138552,86.67346660175578,1182,0,outer_ring
7106,34.67126741396244,84.574624814421,1329,0,outer_ring
7107,40.90255889158297,72.67958982275314,3626,1,inner_ring
7108,27.20857192381107,66.73853832725756,9633,5,text_en_1919
7109,25.79261064696477,72.68966301658573,9460,5,text_en_1919
7110,21.931537365286097,70.78552823757362,9488,5,text_en_1919
7111,20.481597691281394,53.96029556309716,10178,5,text_en_1919
7112,22.84701753959736,55.4348957463689,10002,5,text_en_1919
7113,23.44654322819653,57.29849819327303,9996,5,text_en_1919
7114,25.787769779369487,46.02970609631895,10500,5,text_en_1919
7115,27.43448023759401,55.046605038831956,3764,1,inner_ring
7116,29.419483934991373,41.9478711027421,3860,1,inner_ring
7117,35.90347636746119,47.453554969044774,5371,2,octagram
7118,40.51723587368701,47.39615076484232,7100,3,stroke_nan
7119,43.374544458198855,50.42035931012722,6961,3,stroke_nan
7120,41.34962933276779,52.64898356283244,6835,3,stroke_nan
7121,47.14799002487803,51.61324798039752,6891,3,stroke_nan
7122,47.22710283961231,78.05843273253261,9260,5,text_en_1919
7123,46.165169515662335,72.02363913392414,4935,2,octagram
7124,52.77642239795615,62.1818768169828,4849,2,octagram
7125,61.32333104547831,75.26302361700631,9232,5,text_en_1919
7126,55.1798692516959,66.7956889065535,4812,2,octagram
7127,68.43455396742291,67.54497239288202,4621,2,octagram
7128,57.91594860974537,56.199840771653236,7681,4,stroke_kai
7129,56.15128629944216,77.6270697414343,9108,5,text_en_1919
7130,57.164633238837375,44.35061136574631,8176,4,stroke_kai
7131,50.41420148661749,41.104278351687896,7334,3,stroke_nan
7132,58.61921886606834,26.856584707168526,5983,2,octagram
7133,57.45764140796409,44.28924972225902,8189,4,stroke_kai
7134,51.03696394661082,27.48664500487239,5871,2,octagram
7135,39.41031702893411,30.646676404946803,5677,2,octagram
7136,44.49693260562125,36.12430214986669,7524,3,stroke_nan
7137,40.19151148309061,28.52698620307167,5724,2,octagram
7138,27.11084028979967,38.62676704047027,10711,5,text_en_1919
7139,31.334100667493434,40.618057867876075,5458,2,octagram
7140,29.49383629543716,48.89512785032587,3815,1,inner_ring
7141,36.49377113799259,44.84265939363692,7213,3,stroke_nan
7142,39.07027783492148,45.39521143747008,7202,3,stroke_nan
7143,26.11805931843138,35.752371953545065,10752,5,text_en_1919
7144,24.58817121466047,34.15859517193296,10785,5,text_en_1919
7145,23.98001469453417,34.223151888938006,10776,5,text_en_1919
7146,31.170954886557166,29.46474248811895,3949,1,inner_ring
7147,52.020970391314776,9.58144145013758,2081,0,outer_ring
7148,44.69712026207341,8.76150352177409,1587,0,outer_ring
7149,59.82250797180251,19.85743553571409,4160,1,inner_ring
7150,50.69578926905787,15.386053685443203,1920,0,outer_ring
7151,40.84326122047909,27.809761184332128,5736,2,octagram
7152,59.29873526642222,15.93376822783484,11274,5,text_en_1919
7153,50.99772800919,20.296362382652866,11118,5,text_en_1919
7154,58.1767487211305,24.97320179807543,5955,2,octagram
7155,65.04014098077566,25.926573950522364,6143,2,octagram
7156,74.38211644711107,43.731370247800065,6418,2,octagram
7157,61.92186748838882,40.74624862946197,8297,4,stroke_kai
7158,66.65907363057987,50.7148616372774,7908,4,stroke_kai
7159,67.74746076466963,48.676787081995755,7938,4,stroke_kai
7160,65.70547379459127,57.673688431414085,7733,4,stroke_kai
7161,67.67040547287002,57.05245231601157,7751,4,stroke_kai
7162,59.25575089712259,59.001781705059315,7608,4,stroke_kai
7163,63.446355079337835,56.973329301943984,7753,4,stroke_kai
7164,43.55932429621893,82.2119891974455,8985,5,text_en_1919
7165,46.33875694233444,87.86531252741698,918,0,outer_ring
7166,45.09360210719202,90.29930809235125,953,0,outer_ring
7167,53.036245788130486,88.517738807934,420,0,outer_ring
7168,52.22955326707954,89.61967990964331,460,0,outer_ring
7169,52.90370581867673,86.87413166867863,435,0,outer_ring
7170,52.876767811305044,85.97128579456232,438,0,outer_ring
7171,52.008589396592676,90.24978069427931,476,0,outer_ring
7172,47.0881488356634,72.42675996546916,4927,2,octagram
7173,47.674713815508646,65.77863324804639,5034,2,octagram
7174,44.47836625762031,76.48518372172067,3598,1,inner_ring
7175,34.27212037501088,59.186512796139056,5130,2,octagram
7176,36.21260459241213,54.89158793828362,5189,2,octagram
7177,34.69757015971752,61.04602190800998,5114,2,octagram
7178,60.25552752666396,92.51673101437056,125,0,outer_ring
7179,66.70907621808828,85.80211419065695,8752,5,text_en_1919
7180,60.58137043866882,92.09322962382211,113,0,outer_ring
7181,70.09540521225756,88.10942887660502,8742,5,text_en_1919
7182,60.75005249274041,90.31385460422614,8606,5,text_en_1919
7183,68.92647560842386,84.0341506550672,8980,5,text_en_1919
7184,68.34085652554776,76.3079890294812,9328,5,text_en_1919
7185,76.39468372014726,80.29316681866513,9030,5,text_en_1919
7186,66.44515927647971,74.51021288896641,4693,2,octagram
7187,78.51896460481868,73.35887740690518,9418,5,text_en_1919
7188,75.59465230596813,61.340628065862994,4510,2,octagram
7189,81.79753309191213,63.10089861744599,9703,5,text_en_1919
7190,82.80947048764034,61.25621046204429,9713,5,text_en_1919
7191,85.27160464510126,61.07068481303304,9758,5,text_en_1919
7192,81.64986840947263,56.57261513413806,4425,2,octagram
7193,91.61805889518703,59.912364826545485,9781,5,text_en_1919
7194,92.5356632667544,52.63292530862599,10023,5,text_en_1919
7195,91.59668084483377,39.5642973430112,10535,5,text_en_1919
7196,95.73585137516179,49.17920255377588,10163,5,text_en_1919
7197,92.48201058224979,51.16402001074266,10039,5,text_en_1919
7198,61.58988738771746,33.16386371240193,8491,4,stroke_kai
7199,59.397703486798164,43.43834938124049,8203,4,stroke_kai
7200,63.124232418230726,56.35765025447914,7754,4,stroke_kai
7201,63.22126820537459,33.14464302590093,8500,4,stroke_kai
7202,81.62056544504703,39.23162101673969,10638,5,text_en_1919
7203,64.31415492114608,43.087212112370494,8229,4,stroke_kai
7204,72.3960930292368,26.85705675946151,4298,1,inner_ring
7205,80.71991516496286,45.2196220257494,10381,5,text_en_1919
7206,73.318547508238,59.555581247751796,4526,2,octagram
7207,67.37560929141024,29.850117880260974,6185,2,octagram
7208,64.22856985378321,22.182174404147162,6048,2,octagram
7209,58.659311490825225,16.385288760804336,11180,5,text_en_1919
7210,58.43364482240374,17.962325564914178,11058,5,text_en_1919
7211,50.70261031967336,5.683152727317526,1985,0,outer_ring
7212,54.46403503541738,10.778775239459787,2353,0,outer_ring
7213,59.807539566855326,4.65868016212059,2728,0,outer_ring
7214,54.70962941552655,6.240078694287015,2358,0,outer_ring
7215,46.833094337468296,8.872341504466513,1677,0,outer_ring
7216,54.38505452428183,9.461969595151242,2329,0,outer_ring
7217,45.161315901907585,9.080135605492565,1605,0,outer_ring
7218,60.499830811735016,12.422928164704718,2844,0,outer_ring
7219,63.68899577554424,4.2734933328028495,2912,0,outer_ring
7220,58.91791935177093,11.219022657866738,2729,0,outer_ring
7221,58.858989712091585,6.146763203502324,2671,0,outer_ring
7222,54.49817739138404,8.124555546607676,2341,0,outer_ring
7223,52.64745007653351,7.2000586841482885,2152,0,outer_ring
7224,50.91152448228689,9.821614253424181,1979,0,outer_ring
7225,56.78194207190401,7.85310697454755,2542,0,outer_ring
7226,61.08256993759344,2.8352357924416176,2781,0,outer_ring
7227,59.873123183879066,5.685996599760129,2739,0,outer_ring
7228,67.2442461524138,13.61697287612438,11010,5,text_en_1919
7229,64.34145980738053,8.961536515395865,2974,0,outer_ring
7230,69.94410972630794,10.123673437162811,3208,0,outer_ring
7231,80.27391133021874,36.871265229198066,10656,5,text_en_1919
7232,83.27623196198644,46.86642660113093,10293,5,text_en_1919
7233,62.40201043937582,3.9470660326067484,2860,0,outer_ring
7234,66.91529814059425,7.178775048784511,3069,0,outer_ring
7235,68.09582693281583,9.77998867308657,3156,0,outer_ring
7236,33.05835999772978,46.380400074761134,5398,2,octagram
7237,37.70286600527291,20.155889597656135,11154,5,text_en_1919
7238,91.39069730101622,54.04127904534825,9904,5,text_en_1919
7239,53.866576777408774,92.84473843067549,370,0,outer_ring
7240,42.533295347263646,91.45381196280242,1058,0,outer_ring
7241,42.050509451148635,89.68878160272797,1095,0,outer_ring
7242,52.8741456033642,90.60912665285755,423,0,outer_ring
7243,46.3749648386939,91.33405795458842,853,0,outer_ring
7244,38.76481875674048,88.6763424592635,1215,0,outer_ring
7245,41.95687415944879,89.5502234921574,1099,0,outer_ring
7246,42.17972273126092,88.50528931462773,1105,0,outer_ring
7247,34.48064832148184,82.07567842441445,1346,0,outer_ring
7248,34.5740193497038,84.28612098366227,1333,0,outer_ring
7249,38.63841280800505,73.78343687437776,3633,1,inner_ring
7250,32.92356474935638,71.8250974207513,3663,1,inner_ring
7251,19.462303652097123,74.11599096815777,1385,0,outer_ring
7252,23.279126285787076,65.99678719556738,9663,5,text_en_1919
7253,28.424541425234533,57.78878529547962,5228,2,octagram
7254,21.238635351482753,53.9768941239638,10154,5,text_en_1919
7255,27.28304141650319,52.83853951615959,3778,1,inner_ring
7256,22.908034965954286,50.742718978552055,10219,5,text_en_1919
7257,26.807744309719972,61.808376172151235,3725,1,inner_ring
7258,34.22566188348272,50.95525924631047,5332,2,octagram
7259,33.689812761231686,49.64301841513394,5344,2,octagram
7260,41.742192933475515,56.36116742823686,6712,3,stroke_nan
7261,40.351966020958855,48.58373054794921,6977,3,stroke_nan
7262,39.39864425831895,59.65963768390904,6664,3,stroke_nan
7263,49.885337841314445,55.758462954135595,6718,3,stroke_nan
7264,47.515929415872414,54.51734563256272,6775,3,stroke_nan
7265,58.88560099452547,68.08991030745682,4761,2,octagram
7266,62.00086405773558,67.46671540334388,4734,2,octagram
7267,60.24528118957647,66.20659918224759,4760,2,octagram
7268,65.14500877704474,78.79890625191045,9223,5,text_en_1919
7269,60.12729801674487,66.33462369071455,4759,2,octagram
7270,50.1717328124817,70.28656199179643,4890,2,octagram
7271,49.767241039621126,18.121979938667582,11024,5,text_en_1919
7272,49.12642837555879,47.73607544519928,7068,3,stroke_nan
7273,45.15321693419548,36.985380987917786,7488,3,stroke_nan
7274,49.47340716246588,34.877562907671326,7507,3,stroke_nan
7275,51.87021003733276,44.36253788699088,7205,3,stroke_nan
7276,45.13074758853156,25.991956961792972,5805,2,octagram
7277,35.73864138481807,31.844779786926185,5601,2,octagram
7278,34.45105232653697,34.89773481929089,5581,2,octagram
7279,29.885385169075377,33.950042785463786,3905,1,inner_ring
7280,31.255664182375707,36.03076861920505,5521,2,octagram
7281,28.02680354278702,39.16582512257199,3874,1,inner_ring
7282,26.7305396242594,42.264951190612734,10557,5,text_en_1919
7283,33.42366349263741,44.04052831355641,5417,2,octagram
7284,43.048834963831254,46.32595432012381,7145,3,stroke_nan
7285,21.052300894594097,39.383414688794,10662,5,text_en_1919
7286,31.71208845173317,34.28972226553168,5529,2,octagram
7287,28.211734481497693,24.05418831445408,10852,5,text_en_1919
7288,31.222712305639885,27.902003063086475,3960,1,inner_ring
7289,33.463554751143526,15.437285600046666,1430,0,outer_ring
7290,42.48303250784847,16.6252826300919,11116,5,text_en_1919
7291,45.03371722886261,17.941914634766547,11106,5,text_en_1919
7292,54.13220360231808,11.714449313372466,2310,0,outer_ring
7293,55.782890377191855,18.668920509430528,10996,5,text_en_1919
7294,51.567695373749935,34.752664177265736,7525,3,stroke_nan
7295,55.15499120880425,17.28058730105388,11041,5,text_en_1919
7296,61.49989601121869,22.24359102606222,6028,2,octagram
7297,60.40346636621775,23.24258713667988,6017,2,octagram
7298,63.52449933520985,46.23256159473198,8106,4,stroke_kai
7299,60.82553973631954,49.360714666415475,8015,4,stroke_kai
7300,59.073190017963036,47.712171088095495,8075,4,stroke_kai
7301,62.20997065211939,55.97066350994981,7798,4,stroke_kai
7302,67.21047932414639,53.67901287685404,7777,4,stroke_kai
7303,66.10529032864362,46.04005569820381,8102,4,stroke_kai
7304,70.80288315700868,69.1900619659612,4628,2,octagram
7305,61.56861761441527,50.561396597843704,7934,4,stroke_kai
7306,47.62110858202296,72.45227494370009,4921,2,octagram
7307,46.667921913159866,89.83344246623803,855,0,outer_ring
7308,51.90515012904471,85.46357347625883,509,0,outer_ring
7309,54.05703843423965,88.2801644306048,368,0,outer_ring
7310,58.77027128308747,87.3227364867532,155,0,outer_ring
7311,48.93208621684559,87.59353473632608,722,0,outer_ring
7312,47.54499778699452,75.39763583960713,3575,1,inner_ring
7313,51.49591891265844,81.58062020328224,8746,5,text_en_1919
7314,51.35841495494672,89.78864734050802,521,0,outer_ring
7315,48.65692147863996,89.87384974583615,716,0,outer_ring
7316,48.75616616777708,79.73592530558996,8971,5,text_en_1919
7317,30.06742695627578,60.86032177190562,5172,2,octagram
7318,32.69469727595523,61.90130747824293,5138,2,octagram
7319,37.982822394440355,58.755779914525085,6673,3,stroke_nan
7320,56.210761528454206,94.83393652691996,262,0,outer_ring
7321,60.092506161866936,92.70179454077054,130,0,outer_ring
7322,61.782361521492284,87.0184192686912,8719,5,text_en_1919
7323,62.79551576975988,91.520057310882,69,0,outer_ring
7324,69.14200273954398,85.14471181108603,8898,5,text_en_1919
7325,69.66814005521536,85.79886811713492,8866,5,text_en_1919
7326,68.32147854953362,80.2358229920615,9234,5,text_en_1919
7327,67.381731822091,72.05370023153587,3438,1,inner_ring
7328,79.46783226367577,69.1531953739899,9524,5,text_en_1919
7329,75.34886917298317,69.71753303052309,3389,1,inner_ring
7330,80.28246309164399,62.75212254662159,3343,1,inner_ring
7331,81.21364805252229,59.86112034231078,3326,1,inner_ring
7332,75.62222059221764,54.64144173085298,4470,2,octagram
7333,84.92962885659144,58.35959478747464,9826,5,text_en_1919
7334,76.72696413466987,55.16746507465,4457,2,octagram
7335,88.66122234649409,44.86201907573296,10392,5,text_en_1919
7336,84.87189334817016,50.840153888625885,3263,1,inner_ring
7337,90.726884009793,51.307488363762744,10054,5,text_en_1919
7338,97.2878487795086,62.02439466020412,9782,5,text_en_1919
7339,91.00242486898372,52.51884850918041,10032,5,text_en_1919
7340,52.413390964532596,40.87209589967042,7408,3,stroke_nan
7341,63.309262614639444,39.00049954969402,8331,4,stroke_kai
7342,68.61080217641405,39.64033443517638,8294,4,stroke_kai
7343,64.00826439579632,27.825282669992678,8556,4,stroke_kai
7344,61.67188292795788,33.59864631475739,8478,4,stroke_kai
7345,73.87815661126271,30.527494530075515,6276,2,octagram
7346,78.35471266453888,49.383149162234325,6508,2,octagram
7347,74.72871461167287,48.46256214025085,6485,2,octagram
7348,78.92097019482678,36.70769418629663,4372,1,inner_ring
7349,67.27065672809046,27.67337152139189,6165,2,octagram
7350,63.366117485829314,22.87950319585073,6058,2,octagram
7351,72.59672076710605,31.682565962852433,6266,2,octagram
7352,60.33870523023762,11.365537761878146,2824,0,outer_ring
7353,55.731567916567265,9.029891244501895,2461,0,outer_ring
7354,60.078918776785315,4.6323758370377925,2743,0,outer_ring
7355,47.643369150957646,14.581389587451456,11257,5,text_en_1919
7356,55.00655193344734,24.86996588124103,4132,1,inner_ring
7357,58.32416803465025,9.513699650927077,2660,0,outer_ring
7358,49.06101459827193,7.7340248823979785,1831,0,outer_ring
7359,56.37452753074764,7.2508013199699315,2509,0,outer_ring
7360,56.10629091969111,8.615720950679068,2491,0,outer_ring
7361,61.08669952224761,2.627673769123965,2780,0,outer_ring
7362,49.83957541292068,8.600380532166714,1894,0,outer_ring
7363,54.19683148152315,2.9736219417550305,2295,0,outer_ring
7364,50.28895646981556,9.87840769031207,1921,0,outer_ring
7365,46.620913207336876,6.531221468891252,1687,0,outer_ring
7366,47.909133857752146,8.622147403054388,1742,0,outer_ring
7367,55.47737763250993,10.508935268238377,2447,0,outer_ring
7368,54.828947156928706,9.209591262742554,2377,0,outer_ring
7369,60.678246181670744,3.080191327282812,2759,0,outer_ring
7370,64.64585891871975,14.15575596969878,11089,5,text_en_1919
7371,69.59051159078719,8.234692330216713,3187,0,outer_ring
7372,71.4457505091847,32.89767308378175,6253,2,octagram
7373,84.78085877414242,47.31391164238092,10294,5,text_en_1919
7374,76.53192259431762,34.011222534843455,6317,2,octagram
7375,71.78946328239539,7.116216052900006,3214,0,outer_ring
7376,67.96644914724024,7.231880995096331,3115,0,outer_ring
7377,70.27998856465796,7.876696587785505,3197,0,outer_ring
7378,36.747751361144616,17.64447208499113,11265,5,text_en_1919
7379,43.01371977409158,27.63534393581044,5742,2,octagram
7380,89.3792076504259,47.30507955063094,10207,5,text_en_1919
7381,45.65731750770331,87.9927829417853,952,0,outer_ring
7382,44.549528386538434,89.40888211096762,1003,0,outer_ring
7383,45.987380915891656,88.18575807778572,936,0,outer_ring
7384,61.28702890929755,93.36657347349949,97,0,outer_ring
7385,50.68024391634384,93.04424433815355,545,0,outer_ring
7386,45.36548604045938,92.29445665197214,917,0,outer_ring
7387,40.11525217048091,86.88141548753757,1195,0,outer_ring
7388,42.766695907027405,88.96092485733249,1078,0,outer_ring
7389,36.36383635598146,85.09854994577773,1301,0,outer_ring
7390,37.862720232273915,80.23219607452901,9226,5,text_en_1919
7391,34.42086517732848,70.72780976409678,3659,1,inner_ring
7392,30.883491694413966,67.47235201561183,3688,1,inner_ring
7393,25.220087925779325,67.79486480436461,9590,5,text_en_1919
7394,21.85961685857074,62.71861201286849,9776,5,text_en_1919
7395,25.15802079702641,59.467687333078736,3744,1,inner_ring
7396,20.113233330779938,54.56101141092433,10160,5,text_en_1919
7397,23.008093119160755,59.70433342594269,9900,5,text_en_1919
7398,19.078971978572245,52.24623111995851,10223,5,text_en_1919
7399,28.22897542257511,45.87818140171533,3834,1,inner_ring
7400,33.4794650009242,46.8532234662866,5390,2,octagram
7401,28.981984988166975,55.06976020190595,5249,2,octagram
7402,39.86197127583478,50.45648805916067,6924,3,stroke_nan
7403,44.85154331161001,44.654761754862314,7228,3,stroke_nan
7404,44.42048840455521,58.68989834688856,6633,3,stroke_nan
7405,50.89865064896862,48.58004386217939,7039,3,stroke_nan
7406,50.2330183578062,60.00827444216307,6621,3,stroke_nan
7407,55.48323857638454,75.63051413613452,9218,5,text_en_1919
7408,61.065393846817926,68.63655024933341,4730,2,octagram
7409,60.61652882473791,69.19421796137453,4731,2,octagram
7410,61.81658436906317,70.96749597820791,4712,2,octagram
7411,61.334917298630515,66.07467951483939,4747,2,octagram
7412,49.68910816492724,56.00166410544314,6705,3,stroke_nan
7413,52.15158554574344,43.77558412808123,7219,3,stroke_nan
7414,52.78805108109484,41.523421303639005,7412,3,stroke_nan
7415,45.807963893794955,37.22393429100973,7486,3,stroke_nan
7416,48.708968606010515,33.8689258727498,7527,3,stroke_nan
7417,46.592338784455585,45.29592109924832,7138,3,stroke_nan
7418,48.38520104155634,54.40960745435103,6798,3,stroke_nan
7419,44.47238204226219,26.16480321873856,5791,2,octagram
7420,61.16950851408731,21.733096856982787,4177,1,inner_ring
7421,33.91559639992582,34.34614052900832,5579,2,octagram
7422,30.68862204662892,33.63361801057398,3911,1,inner_ring
7423,21.54741156324132,42.393704933396066,10615,5,text_en_1919
7424,37.30621904557396,46.5269802129,7132,3,stroke_nan
7425,40.2352645390089,44.1715104068005,7225,3,stroke_nan
7426,39.402868623136705,50.81051006408818,6923,3,stroke_nan
7427,21.23799251006649,40.16077175981545,10623,5,text_en_1919
7428,23.757947678569263,35.48039218222475,10762,5,text_en_1919
7429,40.47860850873425,8.629667559605908,1514,0,outer_ring
7430,35.21738345042389,39.587865057189624,5444,2,octagram
7431,40.81547579910168,11.83005902371583,1500,0,outer_ring
7432,45.60832008276402,24.145324491089745,5799,2,octagram
7433,49.630163909150866,12.153555660819988,1840,0,outer_ring
7434,37.81984209727749,32.21295049392028,5616,2,octagram
7435,55.72003608014775,9.543168660498697,2462,0,outer_ring
7436,55.409583444962735,27.370043894560173,5939,2,octagram
7437,58.861834711129774,16.641379250051614,11173,5,text_en_1919
7438,54.79480784474396,24.338145097309795,4130,1,inner_ring
7439,63.03577102226846,50.63786472558868,7919,4,stroke_kai
7440,61.67261411115438,46.980015708798874,8083,4,stroke_kai
7441,65.27314342931395,48.77615995188956,7984,4,stroke_kai
7442,74.4433950926301,52.298973590883996,6514,2,octagram
7443,66.66007917654731,55.489663345557446,7805,4,stroke_kai
7444,74.15210514414755,57.301674011834,7720,4,stroke_kai
7445,71.18684028979867,56.003909961302526,7763,4,stroke_kai
7446,71.76370147763582,63.433532341346535,4564,2,octagram
7447,69.6383750859044,55.99871892647173,7817,4,stroke_kai
7448,46.74814372272366,81.82989531920894,986,0,outer_ring
7449,47.235714194741945,81.7394071275093,8601,5,text_en_1919
7450,53.18737425351343,83.21282588765874,8747,5,text_en_1919
7451,49.38018807361524,85.24597566867287,712,0,outer_ring
7452,53.1501488220469,83.3707276387359,8736,5,text_en_1919
7453,57.2311987637996,89.30396418710548,214,0,outer_ring
7454,57.18670187234515,83.70666183427664,8805,5,text_en_1919
7455,53.48276332821425,79.51249358588984,9046,5,text_en_1919
7456,49.352702416993374,70.57601847151973,4897,2,octagram
7457,46.19814202391218,70.90382442831745,4999,2,octagram
7458,47.57730202059817,73.24642057393045,4924,2,octagram
7459,26.76589944145865,60.78231156423466,3730,1,inner_ring
7460,37.12656201064703,59.67639166850153,6651,3,stroke_nan
7461,36.6728387042606,61.446650355779724,5103,2,octagram
7462,50.92319220817265,92.22544337463833,536,0,outer_ring
7463,60.01759412924165,86.0788759427717,8771,5,text_en_1919
7464,62.12242785580665,83.45788568672954,8884,5,text_en_1919
7465,59.73186662664155,83.57169977366485,8894,5,text_en_1919
7466,59.932632462361795,83.70384101847961,8883,5,text_en_1919
7467,67.06547100535768,89.91239547851995,27,0,outer_ring
7468,77.93404323341332,74.79504717672566,9402,5,text_en_1919
7469,82.81451536175497,73.28921047120085,9429,5,text_en_1919
7470,77.97060148098441,75.54442507609022,9398,5,text_en_1919
7471,75.21761651985007,72.45247098341461,3402,1,inner_ring
7472,81.25291481949944,67.97992808434472,9554,5,text_en_1919
7473,86.02791484271339,67.67465598222539,9529,5,text_en_1919
7474,73.39110644502338,58.77331491345943,4523,2,octagram
7475,82.86171188220078,57.80474644763974,3306,1,inner_ring
7476,84.81297361601492,57.63618948784383,9855,5,text_en_1919
7477,89.36467031686475,61.112164631790456,9744,5,text_en_1919
7478,89.3652472696142,58.533813847811864,9808,5,text_en_1919
7479,92.32857434614732,45.929581849776525,10252,5,text_en_1919
7480,95.41462311974126,40.50451148093251,10529,5,text_en_1919
7481,96.15184532220185,48.35758012093204,10172,5,text_en_1919
7482,57.188461308006254,31.025019132134688,5928,2,octagram
7483,60.53553688853784,41.58547981241286,8280,4,stroke_kai
7484,62.755792344716525,37.7524809405282,8378,4,stroke_kai
7485,58.12020430819862,25.543062644987778,5956,2,octagram
7486,59.744853837289476,39.25174151325582,8356,4,stroke_kai
7487,63.58114483234766,32.47141461769773,8509,4,stroke_kai
7488,76.74787843661416,50.95157172061283,6513,2,octagram
7489,84.73527931344482,35.69768171388006,10696,5,text_en_1919
7490,76.01438906889979,26.80099195349416,4316,1,inner_ring
7491,77.43564149298928,38.337532967358904,4380,1,inner_ring
7492,64.85236662958829,27.039745077882298,6155,2,octagram
7493,61.17907941763443,14.725483835656599,10984,5,text_en_1919
7494,64.06252308549143,12.028663414740397,11165,5,text_en_1919
7495,63.60193151301085,2.861436074365142,2899,0,outer_ring
7496,58.896491926255194,16.24138209793592,11208,5,text_en_1919
7497,52.89846277025484,5.795684955172535,2176,0,outer_ring
7498,53.44066308203627,15.190273558966489,2229,0,outer_ring
7499,53.81738054781707,5.628864919848702,2259,0,outer_ring
7500,50.835322803085425,10.62774523561898,1962,0,outer_ring
7501,55.6306298626966,10.538120455242051,2460,0,outer_ring
7502,58.20850368262728,6.8988396227733215,2632,0,outer_ring
7503,61.74313834431405,10.228426717265622,2878,0,outer_ring
7504,54.0888027647603,9.559559168420206,2301,0,outer_ring
7505,51.45631408676392,6.777030508932667,2040,0,outer_ring
7506,63.237686914638836,6.5084613030744976,2911,0,outer_ring
7507,49.49585064413032,10.736335050234931,1841,0,outer_ring
7508,52.12956915761851,7.842245561315748,2097,0,outer_ring
7509,58.29929824269269,8.240142325433522,2648,0,outer_ring
7510,58.06853140334147,14.822646382848562,11286,5,text_en_1919
7511,70.71593676488506,9.040551282839138,3212,0,outer_ring
7512,60.621456480668805,4.449691546164994,2769,0,outer_ring
7513,63.93960242087297,10.507339034457203,2967,0,outer_ring
7514,80.11826428419283,41.559320313916366,4405,1,inner_ring
7515,89.40031063745805,36.31031182156754,10677,5,text_en_1919
7516,88.25356328789391,22.081766510361188,3225,0,outer_ring
7517,68.87116401286714,12.777894247402719,11070,5,text_en_1919
7518,68.53695151217032,10.727698606362177,3190,0,outer_ring
7519,78.41207898603123,20.10687056054333,10825,5,text_en_1919
7520,36.893910822698096,18.868843840926196,11209,5,text_en_1919
7521,43.77722701433263,26.771597613415054,5790,2,octagram
7522,88.71554790110913,42.47278412673331,10430,5,text_en_1919
7523,42.48214823530585,91.60543510839236,1059,0,outer_ring
7524,48.69057708830838,93.65307425939349,665,0,outer_ring
7525,46.80675596037949,90.53948876827224,831,0,outer_ring
7526,52.96306687736306,92.21440792432433,415,0,outer_ring
7527,48.90846016902365,84.97390304512035,752,0,outer_ring
7528,43.04040824876299,88.69781433746817,1069,0,outer_ring
7529,37.663729105931445,88.72780517698585,1240,0,outer_ring
7530,38.11069502986674,89.37126751130717,1223,0,outer_ring
7531,40.59999084133331,82.25512427323751,8890,5,text_en_1919
7532,41.1181087994238,64.04136104352021,6601,3,stroke_nan
7533,30.08005688810815,80.59268761585683,1364,0,outer_ring
7534,25.213239055562564,67.21504235460512,9622,5,text_en_1919
7535,24.763168485890237,64.73461748727435,9690,5,text_en_1919
7536,24.091821721972966,72.00012989510432,9481,5,text_en_1919
7537,23.436612289503994,60.38324552253978,9867,5,text_en_1919
7538,22.188669746216238,58.004626074263285,9931,5,text_en_1919
7539,19.61936999303201,42.370953920157035,10634,5,text_en_1919
7540,24.4100076475594,54.34643982983895,10022,5,text_en_1919
7541,29.485879686849188,51.21468218962157,3794,1,inner_ring
7542,30.57731308878234,40.080521803786816,5464,2,octagram
7543,36.69777631883487,50.70669609026768,6954,3,stroke_nan
7544,38.13454716923767,53.41838155828628,6884,3,stroke_nan
7545,43.719622601674565,52.553623114091685,6864,3,stroke_nan
7546,45.64121603489905,55.20772019726552,6703,3,stroke_nan
7547,49.99224133711731,51.15161870204882,6844,3,stroke_nan
7548,58.38631109458667,58.94540274698685,7607,4,stroke_kai
7549,64.26820322222214,52.70860792363493,7892,4,stroke_kai
7550,57.534826170765925,54.050754138611,7746,4,stroke_kai
7551,53.97593044552291,68.15965298201768,4845,2,octagram
7552,55.73183678747969,63.668943769828054,4818,2,octagram
7553,57.05704812790676,74.16298420869688,3514,1,inner_ring
7554,65.82780394807759,57.47979665224645,7744,4,stroke_kai
7555,51.38734553228825,49.31932316991068,7006,3,stroke_nan
7556,56.54680458359222,50.27477432704962,7970,4,stroke_kai
7557,48.4312522216095,36.3782080919466,7542,3,stroke_nan
7558,49.75309759823613,43.298658986018964,7236,3,stroke_nan
7559,46.106839734401326,39.819724931873864,7405,3,stroke_nan
7560,50.100553348566855,20.682960910047104,10941,5,text_en_1919
7561,44.270413869780185,25.08954340422615,5789,2,octagram
7562,44.566994100079704,33.70254969742713,7544,3,stroke_nan
7563,32.826361904254746,34.54926191108138,5549,2,octagram
7564,31.769764207015253,43.237130731809025,5430,2,octagram
7565,27.473992752074345,38.15326220432069,10713,5,text_en_1919
7566,30.23698648935533,37.04677399473008,5498,2,octagram
7567,34.61588349425064,44.33795517003917,5408,2,octagram
7568,35.829284570117586,47.05545869286108,5370,2,octagram
7569,24.464776068037256,35.7807379867977,10769,5,text_en_1919
7570,30.691588664551944,36.25571994951182,5509,2,octagram
7571,30.606643981693974,36.037281429425015,5513,2,octagram
7572,39.00632918150874,7.922707466429245,1490,0,outer_ring
7573,38.75197503335096,22.47089836925935,10871,5,text_en_1919
7574,51.82295191738898,11.982695482973234,2052,0,outer_ring
7575,43.44526977866261,11.351946727896221,1548,0,outer_ring
7576,47.97029844643612,11.171108680795081,1723,0,outer_ring
7577,46.7243612370755,25.936729892273625,5817,2,octagram
7578,49.55217772789363,27.07123174203476,5849,2,octagram
7579,55.480678688008595,32.49877225714502,8563,4,stroke_kai
7580,57.72187033412195,29.76431070015352,5970,2,octagram
7581,57.67927532351963,42.358369566027996,8248,4,stroke_kai
7582,57.86480119538093,28.901804250890002,5974,2,octagram
7583,65.12613244283955,41.928491884522735,8281,4,stroke_kai
7584,69.37924230311701,46.754517887161015,6456,2,octagram
7585,61.59136481183701,58.09225828679848,7712,4,stroke_kai
7586,67.07753814979702,47.767965417922504,8011,4,stroke_kai
7587,66.66711166758876,60.71166592424314,7628,4,stroke_kai
7588,71.14710421385267,63.84624355127811,4574,2,octagram
7589,65.06855789287478,60.84247039274727,7613,4,stroke_kai
7590,45.932482495290046,77.66643113616162,3586,1,inner_ring
7591,46.35010054522059,89.59366839100457,890,0,outer_ring
7592,49.35586713214558,91.64542257331756,629,0,outer_ring
7593,55.88486499055737,82.01665271204082,8836,5,text_en_1919
7594,58.462777024880445,91.33249102543199,168,0,outer_ring
7595,55.24385676263255,87.65008200370572,303,0,outer_ring
7596,49.387791776380695,88.37744967870657,667,0,outer_ring
7597,45.9814909977296,90.04429377921066,909,0,outer_ring
7598,43.451774148821194,73.12660715057112,4985,2,octagram
7599,50.4711840895411,70.75721866108792,4888,2,octagram
7600,51.302243274938085,71.12215522848538,4885,2,octagram
7601,32.2807204138275,58.13110899891687,5198,2,octagram
7602,36.834130010166824,66.27132127457692,5069,2,octagram
7603,28.89035414427607,64.40008808125494,3708,1,inner_ring
7604,55.837292244189314,94.654787286391,278,0,outer_ring
7605,58.446176224546704,92.90119458290046,172,0,outer_ring
7606,70.14540295409478,89.20873248127178,11,0,outer_ring
7607,62.99489130685063,79.5380443448151,9061,5,text_en_1919
7608,70.47959096422791,82.48676170688643,9088,5,text_en_1919
7609,63.90479758276282,93.26559510249596,57,0,outer_ring
7610,75.10742674513084,78.26991426801825,9225,5,text_en_1919
7611,77.43445533478044,79.5307298397512,9236,5,text_en_1919
7612,78.51256696016615,77.72958376254807,9323,5,text_en_1919
7613,71.06429041604389,62.65634389544193,4562,2,octagram
7614,75.75074827917427,66.16000157593156,3367,1,inner_ring
7615,83.6786138934669,58.02165304678104,9835,5,text_en_1919
7616,78.72936753668536,54.959305687726925,4441,2,octagram
7617,79.5728133636815,58.842791221802955,3324,1,inner_ring
7618,85.88307818455799,66.63757105601047,9534,5,text_en_1919
7619,78.210229141861,49.629876254561175,6512,2,octagram
7620,89.17651511849947,49.89184037902168,10102,5,text_en_1919
7621,92.82710261599146,46.10843355639438,10227,5,text_en_1919
7622,95.3675159193465,38.861762895290795,10536,5,text_en_1919
7623,93.4597903590934,52.984970074417774,10019,5,text_en_1919
7624,52.5037029050298,20.102103155907376,11130,5,text_en_1919
7625,63.42868381427714,22.821020567945155,6055,2,octagram
7626,61.48447193681913,27.798923769414728,6083,2,octagram
7627,60.676483023318056,27.157169245973122,5999,2,octagram
7628,63.76195193500824,38.62392948218154,8338,4,stroke_kai
7629,68.13622661015803,44.38861271130173,6437,2,octagram
7630,75.27526469057861,37.61342378295863,6357,2,octagram
7631,80.62591967827336,43.82200040292179,10437,5,text_en_1919
7632,85.70420190358173,46.61268078136179,10332,5,text_en_1919
7633,71.52709998860824,47.24317898822332,6464,2,octagram
7634,66.65314835083629,16.796469329848577,10878,5,text_en_1919
7635,57.05852256230037,16.706688427714038,11151,5,text_en_1919
7636,57.417160736102666,7.3364450029378965,2583,0,outer_ring
7637,57.43109612485057,19.847703011929365,10956,5,text_en_1919
7638,56.87146543995138,17.276325148323327,11133,5,text_en_1919
7639,50.546368368054736,8.648549225708845,1951,0,outer_ring
7640,51.86252740864672,7.745502567972713,2078,0,outer_ring
7641,53.5782000639046,9.351066240621059,2243,0,outer_ring
7642,56.55832560889537,12.496063315106204,11335,5,text_en_1919
7643,52.302644324914986,5.967406054272654,2115,0,outer_ring
7644,60.279672831905884,8.44839221227074,2785,0,outer_ring
7645,58.59342494309782,10.32600941289266,2691,0,outer_ring
7646,53.75538691096226,8.48295700684591,2256,0,outer_ring
7647,49.69622541907987,9.242670881029309,1868,0,outer_ring
7648,49.06024487366235,12.032720097244384,1791,0,outer_ring
7649,45.520550947170385,3.2208996640872645,1663,0,outer_ring
7650,49.57576353030004,6.2347367207819495,1888,0,outer_ring
7651,52.577843799716426,9.615239400334936,2140,0,outer_ring
7652,57.58085930872021,3.517656089272957,2567,0,outer_ring
7653,70.19451000860849,6.763236251630378,3186,0,outer_ring
7654,59.62533897918355,12.579870746901664,11332,5,text_en_1919
7655,64.13763591922931,9.061622584174646,2964,0,outer_ring
7656,81.89848158374437,44.65211200253238,10402,5,text_en_1919
7657,69.61969086618465,33.39127710763614,6230,2,octagram
7658,69.43382217539035,25.754221127680815,6154,2,octagram
7659,68.04606122840214,5.508134239717371,3096,0,outer_ring
7660,64.80300838367022,15.61586685310648,10887,5,text_en_1919
7661,76.45922066063503,24.285090413091133,4302,1,inner_ring
7662,35.82913492427566,27.6590910717296,4001,1,inner_ring
7663,38.84191638322275,34.625914374804914,5623,2,octagram
7664,89.1316011186041,45.20097713295515,10374,5,text_en_1919
7665,45.54449448314179,92.44061944076832,902,0,outer_ring
7666,46.549393826686455,90.50872160045037,851,0,outer_ring
7667,43.16925024720274,85.93233214799825,1096,0,outer_ring
7668,49.958927776597676,97.8812693184984,559,0,outer_ring
7669,51.328947044051056,94.90168059585051,499,0,outer_ring
7670,40.21188368600945,92.56568136887722,1131,0,outer_ring
7671,38.21397842206528,88.34894630910564,1230,0,outer_ring
7672,38.653328968801596,89.30353121152365,1211,0,outer_ring
7673,39.76589133412371,86.63338876792645,1207,0,outer_ring
7674,32.84270476343775,74.63011048136089,9400,5,text_en_1919
7675,36.687505045857215,70.34554239307664,5049,2,octagram
7676,30.291813113417486,73.58742178593599,9474,5,text_en_1919
7677,26.14451234927106,77.78272386004198,1375,0,outer_ring
7678,22.180978636508517,64.2721896878358,9699,5,text_en_1919
7679,22.72386164401972,63.963221523327185,9695,5,text_en_1919
7680,18.70110617126881,56.85492430950255,9964,5,text_en_1919
7681,21.87038999051474,49.0981953895399,10399,5,text_en_1919
7682,26.45884285560815,52.23737619551357,3785,1,inner_ring
7683,36.72849911750646,41.91541736280917,7342,3,stroke_nan
7684,27.56515123642123,47.95401585570633,3822,1,inner_ring
7685,35.37530013842094,48.05670179993954,5367,2,octagram
7686,37.946710230015405,50.28956014343951,6971,3,stroke_nan
7687,38.777398120301086,42.341028424278605,7325,3,stroke_nan
7688,50.80143787408471,49.28606844022513,7015,3,stroke_nan
7689,48.65095556591424,51.78408101097178,6858,3,stroke_nan
7690,50.85356798927572,37.622914867579304,7475,3,stroke_nan
7691,52.54284235170009,55.69096701103439,6679,3,stroke_nan
7692,60.24799071769363,72.06312075134427,3484,1,inner_ring
7693,58.37854017219522,69.62501116949444,4753,2,octagram
7694,61.694610058220405,74.23769410820675,3475,1,inner_ring
7695,58.408384253283735,71.25883191797269,3496,1,inner_ring
7696,56.8273900657459,69.2028748455866,4795,2,octagram
7697,55.50687777363792,70.16773440831837,3522,1,inner_ring
7698,50.43842197758356,53.089797003546934,6819,3,stroke_nan
7699,45.40951693828598,42.153898211922176,7320,3,stroke_nan
7700,43.88571436958488,40.042543884469055,7388,3,stroke_nan
7701,46.14436175299558,43.984929685316274,7242,3,stroke_nan
7702,50.9598405937429,26.994083602436152,5867,2,octagram
7703,45.202332867268694,37.01594043689816,7487,3,stroke_nan
7704,45.82135696182739,26.434220357050588,5807,2,octagram
7705,33.287016870339286,33.48647538917535,5572,2,octagram
7706,28.04674742043765,42.76135876127468,10569,5,text_en_1919
7707,25.550785869448365,44.92362719045284,10552,5,text_en_1919
7708,33.63429653154855,47.35007742217392,5378,2,octagram
7709,35.266788513812095,44.391250980590286,5401,2,octagram
7710,45.46924357699682,52.24480504062975,6866,3,stroke_nan
7711,25.56602672359152,40.69471531691164,10603,5,text_en_1919
7712,29.12877363532208,34.15192169543587,3899,1,inner_ring
7713,29.079549008732585,28.311177752544033,10803,5,text_en_1919
7714,27.893296553380907,44.42638507002185,10538,5,text_en_1919
7715,43.979755747737784,22.236380881675064,4065,1,inner_ring
7716,43.90698206842258,12.399556065009767,1552,0,outer_ring
7717,40.24776306301929,8.726761908686536,1509,0,outer_ring
7718,39.718757783829105,17.718023629282072,11280,5,text_en_1919
7719,47.596667866241965,20.815673368178828,10939,5,text_en_1919
7720,53.28441823163178,29.129728452094668,5887,2,octagram
7721,60.186883581654286,23.971036870298366,6014,2,octagram
7722,58.91786184187232,27.089526176379536,5990,2,octagram
7723,55.51827797256972,56.09659577626039,7676,4,stroke_kai
7724,62.039131259894724,44.74375053164005,8159,4,stroke_kai
7725,62.23932707141974,43.42539751434063,8232,4,stroke_kai
7726,62.78563996412501,51.12856199370729,7905,4,stroke_kai
7727,67.47192256033911,44.56329236304518,6447,2,octagram
7728,63.2496444109622,50.796301793297474,7906,4,stroke_kai
7729,69.92579017248096,65.60774642413627,4595,2,octagram
7730,62.591696495761504,56.305082640902754,7799,4,stroke_kai
7731,59.61415699206576,57.991926800725246,7618,4,stroke_kai
7732,43.45373230877857,72.06418193675269,4993,2,octagram
7733,45.76104906217702,83.68728888382891,8812,5,text_en_1919
7734,48.38915729944915,81.15047258559505,8666,5,text_en_1919
7735,51.687163740704065,92.1239443785002,487,0,outer_ring
7736,54.78649548599742,90.14286453773929,322,0,outer_ring
7737,53.78610707247683,90.55208832035683,376,0,outer_ring
7738,55.38348749276467,81.92840863225499,8860,5,text_en_1919
7739,50.174436592307124,84.57098848494725,633,0,outer_ring
7740,49.95984395511206,81.79781913852204,8656,5,text_en_1919
7741,50.12743977957576,78.59365022292805,9105,5,text_en_1919
7742,46.94467064081066,71.77168484419043,4920,2,octagram
7743,29.925450845434842,56.99548016889398,5218,2,octagram
7744,30.46256429433353,66.13254628046155,3695,1,inner_ring
7745,29.946120274276613,63.60446983522449,3710,1,inner_ring
7746,60.94351940583453,90.42333530974894,8593,5,text_en_1919
7747,62.22919477834674,90.1954933314855,8589,5,text_en_1919
7748,63.66222333420147,92.54488256321564,60,0,outer_ring
7749,63.216996165929544,89.52005483108722,8607,5,text_en_1919
7750,73.26837146867055,83.11927520721783,8996,5,text_en_1919
7751,65.12451048527677,76.8850088106313,9265,5,text_en_1919
7752,67.534918381214,78.59046041218797,9282,5,text_en_1919
7753,70.3367509443884,67.32552272145578,4612,2,octagram
7754,80.23349057974387,77.15790366481909,9345,5,text_en_1919
7755,79.8296750066563,69.23327961394233,9498,5,text_en_1919
7756,78.69833318531161,66.11283223512565,3358,1,inner_ring
7757,71.73328821621593,61.883475460837964,4552,2,octagram
7758,86.66559163524543,59.74873741724392,9772,5,text_en_1919
7759,86.2671298361831,57.5306905717187,9820,5,text_en_1919
7760,79.0021513346084,50.04210289600886,6520,2,octagram
7761,83.4158790604326,52.78940825777753,3284,1,inner_ring
7762,92.9078159150239,47.84788307735649,10166,5,text_en_1919
7763,86.8313970188519,53.54566173562597,9970,5,text_en_1919
7764,92.29546620623488,43.602067411499426,10451,5,text_en_1919
7765,88.92487482545536,45.06316715491422,10355,5,text_en_1919
7766,72.8002633892277,42.931414870492816,6414,2,octagram
7767,62.0756796147328,28.631434973437308,6087,2,octagram
7768,64.7954595609138,44.78428122461502,8141,4,stroke_kai
7769,63.7449530803332,36.402764255495,8427,4,stroke_kai
7770,67.82075818565811,29.488266104909933,6191,2,octagram
7771,64.56279657585057,33.86397015146658,8447,4,stroke_kai
7772,79.55274508379509,53.06580454508013,6551,2,octagram
7773,65.75417983086767,39.27394187701098,8308,4,stroke_kai
7774,65.25714993884031,29.114871745997746,8552,4,stroke_kai
7775,75.9171823822228,33.58084289287327,6319,2,octagram
7776,68.38326021280258,27.10068705400082,6159,2,octagram
7777,57.10493884668088,9.591647821960523,2575,0,outer_ring
7778,66.65617077490919,15.227495190218168,10945,5,text_en_1919
7779,62.32242379358475,8.920835932150709,2895,0,outer_ring
7780,49.918302388154146,10.51920679648517,1884,0,outer_ring
7781,54.08694761664778,6.826492212036872,2291,0,outer_ring
7782,50.8976797716531,6.538888895434516,1999,0,outer_ring
7783,48.987939211159514,10.820217957941876,1802,0,outer_ring
7784,49.19231718597419,3.346635913962155,1875,0,outer_ring
7785,60.85175495258265,5.910427802260587,2805,0,outer_ring
7786,58.66584532297372,5.1871383388258705,2651,0,outer_ring
7787,57.73382795094881,9.757769124987801,2618,0,outer_ring
7788,54.4446490681749,6.520549802895066,2326,0,outer_ring
7789,46.885178493258046,8.870086407551346,1681,0,outer_ring
7790,49.89878981333715,6.39991562311494,1916,0,outer_ring
7791,58.130928604921564,2.688547490424487,2603,0,outer_ring
7792,42.32141817796129,15.117364883636373,1513,0,outer_ring
7793,54.979815249816625,4.090645279380549,2371,0,outer_ring
7794,59.1920592900099,9.63476279908392,2732,0,outer_ring
7795,63.30914294796043,7.623921074548512,2925,0,outer_ring
7796,63.56655550456577,10.901621828573704,2959,0,outer_ring
7797,65.20835207560513,4.8526711537681555,2968,0,outer_ring
7798,66.07523825772928,38.155343167093136,8348,4,stroke_kai
7799,72.02444821083088,28.32829479141971,6242,2,octagram
7800,84.24311562444687,39.625164232808814,10651,5,text_en_1919
7801,68.3142909418163,6.51007084712051,3119,0,outer_ring
7802,74.68186575509009,12.913418407952642,10853,5,text_en_1919
7803,77.7620442228384,37.20480527817005,4374,1,inner_ring
7804,44.008479197395445,7.304110808896561,1577,0,outer_ring
7805,42.58834119818904,23.760057899426084,5777,2,octagram
7806,91.73307095640008,46.939479261431465,10193,5,text_en_1919
7807,53.23205876424992,96.34491104384492,391,0,outer_ring
7808,44.63112243464234,93.27251765504141,945,0,outer_ring
7809,44.59192317738079,91.66286259864,961,0,outer_ring
7810,55.24281007546997,92.99975146186424,302,0,outer_ring
7811,48.48137131019379,90.85212133138943,718,0,outer_ring
7812,45.163287190501684,87.23494227992605,997,0,outer_ring
7813,39.25478814418544,89.04798349207807,1196,0,outer_ring
7814,39.79648078344946,86.34541729054139,1210,0,outer_ring
7815,33.021907839489465,85.70270190975866,1340,0,outer_ring
7816,41.749018654403244,74.56018657281012,3614,1,inner_ring
7817,35.28333487261534,85.25781900455114,1318,0,outer_ring
7818,28.460230472345152,79.61027041864814,1372,0,outer_ring
7819,26.812032168934376,72.1154077741637,9552,5,text_en_1919
7820,29.964414032918956,75.92573353379433,9387,5,text_en_1919
7821,19.81846478364754,57.90291039101215,9935,5,text_en_1919
7822,28.884693910454708,53.19939054630137,3773,1,inner_ring
7823,20.967782020206034,50.529882752203235,10203,5,text_en_1919
7824,22.754032722516673,46.652502306349824,10476,5,text_en_1919
7825,23.787812844373576,52.48129482863331,10148,5,text_en_1919
7826,32.61973250036246,53.47961946027935,5286,2,octagram
7827,39.82628540005023,53.25419918064696,6836,3,stroke_nan
7828,39.586942268104735,50.30685317916814,6941,3,stroke_nan
7829,45.78618325364758,50.74195348190603,6980,3,stroke_nan
7830,53.60117437027368,50.703074644056834,6694,3,stroke_nan
7831,40.2058346739927,60.82021534080226,6603,3,stroke_nan
7832,63.35373288626962,68.11792076580788,4663,2,octagram
7833,50.62670579404679,58.85844817629679,6645,3,stroke_nan
7834,53.95428211895082,65.50044959480638,4840,2,octagram
7835,60.23092050490896,78.328082188144,9111,5,text_en_1919
7836,61.21705543017658,70.75520054721112,4720,2,octagram
7837,53.401261482484955,74.20009542561546,3533,1,inner_ring
7838,55.1120422807876,66.64660096452799,4813,2,octagram
7839,56.26449430666918,58.025361054950224,7633,4,stroke_kai
7840,53.54825556961847,43.58254425260755,7378,3,stroke_nan
7841,40.31373847034136,32.65996854965536,5649,2,octagram
7842,45.25922776308334,44.40204961469112,7227,3,stroke_nan
7843,52.75409375240319,40.378689205384596,7424,3,stroke_nan
7844,50.1683058218778,41.570806799025355,7316,3,stroke_nan
7845,44.03684876822364,47.014629552093886,7119,3,stroke_nan
7846,37.06676222794496,11.628720297218779,1452,0,outer_ring
7847,38.65957029602322,28.685046820983864,5710,2,octagram
7848,25.101011166084174,39.496775963509606,10618,5,text_en_1919
7849,25.795303456174434,38.30720611202554,10721,5,text_en_1919
7850,30.55288049134039,39.99552707031012,5467,2,octagram
7851,36.88794396319068,48.23537616285312,7031,3,stroke_nan
7852,37.430133295265215,54.20161898244719,6801,3,stroke_nan
7853,25.370424853761552,44.61525866709405,10556,5,text_en_1919
7854,29.661434050238785,41.09068423297102,3865,1,inner_ring
7855,29.437880615996182,26.953855649267414,10822,5,text_en_1919
7856,26.014612161534245,21.23003352467876,1412,0,outer_ring
7857,35.915371639386834,25.767496923431693,4011,1,inner_ring
7858,40.884446880041146,5.9292972519667835,1529,0,outer_ring
7859,46.56654215632355,18.871492452097613,10960,5,text_en_1919
7860,52.20937779929279,26.110148946365996,4107,1,inner_ring
7861,51.255710885632006,34.25492029640635,7546,3,stroke_nan
7862,56.83786411327104,6.886764079935488,2540,0,outer_ring
7863,47.43160731227001,22.263726899942128,4079,1,inner_ring
7864,52.50237212004292,40.09429563030175,7434,3,stroke_nan
7865,54.8661877479301,46.128928691206944,8268,4,stroke_kai
7866,55.66121101442314,22.227053055338956,4134,1,inner_ring
7867,64.76896719937936,48.413272482909676,8016,4,stroke_kai
7868,68.47778079118629,46.844747267698004,6451,2,octagram
7869,64.03354216807867,48.27995696178758,8034,4,stroke_kai
7870,64.36764634875433,48.75215420254304,8018,4,stroke_kai
7871,64.66546586198915,55.568928143330226,7826,4,stroke_kai
7872,61.852545657141675,51.04547374784995,7882,4,stroke_kai
7873,62.30059459276075,83.35879271579482,8919,5,text_en_1919
7874,48.55342603703808,78.84046269473333,9215,5,text_en_1919
7875,44.93124502960617,88.01611095538885,1002,0,outer_ring
7876,51.41904350459302,90.92539382827935,512,0,outer_ring
7877,52.106238197986016,89.80295044122867,471,0,outer_ring
7878,52.535759900808,90.28840250543799,445,0,outer_ring
7879,51.28972271794374,88.14106629182278,538,0,outer_ring
7880,46.376955306488924,71.26554375607628,4988,2,octagram
7881,50.692670707346075,80.02217782729213,8947,5,text_en_1919
7882,51.52060266692941,75.70438794267776,3550,1,inner_ring
7883,47.41565592537041,74.61199455551434,4939,2,octagram
7884,43.89862065907184,62.695763203696444,6598,3,stroke_nan
7885,23.197898088550197,61.87481112478287,9829,5,text_en_1919
7886,31.24855341712946,67.65697217428009,3685,1,inner_ring
7887,28.226699879290635,57.89643875894479,3746,1,inner_ring
7888,61.26579000011751,95.58592113769951,104,0,outer_ring
7889,60.90732876490109,89.35149827787546,8633,5,text_en_1919
7890,59.235907005974475,89.87972725006851,149,0,outer_ring
7891,68.77498477034113,91.54690520341151,17,0,outer_ring
7892,69.81741870230468,91.03909077353462,15,0,outer_ring
7893,65.96819728927835,71.71759212300542,4681,2,octagram
7894,65.27155478075734,86.01515420740326,8806,5,text_en_1919
7895,67.93278529114328,75.42881801098899,9337,5,text_en_1919
7896,74.00262027620686,71.26768533155352,3404,1,inner_ring
7897,70.20691753599635,62.8400514958205,4567,2,octagram
7898,72.63995836997408,61.73184655205741,4543,2,octagram
7899,74.77274895304868,62.970094071231124,4527,2,octagram
7900,81.7118338994844,52.53974088031298,6556,2,octagram
7901,79.25561946696948,57.41633461533438,4445,2,octagram
7902,82.38919022161562,68.04343780855795,9563,5,text_en_1919
7903,85.98342409406456,47.786372708071696,3242,1,inner_ring
7904,92.6015864977149,42.96920268977642,10481,5,text_en_1919
7905,91.89032553492169,61.27193402025987,9735,5,text_en_1919
7906,95.73229876392688,45.69046861882369,10228,5,text_en_1919
7907,89.26299418258668,61.72688122528155,9732,5,text_en_1919
7908,62.70999989236824,22.06484207560355,6038,2,octagram
7909,60.40612637831883,44.629433826610104,8172,4,stroke_kai
7910,50.44953105594205,35.40087246094001,7514,3,stroke_nan
7911,74.04746087257871,39.34000676033191,6382,2,octagram
7912,64.09902939774511,18.680474240759505,6042,2,octagram
7913,65.2851345331218,36.06142917101814,8420,4,stroke_kai
7914,74.57947381431076,35.17478247397863,6326,2,octagram
7915,76.33292093534774,28.077292173972175,4325,1,inner_ring
7916,72.63300161987156,40.45161115974575,6395,2,octagram
7917,62.63698895880237,25.58210873325238,6073,2,octagram
7918,66.30222207868101,6.903347295959534,3039,0,outer_ring
7919,60.86532295756008,18.914595670489085,4169,1,inner_ring
7920,58.28450143101982,17.99546771242308,11066,5,text_en_1919
7921,58.4092748056007,10.759045892932882,2680,0,outer_ring
7922,60.029192885424465,9.518603586184515,2779,0,outer_ring
7923,55.599352915353656,6.7015537736268325,2437,0,outer_ring
7924,46.49850808848813,8.423970902880123,1667,0,outer_ring
7925,43.894083421177676,11.665293390793977,1554,0,outer_ring
7926,48.610777914040696,8.745845715283409,1783,0,outer_ring
7927,56.08145046972522,4.7711469630832894,2469,0,outer_ring
7928,62.60681204807769,8.463457274768459,2903,0,outer_ring
7929,61.398156397277425,8.503014919898371,2849,0,outer_ring
7930,55.57939861929997,7.285801646248875,2439,0,outer_ring
7931,52.54147409189784,7.339484959022589,2141,0,outer_ring
7932,53.478184234676576,10.546574306490605,2231,0,outer_ring
7933,55.32398173662012,4.968662095328545,2406,0,outer_ring
7934,55.9468818245508,8.789628645613714,2477,0,outer_ring
7935,52.45930293488865,6.965505492371038,2130,0,outer_ring
7936,54.977615159622346,9.442147588734,2395,0,outer_ring
7937,58.50094572200449,6.783316587721191,2653,0,outer_ring
7938,61.510110433772624,10.140567143789031,2868,0,outer_ring
7939,62.37100581194892,2.193735889865428,2845,0,outer_ring
7940,74.23648561818533,39.626893689827796,6384,2,octagram
7941,84.99396666824873,36.93376272251301,10687,5,text_en_1919
7942,79.49316786453558,32.59951494879557,4349,1,inner_ring
7943,68.97120611330787,5.2411170041044395,3128,0,outer_ring
7944,58.36005732142957,13.142658853558858,11317,5,text_en_1919
7945,83.5526529545079,14.561787149941964,10854,5,text_en_1919
7946,45.770371026481826,18.848480514249815,11001,5,text_en_1919
7947,37.841390220517894,24.9700278409643,4026,1,inner_ring
7948,95.4583302479487,51.87677214008265,10025,5,text_en_1919
7949,42.880434489562006,89.90977670274086,1065,0,outer_ring
7950,46.72402534965729,92.41067425033117,819,0,outer_ring
7951,42.61122890736937,89.05368632505416,1084,0,outer_ring
7952,53.48067017363826,88.69148216959094,396,0,outer_ring
7953,51.42835773090932,93.82807375298265,496,0,outer_ring
7954,47.52094276774241,89.47571841042249,802,0,outer_ring
7955,40.56590429542126,88.2625918092931,1169,0,outer_ring
7956,42.187043396971944,76.26590760172317,3609,1,inner_ring
7957,38.49292941776331,84.75843483170924,1258,0,outer_ring
7958,35.382126032474325,82.98776920339046,1332,0,outer_ring
7959,38.62706541185141,54.7856454336982,6799,3,stroke_nan
7960,34.52116901483151,62.66903934097523,5108,2,octagram
7961,26.11270791050146,68.63839607200667,9602,5,text_en_1919
7962,24.560374300698097,67.49099015697026,9589,5,text_en_1919
7963,23.21883741845539,63.409192134300824,9700,5,text_en_1919
7964,20.250352587729626,62.33579219845644,9733,5,text_en_1919
7965,23.4188316323324,53.66928124900453,10141,5,text_en_1919
7966,23.467511007515945,50.66124944363831,10212,5,text_en_1919
7967,29.559191430702352,58.214418762577196,5222,2,octagram
7968,34.38012488470575,45.54703391154922,5399,2,octagram
7969,31.69909903876008,55.116720849946745,5265,2,octagram
7970,43.97757780309899,53.18951638037976,6814,3,stroke_nan
7971,45.499922299544075,52.31457643483197,6867,3,stroke_nan
7972,42.515130002515924,52.415727966859045,6885,3,stroke_nan
7973,41.08684028884297,72.57028409230855,3625,1,inner_ring
7974,50.058280517058385,57.357234607418725,6677,3,stroke_nan
7975,57.21116673433642,67.9365033955992,4797,2,octagram
7976,59.07722741911718,77.95065387193009,9137,5,text_en_1919
7977,65.33876353257122,71.08393108208993,4680,2,octagram
7978,55.212689475019026,75.63906810637137,9206,5,text_en_1919
7979,61.21959907439256,80.69482089024055,9014,5,text_en_1919
7980,62.26721100158912,77.82601033061295,9254,5,text_en_1919
7981,47.365219305573746,53.813169413427524,6786,3,stroke_nan
7982,57.451212290526456,45.44355146095236,8130,4,stroke_kai
7983,51.29240620436463,39.50091232468335,7426,3,stroke_nan
7984,52.54364791537881,36.30497300763195,7505,3,stroke_nan
7985,49.608777525229605,44.579203987019135,7189,3,stroke_nan
7986,44.25490902780798,11.774963400019905,1563,0,outer_ring
7987,44.567173163129056,30.088938218567556,5713,2,octagram
7988,41.570841178953955,28.582781997520392,5728,2,octagram
7989,32.89550680545245,41.15598099020579,5443,2,octagram
7990,34.58454714990856,30.327639756013983,3968,1,inner_ring
7991,31.376333098247922,37.73325681946994,5484,2,octagram
7992,28.964042935153362,44.58726720017715,3845,1,inner_ring
7993,44.32709034360258,43.98034054284814,7235,3,stroke_nan
7994,34.43570860698865,60.54814416082877,5117,2,octagram
7995,31.356301385444052,33.32783363866982,3918,1,inner_ring
7996,26.1718916932842,39.54701591252619,10642,5,text_en_1919
7997,26.822260865739185,44.43183202970039,10541,5,text_en_1919
7998,30.88832457113534,37.28861576617337,5489,2,octagram
7999,34.99741920548462,6.221936005135266,1455,0,outer_ring
8000,40.594765381251754,25.4271466522535,5761,2,octagram
8001,43.7573934711045,25.178339200300105,5787,2,octagram
8002,54.98449387029667,30.35827738107378,5922,2,octagram
8003,48.135413240096575,27.56868496398479,5830,2,octagram
8004,49.7434111195307,37.892763393740644,7402,3,stroke_nan
8005,50.191592037866954,36.94652209089964,7476,3,stroke_nan
8006,64.56255970819696,29.813591671803536,8546,4,stroke_kai
8007,58.83044969818766,43.55414353744118,8205,4,stroke_kai
8008,55.74941752434077,47.17769454330716,8098,4,stroke_kai
8009,59.71817416281525,42.19853232910614,8258,4,stroke_kai
8010,81.89614680277437,47.23377688912783,10292,5,text_en_1919
8011,69.40374783601273,46.252147577991586,6450,2,octagram
8012,72.69377820275439,56.144394873718916,4481,2,octagram
8013,68.84727378166087,62.56951099221033,7605,4,stroke_kai
8014,68.86454436088621,53.625495927473764,7784,4,stroke_kai
8015,65.2835492365549,73.32828867844206,4689,2,octagram
8016,47.99658369173401,79.74048021300814,8857,5,text_en_1919
8017,47.54370134708431,85.37775913869706,859,0,outer_ring
8018,44.304644141004985,78.63806271345872,3595,1,inner_ring
8019,54.44960471951534,90.88181392094404,341,0,outer_ring
8020,54.3408625616593,84.58194310351399,8658,5,text_en_1919
8021,57.98928317814904,92.02753008967797,187,0,outer_ring
8022,54.92048457229276,85.73495627398682,8586,5,text_en_1919
8023,45.11221728135414,76.2349422765344,4957,2,octagram
8024,53.49723950755037,78.94769601778715,9082,5,text_en_1919
8025,50.15334560415945,86.67280637710768,612,0,outer_ring
8026,50.21215357289983,82.99863152949958,8590,5,text_en_1919
8027,34.7131631304301,55.558303457943246,5185,2,octagram
8028,37.09998441059179,68.66954830637347,5055,2,octagram
8029,28.825700825689637,60.48645876858976,5181,2,octagram
8030,54.347926816061744,93.10600597590785,345,0,outer_ring
8031,61.38305424373538,93.748740547592,96,0,outer_ring
8032,63.134166909616816,89.50863497968663,8627,5,text_en_1919
8033,61.96472030100494,87.81937576375574,8672,5,text_en_1919
8034,67.04145581289086,91.96316700149416,31,0,outer_ring
8035,69.89825683003059,83.64849841724508,8994,5,text_en_1919
8036,78.53993618542334,76.97248211092473,9329,5,text_en_1919
8037,74.06271018240699,76.93683304319428,9300,5,text_en_1919
8038,80.58683984334233,72.01452492618202,9469,5,text_en_1919
8039,79.95163011420398,62.36723380545422,3340,1,inner_ring
8040,81.03470682825422,64.72060607639297,9672,5,text_en_1919
8041,76.09750825627302,62.64435822825023,4511,2,octagram
8042,79.2289849691242,58.988441114402136,3328,1,inner_ring
8043,76.95092153120062,51.75229806633811,6526,2,octagram
8044,86.1205867484374,49.021234837327086,10137,5,text_en_1919
8045,89.68583080819684,50.0520360707374,10094,5,text_en_1919
8046,92.01397660367849,46.08476342799666,10233,5,text_en_1919
8047,83.95224479112535,48.86446858993002,3250,1,inner_ring
8048,92.67774114278787,50.45541939801106,10066,5,text_en_1919
8049,86.8723571042241,36.39923260990967,10704,5,text_en_1919
8050,55.202670991140096,27.56108003513425,5932,2,octagram
8051,50.80091320707054,20.945481906193468,11095,5,text_en_1919
8052,72.12243780256345,59.707469110909805,4542,2,octagram
8053,63.94005735399723,52.58089946529426,7898,4,stroke_kai
8054,71.53744195683966,31.546775484636697,6250,2,octagram
8055,70.32760973039849,23.294548956317932,4266,1,inner_ring
8056,80.93351065403623,42.605532361456895,10454,5,text_en_1919
8057,65.8429979616689,34.3344448519215,8444,4,stroke_kai
8058,64.70659405734514,32.15560305953229,8523,4,stroke_kai
8059,63.237149513425194,19.57595737244314,4192,1,inner_ring
8060,73.80884121815458,35.50302207662526,6328,2,octagram
8061,63.73597900751676,30.17156173829747,8535,4,stroke_kai
8062,60.88927464235288,20.603615129947855,4172,1,inner_ring
8063,49.79163477108385,17.133176274575828,11216,5,text_en_1919
8064,60.86009082562745,10.074300928923165,2840,0,outer_ring
8065,53.623317820360576,9.3162419738836,2246,0,outer_ring
8066,48.17592324647167,7.15011921685948,1768,0,outer_ring
8067,47.54855072268749,8.40270711957446,1722,0,outer_ring
8068,50.39435931698324,6.444231621990634,1950,0,outer_ring
8069,50.02857758076936,8.653566092779942,1909,0,outer_ring
8070,58.07111211977113,5.886730518015173,2615,0,outer_ring
8071,56.2358542267057,11.899857542888011,11359,5,text_en_1919
8072,48.59977427381147,12.797923254886442,11351,5,text_en_1919
8073,58.6654200652393,5.50591076411388,2654,0,outer_ring
8074,49.538563850575514,9.417131115023214,1856,0,outer_ring
8075,55.1091281327136,2.1622907735420864,2375,0,outer_ring
8076,50.75023403540042,8.853720935905445,1965,0,outer_ring
8077,54.25460457646649,8.970171844278074,2315,0,outer_ring
8078,58.50618214321542,5.464167070213,2641,0,outer_ring
8079,59.88876853083143,4.025311100553397,2727,0,outer_ring
8080,64.91196942887174,7.445201962138237,2979,0,outer_ring
8081,69.28029448763704,20.322282568728784,4240,1,inner_ring
8082,79.01282255924076,33.652884857617096,4358,1,inner_ring
8083,79.31233341754572,35.1151813532096,4365,1,inner_ring
8084,60.588574873343354,49.39727915957497,8004,4,stroke_kai
8085,72.35198862772647,27.923757722486396,6243,2,octagram
8086,65.29272577104936,33.12321305703838,8488,4,stroke_kai
8087,68.16902419983386,3.851649176325279,3083,0,outer_ring
8088,38.51016687006854,24.369599126303857,4033,1,inner_ring
8089,40.0394740067027,28.476850829267416,5725,2,octagram
8090,94.46553277128397,51.05054492128186,10068,5,text_en_1919
8091,49.4925602480207,88.9433318366895,646,0,outer_ring
8092,49.00467576019387,93.4845939340621,638,0,outer_ring
8093,45.31723036482902,91.77007579502684,926,0,outer_ring
8094,56.21632619916715,93.81671551175673,259,0,outer_ring
8095,51.630579614330614,89.4784388986282,503,0,outer_ring
8096,46.186129406047954,90.43886627740767,887,0,outer_ring
8097,40.82866211630918,90.381798510619,1136,0,outer_ring
8098,38.08718511540052,83.22875081676106,1284,0,outer_ring
8099,38.36553917796617,86.67633023639229,1243,0,outer_ring
8100,35.053399526830134,86.50075147343183,1313,0,outer_ring
8101,36.1471267431938,76.43219222781178,9407,5,text_en_1919
8102,30.089786921873674,72.13353067906583,9503,5,text_en_1919
8103,21.835208798470635,73.42494537879698,9459,5,text_en_1919
8104,24.4479981050311,69.51041228949761,9518,5,text_en_1919
8105,21.18578110779537,66.04410400101334,9679,5,text_en_1919
8106,17.33788169814455,59.334439231859626,9948,5,text_en_1919
8107,18.351210857828093,52.90143991743824,10202,5,text_en_1919
8108,27.24335190054151,50.36267280851038,3803,1,inner_ring
8109,29.286181145758775,49.54285593485547,3810,1,inner_ring
8110,27.78257455732777,44.608128674249286,10537,5,text_en_1919
8111,33.73110098760544,50.77804161553958,5328,2,octagram
8112,41.931149849198306,47.38211470308478,7064,3,stroke_nan
8113,49.237884800124235,52.73398586370438,6831,3,stroke_nan
8114,41.624481157407025,49.64114169609582,6996,3,stroke_nan
8115,65.96369346459946,46.811621635979876,8072,4,stroke_kai
8116,51.07139627156798,72.459625538676,4894,2,octagram
8117,58.31595556674734,61.51917147935092,4790,2,octagram
8118,43.02321088940364,67.97641173872498,5030,2,octagram
8119,64.49483362550929,70.28337882143691,4675,2,octagram
8120,57.30286328879093,77.25693865201289,9038,5,text_en_1919
8121,66.0997897748911,74.75465428238176,4692,2,octagram
8122,60.73404298590948,59.647854757742245,7596,4,stroke_kai
8123,58.9895793952535,44.481875662694684,8157,4,stroke_kai
8124,52.257997263481336,47.486034144627766,7107,3,stroke_nan
8125,46.757674901112,37.88305974279504,7471,3,stroke_nan
8126,46.99933113819013,42.46844903069295,7287,3,stroke_nan
8127,60.707230785352145,22.66195104818028,6019,2,octagram
8128,44.62374536062613,26.718293490259686,5794,2,octagram
8129,46.31867348397318,35.40243817369303,7538,3,stroke_nan
8130,41.116562165538426,32.0166913214089,5661,2,octagram
8131,36.67580089948634,43.16164633235796,7251,3,stroke_nan
8132,32.16207965095663,35.62839020827747,5528,2,octagram
8133,28.419585975609916,39.56706133996876,3873,1,inner_ring
8134,28.438801297930922,43.20948728362049,3855,1,inner_ring
8135,45.973160929800706,45.62123834693714,7175,3,stroke_nan
8136,32.65486799575413,47.43607628898609,5389,2,octagram
8137,28.289590686810307,38.43575791458957,3882,1,inner_ring
8138,30.688668848850337,34.493453035754335,5519,2,octagram
8139,32.4654710675208,26.14042399563156,3977,1,inner_ring
8140,38.027860280386946,15.078395115056717,1448,0,outer_ring
8141,40.70549475524025,11.794807117526005,1499,0,outer_ring
8142,42.5463593338092,20.303930749630588,11000,5,text_en_1919
8143,41.33321026152878,19.000758320680347,11071,5,text_en_1919
8144,51.98415119112784,16.815350201598967,11298,5,text_en_1919
8145,46.14748088238649,25.241576790293053,5806,2,octagram
8146,60.34997989367341,38.335870739491014,8386,4,stroke_kai
8147,57.55423649346138,23.48029946858149,4150,1,inner_ring
8148,57.1869268591215,39.7626272694668,8440,4,stroke_kai
8149,58.00522148303893,13.184038389417827,11315,5,text_en_1919
8150,61.02246874600219,46.829037100193226,8064,4,stroke_kai
8151,58.385251970595725,45.72496762804957,8166,4,stroke_kai
8152,67.19209811759028,47.68215214729753,8036,4,stroke_kai
8153,60.535048948692165,41.757557481320084,8273,4,stroke_kai
8154,64.12257617755182,57.30855145120116,7736,4,stroke_kai
8155,67.68978358865351,61.046562884191296,7637,4,stroke_kai
8156,65.54676531650371,59.72305898907092,7655,4,stroke_kai
8157,62.88760853739851,77.3945365860674,9243,5,text_en_1919
8158,46.47179778880124,77.64615631876681,3581,1,inner_ring
8159,45.48376906622006,90.18276101059702,937,0,outer_ring
8160,45.123688739243455,82.71633860912381,8969,5,text_en_1919
8161,53.286472058404605,84.58434503761731,8677,5,text_en_1919
8162,55.506919876043604,88.8471278305909,289,0,outer_ring
8163,50.93505355267379,88.34562399960215,557,0,outer_ring
8164,55.550477901109204,83.99731167154962,8695,5,text_en_1919
8165,54.694622794556444,62.47561695746089,4823,2,octagram
8166,53.02827618338053,79.54105040970195,9000,5,text_en_1919
8167,49.73910202012501,74.41189234701922,3560,1,inner_ring
8168,42.07468581577781,70.9731338932945,5006,2,octagram
8169,32.83728608223134,56.416020044968434,5195,2,octagram
8170,34.389147725555695,64.79886812038987,5083,2,octagram
8171,31.538215748789767,56.368423947583686,5203,2,octagram
8172,57.81708815688053,93.81050875285477,194,0,outer_ring
8173,58.64119345683764,94.16733124113547,170,0,outer_ring
8174,66.45735789323136,92.49084032296611,38,0,outer_ring
8175,61.98107622059362,92.57011028668165,83,0,outer_ring
8176,64.5842487950792,87.64786132125768,8689,5,text_en_1919
8177,67.14821210961847,78.59738986586413,9288,5,text_en_1919
8178,67.95260707115385,86.0037265528247,8741,5,text_en_1919
8179,64.20936972717676,78.54469331081249,9222,5,text_en_1919
8180,75.99566902376408,69.17029823784944,3383,1,inner_ring
8181,78.93848567067595,74.59270098092391,9403,5,text_en_1919
8182,73.56657695055074,68.27082212930347,3393,1,inner_ring
8183,73.632513264295,56.40835832173287,4474,2,octagram
8184,85.9946968608144,62.83317796791921,9670,5,text_en_1919
8185,86.12051505333747,59.10853239516992,9788,5,text_en_1919
8186,86.3407944520253,53.473255875423874,9973,5,text_en_1919
8187,84.69685522526832,46.44608112897814,10349,5,text_en_1919
8188,91.49071657593274,42.12576196714481,10487,5,text_en_1919
8189,89.85761032695342,45.30456104065957,10338,5,text_en_1919
8190,90.18408079379344,55.63500786699882,9873,5,text_en_1919
8191,93.71941910812944,45.337740036815184,10253,5,text_en_1919
8192,53.05329631288569,35.2582832921274,5903,2,octagram
8193,50.56782300285987,21.008804770552896,10964,5,text_en_1919
8194,53.155222961017074,42.850613332537314,7373,3,stroke_nan
8195,70.36525852295661,55.90595512036313,7755,4,stroke_kai
8196,81.42766746269845,42.778963443104004,10438,5,text_en_1919
8197,73.93936334085622,39.22000151771299,6380,2,octagram
8198,76.64033708130027,43.99033398372833,3226,1,inner_ring
8199,79.17516127845727,32.96857134143495,4355,1,inner_ring
8200,76.88069538268321,40.25754362964846,4394,1,inner_ring
8201,69.49930306398191,36.014137722995244,8367,4,stroke_kai
8202,65.61679078378879,17.057869982870272,10872,5,text_en_1919
8203,65.36403878260094,8.98035469690353,3022,0,outer_ring
8204,59.095778982794855,7.868011261491096,2706,0,outer_ring
8205,56.24670230048728,10.120783004733426,2515,0,outer_ring
8206,50.53459188894456,17.60247847297736,11229,5,text_en_1919
8207,52.821767995147056,16.481578693916543,2156,0,outer_ring
8208,46.068077068671556,11.468498611201607,1626,0,outer_ring
8209,46.107176474059195,7.385067814755305,1657,0,outer_ring
8210,50.69956088888941,7.936172543474793,1966,0,outer_ring
8211,51.7955648700002,9.280408310193252,2066,0,outer_ring
8212,63.09133352130994,10.66918497861584,2945,0,outer_ring
8213,52.72700869076757,5.067665420555529,2161,0,outer_ring
8214,63.793749854375164,5.4922571331841255,2930,0,outer_ring
8215,54.45657491129443,9.006523654944921,2338,0,outer_ring
8216,48.27161445116176,3.3075355848029986,1816,0,outer_ring
8217,57.91178525172988,9.088900580231618,2628,0,outer_ring
8218,52.05364121097972,5.894907570351133,2093,0,outer_ring
8219,55.672573113421194,10.346971411170744,2464,0,outer_ring
8220,56.77059869512073,15.683934138911555,11243,5,text_en_1919
8221,64.66811596222996,4.250978492810616,2950,0,outer_ring
8222,75.10312899755147,29.407331559088938,4329,1,inner_ring
8223,68.55937521387754,6.177088447908193,3124,0,outer_ring
8224,70.6480638381453,43.82410920943305,6434,2,octagram
8225,76.48988490914884,30.983272951614776,4340,1,inner_ring
8226,66.44934462878723,20.622283344690107,6096,2,octagram
8227,70.67158947065901,18.256376141069666,4238,1,inner_ring
8228,72.84015455554832,6.088352616455558,3216,0,outer_ring
8229,69.37255850829064,5.712991115503369,3147,0,outer_ring
8230,57.49574338868201,20.767031419171772,4146,1,inner_ring
8231,42.675684722331845,10.20239652175184,1539,0,outer_ring
8232,90.99997314589403,51.91504954890029,10045,5,text_en_1919
8233,47.65356879372003,90.91273616614856,773,0,outer_ring
8234,51.24778216184167,95.45726768892992,502,0,outer_ring
8235,45.613190253867984,89.93143272652237,932,0,outer_ring
8236,49.626378746727575,91.49207764565188,607,0,outer_ring
8237,51.79328596079972,91.8004182418734,482,0,outer_ring
8238,40.536648599676624,89.71628987668909,1154,0,outer_ring
8239,37.965763984749884,85.70336241300431,1266,0,outer_ring
8240,40.52491885754803,85.02017128795778,1203,0,outer_ring
8241,38.68855042729926,85.57009609652837,1248,0,outer_ring
8242,32.40928094457926,83.41202690500445,1351,0,outer_ring
8243,34.6023941524258,65.87805956442547,5078,2,octagram
8244,27.94623747125,69.18651039208953,9594,5,text_en_1919
8245,30.465601036228765,69.0829756979675,9597,5,text_en_1919
8246,15.054036106201869,67.71972866736849,9646,5,text_en_1919
8247,15.328833979452957,47.30831453523998,1400,0,outer_ring
8248,16.164650135024715,51.27817582275145,10235,5,text_en_1919
8249,24.175271099899533,53.767415129862044,10139,5,text_en_1919
8250,18.24231557632951,48.642073470809,10261,5,text_en_1919
8251,30.259454601761895,63.131667946933284,5167,2,octagram
8252,30.925879627827776,47.76463034710477,3823,1,inner_ring
8253,31.574311081656127,59.604382332062656,5161,2,octagram
8254,44.92260531054522,49.80614086567068,7026,3,stroke_nan
8255,44.15372920512873,50.50951665043422,6972,3,stroke_nan
8256,52.49925761942244,48.148263079067924,7047,3,stroke_nan
8257,50.69614585431119,53.3189202120696,6818,3,stroke_nan
8258,51.65521511076596,65.7086486935479,4859,2,octagram
8259,59.00132093712195,56.09077781791232,7632,4,stroke_kai
8260,55.57729499467791,82.97223951512134,8804,5,text_en_1919
8261,63.208920350070244,55.05221479022951,7839,4,stroke_kai
8262,52.24799280417931,71.04379564483287,4871,2,octagram
8263,62.02338799637831,72.41321608666316,3469,1,inner_ring
8264,62.84407990237795,50.74692154513088,7920,4,stroke_kai
8265,56.818377411110966,50.25476765352214,7977,4,stroke_kai
8266,48.881444333123156,46.86921219279756,7106,3,stroke_nan
8267,46.5998061392367,22.881786661624073,4077,1,inner_ring
8268,45.361529777168464,37.9426668439969,7445,3,stroke_nan
8269,50.69265465207667,37.749804986532226,7469,3,stroke_nan
8270,45.636438048976714,36.728180089021855,7502,3,stroke_nan
8271,42.48352229768865,20.939600710631854,10885,5,text_en_1919
8272,36.36452762290841,33.832905472467324,5600,2,octagram
8273,38.921706196515075,32.0329212156249,5652,2,octagram
8274,30.379604932824293,36.4279234721824,5512,2,octagram
8275,29.59650341340956,36.552433647661076,3896,1,inner_ring
8276,29.895143761796074,37.92909949404419,5488,2,octagram
8277,41.21111689298365,46.900339255787046,7109,3,stroke_nan
8278,34.94513569942552,45.64359450971029,5394,2,octagram
8279,23.655574498192497,40.35468041032167,10624,5,text_en_1919
8280,21.114080420176002,36.584802952140166,10756,5,text_en_1919
8281,27.05693524038005,18.063284740039393,1415,0,outer_ring
8282,34.00589262903428,26.554594231762906,3990,1,inner_ring
8283,31.887345260074916,11.229159924470235,1433,0,outer_ring
8284,43.67163604388008,23.350338034485233,4060,1,inner_ring
8285,49.007398151486676,5.910485256460144,1842,0,outer_ring
8286,47.509551057114756,11.771425166908593,1690,0,outer_ring
8287,49.72127293882625,28.288350188687506,5862,2,octagram
8288,54.80115904261545,33.74284514549947,8551,4,stroke_kai
8289,49.1967204703227,27.467472423313826,5844,2,octagram
8290,66.05073770384513,29.18247622812384,6173,2,octagram
8291,56.426561183659814,29.42025180432444,5934,2,octagram
8292,83.5864557622891,44.077961014075356,10442,5,text_en_1919
8293,59.868685416333214,48.914230683082955,8039,4,stroke_kai
8294,72.85592447521186,59.34503304740161,4532,2,octagram
8295,70.89726586043574,41.45730109754073,6410,2,octagram
8296,70.45828877156877,57.71076335738445,7749,4,stroke_kai
8297,57.36185222833935,52.761740811596816,7902,4,stroke_kai
8298,66.97417561803503,56.55749143683512,7775,4,stroke_kai
8299,58.65644500531577,67.4044694386013,4770,2,octagram
8300,47.967417504900254,69.46168174075689,4914,2,octagram
8301,43.71003279451413,85.04518739977946,8705,5,text_en_1919
8302,45.085643650615985,75.46353173060479,4953,2,octagram
8303,55.07947619089053,86.93670610637044,312,0,outer_ring
8304,48.508166811329424,78.90564039619164,9203,5,text_en_1919
8305,54.43500399013193,79.63708199336378,9025,5,text_en_1919
8306,59.056081739188386,95.16120889589969,160,0,outer_ring
8307,49.60139670087101,85.19273563853298,684,0,outer_ring
8308,49.71140526014818,74.25830845189265,3562,1,inner_ring
8309,47.891625453920014,77.138033588024,9261,5,text_en_1919
8310,41.90227135459135,62.28256073175978,6604,3,stroke_nan
8311,37.45010127720742,56.88846874829605,6740,3,stroke_nan
8312,26.31796355335699,68.41419180079319,9603,5,text_en_1919
8313,30.3678036210354,61.09043024909725,5174,2,octagram
8314,55.670752453203285,95.66768283189927,284,0,outer_ring
8315,59.423867604480506,93.36191076233028,150,0,outer_ring
8316,62.767898812363605,94.35334259499926,77,0,outer_ring
8317,66.82125324076526,84.28469933792172,8920,5,text_en_1919
8318,54.054016977339465,90.10344936976809,362,0,outer_ring
8319,79.19070711017233,81.33954828258857,9285,5,text_en_1919
8320,79.90681489753776,77.72276151057159,9339,5,text_en_1919
8321,67.38793032128503,72.5224121754101,3440,1,inner_ring
8322,78.602111769455,68.95071320003157,9538,5,text_en_1919
8323,68.20344060984175,68.05242238941275,4622,2,octagram
8324,78.88683184521392,61.826792655986075,4494,2,octagram
8325,84.35411244054742,58.37573259605552,9819,5,text_en_1919
8326,86.88927960364934,55.98675481171772,9862,5,text_en_1919
8327,80.41532925150963,62.053052688601696,3335,1,inner_ring
8328,82.6012517667093,55.66226125567524,3298,1,inner_ring
8329,87.52298070799947,54.49357845175794,9917,5,text_en_1919
8330,88.47064394325079,49.11891168269443,10129,5,text_en_1919
8331,98.34022877585478,56.1646705516807,9828,5,text_en_1919
8332,91.59683459520564,40.0966758748987,10528,5,text_en_1919
8333,94.18293728127028,55.103947058104694,9852,5,text_en_1919
8334,57.379203175280175,46.18713233579397,8110,4,stroke_kai
8335,53.287279162137395,22.19768747000465,11064,5,text_en_1919
8336,61.90794228643051,47.736163508359155,8067,4,stroke_kai
8337,65.62683483645905,36.8108361983435,8393,4,stroke_kai
8338,63.62981778395988,36.80773872458714,8411,4,stroke_kai
8339,66.37665323370622,23.527566232877497,6113,2,octagram
8340,82.0833273732408,23.231886533696304,10817,5,text_en_1919
8341,71.01259921679787,41.75059549303923,6417,2,octagram
8342,78.21730065359698,25.497433761631047,4317,1,inner_ring
8343,75.07847284999963,35.365441277452966,6324,2,octagram
8344,65.8661467531285,23.390434124815435,6110,2,octagram
8345,66.18649600158307,15.043884734238498,10922,5,text_en_1919
8346,56.21820739199791,18.453727436938053,11006,5,text_en_1919
8347,61.28361903693692,11.928541669226357,11157,5,text_en_1919
8348,59.15363954463295,6.429965397059797,2698,0,outer_ring
8349,50.16946810504268,18.465097916718808,11033,5,text_en_1919
8350,45.12416943207068,9.344632205172912,1598,0,outer_ring
8351,47.44855561228737,1.8911869749048353,1763,0,outer_ring
8352,48.89080801437345,10.01970268910325,1800,0,outer_ring
8353,51.04539960058367,7.3128759634095015,2007,0,outer_ring
8354,54.18655785721964,4.697437318189177,2299,0,outer_ring
8355,53.35070594610453,6.274892557598356,2219,0,outer_ring
8356,65.46221158194734,8.094933275155476,3015,0,outer_ring
8357,46.119012767212716,7.036382857630046,1660,0,outer_ring
8358,50.49613760926674,3.6783702659473523,1974,0,outer_ring
8359,45.547572066258454,8.613103454159544,1632,0,outer_ring
8360,51.41364951331685,9.226348739224328,2029,0,outer_ring
8361,49.81929126950266,10.472645825549613,1869,0,outer_ring
8362,57.203371637249845,7.872637290946649,2569,0,outer_ring
8363,62.508181602781306,6.229731148664346,2880,0,outer_ring
8364,73.58347582729378,9.17575679626595,4224,1,inner_ring
8365,66.95824396539436,8.253190362145533,3086,0,outer_ring
8366,63.77233350586676,23.43180531337849,6056,2,octagram
8367,79.94081085674706,45.583054780590786,10345,5,text_en_1919
8368,77.91587219302158,30.999684887880882,4342,1,inner_ring
8369,68.43209770181984,7.332062020476857,3133,0,outer_ring
8370,70.52983337610911,4.184955242179649,3171,0,outer_ring
8371,79.07111521891781,34.115887264488634,4359,1,inner_ring
8372,40.33577853333751,11.52634265825241,1494,0,outer_ring
8373,40.279419315234,17.69024748172667,11275,5,text_en_1919
8374,87.42320786203945,47.352191511530606,10298,5,text_en_1919
8375,41.45489596007101,90.83990485026729,1104,0,outer_ring
8376,41.474943637844426,91.34960996963392,1097,0,outer_ring
8377,42.55672609821032,89.50128234252671,1080,0,outer_ring
8378,53.13827332548981,91.16817394585334,410,0,outer_ring
8379,50.18328493269936,91.24433519949926,579,0,outer_ring
8380,40.58163975840303,91.4586453060351,1130,0,outer_ring
8381,38.41542614474039,88.16639388335504,1226,0,outer_ring
8382,44.25557540837667,80.16313628015715,9151,5,text_en_1919
8383,35.88888272237019,83.71979493227651,1320,0,outer_ring
8384,35.95437703978281,86.24862587543817,1298,0,outer_ring
8385,29.64380673083543,68.8460759932013,9607,5,text_en_1919
8386,39.54814097674747,72.36683401388049,3632,1,inner_ring
8387,23.587916217293326,77.61649914973927,1382,0,outer_ring
8388,28.77585436457228,53.48817122316412,3770,1,inner_ring
8389,20.4449014667374,58.584363013864106,9942,5,text_en_1919
8390,22.519416892770543,57.93743869518527,9938,5,text_en_1919
8391,19.698284160928676,56.608677377790734,9991,5,text_en_1919
8392,24.337593526218548,58.288029430243725,9894,5,text_en_1919
8393,23.71263589964209,49.23968893991352,10279,5,text_en_1919
8394,37.96411295278631,47.33010309763946,7088,3,stroke_nan
8395,32.86275327308182,49.91418102913022,5336,2,octagram
8396,41.56218493684676,48.334152415431305,7012,3,stroke_nan
8397,44.39225744524994,58.30023245648814,6659,3,stroke_nan
8398,46.97323263712938,67.49510953748357,5019,2,octagram
8399,50.020473317096545,65.28701625657676,4909,2,octagram
8400,51.63854773409141,57.702515229229235,6653,3,stroke_nan
8401,50.18371257597474,70.01650361134114,4891,2,octagram
8402,38.86997933889593,65.07638299522563,5073,2,octagram
8403,66.6559615662344,73.25740025696751,3446,1,inner_ring
8404,67.52192276386694,57.451610189581395,7730,4,stroke_kai
8405,52.25077355211788,79.5497848653895,9036,5,text_en_1919
8406,53.28237936460273,51.0662053562528,6928,3,stroke_nan
8407,56.6916479065657,51.254102279182575,7944,4,stroke_kai
8408,61.259993311115274,48.163888740862966,8046,4,stroke_kai
8409,46.1515173771698,33.25031605252214,7570,3,stroke_nan
8410,48.84076765935573,37.33736199769465,7456,3,stroke_nan
8411,45.81398709633676,46.432521084982106,7093,3,stroke_nan
8412,47.41312740590287,42.08448913174991,7313,3,stroke_nan
8413,45.70857110659432,39.06861328629047,7428,3,stroke_nan
8414,36.500899371672496,29.95768254911126,5672,2,octagram
8415,34.74469510192988,30.798507088429382,5590,2,octagram
8416,23.572583738652714,37.55244114711235,10741,5,text_en_1919
8417,27.962270847726902,43.64332043375807,10549,5,text_en_1919
8418,39.8617843382152,40.76966330599321,7356,3,stroke_nan
8419,33.49591942895679,41.57497416855134,5435,2,octagram
8420,37.80516366666315,52.050197445823606,6894,3,stroke_nan
8421,27.664523218514802,34.05747187490173,10754,5,text_en_1919
8422,19.495877942671704,37.44620762399476,10667,5,text_en_1919
8423,24.456743336721676,26.941042140848978,1410,0,outer_ring
8424,29.755349174702545,39.29291829910344,3878,1,inner_ring
8425,39.05102442084615,12.069872121537587,1475,0,outer_ring
8426,51.42967434754285,16.584600400503497,11301,5,text_en_1919
8427,44.99952963903536,4.6979094890740845,1638,0,outer_ring
8428,46.9234874015377,25.172956796207686,5814,2,octagram
8429,53.07058625593274,10.07538280788853,2187,0,outer_ring
8430,57.141686178932076,20.18039201629625,10942,5,text_en_1919
8431,56.53152339530271,19.949187128752605,10955,5,text_en_1919
8432,56.68867855601958,41.218043338259996,8327,4,stroke_kai
8433,61.31832629461555,41.86694644007155,8274,4,stroke_kai
8434,59.91572486520168,45.741107265759624,8150,4,stroke_kai
8435,79.35382601766531,55.159295591332565,4435,2,octagram
8436,57.7484459083342,41.47893617904178,8261,4,stroke_kai
8437,58.298448565930855,34.78892493545631,5960,2,octagram
8438,61.559422019102726,58.09682154290466,7711,4,stroke_kai
8439,67.25325510526032,53.20684535180063,7804,4,stroke_kai
8440,71.40446496095366,61.28735786578513,4551,2,octagram
8441,67.06329537460097,75.92408834269565,9341,5,text_en_1919
8442,46.813026345865595,74.50918736471495,4943,2,octagram
8443,47.11058779726265,89.23658403252367,827,0,outer_ring
8444,46.130741961948495,83.45854438538316,998,0,outer_ring
8445,52.15132187139823,90.69418365077202,461,0,outer_ring
8446,53.89895547073921,86.62427556472673,377,0,outer_ring
8447,53.2598838780573,91.66402740847985,403,0,outer_ring
8448,48.16502882127855,87.8538329641675,774,0,outer_ring
8449,49.63531225404792,79.59019921292024,8986,5,text_en_1919
8450,47.285661027333774,85.37019592017191,883,0,outer_ring
8451,46.67237523847308,75.45952365101155,4948,2,octagram
8452,49.489657760458975,73.99074203643889,3567,1,inner_ring
8453,29.106854596454106,60.76309833005795,5184,2,octagram
8454,28.174680106981647,62.0243086351459,3721,1,inner_ring
8455,32.71622381113862,70.06596490476502,3670,1,inner_ring
8456,54.27747985207939,91.19922695720166,351,0,outer_ring
8457,64.18724636823433,92.73208713965181,53,0,outer_ring
8458,61.64307391556343,93.68832032011363,91,0,outer_ring
8459,62.15708935820018,87.76567975507947,8680,5,text_en_1919
8460,69.21496442907524,85.64795840758983,8854,5,text_en_1919
8461,67.84589685559715,80.64124911170975,9158,5,text_en_1919
8462,69.16238007022879,83.31723917352262,9016,5,text_en_1919
8463,67.09367974603288,71.89086621437384,3439,1,inner_ring
8464,74.24863308171446,72.54889958465623,3407,1,inner_ring
8465,78.45379116144133,79.87673696537406,9304,5,text_en_1919
8466,85.0981254725863,69.3066859673581,9521,5,text_en_1919
8467,83.3897056458716,63.634117869029545,9661,5,text_en_1919
8468,79.27183894758423,56.119739597660015,4438,2,octagram
8469,80.90591680146241,63.094194771384906,3341,1,inner_ring
8470,77.29800139816393,51.68002269109626,6529,2,octagram
8471,85.76240511308688,55.091774569510285,9954,5,text_en_1919
8472,82.05043450496333,49.01086659022234,3254,1,inner_ring
8473,84.1638061406175,54.588697675842,3292,1,inner_ring
8474,94.44805498218592,44.11957836903143,10433,5,text_en_1919
8475,91.62731305188998,41.83333157609245,10494,5,text_en_1919
8476,60.888536016587004,26.02286732190513,6010,2,octagram
8477,58.870930245685194,40.64887299792737,8322,4,stroke_kai
8478,61.20564180355517,35.23819443166453,8462,4,stroke_kai
8479,66.68978701941303,45.16064368152401,8121,4,stroke_kai
8480,73.22044739644015,32.28257569764992,6275,2,octagram
8481,70.67016926357024,35.892853089771066,8354,4,stroke_kai
8482,75.95580945686179,26.622540329087972,4314,1,inner_ring
8483,70.44587688920835,20.878606834345547,4254,1,inner_ring
8484,65.29320714389986,39.83055699454714,8324,4,stroke_kai
8485,66.5033472663672,33.771752817425224,8474,4,stroke_kai
8486,61.59095907948031,23.02815458576988,6029,2,octagram
8487,67.15331669505923,19.19016230842901,6097,2,octagram
8488,62.400484584803785,16.938685744403948,10898,5,text_en_1919
8489,47.44194813977573,17.897088857944222,11002,5,text_en_1919
8490,56.72811633269002,8.101473090771275,2539,0,outer_ring
8491,54.008325021864394,9.167692637159202,2288,0,outer_ring
8492,49.262569935549934,9.16535005372849,1836,0,outer_ring
8493,49.401484961475354,6.403511827796875,1865,0,outer_ring
8494,47.697201530036715,10.466435177147424,1710,0,outer_ring
8495,55.994613980315606,4.526129541931426,2458,0,outer_ring
8496,56.68902724055956,8.073730174247455,2535,0,outer_ring
8497,58.369737429734904,5.235603868625038,2630,0,outer_ring
8498,60.45632896169157,8.075377480695822,2797,0,outer_ring
8499,51.7021477855699,7.236175224058018,2061,0,outer_ring
8500,52.35703001685118,5.558243158325747,2124,0,outer_ring
8501,53.517908603813154,8.835598909806881,2236,0,outer_ring
8502,49.260576061250674,9.266355880144976,1834,0,outer_ring
8503,58.48779341178483,8.94724795701117,2668,0,outer_ring
8504,60.575997945425314,7.373280076658294,2798,0,outer_ring
8505,63.08140276584534,15.916220069196005,10914,5,text_en_1919
8506,73.53955807922593,7.979639646978022,3221,0,outer_ring
8507,68.61973576983605,7.046629579280167,3138,0,outer_ring
8508,66.2437985002507,9.18316326683234,3061,0,outer_ring
8509,79.82421076500073,32.58381291495385,4354,1,inner_ring
8510,85.17583146289158,35.57247762316022,10703,5,text_en_1919
8511,67.1471575263745,13.144466098879558,11037,5,text_en_1919
8512,67.74594793890397,4.211687579450648,3068,0,outer_ring
8513,66.04743286161553,7.308339714583023,3033,0,outer_ring
8514,39.617097334906234,33.11215567850592,5640,2,octagram
8515,47.99631649846678,24.253798610221555,4081,1,inner_ring
8516,91.15761377940719,38.683957974045505,10554,5,text_en_1919
8517,54.95969342074862,94.68358279647428,315,0,outer_ring
8518,47.515117910076164,92.75913067338169,764,0,outer_ring
8519,37.84292577102637,87.69821808931029,1247,0,outer_ring
8520,54.048306030025515,94.82619236211465,358,0,outer_ring
8521,50.65945345288338,95.66712629065425,532,0,outer_ring
8522,46.78697946205249,90.40379000413208,836,0,outer_ring
8523,41.973887173395354,84.53107781815285,8675,5,text_en_1919
8524,42.73840648399043,91.02666778538607,1053,0,outer_ring
8525,33.74572350173501,85.21601661110725,1336,0,outer_ring
8526,35.31824394570229,87.64693291047496,1297,0,outer_ring
8527,33.01410285763877,74.93845515491711,9394,5,text_en_1919
8528,30.922384550050374,78.90429748462233,9332,5,text_en_1919
8529,25.93019777235543,71.1081947740673,9500,5,text_en_1919
8530,25.921217105882942,63.026073794641555,9723,5,text_en_1919
8531,20.410455806378057,61.91978811861915,9742,5,text_en_1919
8532,21.940255520862067,53.44309918691824,10165,5,text_en_1919
8533,22.70537722670664,54.16961004808632,10012,5,text_en_1919
8534,22.425037142873776,55.96256545175817,10000,5,text_en_1919
8535,19.30136088897363,45.5160966300015,10589,5,text_en_1919
8536,28.35964662908396,47.58869747002773,3826,1,inner_ring
8537,30.113679425359503,54.944509057204755,5255,2,octagram
8538,43.83306657631077,48.63888043995957,7022,3,stroke_nan
8539,46.791134813855706,43.169627066163926,7263,3,stroke_nan
8540,52.23384913085122,49.77262245154254,6994,3,stroke_nan
8541,49.881175274581864,56.1347258281318,6706,3,stroke_nan
8542,53.557905101506165,59.49400948216581,4829,2,octagram
8543,58.205824552305,65.26032755473008,4776,2,octagram
8544,63.59051066377003,58.51936909554023,7703,4,stroke_kai
8545,60.74940639144339,80.2492762327692,9003,5,text_en_1919
8546,62.53918339950094,71.6053826105268,4705,2,octagram
8547,63.8783025083271,73.80584909597026,3457,1,inner_ring
8548,58.6531310982468,69.96607142104484,4750,2,octagram
8549,52.22199455754099,50.539873099341214,6962,3,stroke_nan
8550,54.15777566585176,47.28440891280605,7298,3,stroke_nan
8551,42.32107097079451,45.74169963137373,7127,3,stroke_nan
8552,50.63445580591694,32.28735592684996,7556,3,stroke_nan
8553,51.3338229754969,49.076230014323386,7019,3,stroke_nan
8554,46.36137050761669,37.39333662007377,7479,3,stroke_nan
8555,43.007257516559726,28.89009020534948,5731,2,octagram
8556,47.2633355037844,24.731477660847442,5812,2,octagram
8557,37.08533194795511,33.206481302507925,5606,2,octagram
8558,31.710529737901936,33.740108841419925,5535,2,octagram
8559,28.253280778197517,39.11919151135497,3876,1,inner_ring
8560,30.507829653145965,38.78918227538023,5481,2,octagram
8561,37.87227424364463,38.73887746093192,7384,3,stroke_nan
8562,41.2108045179032,45.94514351277818,7152,3,stroke_nan
8563,34.06560313608334,41.20984662184463,5438,2,octagram
8564,29.08251524478862,37.47455506951667,3891,1,inner_ring
8565,23.713252871102764,33.53811333052068,10788,5,text_en_1919
8566,32.993486356096525,42.32225142820277,5429,2,octagram
8567,44.33624613663349,2.7864802133588924,1625,0,outer_ring
8568,44.43272177805166,17.3358914604276,11117,5,text_en_1919
8569,51.129341309468046,25.772831986877726,5863,2,octagram
8570,56.45508142908261,19.945119189086974,10954,5,text_en_1919
8571,47.74346156103939,24.30480778376143,4078,1,inner_ring
8572,55.184265596701294,29.16867829375352,5925,2,octagram
8573,53.39977959186282,21.135099408036908,11097,5,text_en_1919
8574,55.84098826271464,39.38336248927852,8466,4,stroke_kai
8575,56.93550720107069,46.18758428544996,8118,4,stroke_kai
8576,58.01008626615322,40.423886854865415,8285,4,stroke_kai
8577,62.84108009491991,45.13199818359888,8134,4,stroke_kai
8578,67.04033556028364,57.78434489434102,7699,4,stroke_kai
8579,65.30216986325276,45.38603444351663,8101,4,stroke_kai
8580,75.4642133031346,61.59739077412367,4518,2,octagram
8581,64.28875966237487,50.346159542578846,7947,4,stroke_kai
8582,55.844764007623446,54.19987528618578,7723,4,stroke_kai
8583,64.9190980833164,64.61038851129197,7593,4,stroke_kai
8584,43.42679421848083,75.16194415267614,4972,2,octagram
8585,48.69528483626022,88.73367697956013,725,0,outer_ring
8586,49.78926915726593,85.72383059379563,659,0,outer_ring
8587,61.8670266646855,83.00552920536026,8943,5,text_en_1919
8588,54.60343173819934,86.26541021604574,337,0,outer_ring
8589,54.28616251954202,84.73993786390531,8638,5,text_en_1919
8590,56.94040448339955,84.86127680957847,8605,5,text_en_1919
8591,51.55012014175196,80.43435599931053,8904,5,text_en_1919
8592,54.33102612639448,71.49657760667674,3529,1,inner_ring
8593,55.64697866966673,78.62544024931775,9071,5,text_en_1919
8594,53.218622417797896,73.38688791696615,3535,1,inner_ring
8595,34.75142966082999,49.77724798011995,5354,2,octagram
8596,24.7829371726628,58.883479727353695,9854,5,text_en_1919
8597,33.91223711210864,60.95306292930638,5125,2,octagram
8598,61.182137692603575,97.96903899041718,115,0,outer_ring
8599,60.33180191981721,90.63323356723782,117,0,outer_ring
8600,60.36742646677448,91.61144039011981,120,0,outer_ring
8601,65.49264077577627,95.09985587286307,49,0,outer_ring
8602,65.84859207205945,85.13653389790974,8875,5,text_en_1919
8603,69.3280371381143,85.9993089986124,8808,5,text_en_1919
8604,68.58391253475281,83.60391602545941,9028,5,text_en_1919
8605,71.41993401782929,83.01835234512374,9017,5,text_en_1919
8606,77.19121972402804,69.02167536368276,3376,1,inner_ring
8607,73.77068941401537,78.7818478473368,9258,5,text_en_1919
8608,81.82931422363525,68.52881718535264,9543,5,text_en_1919
8609,79.2728715615294,61.97838776097149,4491,2,octagram
8610,74.8323574395671,59.86158219757399,4516,2,octagram
8611,81.66364626749004,56.470123215265545,4423,2,octagram
8612,81.40742365864173,57.429340188823424,3307,1,inner_ring
8613,85.1897081454891,53.565192878286794,9962,5,text_en_1919
8614,91.38966179346708,59.84926184362016,9774,5,text_en_1919
8615,88.85044743006459,51.158090907562716,10062,5,text_en_1919
8616,90.15575247460478,42.631866336670484,10473,5,text_en_1919
8617,94.62367249058954,49.25389442495802,10099,5,text_en_1919
8618,56.41501014723335,18.146702286803375,11017,5,text_en_1919
8619,61.32623867199564,23.809703220852825,6020,2,octagram
8620,68.26309620625986,47.931991610507566,8020,4,stroke_kai
8621,63.90823984668532,25.162219282014803,6068,2,octagram
8622,63.771109540002804,41.84260773993453,8250,4,stroke_kai
8623,68.39154097319948,29.15142311431167,6190,2,octagram
8624,73.08744354078179,28.19462522368207,6259,2,octagram
8625,74.56594443040741,33.232841127297455,6296,2,octagram
8626,71.06888390432717,41.584528587985076,6413,2,octagram
8627,74.88058393130453,46.18923687841295,3234,1,inner_ring
8628,67.30351812942537,12.00467412095147,11189,5,text_en_1919
8629,62.93039579320616,20.185023456077577,6036,2,octagram
8630,59.3463097000282,8.402207702402404,2730,0,outer_ring
8631,64.15105228572017,9.062250545740895,2965,0,outer_ring
8632,57.03092602755722,8.797571563475067,2564,0,outer_ring
8633,54.04830244938371,7.1229344633912755,2287,0,outer_ring
8634,51.29910225523099,7.530909835183511,2027,0,outer_ring
8635,47.070842120607715,6.322856180849691,1711,0,outer_ring
8636,55.836618457980556,1.9590273758747296,2433,0,outer_ring
8637,51.796735971963386,12.658145465338228,2047,0,outer_ring
8638,55.73746560591548,8.683789262570723,2459,0,outer_ring
8639,61.10267561563828,5.686275608656357,2818,0,outer_ring
8640,45.02565096350541,9.622137662648818,1592,0,outer_ring
8641,50.5106967803983,7.695089469908256,1954,0,outer_ring
8642,48.86941446226043,3.8347237394365696,1850,0,outer_ring
8643,54.25375428027895,10.362459195015544,2320,0,outer_ring
8644,48.59052544750948,9.170031901055786,1778,0,outer_ring
8645,51.06272151239923,1.4782466961480372,2030,0,outer_ring
8646,61.504307665953604,8.92397365859653,2859,0,outer_ring
8647,58.55975669693519,10.654146723364045,2692,0,outer_ring
8648,64.1965523862749,16.32430466215076,10881,5,text_en_1919
8649,64.23558335336021,10.359656537996289,2978,0,outer_ring
8650,76.56618794206945,38.070016090842024,6353,2,octagram
8651,85.7141475403708,24.247657927821802,10813,5,text_en_1919
8652,75.34845204577606,31.429614998886155,6299,2,octagram
8653,67.65648998092257,4.753249851510503,3071,0,outer_ring
8654,67.15994444301649,8.515697052254236,3099,0,outer_ring
8655,68.1935979144818,5.260915668247449,3101,0,outer_ring
8656,39.08215287783282,16.318387045319636,1458,0,outer_ring
8657,44.761759568233074,9.198130184776684,1585,0,outer_ring
8658,92.76610805837507,54.90070354603791,9890,5,text_en_1919
8659,46.11607919776383,90.92611106806895,882,0,outer_ring
8660,44.60905091200687,84.07780440857586,8777,5,text_en_1919
8661,41.92739597624977,90.61105446708166,1091,0,outer_ring
8662,44.4569328765636,90.93553782239532,985,0,outer_ring
8663,51.194787720525426,94.55056948365367,506,0,outer_ring
8664,47.042944997391686,89.99274876015163,823,0,outer_ring
8665,40.83848220238909,89.09026192573519,1151,0,outer_ring
8666,34.7533885839983,87.71210685269907,1307,0,outer_ring
8667,34.207603558463845,85.75184394216393,1326,0,outer_ring
8668,34.56034464257713,70.65134938970765,3658,1,inner_ring
8669,31.595078926680657,76.8508263595308,9363,5,text_en_1919
8670,28.14876084794058,73.6584740021794,9445,5,text_en_1919
8671,29.483675210690837,58.85246525144118,3739,1,inner_ring
8672,29.135331600065687,52.67531341469498,5272,2,octagram
8673,15.711680314027804,44.069263939387156,1402,0,outer_ring
8674,20.666462493261733,58.62729892004547,9949,5,text_en_1919
8675,23.493811872614216,50.882882328912316,10205,5,text_en_1919
8676,25.904033287754583,46.109260675669624,10513,5,text_en_1919
8677,29.216237288397913,52.381609918441775,5277,2,octagram
8678,32.38884015828672,47.77029317002417,5382,2,octagram
8679,33.162947516368924,55.72346134565632,5196,2,octagram
8680,44.309529035432334,53.31130764136196,6827,3,stroke_nan
8681,46.176328365122586,55.565956051581594,6715,3,stroke_nan
8682,46.11150595718144,46.10835808894715,7129,3,stroke_nan
8683,47.26108283472533,54.28954005015604,6774,3,stroke_nan
8684,58.41567842402278,68.17667941848488,4765,2,octagram
8685,51.3529415430019,59.51157197419582,6618,3,stroke_nan
8686,51.62546594689936,61.01419915076301,6607,3,stroke_nan
8687,63.11899164731008,55.30884915351615,7818,4,stroke_kai
8688,66.44199913371001,68.62839370318558,4637,2,octagram
8689,56.915427654819545,75.90156476146457,3516,1,inner_ring
8690,57.57230162203074,57.982997420409504,7639,4,stroke_kai
8691,49.2168870134302,61.885762755966745,6582,3,stroke_nan
8692,50.083296046110426,50.63141699234843,6931,3,stroke_nan
8693,48.93453125956526,45.54133279577192,7130,3,stroke_nan
8694,50.910419213834864,43.18188617183491,7224,3,stroke_nan
8695,47.11703636095199,40.08411460662112,7380,3,stroke_nan
8696,41.91615894557555,45.3182828151815,7135,3,stroke_nan
8697,40.923176941298465,30.679866107000944,5680,2,octagram
8698,39.793561555583686,32.24087037956221,5651,2,octagram
8699,49.15780231503355,22.87247181199139,4090,1,inner_ring
8700,35.22232617865712,37.476466199537434,5559,2,octagram
8701,30.515846066850177,36.67978916476612,5497,2,octagram
8702,29.576473243516542,38.76494372732652,3883,1,inner_ring
8703,32.6925328790985,40.91351518651554,5446,2,octagram
8704,42.21941530658781,55.055895969051384,6743,3,stroke_nan
8705,22.267528941621123,35.06477576593754,10768,5,text_en_1919
8706,33.07780754133572,32.46110843386743,5574,2,octagram
8707,24.101641203967453,26.760407887475463,1409,0,outer_ring
8708,32.400037980149044,29.784605918176055,3954,1,inner_ring
8709,39.74365588394988,10.035192681374527,1491,0,outer_ring
8710,40.740065156379046,20.584766200892666,10913,5,text_en_1919
8711,48.20352684074408,16.21100789210939,11225,5,text_en_1919
8712,40.69696190669269,29.846036889121702,5694,2,octagram
8713,51.66150337098141,34.4451764283543,7547,3,stroke_nan
8714,52.224891178462144,31.622344184879967,5888,2,octagram
8715,54.85145459248478,25.843339343095433,5937,2,octagram
8716,55.27618384153608,31.813496942221,8565,4,stroke_kai
8717,70.07208481153772,30.16534392881184,6222,2,octagram
8718,73.7909334700495,39.10722891287702,6381,2,octagram
8719,67.5347389791038,46.229755134993745,6452,2,octagram
8720,68.12475415464091,48.64287769981604,7992,4,stroke_kai
8721,68.60889101499943,44.204903967193914,6438,2,octagram
8722,60.82900353249282,57.58855294028559,7772,4,stroke_kai
8723,64.22682004574638,50.59474939284258,7913,4,stroke_kai
8724,67.97232547253397,68.54568204936271,4632,2,octagram
8725,60.959776275492295,74.42692802584583,3482,1,inner_ring
8726,39.968126748461906,68.3016433007767,5052,2,octagram
8727,42.62453408898325,76.18523927251185,3607,1,inner_ring
8728,44.16167526241971,86.37067158143658,1047,0,outer_ring
8729,49.824889613671346,89.49481642485061,611,0,outer_ring
8730,56.09988739595719,89.37377219482771,263,0,outer_ring
8731,49.98827785690651,74.7182398368133,3557,1,inner_ring
8732,53.9215658232033,87.53718561882583,373,0,outer_ring
8733,54.06277870114077,83.7469347181954,8727,5,text_en_1919
8734,49.19423818627365,81.05972876989306,8692,5,text_en_1919
8735,46.16970524696987,80.29900856348941,9194,5,text_en_1919
8736,48.343938419662265,80.68343816199437,8707,5,text_en_1919
8737,36.01968616306975,56.81341501366568,6742,3,stroke_nan
8738,32.787000330836314,59.73113599975145,5152,2,octagram
8739,27.614671311449612,61.0327499507379,3726,1,inner_ring
8740,52.80373991454312,90.60032855752755,429,0,outer_ring
8741,60.29402772455837,89.64748314320173,114,0,outer_ring
8742,58.82734810568331,89.71420170529093,156,0,outer_ring
8743,65.88008922262333,81.00351768252851,9062,5,text_en_1919
8744,66.46256270030023,90.62523303622177,34,0,outer_ring
8745,69.37272472077464,88.5256493725439,8664,5,text_en_1919
8746,61.35106283406411,77.38031892164139,9199,5,text_en_1919
8747,70.88649645882322,88.95230706071992,8713,5,text_en_1919
8748,68.49866443080651,80.4729500464966,9182,5,text_en_1919
8749,75.75429479363498,72.18830660265391,9436,5,text_en_1919
8750,81.08156467423458,62.55372330728412,3337,1,inner_ring
8751,77.5421169939953,66.00563201868813,3361,1,inner_ring
8752,66.85049230385066,58.90964339867038,7667,4,stroke_kai
8753,82.07442359798002,57.138505416530194,3303,1,inner_ring
8754,81.92500424263318,56.23272362592497,4422,2,octagram
8755,84.4042581069388,51.249795405241066,3268,1,inner_ring
8756,91.10339555740319,43.243528639201855,10468,5,text_en_1919
8757,93.3839125277543,51.65618835403752,10035,5,text_en_1919
8758,95.50368415052286,45.498464177152066,10241,5,text_en_1919
8759,91.71670334461761,50.90930137387975,10065,5,text_en_1919
8760,64.1306404352731,33.51468704474011,8498,4,stroke_kai
8761,60.16794176763038,42.115742956065645,8253,4,stroke_kai
8762,64.25050217674347,37.62725025076571,8405,4,stroke_kai
8763,67.95869552811395,33.02294183491489,6206,2,octagram
8764,62.180414195977704,24.258956014549717,6059,2,octagram
8765,78.40118722289859,35.222116395098205,4362,1,inner_ring
8766,76.31871902735658,42.48348804340371,4409,1,inner_ring
8767,76.8438236059873,41.88022742386601,4406,1,inner_ring
8768,79.99193381713397,57.865304070880434,3314,1,inner_ring
8769,66.18295717823257,22.932568621601636,6109,2,octagram
8770,70.19814995375906,19.646112811016327,4244,1,inner_ring
8771,70.11742368472778,28.248869789025104,6220,2,octagram
8772,62.99579202148047,16.610870274303142,10904,5,text_en_1919
8773,61.46149488997024,15.694203622789406,10934,5,text_en_1919
8774,50.696172307380294,5.6290869812854964,1984,0,outer_ring
8775,50.5392875544768,7.712745365654872,1956,0,outer_ring
8776,53.861303220189754,7.452593486070082,2271,0,outer_ring
8777,47.251312146183274,13.869093179903555,11349,5,text_en_1919
8778,49.02906251301945,9.314795586839105,1815,0,outer_ring
8779,54.59001897352178,6.182925797101373,2346,0,outer_ring
8780,56.39312938116507,8.391269822914028,2516,0,outer_ring
8781,55.80695281200996,8.399477583484744,2466,0,outer_ring
8782,54.090822999729845,7.772673325922163,2294,0,outer_ring
8783,53.499794652371705,2.126291073465951,2227,0,outer_ring
8784,47.974988896536324,9.386703287180092,1736,0,outer_ring
8785,40.24407643677814,13.031226013900127,1484,0,outer_ring
8786,48.48546204823287,9.161967991653714,1773,0,outer_ring
8787,56.58871107349207,6.471335020361377,2518,0,outer_ring
8788,61.32324893009947,0.5761229624508876,2775,0,outer_ring
8789,61.005746147542936,25.091254830377,6016,2,octagram
8790,69.38480707660992,6.4914568112241104,3162,0,outer_ring
8791,66.11586371135492,7.71858046621624,3040,0,outer_ring
8792,66.10131427650494,27.91417894662154,6166,2,octagram
8793,87.2627304191487,41.923884224245874,10463,5,text_en_1919
8794,84.2434844681341,36.36304458336073,10686,5,text_en_1919
8795,71.38973681651441,19.827411448444852,4256,1,inner_ring
8796,70.63699762756207,29.46900537916622,6227,2,octagram
8797,65.21142765281361,7.929099595089433,2997,0,outer_ring
8798,39.97430896376984,24.402348419505497,4040,1,inner_ring
8799,35.10937840351192,27.043412270180394,3998,1,inner_ring
8800,90.9072144425848,59.13526206297432,9785,5,text_en_1919
8801,47.406178463894875,91.83108741422723,778,0,outer_ring
8802,45.78917015176099,91.35895760902186,901,0,outer_ring
8803,46.048354758322866,90.59695538167861,893,0,outer_ring
8804,50.58076188311156,90.92288704804336,562,0,outer_ring
8805,50.1437026768483,92.96130098683993,574,0,outer_ring
8806,44.29557648034318,88.4984253385433,1024,0,outer_ring
8807,47.326453315824565,93.4501778984103,769,0,outer_ring
8808,39.07909977507996,84.81957693816953,1245,0,outer_ring
8809,29.251120611508487,79.21847254853287,9295,5,text_en_1919
8810,31.744341527453955,76.6379411851875,9366,5,text_en_1919
8811,35.69193594749538,76.01932048553473,3638,1,inner_ring
8812,31.89883316569136,66.88017849653545,3687,1,inner_ring
8813,26.301899917314582,71.8029053989713,9486,5,text_en_1919
8814,20.299604163504295,58.06459152219465,9953,5,text_en_1919
8815,19.057108413313415,61.43626950987257,9748,5,text_en_1919
8816,23.32088202082672,65.98050873661204,9656,5,text_en_1919
8817,22.049145589222817,56.55327309648496,9994,5,text_en_1919
8818,24.277549120728303,50.385689147298166,10199,5,text_en_1919
8819,28.138194569715925,47.74036977576505,3824,1,inner_ring
8820,30.903453510232968,51.24280976399021,5300,2,octagram
8821,39.175133422874815,46.520515600873146,7116,3,stroke_nan
8822,38.121198149893786,45.654766251381574,7171,3,stroke_nan
8823,43.42447260196987,50.35159339627518,6973,3,stroke_nan
8824,41.14401940537569,51.09626779363706,6933,3,stroke_nan
8825,51.82271686427923,52.23814011494546,6920,3,stroke_nan
8826,49.33624752100764,59.962989387301874,6593,3,stroke_nan
8827,60.882720081714005,66.16045804587495,4749,2,octagram
8828,51.72938280137916,81.36989031282573,8735,5,text_en_1919
8829,54.865173777720386,67.65422813359734,4811,2,octagram
8830,61.61097874497418,77.91556682075156,9178,5,text_en_1919
8831,57.835467196480586,71.74398761793744,3502,1,inner_ring
8832,58.93763311795629,72.22073119747142,3493,1,inner_ring
8833,51.359448870301016,41.41118786766325,7332,3,stroke_nan
8834,58.55804590969949,42.37343715628757,8230,4,stroke_kai
8835,45.89388037386554,37.7836773520689,7477,3,stroke_nan
8836,57.99674667381292,27.104277755917273,5953,2,octagram
8837,52.026005707077104,45.76295491814157,7156,3,stroke_nan
8838,45.36652442029097,42.79719347577454,7303,3,stroke_nan
8839,37.98041477388677,35.94375720100947,5611,2,octagram
8840,42.28208739487096,16.475697609638477,11128,5,text_en_1919
8841,42.86369964974416,36.79223481211964,7494,3,stroke_nan
8842,40.90727810896443,32.08469007755034,5659,2,octagram
8843,31.8656202254055,32.47542202503327,5565,2,octagram
8844,31.1926405008565,37.95831400566396,5483,2,octagram
8845,36.82168497614409,51.79073337885945,6926,3,stroke_nan
8846,33.414132545386394,59.9682095685996,5131,2,octagram
8847,28.18803212454395,44.06265438397742,3849,1,inner_ring
8848,29.00718778480427,24.550460329198167,10855,5,text_en_1919
8849,32.163034852290316,24.22724888756669,3992,1,inner_ring
8850,31.449084627857637,35.39450185437544,5523,2,octagram
8851,34.085201645405384,14.062477896444284,1436,0,outer_ring
8852,38.58914092087013,17.031114367397063,11245,5,text_en_1919
8853,39.60393932655724,11.690676353466937,1480,0,outer_ring
8854,38.42073564574146,25.79788946307967,4027,1,inner_ring
8855,48.76331028153179,28.21291698484876,5846,2,octagram
8856,50.6306968973467,27.966395894722705,5869,2,octagram
8857,48.01846592183169,28.711429090200443,5838,2,octagram
8858,57.31036828839603,39.11950054561466,8465,4,stroke_kai
8859,52.633069548067205,34.81785753719388,5902,2,octagram
8860,53.305912609415316,50.314243334399805,6938,3,stroke_nan
8861,65.03678318753921,45.472691505320945,8091,4,stroke_kai
8862,65.73491626710295,53.62068083207926,7845,4,stroke_kai
8863,63.04753230331304,54.39933214690909,7861,4,stroke_kai
8864,63.258307733571044,55.61661671947563,7819,4,stroke_kai
8865,66.56251209071611,57.849209304316375,7732,4,stroke_kai
8866,64.47165705509354,61.4086433026146,7610,4,stroke_kai
8867,66.451768458344,67.65678900038833,4627,2,octagram
8868,46.45420166919499,80.94944067363569,8636,5,text_en_1919
8869,41.41945757961494,74.48310091478584,3616,1,inner_ring
8870,47.286115322197,87.14526330038576,845,0,outer_ring
8871,49.34065189444315,88.95286706680916,662,0,outer_ring
8872,61.34997287414182,85.85759708657183,8750,5,text_en_1919
8873,55.37938978365594,94.39318923838101,296,0,outer_ring
8874,45.85151453979275,83.66414162947687,1009,0,outer_ring
8875,51.300387975702925,84.39604680004346,560,0,outer_ring
8876,48.22676435254476,86.51572800119588,786,0,outer_ring
8877,53.06393617943347,79.30156818269523,9057,5,text_en_1919
8878,42.978611557254645,67.91157916423224,5027,2,octagram
8879,36.75413643618851,59.196007984220046,6665,3,stroke_nan
8880,28.545057510961577,68.88868781056252,9605,5,text_en_1919
8881,30.434847322463906,52.63408848318173,5283,2,octagram
8882,54.60189032126398,93.60342684378135,329,0,outer_ring
8883,59.750908454899545,92.71448185090534,144,0,outer_ring
8884,61.67228881341483,88.737065969584,8651,5,text_en_1919
8885,71.49461059255063,92.40211567581096,9,0,outer_ring
8886,55.4062034559598,89.2710825538022,295,0,outer_ring
8887,71.65746144697727,88.52701910660923,8743,5,text_en_1919
8888,85.95621485220315,69.68900923277417,9506,5,text_en_1919
8889,71.29708206786329,81.38803818587789,9160,5,text_en_1919
8890,76.3400150442685,74.85572745545564,9383,5,text_en_1919
8891,64.00399582020582,69.56321782723168,4667,2,octagram
8892,84.74776695624743,73.52417452118642,9439,5,text_en_1919
8893,80.69315561709341,68.03970312511846,9562,5,text_en_1919
8894,76.1948398684363,62.24439065600316,4513,2,octagram
8895,77.87523963456144,59.285983317052626,4493,2,octagram
8896,80.10150339418453,46.520103501597475,10290,5,text_en_1919
8897,76.84185891970301,47.75802584854701,6489,2,octagram
8898,89.8323344790643,44.48784038191046,10394,5,text_en_1919
8899,81.86653183266029,53.42526887700015,6559,2,octagram
8900,93.6617538720334,44.455324856144344,10358,5,text_en_1919
8901,93.56543133938466,52.27837639402369,10030,5,text_en_1919
8902,56.285159221081514,37.92474048219999,8494,4,stroke_kai
8903,56.72925106159573,43.167301441047236,8236,4,stroke_kai
8904,64.86857443090871,39.09014584797263,8358,4,stroke_kai
8905,61.26927185595968,37.04147907962527,8423,4,stroke_kai
8906,67.67241085080576,38.42243654168067,8334,4,stroke_kai
8907,65.300067156003,32.88212248236678,8487,4,stroke_kai
8908,78.45326169420952,43.649674658624875,4414,1,inner_ring
8909,79.60462150615264,39.788033081448454,4393,1,inner_ring
8910,81.57426935417111,32.545469569307116,10697,5,text_en_1919
8911,72.15071802566263,27.98784037860325,6240,2,octagram
8912,65.17369498304735,21.615668120972096,4214,1,inner_ring
8913,82.33574273143955,49.475419659267004,3257,1,inner_ring
8914,64.39293029521725,15.782109334018012,10891,5,text_en_1919
8915,57.75829092047037,4.736614304783269,2594,0,outer_ring
8916,65.21493062528444,4.998537148477503,2972,0,outer_ring
8917,50.74707051023932,8.280721463133148,1970,0,outer_ring
8918,48.73127141904188,12.161173357910226,1759,0,outer_ring
8919,48.97844194580637,10.06130820702391,1808,0,outer_ring
8920,53.06302131807532,8.863324726530067,2186,0,outer_ring
8921,56.37851422210929,7.154882895019964,2508,0,outer_ring
8922,61.44025416694245,3.6797561594201134,2819,0,outer_ring
8923,60.66282546001336,8.554134783203082,2821,0,outer_ring
8924,56.53989625250501,10.97200989482798,2543,0,outer_ring
8925,50.11617747562014,6.865998267317808,1926,0,outer_ring
8926,49.351004881242794,7.223214947707495,1857,0,outer_ring
8927,49.05453840459572,8.002137102235785,1825,0,outer_ring
8928,59.39225510418744,3.542619072649893,2686,0,outer_ring
8929,57.83238823408721,4.917659322620516,2599,0,outer_ring
8930,62.194403207654716,6.433156964963088,2869,0,outer_ring
8931,59.634173930959165,6.545391481725511,2733,0,outer_ring
8932,65.89116041708247,8.40739188609429,3037,0,outer_ring
8933,70.53278840544525,12.266844697349022,4222,1,inner_ring
8934,71.71246793985392,33.381580934876204,6261,2,octagram
8935,69.97829787710445,30.5975963160849,6225,2,octagram
8936,81.72865260441901,10.623423761243107,3224,0,outer_ring
8937,68.47080673462906,8.897677162650648,3160,0,outer_ring
8938,74.24778536209034,21.04606079452091,4273,1,inner_ring
8939,70.42394069340908,7.128135009899896,3193,0,outer_ring
8940,41.000590188165674,27.196868646968152,5739,2,octagram
8941,39.68458461345769,19.85468165986455,11061,5,text_en_1919
8942,90.70856666271635,52.5940651068903,10037,5,text_en_1919
8943,51.705626326338624,95.33908223520027,473,0,outer_ring
8944,40.22981844664918,88.89762137991781,1170,0,outer_ring
8945,46.548778076367554,93.41434447442612,818,0,outer_ring
8946,61.273559421539844,89.13230930862804,8641,5,text_en_1919
8947,45.69171677422821,90.91499849914581,916,0,outer_ring
8948,44.174005096461116,93.83420930687869,957,0,outer_ring
8949,39.936484812738406,90.4150363738428,1166,0,outer_ring
8950,35.05959360916338,89.61682018990268,1287,0,outer_ring
8951,39.4539436456051,88.19759420711884,1198,0,outer_ring
8952,40.28561642994816,74.96983941087147,3623,1,inner_ring
8953,33.1715752874956,76.95254591857804,9386,5,text_en_1919
8954,29.555790219035412,77.96337833002482,9331,5,text_en_1919
8955,23.39593276092056,65.26065714090076,9682,5,text_en_1919
8956,29.63210513599875,52.081645299112125,5285,2,octagram
8957,23.558865524734294,63.05494821038329,9702,5,text_en_1919
8958,22.356439504766296,52.98061859800641,10158,5,text_en_1919
8959,19.922096621507862,48.2917043590771,10416,5,text_en_1919
8960,26.858470312708164,53.90855845038791,3771,1,inner_ring
8961,30.05585359491325,57.588228433293814,5220,2,octagram
8962,30.863599919663898,57.047061089737504,5216,2,octagram
8963,35.48434691189438,46.64073358140372,5376,2,octagram
8964,39.899443320283666,47.18854550744877,7101,3,stroke_nan
8965,46.69726567833744,40.19959424302212,7393,3,stroke_nan
8966,46.03460958980006,54.868626702648505,6771,3,stroke_nan
8967,49.80232438427922,55.136622549964,6736,3,stroke_nan
8968,48.23535282911773,52.398570456247526,6856,3,stroke_nan
8969,68.42904347843269,76.76624592674428,9317,5,text_en_1919
8970,56.62518594703003,65.05757668342446,4809,2,octagram
8971,60.10700484468895,69.50124507507458,4741,2,octagram
8972,58.788948351397245,72.78466377762672,3494,1,inner_ring
8973,62.955560737699045,76.65849885956601,9273,5,text_en_1919
8974,54.937831700084985,67.8762885191178,4808,2,octagram
8975,67.79291315875865,48.46276826757701,7994,4,stroke_kai
8976,45.62186335670821,58.84124568645783,6630,3,stroke_nan
8977,46.72939285837884,44.33333984127743,7264,3,stroke_nan
8978,46.54719162839541,22.881104922925704,4076,1,inner_ring
8979,44.475364681309735,41.85719703709448,7294,3,stroke_nan
8980,35.56963378048409,39.59894102642175,5445,2,octagram
8981,48.04009607295567,17.568739468533177,11185,5,text_en_1919
8982,38.82244113083951,33.443467683754996,5624,2,octagram
8983,30.152771182204667,38.71158414897829,5482,2,octagram
8984,23.630204554126774,40.411166510394345,10617,5,text_en_1919
8985,32.41325359971791,27.589198081311654,3970,1,inner_ring
8986,33.67149498686055,39.81745079745447,5447,2,octagram
8987,29.010247640661408,44.56068970180457,3846,1,inner_ring
8988,41.31408282504357,51.451735290630324,6915,3,stroke_nan
8989,29.88215788467415,34.07577493606861,3904,1,inner_ring
8990,24.21963932221884,42.93460972649794,10573,5,text_en_1919
8991,36.71186504761201,34.64409919199774,5604,2,octagram
8992,33.796450641573635,25.820729420302353,3995,1,inner_ring
8993,39.22788616023843,21.981982103427878,10884,5,text_en_1919
8994,42.24108709125684,30.565295778334004,5689,2,octagram
8995,54.508488466511,7.380354030493214,2337,0,outer_ring
8996,49.076206449458866,23.37003788076877,4088,1,inner_ring
8997,48.150432971086914,28.55015525722388,5839,2,octagram
8998,51.2826252263324,22.321121703415535,11047,5,text_en_1919
8999,54.810291908995445,23.56700807931151,4129,1,inner_ring
9000,53.98848466699177,18.32494980343361,11178,5,text_en_1919
9001,61.465322864509055,47.682377650739404,8063,4,stroke_kai
9002,60.788206738452644,45.193317594155566,8145,4,stroke_kai
9003,64.54002511735418,45.18076764979731,8124,4,stroke_kai
9004,68.18779968992136,48.422145401163384,7993,4,stroke_kai
9005,64.0664509732961,50.88565706490223,7912,4,stroke_kai
9006,76.62086042446444,55.682006074672174,4462,2,octagram
9007,67.86125932639462,57.70256088367823,7709,4,stroke_kai
9008,68.81360650831738,60.670867940329366,7642,4,stroke_kai
9009,67.03551393504124,53.68001452253328,7769,4,stroke_kai
9010,42.24345057200574,72.98733166635084,4982,2,octagram
9011,49.909792685934704,91.84677609319245,586,0,outer_ring
9012,49.938532563085715,86.83430138699548,631,0,outer_ring
9013,50.019419768097876,89.37579620471276,599,0,outer_ring
9014,58.21855853675621,91.12538838705937,177,0,outer_ring
9015,46.31295349158786,91.03425973248035,866,0,outer_ring
9016,55.702806747198466,84.44345370547951,8649,5,text_en_1919
9017,54.20836187622394,88.74243994398236,359,0,outer_ring
9018,47.59793327474276,80.79299414443533,8715,5,text_en_1919
9019,49.2223207665688,76.96027951235408,9252,5,text_en_1919
9020,43.242304558828415,76.04596123128138,3604,1,inner_ring
9021,28.92096510085567,64.68244001308638,3705,1,inner_ring
9022,34.126874995238076,59.82632957514697,5123,2,octagram
9023,30.65316632116551,65.53176619438447,3696,1,inner_ring
9024,61.351751136947485,92.6633438900517,95,0,outer_ring
9025,60.15561470877738,93.80228547253908,132,0,outer_ring
9026,60.331119289385114,88.85903498107211,108,0,outer_ring
9027,61.19137668392992,90.50007450966005,8588,5,text_en_1919
9028,67.4530039443028,84.41921029957535,8841,5,text_en_1919
9029,70.6498450780496,83.79482858962001,8981,5,text_en_1919
9030,77.68274855998965,79.71422863733108,9259,5,text_en_1919
9031,71.4852538326341,71.14687889289397,3416,1,inner_ring
9032,80.7970666942963,74.29074666696637,9368,5,text_en_1919
9033,75.67338883190489,68.41079312258394,3379,1,inner_ring
9034,81.03492117877968,65.78756614839847,9598,5,text_en_1919
9035,82.87713908988941,55.03699717698433,3295,1,inner_ring
9036,80.35797135898832,62.031450828580134,3336,1,inner_ring
9037,83.55006750637875,60.0871975474847,9798,5,text_en_1919
9038,81.7277407111498,45.16640235004333,10328,5,text_en_1919
9039,84.78343985032271,51.52203339453674,3269,1,inner_ring
9040,88.08908618764079,39.99945606597623,10465,5,text_en_1919
9041,83.6280441789726,50.702393616826214,3264,1,inner_ring
9042,93.98152340266556,32.39882304386682,10783,5,text_en_1919
9043,94.09107218556197,51.52939291505437,10040,5,text_en_1919
9044,74.88951517853332,33.70796018335434,6298,2,octagram
9045,63.43105605571897,42.817010026221666,8216,4,stroke_kai
9046,64.9677938670918,28.563589163119047,6168,2,octagram
9047,73.47182811184054,44.30983553459461,6423,2,octagram
9048,63.036345870756506,37.561794072194786,8400,4,stroke_kai
9049,72.51529615861348,37.76579884117682,6369,2,octagram
9050,70.16906641943915,21.115013828938682,4251,1,inner_ring
9051,68.24934841685901,39.12624132310672,8319,4,stroke_kai
9052,68.24740550491677,40.98855462099353,8293,4,stroke_kai
9053,66.49118743767609,35.63916393765106,8419,4,stroke_kai
9054,68.33275421621002,18.927562062141487,4230,1,inner_ring
9055,60.14799352611298,22.777635040085702,6021,2,octagram
9056,65.38841722291221,15.449002433525267,10882,5,text_en_1919
9057,59.18834850379484,8.145026910326745,2720,0,outer_ring
9058,53.96548229495725,9.187879190824017,2282,0,outer_ring
9059,53.35538966838234,8.386230925720694,2220,0,outer_ring
9060,52.029113350333894,6.692265813541008,2090,0,outer_ring
9061,51.77460157451227,8.002526806282798,2072,0,outer_ring
9062,53.11720090614458,11.929612070515628,2189,0,outer_ring
9063,57.96458332573758,9.70204391190218,2635,0,outer_ring
9064,52.84135571112587,8.805100113092674,2168,0,outer_ring
9065,57.827459643216436,8.262690992777975,2616,0,outer_ring
9066,57.127744592238955,5.59262525401752,2554,0,outer_ring
9067,59.154551171340735,5.67051531821971,2688,0,outer_ring
9068,48.660117049388646,8.972263443896663,1790,0,outer_ring
9069,57.80848040918358,5.517096218475457,2601,0,outer_ring
9070,59.584294251979834,9.989814509258775,2756,0,outer_ring
9071,53.200341618051276,9.466731068090127,2197,0,outer_ring
9072,58.499704351390015,11.796935457373483,2700,0,outer_ring
9073,58.18265006656609,7.9503268035227785,2639,0,outer_ring
9074,64.98607378801854,3.5063382014907085,2954,0,outer_ring
9075,66.0052853482704,9.466760563803712,3056,0,outer_ring
9076,73.30960037918794,33.75288175977386,6286,2,octagram
9077,66.96099958401156,15.123388232602835,10928,5,text_en_1919
9078,75.42485187560318,25.40399345750064,4304,1,inner_ring
9079,74.05039603909093,23.249023772786604,4285,1,inner_ring
9080,80.49175948538412,33.540725288949815,10689,5,text_en_1919
9081,94.5673136885365,36.54348954524898,10596,5,text_en_1919
9082,36.009444243628074,24.895167205748997,4014,1,inner_ring
9083,44.13105009489604,10.820855820338464,1566,0,outer_ring
9084,78.04289934372193,52.15249645171146,6536,2,octagram
9085,48.5696609541145,94.6533603514653,663,0,outer_ring
9086,47.670541321331335,94.39263669360419,733,0,outer_ring
9087,43.368887766500755,89.13025140074393,1048,0,outer_ring
9088,51.42352895521019,94.37302343007988,494,0,outer_ring
9089,43.18961004539277,91.85604994481776,1031,0,outer_ring
9090,38.717153251958706,88.4463138053798,1219,0,outer_ring
9091,36.66932183488382,85.92384353634887,1289,0,outer_ring
9092,43.2509864259997,92.03179870961677,1028,0,outer_ring
9093,36.726084903707914,85.67905436028582,1292,0,outer_ring
9094,37.73390823835848,65.8248238557089,5076,2,octagram
9095,29.96311668204806,77.00735978743519,9325,5,text_en_1919
9096,30.140316708793186,77.27672052495487,9340,5,text_en_1919
9097,28.123119613033403,57.90507183848072,3747,1,inner_ring
9098,17.495953556047265,70.30740623485423,1387,0,outer_ring
9099,18.251497018242866,67.92636769756628,9575,5,text_en_1919
9100,21.640575901077767,54.99865231535191,10003,5,text_en_1919
9101,19.953793792319036,54.387862672304855,10173,5,text_en_1919
9102,21.762617595346182,46.2106556669374,10563,5,text_en_1919
9103,30.372384063505013,53.533971103420846,5271,2,octagram
9104,25.374560383000667,58.74874073356828,5231,2,octagram
9105,34.34874547841271,50.25182731877468,5341,2,octagram
9106,44.73069192274915,52.77215872825667,6804,3,stroke_nan
9107,44.52076449351388,51.00861448814434,6876,3,stroke_nan
9108,43.93995230249323,51.97011706814955,6865,3,stroke_nan
9109,53.58264199748253,53.87737980377307,6687,3,stroke_nan
9110,57.639347145340935,56.19081724653609,7670,4,stroke_kai
9111,60.35334833907464,72.7535648746872,3485,1,inner_ring
9112,64.76597858943416,55.2661469819205,7832,4,stroke_kai
9113,59.08494926382868,52.2434853647415,7950,4,stroke_kai
9114,53.42907471555554,73.44042008707578,3534,1,inner_ring
9115,56.69292269364186,77.71833074868222,9121,5,text_en_1919
9116,60.21432811585367,71.4716550852137,3483,1,inner_ring
9117,55.17302757164364,50.13782639110436,7848,4,stroke_kai
9118,49.16210379760499,49.44089059769197,6951,3,stroke_nan
9119,48.850965759652375,32.32205541541689,7560,3,stroke_nan
9120,58.21238294180874,26.220629377875373,5958,2,octagram
9121,52.768791083314376,43.76291844793596,7358,3,stroke_nan
9122,47.98966661444411,25.2457850161835,5822,2,octagram
9123,44.24946998935187,20.57987297249561,10923,5,text_en_1919
9124,53.22056511667135,8.0078371411911,2201,0,outer_ring
9125,28.162238927036437,30.42179832688156,3927,1,inner_ring
9126,41.1447008003912,39.766250841868896,7368,3,stroke_nan
9127,25.287347447211722,35.24729486201435,10742,5,text_en_1919
9128,28.613084521151954,40.01756184950208,3870,1,inner_ring
9129,28.731996453775007,49.396978117206594,3812,1,inner_ring
9130,34.86130916974309,50.12575789907978,5349,2,octagram
9131,23.96329259019451,39.527223636994265,10636,5,text_en_1919
9132,19.070900082548548,37.00891967593931,10766,5,text_en_1919
9133,38.632543648331506,19.446823440171276,11182,5,text_en_1919
9134,31.75853975577005,30.481045843455256,3945,1,inner_ring
9135,30.546306879495603,13.848778884880272,1423,0,outer_ring
9136,38.2876324253342,13.508057223848148,1460,0,outer_ring
9137,45.06086605041446,22.972623078102465,4068,1,inner_ring
9138,57.03159148135727,10.20577041228422,2574,0,outer_ring
9139,52.8525576866316,33.14463488363958,5898,2,octagram
9140,51.29244592116363,23.41821326093641,4100,1,inner_ring
9141,64.34867763177489,26.045691138098952,6142,2,octagram
9142,60.15756052258882,26.963768911477047,5991,2,octagram
9143,53.99403634890165,26.85325887777805,4120,1,inner_ring
9144,66.8347918949239,43.012035943257786,8224,4,stroke_kai
9145,58.94168498974501,36.24377662455402,8576,4,stroke_kai
9146,64.3703931296762,47.922551399564284,8033,4,stroke_kai
9147,74.21086314187642,52.94586302996303,6522,2,octagram
9148,69.27907532552423,59.7146794598161,7646,4,stroke_kai
9149,65.55419402334496,49.3572287787207,7922,4,stroke_kai
9150,61.283854550099655,65.4918896697626,4752,2,octagram
9151,70.01492374562633,59.34472424561486,7663,4,stroke_kai
9152,51.660326629547896,74.61861861004144,3551,1,inner_ring
9153,43.58902476706691,79.299235065778,3597,1,inner_ring
9154,43.83016639400788,77.42204561656575,4960,2,octagram
9155,49.552431658840845,81.84613600670295,8667,5,text_en_1919
9156,58.73076991457349,82.69542459599043,8759,5,text_en_1919
9157,47.23728567094354,87.65406079545726,841,0,outer_ring
9158,54.516495106570275,75.98118113988036,9196,5,text_en_1919
9159,53.15034283762704,88.50025676348352,414,0,outer_ring
9160,49.740251732954896,70.54356533597934,4899,2,octagram
9161,42.76967238507416,68.97667916779601,5021,2,octagram
9162,42.94041084037532,72.10697922730458,4995,2,octagram
9163,31.090954940889507,58.70934355529817,5202,2,octagram
9164,38.199205567446235,59.030575148125685,6666,3,stroke_nan
9165,34.88238939550414,59.13352100576075,6667,3,stroke_nan
9166,52.05024226619149,91.01261526788697,467,0,outer_ring
9167,61.15215837262697,93.94988501549349,101,0,outer_ring
9168,60.18138963714042,95.95442343512705,137,0,outer_ring
9169,65.62619779590825,90.67386274297647,40,0,outer_ring
9170,64.61917379186974,79.52796770769943,9180,5,text_en_1919
9171,63.15030304623301,85.99815124495503,8751,5,text_en_1919
9172,68.91721889503259,82.50199954686894,9063,5,text_en_1919
9173,76.29923981174612,77.88915812301691,9342,5,text_en_1919
9174,79.138779359134,74.47880932421826,9399,5,text_en_1919
9175,77.56650024916988,69.14379493692174,3373,1,inner_ring
9176,72.58776729406237,60.62385085043206,4540,2,octagram
9177,80.06697216741948,65.23783628782077,3348,1,inner_ring
9178,77.59126402400899,58.71387990659052,4458,2,octagram
9179,88.59295736160963,57.8285447766969,9821,5,text_en_1919
9180,77.65899181607656,50.84280577817286,6518,2,octagram
9181,83.12759734392569,56.98856122060178,9868,5,text_en_1919
9182,90.45442633839534,49.74953160690172,10084,5,text_en_1919
9183,87.92447520678523,40.723383519356624,10464,5,text_en_1919
9184,92.85174681626887,37.07667008436154,10587,5,text_en_1919
9185,89.33862829584693,49.90098988742755,10093,5,text_en_1919
9186,57.95382658887425,20.450029153015002,4149,1,inner_ring
9187,61.024091538410474,28.52035804159675,6085,2,octagram
9188,61.80057368629496,44.43240422146336,8220,4,stroke_kai
9189,65.07279240241334,20.651283402238544,4208,1,inner_ring
9190,61.09400390537872,17.704427358389744,4168,1,inner_ring
9191,63.50577469362022,28.680071252634765,8557,4,stroke_kai
9192,78.06353282897472,34.87659958905418,6333,2,octagram
9193,74.8619545444038,46.94185141642855,3238,1,inner_ring
9194,73.61807128079214,44.77267094862632,6426,2,octagram
9195,73.80977202467325,39.384224153997046,6385,2,octagram
9196,64.9350923515894,33.19730431138998,8497,4,stroke_kai
9197,64.14258367537356,25.704592565268282,6135,2,octagram
9198,59.08198543730463,17.549763638850905,11087,5,text_en_1919
9199,61.67392998013763,3.5687095621963216,2828,0,outer_ring
9200,54.50729440630012,9.758121208915119,2354,0,outer_ring
9201,53.543524370783295,8.295266838694575,2239,0,outer_ring
9202,47.49164346185535,4.25326553261664,1751,0,outer_ring
9203,46.089358451728,11.471314065449052,1631,0,outer_ring
9204,50.716243829520074,4.218719047469602,1993,0,outer_ring
9205,55.226153151043796,12.787555395103702,11327,5,text_en_1919
9206,56.57618058987088,7.452248200295458,2522,0,outer_ring
9207,64.78612733448648,8.63290140555174,2989,0,outer_ring
9208,52.06806812433368,8.655893236919427,2088,0,outer_ring
9209,52.64732993806212,1.5624228629023629,2157,0,outer_ring
9210,53.2613640655615,10.487950173551058,2206,0,outer_ring
9211,50.252097321206286,6.768101054879619,1940,0,outer_ring
9212,52.941662176014894,10.79340995796945,2179,0,outer_ring
9213,51.65407482708777,9.583651534477582,2046,0,outer_ring
9214,56.50614058378716,2.1198018933600578,2487,0,outer_ring
9215,66.80975491732774,5.414873436891703,3044,0,outer_ring
9216,62.80856678516339,11.180245378323004,2937,0,outer_ring
9217,67.82505965056777,12.083298280217063,11092,5,text_en_1919
9218,71.4311810247687,23.547824605675423,4271,1,inner_ring
9219,74.22416187550508,44.02052838067109,6422,2,octagram
9220,88.56411554385299,44.05462602916869,10411,5,text_en_1919
9221,67.7530232759418,4.094082159450712,3066,0,outer_ring
9222,67.73914607164855,12.490543536192078,11079,5,text_en_1919
9223,67.75853074364633,5.960604089239689,3091,0,outer_ring
9224,40.961578615946586,24.54230429899802,5768,2,octagram
9225,42.67161796622442,28.740521061719082,5732,2,octagram
9226,86.95169336573979,52.88587431482575,9978,5,text_en_1919
9227,48.830654957276316,94.81409461513847,639,0,outer_ring
9228,41.73448706900488,90.26718377905269,1100,0,outer_ring
9229,40.379940593985175,91.9961517064795,1132,0,outer_ring
9230,49.79362318791528,88.68709700460003,624,0,outer_ring
9231,48.84808867071059,95.78064303685987,628,0,outer_ring
9232,48.4806138119012,90.96722073971752,717,0,outer_ring
9233,41.43419179007855,89.92350437145188,1116,0,outer_ring
9234,34.25628034120711,88.3598655717735,1310,0,outer_ring
9235,38.88919239643944,75.13932993359232,3629,1,inner_ring
9236,36.88089096918722,82.73789397562261,1315,0,outer_ring
9237,40.344940927275765,67.9035881998527,5057,2,octagram
9238,30.56941831677644,72.32982660800009,9501,5,text_en_1919
9239,27.93074108581656,65.72025214189053,9658,5,text_en_1919
9240,29.044964943251305,61.29561535461443,5182,2,octagram
9241,22.98894076396915,62.81029748390394,9784,5,text_en_1919
9242,21.633826862480326,61.36677747364776,9879,5,text_en_1919
9243,22.609115187503903,50.99379855926594,10204,5,text_en_1919
9244,26.023297038110393,52.15623264415645,10144,5,text_en_1919
9245,24.94680125773749,48.09019109227963,10307,5,text_en_1919
9246,29.274801362038215,51.40216089004234,3790,1,inner_ring
9247,30.613248789621696,58.36288325350185,5210,2,octagram
9248,45.389688968010404,44.94563794254502,7198,3,stroke_nan
9249,48.5582184937052,52.66473230825237,6808,3,stroke_nan
9250,45.60979309415676,52.816993829347965,6840,3,stroke_nan
9251,53.025942021773425,47.91053472733152,7048,3,stroke_nan
9252,46.917418707083506,69.69749178486087,5001,2,octagram
9253,52.328014219146716,72.74062874846793,3543,1,inner_ring
9254,66.75411989872383,63.16556239036761,7591,4,stroke_kai
9255,59.8388272042781,67.36701280506009,4755,2,octagram
9256,67.3243361958956,71.34030882321909,4679,2,octagram
9257,62.89867069582711,72.0028949430452,4706,2,octagram
9258,54.549787727324386,65.63468317648578,4837,2,octagram
9259,57.00926497462954,48.429348637789836,8002,4,stroke_kai
9260,51.258380185350596,39.264622795236704,7447,3,stroke_nan
9261,48.324737535773735,39.64919262009334,7398,3,stroke_nan
9262,50.74207389697147,34.343450727154135,7534,3,stroke_nan
9263,57.619049658670434,32.278678417852575,5967,2,octagram
9264,46.656535417401805,35.85493864560457,7530,3,stroke_nan
9265,41.583768854372906,29.538989753885456,5708,2,octagram
9266,37.34061141727914,29.210671547042654,5688,2,octagram
9267,36.7685885549963,40.492561899604794,7362,3,stroke_nan
9268,34.66295593774386,37.5016710649129,5550,2,octagram
9269,23.290958148071947,45.5170237239117,10559,5,text_en_1919
9270,28.475435056897993,43.437691539418765,3853,1,inner_ring
9271,34.25303278285127,43.55508914703533,5415,2,octagram
9272,40.935378018005096,43.17237435265668,7270,3,stroke_nan
9273,31.7223348862376,33.09594846203337,5564,2,octagram
9274,18.668144150734175,29.864531796190647,1406,0,outer_ring
9275,28.807574448125205,37.89272508093384,3887,1,inner_ring
9276,36.48167786671324,28.189248485358085,4004,1,inner_ring
9277,38.64584989942604,28.7096131614669,5704,2,octagram
9278,43.625542208767435,13.409884769997651,1542,0,outer_ring
9279,48.97435889181743,11.657698858577415,1785,0,outer_ring
9280,42.61079449457345,20.362149060217874,10989,5,text_en_1919
9281,58.85930703608959,6.182231003489194,2672,0,outer_ring
9282,61.6801360505176,16.715276748366247,4171,1,inner_ring
9283,48.80624751466747,14.117752596568906,11329,5,text_en_1919
9284,50.560536730021184,43.46999686306062,7229,3,stroke_nan
9285,58.577391093335116,39.12327640104796,8374,4,stroke_kai
9286,59.55193108628577,39.42459554077966,8345,4,stroke_kai
9287,65.10810509900489,42.01295860216766,8259,4,stroke_kai
9288,55.120192075842695,47.79165804765454,8085,4,stroke_kai
9289,66.5481799920982,46.167927337467596,8065,4,stroke_kai
9290,73.14612042735062,60.8034902450048,4534,2,octagram
9291,69.39012121136706,52.31220175407273,7870,4,stroke_kai
9292,69.72221715040743,68.91869181850396,4633,2,octagram
9293,66.35678860810378,60.94398747563282,7623,4,stroke_kai
9294,45.50627296370008,75.26238617220469,4951,2,octagram
9295,52.435160148604886,87.57889566527861,458,0,outer_ring
9296,42.582851868363484,82.37476619935873,8925,5,text_en_1919
9297,50.07816363613226,88.06246523049393,605,0,outer_ring
9298,51.663733728037194,90.28346758792986,500,0,outer_ring
9299,53.300609319475896,93.32904838510218,394,0,outer_ring
9300,55.02828568151981,80.14267067333608,9001,5,text_en_1919
9301,50.09590279406502,78.75717837129515,9067,5,text_en_1919
9302,47.48352453407014,77.29091145062608,9271,5,text_en_1919
9303,46.76705899728068,72.54782961178044,4931,2,octagram
9304,48.14199470627488,77.92832058360123,9250,5,text_en_1919
9305,29.91124500913047,57.48794032304783,5219,2,octagram
9306,31.888735795235906,53.74694632648746,5282,2,octagram
9307,41.45021728876064,60.226809025605,6609,3,stroke_nan
9308,53.985884242310156,90.4662208334114,369,0,outer_ring
9309,58.87344894572327,93.17236699095432,162,0,outer_ring
9310,57.775699550346616,95.93139372505553,205,0,outer_ring
9311,71.03170135784528,94.9821476112266,14,0,outer_ring
9312,67.57254110312287,80.27318105799205,9210,5,text_en_1919
9313,70.92247360659023,86.49876248901748,8830,5,text_en_1919
9314,66.96967424855971,57.83510610542485,7700,4,stroke_kai
9315,66.37277755268757,85.62028641323332,8763,5,text_en_1919
9316,65.9100668544311,72.80529042775362,4688,2,octagram
9317,67.9007937018422,70.42675045317154,4643,2,octagram
9318,83.03244303589662,63.95134585910939,9668,5,text_en_1919
9319,79.6567207903849,60.80760071051249,4484,2,octagram
9320,82.95224671976663,63.914763552504844,9660,5,text_en_1919
9321,85.10007021215635,54.76207423467275,9947,5,text_en_1919
9322,87.29230611547108,51.808941118824194,10071,5,text_en_1919
9323,84.6279370395333,49.072876262020195,3251,1,inner_ring
9324,90.46877789145363,38.150080622066376,10558,5,text_en_1919
9325,94.0812846929477,54.95238978581636,9866,5,text_en_1919
9326,95.00967638092132,42.38195570090627,10485,5,text_en_1919
9327,95.4199119919886,45.46160028687513,10260,5,text_en_1919
9328,55.127075145505515,35.2358858223352,8544,4,stroke_kai
9329,58.20373079085133,45.6823859630272,8164,4,stroke_kai
9330,61.79762257405388,27.481383799766306,6077,2,octagram
9331,76.11486552788442,27.715669583148017,4323,1,inner_ring
9332,66.73684857104713,36.50566249553053,8389,4,stroke_kai
9333,69.36744717851816,36.437089714443054,8353,4,stroke_kai
9334,79.071497349824,22.352741999312883,10808,5,text_en_1919
9335,76.11774926982308,31.680685887395725,6302,2,octagram
9336,77.73645428264237,40.212525203616394,4395,1,inner_ring
9337,67.94335468431197,27.28475407323423,6158,2,octagram
9338,71.02600516300423,29.801470293754594,6232,2,octagram
9339,58.88257069753533,15.436220379501876,11278,5,text_en_1919
9340,62.10516443540896,14.035456546388891,11077,5,text_en_1919
9341,55.11679325770103,8.627023421549,2401,0,outer_ring
9342,49.835751148607756,6.686382582399138,1905,0,outer_ring
9343,52.01134092694763,8.675263376327157,2083,0,outer_ring
9344,49.78280825963902,9.91920318450782,1873,0,outer_ring
9345,49.545554957208246,10.558143349067265,1851,0,outer_ring
9346,52.515440199454645,8.480025375987632,2133,0,outer_ring
9347,49.4150277853338,4.448870566864824,1887,0,outer_ring
9348,60.4361969053833,2.2338828140801086,2746,0,outer_ring
9349,62.260752188654024,9.456252554571186,2897,0,outer_ring
9350,62.90270835374824,10.299813147282695,2934,0,outer_ring
9351,50.17921786057479,8.454459500194432,1922,0,outer_ring
9352,52.03774289039019,3.7832760750586223,2099,0,outer_ring
9353,53.56107230897612,3.7143689125822563,2237,0,outer_ring
9354,61.122492884179366,8.237429075746263,2837,0,outer_ring
9355,50.687652787758466,5.201447585316912,1987,0,outer_ring
9356,57.78980394259393,9.768424302829082,2623,0,outer_ring
9357,62.427670419196424,18.07699147603314,4178,1,inner_ring
9358,65.26808059535873,7.4855643375277685,2994,0,outer_ring
9359,82.41308374294434,26.417181064338212,4331,1,inner_ring
9360,74.47823371311465,18.102425948852677,10841,5,text_en_1919
9361,71.07261003910621,31.47879450043014,6238,2,octagram
9362,85.81312258430746,30.128509442289584,10779,5,text_en_1919
9363,66.17566326164122,7.91576272358037,3045,0,outer_ring
9364,73.10849961271498,6.13094668650572,3217,0,outer_ring
9365,65.83426439882139,5.581086431059583,3003,0,outer_ring
9366,41.93917512426211,8.902907651484272,1534,0,outer_ring
9367,43.47092488028943,22.623959929467183,4061,1,inner_ring
9368,86.87062542211387,43.826182964800225,10427,5,text_en_1919
9369,45.20962422354589,88.97744924339636,967,0,outer_ring
9370,46.31315791186307,83.2324555422211,992,0,outer_ring
9371,45.12073641508487,87.31222392639144,1000,0,outer_ring
9372,59.20552095253667,92.32220211289886,153,0,outer_ring
9373,49.13424471997853,89.43384092616952,673,0,outer_ring
9374,43.26038326097132,86.32534203683933,1088,0,outer_ring
9375,40.506609615462985,90.78234972002299,1141,0,outer_ring
9376,40.837155458119156,89.58701421307408,1147,0,outer_ring
9377,33.864272558316145,75.72599492863478,9405,5,text_en_1919
9378,37.98187361354804,75.22169936609886,3630,1,inner_ring
9379,34.47223966935381,77.80857495845133,9395,5,text_en_1919
9380,30.434716349996247,75.16181421160738,9408,5,text_en_1919
9381,31.002612644326184,64.88224994905951,3697,1,inner_ring
9382,23.836441358029397,64.89811908927949,9693,5,text_en_1919
9383,20.53848082837249,58.98519187900269,9929,5,text_en_1919
9384,25.83045735884119,61.296809684045236,3729,1,inner_ring
9385,22.127371851660612,40.16140539419099,10635,5,text_en_1919
9386,24.230265654618,51.44651236119745,10151,5,text_en_1919
9387,25.16546197572464,47.880122500435164,10326,5,text_en_1919
9388,28.672753150988175,47.000224390295124,3828,1,inner_ring
9389,31.630660783327304,55.648405212221405,5259,2,octagram
9390,41.959692924920056,45.113156692258336,7136,3,stroke_nan
9391,40.49101045651633,42.10792756880201,7281,3,stroke_nan
9392,47.130726031521824,51.47619745455297,6890,3,stroke_nan
9393,47.43607934572472,51.90840615304225,6889,3,stroke_nan
9394,51.11774345344743,56.47629840957746,6707,3,stroke_nan
9395,51.44643555806351,54.98852925872353,6809,3,stroke_nan
9396,59.30161937755722,58.01297601269486,7617,4,stroke_kai
9397,63.830749125373124,67.78254697590155,4661,2,octagram
9398,64.89949195706845,69.12025089092951,4668,2,octagram
9399,56.42049749303831,77.42718545956735,9154,5,text_en_1919
9400,56.80289634127567,66.78856317529329,4798,2,octagram
9401,59.606987131003365,61.21892505582447,7579,4,stroke_kai
9402,49.152612574874155,40.94221341304777,7306,3,stroke_nan
9403,45.15043575284181,36.53095848707292,7520,3,stroke_nan
9404,48.87554107172734,43.072973171044396,7255,3,stroke_nan
9405,51.23663085175042,47.81962844314593,7077,3,stroke_nan
9406,45.99569724396402,32.80526218604653,7573,3,stroke_nan
9407,38.81866834127622,34.83937505008374,5619,2,octagram
9408,39.923539621716785,25.4298719264805,5759,2,octagram
9409,41.78245260582926,26.09403880139526,5756,2,octagram
9410,34.25317818679461,38.8740804925601,5462,2,octagram
9411,28.889982070076908,34.55657875319251,5504,2,octagram
9412,25.284063829730684,45.408098629685604,10543,5,text_en_1919
9413,39.60655550291906,42.097875244418425,7292,3,stroke_nan
9414,37.10716417114185,56.03917100469011,5186,2,octagram
9415,27.022471958411575,35.405900652512855,10738,5,text_en_1919
9416,31.02200962216195,31.86761260121038,3930,1,inner_ring
9417,26.543660938618828,38.25318387965655,10722,5,text_en_1919
9418,33.77814584479035,15.158289558313575,1432,0,outer_ring
9419,39.11743263576968,8.493856532886142,1488,0,outer_ring
9420,40.2111864304995,25.37162073433727,5765,2,octagram
9421,40.55417450682528,10.567471619410512,1501,0,outer_ring
9422,46.87494431074044,26.588363587944965,5818,2,octagram
9423,45.66575922166186,22.905101430903617,4071,1,inner_ring
9424,54.84017119779884,29.72314651935532,5921,2,octagram
9425,57.4391018457958,18.849053349019194,10968,5,text_en_1919
9426,49.40057559684846,35.211558506827295,7506,3,stroke_nan
9427,56.33378744047584,30.178948431639263,5926,2,octagram
9428,62.740040767031026,47.36396963793131,8095,4,stroke_kai
9429,63.61963927447932,43.377267031728685,8217,4,stroke_kai
9430,66.54794959026997,50.852326219230385,7865,4,stroke_kai
9431,63.31411243843132,54.46766291912989,7840,4,stroke_kai
9432,66.0507598633791,53.4188784976696,7890,4,stroke_kai
9433,63.59984487348536,59.62608459622353,7677,4,stroke_kai
9434,72.00744465755983,64.55011558648633,4577,2,octagram
9435,62.6950787918971,60.89510355634552,7625,4,stroke_kai
9436,42.93704558231627,76.18927698483884,3605,1,inner_ring
9437,46.887850094894496,87.1063297415639,888,0,outer_ring
9438,48.10444907846543,85.55778804609925,811,0,outer_ring
9439,52.34206571365463,90.85445374394799,450,0,outer_ring
9440,47.02016425782666,89.50588152647187,829,0,outer_ring
9441,57.30470831158613,92.4867476980231,217,0,outer_ring
9442,52.53801327338188,87.43916234524387,452,0,outer_ring
9443,53.59970180433757,91.36688353030895,385,0,outer_ring
9444,54.748508197387544,84.31925863543472,8686,5,text_en_1919
9445,52.251959675031735,69.96994983800812,4867,2,octagram
9446,42.339840806526404,71.70924268393034,5003,2,octagram
9447,33.909609097866785,50.54264437162828,5337,2,octagram
9448,32.458308783419874,59.813717861494894,5151,2,octagram
9449,32.017033431401885,60.33122611502858,5155,2,octagram
9450,60.419368669268536,94.80238171958192,126,0,outer_ring
9451,54.57184710292774,92.97142161708155,334,0,outer_ring
9452,62.07033380654597,94.2777538767302,84,0,outer_ring
9453,61.73203888570686,84.10077502509178,8873,5,text_en_1919
9454,60.00828842571437,84.23240210836465,8862,5,text_en_1919
9455,73.25141546484609,92.3432500560708,6,0,outer_ring
9456,70.66536434299555,72.73193210816522,3428,1,inner_ring
9457,76.29475163119045,71.68877424845732,9455,5,text_en_1919
9458,73.30122451454214,68.94065433253364,3397,1,inner_ring
9459,79.09806924444307,60.836749394082396,4488,2,octagram
9460,71.56139314410312,70.62760380893792,4639,2,octagram
9461,75.80463491936334,58.3264031874875,4506,2,octagram
9462,86.4566142887695,58.71418066018996,9793,5,text_en_1919
9463,90.27322005161223,66.65812644922022,9530,5,text_en_1919
9464,77.91093415670278,57.701092200626256,4451,2,octagram
9465,81.96612447208827,53.197159385889066,6560,2,octagram
9466,86.64225826147027,52.25686669104461,9981,5,text_en_1919
9467,79.698383530835,50.948686953079886,6535,2,octagram
9468,96.47113145194093,39.77268434582839,10532,5,text_en_1919
9469,94.74306029785947,41.242735840506235,10503,5,text_en_1919
9470,55.785570712606514,28.21720465864502,5933,2,octagram
9471,61.61352580937129,46.72233850194809,8082,4,stroke_kai
9472,64.90760636116953,37.40871042708534,8384,4,stroke_kai
9473,64.37791416401215,44.867903038383666,8156,4,stroke_kai
9474,60.618360884252276,41.655889306980605,8275,4,stroke_kai
9475,79.30732154707924,40.75643631754111,4399,1,inner_ring
9476,62.4833467409538,25.588144613882847,6069,2,octagram
9477,71.39488543527665,42.345623160981624,6421,2,octagram
9478,68.49199595926639,33.62648976024912,8441,4,stroke_kai
9479,68.02123433360704,31.568884273754772,6202,2,octagram
9480,65.14544078654222,27.91405026484987,6160,2,octagram
9481,64.98508006237782,31.693483785367135,8524,4,stroke_kai
9482,66.56555056916291,13.618361481420868,11036,5,text_en_1919
9483,54.740913047629746,11.361432561377985,2378,0,outer_ring
9484,54.69403569088888,7.634325584152797,2362,0,outer_ring
9485,49.11093401547363,8.260635099983315,1830,0,outer_ring
9486,48.09453104980245,11.559607649612696,1725,0,outer_ring
9487,47.888059063923606,8.767664340280852,1737,0,outer_ring
9488,48.560390653069334,7.613963854658802,1793,0,outer_ring
9489,57.66012795749291,7.927746966212716,2606,0,outer_ring
9490,56.52859159679817,12.329806206145083,11340,5,text_en_1919
9491,62.530488049932835,7.622038797882374,2894,0,outer_ring
9492,58.13836107013494,8.275472865552393,2638,0,outer_ring
9493,45.22969602663801,10.664323183073414,1590,0,outer_ring
9494,55.114419670515545,6.186749627017677,2391,0,outer_ring
9495,43.36407073269956,5.927393769164485,1573,0,outer_ring
9496,48.8286595012943,9.624343563048825,1798,0,outer_ring
9497,60.458146553263006,7.355749199589991,2787,0,outer_ring
9498,55.99219255703047,5.3808951259101105,2465,0,outer_ring
9499,63.18481925348697,7.929490487245143,2922,0,outer_ring
9500,63.77384931788273,7.444934958123323,2944,0,outer_ring
9501,67.69131984119497,13.347145774011764,11029,5,text_en_1919
9502,66.92305510787462,18.808449473900147,6093,2,octagram
9503,82.8288440572983,53.69228896954205,3288,1,inner_ring
9504,75.53481885678536,31.887931835811848,6297,2,octagram
9505,68.20547972631158,23.4347878499392,6121,2,octagram
9506,73.86134827957339,22.94728158254804,4280,1,inner_ring
9507,65.79138144275842,7.217672516557083,3019,0,outer_ring
9508,55.24736563657292,10.425797801683983,2424,0,outer_ring
9509,41.06467821041855,11.93818324332565,1505,0,outer_ring
9510,92.8177481014635,44.148587385513856,10414,5,text_en_1919
9511,51.220432963914924,88.58724281028499,540,0,outer_ring
9512,44.656336843418636,90.59962386639408,980,0,outer_ring
9513,41.41480597518388,90.17094054157687,1114,0,outer_ring
9514,55.8536162191533,90.88539668101221,276,0,outer_ring
9515,50.02277030707499,90.75006767743437,587,0,outer_ring
9516,46.30613576938514,91.6059403356853,856,0,outer_ring
9517,45.44251932808734,91.1319858613288,929,0,outer_ring
9518,38.317453853205045,85.4254950256063,1256,0,outer_ring
9519,38.005793905238406,80.45269990350056,9162,5,text_en_1919
9520,37.098925872898825,93.70443896474566,1206,0,outer_ring
9521,35.16948263673056,72.056967341971,3649,1,inner_ring
9522,28.794819072808064,65.29181426736692,9666,5,text_en_1919
9523,23.474102863104168,69.6073389623238,9523,5,text_en_1919
9524,29.213301333877972,53.05605336509813,5269,2,octagram
9525,25.463932205566262,68.59601482006987,9567,5,text_en_1919
9526,14.631399000228424,49.98522477247549,1398,0,outer_ring
9527,25.15253458072565,46.11738592462776,10493,5,text_en_1919
9528,25.096002659632568,50.34795022665069,10206,5,text_en_1919
9529,22.745685199166562,48.596289912602884,10306,5,text_en_1919
9530,30.778565901445027,51.384384400954,5293,2,octagram
9531,36.7591778235546,51.43983439683911,6948,3,stroke_nan
9532,40.843954860853806,58.75493860591403,6650,3,stroke_nan
9533,47.07759255790783,53.3732280922037,6795,3,stroke_nan
9534,41.52363126683019,50.49584127344007,6978,3,stroke_nan
9535,52.00445172251898,56.995058437137274,6654,3,stroke_nan
9536,52.82443737087035,78.97066123889472,9081,5,text_en_1919
9537,50.87429246086517,65.72584569448819,4862,2,octagram
9538,56.27624176083621,51.48260536829258,7843,4,stroke_kai
9539,65.41789060707062,58.74031215156403,7684,4,stroke_kai
9540,62.77511081538865,69.88999274821965,4715,2,octagram
9541,59.894440243816845,79.76247229006012,9060,5,text_en_1919
9542,57.80781301957451,55.46488647906698,7696,4,stroke_kai
9543,53.34820504775995,46.57057932733009,7154,3,stroke_nan
9544,59.49259208023,53.78538534679844,7880,4,stroke_kai
9545,49.44968583764276,33.74136489742046,7535,3,stroke_nan
9546,53.76910832835754,50.30454494542578,6695,3,stroke_nan
9547,56.08845854668081,47.531027512793116,8084,4,stroke_kai
9548,46.84021918506642,20.173820789437702,10938,5,text_en_1919
9549,39.651744660879885,29.372084510314618,5701,2,octagram
9550,33.80386970252056,32.98666115772437,5583,2,octagram
9551,40.81484681541229,44.27045610593983,7239,3,stroke_nan
9552,29.783784285246,34.845886553768,5505,2,octagram
9553,24.137121295596618,33.048023160615436,10794,5,text_en_1919
9554,37.67302431552181,51.52781843164269,6934,3,stroke_nan
9555,34.328825306899475,46.93556247950217,5380,2,octagram
9556,41.55306242838317,49.50739722428193,7008,3,stroke_nan
9557,24.760469354318747,35.60441881464559,10757,5,text_en_1919
9558,32.87941262012318,33.934798289225135,5570,2,octagram
9559,30.478199775016577,38.33599618181019,5486,2,octagram
9560,32.457509281947786,35.72680196436849,5539,2,octagram
9561,41.5606806615435,29.16794781274766,5719,2,octagram
9562,44.61956606615966,17.63858068369638,11105,5,text_en_1919
9563,47.91081874608442,8.763321065089656,1741,0,outer_ring
9564,48.323680784439325,16.09303165994405,11237,5,text_en_1919
9565,48.77113809128978,32.94772733521633,7548,3,stroke_nan
9566,51.64905174064189,29.46872334567523,5875,2,octagram
9567,43.5472808983435,37.78441482601692,7458,3,stroke_nan
9568,46.652541559403076,23.923788638411853,4074,1,inner_ring
9569,51.830257072157295,38.24215540670673,7467,3,stroke_nan
9570,59.85913573513082,44.41293372750213,8191,4,stroke_kai
9571,62.76836360595512,47.589311879738986,8068,4,stroke_kai
9572,68.70663171541962,51.51332314385582,7868,4,stroke_kai
9573,71.6254916247785,51.173876833233706,6487,2,octagram
9574,69.09884490595458,56.19784630143978,7760,4,stroke_kai
9575,67.59339228162146,57.64094555359867,7710,4,stroke_kai
9576,66.092980684997,67.01980494269634,4620,2,octagram
9577,63.397899345611634,69.95749370612546,4707,2,octagram
9578,44.90409955072315,77.46084297389055,3594,1,inner_ring
9579,45.94103567141558,85.2618392088694,982,0,outer_ring
9580,47.161466306841454,91.57057077511331,799,0,outer_ring
9581,52.10390723113872,83.87689598493236,8701,5,text_en_1919
9582,48.756580999661445,80.3803239616713,8800,5,text_en_1919
9583,53.773019983353144,84.21958561460018,8694,5,text_en_1919
9584,52.62670071157133,92.08226854840161,434,0,outer_ring
9585,49.3022338514223,79.27641071206547,9023,5,text_en_1919
9586,46.17992665465756,75.36143256791142,4947,2,octagram
9587,49.8337783867569,85.74330845658379,653,0,outer_ring
9588,46.02441000151225,71.71276800483405,4989,2,octagram
9589,30.457562297163598,61.22141764111689,5169,2,octagram
9590,27.394469435082264,64.01685643934756,3717,1,inner_ring
9591,37.75228894466627,58.040989317444186,6700,3,stroke_nan
9592,56.83327609016524,95.73165171509946,245,0,outer_ring
9593,56.539370737845395,91.35616563690937,251,0,outer_ring
9594,67.64927299499422,88.39795574874431,8674,5,text_en_1919
9595,66.89983613625004,84.41187391217159,8886,5,text_en_1919
9596,72.3221059700832,88.7136943832864,4,0,outer_ring
9597,62.59433894503218,85.42628669059093,8819,5,text_en_1919
9598,75.59981360426283,78.09140483703631,9347,5,text_en_1919
9599,74.31389826787279,62.342342189746624,4524,2,octagram
9600,72.19170997125546,73.53507590877466,3423,1,inner_ring
9601,79.8092399538065,76.41454963112243,9359,5,text_en_1919
9602,76.09709161046374,54.7900234171228,4468,2,octagram
9603,82.07130325460031,68.84238981859761,9520,5,text_en_1919
9604,80.70649166680178,57.675657913785344,3310,1,inner_ring
9605,87.57571161406815,55.43775232013,9895,5,text_en_1919
9606,81.71722469031866,56.806199261159435,4424,2,octagram
9607,83.33532047821846,50.35868197400862,3262,1,inner_ring
9608,87.2033260687636,43.90433790378832,10446,5,text_en_1919
9609,87.19058116210707,47.234291812670165,10315,5,text_en_1919
9610,93.35447520637658,52.63288835785949,10024,5,text_en_1919
9611,93.44072727455311,46.54068440791282,10221,5,text_en_1919
9612,57.94921885495677,42.87155672119835,8208,4,stroke_kai
9613,57.80845620938715,42.650385262755904,8231,4,stroke_kai
9614,64.89906540192939,42.43625208719664,8260,4,stroke_kai
9615,66.77864269121314,32.24384370224511,8522,4,stroke_kai
9616,62.340881221753754,32.76552715137,8510,4,stroke_kai
9617,66.9417856134905,29.925485054329975,6182,2,octagram
9618,85.02717535764393,42.92983309291363,10444,5,text_en_1919
9619,70.72179847507243,28.735433479661857,6226,2,octagram
9620,81.15719393780901,44.326645017359986,10401,5,text_en_1919
9621,65.21981569422695,25.934564486271686,6140,2,octagram
9622,67.26124880450193,30.078887944028086,6183,2,octagram
9623,60.676274733019305,18.460172171088026,4165,1,inner_ring
9624,54.86800584819721,4.8944846485106135,2366,0,outer_ring
9625,51.34003159218359,11.449483960340139,2015,0,outer_ring
9626,48.81656318662403,9.349227098116616,1803,0,outer_ring
9627,48.67247861538056,18.586546293720087,11014,5,text_en_1919
9628,54.08010082025322,12.914443204951871,2306,0,outer_ring
9629,46.08993215854989,9.895153490901388,1641,0,outer_ring
9630,45.93089888433949,5.214116878218136,1666,0,outer_ring
9631,55.30918268114436,7.6067256522690565,2417,0,outer_ring
9632,63.96920299967132,15.4791026083655,10890,5,text_en_1919
9633,56.552669373811064,8.103805106371695,2523,0,outer_ring
9634,51.39357638193387,6.268797701625947,2036,0,outer_ring
9635,54.38778589450636,1.077965907633756,2308,0,outer_ring
9636,42.97820284528543,10.490197343053847,1544,0,outer_ring
9637,58.754873448471315,4.09377703777094,2647,0,outer_ring
9638,51.11541308189473,7.887151391422622,2010,0,outer_ring
9639,56.90690644571796,5.397473028685549,2534,0,outer_ring
9640,61.39501134443256,9.194470725467914,2856,0,outer_ring
9641,61.94105085802712,7.206296087403783,2867,0,outer_ring
9642,70.74752335035856,32.678766297620996,6234,2,octagram
9643,68.00568886264111,3.3593411644914033,3070,0,outer_ring
9644,75.19459079612604,39.726884013809126,6375,2,octagram
9645,76.29476390733299,38.702880221851586,6363,2,octagram
9646,65.87693659468347,33.2712765828131,8476,4,stroke_kai
9647,78.04152577216396,29.703387664196995,4336,1,inner_ring
9648,75.40792431428709,31.165995142370654,6294,2,octagram
9649,62.525677882267736,16.74927260288033,10909,5,text_en_1919
9650,49.283217074695166,20.709559913432237,10940,5,text_en_1919
9651,39.04232168834151,22.2325771950966,10879,5,text_en_1919
9652,80.29413533887866,44.133022506244785,10400,5,text_en_1919
9653,48.43937553145166,90.79612355780235,721,0,outer_ring
9654,47.179359179409,93.14584074234665,777,0,outer_ring
9655,42.06276200618033,88.61527434420502,1108,0,outer_ring
9656,51.71798136279365,92.85447385058454,481,0,outer_ring
9657,45.2937754962155,90.16332424251196,949,0,outer_ring
9658,46.682601102445794,91.89159308473658,824,0,outer_ring
9659,45.890186708262036,91.84793139718526,886,0,outer_ring
9660,39.17248651030848,84.6931696315283,1244,0,outer_ring
9661,35.92975604701416,87.73749379979343,1288,0,outer_ring
9662,41.980874728394426,75.31388780133895,3611,1,inner_ring
9663,35.97703668866776,80.07178359351268,9134,5,text_en_1919
9664,30.981214078852677,72.98843188324494,9492,5,text_en_1919
9665,28.102367460440338,74.58483642755945,9413,5,text_en_1919
9666,26.81164497184084,64.40330150173806,9719,5,text_en_1919
9667,20.637819567864664,65.70671925753193,9638,5,text_en_1919
9668,19.437973927459428,62.32034266557503,9745,5,text_en_1919
9669,23.357230839432738,59.3995275871816,9893,5,text_en_1919
9670,26.72938208719925,55.35276544926771,3763,1,inner_ring
9671,24.60709987653801,49.46346312084509,10251,5,text_en_1919
9672,31.54504382341205,51.36846294262713,5304,2,octagram
9673,27.546432579592818,46.516815989233635,3831,1,inner_ring
9674,45.082272438518594,46.606889097789455,7103,3,stroke_nan
9675,44.9964245477505,53.04019455913941,6805,3,stroke_nan
9676,47.88054395123114,57.14363924719316,6657,3,stroke_nan
9677,48.02737055671951,51.324505463601554,6901,3,stroke_nan
9678,54.27503886810339,73.15635534623793,3530,1,inner_ring
9679,59.52862238852096,68.2372066438754,4754,2,octagram
9680,62.22596311456259,71.86842866773304,4711,2,octagram
9681,59.298779820526796,80.14997658558516,9072,5,text_en_1919
9682,57.39573513797938,66.11040808557891,4782,2,octagram
9683,62.786121293994064,70.81256736821389,4708,2,octagram
9684,58.94457916460939,59.5915743131516,7589,4,stroke_kai
9685,49.96854710260901,48.214451215081056,7059,3,stroke_nan
9686,52.570685712329045,47.51012380734809,7108,3,stroke_nan
9687,45.87848240370693,37.98174059525305,7444,3,stroke_nan
9688,50.340105490636105,39.93460840058877,7352,3,stroke_nan
9689,50.746851938711856,44.06219055895157,7209,3,stroke_nan
9690,46.44174480979251,38.67748096482786,7429,3,stroke_nan
9691,51.4691444094239,15.68697609482572,2005,0,outer_ring
9692,40.59025484865656,25.055821819614707,5764,2,octagram
9693,31.69496678464436,36.86847152930951,5518,2,octagram
9694,33.81388745780955,34.35746227348765,5573,2,octagram
9695,28.466284452319613,37.465160435911685,3889,1,inner_ring
9696,39.640836201584094,34.340924336740265,5628,2,octagram
9697,39.80513695413227,51.09917530849351,6913,3,stroke_nan
9698,41.75949001968589,47.18128375020926,7065,3,stroke_nan
9699,21.915463836523372,42.18036905296577,10599,5,text_en_1919
9700,29.944491282290322,37.790235942414355,5494,2,octagram
9701,30.6021635816479,28.384796251605305,3953,1,inner_ring
9702,35.62435728376624,28.56602107776906,3989,1,inner_ring
9703,41.355729682253525,10.913347192267707,1517,0,outer_ring
9704,42.5731670611335,22.24337618763731,4055,1,inner_ring
9705,49.84456951547921,12.651395499512024,1855,0,outer_ring
9706,47.47499120978184,16.415544019225624,11223,5,text_en_1919
9707,49.58866334389135,29.89510638915659,5868,2,octagram
9708,54.05354267606052,23.122302386261172,4121,1,inner_ring
9709,56.433278638633524,34.36804605699277,8547,4,stroke_kai
9710,52.709132428572545,27.6960394139546,5879,2,octagram
9711,60.65952884909448,36.874600196356106,8450,4,stroke_kai
9712,66.59295754508739,47.631366119837864,8037,4,stroke_kai
9713,67.56869228504706,41.57313420752848,8271,4,stroke_kai
9714,68.77191895574387,50.62177049235546,7883,4,stroke_kai
9715,65.64953200332668,46.84918398692656,8061,4,stroke_kai
9716,64.16414502386672,52.41075591003375,7854,4,stroke_kai
9717,72.4088591008904,64.27475147649392,4575,2,octagram
9718,72.64475665597034,58.588677826310004,4530,2,octagram
9719,72.53305768582918,64.91372413736308,4584,2,octagram
9720,46.710763800141926,79.76384116989574,9213,5,text_en_1919
9721,47.466889559447566,87.51156009976826,826,0,outer_ring
9722,51.0415201039103,81.68798947407372,8693,5,text_en_1919
9723,64.3609255858927,83.60524219030519,8908,5,text_en_1919
9724,48.943198103866926,91.0560331933566,672,0,outer_ring
9725,56.96541629233483,94.61070777758057,236,0,outer_ring
9726,52.111038736147414,82.9418924761404,8823,5,text_en_1919
9727,44.92552682266337,83.62136681717377,8766,5,text_en_1919
9728,54.458969272742294,89.23630563900684,343,0,outer_ring
9729,47.880806351202075,76.35174575836459,9292,5,text_en_1919
9730,48.76515272562132,79.43853415085003,9034,5,text_en_1919
9731,31.24817571054275,70.09338845681661,3672,1,inner_ring
9732,35.22911842135013,65.1266553842518,5079,2,octagram
9733,37.34698609271269,62.180609662348616,5091,2,octagram
9734,55.59592673897583,94.27973839281591,287,0,outer_ring
9735,59.14779192174874,84.85860656183043,8660,5,text_en_1919
9736,56.65378169490467,88.01181139020494,244,0,outer_ring
9737,64.67639405500805,96.0318659014743,54,0,outer_ring
9738,68.37349620895907,79.37390316476957,9267,5,text_en_1919
9739,67.66946114921197,86.54688147615849,8712,5,text_en_1919
9740,69.39779271946041,81.87473433736783,9133,5,text_en_1919
9741,71.36313966734093,74.76041381068941,3430,1,inner_ring
9742,76.7206924118971,74.15641166845359,9430,5,text_en_1919
9743,76.68401119010836,66.99068884010863,3366,1,inner_ring
9744,80.0248197498085,65.97617802797873,3351,1,inner_ring
9745,80.34213349870818,64.40084562430017,3346,1,inner_ring
9746,85.4563017591245,59.56177314625091,9765,5,text_en_1919
9747,87.02419591158313,49.88046911782087,10109,5,text_en_1919
9748,89.43435715420938,60.69278817768625,9754,5,text_en_1919
9749,81.47054390196838,61.601111430719456,3332,1,inner_ring
9750,82.97600512301923,61.85190273957791,9707,5,text_en_1919
9751,95.13413480676805,45.06441872432239,10272,5,text_en_1919
9752,92.30671656181943,49.54210615644545,10105,5,text_en_1919
9753,91.88399643560243,46.045707807986105,10258,5,text_en_1919
9754,59.09002393210455,28.676385199122915,5981,2,octagram
9755,65.41457458951713,37.93274686071176,8371,4,stroke_kai
9756,59.98529364549405,40.72967882937153,8302,4,stroke_kai
9757,68.59186062421523,32.59034612490119,6208,2,octagram
9758,65.96729894171796,33.74512858983526,8471,4,stroke_kai
9759,66.67703828532723,23.317857106225564,6116,2,octagram
9760,74.48646578308558,28.0274150566922,4319,1,inner_ring
9761,70.39916592868153,29.07192001882518,6224,2,octagram
9762,69.96205630322697,35.94900231051937,8355,4,stroke_kai
9763,65.4310821747406,15.4342815793689,10896,5,text_en_1919
9764,57.36248714751346,18.911862112193916,10982,5,text_en_1919
9765,65.3047350721581,15.860001865346984,10876,5,text_en_1919
9766,64.00712318206442,18.83881563916285,6044,2,octagram
9767,58.39674045157041,15.00502368654556,11284,5,text_en_1919
9768,57.939012293976184,18.136134115533288,11049,5,text_en_1919
9769,47.44480989488035,6.9519645662566845,1728,0,outer_ring
9770,57.06136616675422,11.025120580603094,2582,0,outer_ring
9771,51.55645695054441,13.261720287679116,2025,0,outer_ring
9772,49.21752139340187,4.8642029037107655,1862,0,outer_ring
9773,56.54782401431404,10.187852666496905,2538,0,outer_ring
9774,58.565701081180165,8.211805906855941,2666,0,outer_ring
9775,62.692676139157015,5.772017576653704,2884,0,outer_ring
9776,57.19173352204396,1.6503453010838534,2532,0,outer_ring
9777,48.852522356755244,9.923571193214872,1795,0,outer_ring
9778,57.60837553575598,6.012198511973727,2588,0,outer_ring
9779,45.84516191852457,8.343660571491794,1644,0,outer_ring
9780,49.823391284136044,8.705083397507998,1892,0,outer_ring
9781,54.50971827036046,4.792131376861798,2328,0,outer_ring
9782,63.28167995203181,5.732986228505819,2907,0,outer_ring
9783,56.01844803982313,3.3967708042218607,2457,0,outer_ring
9784,63.66146809879198,1.5424072414045868,2892,0,outer_ring
9785,67.72447656276553,11.90938804991275,11166,5,text_en_1919
9786,77.98874589050169,29.894858300908325,4338,1,inner_ring
9787,75.75219406196378,31.25936811232597,6300,2,octagram
9788,84.67588892892435,43.022918116526604,10443,5,text_en_1919
9789,70.00153935196909,6.550610454492724,3180,0,outer_ring
9790,72.44617825464933,18.40404759811262,4252,1,inner_ring
9791,66.85282844393201,5.670125070907697,3047,0,outer_ring
9792,33.869658286298154,23.785551218073472,4008,1,inner_ring
9793,38.93194921097267,21.914720872132136,10893,5,text_en_1919
9794,90.18100584409987,48.13960550271508,10119,5,text_en_1919
9795,46.72636329448166,90.9368729055669,832,0,outer_ring
9796,49.296247981841915,90.69512809624078,645,0,outer_ring
9797,44.993449472254284,92.61175835384289,933,0,outer_ring
9798,47.55240861705179,92.96236054231807,757,0,outer_ring
9799,48.35634622556089,92.20056720631634,707,0,outer_ring
9800,50.24588429761703,92.26987207502705,573,0,outer_ring
9801,40.40121742770612,90.88399386629632,1146,0,outer_ring
9802,44.29360530977682,89.81326524587496,1013,0,outer_ring
9803,37.77799557600253,85.37143044158401,1269,0,outer_ring
9804,33.29454999107968,81.07929615481328,1355,0,outer_ring
9805,30.890910835404526,78.07994748935602,9336,5,text_en_1919
9806,24.14892140766973,68.4075373249189,9566,5,text_en_1919
9807,32.085964675815944,68.63522607839867,3678,1,inner_ring
9808,23.187714538109006,67.9892147689091,9544,5,text_en_1919
9809,21.843202745972526,63.16714562003059,9743,5,text_en_1919
9810,17.65447010645599,51.16033693754043,10229,5,text_en_1919
9811,22.10591155643696,40.99029789053548,10616,5,text_en_1919
9812,22.20206346913018,48.78366268644006,10379,5,text_en_1919
9813,39.70664882032739,52.07513889736669,6907,3,stroke_nan
9814,32.82142836133094,50.17119239224281,5330,2,octagram
9815,34.21641714051078,51.53227053740997,5322,2,octagram
9816,45.353452186584164,49.182777031420024,7028,3,stroke_nan
9817,43.735815183553626,52.63701570654195,6838,3,stroke_nan
9818,42.70753568324169,55.011374104282346,6754,3,stroke_nan
9819,46.159556598188395,56.435155319326874,6674,3,stroke_nan
9820,49.84930172086958,56.941905994679864,6691,3,stroke_nan
9821,52.33963991509858,76.57921124029505,9186,5,text_en_1919
9822,57.27624301382522,51.33130390860017,7957,4,stroke_kai
9823,62.64836728356426,75.96462466114156,9281,5,text_en_1919
9824,61.65692171011443,57.740965116785844,7739,4,stroke_kai
9825,65.31178210847075,72.83676296543432,4685,2,octagram
9826,56.349446512277126,52.16259141341593,7813,4,stroke_kai
9827,51.048027964974494,56.92576264134476,6671,3,stroke_nan
9828,51.32071869882303,47.93985925708286,7044,3,stroke_nan
9829,45.86468045032028,36.14834077500617,7529,3,stroke_nan
9830,47.34994123441866,43.950849858821286,7250,3,stroke_nan
9831,50.31832354599366,39.69909374734766,7370,3,stroke_nan
9832,53.131857490624256,5.9371244882823335,2191,0,outer_ring
9833,40.58865935347709,29.57509824416527,5699,2,octagram
9834,35.819264070456974,28.84018138552653,3987,1,inner_ring
9835,41.19678041049286,23.16877310374021,4046,1,inner_ring
9836,33.76841659786338,49.823452293173695,5339,2,octagram
9837,30.304570774982288,44.0792476358106,3850,1,inner_ring
9838,32.82541037639854,42.85405797858896,5428,2,octagram
9839,40.4175385401899,42.850972751931735,7282,3,stroke_nan
9840,41.796512640400245,51.485381574012045,6873,3,stroke_nan
9841,25.20918058452331,41.13315944228703,10594,5,text_en_1919
9842,27.58344869616655,26.3304381733206,10839,5,text_en_1919
9843,30.11970693160826,25.27102922667841,10833,5,text_en_1919
9844,32.94021497727937,29.589123299573203,3959,1,inner_ring
9845,35.6458055152756,23.563110520730284,10858,5,text_en_1919
9846,49.670663071982446,21.89452344622486,4096,1,inner_ring
9847,48.18503773975597,19.428445853163335,10975,5,text_en_1919
9848,50.03308275091344,17.68226774714543,11195,5,text_en_1919
9849,58.29400738145356,17.903306589494566,11076,5,text_en_1919
9850,50.11109547519454,40.42154291308201,7335,3,stroke_nan
9851,56.912959980058126,13.51531459549574,11302,5,text_en_1919
9852,64.88520450519202,19.607702685858143,4200,1,inner_ring
9853,59.381827924977394,21.855923942097053,4159,1,inner_ring
9854,62.22131647692257,40.3697897135122,8295,4,stroke_kai
9855,63.678537495472625,42.42018627436162,8215,4,stroke_kai
9856,61.125709177881795,44.72307176674943,8180,4,stroke_kai
9857,66.64252563485375,48.41903033585276,7936,4,stroke_kai
9858,62.284750739497376,51.35857570228722,7872,4,stroke_kai
9859,66.69958683148626,56.26580415306269,7806,4,stroke_kai
9860,72.6479347190443,61.51221593779436,4545,2,octagram
9861,64.65053846967069,70.1169084874666,4672,2,octagram
9862,48.106983884182945,87.71412993149663,779,0,outer_ring
9863,40.313168672381785,87.50208793872861,1180,0,outer_ring
9864,47.16028208483201,85.73777927335232,892,0,outer_ring
9865,48.641829432776284,86.16420689345303,760,0,outer_ring
9866,53.30609135093481,88.77159068261884,406,0,outer_ring
9867,48.62783964628086,87.30064048988206,746,0,outer_ring
9868,54.910483489041575,89.10622258838897,318,0,outer_ring
9869,53.734166781673096,82.74571137798696,8815,5,text_en_1919
9870,53.23968529882697,82.28822278110157,8846,5,text_en_1919
9871,47.29579901103731,69.57031118682555,4916,2,octagram
9872,43.073435476056964,69.16651447524823,5017,2,octagram
9873,28.89995053920787,58.170754556984576,5227,2,octagram
9874,33.85941144525421,57.734467225216896,6758,3,stroke_nan
9875,28.64004937219634,55.5180534470986,5244,2,octagram
9876,52.156783013884,93.60351089287299,451,0,outer_ring
9877,58.020431605458306,93.92159757737689,188,0,outer_ring
9878,58.71991303625222,93.42722179226736,165,0,outer_ring
9879,63.72024619387416,83.21247152858307,8944,5,text_en_1919
9880,70.20563870809902,92.1203772129756,13,0,outer_ring
9881,68.27431124180139,80.30129455140265,9224,5,text_en_1919
9882,67.39720156437896,78.69876010110808,9274,5,text_en_1919
9883,72.84129306775401,81.63218305481925,9116,5,text_en_1919
9884,75.96935022476784,71.60086745717601,9452,5,text_en_1919
9885,79.36603146508565,68.6492065719018,9532,5,text_en_1919
9886,70.6486850080485,66.05496396041896,4599,2,octagram
9887,81.86471856074476,59.23305617710312,3318,1,inner_ring
9888,80.45070617614782,59.15197886557215,3320,1,inner_ring
9889,79.52711363848171,51.20048638539433,6538,2,octagram
9890,88.03198831007712,52.610639043794755,9982,5,text_en_1919
9891,87.18607764615267,44.85919317053585,10389,5,text_en_1919
9892,88.73135371570048,45.688668591732565,10337,5,text_en_1919
9893,91.94394270659748,49.73243309766989,10086,5,text_en_1919
9894,92.73944440865174,38.89354898138776,10531,5,text_en_1919
9895,90.34094920399734,40.632966043202345,10522,5,text_en_1919
9896,49.263112096898794,14.808468587399771,11250,5,text_en_1919
9897,58.22167356547546,15.151308431169541,11281,5,text_en_1919
9898,65.43418299520255,47.568933245599695,8048,4,stroke_kai
9899,68.01703926621805,44.573013920825346,6442,2,octagram
9900,64.6730220065349,43.02929908674056,8227,4,stroke_kai
9901,75.58603332638772,40.81000976544315,6390,2,octagram
9902,71.06846208419365,40.41996388146259,6401,2,octagram
9903,83.12656837444315,44.33850104564029,10422,5,text_en_1919
9904,72.03394311907779,35.04821132170844,6273,2,octagram
9905,62.44108419539488,20.183345235702426,4186,1,inner_ring
9906,65.11665626193643,37.089313895903054,8392,4,stroke_kai
9907,58.31856750590989,6.5059604623859855,2636,0,outer_ring
9908,59.86874295673109,8.942477548367208,2760,0,outer_ring
9909,56.059460166056255,17.911888770200914,11042,5,text_en_1919
9910,53.79578514692947,7.831512296772391,2260,0,outer_ring
9911,56.055675079749754,9.511500532699479,2493,0,outer_ring
9912,49.035841505934116,14.942300773517651,11249,5,text_en_1919
9913,42.32591552412773,9.389038247673048,1538,0,outer_ring
9914,45.39352675099792,10.744181076010417,1597,0,outer_ring
9915,47.35136301623641,16.905479350646463,11212,5,text_en_1919
9916,57.01913039486639,8.391152151649841,2560,0,outer_ring
9917,59.05456713836759,8.248709217185269,2707,0,outer_ring
9918,60.83450552147808,11.852765920215933,2851,0,outer_ring
9919,53.19323029503476,6.345669003768272,2198,0,outer_ring
9920,49.72928592068815,7.230554159736995,1895,0,outer_ring
9921,47.72886005906898,6.903087912921601,1745,0,outer_ring
9922,51.70063244230205,8.787490805923465,2054,0,outer_ring
9923,56.10946046488553,6.913019749978952,2480,0,outer_ring
9924,60.32392496956242,4.291572518798594,2753,0,outer_ring
9925,58.70907770089658,10.658285897965214,2703,0,outer_ring
9926,63.82019079283443,3.9424929328597234,2916,0,outer_ring
9927,67.22184204481373,9.223237178361774,3108,0,outer_ring
9928,65.72515516621866,27.94805788356551,6162,2,octagram
9929,79.17286056405216,34.76043586822296,4361,1,inner_ring
9930,74.09978061293909,29.423683462232756,6277,2,octagram
9931,70.11163834570364,3.9253024781357904,3151,0,outer_ring
9932,69.78394613770666,16.84847726762276,4231,1,inner_ring
9933,69.14691736660555,23.997089539349684,6132,2,octagram
9934,38.89273510163756,12.571159048675794,1472,0,outer_ring
9935,38.753843635233906,24.7362175020602,4034,1,inner_ring
9936,92.66060110666412,41.97375519647382,10495,5,text_en_1919
9937,45.07022425937062,89.2135990868942,974,0,outer_ring
9938,46.22770290101998,90.30468483269749,885,0,outer_ring
9939,48.969666671341194,92.08165875181456,657,0,outer_ring
9940,49.586146825287095,88.82842773362411,640,0,outer_ring
9941,49.03353436775639,91.51445596556376,658,0,outer_ring
9942,43.41373861120371,93.14515919541061,1012,0,outer_ring
9943,41.442710892603166,83.68139187651154,8785,5,text_en_1919
9944,33.83629707647307,85.89545761300089,1331,0,outer_ring
9945,38.79561230178424,82.47051286861021,8913,5,text_en_1919
9946,36.29069308852784,84.81441924920158,1305,0,outer_ring
9947,28.705456051095613,81.84679155309873,1367,0,outer_ring
9948,26.877805416793798,65.94226129502634,9657,5,text_en_1919
9949,30.66492025286032,67.01306693579059,3690,1,inner_ring
9950,25.81602708502857,71.34307921493598,9496,5,text_en_1919
9951,27.171981520740903,67.96528062137341,9624,5,text_en_1919
9952,24.629111300036442,55.78191784008203,10009,5,text_en_1919
9953,22.914786228014297,53.82884157325659,10145,5,text_en_1919
9954,23.46512163286851,65.32296040081548,9680,5,text_en_1919
9955,36.88324877460849,60.62117214558907,5099,2,octagram
9956,28.34007139708723,45.361702531736896,3839,1,inner_ring
9957,40.09684569932671,47.94012606589665,7037,3,stroke_nan
9958,47.255789788477784,52.19851774851738,6828,3,stroke_nan
9959,45.07858258623866,45.730002509912765,7161,3,stroke_nan
9960,42.603524814228834,58.421742801593695,6646,3,stroke_nan
9961,49.42272392320356,59.90783781124461,6595,3,stroke_nan
9962,46.06357279407429,68.23119620602198,5015,2,octagram
9963,56.877427353197575,56.13183188176676,7675,4,stroke_kai
9964,61.23790176593241,57.07931007182782,7766,4,stroke_kai
9965,59.13090293679744,59.41470515551777,7588,4,stroke_kai
9966,61.833245963170626,73.20246972105637,3473,1,inner_ring
9967,63.04183820506106,72.938984480803,3463,1,inner_ring
9968,58.6035965882535,56.393340864181376,7665,4,stroke_kai
9969,61.717546860625866,48.89463155464161,8025,4,stroke_kai
9970,47.4906142346422,58.46745580349716,6629,3,stroke_nan
9971,50.820906210518835,47.80120954361123,7076,3,stroke_nan
9972,56.21811807913974,40.29280196329208,8402,4,stroke_kai
9973,48.155362665811445,45.433949782653094,7139,3,stroke_nan
9974,48.915808188702336,36.712684276696464,7519,3,stroke_nan
9975,46.52287693362401,24.312828615071442,5810,2,octagram
9976,38.27650462996315,29.105172300607443,5697,2,octagram
9977,31.903542441602223,33.20094856316712,5563,2,octagram
9978,31.223892532584614,36.901285807391545,5517,2,octagram
9979,28.908055552418165,39.40025768095782,3875,1,inner_ring
9980,30.33688215326266,40.438317764144706,3871,1,inner_ring
9981,39.49992566199146,41.60392668561331,7354,3,stroke_nan
9982,36.90340146058541,45.40576730291334,7163,3,stroke_nan
9983,26.5660796918099,36.98606834108723,10731,5,text_en_1919
9984,31.072753527482053,37.14710505100734,5492,2,octagram
9985,31.06357306837957,37.07877963962347,5491,2,octagram
9986,50.58534917703604,8.960697134992635,1953,0,outer_ring
9987,32.69533332622651,15.92720791403976,1426,0,outer_ring
9988,38.522191125589465,22.503210439794547,10868,5,text_en_1919
9989,45.83451878273927,10.934563731570025,1617,0,outer_ring
9990,47.583153864827054,22.745455997975146,4080,1,inner_ring
9991,46.447839518869436,35.27724882964671,7551,3,stroke_nan
9992,56.78523217043105,19.85674004401468,10967,5,text_en_1919
9993,54.31530054218409,28.655134446249303,5916,2,octagram
9994,53.286083061147245,45.748099029776526,7177,3,stroke_nan
9995,46.30875741384206,42.75584501922631,7276,3,stroke_nan
9996,57.88582992841322,46.81728696881787,8079,4,stroke_kai
9997,64.61145608464282,45.09764649890538,8123,4,stroke_kai
9998,66.13830321349069,47.59258852586413,8043,4,stroke_kai
9999,66.76338873316219,53.46608602081656,7770,4,stroke_kai
10000,76.43729026789688,49.732758727008296,6500,2,octagram
10001,67.21859672853105,49.93563285646496,7907,4,stroke_kai
10002,65.42760852973095,58.29671817434006,7726,4,stroke_kai
10003,59.415222603850424,69.52073637945367,4745,2,octagram
10004,44.50841936942405,76.0647408976634,4963,2,octagram
10005,48.93550032403096,90.669846878929,675,0,outer_ring
10006,50.03508338646101,88.9477137552877,602,0,outer_ring
10007,46.83882753535873,88.91877538680514,857,0,outer_ring
10008,56.39997825014607,84.05638144971104,8670,5,text_en_1919
10009,54.63301268164015,87.90991446101606,335,0,outer_ring
10010,52.20219739284069,86.90242822386439,477,0,outer_ring
10011,49.98349807996107,77.3927630093055,9241,5,text_en_1919
10012,52.83945343109253,75.6343252025158,9216,5,text_en_1919
10013,47.153311569480394,81.46631159741223,8628,5,text_en_1919
10014,42.55066348793102,75.86946764933361,3608,1,inner_ring
10015,34.354728734925445,59.17809259390454,5122,2,octagram
10016,37.34918515930373,61.37950320002076,5096,2,octagram
10017,30.725733884270667,55.29102389495203,5254,2,octagram
10018,57.040157573333175,93.74530902507345,234,0,outer_ring
10019,63.98395106979913,94.04616626050186,59,0,outer_ring
10020,58.00020926613314,96.49151101629266,192,0,outer_ring
10021,64.05423101532519,87.55651415291173,8681,5,text_en_1919
10022,63.21072353738995,83.59613239609689,8885,5,text_en_1919
10023,73.03010703562931,76.87779036865692,9303,5,text_en_1919
10024,74.08667958450008,70.56986260204408,3401,1,inner_ring
10025,73.57222838156954,74.6880864623578,3419,1,inner_ring
10026,72.58283751958878,72.41066630667366,3415,1,inner_ring
10027,84.57995718160535,69.41805635550782,9516,5,text_en_1919
10028,80.29248930311643,62.38161695067352,3339,1,inner_ring
10029,76.12649609328858,60.76506461137367,4508,2,octagram
10030,78.7929225446093,55.557935812067186,4444,2,octagram
10031,79.60015852532348,58.84221792882615,3323,1,inner_ring
10032,77.2166937684599,57.74068930966504,4464,2,octagram
10033,87.05507482266499,64.39277158458933,9609,5,text_en_1919
10034,86.8783840752403,51.76021492412621,10060,5,text_en_1919
10035,88.9361714070799,59.19326714492245,9800,5,text_en_1919
10036,94.03953683998853,43.29008336144463,10474,5,text_en_1919
10037,92.61033045410589,42.134495925156514,10491,5,text_en_1919
10038,67.72473248571903,46.951185782393786,6454,2,octagram
10039,57.982831435185105,42.24670518792295,8247,4,stroke_kai
10040,58.875995821831054,35.31248136950355,5965,2,octagram
10041,66.21050874598033,30.299332314006453,6177,2,octagram
10042,63.16256859326574,32.85770986399617,8499,4,stroke_kai
10043,75.17830213817221,40.38788747668721,6386,2,octagram
10044,76.75130261474546,34.53860074294414,6334,2,octagram
10045,77.97733348793224,39.99881877046681,4392,1,inner_ring
10046,66.01381658196487,37.975322972891966,8376,4,stroke_kai
10047,73.61836066406909,34.08858794791882,6292,2,octagram
10048,62.53913939524222,26.094978608613395,6072,2,octagram
10049,62.86353252132394,25.289733706754454,6070,2,octagram
10050,55.671625544028444,18.56779541738209,11034,5,text_en_1919
10051,54.367539725615835,12.998671004789506,2352,0,outer_ring
10052,58.241145236113084,15.15801080201059,11273,5,text_en_1919
10053,56.60630718941033,3.222568633777511,2502,0,outer_ring
10054,59.884975192927904,6.9840159238008015,2752,0,outer_ring
10055,47.63562567356394,13.382444875505437,11350,5,text_en_1919
10056,55.35140403797968,9.097672235853578,2427,0,outer_ring
10057,55.08742998191099,18.07871969681807,11025,5,text_en_1919
10058,53.560480480390254,11.029464523065327,2242,0,outer_ring
10059,57.04213163239711,4.127897835624651,2537,0,outer_ring
10060,52.42241674145232,9.101557774757023,2123,0,outer_ring
10061,52.0875690355422,6.839449086487291,2096,0,outer_ring
10062,51.87081379459655,11.088573038247269,2070,0,outer_ring
10063,51.416072420966216,13.91166636487856,2008,0,outer_ring
10064,60.284958804251424,6.509398473239038,2767,0,outer_ring
10065,52.7914908680131,9.85264156004785,2162,0,outer_ring
10066,58.89389858259143,16.62052811037751,11188,5,text_en_1919
10067,61.05171685727381,2.506421668336702,2777,0,outer_ring
10068,68.83647920601598,4.709838595172073,3117,0,outer_ring
10069,66.47559255692894,10.264459136635965,3093,0,outer_ring
10070,65.05078250468765,8.821611781543446,3001,0,outer_ring
10071,81.17324646457456,37.45779739100403,10657,5,text_en_1919
10072,73.53241713371612,27.962284402894472,4313,1,inner_ring
10073,75.00770493081104,26.312183595240057,4309,1,inner_ring
10074,74.55472641602769,7.647685101575723,3222,0,outer_ring
10075,68.94335313303331,20.71299439809478,4239,1,inner_ring
10076,33.91502904735327,13.611815686205684,1437,0,outer_ring
10077,41.12240645600668,24.163251236175704,5769,2,octagram
10078,92.03279706871783,44.11845577021557,10396,5,text_en_1919
10079,48.03924990345437,90.41566593186992,750,0,outer_ring
10080,48.130128938757835,95.31599736850671,689,0,outer_ring
10081,41.238736360314185,88.39212025502258,1148,0,outer_ring
10082,48.52943334238241,92.81525468596548,683,0,outer_ring
10083,55.85802612627515,87.44034302278438,274,0,outer_ring
10084,41.841357619537796,91.17647725410322,1087,0,outer_ring
10085,39.63181521556775,90.39129219090039,1173,0,outer_ring
10086,39.57597608722758,86.34495118230085,1218,0,outer_ring
10087,33.5018737203317,84.19250483571075,1344,0,outer_ring
10088,37.09316362252563,72.88681692376046,3642,1,inner_ring
10089,35.548845951063115,75.24719350783575,3641,1,inner_ring
10090,36.70247838062363,71.05632022519082,5044,2,octagram
10091,26.956874895704964,65.97320049926512,9651,5,text_en_1919
10092,22.093221823435332,61.93920141265833,9817,5,text_en_1919
10093,22.474152319778526,60.743667901647285,9874,5,text_en_1919
10094,21.71099411749787,54.005959158485865,10153,5,text_en_1919
10095,21.921622927073177,59.55111248416111,9899,5,text_en_1919
10096,24.172619571449832,54.4035583964734,10015,5,text_en_1919
10097,27.73482908883586,57.1341701403283,3749,1,inner_ring
10098,39.43286147598731,58.80875176307415,6702,3,stroke_nan
10099,35.52147751994055,45.97948091349424,5387,2,octagram
10100,45.85994486385215,43.38258054316226,7275,3,stroke_nan
10101,49.06154831358422,58.985023451433726,6594,3,stroke_nan
10102,45.542970616560915,53.516272148741365,6781,3,stroke_nan
10103,49.97434879556586,55.11891902584612,6727,3,stroke_nan
10104,51.71271071203942,52.43861816137516,6912,3,stroke_nan
10105,51.28614174795533,58.23299042842122,6644,3,stroke_nan
10106,57.19482639698278,61.570434485374456,4791,2,octagram
10107,62.16585873018235,66.30342037984494,4735,2,octagram
10108,56.64289178293205,77.13486289275059,9145,5,text_en_1919
10109,54.697992930993486,65.16863102632641,4822,2,octagram
10110,55.41184277456155,58.06796420428157,4826,2,octagram
10111,57.2906933957118,28.029238562189953,5948,2,octagram
10112,47.16557229130287,43.56419710354962,7248,3,stroke_nan
10113,45.03625520163894,36.65879797066918,7492,3,stroke_nan
10114,51.78595962076277,42.108919788259534,7391,3,stroke_nan
10115,51.82788323461272,42.567296389825394,7267,3,stroke_nan
10116,47.600103209885454,0.5479823494078756,1784,0,outer_ring
10117,39.990501849285884,34.00825019357393,5631,2,octagram
10118,42.68434900815926,29.09035170168877,5727,2,octagram
10119,28.253267769424127,31.866873900906064,3917,1,inner_ring
10120,30.025126370671597,38.79291670471087,3884,1,inner_ring
10121,31.203581802067987,33.06602138178381,3921,1,inner_ring
10122,32.95450608828843,47.98427044005557,5358,2,octagram
10123,39.248045068105995,43.90230334684626,7233,3,stroke_nan
10124,32.410684268566094,61.5282775619544,5148,2,octagram
10125,30.746677787623774,41.07079033943284,5455,2,octagram
10126,34.29683941676636,44.20141454563589,5407,2,octagram
10127,23.59565160170297,36.13438869309604,10749,5,text_en_1919
10128,30.78401616993401,31.503735903668385,3931,1,inner_ring
10129,37.45898830080701,10.566377932989383,1466,0,outer_ring
10130,39.8344112893377,12.391773703783429,1479,0,outer_ring
10131,49.71941283506073,13.539820362844273,1835,0,outer_ring
10132,48.853518024242234,14.17952479941041,11324,5,text_en_1919
10133,57.74426451720817,21.73257265766614,4148,1,inner_ring
10134,49.800978892218346,23.214969260224986,4095,1,inner_ring
10135,54.683990240796646,29.363469213614646,5919,2,octagram
10136,60.712061941220995,38.03992479202259,8385,4,stroke_kai
10137,54.35693526787895,17.914470446482394,11186,5,text_en_1919
10138,58.85063130936995,50.37815966508642,7974,4,stroke_kai
10139,69.02205280815758,48.36097893644374,7986,4,stroke_kai
10140,71.38862466566736,47.38659736268905,6465,2,octagram
10141,67.32011810755078,51.67064168915309,7860,4,stroke_kai
10142,68.13612554025818,56.53646472283649,7767,4,stroke_kai
10143,65.8512346075132,54.616418427185764,7833,4,stroke_kai
10144,60.433969851962644,58.134675613346126,7758,4,stroke_kai
10145,76.96900432863599,57.051703700196256,4461,2,octagram
10146,50.163392546461715,73.33506971113587,3558,1,inner_ring
10147,44.37074365957002,81.72263598551854,9032,5,text_en_1919
10148,48.0470561378633,91.74726825793857,736,0,outer_ring
10149,52.13633431504018,89.52922461024768,470,0,outer_ring
10150,51.116745243897114,91.84688194128971,525,0,outer_ring
10151,57.764116698932206,86.43718142216638,184,0,outer_ring
10152,45.32338847259857,90.05111827168164,948,0,outer_ring
10153,58.99491215753607,85.02246186814119,8640,5,text_en_1919
10154,45.801131420101996,82.28375642275113,9022,5,text_en_1919
10155,45.39160870687393,88.41747064765676,960,0,outer_ring
10156,44.65068493340591,80.66799770843704,9078,5,text_en_1919
10157,29.088688463420553,55.79337837242436,5245,2,octagram
10158,35.341820048632485,58.16439110478453,6672,3,stroke_nan
10159,37.96529789260272,59.61058160550304,6663,3,stroke_nan
10160,58.17849064212362,94.74756287653699,185,0,outer_ring
10161,61.365140055982366,92.26581425264871,94,0,outer_ring
10162,55.47354021511004,92.28831282543632,290,0,outer_ring
10163,68.02534488564261,88.24235877114185,8683,5,text_en_1919
10164,70.72942362330765,83.24582268070792,8995,5,text_en_1919
10165,66.79129114594976,72.36861488285466,3444,1,inner_ring
10166,78.94825179912921,81.1014554855713,9278,5,text_en_1919
10167,76.23323930384522,77.21654635295081,9355,5,text_en_1919
10168,70.95364089080643,78.88165399195697,9284,5,text_en_1919
10169,81.08997034522133,70.78563930312083,9480,5,text_en_1919
10170,80.95127291478623,63.17089934803243,3342,1,inner_ring
10171,79.45562665707156,67.48521801614764,9561,5,text_en_1919
10172,83.2460367629311,50.81276022338139,3267,1,inner_ring
10173,87.17496934765862,57.789598593777086,9813,5,text_en_1919
10174,87.82059104350564,44.66355082490984,10390,5,text_en_1919
10175,90.32692285507375,45.907332326987316,10264,5,text_en_1919
10176,88.05234502618136,61.13414621559971,9747,5,text_en_1919
10177,96.53248096132342,44.57118259851129,10341,5,text_en_1919
10178,94.96855836830807,48.32988208633903,10171,5,text_en_1919
10179,91.97666873632296,36.26549147781225,10595,5,text_en_1919
10180,61.83610140657885,23.98433246738089,6025,2,octagram
10181,59.961035562437026,41.24944067300606,8279,4,stroke_kai
10182,60.36791361536518,35.01396865122392,8460,4,stroke_kai
10183,61.24580768223776,34.75600638357416,8477,4,stroke_kai
10184,57.03827166966365,40.88102927749577,8349,4,stroke_kai
10185,69.47082755294373,45.173175463605624,6445,2,octagram
10186,73.20885445738482,33.02402643646998,6281,2,octagram
10187,75.44863602782297,37.21318173209452,6349,2,octagram
10188,70.58717790141378,29.44344309849194,6228,2,octagram
10189,67.52709676260075,30.570070175075603,6189,2,octagram
10190,58.69289247028368,25.913715160268165,5988,2,octagram
10191,64.40809651266855,9.990046977993948,2983,0,outer_ring
10192,59.79202284514314,11.652286343646624,2786,0,outer_ring
10193,65.79130557186144,4.221200944564161,2986,0,outer_ring
10194,56.684833776997884,12.701534013482618,11323,5,text_en_1919
10195,45.88277441599787,11.125938315714196,1619,0,outer_ring
10196,45.79906770356594,10.02681963684164,1629,0,outer_ring
10197,46.03840252712585,9.490803821260132,1643,0,outer_ring
10198,48.01667514344797,8.685205864142254,1749,0,outer_ring
10199,54.92737912568374,8.895001474266765,2383,0,outer_ring
10200,63.13136178179839,4.460794996046237,2893,0,outer_ring
10201,60.553989085706526,0.8985295674616923,2741,0,outer_ring
10202,59.63774316936559,10.64844317718185,2762,0,outer_ring
10203,56.06071813745169,4.258710921472275,2463,0,outer_ring
10204,49.16001574040531,6.758197753674957,1849,0,outer_ring
10205,50.81942471944272,9.104433996474913,1971,0,outer_ring
10206,60.246998958425,9.802230498709381,2806,0,outer_ring
10207,48.01797960045788,7.439965029545173,1755,0,outer_ring
10208,60.236630114454194,7.66962767785428,2773,0,outer_ring
10209,57.135660459891376,16.030620901526916,11232,5,text_en_1919
10210,75.86567462256646,23.447349377989184,4294,1,inner_ring
10211,72.89391012482616,25.47755662601636,4292,1,inner_ring
10212,72.04234446210688,22.081318664046222,4269,1,inner_ring
10213,77.79769625092112,24.473630555408274,4308,1,inner_ring
10214,72.75258664883279,33.272969399590615,6272,2,octagram
10215,70.94814765680557,18.75957452851839,4245,1,inner_ring
10216,65.22168545054835,12.785970152878932,11102,5,text_en_1919
10217,68.7095609755706,5.325639093016902,3120,0,outer_ring
10218,46.15985872431951,21.410023812234467,10920,5,text_en_1919
10219,43.462617734653804,12.26433454756819,1545,0,outer_ring
10220,85.15457519343798,46.16589291010509,10368,5,text_en_1919
10221,49.304444467835246,92.09982739622691,627,0,outer_ring
10222,46.2774614870708,90.41067491576064,877,0,outer_ring
10223,40.15736746852912,87.83462519288292,1184,0,outer_ring
10224,55.43767785026346,92.18509285812259,292,0,outer_ring
10225,48.564917421349165,90.91506450418176,704,0,outer_ring
10226,43.2929086608916,92.0990606336641,1025,0,outer_ring
10227,42.97063946066993,88.1764919189391,1079,0,outer_ring
10228,38.14731206537829,88.88133330081314,1224,0,outer_ring
10229,38.33000762662295,84.88355326353735,1265,0,outer_ring
10230,36.237729014194876,71.19033527684444,5041,2,octagram
10231,31.45158230686288,76.90080364134018,9348,5,text_en_1919
10232,29.17744371644418,83.66966304617294,1362,0,outer_ring
10233,22.585360009086582,68.27852582962046,9537,5,text_en_1919
10234,25.566759760924327,65.40877865889074,9650,5,text_en_1919
10235,22.624587662186062,62.244770499567515,9787,5,text_en_1919
10236,17.584314231559866,58.30995456320858,9952,5,text_en_1919
10237,25.16708147895529,49.44852107643182,10239,5,text_en_1919
10238,27.612570116030298,41.85069876621771,10577,5,text_en_1919
10239,27.877006914653755,52.33512358673589,3782,1,inner_ring
10240,30.17568545928493,53.05839286200944,5276,2,octagram
10241,36.18872834219983,46.359350127016484,7165,3,stroke_nan
10242,41.09967122901355,46.476865155117615,7126,3,stroke_nan
10243,47.830335767308455,57.10515398673064,6656,3,stroke_nan
10244,49.88028437421982,51.773462226727105,6845,3,stroke_nan
10245,44.55721903233864,52.44671030168099,6852,3,stroke_nan
10246,52.88808660119498,54.739579751658475,6680,3,stroke_nan
10247,66.48372135667759,68.18140929982083,4631,2,octagram
10248,52.201292203067794,67.11561150497309,4856,2,octagram
10249,56.92149473026744,76.94049844435617,9188,5,text_en_1919
10250,55.842210108676746,82.2962102138182,8816,5,text_en_1919
10251,55.78397073823818,77.16774684124304,9165,5,text_en_1919
10252,50.5477911399939,63.325492086612314,6578,3,stroke_nan
10253,55.141807729150436,52.14819524367679,7808,4,stroke_kai
10254,52.95806603646381,48.16251006246913,7049,3,stroke_nan
10255,51.42020278409576,34.90565216715826,7526,3,stroke_nan
10256,51.97550545096745,42.83152389779182,7268,3,stroke_nan
10257,51.58633895767485,43.06890182416221,7244,3,stroke_nan
10258,45.66274128622662,35.92420722998471,7536,3,stroke_nan
10259,47.299825777199075,32.86495858327492,7571,3,stroke_nan
10260,37.87492439835709,30.990265971793054,5665,2,octagram
10261,31.509200716254934,38.2516100752202,5479,2,octagram
10262,33.82350382580347,34.78635949323256,5553,2,octagram
10263,28.053337915981782,30.784327436179787,3926,1,inner_ring
10264,39.12472552073806,47.467832950560116,7079,3,stroke_nan
10265,34.08463921219486,54.371983982745014,5287,2,octagram
10266,36.964125875507115,46.92775720940207,7070,3,stroke_nan
10267,25.482796128100425,38.196358691223345,10729,5,text_en_1919
10268,30.790762808029328,35.12836238682344,5522,2,octagram
10269,16.663660235302963,40.85379197300002,1403,0,outer_ring
10270,31.347327438915507,30.27927335184497,3943,1,inner_ring
10271,45.49065622268554,18.839081152770845,10947,5,text_en_1919
10272,47.062430705039304,21.143925357466394,10925,5,text_en_1919
10273,54.26085662591736,9.97306167725688,2319,0,outer_ring
10274,49.306598580450846,14.620400008763559,11269,5,text_en_1919
10275,49.01551976751929,16.561268011254754,11204,5,text_en_1919
10276,52.05988428909127,23.74924534749859,4108,1,inner_ring
10277,51.07871146159664,34.439446233888965,7540,3,stroke_nan
10278,55.92465487253837,31.125355577608456,8570,4,stroke_kai
10279,55.817788254895774,37.05163676813082,8518,4,stroke_kai
10280,62.32681848692141,43.99268873239072,8221,4,stroke_kai
10281,61.33585122937706,45.50213316410409,8111,4,stroke_kai
10282,72.54279314054615,47.715657980761556,6466,2,octagram
10283,61.75479132640981,49.96029658426208,7987,4,stroke_kai
10284,72.1375028379439,47.770874177028055,6472,2,octagram
10285,63.13860091351463,49.815784756534285,7997,4,stroke_kai
10286,62.690856025410476,53.757917734623476,7863,4,stroke_kai
10287,68.26012445667563,68.41490556376984,4630,2,octagram
10288,49.69791451475891,73.82337323396611,3564,1,inner_ring
10289,45.202862633820246,82.95522312298226,8914,5,text_en_1919
10290,46.3953926854033,83.67807635872789,979,0,outer_ring
10291,48.42217570544021,89.07490779266477,741,0,outer_ring
10292,51.870861819033436,83.06774246469503,8802,5,text_en_1919
10293,54.06051364407387,84.66018465451242,8630,5,text_en_1919
10294,54.34295937894875,80.4172312130063,8988,5,text_en_1919
10295,51.39817611981337,81.97363076219395,8646,5,text_en_1919
10296,47.67423852941888,84.62413919233136,863,0,outer_ring
10297,47.67282223463064,79.6705259714277,8928,5,text_en_1919
10298,47.138941128159544,75.06255845647915,4937,2,octagram
10299,30.663165573640274,62.615042751172204,5162,2,octagram
10300,30.127758385712,59.636538959644504,5177,2,octagram
10301,28.910199566998205,59.030960201357125,3740,1,inner_ring
10302,48.09484091957803,87.7048352001371,780,0,outer_ring
10303,54.36393519779729,86.93285010256525,352,0,outer_ring
10304,63.66785995334225,95.31759779570146,67,0,outer_ring
10305,64.22264472305933,89.02640537513537,8642,5,text_en_1919
10306,60.56591847526556,88.20110154367394,8661,5,text_en_1919
10307,69.55303924358623,91.9082217029615,16,0,outer_ring
10308,75.82738669658863,76.96063827621292,9350,5,text_en_1919
10309,68.92881509163684,73.38590468529135,3435,1,inner_ring
10310,67.87873772306675,59.55623910820483,7683,4,stroke_kai
10311,78.88118905310309,75.82204812725301,9365,5,text_en_1919
10312,69.46981625962651,58.466686018206765,7691,4,stroke_kai
10313,80.02324671755308,63.18976392315439,3344,1,inner_ring
10314,80.82107135712513,56.599624144950624,4432,2,octagram
10315,86.93431964413722,57.25223429501851,9842,5,text_en_1919
10316,83.81791769848935,52.369467571882296,3277,1,inner_ring
10317,88.03970946930038,56.41606278337486,9857,5,text_en_1919
10318,88.84257151945417,44.930055962540536,10373,5,text_en_1919
10319,93.09339811659447,52.2023030189291,10034,5,text_en_1919
10320,96.53219375652755,54.32744984736747,9833,5,text_en_1919
10321,96.84449008329123,43.629174548843544,10378,5,text_en_1919
10322,53.9733277520812,22.115371856713935,11084,5,text_en_1919
10323,63.848486171796004,45.11277314786735,8155,4,stroke_kai
10324,60.05383177367691,31.278224115827975,6092,2,octagram
10325,57.94294096487544,28.800389106642722,5975,2,octagram
10326,70.47811109407127,34.705067225876476,6251,2,octagram
10327,67.59758817734229,25.038469956440572,6139,2,octagram
10328,83.11082032790114,36.38451599064577,10680,5,text_en_1919
10329,81.42893460627423,32.76805657438811,10694,5,text_en_1919
10330,78.34337644228293,47.9131144460792,6499,2,octagram
10331,58.98241206741812,11.45725761319824,2735,0,outer_ring
10332,75.82081692174103,34.589522245660206,6321,2,octagram
10333,64.85220804293506,24.449425645332507,6122,2,octagram
10334,64.78205678306739,20.349682420702077,4201,1,inner_ring
10335,62.571563334396146,17.851731639273037,4181,1,inner_ring
10336,55.34646297098514,15.411670833080246,11242,5,text_en_1919
10337,60.16586306024062,10.116990275667188,2800,0,outer_ring
10338,47.94307739615462,12.116168864313487,1709,0,outer_ring
10339,53.4440428325464,3.195897765504247,2225,0,outer_ring
10340,51.00741995897249,8.636571730525223,1998,0,outer_ring
10341,54.82434829545366,7.8588484756568775,2370,0,outer_ring
10342,53.88567621129233,4.870203594340669,2268,0,outer_ring
10343,54.18462748793774,9.14870873988198,2309,0,outer_ring
10344,62.4712608905442,4.093390595831087,2865,0,outer_ring
10345,54.43330899155031,10.323381272918333,2343,0,outer_ring
10346,52.9087679589091,4.187501103771583,2180,0,outer_ring
10347,47.56624257489615,7.371546011701942,1729,0,outer_ring
10348,48.77291447015808,3.9029192137513133,1839,0,outer_ring
10349,64.0895465575742,5.135160951108705,2939,0,outer_ring
10350,62.074865871267335,9.37156212216849,2889,0,outer_ring
10351,59.45510026462497,6.487555960685097,2723,0,outer_ring
10352,60.45080751633915,2.7519234535311683,2750,0,outer_ring
10353,68.93802139924537,6.69616170203391,3143,0,outer_ring
10354,77.00582108668938,32.841531995201485,6306,2,octagram
10355,78.78209809903898,19.970906788380113,10844,5,text_en_1919
10356,84.9070253905004,20.363939668120686,10828,5,text_en_1919
10357,69.00327645193259,31.166674740405252,6207,2,octagram
10358,70.21492093103032,1.8818651634650996,3132,0,outer_ring
10359,76.62046817352984,32.99768124190892,6310,2,octagram
10360,38.840721421633845,25.532235543500953,4031,1,inner_ring
10361,38.47543512771388,24.59649861081624,4032,1,inner_ring
10362,84.25029205933396,37.99074797190514,10671,5,text_en_1919
10363,51.34099408349768,91.47877669018828,514,0,outer_ring
10364,43.573723023319985,89.89335783478838,1032,0,outer_ring
10365,45.078171300162566,87.58370230440347,996,0,outer_ring
10366,56.81453086574069,92.51801097684591,240,0,outer_ring
10367,48.316672886775464,91.9080780655308,719,0,outer_ring
10368,41.260764347322876,89.77981489132458,1125,0,outer_ring
10369,45.14689149067372,78.26908824107748,3593,1,inner_ring
10370,41.34688366159677,90.38845468548568,1113,0,outer_ring
10371,38.90982904294217,85.91234007138644,1239,0,outer_ring
10372,34.30355251254586,76.55770121593326,9401,5,text_en_1919
10373,36.76841271887839,74.50149915656678,3637,1,inner_ring
10374,30.808792277212635,73.41507314755104,9479,5,text_en_1919
10375,29.461495733670798,76.73294749516329,9369,5,text_en_1919
10376,21.10162918336209,63.30056996782976,9736,5,text_en_1919
10377,30.975930503911787,59.28026898884187,5175,2,octagram
10378,23.06679894671822,59.78189977386971,9886,5,text_en_1919
10379,22.105794408284385,49.245498887442835,10268,5,text_en_1919
10380,24.16493618180001,45.68703682824829,10546,5,text_en_1919
10381,29.235407957444952,57.646000183642116,5224,2,octagram
10382,41.40444152565613,48.195777648298844,7013,3,stroke_nan
10383,38.20269282550077,46.23927614420223,7089,3,stroke_nan
10384,45.683207725267756,54.09724717317846,6776,3,stroke_nan
10385,47.93293465578144,72.3338398763772,4915,2,octagram
10386,43.73292401973345,47.56926894056394,7082,3,stroke_nan
10387,49.46502502616229,51.99414466027347,6846,3,stroke_nan
10388,53.517061762522644,56.6105745236723,6635,3,stroke_nan
10389,57.7151670128809,81.59480499920376,8951,5,text_en_1919
10390,60.65010894660683,55.479230586391814,7856,4,stroke_kai
10391,69.14655539332824,64.62157453293568,4586,2,octagram
10392,60.46107768542568,71.24000780537277,3479,1,inner_ring
10393,62.09432724629534,75.04062215189117,9287,5,text_en_1919
10394,51.07895715993334,56.563459782317345,6709,3,stroke_nan
10395,57.518612171465975,41.03312870717308,8283,4,stroke_kai
10396,54.87909346629315,57.68059776391334,4827,2,octagram
10397,42.650649832454256,52.03429776788825,6897,3,stroke_nan
10398,55.4475828810819,47.58201295482281,8086,4,stroke_kai
10399,51.74001121236227,31.02164069986065,5877,2,octagram
10400,50.42031248451017,39.64975967760884,7353,3,stroke_nan
10401,46.078618855815634,30.52754994271569,5714,2,octagram
10402,39.604466932768176,31.216182615722648,5666,2,octagram
10403,38.91315785497217,35.79005816104263,5614,2,octagram
10404,28.534275490146594,33.2851747490236,3906,1,inner_ring
10405,18.182845210932655,37.030655214724554,1405,0,outer_ring
10406,29.37591782919756,44.256477316791866,3848,1,inner_ring
10407,32.33325177564293,51.698460093403554,5305,2,octagram
10408,41.87804331724747,52.933052649401695,6824,3,stroke_nan
10409,21.172324181881372,32.11564069347916,10797,5,text_en_1919
10410,33.041672979690794,33.17304981996606,5568,2,octagram
10411,26.682252183146517,34.34710854002629,10778,5,text_en_1919
10412,27.653333822881294,27.872153781682332,10829,5,text_en_1919
10413,44.48635929247608,5.85803338233001,1604,0,outer_ring
10414,43.374093414271194,17.48594745495828,11072,5,text_en_1919
10415,56.763059888051615,14.725292088593141,11290,5,text_en_1919
10416,47.04167169474171,9.894962659475544,1680,0,outer_ring
10417,49.94977166255415,25.853020339385402,5843,2,octagram
10418,62.50721171018091,17.926543710859722,4180,1,inner_ring
10419,62.7413037314907,23.535565735067895,6054,2,octagram
10420,62.43099299224772,33.6174766606719,8482,4,stroke_kai
10421,51.241239479127984,28.867165523409373,5873,2,octagram
10422,61.57146990679423,45.1210581165807,8153,4,stroke_kai
10423,55.20405471710717,35.275303386827105,8540,4,stroke_kai
10424,64.0154763813209,49.379007180659755,7991,4,stroke_kai
10425,63.50145576500144,50.15684627133368,7942,4,stroke_kai
10426,57.55997286399301,50.9652396274448,7963,4,stroke_kai
10427,63.77118645878877,59.345916582963085,7687,4,stroke_kai
10428,72.39431316122,62.9782337328886,4553,2,octagram
10429,65.76352833613589,79.08594300675136,9191,5,text_en_1919
10430,46.72575522470514,71.00572381504375,4922,2,octagram
10431,47.529251392083985,90.1551688842957,789,0,outer_ring
10432,52.09811706790775,91.07709272078962,463,0,outer_ring
10433,49.261754569051604,86.89010880441218,693,0,outer_ring
10434,51.84908193111063,85.5825725064039,513,0,outer_ring
10435,51.447660219689844,88.61478996094316,522,0,outer_ring
10436,54.08442354556654,84.40520323138591,8678,5,text_en_1919
10437,54.419518007373036,86.09149287345626,8582,5,text_en_1919
10438,49.3347404445786,87.49306779939302,677,0,outer_ring
10439,52.960466073169954,73.92711699111254,3538,1,inner_ring
10440,44.01965828493321,63.7712550979044,6597,3,stroke_nan
10441,29.601330306213402,65.93388979026199,3698,1,inner_ring
10442,24.918278448598357,54.26865545780146,10013,5,text_en_1919
10443,42.01084963378518,69.17886358710167,5022,2,octagram
10444,58.15296829724269,91.4945898047219,181,0,outer_ring
10445,64.49422360036915,84.58832799951567,8896,5,text_en_1919
10446,58.97806849995771,98.66299343602894,167,0,outer_ring
10447,70.32367525134634,81.77874667257362,9115,5,text_en_1919
10448,69.376600326513,84.50714070981333,8922,5,text_en_1919
10449,65.69741885976654,82.57874905846033,9040,5,text_en_1919
10450,75.1621829292262,80.0700672191761,9172,5,text_en_1919
10451,65.80579892661524,71.6204852496929,4683,2,octagram
10452,66.39800078054155,71.55111454350192,4677,2,octagram
10453,75.76914989794017,68.82399962205332,3382,1,inner_ring
10454,85.50126798765977,69.41882580847135,9504,5,text_en_1919
10455,75.59636967969327,56.75158089220983,4472,2,octagram
10456,77.03368830089904,57.422644530383344,4460,2,octagram
10457,83.49310667634481,52.64843681949397,3281,1,inner_ring
10458,81.8590936838812,55.02716154577698,6573,2,octagram
10459,79.58247397474042,50.27181703382077,6523,2,octagram
10460,84.16369395611093,59.98260103819793,9771,5,text_en_1919
10461,92.94489361685845,52.894486615105116,9927,5,text_en_1919
10462,90.66824832252058,48.148619595879154,10120,5,text_en_1919
10463,88.70783487830504,41.06814322245548,10466,5,text_en_1919
10464,57.31686891697504,47.3340149892645,8070,4,stroke_kai
10465,57.96948982686352,49.81507767423034,7975,4,stroke_kai
10466,62.77192352873366,40.1100485881951,8290,4,stroke_kai
10467,69.4211450135904,30.120696585061705,6211,2,octagram
10468,65.08919535503546,42.8064767383078,8211,4,stroke_kai
10469,77.42210217024733,31.808585255441432,4344,1,inner_ring
10470,78.78160547748331,43.95864059828594,4418,1,inner_ring
10471,68.218548107253,39.872458048027106,8299,4,stroke_kai
10472,75.4794462606599,39.450655088198445,6370,2,octagram
10473,62.995194033724914,25.696678651396432,6074,2,octagram
10474,65.07367526172453,20.22041343831394,4203,1,inner_ring
10475,63.912305896453084,19.875871142768723,6043,2,octagram
10476,59.58291006284795,16.71953294060137,11198,5,text_en_1919
10477,58.48168192333561,1.2224017925428474,2609,0,outer_ring
10478,55.16566107633045,5.21845943293005,2393,0,outer_ring
10479,52.85481829979787,3.9378980980152685,2173,0,outer_ring
10480,52.706405738167305,4.703973770596358,2159,0,outer_ring
10481,51.0451009923232,4.363961152845187,2018,0,outer_ring
10482,57.81381740346468,9.251358689647407,2620,0,outer_ring
10483,56.37738530858836,7.422707595916851,2510,0,outer_ring
10484,52.21474498568768,4.713578751145542,2111,0,outer_ring
10485,55.402027155840024,8.52635148867045,2428,0,outer_ring
10486,55.62063372409431,9.211181705470393,2451,0,outer_ring
10487,50.23701552392831,6.614606552786794,1939,0,outer_ring
10488,51.64751372074809,5.648347134219294,2063,0,outer_ring
10489,48.71034193701684,8.160210897228673,1804,0,outer_ring
10490,49.33264474384381,8.945880349423547,1843,0,outer_ring
10491,51.59831933663241,11.624390173379583,2034,0,outer_ring
10492,61.48327096210014,8.885877069194335,2858,0,outer_ring
10493,60.66193309431776,16.670867431459655,4161,1,inner_ring
10494,63.10950045999948,6.9335718303814655,2909,0,outer_ring
10495,66.55578428341681,22.625601879692535,6104,2,octagram
10496,82.28680996339779,41.98325499734898,10440,5,text_en_1919
10497,68.65544223161143,35.44051849472641,8398,4,stroke_kai
10498,82.8037259787628,18.470944402603234,10842,5,text_en_1919
10499,65.69047751120294,7.673502974975531,3021,0,outer_ring
10500,77.28321849885057,29.230097401246184,4333,1,inner_ring
10501,69.66557635446243,12.926882261222842,4220,1,inner_ring
10502,38.785446715214114,25.718585510915503,4030,1,inner_ring
10503,46.476568032310446,11.704011023340339,1645,0,outer_ring
10504,93.13699153604479,48.946764720451775,10106,5,text_en_1919
10505,53.18416656991402,94.48531461522792,400,0,outer_ring
10506,46.01427863191392,92.85039236449184,860,0,outer_ring
10507,41.98372299226926,90.54210107637249,1089,0,outer_ring
10508,54.1082660352563,95.50665868216238,356,0,outer_ring
10509,52.225458015003916,92.13932015974811,454,0,outer_ring
10510,48.915274243521495,90.01522369769194,686,0,outer_ring
10511,42.474336602742326,89.76265696487405,1081,0,outer_ring
10512,39.97289605147612,86.14846635395405,1205,0,outer_ring
10513,38.31157065217125,86.35206383648888,1250,0,outer_ring
10514,34.78330229013194,80.9005170797688,8983,5,text_en_1919
10515,30.51537798476288,77.14321598280934,9343,5,text_en_1919
10516,27.671921775624984,76.68627566228396,9353,5,text_en_1919
10517,26.671192979555833,68.76364228389288,9592,5,text_en_1919
10518,24.848042745202108,67.94115303867301,9578,5,text_en_1919
10519,18.678492674868426,58.0577583834257,9945,5,text_en_1919
10520,20.384218191373904,50.177786663229185,10262,5,text_en_1919
10521,23.1160255431801,57.71026166971324,9932,5,text_en_1919
10522,22.15566140772901,49.80820759164588,10244,5,text_en_1919
10523,30.8621331769937,55.25437369819117,5257,2,octagram
10524,24.237752780909002,50.01599597424803,10238,5,text_en_1919
10525,38.14453201583054,49.62232108043805,7000,3,stroke_nan
10526,47.05919512081103,48.338100494504076,7053,3,stroke_nan
10527,47.52894311652196,53.45746955627787,6789,3,stroke_nan
10528,49.51228729483632,53.03236097861486,6830,3,stroke_nan
10529,52.34415563147783,60.774055115709345,6606,3,stroke_nan
10530,52.28624770757702,76.47066448025213,3541,1,inner_ring
10531,61.784836520192016,56.38605511912949,7764,4,stroke_kai
10532,64.08323168068358,71.38794782332903,4702,2,octagram
10533,49.5728111999148,63.43142071648623,6579,3,stroke_nan
10534,58.39825314611695,69.15291937556995,4757,2,octagram
10535,58.41286197731837,77.92453187335016,9026,5,text_en_1919
10536,53.10053472591717,62.5452739388938,4851,2,octagram
10537,51.99017575721754,52.35452436397801,6921,3,stroke_nan
10538,50.661831700422034,48.486620976935896,7034,3,stroke_nan
10539,42.540016503534154,44.39165798760223,7246,3,stroke_nan
10540,53.54869299006219,25.56751640096807,4118,1,inner_ring
10541,48.90321680603076,46.79248740644227,7104,3,stroke_nan
10542,41.656211794319766,30.828433090574865,5683,2,octagram
10543,60.69852988035991,6.851251445697348,2803,0,outer_ring
10544,40.20952706530996,32.34216641031849,5653,2,octagram
10545,36.43155312681607,30.805496060869242,5612,2,octagram
10546,35.598196753618424,27.252665707175968,4002,1,inner_ring
10547,24.334092429086457,40.449655068156716,10602,5,text_en_1919
10548,37.306585063835634,38.76902296180074,7383,3,stroke_nan
10549,44.336947608530316,46.59471466717875,7120,3,stroke_nan
10550,38.11505452184281,52.544786939986906,6895,3,stroke_nan
10551,28.768423933574102,43.76066457589085,3851,1,inner_ring
10552,30.010294183782104,35.62872806402069,5507,2,octagram
10553,34.45102200698491,16.040439665258916,1434,0,outer_ring
10554,31.401002863987603,29.887963082228346,3947,1,inner_ring
10555,42.82801478126211,26.128779607647644,5779,2,octagram
10556,45.461273580791634,8.893105312380037,1621,0,outer_ring
10557,49.60068950486834,7.261412094985709,1881,0,outer_ring
10558,51.36358538922616,19.67383626317338,11129,5,text_en_1919
10559,58.01459958308036,8.481967614435666,2629,0,outer_ring
10560,49.998299891442784,36.94805275053065,7483,3,stroke_nan
10561,40.66112953267219,34.55819632228406,5634,2,octagram
10562,50.87254854744591,32.250073607147705,7557,3,stroke_nan
10563,47.185117784732235,40.84799402580005,7365,3,stroke_nan
10564,55.98789321194236,49.15263949999476,7978,4,stroke_kai
10565,55.289047824234856,51.85643670186266,7809,4,stroke_kai
10566,72.09542625711596,49.37616706925279,6478,2,octagram
10567,68.58741514810208,47.25738938816897,6455,2,octagram
10568,69.38497845409275,50.4199828194912,7884,4,stroke_kai
10569,67.42452656766369,57.67551077647015,7708,4,stroke_kai
10570,70.32942139482618,65.3621761780014,4593,2,octagram
10571,57.51482366566792,72.44097860644344,3506,1,inner_ring
10572,44.948670387384254,66.6028250297491,5035,2,octagram
10573,47.37525482225168,90.53818514568894,794,0,outer_ring
10574,51.82742264036419,86.10149660864931,510,0,outer_ring
10575,53.49429155579217,88.24164411967654,397,0,outer_ring
10576,51.07920241238426,91.15004279382671,531,0,outer_ring
10577,57.53230465184028,84.49049669094863,8737,5,text_en_1919
10578,54.03932868160333,82.34521326646316,8859,5,text_en_1919
10579,43.65434980081853,88.05251026502337,1050,0,outer_ring
10580,42.77080486107253,88.2234630789715,1086,0,outer_ring
10581,47.4522202394789,73.33498378881784,4932,2,octagram
10582,44.830160939003804,72.01800661452863,4987,2,octagram
10583,27.194172944384558,58.983482929538376,3743,1,inner_ring
10584,34.39795086200625,61.386004708150836,5115,2,octagram
10585,23.814947536057236,60.606586234114694,9845,5,text_en_1919
10586,62.35478083519861,90.03530751929023,8613,5,text_en_1919
10587,54.67692657545292,92.2971952495004,327,0,outer_ring
10588,62.76353077513649,92.65614058015126,72,0,outer_ring
10589,68.81663139390726,96.68353639560208,26,0,outer_ring
10590,66.2346669082239,84.11785143985256,8897,5,text_en_1919
10591,64.96190211427819,81.93347964619889,9050,5,text_en_1919
10592,71.15492105148805,80.29675924139457,9201,5,text_en_1919
10593,69.61892381070915,67.2113006375075,4610,2,octagram
10594,70.56441038675796,71.40235002711368,4647,2,octagram
10595,79.45306385607574,67.55888946575864,9546,5,text_en_1919
10596,72.83555262244973,73.28751670989955,3417,1,inner_ring
10597,77.9122396661096,58.31751806479649,4452,2,octagram
10598,82.2237458578155,56.74085370034842,4421,2,octagram
10599,77.87841427442292,58.66663372190064,3329,1,inner_ring
10600,87.4244017862786,58.906677697314336,9789,5,text_en_1919
10601,87.78405395011036,43.97711665017575,10410,5,text_en_1919
10602,88.8411392509324,54.11599554077773,9925,5,text_en_1919
10603,93.72233382064589,44.45303983710324,10377,5,text_en_1919
10604,97.18502561727529,52.731478619149264,10021,5,text_en_1919
10605,98.96614709760807,36.539118358700414,10613,5,text_en_1919
10606,55.08485835532435,39.658368573765465,8480,4,stroke_kai
10607,53.50819576988564,11.137430654563218,2238,0,outer_ring
10608,64.23625768303737,39.83179852974105,8313,4,stroke_kai
10609,77.85541648978229,47.07349028951299,3237,1,inner_ring
10610,66.95414797960478,27.8642963926243,6164,2,octagram
10611,66.44820747456752,36.00000627541116,8388,4,stroke_kai
10612,82.20171909506423,32.44929224714559,10700,5,text_en_1919
10613,78.66047905487609,33.37148342200167,4356,1,inner_ring
10614,75.91559086283758,55.32343246458764,4466,2,octagram
10615,62.36049823689493,15.92882401262679,10917,5,text_en_1919
10616,64.28561710244293,15.393077548795178,10905,5,text_en_1919
10617,64.44791203309002,19.419693290646258,4198,1,inner_ring
10618,60.25837866643114,15.162354077177437,11282,5,text_en_1919
10619,66.25575197862267,16.962964424547838,10877,5,text_en_1919
10620,54.3775264726678,11.01768805551157,2332,0,outer_ring
10621,57.55122436916534,12.592811650441824,11336,5,text_en_1919
10622,49.85929060137511,9.749600783653412,1886,0,outer_ring
10623,48.11712449651812,8.606560111912511,1752,0,outer_ring
10624,57.42375674994831,12.75097071493817,11331,5,text_en_1919
10625,52.712526729913115,4.567633946705206,2160,0,outer_ring
10626,60.57589068769755,4.959943844960912,2771,0,outer_ring
10627,56.92897500180793,12.049418504262253,11347,5,text_en_1919
10628,55.92905338952142,1.410972574572159,2440,0,outer_ring
10629,57.67174615435788,6.417574899098852,2597,0,outer_ring
10630,57.44102469659212,5.65602288167728,2571,0,outer_ring
10631,49.74235912963436,8.522665102026973,1885,0,outer_ring
10632,55.314242743844225,1.4990066873188908,2390,0,outer_ring
10633,51.64408508236805,5.7801924913166784,2060,0,outer_ring
10634,61.945408640547015,7.842123797234569,2870,0,outer_ring
10635,63.51229973347874,4.453286981314719,2906,0,outer_ring
10636,67.06561107439767,6.183873044739752,3060,0,outer_ring
10637,73.5429829070856,28.608809017114744,6267,2,octagram
10638,68.37159306366894,22.980123892408024,6119,2,octagram
10639,66.5220624213423,26.654770996941952,6157,2,octagram
10640,74.03941828540746,20.986290145976387,4272,1,inner_ring
10641,69.22687199548135,7.415683161810363,3170,0,outer_ring
10642,65.47525955060858,5.5750461292828675,2985,0,outer_ring
10643,68.92634797666288,6.075820054017843,3135,0,outer_ring
10644,40.424535675499286,26.4161194692559,5746,2,octagram
10645,48.136693188731556,14.802587358344876,11258,5,text_en_1919
10646,88.68876549967202,63.38483974477339,9710,5,text_en_1919
10647,48.087362233251405,94.06124989321775,705,0,outer_ring
10648,44.912308320947226,87.56498094627167,1007,0,outer_ring
10649,46.068392552485314,89.31546757300184,915,0,outer_ring
10650,48.39844116779036,91.77823976621995,711,0,outer_ring
10651,50.762329303217776,89.30307695383402,561,0,outer_ring
10652,48.08957048005966,93.01199518063092,723,0,outer_ring
10653,41.07650455112496,91.3554576664105,1112,0,outer_ring
10654,41.53624538995373,91.42705866674895,1094,0,outer_ring
10655,36.38716894288741,87.63462069579656,1280,0,outer_ring
10656,44.037876775382855,61.896806550390025,6600,3,stroke_nan
10657,32.36338822501746,71.78944248750287,3664,1,inner_ring
10658,36.346960718067,65.38826369992609,5080,2,octagram
10659,30.344190854474004,67.23027924708319,3692,1,inner_ring
10660,22.70559332939171,65.45621880571636,9675,5,text_en_1919
10661,23.136097601966128,58.722493432870294,9908,5,text_en_1919
10662,22.283284071512817,52.735658260753354,10161,5,text_en_1919
10663,25.699338473584678,51.23534592779827,10146,5,text_en_1919
10664,26.618765433433165,52.76702299816332,3781,1,inner_ring
10665,21.746269768233347,51.197602657466796,10174,5,text_en_1919
10666,28.456507339987766,50.076808840382576,3805,1,inner_ring
10667,30.447282617006948,56.13689574299562,5248,2,octagram
10668,46.41454339390274,46.882175683105174,7074,3,stroke_nan
10669,43.844843753452054,52.353668421366734,6863,3,stroke_nan
10670,45.852309164015644,55.13299171243947,6704,3,stroke_nan
10671,47.81909148296439,51.731254365229745,6869,3,stroke_nan
10672,56.684961200521066,59.060485681490626,7626,4,stroke_kai
10673,52.107715510783216,61.17916902753429,4848,2,octagram
10674,53.01637880439147,75.48817816123618,3537,1,inner_ring
10675,60.985769947863986,69.77316367598392,4733,2,octagram
10676,57.90028441424931,64.17641641402251,4786,2,octagram
10677,59.534970645880925,72.17013518625855,3490,1,inner_ring
10678,56.769252962095635,65.33846340043591,4804,2,octagram
10679,52.03321020358441,77.61655190904152,9106,5,text_en_1919
10680,53.29630424967159,62.77803314076012,4834,2,octagram
10681,45.351050796528874,36.417974816653846,7509,3,stroke_nan
10682,52.05688992327581,45.20104905150251,7173,3,stroke_nan
10683,48.07992178994042,46.707669996660876,7112,3,stroke_nan
10684,44.84386353735044,36.281586632109736,7522,3,stroke_nan
10685,45.05754407028171,21.382465217911964,10919,5,text_en_1919
10686,46.47686889515039,19.14069810985807,10949,5,text_en_1919
10687,35.12752488263443,34.00963359810308,5588,2,octagram
10688,32.78000511542225,35.842284263441805,5536,2,octagram
10689,28.604471243943166,39.13197593441476,3877,1,inner_ring
10690,39.93602322709443,36.915864594248184,5630,2,octagram
10691,37.31503115280735,52.568262496084344,6909,3,stroke_nan
10692,39.455335822669745,44.93256389606436,7206,3,stroke_nan
10693,24.983736404608372,35.31176282969624,10763,5,text_en_1919
10694,34.613263004216385,32.23381248431201,5586,2,octagram
10695,31.773577882845736,19.691435426227123,1419,0,outer_ring
10696,36.722413463531566,20.793073500626612,11147,5,text_en_1919
10697,34.78653871833701,23.618425046396197,4012,1,inner_ring
10698,44.795694162151534,24.365881803884836,5798,2,octagram
10699,45.96723199952667,11.268996750154924,1623,0,outer_ring
10700,47.862896259759246,23.37882615045219,4082,1,inner_ring
10701,47.23538536402335,25.691403544078646,5819,2,octagram
10702,52.31538574969391,25.36906117237274,4110,1,inner_ring
10703,59.349559666605295,44.92445986001344,8165,4,stroke_kai
10704,63.44652247589269,34.746633536351275,8457,4,stroke_kai
10705,57.7782594659309,44.116821518385485,8190,4,stroke_kai
10706,56.19321790389079,28.620598185079288,5938,2,octagram
10707,62.6814966094601,48.01664134284658,8042,4,stroke_kai
10708,57.38106671386204,45.44612151495957,8132,4,stroke_kai
10709,67.37317069574691,47.92560651301753,8009,4,stroke_kai
10710,67.40491186557959,49.44265239293559,7937,4,stroke_kai
10711,62.99162638056334,57.80482000640811,7717,4,stroke_kai
10712,67.23973178771817,60.36255914542876,7650,4,stroke_kai
10713,67.40132582970074,68.1727651546757,4629,2,octagram
10714,49.872341832949836,68.98004043832496,4887,2,octagram
10715,46.315528651425026,87.4998053444715,924,0,outer_ring
10716,44.93358720720705,91.74749323863466,947,0,outer_ring
10717,51.61057283398888,87.95390047567942,516,0,outer_ring
10718,55.285167268828644,89.98245904198286,299,0,outer_ring
10719,56.413481962764905,83.50581870290539,8770,5,text_en_1919
10720,47.50467388057377,92.53129365963387,768,0,outer_ring
10721,51.947949180877764,78.45624824508619,9080,5,text_en_1919
10722,47.42804801852569,70.58975184011473,4917,2,octagram
10723,48.550917216509255,76.95399623102018,9251,5,text_en_1919
10724,44.746901121579675,73.51940643674708,4977,2,octagram
10725,39.63660359049743,54.696696480484526,6811,3,stroke_nan
10726,29.086803335599306,59.73724237029695,3728,1,inner_ring
10727,32.14279973779884,60.75909392730382,5157,2,octagram
10728,58.17322834757996,91.88614370482385,182,0,outer_ring
10729,61.20700625672313,96.91073694288072,109,0,outer_ring
10730,54.37579352759343,87.69397073413693,349,0,outer_ring
10731,57.395155174603886,92.6320580517288,212,0,outer_ring
10732,66.40537462572954,87.38866390891236,8690,5,text_en_1919
10733,69.82635079319765,80.0612990398297,9246,5,text_en_1919
10734,68.882013180159,85.20684439937541,8877,5,text_en_1919
10735,65.66512105511713,76.05876229973087,9344,5,text_en_1919
10736,67.3959260354602,72.68473928352412,3441,1,inner_ring
10737,79.70668087071273,71.40333821227863,9475,5,text_en_1919
10738,79.75461175655236,68.86937231104403,9493,5,text_en_1919
10739,78.73031075130335,58.327437957479354,3322,1,inner_ring
10740,90.47293732550551,67.73930846028182,9531,5,text_en_1919
10741,86.56944321433642,53.562529560183705,9966,5,text_en_1919
10742,90.70411698281777,47.77712980952552,10126,5,text_en_1919
10743,80.92780345832713,50.06365806959065,6532,2,octagram
10744,87.15852892722972,44.10083291450983,10409,5,text_en_1919
10745,90.41432211120198,44.61871901227917,10357,5,text_en_1919
10746,84.07566382816154,50.9518755570559,3266,1,inner_ring
10747,97.11681954076546,55.26399500273845,9823,5,text_en_1919
10748,56.39129355480132,21.610206457967944,4137,1,inner_ring
10749,59.20087076275567,44.68844923316941,8158,4,stroke_kai
10750,67.13718470900393,51.66699624331776,7859,4,stroke_kai
10751,60.359626878904734,36.69431689084312,8452,4,stroke_kai
10752,72.24723932280929,32.92229155780951,6268,2,octagram
10753,72.65809106449947,38.41751025753077,6374,2,octagram
10754,82.66125495180692,46.130875948741064,10329,5,text_en_1919
10755,80.2783354290749,36.041332185690976,10673,5,text_en_1919
10756,83.49443000485873,47.07983505470444,10330,5,text_en_1919
10757,68.23391471190183,29.694683752246693,6192,2,octagram
10758,64.4031459986428,18.91352198049038,4196,1,inner_ring
10759,58.548560959460936,18.90455699282852,10998,5,text_en_1919
10760,57.06435531450276,12.741968106843293,11320,5,text_en_1919
10761,60.07913067067246,14.455249109530804,11300,5,text_en_1919
10762,52.40469193338652,13.64871455259704,2108,0,outer_ring
10763,55.08137791584005,7.195459460490867,2394,0,outer_ring
10764,48.383773367739316,9.99186907189998,1757,0,outer_ring
10765,60.324068398210464,8.002310465662884,2783,0,outer_ring
10766,47.80751229016951,10.571420982524268,1717,0,outer_ring
10767,54.313422517471,5.454188110579356,2312,0,outer_ring
10768,57.451032081044524,11.776677368462265,2614,0,outer_ring
10769,61.89699083214113,5.833572317271745,2852,0,outer_ring
10770,55.18398805618386,4.778123614022261,2392,0,outer_ring
10771,61.19493058814759,5.07279045654631,2816,0,outer_ring
10772,56.38617139339932,1.1536542220419137,2472,0,outer_ring
10773,53.94712928604425,6.138800263886932,2279,0,outer_ring
10774,50.01587812192173,8.244524123710054,1911,0,outer_ring
10775,50.82175192239795,9.576419327371308,1969,0,outer_ring
10776,59.962554179348274,11.29205272852575,2799,0,outer_ring
10777,61.39487077437686,8.304435756102722,2847,0,outer_ring
10778,68.43213794741796,6.185406673284657,3121,0,outer_ring
10779,68.15562184501069,13.31272031092526,11030,5,text_en_1919
10780,67.86367293126679,33.09784750591335,6198,2,octagram
10781,84.2553513254877,44.752359904384626,10406,5,text_en_1919
10782,82.90275812715228,35.06018456255048,10690,5,text_en_1919
10783,67.68459856790096,7.855118999795131,3112,0,outer_ring
10784,65.50022048594228,10.213511086891206,3041,0,outer_ring
10785,70.38894710623008,23.01635717968128,4265,1,inner_ring
10786,47.55445341707743,14.260340210299878,11333,5,text_en_1919
10787,48.71588382625944,9.86719799524948,1781,0,outer_ring
10788,87.60548683651459,50.32711223080921,10100,5,text_en_1919
10789,48.630378945618325,94.18493461167661,664,0,outer_ring
10790,47.93184742304995,90.73957147770165,754,0,outer_ring
10791,43.84335174153338,90.44508710477577,1020,0,outer_ring
10792,47.34931714707835,91.69766026662391,784,0,outer_ring
10793,36.982998783647126,86.81077397530659,1276,0,outer_ring
10794,49.091790495255886,88.35902287705953,690,0,outer_ring
10795,36.4667307856187,74.66429879345209,3639,1,inner_ring
10796,37.809128002914605,82.45774369395956,8937,5,text_en_1919
10797,41.909491814371925,88.20008075207755,1118,0,outer_ring
10798,36.52411537342727,81.63233303957551,8956,5,text_en_1919
10799,24.403970052338792,78.45379787271868,1377,0,outer_ring
10800,35.388511971893685,72.90904023524469,3645,1,inner_ring
10801,28.87835791273755,66.62328952428739,9659,5,text_en_1919
10802,19.855459529436963,70.17828452805155,9494,5,text_en_1919
10803,21.378863735265124,65.92318430875271,9685,5,text_en_1919
10804,22.612401763757834,52.571992892218944,10159,5,text_en_1919
10805,21.73882827590198,58.966413887010354,9923,5,text_en_1919
10806,29.27665536546687,46.63264178210225,3830,1,inner_ring
10807,21.90746865017418,49.35906404227476,10278,5,text_en_1919
10808,27.217676374709733,53.06327444835028,3776,1,inner_ring
10809,35.14686446427268,48.66282381590429,5364,2,octagram
10810,38.113847812024,48.27983452520844,7055,3,stroke_nan
10811,46.71271057150048,51.683812374275206,6855,3,stroke_nan
10812,45.318122957334445,53.90165439829999,6777,3,stroke_nan
10813,49.525211842465296,55.28523476817193,6790,3,stroke_nan
10814,57.714177063671464,56.18785136467428,7680,4,stroke_kai
10815,50.02493142704468,70.49682089242904,4893,2,octagram
10816,59.88670702713964,69.6974931970389,4739,2,octagram
10817,59.763456982009785,56.52423520831335,7852,4,stroke_kai
10818,59.86111688109848,76.8064418894073,9177,5,text_en_1919
10819,61.969140653241304,80.8704269480044,9004,5,text_en_1919
10820,56.81299439022656,65.80665308686416,4802,2,octagram
10821,54.485931093088396,61.052458535491716,4825,2,octagram
10822,50.65393833204162,41.39435534744998,7315,3,stroke_nan
10823,45.96748747191318,42.69804640455929,7304,3,stroke_nan
10824,51.53081987205313,37.25911987571565,7480,3,stroke_nan
10825,56.675823801983064,62.59786616779346,4789,2,octagram
10826,42.56043608989434,29.918004979408323,5703,2,octagram
10827,41.62700431923289,32.71721029516324,5654,2,octagram
10828,43.924647292489134,22.88171672770014,4063,1,inner_ring
10829,37.016088711061734,31.1101493161111,5615,2,octagram
10830,32.825931030339405,35.45679891721107,5541,2,octagram
10831,31.844491696240116,33.68294584555856,5534,2,octagram
10832,33.874816288899076,47.52423755267886,5377,2,octagram
10833,36.58890611157075,50.006695559194284,6958,3,stroke_nan
10834,38.91470178466991,44.570674457288526,7207,3,stroke_nan
10835,37.16614599979584,40.639111315555375,7346,3,stroke_nan
10836,27.224808649375756,34.10829526699259,10765,5,text_en_1919
10837,36.323392490433385,27.61231657360614,4006,1,inner_ring
10838,34.63558184221229,10.177147850950398,1443,0,outer_ring
10839,49.150374688466556,15.016014041667209,11239,5,text_en_1919
10840,47.15320458821423,0.8230094606747071,1756,0,outer_ring
10841,48.44805612569151,17.384766568645194,11203,5,text_en_1919
10842,52.48570490267588,9.454277384435565,2128,0,outer_ring
10843,46.96040629886124,29.019018227276526,5828,2,octagram
10844,58.48018231405225,26.57457957311048,5982,2,octagram
10845,52.18349440855048,18.90184928214301,11149,5,text_en_1919
10846,73.26344156089246,33.15465659312635,6280,2,octagram
10847,59.68264813444541,38.97479004505537,8368,4,stroke_kai
10848,63.94348095310903,49.1369998745468,8007,4,stroke_kai
10849,76.15962492293237,55.249655486568585,4467,2,octagram
10850,57.35612738478474,50.390194027589104,7972,4,stroke_kai
10851,66.11472690653544,48.51856341111322,8000,4,stroke_kai
10852,70.19001490739905,54.79073516142303,4486,2,octagram
10853,68.63699036839607,52.67655490708819,7821,4,stroke_kai
10854,68.77652384155705,60.66558679139139,7641,4,stroke_kai
10855,54.67534182549137,88.29424247004475,330,0,outer_ring
10856,49.2218171254493,80.47176505111759,8767,5,text_en_1919
10857,49.93128094116709,84.42103571970064,666,0,outer_ring
10858,41.055888633133094,90.25026076274108,1126,0,outer_ring
10859,50.68109809633507,88.69565018330934,569,0,outer_ring
10860,54.173591339073454,88.5117358670666,360,0,outer_ring
10861,52.39824236326524,88.55380998814512,457,0,outer_ring
10862,59.79521064126837,86.81443224258899,121,0,outer_ring
10863,49.21446326724985,79.94142550411149,8902,5,text_en_1919
10864,53.09749232610034,75.34078980368035,3536,1,inner_ring
10865,44.80891272559097,75.19659963662984,4966,2,octagram
10866,44.08677729445912,76.26053206451759,3599,1,inner_ring
10867,31.035032518641984,61.817524813363654,5158,2,octagram
10868,30.224474236911448,64.12685575927391,3702,1,inner_ring
10869,40.55774728441782,62.03154510366908,6602,3,stroke_nan
10870,55.057997776101956,91.59814440172084,311,0,outer_ring
10871,53.61873035283425,93.79058620755889,380,0,outer_ring
10872,63.19328683082182,91.2747728275659,64,0,outer_ring
10873,59.4466782355409,88.61259312643048,141,0,outer_ring
10874,70.17463653368713,83.51282262164348,9006,5,text_en_1919
10875,68.84450606140967,86.29346309518095,8795,5,text_en_1919
10876,69.24256064583672,82.2815733758871,9125,5,text_en_1919
10877,74.36434666746342,73.86644764750551,9415,5,text_en_1919
10878,74.91786422590734,71.1980944503297,3398,1,inner_ring
10879,69.34397357609134,65.92697019176917,4600,2,octagram
10880,65.55165005706377,60.433147963364476,7657,4,stroke_kai
10881,77.6394300819516,60.251092655577125,4496,2,octagram
10882,78.47975151346006,61.33840722677087,4492,2,octagram
10883,82.97110067499338,59.862458440711684,9797,5,text_en_1919
10884,81.78374124925031,55.034008274013765,6574,2,octagram
10885,80.06885205910278,51.41439038822494,6542,2,octagram
10886,86.81247969111234,62.64409654678075,9737,5,text_en_1919
10887,91.05354695939764,59.456415729516884,9780,5,text_en_1919
10888,88.1484618709562,56.853773624916556,9850,5,text_en_1919
10889,90.57977062664489,40.931384956850906,10510,5,text_en_1919
10890,57.08708890795837,41.28022638134552,8241,4,stroke_kai
10891,57.331837415137905,38.952503301900215,8516,4,stroke_kai
10892,74.25934770648989,35.753933551847894,6331,2,octagram
10893,63.22441154234319,38.33912869487506,8351,4,stroke_kai
10894,57.27618128031765,18.032847983837875,11057,5,text_en_1919
10895,66.16419674505173,28.23142457851146,6170,2,octagram
10896,78.52012542417377,32.24373312260307,6313,2,octagram
10897,73.88353047878296,33.94125666767788,6289,2,octagram
10898,68.25934342850272,31.892240486686656,6199,2,octagram
10899,63.922069098177225,35.5950387852311,8432,4,stroke_kai
10900,69.42948432120482,25.250844050132603,6151,2,octagram
10901,60.909911031990696,16.57568554582275,4163,1,inner_ring
10902,65.66637445954433,17.476545681270668,10869,5,text_en_1919
10903,52.68562175387542,8.180154141873915,2154,0,outer_ring
10904,62.9693071132509,7.705602532541056,2910,0,outer_ring
10905,54.631019101756664,5.233350093512356,2350,0,outer_ring
10906,49.87538949987067,9.447624168672936,1890,0,outer_ring
10907,46.18085598542988,5.803347728472751,1673,0,outer_ring
10908,57.57507855914073,15.593451030655944,11272,5,text_en_1919
10909,58.815017328498186,8.414661052825375,2689,0,outer_ring
10910,58.26223250845812,7.597496796577282,2640,0,outer_ring
10911,59.832244954395925,8.262026601256771,2755,0,outer_ring
10912,56.73542935189425,11.249119529166784,2558,0,outer_ring
10913,52.81114194260865,9.310793136921303,2165,0,outer_ring
10914,55.16360618913411,9.800725535786913,2411,0,outer_ring
10915,58.19498256258576,9.367274958892853,2652,0,outer_ring
10916,57.241640620114886,6.051312562514839,2561,0,outer_ring
10917,54.52256024078095,7.1620211377344765,2340,0,outer_ring
10918,65.52484713644881,6.946873677592309,3006,0,outer_ring
10919,62.7374137248652,5.5460711926938195,2885,0,outer_ring
10920,57.97029421808961,9.266931817602263,2634,0,outer_ring
10921,70.89541181239167,5.112531955698182,3185,0,outer_ring
10922,85.46867255037633,48.40591746469805,3246,1,inner_ring
10923,74.69343388037285,38.53779926074369,6368,2,octagram
10924,81.97011262926344,34.08054712513911,10695,5,text_en_1919
10925,73.96574636595807,18.193809467690013,4262,1,inner_ring
10926,64.44024154756842,4.109330500448672,2943,0,outer_ring
10927,65.57941245020832,7.21040970519773,3011,0,outer_ring
10928,41.34308465489082,27.695059928495958,5737,2,octagram
10929,53.242825029146346,5.803076088010034,2204,0,outer_ring
10930,89.4847867802126,50.37537068329874,10083,5,text_en_1919
10931,47.630735382371114,94.12761257952032,739,0,outer_ring
10932,45.93784582462917,94.43455401968124,840,0,outer_ring
10933,44.90208622766884,92.02416150241633,946,0,outer_ring
10934,52.52640450604513,91.41983041226882,441,0,outer_ring
10935,47.99627673598623,90.34604472517171,755,0,outer_ring
10936,44.26412010282699,91.62270324960464,988,0,outer_ring
10937,38.26965364240007,85.05783741117575,1263,0,outer_ring
10938,36.80756181562723,88.50528901596454,1261,0,outer_ring
10939,35.82620902839847,84.63218424237438,1316,0,outer_ring
10940,37.592931483143445,74.24977543449663,3635,1,inner_ring
10941,30.197245379153028,76.31440462861516,9376,5,text_en_1919
10942,22.951085172793544,73.63451253344167,9462,5,text_en_1919
10943,21.937051164079715,70.66243446363664,9489,5,text_en_1919
10944,24.1769255140573,54.556435814521,10008,5,text_en_1919
10945,21.066713648519166,62.38009775657247,9756,5,text_en_1919
10946,23.32274972348713,53.111966107787076,10152,5,text_en_1919
10947,25.445016467873206,45.1782450079014,10547,5,text_en_1919
10948,23.335326564153277,48.838194042917664,10325,5,text_en_1919
10949,26.612506450079486,42.24405925173484,10576,5,text_en_1919
10950,33.37374720592218,59.61334723730682,5132,2,octagram
10951,31.37969968808978,49.64303956961524,5325,2,octagram
10952,48.857833561353196,43.55922017536742,7256,3,stroke_nan
10953,45.94317526980425,49.657345143409486,7027,3,stroke_nan
10954,49.990737014521194,49.51648809642179,7010,3,stroke_nan
10955,44.00153155168685,63.02532354075256,6596,3,stroke_nan
10956,52.38279915867489,55.541645923310924,6729,3,stroke_nan
10957,57.84641132088691,55.59379756133123,7689,4,stroke_kai
10958,61.60946476831241,67.37250570904305,4737,2,octagram
10959,59.39132315039501,71.21653797932117,3487,1,inner_ring
10960,60.22502709168926,76.99421385594195,9190,5,text_en_1919
10961,70.20167516452881,77.26710072103113,9314,5,text_en_1919
10962,53.86584680617534,67.85142516685374,4843,2,octagram
10963,57.87450108320699,18.58013809988645,11008,5,text_en_1919
10964,52.6186080210502,41.055741898983236,7413,3,stroke_nan
10965,48.142566202570066,28.310424750843165,5835,2,octagram
10966,51.58402267443052,37.74172715387468,7466,3,stroke_nan
10967,47.598238443738126,46.13107143849934,7137,3,stroke_nan
10968,44.649738340212394,36.97696911861075,7491,3,stroke_nan
10969,36.65408998509389,36.243937439063394,5597,2,octagram
10970,47.44378395221603,38.806225418325226,7422,3,stroke_nan
10971,33.098897259080644,36.19258883642695,5548,2,octagram
10972,29.404733405096287,28.156183202310682,10806,5,text_en_1919
10973,23.671456902248423,41.6102246946126,10592,5,text_en_1919
10974,32.65412919878553,46.20860196822332,5400,2,octagram
10975,37.06572487267637,44.94482612913895,7214,3,stroke_nan
10976,38.78085585755042,54.34085798055481,6821,3,stroke_nan
10977,20.17525787220824,49.41211411541975,10273,5,text_en_1919
10978,33.87187962998468,28.655275269157883,3972,1,inner_ring
10979,29.249734466713097,22.42227297534568,1414,0,outer_ring
10980,43.345110236446025,2.5793815161791147,1588,0,outer_ring
10981,40.405296872231595,22.879099042006644,4044,1,inner_ring
10982,38.74150884512319,27.008566371146436,5734,2,octagram
10983,44.836436066589215,9.987164594891965,1582,0,outer_ring
10984,51.99489048538971,11.72084034514875,2076,0,outer_ring
10985,50.48573667741091,25.18740161144284,4097,1,inner_ring
10986,60.733062317766375,21.198588142537336,4173,1,inner_ring
10987,54.84281141992223,17.84259196785616,11170,5,text_en_1919
10988,62.17429967846576,15.76449326749456,10986,5,text_en_1919
10989,59.8412031587383,37.983359687821725,8391,4,stroke_kai
10990,58.70812306752485,24.505546703480196,5994,2,octagram
10991,64.97396337307711,43.44994854237807,8207,4,stroke_kai
10992,66.56653738618053,47.40182002848022,8044,4,stroke_kai
10993,55.94723105658694,53.96037321298773,7792,4,stroke_kai
10994,81.43102853853975,46.912813252405876,10282,5,text_en_1919
10995,66.51184178060083,53.54298946798392,7788,4,stroke_kai
10996,76.40206927330914,55.32582817905471,4463,2,octagram
10997,63.86888588084911,59.93213023387055,7678,4,stroke_kai
10998,42.012885318693506,83.44135960999472,8776,5,text_en_1919
10999,45.62481015675369,79.44076304806359,9279,5,text_en_1919
11000,47.271401453580694,84.04800098702209,911,0,outer_ring
11001,52.896885166822194,79.2706314431257,9069,5,text_en_1919
11002,49.25180346788486,84.57567654252894,729,0,outer_ring
11003,58.20701024727743,89.23300191462717,173,0,outer_ring
11004,44.558342940583934,92.3772235790245,955,0,outer_ring
11005,44.3046345414668,90.09530537019192,1005,0,outer_ring
11006,49.74639036302866,73.4558175414144,3566,1,inner_ring
11007,46.252427047289835,80.3067839111462,9249,5,text_en_1919
11008,50.03536583328815,84.50059619931062,649,0,outer_ring
11009,29.517717505059245,56.17062360781916,5247,2,octagram
11010,29.552132726197517,57.245150093796255,5223,2,octagram
11011,35.011544570629134,63.454423571595946,5105,2,octagram
11012,57.720550914643276,94.19758710966344,202,0,outer_ring
11013,59.68301158560174,90.28511166206036,136,0,outer_ring
11014,60.732561737692926,82.36674552034505,8932,5,text_en_1919
11015,58.753205635533725,92.54274165477666,164,0,outer_ring
11016,67.25242588390398,79.40859126215781,9266,5,text_en_1919
11017,64.19836369933861,81.35416228354038,9100,5,text_en_1919
11018,68.29969331131161,71.23539384734417,4651,2,octagram
11019,68.84956999377053,75.35726193044636,9333,5,text_en_1919
11020,70.4810917930348,71.26400577149946,4640,2,octagram
11021,71.32215173349252,64.35090840014972,4580,2,octagram
11022,81.7981718199766,61.64683817140284,3331,1,inner_ring
11023,83.05442050961547,60.611053493177145,9724,5,text_en_1919
11024,62.32634645986917,53.47493717377608,7887,4,stroke_kai
11025,81.06647900581874,65.70954015809218,9608,5,text_en_1919
11026,86.1112949717223,50.6894411826419,10115,5,text_en_1919
11027,92.78621321838462,54.05342674220338,9897,5,text_en_1919
11028,87.97711079660291,51.88100785922029,10061,5,text_en_1919
11029,93.84873180319846,50.69968765430683,10048,5,text_en_1919
11030,87.50108043012176,34.10030972236801,10706,5,text_en_1919
11031,97.1669539909889,41.72112688983672,10489,5,text_en_1919
11032,55.26276462478789,25.159899885855374,5946,2,octagram
11033,56.92752923956234,38.612554203173026,8492,4,stroke_kai
11034,63.29349797137796,34.29826320620007,8456,4,stroke_kai
11035,65.73494075261945,31.51497502631548,8533,4,stroke_kai
11036,71.30815571135003,37.99620055842868,6383,2,octagram
11037,82.32713601181109,31.009060273226716,4345,1,inner_ring
11038,64.24984086313935,45.546070738268774,8090,4,stroke_kai
11039,75.00618024390695,44.53012563888465,3229,1,inner_ring
11040,77.09310656616498,42.87026969018091,4410,1,inner_ring
11041,70.3711595643429,34.23734125703083,6239,2,octagram
11042,66.54844330917214,24.602616808695693,6128,2,octagram
11043,61.272475876944654,21.792065438980057,6027,2,octagram
11044,62.260784048339715,10.096029952830401,2901,0,outer_ring
11045,51.56353859203506,9.964543944197612,2037,0,outer_ring
11046,60.35379392731876,8.274104119978539,2791,0,outer_ring
11047,55.33273348514777,6.573764760797476,2412,0,outer_ring
11048,47.277284363635125,7.189716768079095,1713,0,outer_ring
11049,42.86840811091938,5.6718318254638245,1565,0,outer_ring
11050,57.08775505695786,6.583927521265211,2555,0,outer_ring
11051,52.82849773222672,5.721921958889091,2170,0,outer_ring
11052,53.55742146235407,11.734882796965767,2244,0,outer_ring
11053,61.067870852020604,7.53552581950003,2831,0,outer_ring
11054,56.03423671813511,7.975656399341406,2479,0,outer_ring
11055,54.89190215380305,14.07891191216744,2402,0,outer_ring
11056,55.551346742660364,8.238900823515166,2441,0,outer_ring
11057,48.6647923588375,4.272066895206043,1826,0,outer_ring
11058,49.49722338535205,8.451604095523196,1858,0,outer_ring
11059,49.529099469175115,6.909605165580167,1876,0,outer_ring
11060,60.65048905675096,8.292217251937982,2815,0,outer_ring
11061,64.69564160870414,8.607376484454122,2982,0,outer_ring
11062,63.21997761478817,9.243331737706896,2938,0,outer_ring
11063,77.33529337237808,13.297992975067537,10848,5,text_en_1919
11064,74.45530424097652,26.443588617855365,4307,1,inner_ring
11065,77.54960651469453,19.76859444683256,10836,5,text_en_1919
11066,86.43098784833467,39.085217736888616,10672,5,text_en_1919
11067,68.20792720644799,8.030722790722185,3134,0,outer_ring
11068,66.92809595769363,10.189971538037447,3109,0,outer_ring
11069,70.3924940348476,21.75085788560019,4260,1,inner_ring
11070,38.981926040807764,13.011324598004435,1468,0,outer_ring
11071,39.079787088096325,22.587409659952446,10859,5,text_en_1919
11072,78.33013090135034,51.74961563468028,6531,2,octagram
11073,50.06926299211454,95.75759923841615,565,0,outer_ring
11074,45.14274316257337,88.70265759164381,978,0,outer_ring
11075,42.404057786459944,91.86821013889156,1060,0,outer_ring
11076,51.739443512942245,90.95187707948854,492,0,outer_ring
11077,43.226383844030146,89.79896521100812,1044,0,outer_ring
11078,45.27580550605001,96.47218958457043,861,0,outer_ring
11079,38.14792524179988,85.61290855225786,1257,0,outer_ring
11080,41.17811597892715,90.68688506829189,1117,0,outer_ring
11081,30.949270685810426,85.0756179836728,1353,0,outer_ring
11082,35.781150539556656,82.78785053575409,1327,0,outer_ring
11083,30.854748202853003,75.49024995931518,9396,5,text_en_1919
11084,25.465100138921517,67.74300298827234,9613,5,text_en_1919
11085,25.24490409420278,66.29625529964265,9639,5,text_en_1919
11086,21.770760458069766,61.28289777231127,9885,5,text_en_1919
11087,20.536419359969827,65.07530074615521,9655,5,text_en_1919
11088,20.377877603157835,58.71910928859722,9928,5,text_en_1919
11089,22.074015564868045,53.55428727423719,10147,5,text_en_1919
11090,26.3822844878161,45.96006888232687,10521,5,text_en_1919
11091,23.93313671518052,47.451521354996366,10480,5,text_en_1919
11092,34.66133409142936,51.31897223950914,5326,2,octagram
11093,28.637047142092147,56.00094962053268,5243,2,octagram
11094,41.916844214450755,52.67431518251546,6823,3,stroke_nan
11095,47.6089560324943,38.69244570747843,7421,3,stroke_nan
11096,42.428510647637175,53.206933363689224,6839,3,stroke_nan
11097,58.52346925312583,65.36974533096836,4779,2,octagram
11098,47.949515458703495,53.54664220062165,6787,3,stroke_nan
11099,57.99666610644091,49.11200105945421,8013,4,stroke_kai
11100,53.66865916554179,67.66495727343845,4846,2,octagram
11101,61.42254018638423,57.01967481605757,7765,4,stroke_kai
11102,63.023773247068156,72.50172536132257,3461,1,inner_ring
11103,53.385787185518105,83.96920406257627,8717,5,text_en_1919
11104,56.784670136347685,59.874909116230704,7627,4,stroke_kai
11105,56.58877591496744,58.44095157653214,7635,4,stroke_kai
11106,49.37364690426032,44.348302557191424,7190,3,stroke_nan
11107,49.917733254172674,32.60177155125189,7561,3,stroke_nan
11108,48.92294430559377,47.73388893364943,7066,3,stroke_nan
11109,50.944540191553735,45.16120039938674,7159,3,stroke_nan
11110,33.577577244104624,39.54185764496318,5456,2,octagram
11111,47.89397869688759,21.201746142154228,10927,5,text_en_1919
11112,32.19739877806051,40.38473696611809,5451,2,octagram
11113,36.258474247834386,24.849486010224634,4017,1,inner_ring
11114,18.566895863431782,39.053060364355815,10653,5,text_en_1919
11115,28.46243590733685,36.61604421492465,3893,1,inner_ring
11116,40.327122930391,50.92471829592101,6922,3,stroke_nan
11117,36.278974132996815,52.75027629899184,6918,3,stroke_nan
11118,44.048297662908965,43.49076331847977,7272,3,stroke_nan
11119,26.607389188508904,39.82172367256125,10631,5,text_en_1919
11120,27.423444094235634,38.72854813798432,10710,5,text_en_1919
11121,29.989337533516878,37.76881174153574,5495,2,octagram
11122,33.018309523972356,24.84639681147884,3994,1,inner_ring
11123,38.290752391734955,11.326121104181132,1471,0,outer_ring
11124,43.20929036390735,25.669172384978,5786,2,octagram
11125,46.55944367707947,26.12766423093848,5816,2,octagram
11126,52.97692987021763,25.6894552989491,4115,1,inner_ring
11127,51.82450949861389,24.12562775842266,4105,1,inner_ring
11128,51.19300950416929,38.21198946791014,7455,3,stroke_nan
11129,61.641979071429226,14.653839028358126,11059,5,text_en_1919
11130,58.750124299636184,24.38982800027044,5997,2,octagram
11131,55.59592256751472,41.06333306208183,8382,4,stroke_kai
11132,61.347917137160465,45.33310317072261,8167,4,stroke_kai
11133,53.25184311434156,39.83212037049972,5909,2,octagram
11134,72.5081497640193,48.146954073032155,6476,2,octagram
11135,62.30835925155212,52.15115526311104,7910,4,stroke_kai
11136,58.47714714922849,57.027876782604395,7631,4,stroke_kai
11137,67.1800060250258,55.907350322352244,7810,4,stroke_kai
11138,69.03919171995332,66.62725737502952,4603,2,octagram
11139,52.79030091758992,61.43935942630189,4847,2,octagram
11140,44.06744122457862,75.45655797848954,4964,2,octagram
11141,45.20663141193783,81.62641141812166,9043,5,text_en_1919
11142,45.01555692424871,84.49512206078407,8706,5,text_en_1919
11143,53.32767926688874,88.26098568234983,407,0,outer_ring
11144,50.40933288959094,91.2611207473891,570,0,outer_ring
11145,55.655809547187204,91.01468321823145,283,0,outer_ring
11146,56.146448679963065,85.11430112707941,8583,5,text_en_1919
11147,52.82218290709359,75.55555921015056,3539,1,inner_ring
11148,48.11215333001425,85.72125391048824,807,0,outer_ring
11149,43.82273886259398,75.3996135508267,4971,2,octagram
11150,38.88045474656128,69.40106026813685,5047,2,octagram
11151,33.30636535174573,54.950002261540796,5274,2,octagram
11152,34.20749440976759,56.209903023913796,5188,2,octagram
11153,30.057243598492857,60.259532040761904,5173,2,octagram
11154,50.90420417809953,88.96808610255869,555,0,outer_ring
11155,59.58253271532641,85.16460383782434,8612,5,text_en_1919
11156,55.93958701787701,92.24210045537909,271,0,outer_ring
11157,68.70451842284177,85.75356153893891,8865,5,text_en_1919
11158,70.32534548611822,87.6482215862445,8783,5,text_en_1919
11159,72.09303202566213,85.39227438313392,8842,5,text_en_1919
11160,61.83931975607543,77.94847810059862,9123,5,text_en_1919
11161,72.71591688701089,74.58757386038653,3424,1,inner_ring
11162,72.06149894324585,68.80130042801301,4618,2,octagram
11163,78.66835409562694,65.44533973141611,3355,1,inner_ring
11164,73.34198153997858,70.64705178519672,3406,1,inner_ring
11165,74.00122975927876,63.61439504946472,4536,2,octagram
11166,81.9323143013818,58.61122986843119,3312,1,inner_ring
11167,79.99396871268742,55.10884434798172,6569,2,octagram
11168,85.56157865038352,65.76303776243276,9548,5,text_en_1919
11169,91.40111548588155,65.11341329061622,9708,5,text_en_1919
11170,88.0347144627864,50.836917862812136,10101,5,text_en_1919
11171,91.16248013597225,50.4302783364064,10095,5,text_en_1919
11172,95.6172464350432,48.13630622438859,10167,5,text_en_1919
11173,88.49367124575949,38.563736600305596,10639,5,text_en_1919
11174,52.462286245487284,32.16337004630249,5892,2,octagram
11175,59.782040765299186,42.205929852378425,8252,4,stroke_kai
11176,58.33460052934011,40.3411210626121,8284,4,stroke_kai
11177,63.5329809635675,41.289083422149396,8249,4,stroke_kai
11178,64.3298386416743,32.39884755589097,8514,4,stroke_kai
11179,71.63364374796102,31.744430892351094,6255,2,octagram
11180,82.92580120327793,40.40724565107383,10458,5,text_en_1919
11181,76.73571011284517,40.030442099357955,4388,1,inner_ring
11182,65.4547871887501,31.070910256946085,8534,4,stroke_kai
11183,74.87095481308901,46.87564902725901,3236,1,inner_ring
11184,60.05202031712751,21.661982132565026,4166,1,inner_ring
11185,55.97635578534634,7.820773139635737,2475,0,outer_ring
11186,52.90417886255954,8.538398528506224,2174,0,outer_ring
11187,55.78301637616178,8.840038722845458,2467,0,outer_ring
11188,60.17342565728991,6.084693710387631,2757,0,outer_ring
11189,45.64463708859104,11.060995382150974,1607,0,outer_ring
11190,45.61873905204239,12.177359311120597,1594,0,outer_ring
11191,44.60306969070394,8.693595286568986,1583,0,outer_ring
11192,49.75612648128572,5.390078295523898,1908,0,outer_ring
11193,56.2838231153347,8.736498895028538,2511,0,outer_ring
11194,64.0482482256153,8.92999138897015,2960,0,outer_ring
11195,57.278042243153976,8.642055992301497,2580,0,outer_ring
11196,53.8485056549637,9.731720405869504,2273,0,outer_ring
11197,45.652470603963295,6.189089738416207,1651,0,outer_ring
11198,51.082838086186186,6.752530348735845,2012,0,outer_ring
11199,55.06107992965148,6.667510868974653,2388,0,outer_ring
11200,53.503969028319894,5.6044548707287385,2230,0,outer_ring
11201,55.141365233551014,7.684826197641553,2400,0,outer_ring
11202,54.307597980908945,6.328676099217666,2313,0,outer_ring
11203,58.64114671179493,10.29604682631931,2695,0,outer_ring
11204,66.17473638163294,3.862582943967328,2996,0,outer_ring
11205,62.725082497279175,7.878032507191922,2904,0,outer_ring
11206,79.27748183779003,40.86209546730919,4400,1,inner_ring
11207,76.39520675488562,21.165204881756498,10811,5,text_en_1919
11208,88.53751031718666,38.05829358270868,10652,5,text_en_1919
11209,65.12747936801587,7.931259637017391,2993,0,outer_ring
11210,73.86380419717707,37.41382907488337,6360,2,octagram
11211,73.47825409865996,23.746045902753888,4286,1,inner_ring
11212,41.61620693267047,25.14511734099671,5766,2,octagram
11213,40.69553731655976,10.570538115510196,1507,0,outer_ring
11214,87.54892205078477,46.934379416044756,10316,5,text_en_1919
11215,49.02426463914737,87.92124026384093,702,0,outer_ring
11216,48.080147278449886,91.50976515689098,737,0,outer_ring
11217,48.37068754726898,87.63824770190905,765,0,outer_ring
11218,54.983125798368775,86.77540028065519,317,0,outer_ring
11219,49.22028210081673,87.87828307053005,685,0,outer_ring
11220,44.89762346418552,91.08274194206237,954,0,outer_ring
11221,39.441228844797074,89.14325574624868,1192,0,outer_ring
11222,43.55458897693028,88.58675719864573,1045,0,outer_ring
11223,39.105813317653926,88.25931884979435,1208,0,outer_ring
11224,31.755287619519585,83.82811421424897,1354,0,outer_ring
11225,36.06790519572657,69.31732162115581,5051,2,octagram
11226,29.00970300378308,76.66045176492601,9360,5,text_en_1919
11227,25.05664064866927,66.64825518162975,9631,5,text_en_1919
11228,20.786733710599897,61.20688619024094,9884,5,text_en_1919
11229,16.05403288920737,57.0395747015061,1395,0,outer_ring
11230,21.0226997756813,55.451735536283394,10001,5,text_en_1919
11231,23.43063473798717,48.16378683054923,10343,5,text_en_1919
11232,24.713954619424893,49.43372434131248,10263,5,text_en_1919
11233,25.716825110585756,58.256354188893624,5234,2,octagram
11234,33.27632659486088,54.63422435360609,5275,2,octagram
11235,34.13416189560626,49.02428185382745,5360,2,octagram
11236,43.028458185181286,55.28013005868309,6752,3,stroke_nan
11237,46.71192273946063,51.105307072997256,6947,3,stroke_nan
11238,46.34962817620522,51.3414612057533,6946,3,stroke_nan
11239,47.96170108546659,55.73158579838279,6762,3,stroke_nan
11240,48.84921897204188,55.324684422080324,6755,3,stroke_nan
11241,63.20914641199748,48.60428247883506,8008,4,stroke_kai
11242,58.29939058627871,64.12479165032154,4784,2,octagram
11243,56.22007005260439,53.90239668249424,7791,4,stroke_kai
11244,50.121620115831384,79.41212361335464,9035,5,text_en_1919
11245,60.27534925356405,81.14802199423342,8977,5,text_en_1919
11246,50.503790368262926,56.92498980442169,6670,3,stroke_nan
11247,44.673392495850834,65.2941464192857,5039,2,octagram
11248,57.46345041202274,43.67153850036911,8198,4,stroke_kai
11249,52.57349370480724,29.632891932101632,5881,2,octagram
11250,48.74262503304914,26.834998180221778,5833,2,octagram
11251,51.92923021989338,41.87114529361443,7390,3,stroke_nan
11252,43.302018652769,38.367939530568314,7451,3,stroke_nan
11253,43.51606729262828,38.4141273104174,7452,3,stroke_nan
11254,40.16451060577477,19.47610059785542,11093,5,text_en_1919
11255,32.688419692225445,36.56163938653018,5540,2,octagram
11256,30.541779253882545,33.107428154997045,3916,1,inner_ring
11257,28.7941655728984,45.39884951844755,3840,1,inner_ring
11258,40.500814907878116,43.37215544416599,7269,3,stroke_nan
11259,39.667573873191714,39.20881810796193,7400,3,stroke_nan
11260,39.746230520547414,47.557614605236616,7078,3,stroke_nan
11261,20.035576490608616,44.40332230096933,10580,5,text_en_1919
11262,30.313156502409626,30.592958644326693,3936,1,inner_ring
11263,26.170867291009728,36.12932640926582,10744,5,text_en_1919
11264,36.92074602638173,23.03681113318255,10862,5,text_en_1919
11265,49.79363446022166,11.289557666050099,1859,0,outer_ring
11266,44.125789498306936,12.095069031325135,1558,0,outer_ring
11267,50.088779577578,12.790831671967851,1879,0,outer_ring
11268,59.25304482977551,11.165370891846726,2751,0,outer_ring
11269,51.48489025011141,23.424881552664733,4101,1,inner_ring
11270,62.47367589606685,14.114956789925076,11123,5,text_en_1919
11271,52.523300485287386,12.297138598248333,2127,0,outer_ring
11272,58.98957374948792,28.481124650464178,5984,2,octagram
11273,52.97016436734083,23.737083442150524,4116,1,inner_ring
11274,57.86677338909483,44.00437109684344,8199,4,stroke_kai
11275,68.32469503338253,45.67224568280976,6446,2,octagram
11276,53.120766541139105,48.80355628762493,6982,3,stroke_nan
11277,70.95414409234135,43.08407620077401,6424,2,octagram
11278,73.70959963850055,50.09461217403046,6491,2,octagram
11279,66.27470061492525,60.626757047859925,7629,4,stroke_kai
11280,72.76986732972176,53.49240586185055,4475,2,octagram
11281,72.49234355157442,61.62749486077382,4546,2,octagram
11282,49.91930847860496,80.96433161306027,8734,5,text_en_1919
11283,41.96289349946602,83.01010077642884,8843,5,text_en_1919
11284,49.259992699887846,85.10086025243778,724,0,outer_ring
11285,56.56415843914441,81.26372230447414,8931,5,text_en_1919
11286,55.263453522560944,89.07037751951063,301,0,outer_ring
11287,58.45219394494579,91.27851486047123,169,0,outer_ring
11288,50.14680761161787,88.17530529153602,600,0,outer_ring
11289,54.92476116239483,83.7679624251476,8748,5,text_en_1919
11290,49.60636857313647,89.17338776080916,632,0,outer_ring
11291,43.27625443617577,73.24305051381792,4984,2,octagram
11292,47.923052365627925,72.88609590251232,4919,2,octagram
11293,28.47222352430595,55.304065222092994,3760,1,inner_ring
11294,39.19362430870929,56.43985157912181,6741,3,stroke_nan
11295,29.82594135685147,63.31885957941044,3712,1,inner_ring
11296,49.82563196722838,92.41758269274749,589,0,outer_ring
11297,54.464273995290895,92.57850722718206,339,0,outer_ring
11298,60.15695218431491,95.19286578524203,134,0,outer_ring
11299,72.02841350258522,82.12576401515497,9102,5,text_en_1919
11300,67.43827585433111,84.12424735163476,8934,5,text_en_1919
11301,63.568156563868015,89.98617859888873,8600,5,text_en_1919
11302,67.96347220361586,78.97426422073165,9255,5,text_en_1919
11303,67.87205320408916,78.81970457289549,9289,5,text_en_1919
11304,76.35623937349506,67.34801961722613,3372,1,inner_ring
11305,69.08713348735542,67.26580122611632,4611,2,octagram
11306,80.31290679058844,68.11871179448885,9512,5,text_en_1919
11307,84.69943050684215,65.32484598642351,9629,5,text_en_1919
11308,82.80868935061464,53.8731969685941,3291,1,inner_ring
11309,85.0277740642298,68.01034721078969,9525,5,text_en_1919
11310,90.53899937551155,58.73590399977266,9815,5,text_en_1919
11311,88.88297279545841,58.50142088965563,9814,5,text_en_1919
11312,84.49643239113017,55.18691510000811,9888,5,text_en_1919
11313,90.96994989284345,47.496783209448466,10176,5,text_en_1919
11314,91.14844743095264,40.36167186011932,10525,5,text_en_1919
11315,93.59118476188848,45.060500824728074,10259,5,text_en_1919
11316,56.02702533583292,34.041617952193064,8548,4,stroke_kai
11317,56.64790536742067,43.29301745809982,8194,4,stroke_kai
11318,68.87790565347012,41.261930439169035,6425,2,octagram
11319,60.40950849623824,38.97746845675566,8365,4,stroke_kai
11320,67.12560579930243,39.73401242245987,8304,4,stroke_kai
11321,75.48568757182119,36.98984233345328,6347,2,octagram
11322,77.85228922224272,37.76761451530762,4378,1,inner_ring
11323,73.82143315982209,45.66521171070163,6459,2,octagram
11324,72.70154621869062,40.65669227132228,6392,2,octagram
11325,73.03130659092379,40.527422409591935,6393,2,octagram
11326,81.2211898988244,35.483966879242196,10679,5,text_en_1919
11327,65.33105499903304,18.498568182804654,10863,5,text_en_1919
11328,55.20399436324321,8.930602951005206,2410,0,outer_ring
11329,54.27389614269679,7.678608583798111,2314,0,outer_ring
11330,54.27682039603212,4.316227395336776,2305,0,outer_ring
11331,57.546802127875,5.317302014980937,2578,0,outer_ring
11332,52.60533219248958,12.47983238400545,2134,0,outer_ring
11333,48.00637182648148,11.5920428518619,1720,0,outer_ring
11334,52.33424724487702,5.704602465590959,2120,0,outer_ring
11335,49.87525882597293,20.56469218977906,10951,5,text_en_1919
11336,55.815444670507546,12.171816162419265,11356,5,text_en_1919
11337,57.0898858766902,11.948096675718878,11353,5,text_en_1919
11338,56.93619433137481,6.319763850641724,2545,0,outer_ring
11339,50.787167568781264,8.029826965376678,1978,0,outer_ring
11340,47.46563440383797,11.133840838455844,1692,0,outer_ring
11341,50.66442956321895,2.727551620510824,1995,0,outer_ring
11342,57.355316703411425,6.983617816517979,2576,0,outer_ring
11343,58.997447761460755,10.460797979154666,2725,0,outer_ring
11344,57.407537036062934,8.232834780380614,2589,0,outer_ring
11345,61.783483322414625,20.818134510952166,4183,1,inner_ring
11346,59.62477694257602,6.905069464618867,2736,0,outer_ring
11347,68.43164078341572,11.178544578263503,11175,5,text_en_1919
11348,66.9977359604285,13.155407245309798,11090,5,text_en_1919
11349,73.84415900942528,40.12063744769163,6388,2,octagram
11350,83.92410466064369,47.60572289842336,10285,5,text_en_1919
11351,66.82323872072877,4.871750881462277,3038,0,outer_ring
11352,63.217846533581415,7.829544438391628,2924,0,outer_ring
11353,68.18110244657653,6.278073961186943,3110,0,outer_ring
11354,37.98914576639145,18.563804190466243,11221,5,text_en_1919
11355,48.94424919814207,4.620642617718213,1848,0,outer_ring
11356,89.92829899758671,45.90967257818517,10320,5,text_en_1919
11357,47.050424321407654,90.28836510801332,822,0,outer_ring
11358,50.63895609140248,94.16371708415338,544,0,outer_ring
11359,42.93891982276724,92.09930028145276,1034,0,outer_ring
