point_id,x,y,assigned_slot_id,assigned_layer_id,assigned_layer_name
0,57.22658203487284,92.48317383490438,140,0,outer_ring
1,52.89376569910432,88.58349453489892,250,0,outer_ring
2,43.03275946851425,93.86391031418165,511,0,outer_ring
3,42.36071924943026,92.11906383484153,529,0,outer_ring
4,35.15438887187994,92.9176614180183,616,0,outer_ring
5,40.405224975014335,83.18797776346707,4337,5,text_en_1919
6,39.8694038760006,85.24684816935614,598,0,outer_ring
7,34.164731979451396,75.28938485608747,4700,5,text_en_1919
8,27.04383814599091,74.05029861281687,4694,5,text_en_1919
9,24.59815141329521,68.430998257256,4759,5,text_en_1919
10,22.55358485855388,64.8360697745254,4838,5,text_en_1919
11,21.55930929559296,63.59839731304886,4871,5,text_en_1919
12,21.3548763993964,57.47454628755511,4980,5,text_en_1919
13,18.322919000340736,55.63398075274334,697,0,outer_ring
14,22.522500223262075,47.45440450381879,5226,5,text_en_1919
15,31.068560802228436,56.8919801980894,2597,2,octagram
16,28.509776746688107,52.79968778391968,1888,1,inner_ring
17,38.347178574720495,57.584274870782906,2551,2,octagram
18,37.37070450775108,57.46154366933297,2557,2,octagram
19,44.51070172040868,54.369554127075695,3356,3,stroke_nan
20,46.37202931590289,54.78308311540807,3337,3,stroke_nan
21,50.61687663289163,68.13491574618439,2436,2,octagram
22,52.77242193324109,55.56171597033815,3343,3,stroke_nan
23,55.73827894956601,61.52513190863492,2413,2,octagram
24,59.611992295861384,73.77103120894725,1741,1,inner_ring
25,60.905212465108896,57.417473154367855,3841,4,stroke_kai
26,61.09378404304961,71.02433152715497,2359,2,octagram
27,62.79900599995509,69.49660526965093,2355,2,octagram
28,63.89272834182565,52.0677163861214,3957,4,stroke_kai
29,55.48682456709578,51.6393300645446,3926,4,stroke_kai
30,51.43744972818334,52.62686684891244,3395,3,stroke_nan
31,45.87200945982934,37.44609682096584,3702,3,stroke_nan
32,48.78002902928963,45.28346732740289,3552,3,stroke_nan
33,47.94880508517098,50.120846794292305,3444,3,stroke_nan
34,47.09256098267478,41.905354843651104,3624,3,stroke_nan
35,43.12832747715943,46.77505949187357,3528,3,stroke_nan
36,37.34572945364657,34.963650211558274,2803,2,octagram
37,35.39723125569473,32.934400608820624,2789,2,octagram
38,27.08426784997728,41.12210975928463,5292,5,text_en_1919
39,29.69080887780365,40.910218143851395,1928,1,inner_ring
40,32.090537032127216,41.92507812478757,2710,2,octagram
41,37.39485624505982,43.042740654012654,3595,3,stroke_nan
42,37.68745492214661,56.16975743329597,2558,2,octagram
43,29.761185524832282,35.980501824641514,2745,2,octagram
44,30.99423392198206,41.53392438615139,2714,2,octagram
45,29.180241844088442,27.25314447025475,5401,5,text_en_1919
46,31.359316071466047,24.36440799557007,5427,5,text_en_1919
47,35.1043707720455,23.41603825004467,1999,1,inner_ring
48,47.32106582829498,17.145085050932963,5506,5,text_en_1919
49,48.62282172411846,27.61452733331815,2935,2,octagram
50,46.51534503292731,10.482541109523202,792,0,outer_ring
51,53.78873176246883,28.256160668322938,2965,2,octagram
52,52.75382827732457,34.15449600413956,4271,4,stroke_kai
53,53.73733894919287,40.38818576060377,3648,3,stroke_nan
54,54.80599555225326,39.98789035548362,4189,4,stroke_kai
55,66.53746865152787,48.609866278370994,3992,4,stroke_kai
56,61.201945512764325,44.11141404575612,4116,4,stroke_kai
57,63.30803038470747,49.852445044256214,3960,4,stroke_kai
58,69.44552954600802,42.741786619026534,3204,2,octagram
59,75.72168232248897,46.87913790670696,3209,2,octagram
60,70.56347284509262,52.3492708033008,3244,2,octagram
61,74.56358396460307,57.410812720839566,2223,2,octagram
62,69.06404739262834,66.9676192252485,2304,2,octagram
63,69.90490148753929,69.69732459395095,1706,1,inner_ring
64,46.74986561782069,79.8039911831669,4539,5,text_en_1919
65,48.941436260575394,84.60364890123437,4333,5,text_en_1919
66,51.984971998591156,91.92171969267145,271,0,outer_ring
67,53.09600886461755,85.48746806540795,4290,5,text_en_1919
68,52.28229459061386,91.84522664415202,260,0,outer_ring
69,55.874089206772425,89.77658518085133,171,0,outer_ring
70,55.832168653989456,81.36400440990397,4548,5,text_en_1919
71,53.04711942823947,80.9086911652878,4500,5,text_en_1919
72,50.09437658015182,69.24991024371772,2444,2,octagram
73,53.37000618860335,78.6639645038827,4593,5,text_en_1919
74,48.48171130244103,74.57732265955218,2464,2,octagram
75,26.15120700573754,57.28424521126736,1876,1,inner_ring
76,29.250021873755735,65.03337005609603,4825,5,text_en_1919
77,37.64572930595181,69.8808717345541,2498,2,octagram
78,55.15547811975026,93.86972269908483,188,0,outer_ring
79,59.83028520123759,94.33253185071402,101,0,outer_ring
80,60.28483074977213,91.63701633413096,93,0,outer_ring
81,66.27764104139754,92.00480937266379,34,0,outer_ring
82,73.33295760296564,87.76373215573231,4387,5,text_en_1919
83,69.65248759975367,82.07965167998975,4584,5,text_en_1919
84,67.77735197568718,80.56157227941698,4611,5,text_en_1919
85,72.07003562309409,73.0117608163798,1708,1,inner_ring
86,80.07343355713755,71.50420484586519,4792,5,text_en_1919
87,75.63064548591835,64.39586823849457,1668,1,inner_ring
88,76.32534208865182,63.91944062209529,1662,1,inner_ring
89,82.18415159783999,58.86404232330536,4934,5,text_en_1919
90,81.01189715798695,61.42079578468937,4912,5,text_en_1919
91,87.03590220888043,55.77760102126839,4955,5,text_en_1919
92,85.29211814571347,51.351497985476634,5068,5,text_en_1919
93,88.49971405667293,47.047489222879484,5182,5,text_en_1919
94,89.52083863882241,46.24917543111229,5165,5,text_en_1919
95,94.35523900038746,47.410261523822996,5096,5,text_en_1919
96,94.33119157097724,39.87715670102886,5267,5,text_en_1919
97,98.36392653499509,35.37688320449693,5380,5,text_en_1919
98,58.02016061805734,41.180398393753144,4139,4,stroke_kai
99,60.58867133732953,33.45714120902477,4267,4,stroke_kai
100,65.00059872971649,34.963941791230475,3097,2,octagram
101,65.10339177113657,31.930656109588014,3089,2,octagram
102,67.66230059282091,32.43596932339337,3110,2,octagram
103,62.704691714334786,23.32209263222147,3002,2,octagram
104,74.9150534597525,40.53823860640086,3186,2,octagram
105,74.87729668353923,24.12399031150236,2143,1,inner_ring
106,71.72926244932042,25.125892522851554,2137,1,inner_ring
107,66.50849582439794,19.702497252065527,5431,5,text_en_1919
108,62.322996571037265,21.16045824821673,2088,1,inner_ring
109,61.02779265226611,18.22439779021805,5491,5,text_en_1919
110,57.55235943573663,16.212655946799643,5631,5,text_en_1919
111,55.499670732961896,19.56507976501776,2067,1,inner_ring
112,55.667007893883444,16.0580508234258,5589,5,text_en_1919
113,47.42716832427753,14.891936572879908,5623,5,text_en_1919
114,42.519559446092515,10.895573147514423,732,0,outer_ring
115,45.96211859916103,10.743774200601818,780,0,outer_ring
116,48.64547389655875,5.720891481277084,892,0,outer_ring
117,53.16416181484176,7.458581718771098,1071,0,outer_ring
118,58.33315359037652,6.5031804322117654,1241,0,outer_ring
119,54.55923152815026,10.386182427419257,1132,0,outer_ring
120,55.56518996340068,16.912594565429526,5571,5,text_en_1919
121,48.94374279919258,7.968435004962703,895,0,outer_ring
122,46.94565831945197,9.898258165785101,807,0,outer_ring
123,42.990240007130694,10.553343881402759,738,0,outer_ring
124,50.887978632996536,7.075003870795654,986,0,outer_ring
125,53.93674330781138,7.655569428978017,1100,0,outer_ring
126,58.334346912487845,6.997407392517032,1242,0,outer_ring
127,60.1245356524618,6.088240392082211,1286,0,outer_ring
128,70.3965849136194,8.461231722307128,1541,0,outer_ring
129,64.1564444898264,5.555042442844626,1365,0,outer_ring
130,64.7526486939669,8.948002926460457,1407,0,outer_ring
131,69.8700452990081,8.605516084965968,1535,0,outer_ring
132,71.58440876230586,3.921357020574594,1538,0,outer_ring
133,64.42598989023963,8.627869423055678,1394,0,outer_ring
134,69.58164683953002,5.71532083701315,1517,0,outer_ring
135,65.27172930709233,6.947684314460944,1415,0,outer_ring
136,37.89539574593208,17.138912663802635,5610,5,text_en_1919
137,41.34210852217445,14.916723002519532,726,0,outer_ring
138,91.28585051407843,45.62408930859128,5177,5,text_en_1919
139,52.327091421512044,94.72890046260582,255,0,outer_ring
140,40.78455021234979,90.33876866949913,566,0,outer_ring
141,44.506926431319286,91.2592779604201,491,0,outer_ring
142,53.586059094874386,96.35865222067653,218,0,outer_ring
143,49.05729202755802,90.02718307826832,359,0,outer_ring
144,47.34822893548354,90.05449896447371,417,0,outer_ring
145,42.57368260327522,90.07043525874953,534,0,outer_ring
146,42.59671922748127,88.55157463573734,542,0,outer_ring
147,41.648808444680576,86.11635619011324,570,0,outer_ring
148,41.37337006145211,86.95857026603207,571,0,outer_ring
149,30.03946675418934,76.77488453865492,4650,5,text_en_1919
150,31.763207429024437,70.01596144464914,1827,1,inner_ring
151,27.10316351972623,76.23867763859889,681,0,outer_ring
152,20.230540720452563,61.424279923122775,4967,5,text_en_1919
153,21.278813789718875,63.10671690807045,4874,5,text_en_1919
154,20.228891732110743,57.652160882974,4987,5,text_en_1919
155,25.179596537857503,51.33452841583872,5095,5,text_en_1919
156,24.111312380166176,46.804755128875556,5235,5,text_en_1919
157,25.419083565814322,49.720474858047986,5125,5,text_en_1919
158,32.498642109180615,52.31391253215236,2642,2,octagram
159,31.532736212907373,50.761446599760646,2654,2,octagram
160,39.1501458829684,61.21763082825942,2535,2,octagram
161,45.28402061134876,54.910579392650085,3323,3,stroke_nan
162,49.03416341194127,52.17658226938481,3394,3,stroke_nan
163,50.74790913118664,70.30160565197188,2445,2,octagram
164,49.282683462620646,72.91448658883961,2454,2,octagram
165,59.62486927963491,54.831692418010725,3866,4,stroke_kai
166,58.160827624210796,62.86921223481435,3788,4,stroke_kai
167,61.500056331730875,68.76628513184853,2368,2,octagram
168,64.0152192147372,55.01779786104449,3873,4,stroke_kai
169,62.32183972464935,69.0483386663097,2357,2,octagram
170,57.154834246655355,53.67392156976783,3893,4,stroke_kai
171,59.68666232057789,50.428243203163,3945,4,stroke_kai
172,55.18730189468161,47.53631195061146,3989,4,stroke_kai
173,47.347638669664036,38.03542501326992,3690,3,stroke_nan
174,48.661319565745515,41.40588307477154,3642,3,stroke_nan
175,49.37984763445319,43.93754575353754,3565,3,stroke_nan
176,43.02002205415197,40.54390939114484,3654,3,stroke_nan
177,39.24788831101441,30.103366685277376,2832,2,octagram
178,37.38937940379753,35.395550845953224,2799,2,octagram
179,33.97802713948318,32.38470587434605,2778,2,octagram
180,26.286913062714586,36.23780029539387,5360,5,text_en_1919
181,25.986759821456445,46.096142822804644,5254,5,text_en_1919
182,36.44853341891912,43.13282922935517,3593,3,stroke_nan
183,36.776594544796765,47.39674442896374,3534,3,stroke_nan
184,39.1439342840646,42.17563991691431,3606,3,stroke_nan
185,27.665656273519666,40.950006238924495,5274,5,text_en_1919
186,34.37689900186388,40.42408692352901,2712,2,octagram
187,23.2757409309939,43.44763369689487,5285,5,text_en_1919
188,27.714560071981822,42.96194557962375,5268,5,text_en_1919
189,37.96261483184128,26.97187238549302,2851,2,octagram
190,43.775783381155314,21.86165183550374,2031,1,inner_ring
191,43.32407090073642,23.525701567913565,2890,2,octagram
192,41.445565434499045,27.381082569627974,2863,2,octagram
193,46.40063041335353,31.35498585066232,3785,3,stroke_nan
194,44.93654572864339,43.75074373498533,3580,3,stroke_nan
195,58.746609443486875,42.70858348096833,4118,4,stroke_kai
196,53.186030851266516,43.0026009621553,3607,3,stroke_nan
197,59.61720766284238,42.83048134858638,4109,4,stroke_kai
198,58.89712906160482,45.445932849695446,4043,4,stroke_kai
199,65.27509617793078,41.156869536308676,4137,4,stroke_kai
200,71.63295465149614,44.37168702945205,3208,2,octagram
201,65.88192542045621,54.93777846987314,3884,4,stroke_kai
202,62.36725990442383,50.988624899424636,3956,4,stroke_kai
203,73.67000395958044,55.38332959595333,3265,2,octagram
204,75.86709607487215,51.74022643420138,3254,2,octagram
205,63.70183324612183,79.7860425132407,4621,5,text_en_1919
206,47.324823521403765,75.21158498119934,1794,1,inner_ring
207,49.13911230339138,85.03722192760002,4304,5,text_en_1919
208,48.78754304399668,82.0031144711411,4416,5,text_en_1919
209,53.07413671651018,87.87526806009181,245,0,outer_ring
210,56.990416899329595,89.7208932305842,145,0,outer_ring
211,56.904774015869386,76.98519634143081,1750,1,inner_ring
212,57.37200446086262,83.27757139184739,4471,5,text_en_1919
213,52.436582857881156,82.25561262810702,4440,5,text_en_1919
214,51.309811460553256,77.11204913948787,1768,1,inner_ring
215,51.989725977634656,72.43008226690809,2443,2,octagram
216,51.06976567508211,82.13485899182733,4464,5,text_en_1919
217,29.585996678421935,60.30467659603383,1867,1,inner_ring
218,31.109464767442965,63.32845488547554,1848,1,inner_ring
219,36.55294534745743,68.08874112850661,2507,2,octagram
220,52.433403866470634,90.74671074974626,259,0,outer_ring
221,61.15007623869902,89.36863898048693,4306,5,text_en_1919
222,61.3637013441113,94.27592549224487,81,0,outer_ring
223,70.76707478601072,91.58174786821462,5,0,outer_ring
224,58.92746345165701,90.01938729452114,111,0,outer_ring
225,69.55103445476465,80.81037109982668,4652,5,text_en_1919
226,68.45015109830821,75.99751227517994,1722,1,inner_ring
227,70.99675989774526,74.99810276113625,1715,1,inner_ring
228,75.90363556752872,68.39920407976433,1680,1,inner_ring
229,81.02061811051311,70.9666495654476,4766,5,text_en_1919
230,79.57447839223957,65.64829876252212,4853,5,text_en_1919
231,85.70002988985478,60.87184229124417,4886,5,text_en_1919
232,83.26915566444649,52.39017813371664,1630,1,inner_ring
233,83.78366296089439,51.73816005624811,5060,5,text_en_1919
234,87.78943563783459,52.96545022035213,5018,5,text_en_1919
235,87.42843090636403,46.907270966797995,5154,5,text_en_1919
236,93.75763680470001,38.769525134564354,5322,5,text_en_1919
237,93.59815273229577,41.88985891641837,5243,5,text_en_1919
238,94.17174250451305,38.642393727451974,5319,5,text_en_1919
239,96.51680975974719,60.377387717799124,4901,5,text_en_1919
240,56.65957125095756,41.92850101877671,4091,4,stroke_kai
241,62.22437982707271,46.522643052048515,4033,4,stroke_kai
242,66.16665817989812,36.02303463754507,3108,2,octagram
243,59.307945518112064,32.32757861526658,4278,4,stroke_kai
244,65.88156410699668,25.153463387032694,3044,2,octagram
245,64.47922866148323,18.093694172943636,5454,5,text_en_1919
246,74.49588567412827,32.466173596946966,3145,2,octagram
247,72.55432468635095,33.57096745214488,3134,2,octagram
248,71.51372213592337,28.129030225487334,2152,1,inner_ring
249,64.53922958498255,23.31037644069286,3026,2,octagram
250,65.59694137316316,9.309254588070084,1432,0,outer_ring
251,59.49453144775003,24.513531311186927,2987,2,octagram
252,62.0324592277465,14.7319819703239,5660,5,text_en_1919
253,51.01568615308405,13.152052295409208,974,0,outer_ring
254,56.636451894376,16.42154705701641,5580,5,text_en_1919
255,47.65303188375867,21.386586420882058,2043,1,inner_ring
256,51.04173814612087,12.659356486325466,977,0,outer_ring
257,45.85059898310708,12.327020596022589,768,0,outer_ring
258,43.933140194164004,13.146874098331386,742,0,outer_ring
259,53.41104276154717,11.094198356285972,1083,0,outer_ring
260,51.15336657631498,7.561589133737069,997,0,outer_ring
261,55.46300457896602,13.597284344687932,5679,5,text_en_1919
262,54.24536573570544,8.291803108378144,1115,0,outer_ring
263,47.15401268934399,10.092682785517493,811,0,outer_ring
264,50.75214217347459,9.653756413307887,969,0,outer_ring
265,44.91990620011204,8.786742798575807,766,0,outer_ring
266,46.596945819250706,9.464911098192015,798,0,outer_ring
267,50.142818980223126,9.714095149436009,948,0,outer_ring
268,55.53431115351805,9.371412203689708,1159,0,outer_ring
269,61.509949599466815,16.523274892402217,5581,5,text_en_1919
270,65.17322292895284,7.496679277265454,1414,0,outer_ring
271,63.85868866132652,10.137743155679457,1385,0,outer_ring
272,69.89215596890216,9.854935378957128,1539,0,outer_ring
273,70.97153255249304,8.351797137135232,1548,0,outer_ring
274,75.73046910317537,3.3350520743910907,1573,0,outer_ring
275,64.66088253341574,4.308489574945791,1379,0,outer_ring
276,68.04184654005282,7.0069649055060275,1490,0,outer_ring
277,64.06351568271282,8.429684757784923,1382,0,outer_ring
278,38.55459840474593,23.291871840158834,2018,1,inner_ring
279,37.41732117424863,25.34369401274163,2005,1,inner_ring
280,86.60038721986425,42.21289644017036,2192,1,inner_ring
281,51.163021565366144,93.07402845928317,284,0,outer_ring
282,47.52487314196627,95.09842813221796,386,0,outer_ring
283,43.31324074068004,91.32532952090487,521,0,outer_ring
284,52.08954420607419,97.82568629503571,257,0,outer_ring
285,50.19082655066048,94.62126746618172,309,0,outer_ring
286,45.22956104461391,91.8699913434384,468,0,outer_ring
287,42.08528021191201,91.05607716280656,539,0,outer_ring
288,41.717421872936576,87.66457347389864,561,0,outer_ring
289,37.35199208473437,84.23339098675432,624,0,outer_ring
290,31.91460711220361,82.69352800762918,663,0,outer_ring
291,32.77208731238972,70.23744921698145,1825,1,inner_ring
292,28.09010744114782,73.15707970715928,4709,5,text_en_1919
293,30.142184880880734,74.92207571511078,4681,5,text_en_1919
294,25.313649590370236,68.47444722713921,4772,5,text_en_1919
295,25.018511830845608,55.65121938179658,5003,5,text_en_1919
296,22.590624003023848,54.98295876111252,5002,5,text_en_1919
297,26.813055339698174,57.65959411870186,1874,1,inner_ring
298,28.87893874318429,53.301791003924436,2629,2,octagram
299,31.809186894741256,60.73466274703166,2581,2,octagram
300,31.134695631855465,51.613578362171765,2643,2,octagram
301,31.70379792998248,53.79766894599987,2632,2,octagram
302,40.00845544284239,58.685603916392765,2546,2,octagram
303,44.98007380047658,52.633644844881566,3391,3,stroke_nan
304,52.66190963357303,56.33488499236428,3321,3,stroke_nan
305,48.822138118442616,54.00637700576311,3372,3,stroke_nan
306,51.71214937378927,54.83257909279628,3354,3,stroke_nan
307,57.28926686437589,54.999282606855346,3869,4,stroke_kai
308,64.35734388561852,53.493145013264474,3877,4,stroke_kai
309,64.18405751210003,61.208892022426994,2280,2,octagram
310,64.17084919539207,67.57978875656949,2316,2,octagram
311,65.08943790977912,69.8324195855568,2329,2,octagram
312,59.000774099075144,59.95983657353793,3800,4,stroke_kai
313,45.45277394020951,54.446933715550344,3347,3,stroke_nan
314,53.17096278741228,44.6895630158237,3561,3,stroke_nan
315,49.00060795164737,38.71313027021914,3692,3,stroke_nan
316,50.93206161900326,42.97144404907186,3596,3,stroke_nan
317,54.10999384622402,46.80591842423167,4000,4,stroke_kai
318,45.798045675763746,37.91343502858943,3701,3,stroke_nan
319,45.03277920103085,39.567718207258864,3662,3,stroke_nan
320,39.449800733483805,33.744512118717516,2817,2,octagram
321,38.317819797070186,31.998235299802783,2813,2,octagram
322,33.15114326882602,29.508631880207485,1976,1,inner_ring
323,30.817604587308093,40.444966596036004,2724,2,octagram
324,34.69912917271336,50.95878004474749,2663,2,octagram
325,35.64139438443068,45.0833211248294,2686,2,octagram
326,40.78323938086446,53.64523069440836,3350,3,stroke_nan
327,25.599348327060504,42.22522976604188,5280,5,text_en_1919
328,30.367705977978762,38.17998897287261,2735,2,octagram
329,22.51117836581046,36.75198851455797,5333,5,text_en_1919
330,35.97678342695384,21.09187362060649,5467,5,text_en_1919
331,37.61065368221921,24.388083068341732,2011,1,inner_ring
332,44.787018599199875,14.599903836831547,746,0,outer_ring
333,42.18364923115577,24.2001400558809,2887,2,octagram
334,48.43566408922942,22.680627365622907,2044,1,inner_ring
335,49.88454036989575,39.49794723681451,3684,3,stroke_nan
336,56.405023335512645,34.62797005080328,4270,4,stroke_kai
337,60.40423419295454,33.09918627581762,4268,4,stroke_kai
338,58.39426536335378,50.730846729701874,3943,4,stroke_kai
339,53.12885867206592,51.100987307437116,3435,3,stroke_nan
340,59.542633047521925,42.01552768307403,4134,4,stroke_kai
341,62.443545602728605,45.62609730558178,4053,4,stroke_kai
342,63.287574212292164,46.72996963447099,4013,4,stroke_kai
343,66.805124038823,53.70889653997654,3932,4,stroke_kai
344,73.794790451269,56.67419896969245,2226,2,octagram
345,71.28047312246123,61.97987193108214,2252,2,octagram
346,73.44033010642687,59.329812221709005,2232,2,octagram
347,70.72071421443279,67.1734632404513,2300,2,octagram
348,46.05180544733571,78.89307580615234,4592,5,text_en_1919
349,46.20528068140043,84.7158085000947,484,0,outer_ring
350,53.215389418228526,89.58099391148795,240,0,outer_ring
351,50.01328081829429,87.04355751297334,341,0,outer_ring
352,53.68055403417553,89.92830079578764,226,0,outer_ring
353,57.29971459791655,84.47963316107095,4413,5,text_en_1919
354,57.127901247365386,85.52709649610489,4335,5,text_en_1919
355,51.32165259409205,74.99924880451509,1769,1,inner_ring
356,52.06270720354126,79.30470910753694,4571,5,text_en_1919
357,50.24657779158346,76.65462449586964,1776,1,inner_ring
358,44.28209571579725,76.37132758905769,2480,2,octagram
359,28.280825876043046,58.45881505754207,2612,2,octagram
360,32.131191206485596,64.26727022671622,1840,1,inner_ring
361,29.663523672390447,64.93600527376039,4813,5,text_en_1919
362,52.36880198883644,96.68639818615966,252,0,outer_ring
363,60.292866587226364,89.31988744709749,4294,5,text_en_1919
364,59.52486542429745,87.94939163412474,4309,5,text_en_1919
365,66.20075534894285,92.50030262674696,37,0,outer_ring
366,69.49656448836059,90.60065642935791,10,0,outer_ring
367,71.96770464024911,77.00435332484426,4668,5,text_en_1919
368,69.0628992651123,81.06433030648644,4616,5,text_en_1919
369,73.5668018812923,81.34343495721856,4612,5,text_en_1919
370,71.56379260050356,75.54120639944382,1714,1,inner_ring
371,79.2763464222185,66.2025284913726,4843,5,text_en_1919
372,79.52591336554875,67.11647167447799,4836,5,text_en_1919
373,82.1817118576943,56.52818919152574,1645,1,inner_ring
374,88.18468603776414,63.41597739032817,4867,5,text_en_1919
375,86.25613148691735,60.420920253018814,4900,5,text_en_1919
376,82.04880804979615,57.49133072665182,1648,1,inner_ring
377,88.0170174115631,49.12331008749863,5059,5,text_en_1919
378,86.94576350926484,48.91144458351398,5066,5,text_en_1919
379,92.0893524886404,43.27880242734215,5224,5,text_en_1919
380,92.59829019973301,39.75527360445151,5329,5,text_en_1919
381,93.12869600340603,33.973349075351216,5389,5,text_en_1919
382,57.258986445379314,40.543617010626065,4160,4,stroke_kai
383,58.03242599719218,41.024584894500286,4150,4,stroke_kai
384,62.75303560873037,38.92914172715542,4191,4,stroke_kai
385,64.45499730921165,28.193466272532497,3070,2,octagram
386,64.44514686575607,25.947215316416486,3051,2,octagram
387,64.07826178260808,25.720063094791467,3047,2,octagram
388,78.32225635400171,30.414070807070225,2164,1,inner_ring
389,78.77823992922933,32.6705115658593,3151,2,octagram
390,65.46238599384198,23.886268029196373,3035,2,octagram
391,66.02242899055638,18.52607926765898,5443,5,text_en_1919
392,58.4000571166046,16.799270282742594,5598,5,text_en_1919
393,57.334603303933214,10.228522870511782,1222,0,outer_ring
394,55.025732317436336,17.384268973569725,5508,5,text_en_1919
395,53.988127135551046,11.443204717259272,1109,0,outer_ring
396,54.90521418105906,20.322030586477037,2066,1,inner_ring
397,51.56587397955072,14.154515874201266,5650,5,text_en_1919
398,48.87340269084302,9.37153595940342,885,0,outer_ring
399,42.899297386774535,9.707821807488044,740,0,outer_ring
400,48.687840733334966,2.470501209725919,908,0,outer_ring
401,51.498916332986795,8.498798797432533,1007,0,outer_ring
402,56.806209512455844,10.864412932041859,1203,0,outer_ring
403,55.895287407829045,10.90090618620839,1176,0,outer_ring
404,51.54603573248544,2.633108963921542,1016,0,outer_ring
405,47.467299026186566,6.348182911432147,852,0,outer_ring
406,48.12941613517984,11.633771449717235,848,0,outer_ring
407,51.186678072988435,6.9698429182778465,1000,0,outer_ring
408,50.35090601488296,7.448938147330033,958,0,outer_ring
409,54.466455695985694,7.813482760006008,1126,0,outer_ring
410,58.10020186208503,8.22448907632859,1237,0,outer_ring
411,62.03633683990067,8.380662957457501,1330,0,outer_ring
412,64.52274326910664,5.82071610953105,1384,0,outer_ring
413,67.22501509568656,7.047014160320305,1470,0,outer_ring
414,66.66508099963801,8.375044201534008,1462,0,outer_ring
415,75.54361613759067,9.169971619575751,1589,0,outer_ring
416,76.39876070147382,12.904441025966996,1602,0,outer_ring
417,66.25080155161486,7.042733713148907,1442,0,outer_ring
418,64.36713435751729,6.309622595125873,1380,0,outer_ring
419,64.65955086188856,7.4838920744787245,1395,0,outer_ring
420,36.25193319609004,24.084374245149945,2002,1,inner_ring
421,35.636810137788146,33.085826584070276,2790,2,octagram
422,90.44044120969211,46.78825745371667,5157,5,text_en_1919
423,52.703774051769024,90.66578504756406,254,0,outer_ring
424,46.41869188221914,90.26626635623367,448,0,outer_ring
425,43.767222141458774,87.26026360682219,527,0,outer_ring
426,52.26441345732762,91.60329558292668,262,0,outer_ring
427,46.98775124954905,89.89868847551267,429,0,outer_ring
428,49.80394324806974,89.61810818830317,336,0,outer_ring
429,45.78234599872993,94.42977367685832,444,0,outer_ring
430,43.263843374295845,90.4092275623183,523,0,outer_ring
431,37.68408537072363,87.20425606176832,615,0,outer_ring
432,38.208491583208875,86.56752796755254,612,0,outer_ring
433,34.32515800619717,80.19262715883077,655,0,outer_ring
434,32.5944240964586,72.39201307323854,4712,5,text_en_1919
435,23.539883942611805,67.46896601793185,4774,5,text_en_1919
436,25.474592892902162,59.3916001198185,4923,5,text_en_1919
437,20.21818008480663,57.43432826000321,4989,5,text_en_1919
438,23.696398474840937,53.711102579163686,5072,5,text_en_1919
439,21.948670238655303,57.457059349122154,4976,5,text_en_1919
440,27.339682196305553,52.77899428898629,1891,1,inner_ring
441,29.73267483268733,54.76340910469436,2627,2,octagram
442,29.620544341758816,49.896200402687064,1897,1,inner_ring
443,35.516018038723914,46.54966802754489,2683,2,octagram
444,37.85510776474143,48.326121352235965,3485,3,stroke_nan
445,42.163218600089564,64.60867591936574,2513,2,octagram
446,40.61560366338667,68.20772312531031,2506,2,octagram
447,49.75219454298212,54.077976022183286,3377,3,stroke_nan
448,50.574910730222165,53.804915767403976,3373,3,stroke_nan
449,56.56018388108495,60.62693964339556,3790,4,stroke_kai
450,58.56017817045258,57.07465363603729,3838,4,stroke_kai
451,56.39727611157088,65.53048712689922,2406,2,octagram
452,61.236948365064926,68.31030019139205,2373,2,octagram
453,62.098615177607115,64.7706586158825,2301,2,octagram
454,58.219780451327196,49.193691711029985,3955,4,stroke_kai
455,69.26740333225258,46.26587281994874,3218,2,octagram
456,50.93275419378447,44.97706099913762,3542,3,stroke_nan
457,60.246714180502074,44.56012740765379,4083,4,stroke_kai
458,53.14075903079862,37.94408859824153,3711,3,stroke_nan
459,51.7260478630882,46.877607268763654,3502,3,stroke_nan
460,44.72995586472317,42.79470363127203,3616,3,stroke_nan
461,40.6651513523939,31.899478212279334,2824,2,octagram
462,34.834691625826856,32.83463303470861,2784,2,octagram
463,33.40764453301353,28.577815508126907,1980,1,inner_ring
464,30.65581776116003,34.39568009201079,2754,2,octagram
465,27.99819896136843,46.17308215450703,5259,5,text_en_1919
466,33.64738530737173,43.760857534200625,2695,2,octagram
467,36.92999340875252,47.646613131139304,3527,3,stroke_nan
468,38.186658656893066,51.07125560741242,3441,3,stroke_nan
469,24.917883019363973,43.34848563004012,5275,5,text_en_1919
470,31.16174602942516,36.84393936982555,2739,2,octagram
471,32.865951251103546,25.956668116573304,1986,1,inner_ring
472,34.11872248577344,36.86456882095145,2729,2,octagram
473,34.33019428826403,35.34172343993038,2771,2,octagram
474,43.27070352484373,19.702438059969268,5494,5,text_en_1919
475,45.47202396378869,24.393786566685627,2906,2,octagram
476,49.54627222941407,19.064319015123594,5466,5,text_en_1919
477,49.749994186894085,36.37076539949866,3740,3,stroke_nan
478,52.99857660026068,31.614437787999176,2953,2,octagram
479,51.37664581211082,36.092112252155815,3747,3,stroke_nan
480,55.286381535615355,40.7952488103291,4132,4,stroke_kai
481,60.58734626628733,40.47304556822973,4168,4,stroke_kai
482,63.148396162030544,46.10357707350166,4064,4,stroke_kai
483,64.04191259078763,49.02429748044207,3964,4,stroke_kai
484,65.70916864646311,53.2168753357371,3929,4,stroke_kai
485,63.6244194007394,45.67189455306833,4061,4,stroke_kai
486,75.84290710395717,40.86684880276779,3185,2,octagram
487,72.32443536239673,59.54747564055992,2244,2,octagram
488,70.81809061056227,60.65805712503675,2254,2,octagram
489,60.06974396873348,69.43900211486158,2376,2,octagram
490,42.891444905185736,74.8609794295643,2486,2,octagram
491,46.21656750354486,84.81969381094456,482,0,outer_ring
492,50.135534946590326,82.89094279168981,4400,5,text_en_1919
493,53.27498556572993,74.31699859093035,1762,1,inner_ring
494,55.797251306785085,83.38411735529039,4408,5,text_en_1919
495,56.571782329762094,87.0870145591735,154,0,outer_ring
496,58.3014371726138,85.617419583133,4330,5,text_en_1919
497,53.1011417939297,82.22391275243717,4452,5,text_en_1919
498,53.24839328456486,80.67566531991511,4512,5,text_en_1919
499,49.11928579463993,75.2500105653797,1784,1,inner_ring
500,46.792977781830174,73.93033942587047,2472,2,octagram
501,29.097920418294102,61.19030776471099,1865,1,inner_ring
502,42.631416057431736,67.50722272745242,2504,2,octagram
503,27.290052886983453,56.722804349174275,1877,1,inner_ring
504,54.07183480045558,96.47244339124447,206,0,outer_ring
505,72.06486021672569,85.88201341681835,4455,5,text_en_1919
506,59.689423089656735,93.10367911678613,104,0,outer_ring
507,66.74499403910583,92.74677996866664,30,0,outer_ring
508,71.61635581159224,86.28087749069124,4438,5,text_en_1919
509,70.23431830679868,81.87802658797764,4579,5,text_en_1919
510,66.95821054441106,80.58810786660568,4589,5,text_en_1919
511,76.31520495239732,79.37866455811952,4657,5,text_en_1919
512,69.88487562138897,74.49907585645532,1717,1,inner_ring
513,80.96068362173403,66.80691514893898,4830,5,text_en_1919
514,81.3133204216685,64.68468138057672,4878,5,text_en_1919
515,81.50910504483848,62.37399434423906,4909,5,text_en_1919
516,80.04435520649906,55.57636883851823,3278,2,octagram
517,83.8122396764254,52.133756069997325,5057,5,text_en_1919
518,92.59801648903337,60.25812074286152,4911,5,text_en_1919
519,85.964936341968,47.45973766656369,5163,5,text_en_1919
520,96.5482322534248,45.000359652479176,5138,5,text_en_1919
521,81.91243929898401,35.4554961775786,3158,2,octagram
522,92.8528493312928,44.273999083391296,5187,5,text_en_1919
523,94.70841711451942,44.537198306370165,5132,5,text_en_1919
524,57.528571211138626,41.87873088488355,4121,4,stroke_kai
525,60.0808467279045,35.25053067520533,4248,4,stroke_kai
526,67.74265134608181,42.07861628111492,4146,4,stroke_kai
527,67.38316636907027,37.614625895127304,4198,4,stroke_kai
528,62.506912661361234,25.299519081048786,2995,2,octagram
529,67.32455865568524,20.3421096832215,2104,1,inner_ring
530,74.5351202661917,19.754203096442417,5420,5,text_en_1919
531,77.39864325006079,23.685362908402304,5402,5,text_en_1919
532,66.47809629595568,21.34325594146279,2101,1,inner_ring
533,63.25229543869603,21.48462099238145,3009,2,octagram
534,62.23370134430558,10.489124094876905,1339,0,outer_ring
535,60.088089936629856,10.070015227826614,1295,0,outer_ring
536,59.90069443868204,17.294636023758056,5543,5,text_en_1919
537,54.48077348333435,5.254070561559632,1123,0,outer_ring
538,49.922051884257385,8.410772420050622,942,0,outer_ring
539,45.36313590350823,10.118937354922892,769,0,outer_ring
540,47.47278627177859,11.122732390164966,820,0,outer_ring
541,45.789625415028986,10.15936225904847,779,0,outer_ring
542,47.59545375731431,11.192303108636745,829,0,outer_ring
543,55.01342209860944,3.397036831056859,1140,0,outer_ring
544,57.131999916969285,8.584205162141847,1210,0,outer_ring
545,54.593623200355545,9.517822710541484,1133,0,outer_ring
546,52.194585042425956,7.292698016228921,1034,0,outer_ring
547,46.4000444536396,3.7157846736856217,825,0,outer_ring
548,49.488742623244704,7.413152007806896,923,0,outer_ring
549,47.434459222240655,7.221020547963615,842,0,outer_ring
550,50.57859190358068,6.24047375963552,970,0,outer_ring
551,54.7155203425025,9.436312481092518,1138,0,outer_ring
552,54.73187837091017,16.667435341882975,5577,5,text_en_1919
553,61.27134389520292,10.4675210235927,1317,0,outer_ring
554,61.9603880566649,8.5214972407925,1328,0,outer_ring
555,66.74377449201269,10.422865926678853,1478,0,outer_ring
556,74.76789670446891,6.427991421792645,1577,0,outer_ring
557,69.62003560935298,10.507313954621118,1537,0,outer_ring
558,77.57571252322984,11.85823304988414,1606,0,outer_ring
559,65.88757035148727,7.877566368738232,1433,0,outer_ring
560,68.17133749531666,8.353901840641285,1501,0,outer_ring
561,62.48377630878363,4.043759591586865,1327,0,outer_ring
562,37.41881994554782,14.632738675706163,719,0,outer_ring
563,37.57169939612931,29.821541467423025,2829,2,octagram
564,89.85343820445692,43.465398168307225,5222,5,text_en_1919
565,55.831131154721774,90.84020237276732,172,0,outer_ring
566,45.899881442700334,94.17677389958311,441,0,outer_ring
567,44.8698645784372,91.04977233349285,480,0,outer_ring
568,51.83422534101659,92.34351030813482,272,0,outer_ring
569,47.62256384849939,93.03269633807528,393,0,outer_ring
570,50.70317486288915,90.13332318993146,308,0,outer_ring
571,44.95733983983339,90.86311762612792,476,0,outer_ring
572,34.95098418710219,85.96065162513453,637,0,outer_ring
573,42.04612741045818,80.4463109418343,4421,5,text_en_1919
574,41.55960516356416,76.5451665667209,1802,1,inner_ring
575,31.8131958036374,71.88377357451095,1823,1,inner_ring
576,30.165601344661688,74.67340214695868,4689,5,text_en_1919
577,29.768516555090706,70.45072355711031,4739,5,text_en_1919
578,24.253519453420093,67.83538816504866,4788,5,text_en_1919
579,24.28766971429591,61.08749669402886,4922,5,text_en_1919
580,22.701189188621978,52.070997789849756,5082,5,text_en_1919
581,21.890814364831755,41.8411548730101,5294,5,text_en_1919
582,20.518064219029664,51.11384270731831,5114,5,text_en_1919
583,26.817283221331188,48.39871005165586,5144,5,text_en_1919
584,26.047815217568512,58.01535001831969,2615,2,octagram
585,22.430257943559216,42.24920509333942,5299,5,text_en_1919
586,35.68094756872553,50.71096708834015,3459,3,stroke_nan
587,43.49957603040621,60.45917825139484,2533,2,octagram
588,47.81276693070041,55.75666147860528,3315,3,stroke_nan
589,50.872229617985724,59.82108637292436,3303,3,stroke_nan
590,46.47178749285667,58.545016606253796,3297,3,stroke_nan
591,58.41123483267476,58.27629976353453,3812,4,stroke_kai
592,60.85325453873047,59.63701453666423,3810,4,stroke_kai
593,60.36603640510869,62.57757045398208,3789,4,stroke_kai
594,66.10670864052099,63.052831337695594,2285,2,octagram
595,57.747868578897474,69.93829904014169,2387,2,octagram
596,60.236372641777486,54.354332808725125,3874,4,stroke_kai
597,56.45772084497567,54.25675791977237,3886,4,stroke_kai
598,50.90337865507151,44.0482236582024,3584,3,stroke_nan
599,48.96433978640665,34.27534176915483,3766,3,stroke_nan
600,49.535293109352445,42.76629986608795,3627,3,stroke_nan
601,48.97102649035762,46.261861104914814,3499,3,stroke_nan
602,47.7195878567822,45.06447898615336,3563,3,stroke_nan
603,44.61562096028311,36.711211023259416,3721,3,stroke_nan
604,33.47144526091026,30.98424839861933,2775,2,octagram
605,31.116301335134317,39.69337673565011,2727,2,octagram
606,28.578282781884567,35.1184831529343,5366,5,text_en_1919
607,30.3498493715024,40.4754083606222,1930,1,inner_ring
608,41.15063043617637,38.145952693322435,3658,3,stroke_nan
609,35.11815687924194,42.495956585464505,2698,2,octagram
610,41.0280142871015,48.27840264998937,3488,3,stroke_nan
611,15.56888696655174,40.1101523445893,703,0,outer_ring
612,30.202056244860753,32.51596386238268,1952,1,inner_ring
613,31.97271093726158,28.1849621682678,1978,1,inner_ring
614,25.53815560221227,41.20958421991856,5286,5,text_en_1919
615,37.25913394581793,16.67817100152796,5632,5,text_en_1919
616,45.77530324346729,22.849651922171656,2036,1,inner_ring
617,42.83962005296563,25.329145736471347,2891,2,octagram
618,45.883739643733286,27.40414111088772,2917,2,octagram
619,50.72998677299049,35.74844327082537,3756,3,stroke_nan
620,53.69628823357509,30.63132915048407,2958,2,octagram
621,57.82390283704957,40.61638354311077,4149,4,stroke_kai
622,56.318525313978775,46.60472803998811,4006,4,stroke_kai
623,52.06743593058669,44.436606887685265,3582,3,stroke_nan
624,61.96158743617088,45.50635298008499,4046,4,stroke_kai
625,63.32377000858941,45.11028172344865,4070,4,stroke_kai
626,65.4627808731194,55.48076563648337,3828,4,stroke_kai
627,74.32148465849095,47.37830169387827,3213,2,octagram
628,69.00210811796411,51.30790509870244,3237,2,octagram
629,68.54220051345595,60.16347884609906,2270,2,octagram
630,72.3121781352311,66.03599293415128,1681,1,inner_ring
631,64.21449305575705,68.82278922194122,2326,2,octagram
632,47.6646345873597,80.69306555092278,4505,5,text_en_1919
633,45.748743897946014,81.16666135724718,4484,5,text_en_1919
634,49.3569227031164,85.3737160698563,375,0,outer_ring
635,56.56128704507075,90.08693199795977,155,0,outer_ring
636,53.29970132721603,94.90387268180305,231,0,outer_ring
637,58.41609541916504,81.60898920045007,4501,5,text_en_1919
638,57.12622915565571,83.94145771855766,4447,5,text_en_1919
639,52.199330231104916,77.07443046995544,1765,1,inner_ring
640,50.67031754482219,71.92981908629186,2446,2,octagram
641,53.96699206398652,78.2285453698144,4598,5,text_en_1919
642,51.84837051075095,70.15147895258447,2432,2,octagram
643,32.901801530247155,59.998370281252505,2576,2,octagram
644,31.542770988517304,59.14791090110664,2585,2,octagram
645,40.47404383821411,68.69730902995992,2503,2,octagram
646,59.51078956208167,95.58101662690893,108,0,outer_ring
647,62.55856496443655,94.95118384026618,64,0,outer_ring
648,62.20232899371136,96.04496189375804,69,0,outer_ring
649,63.667805755020694,87.29440573325068,4317,5,text_en_1919
650,74.44169758951438,84.48388326193574,4544,5,text_en_1919
651,70.44333700716078,80.94679706140407,4641,5,text_en_1919
652,69.13893491350314,79.75243361757238,4654,5,text_en_1919
653,74.57957132910575,79.9044833280674,4673,5,text_en_1919
654,71.62361222796244,72.07735352059875,1705,1,inner_ring
655,75.3348570594808,71.35791306777995,1687,1,inner_ring
656,78.43949386266652,67.14053833146902,4850,5,text_en_1919
657,85.81882729572166,59.01266161624453,4931,5,text_en_1919
658,81.62504374612743,58.171594714956555,1649,1,inner_ring
659,87.66018679019837,57.53750844452674,4936,5,text_en_1919
660,85.00508936972291,53.06445602632453,5045,5,text_en_1919
661,89.4170639047722,48.98365290451205,5056,5,text_en_1919
662,80.86614474027644,39.660015588127635,3166,2,octagram
663,90.08913385303917,39.13947914489548,5339,5,text_en_1919
664,94.85586546473023,40.935186930073584,5255,5,text_en_1919
665,95.00354229876494,44.613532266402906,5129,5,text_en_1919
666,49.5173199263948,42.44348828805616,3632,3,stroke_nan
667,59.02328917707803,40.09652891154976,4175,4,stroke_kai
668,59.0569349111038,39.32292661812552,4188,4,stroke_kai
669,63.09042434156986,26.97796115660719,3059,2,octagram
670,67.90414875365396,33.87808682142008,3114,2,octagram
671,66.02578288976203,30.22540339875222,3082,2,octagram
672,70.34976183130702,22.969944036451263,2124,1,inner_ring
673,75.87785905457342,31.96027865141398,3149,2,octagram
674,76.9952681434866,21.628967558419404,5407,5,text_en_1919
675,66.3405568550188,17.184360270761033,5550,5,text_en_1919
676,67.74074824302151,16.879738789049405,5450,5,text_en_1919
677,59.29769226175981,15.496323384630129,5643,5,text_en_1919
678,60.93446198259654,9.32491640470381,1308,0,outer_ring
679,52.24357453868075,15.149522358225717,5588,5,text_en_1919
680,58.26069041969287,19.943131142862214,2072,1,inner_ring
681,50.0088629300669,18.428230697451188,5496,5,text_en_1919
682,50.90336460228014,7.612884885577552,984,0,outer_ring
683,42.1784628074317,11.476605345405254,731,0,outer_ring
684,46.176527750045274,8.471075519516871,793,0,outer_ring
685,51.905683887207864,12.435286070822771,1018,0,outer_ring
686,48.063841450504164,10.508733812289414,855,0,outer_ring
687,55.37470519514057,8.385288092378673,1149,0,outer_ring
688,54.3088879072407,17.932957197904173,5497,5,text_en_1919
689,49.16542080339088,10.20015838309714,893,0,outer_ring
690,47.586113384782415,9.795248168026118,837,0,outer_ring
691,46.55458838438945,8.25333742737617,804,0,outer_ring
692,48.517421953138225,14.008543930654636,5672,5,text_en_1919
693,51.42169849220003,10.028667443413145,1003,0,outer_ring
694,54.39795690235587,9.47950541562969,1124,0,outer_ring
695,59.34782555839627,4.859519916343274,1266,0,outer_ring
696,61.22129431236797,5.3206232022461935,1304,0,outer_ring
697,59.7364968972733,7.646276878645843,1283,0,outer_ring
698,62.73183340769616,9.46253863662686,1351,0,outer_ring
699,74.80427896355275,9.06446312968737,1584,0,outer_ring
700,75.28584018990362,8.994257746085879,1587,0,outer_ring
701,62.567488392095356,3.6545085064213803,1329,0,outer_ring
702,67.93356865120316,7.552685829774749,1491,0,outer_ring
703,65.84486555633805,8.141957361564947,1434,0,outer_ring
704,39.955974310165345,26.07943509901136,2867,2,octagram
705,40.03116601708284,25.049174329487244,2874,2,octagram
706,86.80395346089412,42.06649279251864,2191,1,inner_ring
707,53.657106211484155,94.42705437694988,219,0,outer_ring
708,46.28760932240647,95.78330802423581,419,0,outer_ring
709,47.008689453118556,92.59148563673573,415,0,outer_ring
710,54.89468951950355,95.74781631787522,192,0,outer_ring
711,45.41034430563136,90.57846130177141,471,0,outer_ring
712,44.011947090200096,91.08767967098821,507,0,outer_ring
713,39.728907935438926,88.45200380861495,586,0,outer_ring
714,43.65656361063227,92.63859220520585,505,0,outer_ring
715,36.3085716266087,87.531314029789,623,0,outer_ring
716,37.22084178833987,84.44654990198723,626,0,outer_ring
717,34.0390643924428,78.86475609847105,4498,5,text_en_1919
718,28.575772344368975,78.38377454042727,679,0,outer_ring
719,24.429746498658123,70.70204282036502,4725,5,text_en_1919
720,20.2896188376693,74.3145100207857,687,0,outer_ring
721,21.72514881427651,62.819711659842355,4891,5,text_en_1919
722,24.86861645015555,55.056978556618375,5005,5,text_en_1919
723,24.827344194948488,63.83352910224345,4848,5,text_en_1919
724,23.48613421922251,58.23863789559275,4946,5,text_en_1919
725,30.10096373891021,44.67281280001552,1917,1,inner_ring
726,33.27209205706453,57.68307870905969,2578,2,octagram
727,32.77651100326162,52.94047145213514,2636,2,octagram
728,45.98049415167506,52.834489523184516,3389,3,stroke_nan
729,47.99358227798438,69.87622961319214,2450,2,octagram
730,43.71523906946161,66.00705663657526,2509,2,octagram
731,51.01683841933963,54.62764093050458,3359,3,stroke_nan
732,56.32286022690187,67.96307375820913,2399,2,octagram
733,68.43130603511172,64.61642612590369,2288,2,octagram
734,55.06268528515014,60.07605305000329,3813,4,stroke_kai
735,60.12099739287518,69.34747207326822,2377,2,octagram
736,60.92571726267322,73.45866379128903,1740,1,inner_ring
737,61.03311006317614,68.74206951043774,2371,2,octagram
738,56.81453435765719,56.50736070006865,3839,4,stroke_kai
739,55.46030278050491,54.230936935276574,3895,4,stroke_kai
740,51.07973503979949,48.86383370320263,3464,3,stroke_nan
741,48.626565925661026,47.074136803830484,3483,3,stroke_nan
742,52.568627199739524,42.242515653061396,3608,3,stroke_nan
743,50.13258721066628,51.44315667572365,3439,3,stroke_nan
744,46.753735496506415,41.9280573190664,3631,3,stroke_nan
745,35.48219697812102,33.90167578570071,2787,2,octagram
746,34.728900761052174,33.300457777828214,2782,2,octagram
747,39.41289533038074,25.61242692254821,2868,2,octagram
748,31.597786273977885,27.979362162013466,1977,1,inner_ring
749,27.6142239189585,39.161577548847895,5315,5,text_en_1919
750,29.519745618225457,39.32685278112279,1933,1,inner_ring
751,32.08694763291084,43.672352465617635,2703,2,octagram
752,38.067083515049816,48.09482567394633,3517,3,stroke_nan
753,25.590185457980194,40.94736785713244,5287,5,text_en_1919
754,29.97475615826289,34.60811773004939,2748,2,octagram
755,31.66941827400555,34.15876138948323,2760,2,octagram
756,30.119768565640115,28.591668144082387,1965,1,inner_ring
757,43.74137568002808,21.789341490912772,2030,1,inner_ring
758,43.860602530066224,20.816405221085777,5461,5,text_en_1919
759,49.11695799257303,22.27442515431725,2049,1,inner_ring
760,46.55816851202557,25.412885614104702,2915,2,octagram
761,56.78850352671439,27.15100149026824,2976,2,octagram
762,52.04580422792142,32.51161534304673,3776,3,stroke_nan
763,55.5699882761124,38.08749615112033,4219,4,stroke_kai
764,54.95369354054518,42.33138651081449,4108,4,stroke_kai
765,59.75323421241102,48.55901498144351,3993,4,stroke_kai
766,62.67248752323106,44.673541561180755,4077,4,stroke_kai
767,66.40395955587292,44.9739988357414,4084,4,stroke_kai
768,74.72916228123734,43.97148321638397,3193,2,octagram
769,69.5482859966145,42.587087933996486,3201,2,octagram
770,72.88354177037311,59.831562007971876,2237,2,octagram
771,74.17603797630605,58.186708076047566,2229,2,octagram
772,70.39755446278694,60.816036720139834,2262,2,octagram
773,68.250119274728,72.53337966245614,2339,2,octagram
774,46.95713996233621,78.4270841094991,4639,5,text_en_1919
775,45.47878656863245,81.85951475208618,4405,5,text_en_1919
776,48.769798726886265,87.93654412354995,383,0,outer_ring
777,54.361920798122625,82.948456538085,4412,5,text_en_1919
778,56.01343376169427,86.0503594715208,4293,5,text_en_1919
779,59.859094074445814,88.99124197309331,4299,5,text_en_1919
780,55.66689777698991,84.7080502087208,4368,5,text_en_1919
781,51.91914348189857,78.65281055879237,4597,5,text_en_1919
782,54.26789604619852,79.24981156101116,4572,5,text_en_1919
783,48.824076589784994,77.3010151855707,1782,1,inner_ring
784,48.87013485839212,77.51508777446679,4626,5,text_en_1919
785,28.627256938472414,67.20069056703214,4785,5,text_en_1919
786,28.738676871264808,61.50387809590879,1863,1,inner_ring
787,33.906578250367865,58.9276533566543,2570,2,octagram
788,54.39768786630044,91.85040514338503,200,0,outer_ring
789,58.844933782005604,94.14721059370542,115,0,outer_ring
790,68.43976317727044,92.65657418668441,18,0,outer_ring
791,68.84492655148095,93.19152233456278,17,0,outer_ring
792,70.20611115956503,85.1838415033419,4460,5,text_en_1919
793,66.60972311457367,85.99546912678001,4426,5,text_en_1919
794,72.27781800070221,80.76994427475412,4628,5,text_en_1919
795,78.95207748751879,77.63479516439094,4679,5,text_en_1919
796,72.01630240269307,71.80414044397382,1702,1,inner_ring
797,79.11709434974172,59.523644901208755,2214,2,octagram
798,79.89974951855815,62.68433694148945,1655,1,inner_ring
799,80.22155127043746,63.13868781636546,1656,1,inner_ring
800,82.88132535565177,52.418638340789656,1632,1,inner_ring
801,84.66615234309592,54.52089016111389,4988,5,text_en_1919
802,87.06319531700267,45.74600068811193,5209,5,text_en_1919
803,85.84198547645833,37.4872773500687,2179,1,inner_ring
804,91.00361337088847,52.1561650397226,5028,5,text_en_1919
805,91.41063088584265,42.714256500484325,5214,5,text_en_1919
806,95.09264895507027,43.23321285161742,5216,5,text_en_1919
807,94.64132972923649,35.2402724614833,5377,5,text_en_1919
808,62.12158446168915,38.079921347776704,4213,4,stroke_kai
809,62.223746220945955,43.85113153067453,4093,4,stroke_kai
810,57.642467122442994,34.48512678593904,4263,4,stroke_kai
811,67.86649938256623,21.201341103742653,2110,1,inner_ring
812,63.18760407590758,31.224280870005163,3080,2,octagram
813,65.76140764688944,22.050836241061926,3025,2,octagram
814,71.63200253876799,24.443585787383896,2135,1,inner_ring
815,72.49550694808529,28.904951704663457,2154,1,inner_ring
816,67.17036367833758,30.52070846994832,3102,2,octagram
817,69.72721423245686,21.657974894081768,2118,1,inner_ring
818,69.56764432493576,15.060205890588175,5510,5,text_en_1919
819,62.51045963474248,19.230993389192175,2086,1,inner_ring
820,57.573221054683174,17.311236688926144,5532,5,text_en_1919
821,54.56923283714456,17.40417291656853,5520,5,text_en_1919
822,51.1004962690405,14.42543692307549,5625,5,text_en_1919
823,47.24581259623701,19.17623858816761,5460,5,text_en_1919
824,48.1834333560032,16.05494730296604,5612,5,text_en_1919
825,45.88653695517547,9.582353219872253,782,0,outer_ring
826,48.61101673484675,7.275261656988414,884,0,outer_ring
827,55.53676651699182,11.233721129772436,1162,0,outer_ring
828,56.42046714840694,7.440300321954245,1183,0,outer_ring
829,53.630269825530824,9.778700312146924,1094,0,outer_ring
830,53.39545781409493,10.599902858415682,1081,0,outer_ring
831,46.95163454049335,8.092657436610539,818,0,outer_ring
832,50.27385511422609,10.999797253247342,950,0,outer_ring
833,48.2886680938417,4.496829146311918,882,0,outer_ring
834,46.04958307139885,10.064249313593063,784,0,outer_ring
835,55.6179885054747,9.89826094471122,1163,0,outer_ring
836,60.85011138098491,10.36135467210834,1310,0,outer_ring
837,62.032055745060006,7.325347242887587,1324,0,outer_ring
838,60.47757598265227,9.339078768865022,1301,0,outer_ring
839,67.28032067380667,8.113802197678623,1481,0,outer_ring
840,64.65051849039382,7.087533654207642,1393,0,outer_ring
841,77.69580384378311,12.870473017441864,1608,0,outer_ring
842,75.457549080912,10.66642527234838,1594,0,outer_ring
843,66.60602668415889,10.399246724006764,1473,0,outer_ring
844,67.73235482072731,3.8875965434165103,1465,0,outer_ring
845,66.52662523998197,4.673108021942924,1437,0,outer_ring
846,40.8444677602625,31.4799005048602,2827,2,octagram
847,41.447875323074015,21.08129781967712,5437,5,text_en_1919
848,91.8399501556267,42.5092759381063,5232,5,text_en_1919
849,47.7534135481489,95.38242370101327,380,0,outer_ring
850,50.32287690548165,92.5140432132386,311,0,outer_ring
851,43.20674383518905,89.64197123272743,525,0,outer_ring
852,58.43761514822365,91.87086039216219,118,0,outer_ring
853,51.59002755339125,91.81596095944546,278,0,outer_ring
854,45.41136428001366,90.84502830423399,470,0,outer_ring
855,44.34037089147785,92.45710759513119,490,0,outer_ring
856,43.21363831818394,85.8230799978243,546,0,outer_ring
857,32.36117463365412,83.11733720761562,657,0,outer_ring
858,37.45316769065435,80.64217062624593,635,0,outer_ring
859,34.967727226409444,74.80857569361822,1812,1,inner_ring
860,30.61663458899302,78.37289689472748,673,0,outer_ring
861,23.6702939561842,70.78747689234413,4729,5,text_en_1919
862,23.68483834144908,68.0530096664696,4767,5,text_en_1919
863,22.57489922644509,60.96285553817017,4908,5,text_en_1919
864,22.255141307041793,55.08464129226844,5001,5,text_en_1919
865,23.086532554867485,48.77442610494828,5171,5,text_en_1919
866,32.31625151654472,46.34843080861728,2676,2,octagram
867,28.029415752759476,49.6707567753871,1901,1,inner_ring
868,35.35421749564955,65.72056260522199,2521,2,octagram
869,33.7164818688586,51.55445694947197,2656,2,octagram
870,43.748695942011466,45.121896632043295,3545,3,stroke_nan
871,43.91747416778659,63.986161777422865,2514,2,octagram
872,40.01572174920727,60.2915122544227,2539,2,octagram
873,45.17265951884797,55.93601298976469,3302,3,stroke_nan
874,50.69795091686519,68.13251002722225,2433,2,octagram
875,57.08963168708402,60.006088399010906,3794,4,stroke_kai
876,61.77651097180272,51.04990445853312,3952,4,stroke_kai
877,65.59098648389951,70.08394083167994,2331,2,octagram
878,67.99965435146098,66.86823426262768,2308,2,octagram
879,66.60528974625257,62.683277812127045,2279,2,octagram
880,66.154797285448,53.71725233090845,3915,4,stroke_kai
881,57.362429335979726,52.06070626692686,3920,4,stroke_kai
882,46.856336518582424,49.61910754667458,3433,3,stroke_nan
883,46.7279329355046,52.98646464039263,3387,3,stroke_nan
884,52.355459186575246,39.81053138792916,3689,3,stroke_nan
885,51.85229582944352,43.83420826633152,3586,3,stroke_nan
886,46.517294744449465,36.62635367613996,3728,3,stroke_nan
887,37.04681976948921,31.273983618532437,2808,2,octagram
888,42.704134215700634,42.27069328172285,3623,3,stroke_nan
889,31.874862828887537,29.717383339685046,1967,1,inner_ring
890,29.04117984361345,33.40769634088078,1949,1,inner_ring
891,31.997424159053125,39.62526294790604,2725,2,octagram
892,39.498186194977194,41.721037941059414,3615,3,stroke_nan
893,34.66415636309514,51.39247517235245,2659,2,octagram
894,44.86951666212827,47.1483739747057,3514,3,stroke_nan
895,22.21934582768331,44.96240247469486,5281,5,text_en_1919
896,20.745143548507055,39.6257999657108,5310,5,text_en_1919
897,31.514584483566324,26.213742461555615,5410,5,text_en_1919
898,34.87671721754722,25.879185648421643,1991,1,inner_ring
899,37.98900259198249,23.24185541618282,5429,5,text_en_1919
900,44.2805509921109,30.703912191023708,3787,3,stroke_nan
901,56.07070809819298,23.368010544581313,2980,2,octagram
902,51.95703013175142,38.8180768376471,3700,3,stroke_nan
903,48.49903507544296,34.400230585351466,3763,3,stroke_nan
904,52.34045345438719,29.836130339031907,2955,2,octagram
905,54.010105865949306,36.8927712291132,4241,4,stroke_kai
906,55.98718117174948,41.08396920499195,4123,4,stroke_kai
907,57.40468965612931,41.87669342023681,4125,4,stroke_kai
908,62.48937039342757,46.09343417395113,4047,4,stroke_kai
909,63.89031924549631,46.83279165790166,4030,4,stroke_kai
910,66.79066856747144,54.55469575299521,3888,4,stroke_kai
911,71.32480114137283,47.615035475195754,3226,2,octagram
912,72.79145789457111,60.88973240432177,2241,2,octagram
913,77.92849445756102,53.74904557134258,3270,2,octagram
914,63.10521520025077,74.83620956180962,1731,1,inner_ring
915,68.40692332824428,74.79731966692778,1721,1,inner_ring
916,46.90750324401657,78.70206512780312,4618,5,text_en_1919
917,47.30453995581835,85.24647181918426,449,0,outer_ring
918,48.389443656194985,84.8596133847516,4297,5,text_en_1919
919,48.579394730115254,85.58047415437706,402,0,outer_ring
920,56.773586903340124,79.2188530847848,4594,5,text_en_1919
921,56.37557807468016,83.66856059680816,4424,5,text_en_1919
922,57.08218849199038,78.55999756426759,4615,5,text_en_1919
923,57.0711280832767,79.9245158029013,4577,5,text_en_1919
924,53.498121864003025,83.0071470577156,4407,5,text_en_1919
925,50.68648305722523,68.81514389070703,2437,2,octagram
926,46.50563214500895,74.42614758927961,2473,2,octagram
927,27.956169418205018,56.28740334717917,2620,2,octagram
928,33.21264690987492,64.45710579924182,1835,1,inner_ring
929,30.636742698564078,60.61345863866104,2593,2,octagram
930,55.577937563764145,97.61428821346846,178,0,outer_ring
931,57.949604483596325,95.98149924692261,130,0,outer_ring
932,59.78923108496616,94.37473959645308,103,0,outer_ring
933,63.14391785341577,95.69623415403336,57,0,outer_ring
934,72.2200999495695,86.25717911873244,4415,5,text_en_1919
935,70.5640449948061,83.34453551936342,4520,5,text_en_1919
936,71.67121396222625,74.75007870508323,1712,1,inner_ring
937,69.14010376187564,74.45258115010985,1719,1,inner_ring
938,82.77031068236984,70.46834409761588,4762,5,text_en_1919
939,75.80016102856796,70.7711477679128,1684,1,inner_ring
940,83.94012810521637,61.66900184349507,4888,5,text_en_1919
941,78.84698661479123,60.381928500636654,2218,2,octagram
942,82.98054910711329,61.15450567109411,4899,5,text_en_1919
943,82.72719182800125,53.942265941435615,1641,1,inner_ring
944,87.33696851956508,52.74652033816886,5026,5,text_en_1919
945,88.50045385569324,44.688131356371436,5211,5,text_en_1919
946,88.3795456853984,43.51391938154338,5228,5,text_en_1919
947,91.44545830228671,42.1241206219583,5223,5,text_en_1919
948,91.45455304181321,55.164903723064725,4916,5,text_en_1919
949,98.69227497202895,35.73271189445935,1612,0,outer_ring
950,61.92232453442557,42.653824251599296,4142,4,stroke_kai
951,58.84822858915551,40.574770102716975,4136,4,stroke_kai
952,57.67728041544921,35.38959426310542,4244,4,stroke_kai
953,66.75795797048872,33.770228139740226,3109,2,octagram
954,63.80406882489328,22.30867085016061,3011,2,octagram
955,65.09793456984939,27.179736110655206,3063,2,octagram
956,79.21618828670704,36.56437418431095,3163,2,octagram
957,74.99864398470567,38.56648425298842,3175,2,octagram
958,70.86634518329265,24.02205631730553,2131,1,inner_ring
959,66.64126268539252,21.331137971893714,2103,1,inner_ring
960,64.23386612044997,22.784814226150008,3012,2,octagram
961,62.65735258351746,17.934059626177703,5499,5,text_en_1919
962,60.087090347758206,20.877292307944728,2076,1,inner_ring
963,51.25923354264243,10.994288975718684,996,0,outer_ring
964,50.30804758313098,14.725633556181325,5634,5,text_en_1919
965,49.76136704023896,17.085086387191005,5516,5,text_en_1919
966,52.204494657862305,7.3621820907304585,1035,0,outer_ring
967,42.76500738608264,11.395459401279226,734,0,outer_ring
968,48.42674464732832,20.64232907248708,2046,1,inner_ring
969,53.024469627893204,8.216250436955969,1066,0,outer_ring
970,56.578994654838866,8.240319168837813,1187,0,outer_ring
971,56.18842447855192,10.607175171854815,1181,0,outer_ring
972,50.80125842062751,5.171093415997731,987,0,outer_ring
973,58.41114667550137,4.5473967645281075,1238,0,outer_ring
974,52.10274103373705,6.869239743753961,1030,0,outer_ring
975,47.38792240284161,9.427070650613853,831,0,outer_ring
976,48.52838251205895,10.438370370122087,870,0,outer_ring
977,51.9774595731836,7.582355633208611,1024,0,outer_ring
978,58.269368893523485,6.900963835696029,1239,0,outer_ring
979,64.04962897593255,6.2382072465254765,1363,0,outer_ring
980,60.02285145920845,5.763139826294983,1285,0,outer_ring
981,69.38520411511954,7.68328401416704,1524,0,outer_ring
982,72.80128247745927,10.13824061369625,1569,0,outer_ring
983,73.08499922797012,10.620287566929486,1574,0,outer_ring
984,72.04073519033592,11.33524249799295,1566,0,outer_ring
985,65.74181605375855,8.351074013708228,1431,0,outer_ring
986,68.46410690457604,8.07327379307136,1506,0,outer_ring
987,68.29171490010731,5.027617771527036,1487,0,outer_ring
988,40.72823976192551,19.3485239734929,5522,5,text_en_1919
989,38.54949162553264,17.107003489716973,5622,5,text_en_1919
990,91.34803505780849,43.89513642853389,5205,5,text_en_1919
991,45.68417768093078,93.3483356192916,452,0,outer_ring
992,48.59900419712679,93.56179534401423,358,0,outer_ring
993,44.01270338327212,91.9026835639503,500,0,outer_ring
994,56.694479703970906,92.39628661446814,152,0,outer_ring
995,50.78825737940092,94.00735211645318,292,0,outer_ring
996,46.064962042296656,98.27451169262415,413,0,outer_ring
997,44.68913476950503,88.35259447579708,506,0,outer_ring
998,41.6811645216053,89.86776649614318,554,0,outer_ring
999,43.862615411269104,83.79326519959608,4366,5,text_en_1919
1000,35.34634594526341,75.64275504278204,1810,1,inner_ring
1001,32.37526427583541,76.05522868064311,4697,5,text_en_1919
1002,29.71083828197138,76.43382878364109,4662,5,text_en_1919
1003,30.307552270639626,68.44408173983295,4755,5,text_en_1919
1004,24.79044799045238,65.37797296006259,4794,5,text_en_1919
1005,21.311699255752902,58.65194622587571,4960,5,text_en_1919
1006,19.66959022568324,59.37718944528362,4985,5,text_en_1919
1007,18.56161073547452,49.15677294686655,5127,5,text_en_1919
1008,21.499929674375398,52.01704287860236,5094,5,text_en_1919
1009,31.779649883191865,55.64331183913887,2626,2,octagram
1010,33.543004227970904,59.45959766194706,2574,2,octagram
1011,37.21317829918915,55.77201441604821,2562,2,octagram
1012,41.88910703159094,49.420878461537654,3442,3,stroke_nan
1013,41.81943614547708,54.21727224828469,3331,3,stroke_nan
1014,47.726097265662155,54.557573055011545,3358,3,stroke_nan
1015,47.663394285009815,54.80398574961236,3327,3,stroke_nan
1016,52.71553008279767,66.45590762975664,2423,2,octagram
1017,58.242687555208214,72.50409407328793,1745,1,inner_ring
1018,59.291810120642694,54.20468335310983,3867,4,stroke_kai
1019,55.56760452034205,67.87837016641375,2403,2,octagram
1020,64.79152569773166,73.45263229856953,2348,2,octagram
1021,61.59176391273678,76.26290109166469,4643,5,text_en_1919
1022,48.638118359426755,64.60643469151735,2435,2,octagram
1023,54.66375972738425,55.94518296443517,3848,4,stroke_kai
1024,52.36299901887741,50.62300824078968,3445,3,stroke_nan
1025,48.643943827643234,36.247930712092206,3749,3,stroke_nan
1026,55.654326039793354,54.129312607600376,3904,4,stroke_kai
1027,43.22959480902811,45.17254068985408,3532,3,stroke_nan
1028,45.06488262153515,42.81656337404701,3613,3,stroke_nan
1029,38.71696291912503,27.269006000011625,2849,2,octagram
1030,36.240204316440106,33.80968575954003,2794,2,octagram
1031,33.25410577860636,39.57515390710684,2722,2,octagram
1032,28.538980855319256,40.244886895884335,5284,5,text_en_1919
1033,22.39287802626696,48.4923762754625,5199,5,text_en_1919
1034,31.286802214204776,38.36586966588928,2732,2,octagram
1035,39.89349723469218,48.77505221096154,3465,3,stroke_nan
1036,36.54544269806013,51.75914285942713,3416,3,stroke_nan
1037,29.084260304125745,38.453867726681615,1938,1,inner_ring
1038,26.21624566665065,40.143349097995014,5283,5,text_en_1919
1039,29.887340451236387,36.98248421463499,1942,1,inner_ring
1040,33.38182416073237,14.395828886823026,710,0,outer_ring
1041,36.15893507921922,11.220971438219719,720,0,outer_ring
1042,44.18952353504228,22.046482294289685,2032,1,inner_ring
1043,45.586042866567546,25.781868968605337,2911,2,octagram
1044,58.38452509853527,27.624289634672625,2979,2,octagram
1045,51.31754474899242,26.5677749485278,2944,2,octagram
1046,53.540384849895304,36.32167395565237,4251,4,stroke_kai
1047,53.11503085460075,35.35987158122326,4252,4,stroke_kai
1048,55.3829509622191,48.76455881566353,3984,4,stroke_kai
1049,60.256971307630714,50.92865487992407,3935,4,stroke_kai
1050,59.48902620093057,50.824856624293176,3933,4,stroke_kai
1051,69.92877332633456,52.36046909441881,3243,2,octagram
1052,64.24951258943231,48.09807508981833,3996,4,stroke_kai
1053,70.9372178338897,43.38499894429313,3203,2,octagram
1054,76.71963262515115,53.0005192346302,3263,2,octagram
1055,72.13773772080982,61.906673417148994,2247,2,octagram
1056,72.51784947860861,68.3359232123277,1686,1,inner_ring
1057,65.76657251808089,73.75021573556798,2343,2,octagram
1058,48.66259717417734,84.36543880766615,4353,5,text_en_1919
1059,51.23831234481625,85.52187863676966,305,0,outer_ring
1060,48.631719371410426,87.22950807871698,390,0,outer_ring
1061,49.683260381038565,89.15753694928249,345,0,outer_ring
1062,55.22770311756421,95.59975831003665,185,0,outer_ring
1063,52.87840832743359,89.37956492147056,248,0,outer_ring
1064,56.57019844298742,84.85565005849108,4374,5,text_en_1919
1065,52.84254518532417,80.08373960221927,4535,5,text_en_1919
1066,60.16836736509581,79.33132588040587,4561,5,text_en_1919
1067,50.46415423128847,79.8130167558258,4546,5,text_en_1919
1068,43.46215385261104,75.56880439725195,2483,2,octagram
1069,30.093414077639622,59.13351806769406,2603,2,octagram
1070,30.813688757305663,59.8246506129867,2592,2,octagram
1071,34.206642296416994,68.51659084417038,1824,1,inner_ring
1072,57.54554610189264,93.7943586458464,136,0,outer_ring
1073,54.840081160555265,94.3474479421161,193,0,outer_ring
1074,68.6223540443791,83.65978667475785,4483,5,text_en_1919
1075,60.191729102914536,94.94680488852052,97,0,outer_ring
1076,69.75908626754611,91.73570259940904,11,0,outer_ring
1077,70.5025674231372,83.48093370540225,4502,5,text_en_1919
1078,69.63088804449737,78.12052116146441,4670,5,text_en_1919
1079,72.90213515683381,73.53387931396881,1704,1,inner_ring
1080,75.69182460290726,74.84188898959252,4721,5,text_en_1919
1081,79.61965176362527,71.4792097295944,4757,5,text_en_1919
1082,84.2326126413147,63.201568974022265,4870,5,text_en_1919
1083,82.82267386790221,56.92105877903604,4973,5,text_en_1919
1084,85.49805024555863,53.787052139306375,4993,5,text_en_1919
1085,85.16690474479566,44.51107750727964,2196,1,inner_ring
1086,86.84615699983455,44.85875989466796,5227,5,text_en_1919
1087,87.1712468729883,39.700350036773074,2186,1,inner_ring
1088,88.88095298720809,55.95443019134748,4948,5,text_en_1919
1089,92.8444302587995,45.912067236534654,5151,5,text_en_1919
1090,96.66976228208156,40.88404771889092,5249,5,text_en_1919
1091,95.59247425002484,36.07927298092662,5373,5,text_en_1919
1092,59.71914265032238,50.464455953940174,3940,4,stroke_kai
1093,59.60069537320101,40.21544358280883,4164,4,stroke_kai
1094,61.678789219590506,34.595561510868585,4260,4,stroke_kai
1095,70.62309340233895,34.196259333686854,3126,2,octagram
1096,66.22258811638676,30.676005022962922,3095,2,octagram
1097,66.81113762380218,23.04714304110551,2111,1,inner_ring
1098,72.39943575940913,25.114594610941364,2138,1,inner_ring
1099,77.36651491721776,30.036221166582617,2161,1,inner_ring
1100,67.55161088455174,24.08755848627736,2116,1,inner_ring
1101,64.36447311042211,18.34310969022017,5455,5,text_en_1919
1102,64.37706630609055,16.48490842906287,5567,5,text_en_1919
1103,60.583113546669146,22.895249395122764,2994,2,octagram
1104,54.0530072506984,18.847081435048405,2063,1,inner_ring
1105,51.651480030972564,6.507243120538896,1015,0,outer_ring
1106,54.11717298089188,18.582167998033732,5482,5,text_en_1919
1107,49.41376314603765,17.363360209774715,5507,5,text_en_1919
1108,49.672294682966125,11.335942759243638,914,0,outer_ring
1109,47.51314187864434,9.348238494916354,836,0,outer_ring
1110,52.246421324892644,12.805354772505073,1031,0,outer_ring
1111,50.64029940147679,6.913500098657169,972,0,outer_ring
1112,56.094446509757645,8.917825997191313,1178,0,outer_ring
1113,57.860172620376595,5.4240358517739855,1227,0,outer_ring
1114,54.15559623514334,9.72954702975528,1113,0,outer_ring
1115,46.96891918064717,9.918996892145291,808,0,outer_ring
1116,49.84921587425636,8.482563815268058,937,0,outer_ring
1117,45.927526554254,12.029533446095172,771,0,outer_ring
1118,54.2777184886887,6.783706543838483,1116,0,outer_ring
1119,53.949644229581544,6.558947636207211,1101,0,outer_ring
1120,59.34246516905881,10.238508894504518,1280,0,outer_ring
1121,58.397090847132695,8.420730296667283,1248,0,outer_ring
1122,60.1883491627658,8.23072279208589,1292,0,outer_ring
1123,64.36769485728959,7.069422472526444,1387,0,outer_ring
1124,68.89461124820923,5.807065909861147,1502,0,outer_ring
1125,72.9531673129778,16.390063400674475,5493,5,text_en_1919
1126,74.72701459018553,11.535689850417688,1591,0,outer_ring
1127,63.22882260986532,10.994997166547583,1361,0,outer_ring
1128,67.23671904764066,15.73528060443898,5556,5,text_en_1919
1129,67.85925898560247,0.6177873984533473,1450,0,outer_ring
1130,38.9062775369401,27.47795464563557,2850,2,octagram
1131,38.93932959701424,24.227907300798307,2017,1,inner_ring
1132,88.43752426922275,44.125861234329605,5220,5,text_en_1919
1133,47.07745295852139,93.21565113159362,408,0,outer_ring
1134,45.55406772971813,91.88001427269278,460,0,outer_ring
1135,42.92799007271476,90.57966440354316,526,0,outer_ring
1136,50.94454028345858,91.38350256500009,295,0,outer_ring
1137,50.36864720766246,94.94731343665455,304,0,outer_ring
1138,51.56290575232112,87.49433477043691,287,0,outer_ring
1139,46.56160408734795,89.02961933271422,450,0,outer_ring
1140,39.25028557403436,89.57742171565582,588,0,outer_ring
1141,37.37608328963898,86.4705801439447,620,0,outer_ring
1142,35.0249414595617,81.60171401016127,649,0,outer_ring
1143,32.618869973443125,80.42359268362776,669,0,outer_ring
1144,31.034954496132134,86.76122508561541,654,0,outer_ring
1145,24.562184606059215,69.66613932390554,4747,5,text_en_1919
1146,23.23123766127916,65.31450626167866,4831,5,text_en_1919
1147,22.17955545177899,64.03063618178948,4840,5,text_en_1919
1148,21.54968159100011,66.37250505111888,4799,5,text_en_1919
1149,24.852805510660573,49.685490687782334,5131,5,text_en_1919
1150,26.15322515483032,50.315165134815146,5106,5,text_en_1919
1151,28.349775274644852,52.358347495221444,1893,1,inner_ring
1152,37.26914259370532,65.3750023120103,2519,2,octagram
1153,31.67980922286482,57.49470392001948,2590,2,octagram
1154,38.37074515141093,57.27736812110143,2552,2,octagram
1155,40.76803692160626,65.09174535391097,2515,2,octagram
1156,43.038288469498646,50.29498299652934,3426,3,stroke_nan
1157,42.63688497795353,67.87704030091058,2505,2,octagram
1158,56.39947777410951,67.95547227008949,2398,2,octagram
1159,64.02799321228805,55.124239074276055,3856,4,stroke_kai
1160,58.78713566970278,60.93632569190203,3792,4,stroke_kai
1161,71.05027392698396,62.51999277087747,2258,2,octagram
1162,62.10713977095123,68.91986485455149,2360,2,octagram
1163,61.95564376424628,68.31720502488645,2367,2,octagram
1164,58.95471782700311,57.02262912393664,3842,4,stroke_kai
1165,57.06009260769726,53.21198340086506,3913,4,stroke_kai
1166,53.96060709742252,41.98817050415095,3633,3,stroke_nan
1167,47.33210245313757,48.36611191450214,3438,3,stroke_nan
1168,51.53474262771875,40.65248207718279,3657,3,stroke_nan
1169,51.27173227185147,46.58837873670908,3505,3,stroke_nan
1170,47.59434699984263,45.520034503104256,3564,3,stroke_nan
1171,38.458414411228645,31.875573929188338,2815,2,octagram
1172,41.47416469645455,30.039759060369885,2838,2,octagram
1173,35.7088614304096,29.990489494759245,2795,2,octagram
1174,17.68784836815799,43.603429708897195,702,0,outer_ring
1175,23.350666150078826,38.25122401261911,5317,5,text_en_1919
1176,35.46117966181776,46.73740621089263,2682,2,octagram
1177,37.66361371719994,59.186220025538255,2555,2,octagram
1178,37.44892229223993,51.4580463330111,3410,3,stroke_nan
1179,25.90702949764619,43.154183373479555,5273,5,text_en_1919
1180,34.22527504073054,32.719543259648496,2779,2,octagram
1181,31.44077524022421,29.43868576498394,1966,1,inner_ring
1182,32.18917288451335,13.246878165402045,709,0,outer_ring
1183,37.51754937624246,15.868072239944745,5641,5,text_en_1919
1184,39.32346577907735,20.905341417008902,5456,5,text_en_1919
1185,41.7515334637303,12.065042634872345,730,0,outer_ring
1186,47.490559414087016,22.288535805960628,2041,1,inner_ring
1187,53.290502921224046,34.09485868389909,4274,4,stroke_kai
1188,50.8498879736268,31.088882613020857,2950,2,octagram
1189,54.42676337154655,38.03695164474274,4226,4,stroke_kai
1190,56.0441504261774,42.660633989817484,4103,4,stroke_kai
1191,57.11999196300945,44.22581586244418,4051,4,stroke_kai
1192,57.80807376095291,45.26302541791216,4037,4,stroke_kai
1193,65.84947406268287,40.54607988333074,4159,4,stroke_kai
1194,68.06258985394756,48.070546092174034,3222,2,octagram
1195,76.3313134107197,50.80460739695035,3253,2,octagram
1196,74.22953727288632,56.16716655605245,3272,2,octagram
1197,74.34804861191321,52.193895397555494,3252,2,octagram
1198,74.13758479169273,56.201783168981734,3269,2,octagram
1199,68.98219327075788,69.21562856468238,2318,2,octagram
1200,46.3988033247056,73.53599823152248,2471,2,octagram
1201,48.06637107140509,80.56330719552535,4511,5,text_en_1919
1202,47.41950759318553,88.53414670292199,425,0,outer_ring
1203,56.10856286470329,86.68831195862354,4288,5,text_en_1919
1204,55.40364129221734,83.2582418133066,4402,5,text_en_1919
1205,56.59558602372553,82.9445982119806,4459,5,text_en_1919
1206,59.64653681920486,85.47665230239075,4375,5,text_en_1919
1207,52.68891409081808,73.39732602175268,1764,1,inner_ring
1208,50.1352934076742,85.12204988494634,4301,5,text_en_1919
1209,44.419323704025494,80.9618728253875,4492,5,text_en_1919
1210,47.405907359614964,76.5988306652704,1792,1,inner_ring
1211,29.271146804290034,55.47204054969482,2621,2,octagram
1212,29.584044733567076,63.12410903243828,1852,1,inner_ring
1213,30.389648386160363,63.96367669644788,1847,1,inner_ring
1214,55.74397804429128,95.7805836936056,174,0,outer_ring
1215,61.46141841969132,94.51948059735099,80,0,outer_ring
1216,64.09266090796332,96.84964069829101,54,0,outer_ring
1217,62.06529163976524,93.38855108890407,67,0,outer_ring
1218,69.47249193543416,89.91219586704955,4321,5,text_en_1919
1219,69.82093376893884,90.72697090872971,9,0,outer_ring
1220,72.62039202098529,83.82855628506869,4508,5,text_en_1919
1221,77.42280652588309,72.0822245380094,4743,5,text_en_1919
1222,76.07519455489778,66.98532656479809,1674,1,inner_ring
1223,77.91947753492146,64.44811770410827,1661,1,inner_ring
1224,76.71205011753065,66.48244349889501,1671,1,inner_ring
1225,84.54788948401406,59.17700460842997,4910,5,text_en_1919
1226,80.90162739887491,63.18600389302503,4898,5,text_en_1919
1227,86.32675570589933,50.67476591180191,5064,5,text_en_1919
1228,90.13714936847853,51.256296068614944,5019,5,text_en_1919
1229,87.03488427813386,51.6310440721315,5041,5,text_en_1919
1230,86.24382253900009,42.551168214631474,2194,1,inner_ring
1231,92.18699095490146,49.12292496249155,5085,5,text_en_1919
1232,94.8717107730849,41.534349410556665,5245,5,text_en_1919
1233,90.89155999902638,47.20001304602958,5149,5,text_en_1919
1234,55.84499102857721,40.538364219653914,4152,4,stroke_kai
1235,61.03491169558324,41.07155088469601,4162,4,stroke_kai
1236,61.73810431507141,34.28584868059254,4266,4,stroke_kai
1237,67.45947425144944,30.948230400529756,3106,2,octagram
1238,61.51272540183468,26.29360808620059,2990,2,octagram
1239,61.277421836893474,23.792717091310866,2993,2,octagram
1240,78.85755685382703,37.27613683896723,3161,2,octagram
1241,71.58084536033573,21.616375645983332,2125,1,inner_ring
1242,64.49497205726898,21.105248521169553,3017,2,octagram
1243,67.28837942114964,19.807663339616028,5430,5,text_en_1919
1244,61.62394892901482,18.98610024559174,2082,1,inner_ring
1245,57.073697884199454,15.84107668103686,5621,5,text_en_1919
1246,56.70391973271067,20.223226358320346,2069,1,inner_ring
1247,57.45310463154829,6.416146335043534,1218,0,outer_ring
1248,56.02545692309224,12.288495164875473,1180,0,outer_ring
1249,49.59408077530244,10.59718114786991,913,0,outer_ring
1250,47.72110372316563,22.139348960740115,2042,1,inner_ring
1251,42.18006620128226,15.101489036669912,728,0,outer_ring
1252,49.06201290006495,21.826958286365326,2048,1,inner_ring
1253,48.92072250290873,12.02416515326098,872,0,outer_ring
1254,54.82845109300491,5.859484373516982,1139,0,outer_ring
1255,55.68560500475513,10.540999482112387,1165,0,outer_ring
1256,50.99843756443652,6.953150077205028,991,0,outer_ring
1257,47.49547092961405,10.934899480536936,822,0,outer_ring
1258,40.96579250049605,17.96580134371265,5535,5,text_en_1919
1259,46.97710215677366,7.515794819574504,824,0,outer_ring
1260,50.88650162843814,9.703799069620807,976,0,outer_ring
1261,54.540058231439616,8.430959190427014,1128,0,outer_ring
1262,56.7283913743378,8.58543583111711,1195,0,outer_ring
1263,55.991752846834466,8.05695436918494,1173,0,outer_ring
1264,62.585442181434665,9.8203790776297,1348,0,outer_ring
1265,65.70061519941794,10.058129066656873,1445,0,outer_ring
1266,71.2036566302613,7.031395130227574,1544,0,outer_ring
1267,77.67986655009706,11.490405437595841,1605,0,outer_ring
1268,71.9731380046216,6.297558578985593,1552,0,outer_ring
1269,66.42392818498628,8.678857377480986,1453,0,outer_ring
1270,61.78084742323411,6.310070035326934,1319,0,outer_ring
1271,66.76502572534378,4.64172293801639,1444,0,outer_ring
1272,40.4984432183273,25.56834837720407,2872,2,octagram
1273,39.4710794190586,12.129547076287757,724,0,outer_ring
1274,95.09736847301826,50.1543622853192,5081,5,text_en_1919
1275,47.817565036788096,92.56828647334147,389,0,outer_ring
1276,48.96606899277528,92.46938225711425,351,0,outer_ring
1277,46.546931337574016,98.06405040452663,403,0,outer_ring
1278,53.61384889812923,95.01784395972464,220,0,outer_ring
1279,49.932322027900305,91.41230019520435,325,0,outer_ring
1280,46.78582263813283,90.65689824482035,432,0,outer_ring
1281,46.26556607809935,89.99568690528906,453,0,outer_ring
1282,40.699506885255964,86.24534646130586,580,0,outer_ring
1283,40.477455063226195,84.30223374341199,595,0,outer_ring
1284,36.16318820603326,84.89612236007817,632,0,outer_ring
1285,35.13018330070131,79.19735646764566,4468,5,text_en_1919
1286,28.62912035526577,69.49327774942735,4751,5,text_en_1919
1287,26.601767643873117,74.68673470821001,682,0,outer_ring
1288,29.379220153899237,68.08319275939814,4791,5,text_en_1919
1289,22.90770715749792,62.93529328740772,4849,5,text_en_1919
1290,21.212103695913214,48.827615261782405,5152,5,text_en_1919
1291,23.643079387592426,54.01953545127287,5013,5,text_en_1919
1292,25.477217339279118,44.891466974740645,5256,5,text_en_1919
1293,26.62034247564011,53.40501840371062,1887,1,inner_ring
1294,32.99637766937971,61.572123457661284,2572,2,octagram
1295,32.903291886034715,58.34017759021492,2579,2,octagram
1296,43.71190434301978,52.994126270483704,3376,3,stroke_nan
1297,45.6563990934362,47.740913151668266,3501,3,stroke_nan
1298,47.33001415418049,54.25441622206762,3357,3,stroke_nan
1299,50.46777633543518,56.342245643535826,3322,3,stroke_nan
1300,56.01742242200394,62.04379784004527,2412,2,octagram
1301,65.79957928157671,48.07984728851569,4009,4,stroke_kai
1302,57.68867346773276,69.74126586491884,2390,2,octagram
1303,65.35121054527389,58.719900689344435,2276,2,octagram
1304,55.54782607598833,66.08669479493022,2409,2,octagram
1305,57.8246305546206,72.12924802147182,1748,1,inner_ring
1306,56.004767283199065,54.92093269030659,3851,4,stroke_kai
1307,57.550732415004966,48.979474887011094,3954,4,stroke_kai
1308,52.18793282894899,45.246919713514686,3576,3,stroke_nan
1309,48.6223768128702,50.75168328336234,3421,3,stroke_nan
1310,49.2670478586946,44.05426452596503,3573,3,stroke_nan
1311,44.33664886964572,44.47874322207298,3551,3,stroke_nan
1312,46.3253126277566,49.18591146923615,3449,3,stroke_nan
1313,47.00107261983058,35.577909466594875,3750,3,stroke_nan
1314,37.5536471947549,31.301677992318954,2810,2,octagram
1315,35.01041475002999,34.74484997258925,2780,2,octagram
1316,34.71704341514756,31.854008394476914,2786,2,octagram
1317,28.668488721288877,35.34320642494138,5361,5,text_en_1919
1318,33.82673825523353,43.348005922474954,2696,2,octagram
1319,38.659659375091685,50.34750204861416,3453,3,stroke_nan
1320,42.22633379314891,42.82824908664733,3619,3,stroke_nan
1321,22.21558921026658,32.332392912326796,5396,5,text_en_1919
1322,21.991801541092318,40.444870871597345,5307,5,text_en_1919
1323,28.147914465671118,27.588351120273988,5414,5,text_en_1919
1324,36.36656757228496,34.584429677948265,2793,2,octagram
1325,36.30191568619928,12.95016533961028,717,0,outer_ring
1326,39.50266455872119,23.84040782912676,2019,1,inner_ring
1327,43.60585330156928,24.105811543148796,2893,2,octagram
1328,46.63636299840109,24.054043860374748,2909,2,octagram
1329,51.1505529860407,31.585402741243655,2952,2,octagram
1330,53.87354009361787,32.72677876285708,4281,4,stroke_kai
1331,52.35685231580389,37.23012733671747,3723,3,stroke_nan
1332,58.581409547934584,36.745702066172846,4230,4,stroke_kai
1333,57.45876740489178,42.167507038023786,4122,4,stroke_kai
1334,55.604665303202395,49.73812945619573,3974,4,stroke_kai
1335,63.85208030951374,44.163702104839686,4102,4,stroke_kai
1336,65.62005941802138,43.9535841920617,4100,4,stroke_kai
1337,67.90598269233807,55.18998629737601,3892,4,stroke_kai
1338,77.00657518816612,57.17491788426313,3280,2,octagram
1339,73.07066599563875,60.147910450057736,2238,2,octagram
1340,79.47925793372374,61.14674008194163,1653,1,inner_ring
1341,62.808115370223085,74.15041497499028,1733,1,inner_ring
1342,47.067144559903184,80.04472823782844,4516,5,text_en_1919
1343,49.04871561614245,84.74335888950958,4307,5,text_en_1919
1344,40.11043420156508,82.00066401814172,4392,5,text_en_1919
1345,47.299523854408186,84.7658619484851,454,0,outer_ring
1346,53.995484845409734,86.54024685479104,217,0,outer_ring
1347,59.6110410704901,78.93088379262439,4599,5,text_en_1919
1348,56.504444112217364,83.26139791150229,4453,5,text_en_1919
1349,55.481217612036126,77.44604413837367,1753,1,inner_ring
1350,52.08447439849234,79.58080660157259,4564,5,text_en_1919
1351,49.02444437215525,79.2692716528809,4552,5,text_en_1919
1352,47.91283457936386,73.34558213956585,2462,2,octagram
1353,30.282754665686543,57.97803772464325,2608,2,octagram
1354,34.18677745086338,62.438194573081354,2565,2,octagram
1355,29.209521102284295,61.68185466876297,1862,1,inner_ring
1356,57.74241674271078,90.88313547817728,131,0,outer_ring
1357,61.761680108347065,92.65145234403715,71,0,outer_ring
1358,64.32715225753228,90.38937711784382,48,0,outer_ring
1359,61.5996182201215,86.3512698189147,4313,5,text_en_1919
1360,66.9235525457532,94.73644028250659,32,0,outer_ring
1361,70.23885527000917,83.08839496520827,4562,5,text_en_1919
1362,69.76377565743499,80.72798221844607,4633,5,text_en_1919
1363,68.59855029303745,69.1210293470886,2319,2,octagram
1364,78.73135161069877,70.7034407637954,4773,5,text_en_1919
1365,81.64885675624417,68.51528975182129,4818,5,text_en_1919
1366,86.7006217016201,62.54901403850669,4864,5,text_en_1919
1367,88.87871496839637,57.59546125469646,4913,5,text_en_1919
1368,89.5143025774795,59.834465733560734,4890,5,text_en_1919
1369,81.91834211580836,56.97601672059823,1646,1,inner_ring
1370,86.28250271000068,48.48672523960898,5140,5,text_en_1919
1371,83.75858478351898,46.66260490503363,1613,1,inner_ring
1372,88.99209114286121,45.239628493263396,5203,5,text_en_1919
1373,88.10989825532906,45.142543852256864,5210,5,text_en_1919
1374,90.53186600593506,43.99052346493005,5204,5,text_en_1919
1375,93.22732697913726,36.36489287996894,5351,5,text_en_1919
1376,56.940684588527354,39.536298547678854,4194,4,stroke_kai
1377,59.443686064403266,40.58289402358087,4158,4,stroke_kai
1378,63.283355103993415,31.44320172681987,3086,2,octagram
1379,62.240634020169914,28.883277019098028,3069,2,octagram
1380,64.65845301735767,31.51917232924348,3085,2,octagram
1381,72.0582643600451,27.388728626585188,2149,1,inner_ring
1382,73.13420549360477,22.06739655932319,2133,1,inner_ring
1383,70.49223098796567,28.984151095731654,3119,2,octagram
1384,69.99566722619612,18.487092057180853,5441,5,text_en_1919
1385,65.27398589875466,18.98157354140609,5440,5,text_en_1919
1386,63.2211658363879,21.853061775549925,3010,2,octagram
1387,55.77093245904619,17.623095907653216,5503,5,text_en_1919
1388,62.62828682313579,7.4527839101526085,1340,0,outer_ring
1389,60.16997514587127,19.062326996755726,2075,1,inner_ring
1390,54.61670642106734,18.156067896603858,5476,5,text_en_1919
1391,55.02816347229351,15.572671877154772,5635,5,text_en_1919
1392,45.1634904189683,7.827377103881386,774,0,outer_ring
1393,50.031939588686264,11.26637472846604,934,0,outer_ring
1394,48.21096072291172,15.05277601532908,5633,5,text_en_1919
1395,55.649021455951754,5.942065081125313,1157,0,outer_ring
1396,53.5533169415486,8.481796378093694,1089,0,outer_ring
1397,52.90237180644502,9.821461709584453,1056,0,outer_ring
1398,51.1766793334114,7.844952205173682,998,0,outer_ring
1399,47.92706096577439,7.723247765779137,863,0,outer_ring
1400,53.31235228380221,6.111922985634508,1080,0,outer_ring
1401,52.84064289298053,10.257993277602223,1053,0,outer_ring
1402,52.45733419960112,8.843215419195378,1041,0,outer_ring
1403,54.01167125546538,5.148376786112485,1104,0,outer_ring
1404,63.51822108147284,7.321357295643502,1357,0,outer_ring
1405,58.472216984098864,6.866183937127245,1244,0,outer_ring
1406,63.761766340131466,7.165920994882768,1360,0,outer_ring
1407,66.63240280212541,4.657928059613463,1439,0,outer_ring
1408,64.59302110613326,6.189343220632104,1388,0,outer_ring
1409,68.20977615722025,14.271004867143763,5579,5,text_en_1919
1410,81.16620686481426,11.215574277358101,1610,0,outer_ring
1411,66.20491097971413,10.244859386014507,1457,0,outer_ring
1412,64.12890262286825,5.6424287921280065,1362,0,outer_ring
1413,67.84090751077711,2.538564271885023,1460,0,outer_ring
1414,37.729561795460604,14.807594220400697,721,0,outer_ring
1415,38.684840387885295,21.052120588521007,5457,5,text_en_1919
1416,90.6918920296793,42.99378717694671,5213,5,text_en_1919
1417,51.82342093758853,92.46689880510321,273,0,outer_ring
1418,47.83919072463558,92.04973393067931,391,0,outer_ring
1419,44.64048866619685,87.92937558169412,509,0,outer_ring
1420,53.94439916640249,92.9803972815501,213,0,outer_ring
1421,47.29708978294352,92.86321482247122,405,0,outer_ring
1422,45.33046327747666,86.34391705823298,501,0,outer_ring
1423,43.45591382114247,86.28734167400978,537,0,outer_ring
1424,42.64054784565738,87.83804736978382,547,0,outer_ring
1425,35.95369431952154,85.76963101250028,631,0,outer_ring
1426,38.74275640704355,74.02789825015427,1806,1,inner_ring
1427,38.04145838193552,70.91737292144408,1809,1,inner_ring
1428,30.89759768062994,78.35396056447748,672,0,outer_ring
1429,27.081156573296674,71.21283643764137,4722,5,text_en_1919
1430,23.593451021255817,67.26835915734195,4793,5,text_en_1919
1431,22.46929372324294,56.10565251459929,4997,5,text_en_1919
1432,22.301062506932297,58.59569588215304,4961,5,text_en_1919
1433,19.56282790781584,52.87029064750936,5104,5,text_en_1919
1434,20.473337867350637,49.17452603701949,5143,5,text_en_1919
1435,30.460112026129295,52.19507540806144,2633,2,octagram
1436,30.121963951316495,49.90645948367941,1896,1,inner_ring
1437,37.45953326643036,48.28779313761448,3500,3,stroke_nan
1438,38.00481010872723,66.69103743017835,2511,2,octagram
1439,41.941386360060186,64.51817646960397,2517,2,octagram
1440,46.64680653197128,55.36370120856393,3311,3,stroke_nan
1441,53.468926134078444,59.05019502546308,3308,3,stroke_nan
1442,52.488634924555306,63.02529415665464,2422,2,octagram
1443,55.52703406414832,54.837207267998046,3864,4,stroke_kai
1444,57.53037405052429,54.866017407182355,3858,4,stroke_kai
1445,63.06351157501179,63.751146212254554,2296,2,octagram
1446,58.48048211612515,65.33575335533969,2397,2,octagram
1447,61.39810103594204,70.57343788277589,2358,2,octagram
1448,63.45191079679533,61.416704816053816,2281,2,octagram
1449,58.34887885618953,54.21887735306984,3876,4,stroke_kai
1450,52.57723438665477,47.95515377630233,3472,3,stroke_nan
1451,46.64070398687026,37.683602411596326,3704,3,stroke_nan
1452,48.660635400870525,44.776362493836196,3568,3,stroke_nan
1453,51.69404101529197,42.2179880225084,3621,3,stroke_nan
1454,45.461761615469236,38.32216682978642,3693,3,stroke_nan
1455,46.74272578191371,36.050747931505704,3735,3,stroke_nan
1456,39.15753419958417,29.3711536185157,2837,2,octagram
1457,36.751539485842024,39.398987177894774,3668,3,stroke_nan
1458,36.01735402877948,43.253924974621256,3590,3,stroke_nan
1459,29.32261286277864,37.04984990231201,1941,1,inner_ring
1460,34.65348148959032,43.750487647500016,2693,2,octagram
1461,37.88610479637196,45.74622613359049,3543,3,stroke_nan
1462,38.98725008296794,48.402828153807896,3494,3,stroke_nan
1463,25.113727720990607,39.126356594700894,5312,5,text_en_1919
1464,30.16832959013305,32.12060740370626,1954,1,inner_ring
1465,23.15621515994187,32.877982157685565,5395,5,text_en_1919
1466,34.23999598412988,26.07911304441109,1989,1,inner_ring
1467,35.65089578240644,30.408605830408113,2796,2,octagram
1468,40.04213921007661,24.201546034392816,2879,2,octagram
1469,40.171243047104895,28.456665985426433,2844,2,octagram
1470,47.11700986331008,18.74593567303976,5462,5,text_en_1919
1471,50.80704653291349,28.46438039748705,2945,2,octagram
1472,49.699105871143765,36.59708967335472,3737,3,stroke_nan
1473,55.73447461794909,40.661263694975844,4141,4,stroke_kai
1474,59.12365633306899,39.15024105375857,4207,4,stroke_kai
1475,54.20840751360107,44.728556637351524,4059,4,stroke_kai
1476,60.31476153357014,46.44283776804703,4020,4,stroke_kai
1477,63.63932957716835,47.805269959766306,4004,4,stroke_kai
1478,71.01966591490239,43.584377036027306,3202,2,octagram
1479,66.16991198125585,45.84717871241192,4056,4,stroke_kai
1480,73.22730952170356,48.06326723627032,3231,2,octagram
1481,71.83385322064106,62.94200020006123,2249,2,octagram
1482,74.81183368764923,63.96825292937004,1669,1,inner_ring
1483,70.22207756731326,76.33974048124475,1718,1,inner_ring
1484,45.26058985537297,75.65546548684912,2481,2,octagram
1485,47.21831799266114,81.9352737737671,4450,5,text_en_1919
1486,50.19489195661309,86.75506199189681,334,0,outer_ring
1487,50.35247939525038,83.12908498582993,4367,5,text_en_1919
1488,52.8293004568637,89.31289323247395,251,0,outer_ring
1489,56.03359213891447,83.06763096365066,4441,5,text_en_1919
1490,53.7474971452813,77.05836890480734,1760,1,inner_ring
1491,50.51646379821554,71.17457576903428,2447,2,octagram
1492,53.60820162103972,82.15705050888764,4458,5,text_en_1919
1493,49.77938473672773,75.32986329476387,1780,1,inner_ring
1494,48.92723095026034,74.57720788630962,2459,2,octagram
1495,30.772426695402572,59.300920395861525,2595,2,octagram
1496,36.80633735829495,69.40752752359617,1814,1,inner_ring
1497,32.71624791197794,61.193368001887144,2575,2,octagram
1498,53.05833555979559,91.44108492175063,242,0,outer_ring
1499,60.62487394175635,94.22110829885742,89,0,outer_ring
1500,64.38447954233091,95.98630923965014,52,0,outer_ring
1501,66.68613872132354,86.97697657007635,4360,5,text_en_1919
1502,61.274737223059226,82.16147126404768,4513,5,text_en_1919
1503,71.50934701098697,85.51086883166718,4467,5,text_en_1919
1504,71.33421282243981,84.98468664617444,4490,5,text_en_1919
1505,72.31569111772171,83.26799452536324,4537,5,text_en_1919
1506,78.94041568709407,71.78106524513314,4754,5,text_en_1919
1507,80.61914160257848,61.127942701257126,1652,1,inner_ring
1508,77.2790004406464,68.5991780531574,1677,1,inner_ring
1509,82.87378750620793,60.98568931290287,4906,5,text_en_1919
1510,81.69542600743206,53.25167884878616,1638,1,inner_ring
1511,92.56676190160032,53.13526897216216,5015,5,text_en_1919
1512,85.96061685425478,50.777496321140475,5061,5,text_en_1919
1513,87.77912614390485,44.60294608336687,5219,5,text_en_1919
1514,89.27743873647509,41.684945755242225,5324,5,text_en_1919
1515,87.29813099535109,41.494521311921886,2190,1,inner_ring
1516,95.46059729483108,42.56190924578196,5239,5,text_en_1919
1517,91.18870515305782,36.66354519060904,5347,5,text_en_1919
1518,58.928539051149734,38.64936643479264,4210,4,stroke_kai
1519,58.19366890172618,38.695536732839074,4208,4,stroke_kai
1520,55.65909911421796,33.2972086158977,4283,4,stroke_kai
1521,64.04162997725469,32.7952817017618,3087,2,octagram
1522,56.56577432898854,34.38683107730653,4273,4,stroke_kai
1523,59.94679683137755,16.06829138637331,5636,5,text_en_1919
1524,73.11694657197249,25.882960623557057,2146,1,inner_ring
1525,71.93899820099615,37.05578192390451,3138,2,octagram
1526,70.22971690241751,21.218694468547774,2119,1,inner_ring
1527,64.13006703711983,21.044689173131463,3015,2,octagram
1528,62.15120298430381,19.19823723976592,2085,1,inner_ring
1529,58.316371839821066,23.699367599084148,2982,2,octagram
1530,56.0806052802191,17.485225091633723,5542,5,text_en_1919
1531,52.13798118986205,16.204604197863038,5570,5,text_en_1919
1532,50.32758694499746,13.084132530259387,946,0,outer_ring
1533,47.24435188985992,6.732725533331549,838,0,outer_ring
1534,48.38863420315669,7.034494134222659,875,0,outer_ring
1535,45.00678788416041,12.9803751129585,751,0,outer_ring
1536,45.164913906719036,5.053903487655623,787,0,outer_ring
1537,55.422701583516684,10.990178905892945,1155,0,outer_ring
1538,57.10245972230298,8.111411557350408,1208,0,outer_ring
1539,55.18681917611516,8.791441270962963,1145,0,outer_ring
1540,50.91068285289748,20.366100856788737,2054,1,inner_ring
1541,47.1351007030559,12.193752795728406,800,0,outer_ring
1542,52.09730607192659,3.8613344796484537,1033,0,outer_ring
1543,44.00652100674697,3.4757667247069803,770,0,outer_ring
1544,46.5131915259325,9.506748894183549,795,0,outer_ring
1545,53.63654369987692,7.147605802064703,1093,0,outer_ring
1546,59.0397145570696,7.029567101700467,1262,0,outer_ring
1547,56.924288766916796,7.362660961647491,1200,0,outer_ring
1548,62.25124212397472,10.575567337567318,1342,0,outer_ring
1549,64.3932778408227,10.064138732542437,1401,0,outer_ring
1550,67.70916028576687,6.036863032331977,1477,0,outer_ring
1551,69.3266066027519,9.443738093248147,1532,0,outer_ring
1552,76.6226027109227,12.169118980672826,1601,0,outer_ring
1553,59.526742514196364,5.108719132939076,1274,0,outer_ring
1554,64.68480957499922,7.64781761339165,1396,0,outer_ring
1555,69.29087830504142,9.620418060092035,1533,0,outer_ring
1556,37.51679416570238,24.637786791129354,2009,1,inner_ring
1557,37.485354529316744,25.126244425254022,2006,1,inner_ring
1558,88.8152600643923,45.33336883002861,5202,5,text_en_1919
1559,49.84700225404823,88.26540929277341,342,0,outer_ring
1560,48.90453653925719,88.95569792999349,369,0,outer_ring
1561,40.57061828691012,91.66002438841193,560,0,outer_ring
1562,52.53455804928932,91.33576455368751,256,0,outer_ring
1563,51.668749127563565,94.4978759758435,274,0,outer_ring
1564,46.42106958268556,92.3072144498875,434,0,outer_ring
1565,45.45715239227737,91.39665516516506,465,0,outer_ring
1566,45.20311251679317,90.96412858662504,474,0,outer_ring
1567,37.48685725496064,79.29755924158977,4674,5,text_en_1919
1568,31.407633467303214,84.51425248503472,660,0,outer_ring
1569,39.41104903604731,83.80955386365478,608,0,outer_ring
1570,28.116664710927218,74.4968857508576,4693,5,text_en_1919
1571,24.300682039057822,69.20519675657478,4749,5,text_en_1919
1572,23.357479382994132,56.627422671643664,4999,5,text_en_1919
1573,23.20171553354719,57.83876623515674,4953,5,text_en_1919
1574,24.463715459935248,64.42304021787719,4837,5,text_en_1919
1575,22.954334950070148,51.78674432783077,5098,5,text_en_1919
1576,30.568948043866936,57.279881913353144,2606,2,octagram
1577,27.914601450679275,52.4455215130548,1892,1,inner_ring
1578,32.49603399774675,51.925964034886505,2647,2,octagram
1579,32.33948592064057,50.564730714823675,2657,2,octagram
1580,40.76130275264165,47.32960457757579,3525,3,stroke_nan
1581,46.70623558859808,49.3686669987134,3432,3,stroke_nan
1582,37.34544547042427,51.616308522878136,3400,3,stroke_nan
1583,48.826047710857004,55.77658855079763,3338,3,stroke_nan
1584,53.23981290877207,55.98036282790527,3339,3,stroke_nan
1585,64.62260305374674,65.9441977289715,2307,2,octagram
1586,68.29845871980598,55.66460710648381,3870,4,stroke_kai
1587,61.478233769798464,67.4264364966681,2375,2,octagram
1588,64.15847771518509,68.50688671175355,2325,2,octagram
1589,57.591788773077,65.1907511357671,2404,2,octagram
1590,59.06989966137279,60.4025728288988,3797,4,stroke_kai
1591,53.51326307119596,52.771468613505185,3921,4,stroke_kai
1592,48.1414066282477,49.86930094134689,3434,3,stroke_nan
1593,47.12932966603809,40.211507422873076,3667,3,stroke_nan
1594,55.33399117280337,47.98871060997736,3987,4,stroke_kai
1595,51.386755872270314,44.066160316184465,3579,3,stroke_nan
1596,44.399345412004436,40.774133017201365,3641,3,stroke_nan
1597,42.96216922785408,31.383952086398782,3786,3,stroke_nan
1598,42.473804678523884,38.7879056363308,3663,3,stroke_nan
1599,31.858055287100832,36.05112192460491,2738,2,octagram
1600,36.96330898850624,40.62145779262932,3625,3,stroke_nan
1601,29.21601842172136,38.79926637360352,1936,1,inner_ring
1602,31.44688887129603,39.19340146240737,2730,2,octagram
1603,38.10046065183798,45.30087694039801,3570,3,stroke_nan
1604,40.10133740914518,52.71203069193192,3360,3,stroke_nan
1605,36.73773830714528,39.40242227692621,3672,3,stroke_nan
1606,28.813169888020187,38.19134662462784,1939,1,inner_ring
1607,23.657547967578438,36.254035217001565,5370,5,text_en_1919
1608,35.53215740204057,26.389780990003658,1992,1,inner_ring
1609,35.819871525880416,23.946841362316807,2000,1,inner_ring
1610,43.70280553201293,19.596707375392537,5486,5,text_en_1919
1611,43.42397393550497,24.72185480728362,2895,2,octagram
1612,48.00188729422983,25.85276334356595,2924,2,octagram
1613,48.159005216855654,28.013324876208173,2933,2,octagram
1614,52.00782534900713,35.112526132163566,3762,3,stroke_nan
1615,50.684034676732026,41.969693474600454,3618,3,stroke_nan
1616,54.26839936100123,51.509181525234844,3936,4,stroke_kai
1617,56.65750445188459,41.0766349408055,4128,4,stroke_kai
1618,63.604390402612765,46.07575133694424,4044,4,stroke_kai
1619,63.08684684820882,43.09491228365733,4113,4,stroke_kai
1620,63.24798372377183,45.72982521123444,4063,4,stroke_kai
1621,65.9427103808534,53.709821794329,3918,4,stroke_kai
1622,75.04540503128688,53.6338213182271,3264,2,octagram
1623,70.45999797673977,61.29049350204342,2261,2,octagram
1624,67.56480374148853,66.96704370328753,2309,2,octagram
1625,72.4501108287534,65.07677318898325,1678,1,inner_ring
1626,46.6049265862859,75.80107852418209,1796,1,inner_ring
1627,45.72015421111998,83.95078791390804,4352,5,text_en_1919
1628,51.34561443626939,85.85703367595596,300,0,outer_ring
1629,50.41032486122145,87.71332183279434,323,0,outer_ring
1630,55.036769446234985,89.92196156645441,191,0,outer_ring
1631,56.70732000501874,89.60405687605859,151,0,outer_ring
1632,55.80274201205637,89.00287728317471,173,0,outer_ring
1633,54.76034617804668,78.16760303458406,1756,1,inner_ring
1634,54.76024581077844,77.57925169756217,1755,1,inner_ring
1635,47.97816970492603,71.54472858217608,2455,2,octagram
1636,47.37686249858604,72.48069784147413,2465,2,octagram
1637,27.97254839678825,58.79400827166236,2614,2,octagram
1638,31.1343634591535,57.767049587937606,2598,2,octagram
1639,30.773952226360457,61.2524823148933,1859,1,inner_ring
1640,53.72208498152121,94.0482539539612,216,0,outer_ring
1641,63.51257725645779,93.40569370949336,56,0,outer_ring
1642,64.20108625807019,92.50283805277519,50,0,outer_ring
1643,66.983987062027,93.75337892809094,29,0,outer_ring
1644,68.75271160272176,82.76338136840408,4507,5,text_en_1919
1645,67.59850868733668,77.3135697088484,2346,2,octagram
1646,69.7748683819353,81.03605946511553,4627,5,text_en_1919
1647,73.6291656394373,76.8219205774671,4705,5,text_en_1919
1648,78.75181576491144,72.35105017327824,4737,5,text_en_1919
1649,78.7324720153899,69.1294863496483,4786,5,text_en_1919
1650,80.4049269472406,59.58426901581326,2209,2,octagram
1651,83.76438118634708,58.04360668004059,4935,5,text_en_1919
1652,81.3924856695458,57.1647980941003,1647,1,inner_ring
1653,87.24943769417834,48.323320444731344,5141,5,text_en_1919
1654,83.8326826849886,46.469663359699204,2207,1,inner_ring
1655,81.5826663596842,47.04027991429456,1614,1,inner_ring
1656,82.28383168315277,41.10191092612184,2188,1,inner_ring
1657,91.31057858734762,49.99535764053733,5048,5,text_en_1919
1658,94.13619569525747,39.751376352204566,5289,5,text_en_1919
1659,93.53351889981892,38.92514271240824,5349,5,text_en_1919
1660,56.57299353630918,44.975288911180385,4045,4,stroke_kai
1661,59.301534976673295,34.08023589589855,4262,4,stroke_kai
1662,65.29093953169841,40.67629176364925,4153,4,stroke_kai
1663,62.59272527472296,36.2976676749381,4234,4,stroke_kai
1664,63.9674939158816,21.874830328941165,3016,2,octagram
1665,65.06150551805608,23.34369680193361,3030,2,octagram
1666,72.79776981655385,25.455877614829483,2141,1,inner_ring
1667,70.26939069754512,36.100802578967844,3128,2,octagram
1668,71.83158995199767,27.41265615851269,2148,1,inner_ring
1669,63.82109661655092,16.171376237311495,5561,5,text_en_1919
1670,63.48312354240671,19.123684978939323,2089,1,inner_ring
1671,58.588456418211734,13.761999949899618,5665,5,text_en_1919
1672,58.10339621007507,14.815244882580684,5657,5,text_en_1919
1673,54.34164420921241,22.54539127712655,2064,1,inner_ring
1674,54.03541059165504,8.15462506364592,1108,0,outer_ring
1675,47.6498757909928,5.3812749059362925,864,0,outer_ring
1676,48.843026080132375,10.257294211091127,878,0,outer_ring
1677,46.76340282079911,9.374374735454833,805,0,outer_ring
1678,51.791107426276774,7.308963785288465,1019,0,outer_ring
1679,52.03235800638115,7.520463139191783,1026,0,outer_ring
1680,58.144526145734304,15.206378326092043,5648,5,text_en_1919
1681,57.22903828657802,8.100691235928592,1212,0,outer_ring
1682,50.893219190522984,7.443978732499389,983,0,outer_ring
1683,48.331021754086144,5.772807633863504,877,0,outer_ring
1684,49.377701002216305,7.633131797580897,919,0,outer_ring
1685,45.23030510411502,8.70082844335678,772,0,outer_ring
1686,51.56923688353971,5.372932395515408,1013,0,outer_ring
1687,52.8932730823073,7.366422225371349,1060,0,outer_ring
1688,58.51218740020529,8.6989872831301,1250,0,outer_ring
1689,62.57276205769445,7.290697125235755,1337,0,outer_ring
1690,64.82490099438216,7.27793587516953,1400,0,outer_ring
1691,68.53936488457477,8.036953099189294,1507,0,outer_ring
1692,72.51155507733793,10.58281750412672,1568,0,outer_ring
1693,73.71618031142026,9.399888768605951,1578,0,outer_ring
1694,71.85651912181942,9.20853301152475,1559,0,outer_ring
1695,65.98856149571097,4.69641476334857,1423,0,outer_ring
1696,66.6069409719715,5.053805212809674,1441,0,outer_ring
1697,69.46471569128428,7.835723352363451,1525,0,outer_ring
1698,45.42334483299379,20.464762974576256,5459,5,text_en_1919
1699,40.03587034555237,26.708750347683353,2866,2,octagram
1700,92.98109464473573,45.856086175359394,5135,5,text_en_1919
1701,48.63625949580658,96.5599400210443,347,0,outer_ring
1702,49.92314887159456,90.72353165018554,327,0,outer_ring
1703,45.31012853348174,94.25815447489404,455,0,outer_ring
1704,53.30174929405952,93.00529289423633,233,0,outer_ring
1705,51.161380600515045,91.93668759980561,288,0,outer_ring
1706,48.81790727083094,90.43140331255277,364,0,outer_ring
1707,44.263445263411455,87.92320851428182,518,0,outer_ring
1708,42.94129898390575,87.81028720444468,540,0,outer_ring
1709,40.64237712207889,87.17700202603902,576,0,outer_ring
1710,34.06147922855277,71.06225525385082,1821,1,inner_ring
1711,34.446511579363424,73.07576490841305,1815,1,inner_ring
1712,33.86678564074478,66.68615171704963,1829,1,inner_ring
1713,28.912342378399963,73.61630148260488,4706,5,text_en_1919
1714,24.76956991193909,70.31625386517611,4736,5,text_en_1919
1715,23.284314284373977,61.70092086004313,4914,5,text_en_1919
1716,25.874656942907567,55.69373217805244,1880,1,inner_ring
1717,20.787609343419362,50.17480992446916,5136,5,text_en_1919
1718,24.824834217924366,50.097197693618355,5122,5,text_en_1919
1719,31.94813293136575,53.64722191489298,2634,2,octagram
1720,33.525366016657145,48.08560123712563,2674,2,octagram
1721,40.06433093832174,59.924926412359184,2542,2,octagram
1722,42.558753267359,53.151184149431614,3382,3,stroke_nan
1723,43.83287561455101,62.842552252317525,2520,2,octagram
1724,45.8370630917738,58.72655387930754,3298,3,stroke_nan
1725,52.35572457797012,58.8476455362569,3307,3,stroke_nan
1726,51.97806802023847,56.589695452074245,3320,3,stroke_nan
1727,57.569568039058254,56.697081988194014,3850,4,stroke_kai
1728,58.14457908470059,55.537322395414414,3860,4,stroke_kai
1729,58.698262171383625,74.4935062211341,1744,1,inner_ring
1730,62.149071056466255,68.73141765497307,2362,2,octagram
1731,63.26307775929353,69.7639676971492,2334,2,octagram
1732,58.4266102433732,53.756243196653884,3908,4,stroke_kai
1733,57.96991501339478,51.4390191343334,3919,4,stroke_kai
1734,48.039879144014215,48.64644086786772,3450,3,stroke_nan
1735,45.136013257666264,43.25970297743492,3598,3,stroke_nan
1736,50.72611927663714,42.4518125335874,3605,3,stroke_nan
1737,48.34461219608499,46.00594034598826,3541,3,stroke_nan
1738,46.85597033961959,45.92242728787838,3546,3,stroke_nan
1739,41.73845150630014,43.826995467563734,3554,3,stroke_nan
1740,39.034562378201045,39.30481825923238,3661,3,stroke_nan
1741,31.458865020339044,29.18629129941605,1969,1,inner_ring
1742,34.94378317777817,33.651861437886545,2781,2,octagram
1743,26.883403570984022,42.95603230980698,5269,5,text_en_1919
1744,38.30615568025614,44.79373920456555,3571,3,stroke_nan
1745,31.085801884547095,46.284668066969786,1915,1,inner_ring
1746,34.8386022823363,55.3238068801948,2573,2,octagram
1747,25.98499393660564,39.70294963660935,5301,5,text_en_1919
1748,30.494489701687417,32.898540125867264,2756,2,octagram
1749,24.135881565071784,33.86822258291788,5384,5,text_en_1919
1750,31.73862092048751,25.696546247862347,5424,5,text_en_1919
1751,36.94930086200981,25.435613658800605,2001,1,inner_ring
1752,42.98002608643301,28.69223316657833,2848,2,octagram
1753,46.06743355735854,33.0570956230027,3780,3,stroke_nan
1754,49.47151043846051,25.82140981438259,2934,2,octagram
1755,51.03489401702063,33.654993549522835,3769,3,stroke_nan
1756,49.45441533056528,32.666105673327884,3779,3,stroke_nan
1757,51.505032742959415,39.29671524714811,3694,3,stroke_nan
1758,54.366559986129204,42.62627902749446,4096,4,stroke_kai
1759,56.70396657954867,39.08794931927827,4211,4,stroke_kai
1760,64.22391920129161,43.87512664959569,4105,4,stroke_kai
1761,66.97780061076418,43.00739939790059,4135,4,stroke_kai
1762,64.45003312138812,39.86723853022968,4172,4,stroke_kai
1763,60.060138945502366,47.921403797898215,3998,4,stroke_kai
1764,71.78099607405547,53.7789639076416,3255,2,octagram
1765,73.6558335121116,60.065544490535686,2233,2,octagram
1766,75.4839564067011,55.57854793882035,3273,2,octagram
1767,73.64536272524023,66.48809868526448,1679,1,inner_ring
1768,49.528042345475455,78.81287279302974,4567,5,text_en_1919
1769,47.97913874828037,85.17764731029962,426,0,outer_ring
1770,57.819670838448936,85.01925200558782,4369,5,text_en_1919
1771,52.66610308282375,93.66485883620216,246,0,outer_ring
1772,57.478960169756085,92.69670662837993,137,0,outer_ring
1773,58.87401264163269,92.75106574563534,112,0,outer_ring
1774,62.332775732575506,79.42282972657543,4636,5,text_en_1919
1775,49.46602137293761,80.29168481762234,4517,5,text_en_1919
1776,47.08325757069901,72.72155103168261,2469,2,octagram
1777,46.08537966666247,74.46025516431442,2476,2,octagram
1778,45.783878229456874,75.01408852466898,2478,2,octagram
1779,30.014118972162272,59.35000605557537,2605,2,octagram
1780,31.676126102633454,58.702546659103675,2587,2,octagram
1781,41.817845959504275,60.1109544478754,2536,2,octagram
1782,59.66958142601951,95.97365120523546,107,0,outer_ring
1783,58.76505105244558,92.17864739694546,114,0,outer_ring
1784,60.424975376426254,94.322862355313,94,0,outer_ring
1785,66.27057272880576,92.40476198027356,35,0,outer_ring
1786,71.31472780987528,93.63552284168541,6,0,outer_ring
1787,72.86857642724274,82.73601742855027,4574,5,text_en_1919
1788,66.16023594955206,81.90052872043486,4543,5,text_en_1919
1789,72.93895549075044,74.31646333814791,1707,1,inner_ring
1790,76.04148360329947,78.67156488250885,4659,5,text_en_1919
1791,76.0821362964002,73.57325403871678,4733,5,text_en_1919
1792,83.86933384513704,71.63457389278004,4758,5,text_en_1919
1793,80.13088283734598,61.80408997463813,1654,1,inner_ring
1794,83.30913574576941,54.50412430368502,1642,1,inner_ring
1795,80.10013800155626,48.23936270237614,1619,1,inner_ring
1796,83.96952596200708,57.58070073263068,4947,5,text_en_1919
1797,90.77601300685643,53.92257262408122,5014,5,text_en_1919
1798,85.00433654986671,45.80571494404727,2203,1,inner_ring
1799,88.72985513937246,39.03136990140937,5336,5,text_en_1919
1800,98.51824474538219,40.70289307418335,5251,5,text_en_1919
1801,88.1965393771907,38.74891379300797,5341,5,text_en_1919
1802,55.99817186065267,46.50014920597276,4014,4,stroke_kai
1803,62.82938218966198,38.65001390712693,4196,4,stroke_kai
1804,63.747123303650056,27.196857214889064,3060,2,octagram
1805,62.14576952733849,31.12613339280661,3081,2,octagram
1806,60.32316845499386,22.67216555221992,2991,2,octagram
1807,64.70021397728365,26.047809116441208,3053,2,octagram
1808,67.91641002671253,27.332532789673746,3072,2,octagram
1809,76.62277035534969,19.247684981401346,5426,5,text_en_1919
1810,66.48336807788066,24.54314092272773,3042,2,octagram
1811,66.88433122195988,25.649992656095726,3057,2,octagram
1812,62.437156454740936,18.335826509872803,5492,5,text_en_1919
1813,63.79605144500105,25.460387439271358,3043,2,octagram
1814,57.6660073417619,10.098538253621697,1228,0,outer_ring
1815,53.79203510929968,20.528136154286805,2062,1,inner_ring
1816,51.60540482936723,17.218034233804914,5553,5,text_en_1919
1817,52.34498733237788,16.75180753659444,5541,5,text_en_1919
1818,46.99927644595443,7.316885480763131,828,0,outer_ring
1819,49.451800410126744,12.23096114523057,901,0,outer_ring
1820,47.65727597340141,11.674266306197078,826,0,outer_ring
1821,52.30409645136559,10.281923178050102,1036,0,outer_ring
1822,60.34028161576553,10.297736515903942,1300,0,outer_ring
1823,57.25464801909976,9.632198031526048,1219,0,outer_ring
1824,56.425808588206884,11.308633753080668,1188,0,outer_ring
1825,48.09742326659606,9.972018930352341,859,0,outer_ring
1826,48.734218699037605,5.005545679261863,899,0,outer_ring
1827,47.91303798091039,5.568684905330404,869,0,outer_ring
1828,47.52387519750005,7.781706447397244,843,0,outer_ring
1829,50.536862572883265,7.3458624272406405,967,0,outer_ring
1830,56.98304199746888,9.529327373522847,1206,0,outer_ring
1831,58.864531694678625,6.746801107661422,1258,0,outer_ring
1832,60.461706035864864,7.550772245435323,1297,0,outer_ring
1833,62.103224855329714,8.817012835380856,1332,0,outer_ring
1834,64.12456811296087,7.20691963795211,1373,0,outer_ring
1835,72.65048153408826,14.517552416957233,5545,5,text_en_1919
1836,73.12878763154153,10.217702909997278,1572,0,outer_ring
1837,71.42500968121409,7.433053527291497,1550,0,outer_ring
1838,65.9672226486972,7.595546888166899,1436,0,outer_ring
1839,68.58237905796253,9.742967938685252,1519,0,outer_ring
1840,46.92098267241781,20.925630362737664,2040,1,inner_ring
1841,39.99907916705644,21.920845743948966,5444,5,text_en_1919
1842,94.88611108839643,43.4114036329491,5225,5,text_en_1919
1843,52.22089673962269,92.4505110141143,261,0,outer_ring
1844,45.21498308176864,94.25293861506192,458,0,outer_ring
1845,42.37579670554845,91.90276992260603,530,0,outer_ring
1846,55.98670733571508,93.18764401323277,166,0,outer_ring
1847,51.25704411256309,92.47819696265746,283,0,outer_ring
1848,44.55264998256114,92.70400863984726,477,0,outer_ring
1849,44.81739442904966,88.59528670685006,499,0,outer_ring
1850,39.91193145650032,86.53424352651746,593,0,outer_ring
1851,43.50066053467103,86.16878801290414,535,0,outer_ring
1852,40.22412922812724,84.37049043179172,597,0,outer_ring
1853,30.002262541977156,75.72010965691143,4671,5,text_en_1919
1854,29.69931303470134,79.63710772866504,674,0,outer_ring
1855,25.298927125901482,74.68304964305688,683,0,outer_ring
1856,23.504362806939305,68.90605677544362,4744,5,text_en_1919
1857,25.331809388851454,64.43587102142678,4819,5,text_en_1919
1858,21.21752758166796,56.85357993042496,4991,5,text_en_1919
1859,28.349548767511546,49.12402083289089,1903,1,inner_ring
1860,27.908414278711394,55.36454289111862,1879,1,inner_ring
1861,31.30647753314537,50.93401139635718,2652,2,octagram
1862,33.89996878242865,52.36723232283927,2648,2,octagram
1863,32.728196150112,65.27171799735274,1834,1,inner_ring
1864,39.39553123869976,60.08239976280587,2541,2,octagram
1865,41.502650716614774,49.50699254841406,3436,3,stroke_nan
1866,45.007448646487006,54.6372512987631,3348,3,stroke_nan
1867,52.72386545738527,60.98981890337445,2414,2,octagram
1868,54.06914094117639,50.70818645336492,3939,4,stroke_kai
1869,58.88954606381155,58.73765746191143,3805,4,stroke_kai
1870,58.80129666461032,58.96224081805815,3806,4,stroke_kai
1871,55.23445687697408,69.47538396319663,2401,2,octagram
1872,64.01598727190375,74.24039000975469,1728,1,inner_ring
1873,61.789129165132934,73.17264753065398,1737,1,inner_ring
1874,60.942502269277526,52.69736570751014,3907,4,stroke_kai
1875,59.716216318889714,53.2831597824654,3903,4,stroke_kai
1876,52.88547606083429,51.20578806789606,3451,3,stroke_nan
1877,46.988452362332445,38.07508124172662,3695,3,stroke_nan
1878,49.04444401385318,40.19046238002446,3660,3,stroke_nan
1879,52.40711602448312,52.345338767924396,3404,3,stroke_nan
1880,47.91907218002099,35.761026471472974,3758,3,stroke_nan
1881,43.86085148208454,35.161401995023596,3753,3,stroke_nan
1882,37.9747948116018,29.518514122680273,2834,2,octagram
1883,30.665912585030192,31.398595621311543,1956,1,inner_ring
1884,31.035030753978706,31.264115820491934,1957,1,inner_ring
1885,29.132997374577847,37.82328048742481,1940,1,inner_ring
1886,32.29551290047891,41.23127516824789,2715,2,octagram
1887,40.26734187486017,41.69054920594471,3640,3,stroke_nan
1888,41.32319022348808,50.604595555847844,3424,3,stroke_nan
1889,28.301455219832334,38.62840723635922,1935,1,inner_ring
1890,23.432806177563695,34.44714443611986,5374,5,text_en_1919
1891,30.718313762177292,27.92977327300707,1973,1,inner_ring
1892,31.706911324580616,26.14354688428495,5416,5,text_en_1919
1893,40.209813509210065,26.920646572296814,2862,2,octagram
1894,39.9094327178483,27.133400916222534,2860,2,octagram
1895,46.498348711339496,22.807732023486157,2038,1,inner_ring
1896,49.50102264940412,28.179284149877077,2941,2,octagram
1897,54.43051396736884,25.616410003462885,2971,2,octagram
1898,52.62306071216383,36.61697078736822,3739,3,stroke_nan
1899,55.31095175495611,40.695476981188555,4143,4,stroke_kai
1900,53.80735734291789,44.59497966961946,4067,4,stroke_kai
1901,57.032645833460705,43.35705966485314,4082,4,stroke_kai
1902,61.21143700777058,45.47109369853585,4055,4,stroke_kai
1903,65.54322805182746,46.65696001687894,4036,4,stroke_kai
1904,70.93974781724849,42.48634920429727,3199,2,octagram
1905,70.14585493603279,49.50742064531322,3232,2,octagram
1906,75.73077699793924,53.08810161411574,3260,2,octagram
1907,73.89693896301377,51.88432021519553,3250,2,octagram
1908,71.25783418020941,61.66184166445563,2251,2,octagram
1909,66.63358104251894,68.48482823279302,2317,2,octagram
1910,49.10945816578936,75.13176432640739,1785,1,inner_ring
1911,46.605350923313914,83.58252390739455,4349,5,text_en_1919
1912,53.4319241961008,86.71904001358364,238,0,outer_ring
1913,50.09368623006679,91.90806627931015,318,0,outer_ring
1914,56.02576485804123,89.5187643498728,164,0,outer_ring
1915,56.064740194763985,91.18189325379113,163,0,outer_ring
1916,58.53789714517549,83.6574544694552,4425,5,text_en_1919
1917,52.83951374881645,79.53049383128382,4541,5,text_en_1919
1918,49.961533260561616,81.10715043544225,4473,5,text_en_1919
1919,45.67745217452265,81.73346227464144,4433,5,text_en_1919
1920,50.86699568988003,81.55988589886297,4469,5,text_en_1919
1921,27.154175759852762,61.09012920333634,4919,5,text_en_1919
1922,37.4269814809057,66.76034882748829,2512,2,octagram
1923,29.431782239859064,64.83055607963692,4829,5,text_en_1919
1924,58.638602672968325,95.03346440072652,117,0,outer_ring
1925,58.31983113642232,90.01123436374839,120,0,outer_ring
1926,66.68440320654028,93.29492788209441,31,0,outer_ring
1927,69.11531557114688,91.5437815763837,13,0,outer_ring
1928,67.35131295164983,77.25640463646909,1725,1,inner_ring
1929,69.70135853933658,86.4190884216934,4376,5,text_en_1919
1930,72.05612641503126,86.83416866067823,4410,5,text_en_1919
1931,75.51612926108206,81.38239640732,4617,5,text_en_1919
1932,72.3082960801067,70.63781401674169,1698,1,inner_ring
1933,76.614379933701,73.14301808071903,4746,5,text_en_1919
1934,80.26133724825918,58.078490039474836,3287,2,octagram
1935,80.63977700062253,56.78950189880361,3283,2,octagram
1936,84.26493140540613,54.31120002245987,4986,5,text_en_1919
1937,83.2239362178206,47.42969258738935,1615,1,inner_ring
1938,87.67293242075672,46.02805622068714,5191,5,text_en_1919
1939,80.60480836436966,52.178278185288164,1633,1,inner_ring
1940,87.23090148453652,50.219132282676384,5055,5,text_en_1919
1941,92.64588403052026,38.21759592759627,5345,5,text_en_1919
1942,93.6207324501788,35.5492518999988,5353,5,text_en_1919
1943,84.56283342587871,36.392916116586726,2173,1,inner_ring
1944,57.14064260233571,47.26378125141096,4010,4,stroke_kai
1945,58.35437351775523,35.34600315556934,4250,4,stroke_kai
1946,60.02352919929287,35.764302508587704,4240,4,stroke_kai
1947,68.83965398018489,34.30313679593902,3120,2,octagram
1948,60.256709608316015,25.358210604695458,2988,2,octagram
1949,67.17715672374118,29.713981008549833,3099,2,octagram
1950,69.63700185154669,24.13718418743524,2126,1,inner_ring
1951,81.82324913914621,25.66663110277387,5413,5,text_en_1919
1952,65.73419673452194,29.83399807164325,3078,2,octagram
1953,67.38118956098417,18.428965055237633,5436,5,text_en_1919
1954,60.51480618538725,15.00156800607164,5653,5,text_en_1919
1955,56.77204301981624,8.458934905126362,1196,0,outer_ring
1956,59.63256627857928,17.180600656971333,5586,5,text_en_1919
1957,53.63242043149617,16.314214670679775,5554,5,text_en_1919
1958,60.10562206681729,23.955596702756633,2992,2,octagram
1959,48.21704880450873,18.712361309695044,5463,5,text_en_1919
1960,51.090045496933236,10.174218002697794,989,0,outer_ring
1961,43.969210609680935,13.843001394888436,739,0,outer_ring
1962,49.990418732193,13.120551302326858,5677,5,text_en_1919
1963,50.08261779017185,10.743046889778961,940,0,outer_ring
1964,48.71932901974196,7.548151314529543,887,0,outer_ring
1965,53.59444952517835,11.74416406799823,1092,0,outer_ring
1966,56.41098265901937,14.408546780149877,5659,5,text_en_1919
1967,47.48349549212114,6.707782109809028,849,0,outer_ring
1968,46.13609494959395,9.965903146545122,786,0,outer_ring
1969,49.70906171569869,8.870156887937766,930,0,outer_ring
1970,49.56103118613207,3.3968240329575092,941,0,outer_ring
1971,55.60468797383525,8.932330766997165,1161,0,outer_ring
1972,56.86425859310192,9.020272469722263,1202,0,outer_ring
1973,60.11234792459355,6.634533323155317,1287,0,outer_ring
1974,62.60018584934977,5.118996144733547,1333,0,outer_ring
1975,64.54627846307595,6.75870671688376,1390,0,outer_ring
1976,67.40623507603298,6.110303197867728,1467,0,outer_ring
1977,82.35786043576574,18.439988501665336,1611,0,outer_ring
1978,70.5616449601576,10.740588843410459,1553,0,outer_ring
1979,64.90904486785442,7.699160838680565,1404,0,outer_ring
1980,65.85838307989204,9.361551458136214,1446,0,outer_ring
1981,61.26303531703962,8.60530146207087,1314,0,outer_ring
1982,37.58262489033629,24.048821207954745,2012,1,inner_ring
1983,40.077326485014524,32.76924640115506,2819,2,octagram
1984,92.80715713308471,38.96579569104383,5343,5,text_en_1919
1985,54.357925899035195,93.36938504096902,201,0,outer_ring
1986,46.559847630392404,89.68459131913521,447,0,outer_ring
1987,44.08006991528358,94.37245404145537,483,0,outer_ring
1988,48.885549910383105,96.09671146699714,343,0,outer_ring
1989,50.0159525290889,93.8843514404063,316,0,outer_ring
1990,46.989904002774104,91.73502780076083,420,0,outer_ring
1991,44.42128960213179,89.71858738524685,504,0,outer_ring
1992,42.47014883655348,88.12365251051062,548,0,outer_ring
1993,38.81886240349961,85.20218498025902,610,0,outer_ring
1994,37.484243112628675,87.74619704879824,614,0,outer_ring
1995,28.855716055450532,80.3822465619387,677,0,outer_ring
1996,37.31389906075167,70.43176392963086,1813,1,inner_ring
1997,26.270559478466176,65.88210744068985,4801,5,text_en_1919
1998,25.118833307172096,65.31207313042798,4815,5,text_en_1919
1999,22.715042031905522,61.59047366875876,4893,5,text_en_1919
2000,21.967527319870598,57.56093645863111,4974,5,text_en_1919
2001,21.858360552243816,50.420219111355145,5089,5,text_en_1919
2002,25.12540002355797,50.67349792442815,5109,5,text_en_1919
2003,29.91310540491378,51.3152074378178,1894,1,inner_ring
2004,30.58773071241673,51.345204382929474,2640,2,octagram
2005,32.219788378688314,51.927949654831835,2645,2,octagram
2006,38.541758103440436,50.64945763180692,3447,3,stroke_nan
2007,37.82302175718741,58.80445438389389,2554,2,octagram
2008,44.39584815387409,60.33614397955613,3292,3,stroke_nan
2009,48.195309626372335,55.32771399052495,3342,3,stroke_nan
2010,55.468859952297095,66.79474445453432,2408,2,octagram
2011,55.33085748940757,56.19228911350037,3844,4,stroke_kai
2012,57.54047593033366,57.66456145995843,3824,4,stroke_kai
2013,60.84267391617616,58.737324603083664,3818,4,stroke_kai
2014,57.15071582762279,71.5725591346917,1749,1,inner_ring
2015,59.46515255339635,66.73809217455818,2389,2,octagram
2016,57.609851115821904,61.04944206146767,3791,4,stroke_kai
2017,55.46559635747792,47.403368435208215,3988,4,stroke_kai
2018,55.138580144410064,42.52409960586308,4099,4,stroke_kai
2019,48.48698250867346,36.91640678545763,3720,3,stroke_nan
2020,49.59520170164961,41.27294652877367,3652,3,stroke_nan
2021,49.845126413435985,51.39685845011265,3428,3,stroke_nan
2022,46.0191859934213,36.31931900892694,3741,3,stroke_nan
2023,43.37065003033106,34.046487612415945,3760,3,stroke_nan
2024,34.81481734587989,31.14373910217345,2788,2,octagram
2025,34.917238342786504,32.61680615155163,2785,2,octagram
2026,30.879185427258403,39.60235898433298,2728,2,octagram
2027,24.888957553021505,39.63277121948701,5300,5,text_en_1919
2028,31.843105930484384,40.764025389234156,2717,2,octagram
2029,37.438417354060036,47.991021535211466,3512,3,stroke_nan
2030,38.178127458810664,48.66683584103623,3478,3,stroke_nan
2031,28.199677781873703,39.39560317777551,5309,5,text_en_1919
2032,29.617066929316746,34.249443469056274,2750,2,octagram
2033,26.609949842973585,41.375817394799654,5278,5,text_en_1919
2034,27.287263058971284,25.711456014879598,5421,5,text_en_1919
2035,37.7532103331489,17.191480441820996,5616,5,text_en_1919
2036,43.64831941773032,24.71922711035978,2894,2,octagram
2037,45.6507287065644,34.275293950411765,3768,3,stroke_nan
2038,43.64667720447763,27.053781888643677,2902,2,octagram
2039,55.48077583856426,25.53441609887829,2973,2,octagram
2040,52.5483520040047,29.365957731904725,2956,2,octagram
2041,52.79498396377958,38.31081208343415,3703,3,stroke_nan
2042,55.829898668973684,45.59526184719232,4034,4,stroke_kai
2043,57.33558215004413,47.62986488251336,4015,4,stroke_kai
2044,58.82374976943622,53.962624700490565,3896,4,stroke_kai
2045,61.76942711202365,46.69778229067115,4008,4,stroke_kai
2046,71.36243356699958,41.64307592994422,3191,2,octagram
2047,68.63780046232574,50.08198298199564,3227,2,octagram
2048,74.37345078656244,57.12300621951067,2227,2,octagram
2049,73.64852522401101,51.5853439835349,3245,2,octagram
2050,67.47406172391915,73.55212114117529,2344,2,octagram
2051,66.2314667984591,71.21645415231615,2335,2,octagram
2052,47.725956365910214,74.45994267631471,2470,2,octagram
2053,43.77142552859122,74.67684196495958,2485,2,octagram
2054,54.26461453437539,83.3789443410262,4384,5,text_en_1919
2055,56.24973845320756,85.75034649953726,4302,5,text_en_1919
2056,55.75177481165964,87.82489589198492,176,0,outer_ring
2057,55.37079716919799,84.57190175414334,4324,5,text_en_1919
2058,55.695672725649295,84.8886887256214,4351,5,text_en_1919
2059,55.62820552164809,80.06640433771032,4568,5,text_en_1919
2060,52.488617005786736,80.92914282314005,4480,5,text_en_1919
2061,43.89227515130089,70.29639856226771,2491,2,octagram
2062,48.04829667884457,70.95705766759225,2456,2,octagram
2063,38.308425594954294,70.31095645718412,2497,2,octagram
2064,29.284410692914882,62.232999595365,1858,1,inner_ring
2065,31.23223627335756,67.50089203492223,1832,1,inner_ring
2066,55.4929332718611,95.69712724898274,182,0,outer_ring
2067,61.477505488887246,96.60017539132812,82,0,outer_ring
2068,60.89414311912609,90.7046668711288,84,0,outer_ring
2069,71.85554502296134,87.94804880262512,4391,5,text_en_1919
2070,67.58931852363986,91.6945183276372,22,0,outer_ring
2071,72.83124424118392,83.12981386649356,4532,5,text_en_1919
2072,72.41029786674234,77.35371194694366,4680,5,text_en_1919
2073,75.05266177087111,77.18093360507174,4695,5,text_en_1919
2074,75.88814108663692,72.88779048536992,4735,5,text_en_1919
2075,78.49346059646031,65.4507770107895,1666,1,inner_ring
2076,78.58880499822243,65.39452374841451,1664,1,inner_ring
2077,86.82311844273657,57.44730596412688,4941,5,text_en_1919
2078,83.26437279822169,58.68304450980645,4924,5,text_en_1919
2079,86.30181713323765,52.60178250196122,5030,5,text_en_1919
2080,88.00221275473629,48.07983958056663,5146,5,text_en_1919
2081,89.20361061240752,43.46727653698923,5229,5,text_en_1919
2082,89.86373970026851,51.660421194587556,5027,5,text_en_1919
2083,94.30867360829137,50.24794928492422,5044,5,text_en_1919
2084,92.0901654999229,46.44908456830467,5116,5,text_en_1919
2085,90.73872645662094,54.055474110824655,5011,5,text_en_1919
2086,57.6111202457625,39.003834939078395,4192,4,stroke_kai
2087,59.34724731357911,45.03369807783148,4049,4,stroke_kai
2088,64.46761400673897,31.098410375685436,3084,2,octagram
2089,68.95196533111684,30.74638442878054,3115,2,octagram
2090,65.49545512124728,28.856176548603568,3074,2,octagram
2091,64.80093199831794,20.26156756151407,3019,2,octagram
2092,79.0054903130899,34.136171550277425,3153,2,octagram
2093,72.91551050743007,22.029953837265094,2132,1,inner_ring
2094,68.06477627991838,23.07809927691459,2115,1,inner_ring
2095,66.28029017690871,23.493876593558745,3036,2,octagram
2096,62.91186704481866,17.637109264678646,5504,5,text_en_1919
2097,62.15931589163765,16.953338388719228,5529,5,text_en_1919
2098,57.406454477094826,11.312829422896863,1224,0,outer_ring
2099,52.274605315485914,22.305483195946653,2055,1,inner_ring
2100,56.42731142888279,21.77395286710805,2068,1,inner_ring
2101,45.11785439598872,11.562489534068764,758,0,outer_ring
2102,48.039649497118745,16.138203792200805,5601,5,text_en_1919
2103,44.412134893576024,10.35487801205734,752,0,outer_ring
2104,47.859448468982265,7.221518285343304,862,0,outer_ring
2105,48.206799952832476,15.701899938247651,5618,5,text_en_1919
2106,55.78586949987476,12.223855027334462,1172,0,outer_ring
2107,56.81011927959063,5.441249844447882,1191,0,outer_ring
2108,51.84625111447813,11.3307223703146,1017,0,outer_ring
2109,46.79980725720483,12.109706916124932,791,0,outer_ring
2110,45.36213483140961,4.883524978029069,789,0,outer_ring
2111,51.41391966564444,11.522935767911726,1001,0,outer_ring
2112,51.600232464133754,15.637273688160654,5608,5,text_en_1919
2113,52.256678877291066,6.506096586034154,1037,0,outer_ring
2114,55.85530571869502,7.891334716628733,1167,0,outer_ring
2115,57.93344250125327,9.484139977004094,1234,0,outer_ring
2116,61.824584063058836,12.143350548498345,1334,0,outer_ring
2117,65.17549841890306,7.217557179928968,1410,0,outer_ring
2118,72.79627058162774,13.578537037274863,5583,5,text_en_1919
2119,72.20990737480197,9.884893406618527,1563,0,outer_ring
2120,78.2292878425147,8.7429430211382,1599,0,outer_ring
2121,67.51732091704238,7.540888796909318,1484,0,outer_ring
2122,63.11552839746949,4.060140050409314,1343,0,outer_ring
2123,64.21410602591277,5.590654487182379,1368,0,outer_ring
2124,40.262376005357616,13.27491924171214,725,0,outer_ring
2125,38.2133815804379,24.742792149301245,2014,1,inner_ring
2126,85.34782042581199,37.522792727172565,2178,1,inner_ring
2127,52.15619366043959,90.05864221305163,269,0,outer_ring
2128,47.7505493225968,93.31572156297024,387,0,outer_ring
2129,43.65729693977297,87.00824279257111,531,0,outer_ring
2130,55.396117185086375,94.46524881371981,183,0,outer_ring
2131,51.857186585975306,95.99834398384981,266,0,outer_ring
2132,44.40330075104116,92.62967500193844,485,0,outer_ring
2133,41.41391167301176,92.37331209121608,545,0,outer_ring
2134,41.13839173693563,88.60706997853752,567,0,outer_ring
2135,38.93377094338595,87.31678484910664,600,0,outer_ring
2136,38.30836063027043,87.72362237195556,604,0,outer_ring
2137,38.04475005757424,70.03826541922051,2499,2,octagram
2138,30.7196998385341,72.16574802138834,4711,5,text_en_1919
2139,24.7826835742275,64.17883739777236,4841,5,text_en_1919
2140,23.318259674045574,60.89124270128262,4926,5,text_en_1919
2141,22.026872636697043,58.18261313965661,4968,5,text_en_1919
2142,21.32579911118916,59.382261863675375,4952,5,text_en_1919
2143,17.25828183156426,59.64996368687966,695,0,outer_ring
2144,24.316884824696928,50.17725195827506,5128,5,text_en_1919
2145,28.670474130744914,47.19047887651268,1911,1,inner_ring
2146,29.790030574832727,48.290543205349465,1908,1,inner_ring
2147,33.62745644927835,62.57799699807632,2566,2,octagram
2148,33.50704555614457,53.23754602329353,2638,2,octagram
2149,42.261059262254825,60.99077014431834,2531,2,octagram
2150,44.68918357411097,53.82994997615374,3383,3,stroke_nan
2151,52.720391369732184,55.21784744664886,3346,3,stroke_nan
2152,52.52420895934017,68.78174432744943,2428,2,octagram
2153,60.25260326338423,47.08156269732438,4011,4,stroke_kai
2154,60.62877668198762,55.28341469934667,3865,4,stroke_kai
2155,64.17395394100343,57.03875695860246,3831,4,stroke_kai
2156,63.36672056256162,71.1790662021081,2349,2,octagram
2157,54.99269203542614,64.71635119076424,2415,2,octagram
2158,57.6023088277501,52.60410415215258,3917,4,stroke_kai
2159,56.169153740327964,49.629375294956404,3976,4,stroke_kai
2160,51.14921797945543,47.743592719248674,3493,3,stroke_nan
2161,47.41358933624988,35.92228908075306,3731,3,stroke_nan
2162,45.192402804636494,42.183448569596315,3635,3,stroke_nan
2163,50.8948464204171,46.18673434256785,3507,3,stroke_nan
2164,44.6940084041835,34.48460921869461,3767,3,stroke_nan
2165,42.796136535202095,30.52512175401063,2835,2,octagram
2166,39.991653086265,42.795819128674644,3600,3,stroke_nan
2167,29.716278526360412,33.67475811891026,2752,2,octagram
2168,33.37428960974281,29.763877351297342,1975,1,inner_ring
2169,23.673116799987582,42.58179171579288,5295,5,text_en_1919
2170,35.70175623926582,44.84449977977329,3548,3,stroke_nan
2171,33.97101180620708,46.654913371177926,2681,2,octagram
2172,38.38898464807465,49.192087786970006,3467,3,stroke_nan
2173,24.436840467179824,35.48817068837907,5378,5,text_en_1919
2174,23.153531054013108,42.91992529319107,5290,5,text_en_1919
2175,28.237699652454474,35.982851995287255,5363,5,text_en_1919
2176,33.647146233132815,28.415602683091873,1982,1,inner_ring
2177,34.81198159827491,13.84390231952086,713,0,outer_ring
2178,41.83796872254164,24.75609661467191,2876,2,octagram
2179,42.436610492832436,24.716665444738172,2889,2,octagram
2180,53.933407960469744,27.472058152114496,2964,2,octagram
2181,49.41710441047972,23.188203263812547,2050,1,inner_ring
2182,55.03631517013463,29.533127415776473,2963,2,octagram
2183,56.67082332701819,35.45291661449873,4246,4,stroke_kai
2184,55.225234743457136,48.352236911535606,3985,4,stroke_kai
2185,57.34711493462377,43.25236208031528,4085,4,stroke_kai
2186,61.811771939216904,46.39228984424616,4016,4,stroke_kai
2187,72.7050517719239,52.45259505936902,3247,2,octagram
2188,74.50214038487854,39.63042361819207,3179,2,octagram
2189,75.28490453423603,40.44152319082492,3183,2,octagram
2190,72.76313707102967,53.97046882579557,3259,2,octagram
2191,79.6145926175499,58.24930013457673,3286,2,octagram
2192,71.11045056302918,57.05698700053311,2245,2,octagram
2193,66.46798845974781,68.9817434830151,2323,2,octagram
2194,52.68607159718176,84.22204833491791,4328,5,text_en_1919
2195,50.26629743651661,90.73727811108023,317,0,outer_ring
2196,51.90730598175547,84.9567597760856,4318,5,text_en_1919
2197,53.62385719210613,88.69097340155741,228,0,outer_ring
2198,57.22273635514506,92.56474697381145,141,0,outer_ring
2199,61.4232889386523,90.40667983609575,74,0,outer_ring
2200,54.16849306959025,79.308945039927,4560,5,text_en_1919
2201,53.04993615058226,79.10942019179177,4587,5,text_en_1919
2202,61.49127119222131,81.58432280467746,4565,5,text_en_1919
2203,54.291356638935184,74.29475833146299,1758,1,inner_ring
2204,46.14075780975009,75.95510803181001,1798,1,inner_ring
2205,25.47100086512081,65.20436423843354,4806,5,text_en_1919
2206,30.341461073575562,65.3706485219097,4798,5,text_en_1919
2207,35.16760063611206,63.74050897879274,2527,2,octagram
2208,51.99554393063762,93.71875755941781,267,0,outer_ring
2209,57.21314016166513,94.52128508363401,143,0,outer_ring
2210,61.33035910995532,92.92739722512187,79,0,outer_ring
2211,64.81358749083621,93.54681418433636,46,0,outer_ring
2212,71.32525325345544,87.32773694975566,4404,5,text_en_1919
2213,69.8949508471635,81.91896773121195,4573,5,text_en_1919
2214,72.35782474422143,81.1651995200862,4600,5,text_en_1919
2215,78.39170949497519,78.87602451325,4672,5,text_en_1919
2216,72.37985346963471,75.04593547869382,1710,1,inner_ring
2217,81.96882968136542,68.52329398204958,4814,5,text_en_1919
2218,82.34091970937084,59.73622136808193,4927,5,text_en_1919
2219,80.19248006407773,65.73624224042656,4845,5,text_en_1919
2220,79.71609557916469,60.02523070552418,2213,2,octagram
2221,83.15537913383318,53.35415853141665,1636,1,inner_ring
2222,86.20655565923802,59.11940244122612,4925,5,text_en_1919
2223,82.5249847335958,25.436588138773107,5406,5,text_en_1919
2224,91.63027869348483,46.76179289469104,5150,5,text_en_1919
2225,95.06080982394128,54.74922864176841,5012,5,text_en_1919
2226,97.07102876174157,45.381829642633804,5120,5,text_en_1919
2227,94.47567907135942,39.52787371690498,5297,5,text_en_1919
2228,60.83106200705249,37.67997609913414,4215,4,stroke_kai
2229,57.361796998211,40.35004187973995,4171,4,stroke_kai
2230,61.097272317950754,39.715371298035144,4179,4,stroke_kai
2231,74.24508366612461,38.273780263713526,3178,2,octagram
2232,64.07976803787534,25.673517409332124,3046,2,octagram
2233,65.08919943564808,36.03759186781025,4220,4,stroke_kai
2234,73.89667798924745,19.743026154607605,5417,5,text_en_1919
2235,78.2596532550629,24.45939746743142,5403,5,text_en_1919
2236,66.25037991188017,26.647635272560564,3064,2,octagram
2237,66.01894017516526,21.46690618927713,2099,1,inner_ring
2238,65.23986876978648,19.810748599058247,3021,2,octagram
2239,62.182071457959516,18.54831131491697,5484,5,text_en_1919
2240,58.86239135387789,17.050448251930085,5575,5,text_en_1919
2241,55.013098265021874,18.365607039804157,5490,5,text_en_1919
2242,50.91998281625041,14.992561550865506,5620,5,text_en_1919
2243,53.94851437614886,11.034607156993422,1107,0,outer_ring
2244,50.63545341513279,14.728836153061494,5614,5,text_en_1919
2245,44.79703012312966,9.232868911737937,762,0,outer_ring
2246,48.93361307590885,10.368473022260366,883,0,outer_ring
2247,52.77980954260213,13.051017711671767,1052,0,outer_ring
2248,57.989377090102316,8.560296607006164,1233,0,outer_ring
2249,54.70030136141841,2.7180315271281685,1130,0,outer_ring
2250,50.71026391786742,10.878196059978874,966,0,outer_ring
2251,49.072293050245136,8.049982124978042,903,0,outer_ring
2252,42.521533296734844,7.995335439502928,743,0,outer_ring
2253,47.368958187319954,5.358564248992208,853,0,outer_ring
2254,47.37716764727477,10.882306729217236,817,0,outer_ring
2255,58.99692949893839,8.320476783839776,1265,0,outer_ring
2256,56.105369584278456,10.101971392728075,1179,0,outer_ring
2257,61.684526743785604,7.085052382457393,1318,0,outer_ring
2258,60.74561032853255,8.86706602593013,1303,0,outer_ring
2259,65.28871876555658,5.817103728588153,1408,0,outer_ring
2260,73.83465783964164,9.782373314921328,1581,0,outer_ring
2261,71.92705473248067,13.180345403506493,5587,5,text_en_1919
2262,76.63782268420596,12.54383942296916,1604,0,outer_ring
2263,65.55086156249514,7.081480785050273,1422,0,outer_ring
2264,68.14569883857772,6.9381418096004515,1494,0,outer_ring
2265,68.5400854997353,8.388492516805064,1508,0,outer_ring
2266,43.95755062686342,17.326543507135955,5563,5,text_en_1919
2267,39.469339091484784,21.198131676300108,5446,5,text_en_1919
2268,85.97218579733708,39.05112251336381,2183,1,inner_ring
2269,50.620972185730544,95.55547052799334,293,0,outer_ring
2270,51.43165856779534,93.83817860815492,277,0,outer_ring
2271,46.9358645378831,89.95703993763576,431,0,outer_ring
2272,57.36929404552442,94.24156977946333,139,0,outer_ring
2273,49.56356824711733,92.42858688909722,331,0,outer_ring
2274,44.27809520460251,94.41633638953263,475,0,outer_ring
2275,43.930318355053586,91.21936180799382,508,0,outer_ring
2276,39.903533366597486,86.96886731810753,592,0,outer_ring
2277,40.933841428532176,79.7301026944044,4515,5,text_en_1919
2278,40.67874134189747,86.52174369110799,578,0,outer_ring
2279,33.63136332818683,73.09517330564485,1816,1,inner_ring
2280,30.90480382447061,77.23662934759237,4678,5,text_en_1919
2281,26.61807434944268,71.34564542358048,4728,5,text_en_1919
2282,22.942672512201536,65.52699478514488,4810,5,text_en_1919
2283,29.335259107299315,73.64107597410221,4715,5,text_en_1919
2284,22.43073805902591,59.06789267668889,4949,5,text_en_1919
2285,19.431451102309193,50.27039031383507,5117,5,text_en_1919
2286,25.235513772544518,51.45589521411151,5075,5,text_en_1919
2287,26.375217901785415,50.31085175222108,5078,5,text_en_1919
2288,33.41269942586903,50.451322765815625,2661,2,octagram
2289,35.4523853808745,50.163715721125556,2669,2,octagram
2290,40.17820540698655,52.123616939779026,3370,3,stroke_nan
2291,45.272945342308496,53.7424259988421,3367,3,stroke_nan
2292,47.68318133369819,60.403032818659334,3289,3,stroke_nan
2293,48.398278791446664,53.23111856676445,3393,3,stroke_nan
2294,50.222255646028145,54.76412502752529,3353,3,stroke_nan
2295,56.90770339496153,54.92999055060523,3868,4,stroke_kai
2296,57.977021673098434,51.349823868018646,3930,4,stroke_kai
2297,59.667770854945715,60.37553422727233,3799,4,stroke_kai
2298,62.1198333136368,71.90035503795063,2353,2,octagram
2299,61.32744930578657,61.24599155919014,3802,4,stroke_kai
2300,59.32330966529393,53.81958389293266,3871,4,stroke_kai
2301,57.0102374259686,48.57374311339418,3980,4,stroke_kai
2302,52.586524024724156,48.5477588813971,3460,3,stroke_nan
2303,45.05021656574156,41.384523174787475,3636,3,stroke_nan
2304,50.80134646275818,46.88045579202143,3504,3,stroke_nan
2305,51.916166571176525,48.21466307422994,3469,3,stroke_nan
2306,41.061592275095606,38.92144346371453,3649,3,stroke_nan
2307,37.65418314970575,41.18456438518848,3628,3,stroke_nan
2308,34.02871334975417,29.942274182029212,1979,1,inner_ring
2309,33.01838745126698,33.51146160950448,2766,2,octagram
2310,29.25591338781267,34.31184017178425,2751,2,octagram
2311,27.995289006628475,36.41326477816329,5368,5,text_en_1919
2312,32.89119819536942,45.86237120854864,2684,2,octagram
2313,34.91061670000946,46.08224578757524,2685,2,octagram
2314,38.830289726727685,46.83410504190802,3539,3,stroke_nan
2315,21.598832919785327,38.183122618542704,5326,5,text_en_1919
2316,26.551598114806307,31.465149645286978,5392,5,text_en_1919
2317,32.03252276765956,36.57199598247098,2740,2,octagram
2318,30.112206716584332,32.9339155282476,1951,1,inner_ring
2319,39.18518758636737,24.856950029799787,2873,2,octagram
2320,36.89594952050004,17.485279572255823,5627,5,text_en_1919
2321,42.52178799381072,28.20364237276988,2854,2,octagram
2322,48.28721233161312,30.204849793704096,2940,2,octagram
2323,50.8847204072525,32.69135581160726,3777,3,stroke_nan
2324,50.77991061502298,32.76656106707864,3773,3,stroke_nan
2325,52.99607830017191,37.22444701646146,3732,3,stroke_nan
2326,55.5981718776486,40.012778140036886,4174,4,stroke_kai
2327,54.74290811138213,37.96282480606341,4232,4,stroke_kai
2328,59.15611379820659,43.40507991425216,4089,4,stroke_kai
2329,75.83131876626197,38.946496197857726,3173,2,octagram
2330,69.30906297825511,48.04609942732688,3225,2,octagram
2331,62.989814819261376,42.552802915286506,4129,4,stroke_kai
2332,72.45260823278126,49.942751120743665,3240,2,octagram
2333,69.84984891308477,62.73002855305534,2271,2,octagram
2334,73.28310685873494,67.6839257337622,1683,1,inner_ring
2335,66.53475245525809,68.69490634050642,2320,2,octagram
2336,48.13490912543215,81.36522517051833,4457,5,text_en_1919
2337,48.1429128450842,81.03418789082927,4485,5,text_en_1919
2338,51.27839848377018,87.37003628870222,296,0,outer_ring
2339,53.240148378465285,93.79732691736324,235,0,outer_ring
2340,55.04543434371114,92.36617016092075,190,0,outer_ring
2341,62.187827124167306,86.20516503512083,4365,5,text_en_1919
2342,58.01108467524327,79.11591211595042,4583,5,text_en_1919
2343,54.16472395445442,78.27687921656536,1759,1,inner_ring
2344,51.33941473447134,86.3316171766834,299,0,outer_ring
2345,54.041697312428575,89.49052044430353,214,0,outer_ring
2346,48.16608191942655,75.25834313254373,1790,1,inner_ring
2347,29.466258158798112,64.6604288942184,4835,5,text_en_1919
2348,29.752432952742637,66.43442724718521,4797,5,text_en_1919
2349,39.4104702146746,70.63837326426618,2493,2,octagram
2350,54.30299332997189,94.27845046093694,202,0,outer_ring
2351,56.95794068355083,93.14224345366735,147,0,outer_ring
2352,59.38806081348088,97.09851487881261,110,0,outer_ring
2353,64.04322721384116,89.44976512011122,4303,5,text_en_1919
2354,70.65036793066255,88.309551750637,4356,5,text_en_1919
2355,71.70709378934225,83.49043329452203,4526,5,text_en_1919
2356,70.33063541976048,80.92031045704385,4637,5,text_en_1919
2357,69.64401445850335,75.7282799506097,1720,1,inner_ring
2358,78.12472368789881,73.60340769819976,4734,5,text_en_1919
2359,81.42981346272265,66.50254251093115,4822,5,text_en_1919
2360,84.08816872132263,70.25782526259977,4764,5,text_en_1919
2361,79.1520781836243,57.172031445899435,3284,2,octagram
2362,84.0974298258107,53.76867609340399,4992,5,text_en_1919
2363,86.77091261559966,54.59137062418035,4975,5,text_en_1919
2364,84.36175525965318,52.66717928875481,5053,5,text_en_1919
2365,84.55420068790193,39.85330664600627,2185,1,inner_ring
2366,82.76158957235444,39.951801255281794,2184,1,inner_ring
2367,91.2091934498001,46.10302657979821,5167,5,text_en_1919
2368,96.24343525514136,41.67934294426741,5242,5,text_en_1919
2369,93.6748750331445,43.549036391954544,5206,5,text_en_1919
2370,53.81868578234529,44.70912668725327,4065,4,stroke_kai
2371,55.76200272796709,24.83280722621623,2975,2,octagram
2372,63.14594243954908,36.605861305620365,4235,4,stroke_kai
2373,65.20593110921986,23.90190719955903,3037,2,octagram
2374,66.57753995341874,32.77534821965098,3101,2,octagram
2375,64.36798984423928,24.527837751939266,3038,2,octagram
2376,75.64741429093074,33.84696612248708,3148,2,octagram
2377,81.50452653741986,35.03494250164685,3152,2,octagram
2378,69.09379592473182,22.806724383920486,2120,1,inner_ring
2379,66.36562566135272,23.176043895973006,3031,2,octagram
2380,64.89879974350167,20.780208608076357,3022,2,octagram
2381,58.04608597421171,13.442160068016983,5667,5,text_en_1919
2382,56.866439951508795,19.66117408074727,2070,1,inner_ring
2383,56.19015670874997,14.972561079521286,5652,5,text_en_1919
2384,59.7803336802067,13.053330362856187,5676,5,text_en_1919
2385,51.55752736153058,8.672139036183907,1008,0,outer_ring
2386,48.411213164399236,11.804860931097949,861,0,outer_ring
2387,47.86762761045194,11.937428118401025,835,0,outer_ring
2388,44.168693643672015,8.17803854999445,756,0,outer_ring
2389,50.959936932269564,10.333036453397185,981,0,outer_ring
2390,52.56774799888024,8.390764734657509,1048,0,outer_ring
2391,57.76121540504259,6.531978719539015,1225,0,outer_ring
2392,51.06985073884481,13.011420380203488,978,0,outer_ring
2393,47.82055746266869,7.693595653437293,860,0,outer_ring
2394,48.97624718184823,9.670257789497656,889,0,outer_ring
2395,47.25894988346971,4.844612553023474,851,0,outer_ring
2396,48.75815367560397,5.013929221315498,902,0,outer_ring
2397,54.570406550173836,4.460661278517227,1127,0,outer_ring
2398,59.03369664219758,9.782137032975116,1272,0,outer_ring
2399,60.69382802051618,6.422974976864795,1299,0,outer_ring
2400,69.10159994623861,7.751505079796194,1518,0,outer_ring
2401,63.12044474703825,6.458615214148313,1350,0,outer_ring
2402,73.1260153649523,10.723616572843673,1576,0,outer_ring
2403,70.60429727579262,9.159077522914192,1546,0,outer_ring
2404,75.98505259235779,11.221599369635582,1598,0,outer_ring
2405,65.48580033148026,6.810341637948727,1419,0,outer_ring
2406,68.60759702531928,5.578847679262609,1496,0,outer_ring
2407,68.47655795630085,3.917397622474937,1486,0,outer_ring
2408,38.66154477144147,35.21339043115226,3715,3,stroke_nan
2409,38.49219298399451,23.57821545341332,2016,1,inner_ring
2410,82.74615549068015,35.97460730000997,3157,2,octagram
2411,50.82627594323937,92.26406060101814,297,0,outer_ring
2412,48.65447177626464,92.2722607742755,360,0,outer_ring
2413,44.82454426087591,94.83391252405065,461,0,outer_ring
2414,54.685662575731946,94.83758511278539,195,0,outer_ring
2415,47.841025310529055,92.5594992713246,388,0,outer_ring
2416,49.87514267445461,92.77760503471083,322,0,outer_ring
2417,39.288843029998986,78.87906540699062,1803,1,inner_ring
2418,44.41896207241992,85.34899559500703,524,0,outer_ring
2419,40.07352199621476,87.06540017260484,589,0,outer_ring
2420,37.114831605442426,84.79125746728606,625,0,outer_ring
2421,32.74441612837222,72.72428170765265,4704,5,text_en_1919
2422,31.558049001283898,78.38419142389174,671,0,outer_ring
2423,21.873752056858482,67.91450480988846,4753,5,text_en_1919
2424,23.97114122977654,63.97027494855505,4844,5,text_en_1919
2425,18.061428504042897,66.73771730885872,689,0,outer_ring
2426,22.210409418775463,55.951083082203155,4996,5,text_en_1919
2427,24.544333571063028,51.0829110991043,5102,5,text_en_1919
2428,26.897085322206483,53.62594587107203,1884,1,inner_ring
2429,29.055880125519007,49.835617474026854,1900,1,inner_ring
2430,31.36497908939485,50.38383862865326,2653,2,octagram
2431,33.81032027409215,59.13262322033568,2571,2,octagram
2432,42.9887491376576,47.12924200493667,3503,3,stroke_nan
2433,47.4980076276272,60.39726410549191,3291,3,stroke_nan
2434,45.3862317950658,58.998715757676756,3299,3,stroke_nan
2435,50.22111547029956,45.96113575384879,3526,3,stroke_nan
2436,55.3035537218171,52.388661555627834,3925,4,stroke_kai
2437,58.82390169744839,59.85549427400079,3798,4,stroke_kai
2438,57.957665297439895,53.8102443747686,3899,4,stroke_kai
2439,57.578680960902304,68.05104170966054,2395,2,octagram
2440,62.18041336261752,68.61766116434286,2363,2,octagram
2441,58.907695001526186,67.0448302087094,2391,2,octagram
2442,57.724010188919046,60.106386032653646,3793,4,stroke_kai
2443,59.290545146603016,57.20085182198385,3836,4,stroke_kai
2444,53.33768045023765,46.90781738044159,3490,3,stroke_nan
2445,46.32032036456145,41.14620187821078,3651,3,stroke_nan
2446,48.46647970698381,40.75881015276638,3643,3,stroke_nan
2447,46.18373950000434,43.16831618474615,3589,3,stroke_nan
2448,43.141170792214744,36.01409543520973,3744,3,stroke_nan
2449,43.755228336160755,28.206931347039514,2861,2,octagram
2450,39.10032453378173,28.64319767290133,2842,2,octagram
2451,36.25188306050542,30.495500508207968,2802,2,octagram
2452,33.712064616903234,35.95711374100354,2767,2,octagram
2453,20.14275754629805,35.87105792841179,5386,5,text_en_1919
2454,36.711182711559715,43.87262194083451,3591,3,stroke_nan
2455,42.89212834600957,48.32141545782362,3492,3,stroke_nan
2456,40.4778074241062,54.119609926038386,3332,3,stroke_nan
2457,21.018071320437308,37.9471143792721,5330,5,text_en_1919
2458,32.07131111779893,33.22459321104444,2762,2,octagram
2459,33.687076976960114,37.30889469695951,2731,2,octagram
2460,33.556831104827516,25.72154405921425,1988,1,inner_ring
2461,35.545768558278226,26.356801090789013,1993,1,inner_ring
2462,36.91096798150661,13.76736206488944,718,0,outer_ring
2463,41.81125886867185,20.785363588743767,5442,5,text_en_1919
2464,48.64605127533835,23.18076974192495,2045,1,inner_ring
2465,51.396001178369445,32.00010710265954,3778,3,stroke_nan
2466,50.28186905292082,45.65935897131761,3529,3,stroke_nan
2467,55.4232513302264,35.01359056595812,4269,4,stroke_kai
2468,55.50602861943667,45.33852026503365,4054,4,stroke_kai
2469,58.60186760951007,40.393445829784774,4169,4,stroke_kai
2470,62.001574302036026,51.403937943627724,3937,4,stroke_kai
2471,60.28361899754099,39.073659372276296,4204,4,stroke_kai
2472,66.08158113161886,36.621254506109075,4193,4,stroke_kai
2473,62.14500328032919,49.836060754629266,3963,4,stroke_kai
2474,72.81537602936777,52.05061395998546,3246,2,octagram
2475,70.04633560044134,64.93850170023038,2290,2,octagram
2476,70.66204067211339,62.30083798319783,2265,2,octagram
2477,61.96238013312874,73.12994624826445,1736,1,inner_ring
2478,43.65858263128727,78.37084671502737,4563,5,text_en_1919
2479,45.65601413294921,81.64357047145047,4463,5,text_en_1919
2480,53.766806402168555,89.09061402413508,224,0,outer_ring
2481,51.04434296415512,90.34418630107142,294,0,outer_ring
2482,58.051143027481615,89.91477785261132,126,0,outer_ring
2483,57.274434750602225,82.68367212943403,4482,5,text_en_1919
2484,56.59078024619236,85.19668952436467,4355,5,text_en_1919
2485,54.60813555245776,81.47289229533352,4487,5,text_en_1919
2486,48.36158220621877,76.02612934158381,1787,1,inner_ring
2487,45.986393344215784,76.49433651207619,1797,1,inner_ring
2488,44.914047837727345,80.13312774392209,4521,5,text_en_1919
2489,30.15267934994731,58.847163312022,2604,2,octagram
2490,29.919076927064793,59.49005165031358,2607,2,octagram
2491,29.34619417496125,58.56460017287916,2609,2,octagram
2492,61.903232024040896,91.3628921523515,66,0,outer_ring
2493,57.62644663332837,93.95701313329936,135,0,outer_ring
2494,62.79430749562872,94.38507420318442,61,0,outer_ring
2495,65.10061847739733,91.32799453762004,42,0,outer_ring
2496,72.57608537028398,86.14574101717153,4444,5,text_en_1919
2497,70.97240312158422,80.26561775602156,4644,5,text_en_1919
2498,68.91614346815157,77.06656032920931,1723,1,inner_ring
2499,75.37700605404982,75.03326130066733,4713,5,text_en_1919
2500,79.44163495927393,72.6203672276567,4720,5,text_en_1919
2501,82.56623591602649,78.18237411115999,4719,5,text_en_1919
2502,90.43366348499632,63.461734314577335,4884,5,text_en_1919
2503,84.03318953530494,57.57086117359258,4944,5,text_en_1919
2504,82.97319431447515,57.62396399455357,4969,5,text_en_1919
2505,88.08965542232701,55.4917181006728,4959,5,text_en_1919
2506,87.60882590803966,51.43622364975299,5046,5,text_en_1919
2507,81.25052162804494,45.54656660240908,2200,1,inner_ring
2508,91.81104706615903,49.52814582036675,5049,5,text_en_1919
2509,87.8852586281789,49.403202099678815,5062,5,text_en_1919
2510,95.28138931961402,41.30604537344694,5247,5,text_en_1919
2511,96.74511809257439,35.05377622683375,5391,5,text_en_1919
2512,56.29025201828207,41.7965699109814,4106,4,stroke_kai
2513,58.145325028934074,42.518018967469644,4097,4,stroke_kai
2514,61.201837115774346,34.26365728315197,4261,4,stroke_kai
2515,73.78990119394203,32.142123635204065,3139,2,octagram
2516,73.05969988893904,39.33432080436459,3184,2,octagram
2517,65.14045826505568,23.277687768215603,3029,2,octagram
2518,77.42520874391137,28.91194066425611,2160,1,inner_ring
2519,76.42546115001286,31.04925135346019,2163,1,inner_ring
2520,79.44006672683895,38.73836423644384,3164,2,octagram
2521,66.47656424454578,17.699377059796376,5447,5,text_en_1919
2522,59.827328012275906,17.388035189284977,5549,5,text_en_1919
2523,65.77770654825068,15.205578031178996,5572,5,text_en_1919
2524,57.617507848972586,2.5890622000382684,1214,0,outer_ring
2525,55.98579543947417,7.6153018091588685,1171,0,outer_ring
2526,52.94315626965995,12.006416418918093,1061,0,outer_ring
2527,45.327418824749024,12.277808761670526,760,0,outer_ring
2528,46.45425661330144,13.52045304852884,776,0,outer_ring
2529,42.98542709373799,12.125745656604604,733,0,outer_ring
2530,52.96138428536203,8.568497500717399,1064,0,outer_ring
2531,53.65591117808136,10.426109969225408,1096,0,outer_ring
2532,52.84083318633166,2.157655722209844,1059,0,outer_ring
2533,55.72111048161159,7.706198777082259,1164,0,outer_ring
2534,54.214886717577976,9.054835796119345,1114,0,outer_ring
2535,48.604645845669204,9.24879996793974,873,0,outer_ring
2536,49.45383321738141,10.37993532215093,909,0,outer_ring
2537,45.14121179354572,7.195601066139808,778,0,outer_ring
2538,55.110318660974535,8.053850742122473,1142,0,outer_ring
2539,53.04938126107058,5.44330116796698,1068,0,outer_ring
2540,59.34388246402691,8.05655146585694,1278,0,outer_ring
2541,58.37654596861237,9.054399780623527,1249,0,outer_ring
2542,59.941298398753645,8.34871352998434,1288,0,outer_ring
2543,62.57622090354204,7.088865636987542,1336,0,outer_ring
2544,70.57134768805041,11.169465415882664,1555,0,outer_ring
2545,72.50022776859839,9.886607161491902,1565,0,outer_ring
2546,75.49753479938403,9.248882707113069,1588,0,outer_ring
2547,63.87726916369153,4.085208986118947,1356,0,outer_ring
2548,67.74405190482024,3.4430731896226408,1463,0,outer_ring
2549,68.47821517130927,7.800170676714672,1504,0,outer_ring
2550,39.65608062913172,29.971175410111083,2833,2,octagram
2551,46.928820909436965,22.398694802686613,2039,1,inner_ring
2552,84.88705422197381,42.74275124762111,2193,1,inner_ring
2553,52.213220329691865,91.40475371769423,265,0,outer_ring
2554,47.69905177268799,90.71504647004532,404,0,outer_ring
2555,45.2019414033196,91.8536565129482,469,0,outer_ring
2556,54.668649166299986,89.67847044639034,197,0,outer_ring
2557,53.29795382341935,93.58955780389357,232,0,outer_ring
2558,45.49325652975714,88.3810264725353,478,0,outer_ring
2559,41.59394391541894,89.36629663426736,556,0,outer_ring
2560,42.24519598739864,87.46085529396203,555,0,outer_ring
2561,34.62660581879003,88.34309831391747,633,0,outer_ring
2562,37.13206602468786,85.60126458691396,622,0,outer_ring
2563,33.65935721507776,78.44659774947161,4491,5,text_en_1919
2564,31.14891298158726,85.99592764361655,656,0,outer_ring
2565,27.879797820984308,66.17550302532123,4790,5,text_en_1919
2566,22.481290178687523,66.43460455993052,4782,5,text_en_1919
2567,21.35458197320197,61.31695790071778,4895,5,text_en_1919
2568,17.249523699359322,47.28282404265648,701,0,outer_ring
2569,19.54666057293472,47.54182853463561,5133,5,text_en_1919
2570,26.462652387687687,47.14539235292164,5252,5,text_en_1919
2571,29.797388148186883,46.20575652839662,1916,1,inner_ring
2572,29.38836248858603,58.080002096083405,2611,2,octagram
2573,31.37625341724274,51.119346486818245,2649,2,octagram
2574,37.94662258799025,48.56799905759088,3479,3,stroke_nan
2575,43.03304568376111,54.52967654014453,3344,3,stroke_nan
2576,40.7260233276905,58.886353872155446,2544,2,octagram
2577,54.78260487514161,57.733259846057514,3817,4,stroke_kai
2578,63.13050744530205,50.09292536999953,3973,4,stroke_kai
2579,56.247096123968845,56.3102932706974,3835,4,stroke_kai
2580,65.22915118348628,64.31050592388551,2294,2,octagram
2581,52.7256199160091,66.00602800036062,2425,2,octagram
2582,62.34143796449927,71.926651331935,2351,2,octagram
2583,65.8871860293816,73.77980486626338,2342,2,octagram
2584,57.98585270686243,50.43442858337077,3942,4,stroke_kai
2585,54.492341378806266,48.96283072671531,3981,4,stroke_kai
2586,48.770794878028454,46.564085866672485,3498,3,stroke_nan
2587,47.82201645694541,37.86088518201169,3706,3,stroke_nan
2588,44.73233710343181,53.0056188585847,3384,3,stroke_nan
2589,48.728639136107454,45.72351855848797,3533,3,stroke_nan
2590,47.350773064147454,39.01395824968609,3681,3,stroke_nan
2591,43.33645939763623,34.03735683585426,3761,3,stroke_nan
2592,35.640275080463944,29.63327787361898,1984,1,inner_ring
2593,37.425948804757915,33.753411508431284,2804,2,octagram
2594,31.593607985148157,35.45697159195669,2759,2,octagram
2595,27.923536193629452,48.49557554780039,1906,1,inner_ring
2596,32.669797933439966,42.77161171462555,2708,2,octagram
2597,31.919236594380255,47.44075594431881,2672,2,octagram
2598,39.44454383338065,62.7384386142557,2526,2,octagram
2599,30.102151145802978,33.59133693251507,2753,2,octagram
2600,23.28617570071161,39.02076054263836,5314,5,text_en_1919
2601,20.156216558984095,33.550424518721066,5397,5,text_en_1919
2602,29.18898345302257,29.625455586754555,1959,1,inner_ring
2603,45.011021530403596,15.928380728473796,5558,5,text_en_1919
2604,40.88741259918296,23.88657998858436,2884,2,octagram
2605,45.87544453173435,23.828188650428263,2035,1,inner_ring
2606,47.227121625737766,26.04105352304251,2921,2,octagram
2607,52.709536772658225,27.65012817420437,2959,2,octagram
2608,51.85817535214695,37.62558920954522,3708,3,stroke_nan
2609,52.83488425015819,37.839367482770236,3716,3,stroke_nan
2610,57.16460481715862,36.99152271911012,4231,4,stroke_kai
2611,52.91337965041115,46.36436446475123,3523,3,stroke_nan
2612,61.685166830113275,46.24677915600545,4040,4,stroke_kai
2613,67.74618972588951,46.4651922733736,3221,2,octagram
2614,66.32202668419384,50.400765946169656,3941,4,stroke_kai
2615,66.17150280703285,45.18970521662803,4060,4,stroke_kai
2616,70.78684718663578,61.95919334535789,2260,2,octagram
2617,74.01581674941635,55.62732389906095,3268,2,octagram
2618,75.99495288367314,57.25524578749515,3276,2,octagram
2619,70.98973362246768,62.334123635949226,2259,2,octagram
2620,45.397447755364894,78.79793297653407,4575,5,text_en_1919
2621,47.55019098886929,87.95339313526999,422,0,outer_ring
2622,49.24624626669081,93.82771021296882,340,0,outer_ring
2623,53.84271755249199,82.50212738131076,4417,5,text_en_1919
2624,54.054241497221064,86.34924139186738,4292,5,text_en_1919
2625,59.0012929589752,83.65765949386504,4419,5,text_en_1919
2626,56.71812955861594,84.00790764312899,4436,5,text_en_1919
2627,54.77136243581016,82.40500706963414,4465,5,text_en_1919
2628,43.66643770493402,72.27443047297321,2490,2,octagram
2629,50.35732565892572,81.7806801873427,4445,5,text_en_1919
2630,47.61876585560153,79.13441729965821,4606,5,text_en_1919
2631,29.909289293016307,66.02139195312574,4803,5,text_en_1919
2632,29.306138197870144,65.30097594101703,4808,5,text_en_1919
2633,27.732434085529437,63.469569571504394,4832,5,text_en_1919
2634,60.00401087671496,95.05288485203558,99,0,outer_ring
2635,60.04842864566191,93.49451836513323,98,0,outer_ring
2636,62.72876250960652,92.41183326768204,58,0,outer_ring
2637,63.51173654944816,86.79200812164284,4336,5,text_en_1919
2638,70.45654013240313,82.5142997574987,4566,5,text_en_1919
2639,70.63940345013499,84.73866657988361,4496,5,text_en_1919
2640,72.56587362940266,80.16170237288925,4649,5,text_en_1919
2641,73.49401480601819,73.91625652708984,1703,1,inner_ring
2642,82.51942640332493,71.70069270605725,4760,5,text_en_1919
2643,77.09619829703897,72.18848035107625,4763,5,text_en_1919
2644,82.94899980562302,62.89119962099213,4873,5,text_en_1919
2645,84.32144739543669,58.22997120678206,4928,5,text_en_1919
2646,79.01647953037003,56.54254237912032,3281,2,octagram
2647,82.86570209629696,50.66440210694558,1626,1,inner_ring
2648,90.12361935193923,51.222734753353016,5032,5,text_en_1919
2649,88.04032617260694,49.82795756836363,5051,5,text_en_1919
2650,89.75118208048757,43.22139363836145,5221,5,text_en_1919
2651,94.60574566461017,44.329272803256636,5188,5,text_en_1919
2652,94.54706399810958,46.52951306410409,5123,5,text_en_1919
2653,96.07425757857551,40.26810110788684,5265,5,text_en_1919
2654,56.65490955096353,44.20123231341846,4078,4,stroke_kai
2655,60.15798793457911,42.258586908289914,4131,4,stroke_kai
2656,65.11824970258566,32.467519779165976,3092,2,octagram
2657,64.54639398884139,32.47860449462094,3090,2,octagram
2658,64.20883816661494,25.365139135977437,3045,2,octagram
2659,64.2382845134976,23.896597953128722,3034,2,octagram
2660,72.82351051306702,31.900043194619617,3135,2,octagram
2661,80.08143875001315,34.50442685785616,3154,2,octagram
2662,62.1935253812027,20.454243787018537,2087,1,inner_ring
2663,79.23396303193896,30.255071175301342,2165,1,inner_ring
2664,63.6999544556475,19.75072956660984,2091,1,inner_ring
2665,59.98938883169786,21.561829308747196,2077,1,inner_ring
2666,57.48091385717585,14.752767142341545,5654,5,text_en_1919
2667,52.089033728811756,11.709023512470129,1023,0,outer_ring
2668,62.25252506149434,13.73859823565097,5668,5,text_en_1919
2669,51.74019994121912,16.4725202264148,5559,5,text_en_1919
2670,49.70067281116876,7.055316686472483,933,0,outer_ring
2671,44.71660867954702,10.804870338910725,754,0,outer_ring
2672,49.67162364541939,11.285175212826314,915,0,outer_ring
2673,53.755729839612144,8.881910507541798,1097,0,outer_ring
2674,57.38503776392988,6.108108113801617,1213,0,outer_ring
2675,56.914186704954794,10.598814702779935,1205,0,outer_ring
2676,57.242902641008854,8.694280188382049,1216,0,outer_ring
2677,46.02695547621512,6.629940623153468,797,0,outer_ring
2678,48.25784727055035,4.667763607610697,879,0,outer_ring
2679,47.04482257962097,7.982368926977332,823,0,outer_ring
2680,51.009988297147096,5.954928693142291,994,0,outer_ring
2681,53.2626587599421,6.424475844754252,1077,0,outer_ring
2682,53.174500430723995,6.343020727095027,1072,0,outer_ring
2683,58.76772232459138,7.875051532264401,1259,0,outer_ring
2684,63.397751997816535,8.224581902818207,1358,0,outer_ring
2685,65.9793134571916,9.33561830170139,1448,0,outer_ring
2686,69.55370341751076,15.957911416010848,5472,5,text_en_1919
2687,74.15234533143415,9.762731418118026,1582,0,outer_ring
2688,77.673120772702,9.980345796249264,1600,0,outer_ring
2689,65.80825631203962,6.575808835403633,1425,0,outer_ring
2690,65.37796768594265,4.655029870092691,1403,0,outer_ring
2691,65.69727720121354,3.0705396073215905,1405,0,outer_ring
2692,38.14158943474627,26.75314350307192,2855,2,octagram
2693,40.002884592053405,23.046277861983558,2021,1,inner_ring
2694,91.64784722520314,45.71294229276634,5168,5,text_en_1919
2695,51.06911868223596,91.89253861284006,290,0,outer_ring
2696,47.709794616524356,92.46509038527638,394,0,outer_ring
2697,42.16020225413786,90.0141928840254,544,0,outer_ring
2698,53.96659766745371,93.7966079835942,212,0,outer_ring
2699,51.16462476452168,92.89447495656236,285,0,outer_ring
2700,44.8051245664153,91.37620213852185,479,0,outer_ring
2701,39.6070946205416,88.3658442421459,590,0,outer_ring
2702,41.48917378797321,92.66789778069676,541,0,outer_ring
2703,35.04826639340051,88.56761924710035,629,0,outer_ring
2704,31.958807481685653,82.42293901287623,664,0,outer_ring
2705,34.49981207067046,79.88780562885918,653,0,outer_ring
2706,30.923703432287525,74.1669590170742,4708,5,text_en_1919
2707,23.589061062888355,70.37787218552798,4740,5,text_en_1919
2708,20.519267995553513,62.51405616807811,4872,5,text_en_1919
2709,20.92802380287965,63.04639927065647,4866,5,text_en_1919
2710,21.41052414131452,56.51354932158534,4994,5,text_en_1919
2711,20.893942037448806,50.34154333810117,5108,5,text_en_1919
2712,23.66891261631508,43.59326728677033,5279,5,text_en_1919
2713,25.64395430232124,52.16723192951268,5074,5,text_en_1919
2714,42.0765823163104,58.04418567705856,2545,2,octagram
2715,36.88874580918885,62.54441664679344,2529,2,octagram
2716,42.50310936145385,51.31477122666515,3431,3,stroke_nan
2717,42.68081680697375,51.60605248202911,3425,3,stroke_nan
2718,47.8796403608087,53.76527398354462,3386,3,stroke_nan
2719,41.14430597225542,62.518996433671525,2525,2,octagram
2720,55.24816476003104,57.45601583167699,3826,4,stroke_kai
2721,58.035507402674945,68.38140064861597,2392,2,octagram
2722,60.51915928666914,69.74299890274042,2369,2,octagram
2723,58.96759328294801,69.75209505621099,2378,2,octagram
2724,56.33400294783772,63.45615011333773,2411,2,octagram
2725,65.28415207540964,66.8075730146815,2312,2,octagram
2726,57.959863271365634,65.03945537414609,2396,2,octagram
2727,54.60159201812194,52.625008633315026,3923,4,stroke_kai
2728,54.46158743606088,45.256420835430944,4048,4,stroke_kai
2729,51.010487066838664,42.99620786236775,3603,3,stroke_nan
2730,40.51754035891673,44.12866869378656,3562,3,stroke_nan
2731,52.356374511480276,44.850872254441725,3577,3,stroke_nan
2732,51.5299466793255,39.50443138371576,3686,3,stroke_nan
2733,42.81144056611058,36.23411098299402,3729,3,stroke_nan
2734,38.541305494392255,36.00319913652658,3699,3,stroke_nan
2735,40.84148574361441,42.78181644085274,3634,3,stroke_nan
2736,25.397932966406106,41.24198449780069,5291,5,text_en_1919
2737,27.075689151715412,32.44685537090144,5390,5,text_en_1919
2738,28.427266768645737,42.820553169839705,1923,1,inner_ring
2739,32.82924492976499,49.84394042296625,2664,2,octagram
2740,36.945502546002025,51.3837793982506,3458,3,stroke_nan
2741,28.371522327913198,41.63163535731497,1925,1,inner_ring
2742,27.369117457013314,37.956867895908516,5358,5,text_en_1919
2743,22.656509840101556,34.38878871995469,5383,5,text_en_1919
2744,32.86385529409323,26.42219853769009,1985,1,inner_ring
2745,43.67906456405354,18.218153906520403,5526,5,text_en_1919
2746,40.285760442712515,25.68596243311389,2870,2,octagram
2747,44.90059516847404,38.64825823506598,3685,3,stroke_nan
2748,53.73689087568354,28.444189480933353,2961,2,octagram
2749,53.462886907375896,35.75011109122498,4253,4,stroke_kai
2750,54.00137901126456,34.83447091949254,4259,4,stroke_kai
2751,48.17091304222061,36.558311245710264,3724,3,stroke_nan
2752,54.600323088505036,45.661742423830646,4026,4,stroke_kai
2753,57.23579976953939,47.0761660881074,4028,4,stroke_kai
2754,61.11104518132721,52.98392812745192,3905,4,stroke_kai
2755,72.86247749743379,32.76436759520397,3136,2,octagram
2756,65.36219952740363,52.6648790099606,3931,4,stroke_kai
2757,65.97296754936714,47.65294522109734,4021,4,stroke_kai
2758,74.90605552387947,48.761354257581665,3241,2,octagram
2759,69.65035285515214,63.00616714650211,2272,2,octagram
2760,70.40907074990123,62.988831100088596,2267,2,octagram
2761,70.41044233948027,67.70048930631339,2306,2,octagram
2762,48.97977472927939,76.55403766202541,1783,1,inner_ring
2763,49.21754393595815,86.36984594293845,374,0,outer_ring
2764,51.293537326501095,85.49387119155844,303,0,outer_ring
2765,49.108529437534166,88.27931731185524,365,0,outer_ring
2766,57.866617000447526,85.29514607246034,4359,5,text_en_1919
2767,56.28585961630697,90.59061884657667,159,0,outer_ring
2768,56.4279241529483,84.24810718904762,4418,5,text_en_1919
2769,54.88195131973887,82.47222740319812,4435,5,text_en_1919
2770,52.19197465709319,78.19319151970056,4608,5,text_en_1919
2771,49.44566998023758,73.04213938341313,2453,2,octagram
2772,48.29266036718566,77.37627987164325,4625,5,text_en_1919
2773,33.71743247230903,66.32464702635934,1830,1,inner_ring
2774,28.631501691672636,66.60809089969962,4802,5,text_en_1919
2775,28.45326298765851,55.218825764440844,2623,2,octagram
2776,60.38564342676576,91.29443166302015,90,0,outer_ring
2777,57.23070557370675,94.59346789205105,142,0,outer_ring
2778,61.63885618367919,93.34607046298422,75,0,outer_ring
2779,63.62702734931226,93.00009648624943,53,0,outer_ring
2780,67.0614984423381,87.16801863924447,4381,5,text_en_1919
2781,71.99104366313819,82.18058143134192,4585,5,text_en_1919
2782,73.52174345367598,83.4437456235368,4503,5,text_en_1919
2783,66.30006015138157,83.85574208957394,4519,5,text_en_1919
2784,72.01529535605775,71.2135064787063,1699,1,inner_ring
2785,79.23278263861954,66.03712914867941,4852,5,text_en_1919
2786,85.99990667402733,63.58519717284166,4863,5,text_en_1919
2787,85.32830284603851,61.243984672336225,4877,5,text_en_1919
2788,84.82899388432678,58.10691704448844,4938,5,text_en_1919
2789,86.33349683864964,44.718284372378434,2197,1,inner_ring
2790,84.00731568329631,51.36782278700099,5065,5,text_en_1919
2791,88.5597086831848,45.93029541871481,5192,5,text_en_1919
2792,80.43290184785933,38.40882726848485,3165,2,octagram
2793,91.17563691088955,45.93407136959667,5176,5,text_en_1919
2794,95.24942232993435,36.73185950084379,5306,5,text_en_1919
2795,96.6008521492262,40.88046475680187,5257,5,text_en_1919
2796,60.38120203900064,44.986398852876306,4076,4,stroke_kai
2797,55.993999956341334,40.99447426177153,4130,4,stroke_kai
2798,60.89742221256834,33.14310081090386,4272,4,stroke_kai
2799,65.21559888272184,31.1549501461112,3091,2,octagram
2800,60.10502201503793,25.84774351131021,2985,2,octagram
2801,79.12528645772994,21.76777518736817,5408,5,text_en_1919
2802,83.086776815954,33.158173179048894,2170,1,inner_ring
2803,66.16422313044484,23.495179602461576,3033,2,octagram
2804,66.27148182774839,34.492063647858174,3104,2,octagram
2805,65.60055019539391,23.133933778005108,3028,2,octagram
2806,64.86925119647526,12.011929847028524,1428,0,outer_ring
2807,61.48177561672077,20.338123644334473,2083,1,inner_ring
2808,57.71778669844832,10.021651870830128,1229,0,outer_ring
2809,56.156004989901504,16.32037632146101,5585,5,text_en_1919
2810,54.45784944677553,17.576349795810646,5512,5,text_en_1919
2811,49.332605930752884,11.096520437018935,900,0,outer_ring
2812,48.51544678193871,16.851094392162043,5592,5,text_en_1919
2813,47.926606371470015,10.26883799856161,845,0,outer_ring
2814,53.03214537670552,6.370326063181344,1067,0,outer_ring
2815,55.500548874425256,15.589345216818623,5615,5,text_en_1919
2816,52.529903694552246,8.44760679587576,1044,0,outer_ring
2817,59.403544195154204,6.70330342316687,1276,0,outer_ring
2818,56.50739119434082,6.108305206993655,1184,0,outer_ring
2819,47.35435980209275,9.645732522308172,827,0,outer_ring
2820,49.888014440757225,7.694197699013897,944,0,outer_ring
2821,51.95299940129781,8.481847040555182,1021,0,outer_ring
2822,47.297118780794726,6.9586520559273355,839,0,outer_ring
2823,53.98520419704874,6.92835751336712,1103,0,outer_ring
2824,58.047938197880086,5.509434863791397,1230,0,outer_ring
2825,60.26524417186961,7.876342166434117,1293,0,outer_ring
2826,61.732315181339885,8.13680375868263,1322,0,outer_ring
2827,63.388896141428624,10.882573839766495,1364,0,outer_ring
2828,69.74965751989298,8.70995084791383,1534,0,outer_ring
2829,72.10836483201932,9.865708745090673,1562,0,outer_ring
2830,70.83973018747855,8.297470557624212,1545,0,outer_ring
2831,67.06831971367201,6.452293870343997,1461,0,outer_ring
2832,63.038560676565425,8.429357645777614,1353,0,outer_ring
2833,66.00117959933546,3.371324862590379,1417,0,outer_ring
2834,36.49816707530585,29.44764099848392,2830,2,octagram
2835,41.39995446257089,23.061356691751612,2885,2,octagram
2836,91.85699459719146,52.668983246635165,5017,5,text_en_1919
2837,50.03030137038384,92.14512044800084,320,0,outer_ring
2838,48.925510783227814,89.84957959262924,362,0,outer_ring
2839,45.41932558535156,87.81965729252845,489,0,outer_ring
2840,49.72926680628666,94.80714166360093,321,0,outer_ring
2841,48.409032280919824,92.58301873944986,368,0,outer_ring
2842,45.244696453482064,92.36797545015142,466,0,outer_ring
2843,45.22832802712951,87.96940623536827,493,0,outer_ring
2844,38.309167191874536,86.4524251590443,611,0,outer_ring
2845,34.712719036879534,82.71841719247604,648,0,outer_ring
2846,35.04964349515438,84.26767807124148,640,0,outer_ring
2847,29.4320191988769,76.26221636313774,4665,5,text_en_1919
2848,38.14722312491504,71.01556995950001,2492,2,octagram
2849,32.57079491632415,73.13518359694174,4702,5,text_en_1919
2850,17.646540195289614,67.29545346017692,688,0,outer_ring
2851,17.924177194798617,62.14947340123923,692,0,outer_ring
2852,23.63789048629239,57.05358889075844,4950,5,text_en_1919
2853,21.378499290817636,50.85086615785812,5101,5,text_en_1919
2854,26.657103851071117,49.76097399620386,5119,5,text_en_1919
2855,28.20627969316161,53.24220748333825,1885,1,inner_ring
2856,37.28942138973368,51.94531607322471,3399,3,stroke_nan
2857,38.72644472918315,64.02323267787477,2522,2,octagram
2858,43.92981028565083,51.99730492801134,3406,3,stroke_nan
2859,44.4122054111258,48.60824000390647,3480,3,stroke_nan
2860,44.91480065990218,54.14284995254858,3366,3,stroke_nan
2861,49.77175927115452,70.48475908935582,2449,2,octagram
2862,51.36377434574937,58.62031824589967,3309,3,stroke_nan
2863,54.48155644849846,66.21984368240342,2418,2,octagram
2864,53.7052557269149,67.83499048753693,2424,2,octagram
2865,63.77306091259287,63.8227764640211,2293,2,octagram
2866,65.33287035535426,68.5149564843197,2321,2,octagram
2867,61.46072059480419,67.60842262883067,2372,2,octagram
2868,62.66156055779578,54.32587439491714,3880,4,stroke_kai
2869,56.124685060875336,46.070133532022496,4035,4,stroke_kai
2870,51.21526697348314,50.48669221100857,3422,3,stroke_nan
2871,49.317568624024844,52.65537552803234,3392,3,stroke_nan
2872,47.499645361358816,39.54113576752221,3656,3,stroke_nan
2873,50.84134218906347,50.77648586005835,3415,3,stroke_nan
2874,44.305982170153584,36.08897387266562,3743,3,stroke_nan
2875,43.468496981261055,35.51339631589848,3746,3,stroke_nan
2876,43.65544488697287,45.0256548566513,3544,3,stroke_nan
2877,32.746351527503755,41.346763206260604,2713,2,octagram
2878,25.533423563833956,44.539920027924886,5260,5,text_en_1919
2879,29.77186456148942,39.63506986041133,1931,1,inner_ring
2880,32.06077661020365,46.6806662253172,2677,2,octagram
2881,36.75919863336456,44.341718027972014,3585,3,stroke_nan
2882,39.59330684978671,48.82242545020601,3466,3,stroke_nan
2883,21.358230895329502,39.83858606911071,5313,5,text_en_1919
2884,29.95106676812098,32.385445080516895,1953,1,inner_ring
2885,17.712471488958315,34.40467085301885,705,0,outer_ring
2886,36.10217990393836,36.90177900761214,3680,3,stroke_nan
2887,38.550750525531086,26.303562709072754,2864,2,octagram
2888,43.84012901564838,25.047686663257075,2896,2,octagram
2889,45.98211293580995,25.99510961974431,2912,2,octagram
2890,52.478348901337654,27.11491410594108,2962,2,octagram
2891,51.993009955941716,33.99133392597852,3772,3,stroke_nan
2892,53.70150489522574,35.868753300439344,4255,4,stroke_kai
2893,54.3116754225535,36.690970835524,4242,4,stroke_kai
2894,55.51316403084896,39.739366890012604,4180,4,stroke_kai
2895,55.09548565480526,38.862514158636635,4205,4,stroke_kai
2896,65.72930252488341,40.77806863175749,4151,4,stroke_kai
2897,67.28947753933504,48.21815906888194,4017,4,stroke_kai
2898,71.77362297197458,48.90845732774468,3233,2,octagram
2899,68.7573708536222,42.89949372536416,3206,2,octagram
2900,69.54401925226541,45.85848573247415,3216,2,octagram
2901,72.61397480015287,54.05286029723007,3258,2,octagram
2902,69.92256580702394,72.22952857913855,1713,1,inner_ring
2903,70.03031489981049,68.7921469104503,2313,2,octagram
2904,51.84411263887122,71.4014680357716,2439,2,octagram
2905,48.87754167329889,81.0981938430864,4451,5,text_en_1919
2906,49.60292503906707,86.12465308554911,357,0,outer_ring
2907,50.8937508635154,85.67637862599166,315,0,outer_ring
2908,56.20258330832517,87.91492658951614,161,0,outer_ring
2909,55.22828174722391,91.18625466714327,187,0,outer_ring
2910,55.75686359147782,81.49697895669878,4481,5,text_en_1919
2911,54.2777688055189,79.40766658570104,4554,5,text_en_1919
2912,52.72496685809566,79.17898509887549,4576,5,text_en_1919
2913,50.74254526785431,75.45706408375037,1773,1,inner_ring
2914,49.20044101823303,76.91986659553575,1781,1,inner_ring
2915,32.21442986153751,66.06449757775218,1833,1,inner_ring
2916,30.23291755888525,62.508181470220336,1854,1,inner_ring
2917,31.154182784670873,63.679463380586846,1845,1,inner_ring
2918,57.76636218764616,91.78284893400142,132,0,outer_ring
2919,66.69045275322276,91.55671460947988,27,0,outer_ring
2920,62.226242208656195,93.16067867573781,65,0,outer_ring
2921,65.73665680849359,90.9745322511504,39,0,outer_ring
2922,66.24919500267424,95.16282727806211,40,0,outer_ring
2923,66.79837773467327,85.04297799163194,4477,5,text_en_1919
2924,72.70777218390992,79.51614574574195,4651,5,text_en_1919
2925,71.8672509341454,89.01532699203207,3,0,outer_ring
2926,79.80723716734485,71.45418735648333,4771,5,text_en_1919
2927,82.46209721963301,69.81857343743494,4804,5,text_en_1919
2928,78.14092775515454,65.16306456068767,1665,1,inner_ring
2929,81.49520179025045,59.171243169783565,1650,1,inner_ring
2930,83.62373090253097,53.361549652978795,5040,5,text_en_1919
2931,86.7206112652418,51.21082843163899,5058,5,text_en_1919
2932,89.79191918072833,44.61422583778181,5193,5,text_en_1919
2933,88.74468319090779,48.252206821603856,5142,5,text_en_1919
2934,85.75843754295431,46.31954961279726,5218,5,text_en_1919
2935,92.42529726168155,47.78965217417617,5093,5,text_en_1919
2936,95.9444624212131,54.42905270947121,5008,5,text_en_1919
2937,97.34585702086487,40.152736267432886,5264,5,text_en_1919
2938,55.894704714598824,43.062059535974534,4071,4,stroke_kai
2939,58.11012925061725,46.013167140576215,4029,4,stroke_kai
2940,59.853111030925085,37.76368802002555,4224,4,stroke_kai
2941,63.33492563570317,28.51133157092226,3067,2,octagram
2942,73.49518701613255,34.37061928943179,3142,2,octagram
2943,66.31035313555194,25.100750346457925,3050,2,octagram
2944,70.859166034985,28.391177640956688,2151,1,inner_ring
2945,74.65054930913249,22.59714099572997,5405,5,text_en_1919
2946,69.8879395879899,24.986574186178075,2129,1,inner_ring
2947,65.72145596255731,18.373223934244624,5452,5,text_en_1919
2948,61.02121892972891,21.166126900107667,2081,1,inner_ring
2949,67.6292912597738,21.131428981985913,2108,1,inner_ring
2950,57.01474083966007,8.41988102036733,1204,0,outer_ring
2951,56.04123209877789,5.7582867168514715,1170,0,outer_ring
2952,50.80453679754699,13.525106232307765,5669,5,text_en_1919
2953,57.01627155409183,15.379002379555303,5638,5,text_en_1919
2954,49.69605876242258,10.317190010021164,921,0,outer_ring
2955,47.16837288997171,7.797693182344659,832,0,outer_ring
2956,53.28527774401133,9.656860390828571,1079,0,outer_ring
2957,52.60701759465559,10.843401408293568,1049,0,outer_ring
2958,58.524235408204596,9.306507824559889,1253,0,outer_ring
2959,57.461588079225514,14.53511858615931,5661,5,text_en_1919
2960,53.07633409579832,10.573546577569303,1069,0,outer_ring
2961,55.669497053806914,6.781157779170909,1160,0,outer_ring
2962,47.34130949308751,8.687448715638684,834,0,outer_ring
2963,47.55704134255699,7.923820996031095,844,0,outer_ring
2964,46.508177900590155,5.730427606551847,815,0,outer_ring
2965,51.7992493905542,6.870195680432069,1020,0,outer_ring
2966,53.498637388691684,4.02215429754759,1086,0,outer_ring
2967,66.97459983264291,9.081336963269251,1475,0,outer_ring
2968,62.94883043377712,5.06861958099625,1341,0,outer_ring
2969,64.36242604197767,6.545311455353537,1383,0,outer_ring
2970,68.51697465587519,10.50688587107613,1521,0,outer_ring
2971,73.37010191108764,15.484971368957064,5518,5,text_en_1919
2972,75.30852856895196,10.200572233650478,1590,0,outer_ring
2973,62.74244751906385,9.811888340504172,1352,0,outer_ring
2974,68.93222783181501,3.7773955109316515,1495,0,outer_ring
2975,65.8765400245713,2.6908924368388343,1409,0,outer_ring
2976,36.11405540762026,20.94793693114267,5530,5,text_en_1919
2977,39.05593059753394,35.12907184988881,3714,3,stroke_nan
2978,74.83904311370765,26.413038246819845,2153,1,inner_ring
2979,50.7348999260197,90.42903326211396,307,0,outer_ring
2980,46.32099592131586,92.60017723106535,438,0,outer_ring
2981,45.211686444818056,92.72663126908427,463,0,outer_ring
2982,48.599990762336155,90.2415008144877,377,0,outer_ring
2983,50.66663371871305,95.43123983406028,291,0,outer_ring
2984,48.28220716742704,93.1538748903146,371,0,outer_ring
2985,43.4569605829861,92.03448345679745,512,0,outer_ring
2986,41.82841038935061,87.8484194180205,558,0,outer_ring
2987,39.24123036762108,89.19497087479755,591,0,outer_ring
2988,36.93913639740111,77.47275331934189,4685,5,text_en_1919
2989,33.961272795468524,72.1081897646687,1818,1,inner_ring
2990,25.16732358122419,71.61903199794106,4723,5,text_en_1919
2991,33.55094042139188,60.27863747872729,2567,2,octagram
2992,23.36146674369342,67.93884873944344,4761,5,text_en_1919
2993,18.531210353963512,61.22582556994409,4970,5,text_en_1919
2994,23.102334903387995,55.03302705215681,5007,5,text_en_1919
2995,22.259429302847096,54.54661707752534,5073,5,text_en_1919
2996,22.94509111483945,49.12569901891585,5118,5,text_en_1919
2997,25.623188288912914,55.41076251830033,5006,5,text_en_1919
2998,32.43870901127878,52.15360652525407,2644,2,octagram
2999,37.233327187246374,57.924937222006626,2560,2,octagram
3000,42.67811683218375,50.068711397287935,3448,3,stroke_nan
3001,43.653894973020805,65.31427902372295,2510,2,octagram
3002,42.86753709115718,61.0383023375653,2530,2,octagram
3003,45.93806574807382,68.00856901825156,2495,2,octagram
3004,51.69053058110863,55.57825231121811,3326,3,stroke_nan
3005,57.25685297293257,56.767198628310716,3832,4,stroke_kai
3006,51.976307698752116,67.62268900795182,2429,2,octagram
3007,55.15687983056479,64.37182544671364,2410,2,octagram
3008,58.65202012010468,68.17661958794478,2388,2,octagram
3009,62.0981890969484,68.09937940288208,2365,2,octagram
3010,62.311153381805084,58.523621805769096,3823,4,stroke_kai
3011,52.687684083673645,47.94604946365479,3471,3,stroke_nan
3012,48.125580597776924,45.80088704252643,3522,3,stroke_nan
3013,44.602665617022495,36.7125238255587,3722,3,stroke_nan
3014,50.547131339268695,46.114928123419226,3516,3,stroke_nan
3015,46.673244521851316,46.81007205928504,3536,3,stroke_nan
3016,45.70683086221215,47.61734964754688,3510,3,stroke_nan
3017,42.77545943049818,25.566226112104623,2892,2,octagram
3018,43.06175363419638,25.974740380166427,2897,2,octagram
3019,38.323892672291386,39.42851826022461,3669,3,stroke_nan
3020,29.64273772871229,36.086965817178246,1944,1,inner_ring
3021,23.80512948102989,40.63438111285658,5308,5,text_en_1919
3022,28.96880873902922,44.10578314268325,1920,1,inner_ring
3023,34.65911619756489,42.09415919236219,2702,2,octagram
3024,38.02600930796138,53.48540561745112,3334,3,stroke_nan
3025,23.35620411679277,37.1220505273517,5354,5,text_en_1919
3026,33.133235321111925,43.557726819955754,2699,2,octagram
3027,22.832310514733614,23.17499457008053,706,0,outer_ring
3028,37.70506423991484,18.80056150427335,5573,5,text_en_1919
3029,37.515216155497036,9.762402390881011,722,0,outer_ring
3030,44.41473406349729,19.334086396811802,5479,5,text_en_1919
3031,46.343166160235526,26.764182407903526,2919,2,octagram
3032,48.08568767915556,29.262120194712374,2937,2,octagram
3033,50.87825596274932,35.04262040585056,3757,3,stroke_nan
3034,51.7565083697256,40.251591109894335,3665,3,stroke_nan
3035,53.42373435019582,38.034058798850765,3705,3,stroke_nan
3036,60.488603125524605,31.548773642899615,4277,4,stroke_kai
3037,61.18312630825624,50.41010194385694,3959,4,stroke_kai
3038,56.395078764686545,48.72432330868717,3986,4,stroke_kai
3039,64.57364528185602,42.78590320345204,4126,4,stroke_kai
3040,72.92377549459977,47.564810678045106,3217,2,octagram
3041,69.2661504820588,45.19156043377189,3214,2,octagram
3042,74.95467170710904,55.13549800901542,3267,2,octagram
3043,76.72418539496422,62.56119122237724,1659,1,inner_ring
3044,71.01077741029754,62.22780869575912,2257,2,octagram
3045,63.08253260666018,69.33465584506142,2330,2,octagram
3046,46.06994645025924,77.72209843030735,1795,1,inner_ring
3047,47.50384378552003,85.5308857945027,442,0,outer_ring
3048,51.796759410314785,85.96039236867854,281,0,outer_ring
3049,52.585819972073494,83.8429404084767,4363,5,text_en_1919
3050,58.015100486325885,88.66350772005353,125,0,outer_ring
3051,57.46936287812392,81.92550397310634,4495,5,text_en_1919
3052,55.615281369614515,88.13074842399182,180,0,outer_ring
3053,52.96485215608501,80.43072247900935,4518,5,text_en_1919
3054,51.607632999142396,82.62042740902044,4434,5,text_en_1919
3055,49.89631306840305,78.28253731619952,4620,5,text_en_1919
3056,43.53309542944211,83.76088055053182,4345,5,text_en_1919
3057,34.561737244273935,59.143717682605526,2569,2,octagram
3058,31.542641108387773,65.70448105971586,1837,1,inner_ring
3059,32.15603652734835,64.40018923359676,1839,1,inner_ring
3060,58.433999193598616,94.93725118493536,122,0,outer_ring
3061,63.6616590776562,93.56689942429219,55,0,outer_ring
3062,60.22545148263785,91.5715711532831,95,0,outer_ring
3063,60.58865089013787,94.49984301425869,91,0,outer_ring
3064,66.36213184609335,82.39192901306119,4524,5,text_en_1919
3065,69.41918352861609,88.16245490882595,4341,5,text_en_1919
3066,70.96734167049989,78.74845631026142,4663,5,text_en_1919
3067,70.59851553885356,87.12475951416367,4432,5,text_en_1919
3068,75.47500584823877,72.92061900681482,4730,5,text_en_1919
3069,81.64421787336529,64.44414770080644,4879,5,text_en_1919
3070,82.57014050475897,60.49130364808611,4920,5,text_en_1919
3071,88.74553344058678,75.15347947371178,4765,5,text_en_1919
3072,87.63337394190272,65.37487912478828,4860,5,text_en_1919
3073,87.72494523581793,52.7620603226579,5031,5,text_en_1919
3074,87.83633007081063,46.797639526583026,5164,5,text_en_1919
3075,85.63770261810306,44.89643358872848,2198,1,inner_ring
3076,84.2989248962637,43.161785840130406,2195,1,inner_ring
3077,94.7225906000062,51.88541216802178,5039,5,text_en_1919
3078,95.33728645034007,38.913986476925416,5293,5,text_en_1919
3079,95.1432897891028,40.75670856346584,5262,5,text_en_1919
3080,55.6724686793176,39.34913500028984,4201,4,stroke_kai
3081,61.324351102149265,37.45879136687801,4212,4,stroke_kai
3082,75.12130685923209,44.455971299352434,3196,2,octagram
3083,68.502852078091,32.93714761025149,3116,2,octagram
3084,60.7063197224999,25.164471672698575,2989,2,octagram
3085,61.81362187801681,23.197146634624133,3000,2,octagram
3086,84.10824194250719,30.40223515913049,2168,1,inner_ring
3087,73.75697144911578,24.60029760301578,2140,1,inner_ring
3088,61.39516807060458,23.95673816841593,2996,2,octagram
3089,69.27868706344962,20.662794423206744,2113,1,inner_ring
3090,65.37836406297959,25.47592046833051,3049,2,octagram
3091,62.86023420666654,21.499488833641962,3007,2,octagram
3092,58.64331243672902,15.337328227003901,5640,5,text_en_1919
3093,58.491035347496464,12.296747666708628,1261,0,outer_ring
3094,54.117510370451186,16.12391152862201,5593,5,text_en_1919
3095,48.03952145811888,16.956226222667592,5511,5,text_en_1919
3096,51.60051893164918,8.356071502063498,1011,0,outer_ring
3097,45.9565415457948,18.543456538854866,5473,5,text_en_1919
3098,48.12416894955449,17.796039829945926,5501,5,text_en_1919
3099,58.65967519427803,8.326006919747824,1257,0,outer_ring
3100,55.92550841379093,9.732413978991433,1174,0,outer_ring
3101,56.41564009481348,12.896410210809945,1192,0,outer_ring
3102,49.174577386835985,10.278263970916557,894,0,outer_ring
3103,50.20855349046876,4.233931639464978,961,0,outer_ring
3104,49.47700359561151,9.958742707626705,910,0,outer_ring
3105,47.42208439538605,10.530934793880151,821,0,outer_ring
3106,47.46655979213361,8.11899306017972,840,0,outer_ring
3107,52.970485571350224,7.355427202146031,1065,0,outer_ring
3108,54.70512550683674,8.129168629432147,1134,0,outer_ring
3109,61.54284492756394,8.02321084062047,1316,0,outer_ring
3110,61.06426475735679,10.194655558720436,1313,0,outer_ring
3111,68.15824283342465,7.477810572771447,1497,0,outer_ring
3112,66.91615860086368,5.185987545044676,1449,0,outer_ring
3113,70.46586218148957,8.0025159260308,1540,0,outer_ring
3114,73.24871810375447,5.13840678478806,1560,0,outer_ring
3115,65.75520104291438,4.686283778384228,1416,0,outer_ring
3116,68.46789892911922,8.80046757127015,1510,0,outer_ring
3117,65.91699066287296,4.397588464039257,1420,0,outer_ring
3118,38.96211403010164,16.930304416702985,5637,5,text_en_1919
3119,42.62989674542699,22.293183634341904,2026,1,inner_ring
3120,95.97663426813519,52.25952748300183,5029,5,text_en_1919
3121,46.820557791397476,94.75265044585987,409,0,outer_ring
3122,50.12614628538957,91.60035535576847,319,0,outer_ring
3123,44.065879521907966,88.98335445675943,516,0,outer_ring
3124,57.48151379105997,94.76733409388362,138,0,outer_ring
3125,54.06953048879222,94.19602863213201,208,0,outer_ring
3126,43.32878106345757,90.62638976812075,522,0,outer_ring
3127,39.56518407642648,89.01711244602429,585,0,outer_ring
3128,42.50884340718644,88.80488172994761,543,0,outer_ring
3129,38.72294740353123,86.782602213258,603,0,outer_ring
3130,33.838053150525404,79.65610052867595,661,0,outer_ring
3131,30.487110563319956,83.96840997740972,668,0,outer_ring
3132,35.1333442593495,70.54134725109301,1817,1,inner_ring
3133,25.841575284444026,67.82222150224408,4779,5,text_en_1919
3134,21.748178708807856,67.75650632415899,4768,5,text_en_1919
3135,20.32865962460701,64.52104661862806,4865,5,text_en_1919
3136,23.75548153737579,51.1824469964288,5112,5,text_en_1919
3137,21.6923835421463,55.268167437011826,4995,5,text_en_1919
3138,19.139819014052012,48.019193454030365,5130,5,text_en_1919
3139,23.658458265436046,49.01047419559977,5134,5,text_en_1919
3140,27.045360854572877,50.175525412836,1898,1,inner_ring
3141,35.56449673518415,61.10442429150031,2564,2,octagram
3142,42.51239699249908,58.14673620581828,3300,3,stroke_nan
3143,44.79544064357021,55.56324972898163,3304,3,stroke_nan
3144,43.33349861554168,59.68216141907228,2534,2,octagram
3145,47.58003228439562,54.36181987108516,3381,3,stroke_nan
3146,59.90514690525221,53.02047838690313,3902,4,stroke_kai
3147,58.82703762319705,52.83241756796487,3916,4,stroke_kai
3148,58.3140759039344,52.13202953395715,3922,4,stroke_kai
3149,69.04082068235716,63.3992858410938,2274,2,octagram
3150,61.29313482731579,74.1602487204932,1738,1,inner_ring
3151,59.54200318030666,67.45598911709747,2386,2,octagram
3152,51.214034513307936,52.53430130601899,3398,3,stroke_nan
3153,54.884330160403685,55.62174424838714,3853,4,stroke_kai
3154,50.91027125420943,45.588772963481304,3538,3,stroke_nan
3155,49.79646748705215,43.47450184076596,3594,3,stroke_nan
3156,43.02528140542338,41.85777229158033,3626,3,stroke_nan
3157,52.44162737487587,46.508656874664666,3509,3,stroke_nan
3158,43.837068001898196,35.424349623075074,3745,3,stroke_nan
3159,37.80155284660478,27.847205419286578,2845,2,octagram
3160,39.85534011303731,33.85112759493458,2818,2,octagram
3161,38.10545742317364,36.57588499224466,3674,3,stroke_nan
3162,32.799344114236604,30.990706904120174,1963,1,inner_ring
3163,26.660476233086634,42.27167338569152,5276,5,text_en_1919
3164,34.36535991283694,44.56055980144483,2689,2,octagram
3165,38.493064181959824,46.86650482581935,3530,3,stroke_nan
3166,40.77021564696769,48.544833300380525,3482,3,stroke_nan
3167,23.661095417805473,33.14209694620453,5387,5,text_en_1919
3168,22.881947966339276,40.36365109353997,5311,5,text_en_1919
3169,27.539955292051594,38.1424883312631,5357,5,text_en_1919
3170,32.197339401188884,29.849160112642057,1968,1,inner_ring
3171,33.67761249077819,11.516727900756049,712,0,outer_ring
3172,43.932120999844244,23.25475542360045,2029,1,inner_ring
3173,50.38881794163621,22.028344948022337,2052,1,inner_ring
3174,49.54938472465943,25.21734765290284,2932,2,octagram
3175,46.97354166430935,31.565123377561985,3783,3,stroke_nan
3176,53.46619651943125,35.387488057861454,4258,4,stroke_kai
3177,55.98576377955728,36.15058611349169,4245,4,stroke_kai
3178,66.02648604907515,40.64761796135123,4148,4,stroke_kai
3179,55.574005917045554,41.43101440772271,4115,4,stroke_kai
3180,60.65484462332716,43.52424833934889,4110,4,stroke_kai
3181,62.24547991871187,44.18553859458606,4087,4,stroke_kai
3182,61.19933442359864,47.30876567678205,3995,4,stroke_kai
3183,66.63321272922093,49.8928018930345,3944,4,stroke_kai
3184,73.05165015980899,52.60228090235785,3251,2,octagram
3185,69.11499537931614,57.76628870708015,2266,2,octagram
3186,71.4974562765044,62.722453041327036,2250,2,octagram
3187,66.43320032918771,73.0702460957713,2340,2,octagram
3188,48.937538753206155,78.56151969210194,4614,5,text_en_1919
3189,49.19142234506924,85.86073905322478,378,0,outer_ring
3190,51.90471699590556,84.20977811006743,4338,5,text_en_1919
3191,58.896818992667605,78.53047937992929,4604,5,text_en_1919
3192,53.197810235003956,89.72149082649311,241,0,outer_ring
3193,58.77936691847129,86.58137771234479,4316,5,text_en_1919
3194,51.18424328965897,92.56659294648698,286,0,outer_ring
3195,53.18711084637896,79.14640602278496,4582,5,text_en_1919
3196,49.64230744418924,78.68435781360694,4586,5,text_en_1919
3197,46.973492453272094,71.2446656969649,2463,2,octagram
3198,48.58934453732818,73.82798075288387,2461,2,octagram
3199,27.543971034473827,62.01829222361019,4869,5,text_en_1919
3200,37.29804327070524,62.84036393648873,2528,2,octagram
3201,30.588267607999136,68.13596126499807,4748,5,text_en_1919
3202,54.17356350730009,94.57634138599808,205,0,outer_ring
3203,60.454305503120175,89.7001570054089,88,0,outer_ring
3204,64.87486190642139,93.34348651986387,45,0,outer_ring
3205,69.82170456165419,89.99129516888283,8,0,outer_ring
3206,68.84341889524161,87.54501104049433,4370,5,text_en_1919
3207,71.50841263559624,89.57119583658145,4,0,outer_ring
3208,74.9565142160392,81.52161779597274,4570,5,text_en_1919
3209,73.50422635347307,78.37736791426056,4653,5,text_en_1919
3210,83.13884304725993,72.60729979757296,4741,5,text_en_1919
3211,75.76062226412763,73.9916350894077,4727,5,text_en_1919
3212,82.95294361461795,61.84664674247166,4883,5,text_en_1919
3213,82.30716152326086,59.051575130733745,4930,5,text_en_1919
3214,84.46846873042944,55.32709977379525,4983,5,text_en_1919
3215,82.0228149225639,51.377825255923604,1628,1,inner_ring
3216,85.23428975489657,46.36637088900599,2206,1,inner_ring
3217,90.2688154179742,50.57701808840985,5043,5,text_en_1919
3218,83.2057103330836,38.179793470254644,2177,1,inner_ring
3219,92.94609614982978,47.301669582162766,5103,5,text_en_1919
3220,97.06047293057972,43.16875268739276,5234,5,text_en_1919
3221,93.65210104983126,43.91548417513952,5160,5,text_en_1919
3222,66.40974084018066,39.511055198741566,4176,4,stroke_kai
3223,59.71844772638457,38.27349286210308,4206,4,stroke_kai
3224,62.61117761517876,35.33640370314739,4236,4,stroke_kai
3225,70.35950613289427,32.51357149836145,3123,2,octagram
3226,66.32185155148925,31.9569208208439,3098,2,octagram
3227,61.6111174355969,21.37598693484747,3003,2,octagram
3228,81.1078209444219,30.131808165216412,2166,1,inner_ring
3229,69.2231165604975,31.214215759291452,3118,2,octagram
3230,67.10938680944423,23.84522302268872,2112,1,inner_ring
3231,64.45126153568462,19.936673245358115,2096,1,inner_ring
3232,69.77377585701359,26.49016293141986,2136,1,inner_ring
3233,63.18197879659709,16.77591350053432,5538,5,text_en_1919
3234,57.74430547906198,11.264807744316357,1232,0,outer_ring
3235,52.60779641549335,15.205649097257375,5584,5,text_en_1919
3236,52.39565456569945,22.038108725875166,2056,1,inner_ring
3237,49.56116538258942,14.465659740181595,5664,5,text_en_1919
3238,49.81465868143067,12.835764327410246,918,0,outer_ring
3239,43.91637539733273,14.07190130076533,735,0,outer_ring
3240,52.83630950950316,7.7562920918306615,1054,0,outer_ring
3241,52.567150404551754,8.613389745112615,1046,0,outer_ring
3242,49.83303863805218,6.374957781952795,945,0,outer_ring
3243,56.6135686955735,11.798205586949438,1199,0,outer_ring
3244,53.59546899207888,5.877802673239446,1090,0,outer_ring
3245,45.24010068024696,6.32860659803141,783,0,outer_ring
3246,48.27164571764904,10.229749035402744,865,0,outer_ring
3247,46.26784885724728,9.848076419518561,788,0,outer_ring
3248,48.64014128391193,6.771515598643407,888,0,outer_ring
3249,54.675033745055174,9.50164705511269,1135,0,outer_ring
3250,57.35227814505675,9.990217614741466,1223,0,outer_ring
3251,59.44463289488231,2.701498950339977,1263,0,outer_ring
3252,64.60051518459511,10.6864123164887,1413,0,outer_ring
3253,62.49138528308651,7.983140325524777,1338,0,outer_ring
3254,68.13053533177289,10.678653049264282,1514,0,outer_ring
3255,74.14712611333677,10.300218041299052,1583,0,outer_ring
3256,76.27832592940675,9.914059926164738,1597,0,outer_ring
3257,63.1908582844505,8.478988954996524,1355,0,outer_ring
3258,65.15294135956246,0.5625524950614108,1376,0,outer_ring
3259,69.30683310015121,9.039393957649718,1530,0,outer_ring
3260,40.00723341726112,27.401452688444348,2853,2,octagram
3261,39.497701791584916,25.281315911022215,2871,2,octagram
3262,80.13885485155218,39.87405863318751,3167,2,octagram
3263,50.12523179088081,93.94259066962618,314,0,outer_ring
3264,47.518391127416514,90.79268617764544,407,0,outer_ring
3265,47.95529383426553,92.4317202704022,385,0,outer_ring
3266,53.508823839064235,97.36952913966363,221,0,outer_ring
3267,48.53383913240379,92.97678038797247,361,0,outer_ring
3268,41.26433852292527,90.37433724386158,557,0,outer_ring
3269,43.79461638088932,92.62768415933574,503,0,outer_ring
3270,40.602584809176214,86.19042810188508,581,0,outer_ring
3271,34.52763018008872,90.16987547301848,628,0,outer_ring
3272,35.41016100551891,84.02628124703018,639,0,outer_ring
3273,34.87947473361816,83.05270344775364,645,0,outer_ring
3274,28.293358595129096,72.70054390200654,4716,5,text_en_1919
3275,32.77231774383857,74.69958974933807,4698,5,text_en_1919
3276,21.80872405217832,60.51233685709698,4939,5,text_en_1919
3277,26.18184495627563,61.76893568384549,4855,5,text_en_1919
3278,22.341161046990013,60.68839011924193,4942,5,text_en_1919
3279,21.942011945184788,53.85133516623397,5076,5,text_en_1919
3280,25.76456046939165,50.71745908637208,5077,5,text_en_1919
3281,23.299367178278967,53.26373432748715,5079,5,text_en_1919
3282,31.207379010808374,51.80221411186222,2641,2,octagram
3283,35.34663175050631,59.043728422258155,2563,2,octagram
3284,41.91614974193725,53.079740191349174,3361,3,stroke_nan
3285,41.442776444732786,54.43217990262846,3325,3,stroke_nan
3286,47.5232707315758,55.42242230411678,3319,3,stroke_nan
3287,50.73231178102311,69.32158669216201,2440,2,octagram
3288,52.030119269453195,69.14004038477655,2430,2,octagram
3289,63.729288086082825,53.3635135832868,3879,4,stroke_kai
3290,58.29483007539899,72.8174894889253,1746,1,inner_ring
3291,64.44034913428396,73.75278988604154,1727,1,inner_ring
3292,61.83156598425784,70.8233265958924,2354,2,octagram
3293,61.43912683051453,69.9172624191363,2364,2,octagram
3294,57.010436973537786,59.645402870702334,3803,4,stroke_kai
3295,56.78472295301534,49.83112104605951,3965,4,stroke_kai
3296,51.5840628720108,43.90668051391154,3592,3,stroke_nan
3297,44.02530395490828,43.27402717657652,3559,3,stroke_nan
3298,48.640495772384405,39.951332305320534,3655,3,stroke_nan
3299,47.830059078517195,46.88773296022496,3513,3,stroke_nan
3300,47.73241685193837,34.55504119228271,3764,3,stroke_nan
3301,43.60946368033064,35.25707845663751,3759,3,stroke_nan
3302,44.853780344809714,29.291401354093647,2920,2,octagram
3303,32.91867129546819,29.53748331062191,1974,1,inner_ring
3304,31.42029683372438,35.68104705105966,2742,2,octagram
3305,30.72152953229292,40.803496510211374,2723,2,octagram
3306,29.44982106723144,41.06076012541949,1926,1,inner_ring
3307,38.512702301597116,40.67753690441908,3653,3,stroke_nan
3308,39.437382659602264,49.36007830206343,3461,3,stroke_nan
3309,29.624280483546137,35.82003398286809,1947,1,inner_ring
3310,30.448551402320362,35.36930053179311,2747,2,octagram
3311,24.558691897974366,32.36029923663803,5394,5,text_en_1919
3312,36.00079572767383,26.711824998563788,1995,1,inner_ring
3313,39.18145825482184,18.370658244315464,5546,5,text_en_1919
3314,53.45273727779001,21.06067135209353,2058,1,inner_ring
3315,53.54696430165366,18.798555364989845,2059,1,inner_ring
3316,46.84392046373268,25.239414362136053,2916,2,octagram
3317,55.541408528057964,43.78312926555895,4062,4,stroke_kai
3318,51.73642694350568,35.74171974746729,3755,3,stroke_nan
3319,55.046869574148175,38.28412138929966,4218,4,stroke_kai
3320,56.31754314587714,45.26560021224239,4039,4,stroke_kai
3321,58.52005389581623,44.238352930621296,4068,4,stroke_kai
3322,58.08817714670105,44.23000782902116,4058,4,stroke_kai
3323,75.48702070140182,38.79461661943022,3176,2,octagram
3324,69.63146109891154,49.479238514845534,3228,2,octagram
3325,72.92135687639762,43.83165600936896,3197,2,octagram
3326,74.94668070438291,62.46783407572288,2228,2,octagram
3327,72.38591194598634,60.220525497886165,2243,2,octagram
3328,70.21581939864254,62.42901140857005,2269,2,octagram
3329,65.69101962145457,71.28152823570515,2337,2,octagram
3330,49.93734651657695,76.91124317577801,1777,1,inner_ring
3331,46.75302553257929,81.07423329163323,4510,5,text_en_1919
3332,51.952220240681406,89.16903009711632,275,0,outer_ring
3333,52.727894616472504,84.14405503182178,4342,5,text_en_1919
3334,52.81513272491971,90.89074402016693,247,0,outer_ring
3335,59.2438629088364,83.30516214440904,4466,5,text_en_1919
3336,56.30415125582775,84.56944235696066,4379,5,text_en_1919
3337,52.603519418746764,79.80513456835038,4528,5,text_en_1919
3338,51.7371845064223,76.16483108036645,1766,1,inner_ring
3339,47.93800586468626,76.87705201665001,1788,1,inner_ring
3340,46.472159223318194,74.29181138290714,2474,2,octagram
3341,27.720195570918055,55.638867597563255,1878,1,inner_ring
3342,32.530984521468596,58.43407065621019,2580,2,octagram
3343,31.791640520777058,67.66729339760961,1831,1,inner_ring
3344,54.79518983212622,90.60862150374369,194,0,outer_ring
3345,61.5947933273502,94.1639331652718,76,0,outer_ring
3346,61.60272531175379,94.77870135557706,77,0,outer_ring
3347,63.960163232796205,91.3018446262337,51,0,outer_ring
3348,65.53197775690347,94.51612712692375,43,0,outer_ring
3349,78.79313272245682,69.3951413438547,4781,5,text_en_1919
3350,76.02380000447673,76.87124566674369,4691,5,text_en_1919
3351,76.60314948187278,76.60159534733474,4669,5,text_en_1919
3352,78.50539186816495,71.87551121426603,4742,5,text_en_1919
3353,81.36809164643793,66.17361811376882,4834,5,text_en_1919
3354,77.97935214546567,60.34063199390033,2216,2,octagram
3355,83.07970519910516,57.209307953161435,4982,5,text_en_1919
3356,80.75771268014219,52.80689133236086,1637,1,inner_ring
3357,81.07012308173832,53.33796501087458,1640,1,inner_ring
3358,87.86939091614555,45.64201437741232,5201,5,text_en_1919
3359,91.23882204188399,49.12261272410232,5087,5,text_en_1919
3360,90.95776178166153,42.109706280522566,5231,5,text_en_1919
3361,95.4436130314678,40.368832371034074,5266,5,text_en_1919
3362,80.40689055065047,32.651872026862286,2169,1,inner_ring
3363,93.22277378497904,46.73160204040322,5113,5,text_en_1919
3364,59.356851156054994,34.806287730600786,4254,4,stroke_kai
3365,74.40018920930689,39.89580029797836,3182,2,octagram
3366,61.478427922944164,42.025990158814565,4155,4,stroke_kai
3367,66.0182234051169,41.42679527045844,4138,4,stroke_kai
3368,63.12992452377493,24.801299416819784,2999,2,octagram
3369,62.18677713120186,23.90586912223753,3001,2,octagram
3370,76.19845562835405,38.40350858547577,3170,2,octagram
3371,72.41628638353512,36.121180623563504,3137,2,octagram
3372,66.26657782801892,22.656804028940773,3024,2,octagram
3373,64.36647918297473,19.180658717627214,2094,1,inner_ring
3374,59.13007790057943,16.262443097654973,5609,5,text_en_1919
3375,62.45038912022962,16.66572003753066,5533,5,text_en_1919
3376,58.271599429966194,17.25159954551563,5537,5,text_en_1919
3377,55.32884436109797,10.187499135538406,1153,0,outer_ring
3378,53.281760088542235,15.827428309598877,5565,5,text_en_1919
3379,51.06808888297901,16.66442985619079,5564,5,text_en_1919
3380,44.457556544455294,11.823947107994696,748,0,outer_ring
3381,43.79356815242914,10.695050078678545,747,0,outer_ring
3382,55.415244576124195,6.220047907270324,1148,0,outer_ring
3383,56.45624596449279,7.67425463344651,1185,0,outer_ring
3384,53.989734810400414,7.216641346859288,1105,0,outer_ring
3385,56.767545724825546,7.601261119574253,1193,0,outer_ring
3386,53.18937614603719,6.695658103799066,1073,0,outer_ring
3387,48.853228347545965,6.749167079227782,896,0,outer_ring
3388,49.96930320091513,9.013967893848342,943,0,outer_ring
3389,49.47625292191729,6.3502081475418,927,0,outer_ring
3390,51.58826593345084,13.333526578790703,1005,0,outer_ring
3391,43.37940995079699,3.0494625941416915,764,0,outer_ring
3392,56.96919980157294,6.862760224735709,1201,0,outer_ring
3393,54.333874082781236,8.811249261692767,1121,0,outer_ring
3394,61.5558496672736,7.367032189447734,1315,0,outer_ring
3395,64.26704893911356,9.370407307515409,1392,0,outer_ring
3396,67.22966922356153,7.779439394052913,1474,0,outer_ring
3397,69.65477330908892,8.121072472018495,1531,0,outer_ring
3398,73.65525554922476,8.171373826076147,1571,0,outer_ring
3399,67.21348349801387,8.248672024509816,1476,0,outer_ring
3400,69.81437118457507,3.6840792880651794,1511,0,outer_ring
3401,69.78621464053371,4.506019141602727,1516,0,outer_ring
3402,37.264408418184466,24.435506590909867,2007,1,inner_ring
3403,41.622510097741454,27.76601797854854,2857,2,octagram
3404,86.05942654115682,35.88594517023801,2174,1,inner_ring
3405,49.571448234448106,87.85528555418841,350,0,outer_ring
3406,47.152468862528714,91.8348711362907,414,0,outer_ring
3407,45.06384768614316,94.60383562082755,459,0,outer_ring
3408,57.882175414359814,95.86288101530305,133,0,outer_ring
3409,49.53960784159382,93.81867615476347,328,0,outer_ring
3410,45.51070052989926,90.04413617411356,472,0,outer_ring
3411,41.02659606873922,95.24685620169627,536,0,outer_ring
3412,43.03056037526087,90.03894295340962,528,0,outer_ring
3413,39.35439457975258,85.30147360972592,601,0,outer_ring
3414,35.43224172774828,69.83907196892245,1820,1,inner_ring
3415,36.30855273886889,73.12449608069858,1811,1,inner_ring
3416,28.675591836026225,69.31598252658763,4752,5,text_en_1919
3417,24.93452552420935,81.61077956423037,680,0,outer_ring
3418,20.15937347031576,65.41984558076346,4823,5,text_en_1919
3419,22.427728295198907,57.253540921189526,4971,5,text_en_1919
3420,18.47370291758196,48.541745157492144,700,0,outer_ring
3421,21.85255726221628,55.13968907731372,5000,5,text_en_1919
3422,29.6611981857477,50.60876268413644,1895,1,inner_ring
3423,25.6419956738286,47.56500802761701,5162,5,text_en_1919
3424,34.02255882079858,50.54395357504369,2665,2,octagram
3425,38.45762221733869,49.638060222653706,3456,3,stroke_nan
3426,40.842635147234105,58.046527823440464,2547,2,octagram
3427,40.56450861491918,64.24161192089211,2518,2,octagram
3428,48.90488926164939,55.101918716709,3349,3,stroke_nan
3429,51.548559556966474,53.621026297705725,3369,3,stroke_nan
3430,52.396623850352,62.82601723350544,2419,2,octagram
3431,57.17502212857567,67.90080169930843,2394,2,octagram
3432,61.948851759613355,58.76620933806844,3820,4,stroke_kai
3433,57.9181321922068,70.73466677478633,2383,2,octagram
3434,61.97778528452572,69.02174744266027,2361,2,octagram
3435,54.93153585428275,66.36161447323862,2417,2,octagram
3436,59.950141171304,53.86457456564171,3883,4,stroke_kai
3437,54.532238098384155,45.61343647634059,4042,4,stroke_kai
3438,51.95785122778471,46.95263565303069,3496,3,stroke_nan
3439,51.31697112470865,39.99387174374363,3675,3,stroke_nan
3440,48.51617063402346,43.398411959509,3610,3,stroke_nan
3441,52.57677882147249,48.25673768909082,3468,3,stroke_nan
3442,43.575988316315865,42.02757624082025,3630,3,stroke_nan
3443,44.46802150357442,32.55905055126031,3775,3,stroke_nan
3444,36.81453705355106,31.173496961493008,2806,2,octagram
3445,37.4730486149619,31.36661614547738,2809,2,octagram
3446,29.269288958745115,39.27018234773714,1932,1,inner_ring
3447,26.600382849974313,35.06305499079308,5371,5,text_en_1919
3448,32.35998681981871,40.54041884145232,2716,2,octagram
3449,41.311748999997754,47.89320786343974,3506,3,stroke_nan
3450,43.979650216083805,44.731017612713494,3540,3,stroke_nan
3451,31.87066467387474,45.44318937175196,2694,2,octagram
3452,17.894315798519685,39.68814621815788,704,0,outer_ring
3453,25.95971465944663,36.84485444731772,5364,5,text_en_1919
3454,33.772173095126234,26.718049996393578,1987,1,inner_ring
3455,42.39289138711766,25.58004199443409,2877,2,octagram
3456,37.725811206721616,24.998801894685094,2008,1,inner_ring
3457,45.616105336621516,24.118026069016157,2905,2,octagram
3458,48.69623489441336,28.202067005939966,2938,2,octagram
3459,58.07153358977622,30.985185262800055,4287,4,stroke_kai
3460,50.81787221319468,39.51486446161461,3676,3,stroke_nan
3461,57.81590907527788,31.75066189292525,4286,4,stroke_kai
3462,55.68346560784473,40.720682740352615,4144,4,stroke_kai
3463,57.714651441085294,48.419615213533035,3997,4,stroke_kai
3464,59.1161817854829,41.57997045755453,4147,4,stroke_kai
3465,62.103461127883776,51.91200093624707,3927,4,stroke_kai
3466,66.01945902077647,47.45151939643096,4023,4,stroke_kai
3467,69.47589238208259,46.68137106221656,3220,2,octagram
3468,74.13779082446368,52.999623776874685,3257,2,octagram
3469,73.11364593772467,58.76252216797748,2236,2,octagram
3470,75.13692474224595,55.28728553939517,3271,2,octagram
3471,68.50662956389962,63.55422206118944,2273,2,octagram
3472,46.571931416469745,72.22935841003958,2468,2,octagram
3473,48.982352896268566,82.21413221114561,4393,5,text_en_1919
3474,55.67064915886323,91.68218261373512,177,0,outer_ring
3475,48.93034710418967,92.22959009869219,353,0,outer_ring
3476,54.13536328784244,90.70782771221234,210,0,outer_ring
3477,54.500105455317446,81.69152136267645,4470,5,text_en_1919
3478,54.60099127429344,83.84319229722614,4378,5,text_en_1919
3479,55.07744566180105,81.04482230731941,4529,5,text_en_1919
3480,54.58997371299749,76.09353804066286,1757,1,inner_ring
3481,50.026001956283494,83.3628230266611,4372,5,text_en_1919
3482,49.03822382332464,77.68071271830304,4631,5,text_en_1919
3483,30.24077449884629,61.77871669847365,1857,1,inner_ring
3484,26.39878375397723,65.26241195633511,4816,5,text_en_1919
3485,26.109977956699034,66.40570245628925,4800,5,text_en_1919
3486,51.24802250156231,90.53146977564676,289,0,outer_ring
3487,56.41206382768083,88.89139669972334,157,0,outer_ring
3488,60.95023970334616,91.93506570201666,87,0,outer_ring
3489,67.51207739852231,95.7153857428951,26,0,outer_ring
3490,66.88641724110829,85.53726901429302,4437,5,text_en_1919
3491,69.7440875202448,83.30071323679006,4531,5,text_en_1919
3492,72.11320135805433,84.5198687031438,4497,5,text_en_1919
3493,76.54840879587648,76.73846837586942,4664,5,text_en_1919
3494,70.92821227484009,75.68775013086322,1716,1,inner_ring
3495,78.28592629164389,69.44059935112057,4817,5,text_en_1919
3496,81.07121060411237,63.70136947784838,4889,5,text_en_1919
3497,79.73333756125345,64.07825930285344,1658,1,inner_ring
3498,81.12907954497416,64.01053350601474,4885,5,text_en_1919
3499,86.70970413547772,52.95979135399284,5021,5,text_en_1919
3500,82.82087372617792,50.59305643420702,1624,1,inner_ring
3501,89.79858880608549,42.9864887482073,5230,5,text_en_1919
3502,91.59341466165087,46.20901411568707,5159,5,text_en_1919
3503,85.40383193156828,38.17643382280207,2180,1,inner_ring
3504,84.45466346163444,37.50341264942785,2176,1,inner_ring
3505,82.12712346525329,34.320265935659336,3156,2,octagram
3506,54.92590060851872,41.61417543703603,4119,4,stroke_kai
3507,67.11851196245712,34.41160647343817,3111,2,octagram
3508,65.4913569363733,33.22590063705893,3094,2,octagram
3509,56.41210760433271,24.930605771746723,2978,2,octagram
3510,70.83197349701513,36.52463578741755,3130,2,octagram
3511,65.40807330212044,24.14557673120541,3039,2,octagram
3512,76.31392744963605,35.23313816089803,3150,2,octagram
3513,74.12160078047162,29.563126321928515,2158,1,inner_ring
3514,71.09769947469727,23.54473152786983,2128,1,inner_ring
3515,65.50692565119627,20.0316566106555,2098,1,inner_ring
3516,60.21969958896391,18.8961629400472,5471,5,text_en_1919
3517,56.44021498918068,8.922076937818662,1186,0,outer_ring
3518,56.26236258941267,15.29764700088033,5646,5,text_en_1919
3519,60.674520673018804,17.625241189802413,5555,5,text_en_1919
3520,50.7206088711945,19.141306038969052,5470,5,text_en_1919
3521,53.63117850151613,16.240293639248037,5560,5,text_en_1919
3522,47.0446503119175,15.076453720747999,5628,5,text_en_1919
3523,45.491208663378615,6.882815918340872,785,0,outer_ring
3524,49.350104163371626,13.9430972282182,5675,5,text_en_1919
3525,46.812686719080375,17.115144917709202,5591,5,text_en_1919
3526,54.96288129422346,12.763943556849528,1141,0,outer_ring
3527,58.83906882017254,9.898406749424932,1264,0,outer_ring
3528,54.14140622048405,8.198738308911503,1112,0,outer_ring
3529,51.00714567953876,9.215508279232862,988,0,outer_ring
3530,49.6451091954749,8.430903685726827,928,0,outer_ring
3531,45.76871062309214,3.952913222779268,803,0,outer_ring
3532,50.968051000846465,9.647444798953476,982,0,outer_ring
3533,55.45289834207258,8.554085876030708,1154,0,outer_ring
3534,55.69404524340523,17.62642946259148,5498,5,text_en_1919
3535,58.03902588297756,8.202880828700376,1235,0,outer_ring
3536,65.49503787285079,4.316493803648348,1406,0,outer_ring
3537,66.32480335519465,13.396568836021205,5582,5,text_en_1919
3538,67.98957088604676,11.2271254825134,1515,0,outer_ring
3539,75.04739647974678,9.205763873963017,1585,0,outer_ring
3540,77.4307488183953,11.110601176136003,1603,0,outer_ring
3541,67.68332503505465,8.337731858524855,1488,0,outer_ring
3542,68.25725502051779,6.392569320869568,1493,0,outer_ring
3543,67.2283978629262,12.889966597874482,1505,0,outer_ring
3544,38.830034835638045,27.46956702629798,2846,2,octagram
3545,47.062173698964976,18.716752349492058,5465,5,text_en_1919
3546,92.01434472441827,41.41364194001442,5233,5,text_en_1919
3547,46.02989654849262,93.49785222899685,440,0,outer_ring
3548,46.080069577048235,92.69692393226663,445,0,outer_ring
3549,47.17119164596942,90.06524216180975,423,0,outer_ring
3550,58.34855819881605,92.37622532487651,121,0,outer_ring
3551,49.317849839962705,93.52800240001409,337,0,outer_ring
3552,42.01902561032199,92.39204244263502,533,0,outer_ring
3553,41.26805664317247,89.4142223099861,559,0,outer_ring
3554,43.53762308486946,87.28598452442245,532,0,outer_ring
3555,49.24971660709787,86.76106095990491,367,0,outer_ring
3556,37.68902328416018,75.61700483623187,1807,1,inner_ring
3557,28.96325521049525,80.32096384104062,676,0,outer_ring
3558,38.04185333503312,69.31269772876593,2502,2,octagram
3559,34.78952251676107,70.80083797086496,1819,1,inner_ring
3560,23.239205280129255,63.73260814557419,4847,5,text_en_1919
3561,24.256720547817498,65.56331079517999,4805,5,text_en_1919
3562,27.125793594652986,57.482859611432886,2618,2,octagram
3563,24.873205563943227,46.626738524644594,5208,5,text_en_1919
3564,19.861972193653703,50.06711966666442,5124,5,text_en_1919
3565,28.52417112044032,49.92049492264046,1899,1,inner_ring
3566,33.5783184752628,50.128318502802685,2666,2,octagram
3567,36.19722259004112,47.84063917138995,3515,3,stroke_nan
3568,45.17257985329316,55.67848932286085,3306,3,stroke_nan
3569,41.50081910971931,59.4436180794468,2540,2,octagram
3570,44.698727907756286,54.53253833111681,3340,3,stroke_nan
3571,52.80876253644205,57.19795092631764,3317,3,stroke_nan
3572,51.12308834749039,67.8341476350604,2431,2,octagram
3573,60.59454689674555,57.78141640517634,3825,4,stroke_kai
3574,59.91706372399916,54.91574924909965,3875,4,stroke_kai
3575,59.494274570614905,73.45919362413515,1742,1,inner_ring
3576,66.47057405381442,69.11213706674758,2322,2,octagram
3577,64.90722104987546,63.35291818933531,2289,2,octagram
3578,56.74813199683212,53.240759051546924,3889,4,stroke_kai
3579,48.34038396772432,46.867334683482724,3489,3,stroke_nan
3580,52.53131103184942,45.26198994996881,3553,3,stroke_nan
3581,49.89389643873968,49.849311093740994,3440,3,stroke_nan
3582,55.852730671016026,39.44125794997884,4203,4,stroke_kai
3583,48.47623662268617,46.5513029710265,3495,3,stroke_nan
3584,42.15849350869218,29.5796735375471,2841,2,octagram
3585,43.11029283150435,32.883929653826904,3771,3,stroke_nan
3586,42.68921874803693,29.156275359614412,2847,2,octagram
3587,34.49238618655194,35.65377204228881,2773,2,octagram
3588,32.0768783158661,40.05600264022163,2721,2,octagram
3589,29.67917557686052,36.04722165357195,1945,1,inner_ring
3590,28.80068741418012,47.283318362895876,1910,1,inner_ring
3591,37.587861699399944,48.364178218790336,3484,3,stroke_nan
3592,44.04929236893465,52.33254084185804,3407,3,stroke_nan
3593,27.233695748024438,42.00618535137055,5270,5,text_en_1919
3594,20.773535130122614,34.74556270360692,5393,5,text_en_1919
3595,28.998006387718846,34.27439899753239,1948,1,inner_ring
3596,37.082597523082526,34.20730971734947,2800,2,octagram
3597,35.434626759177846,19.44960375370205,5604,5,text_en_1919
3598,44.235119166357315,21.06110401950824,2034,1,inner_ring
3599,41.892081248820546,23.403745259957056,2888,2,octagram
3600,51.01380572585641,29.941214827792948,2948,2,octagram
3601,48.801786539518886,32.494034120244095,3782,3,stroke_nan
3602,46.58364362066666,41.903248272660356,3620,3,stroke_nan
3603,54.78691912893549,40.460106138014766,4154,4,stroke_kai
3604,61.23116717880427,49.27700801588708,3967,4,stroke_kai
3605,62.46185649630329,35.1861809551244,4237,4,stroke_kai
3606,65.42826501565837,44.72510985183667,4090,4,stroke_kai
3607,56.25398951027028,52.993699473786776,3906,4,stroke_kai
3608,69.62856914648661,53.87071263566768,3248,2,octagram
3609,64.75366841489488,45.54537060524867,4069,4,stroke_kai
3610,72.59926827948622,57.727875316639455,2235,2,octagram
3611,72.80204294353541,54.700719450783176,3261,2,octagram
3612,70.45405344524634,67.72788032579267,2310,2,octagram
3613,64.57574910090932,69.59515496224692,2327,2,octagram
3614,45.397945969931094,75.6473909083064,1799,1,inner_ring
3615,48.07284855301194,81.66056077915987,4399,5,text_en_1919
3616,51.21178854301006,85.55948158296164,306,0,outer_ring
3617,47.00392331008378,83.22138231745922,4388,5,text_en_1919
3618,55.882590178336685,87.31608498448865,170,0,outer_ring
3619,56.99462787356031,86.23759102455988,4312,5,text_en_1919
3620,54.36265301419443,91.09622840290116,203,0,outer_ring
3621,52.92523230663669,81.78343904243637,4474,5,text_en_1919
3622,44.18038250296917,70.86610387515299,2489,2,octagram
3623,47.649857787710694,77.85636833047967,4630,5,text_en_1919
3624,48.850464166092145,75.55055629080593,1786,1,inner_ring
3625,30.371201518778395,61.48774110596509,1860,1,inner_ring
3626,30.587797872197495,62.81791828157401,1851,1,inner_ring
3627,30.540282634158718,61.98702565695914,1855,1,inner_ring
3628,54.22825685128031,94.1786744115841,204,0,outer_ring
3629,56.94019916801563,92.96709051186626,148,0,outer_ring
3630,65.6105512609086,92.34683323518028,41,0,outer_ring
3631,60.522411203071236,94.8374723082209,92,0,outer_ring
3632,71.80781590086379,86.31743274562962,4449,5,text_en_1919
3633,69.48064659870613,81.61723699658778,4590,5,text_en_1919
3634,76.25452515363537,79.54170310766776,4642,5,text_en_1919
3635,81.51245949490809,81.94102450546322,0,0,outer_ring
3636,79.70438708192052,76.31932830222978,4714,5,text_en_1919
3637,80.50395196385136,67.65440013578099,4809,5,text_en_1919
3638,80.09744239709848,63.198283374993274,1657,1,inner_ring
3639,84.21109267378765,56.36887966807982,4978,5,text_en_1919
3640,81.87882151520071,59.388106710065266,2210,2,octagram
3641,83.59367259952654,50.719543133649154,1625,1,inner_ring
3642,88.91180085678133,55.05423327707158,4963,5,text_en_1919
3643,86.6311348770701,46.69220832617349,5180,5,text_en_1919
3644,87.05540959717321,46.51516182528797,5190,5,text_en_1919
3645,91.82785876288261,44.43321553564459,5186,5,text_en_1919
3646,95.63932244800033,43.961382167112795,5207,5,text_en_1919
3647,94.76468693398203,46.5904978414596,5110,5,text_en_1919
3648,63.0430590987872,38.600633852086254,4195,4,stroke_kai
3649,63.25598720380762,37.64524584564708,4221,4,stroke_kai
3650,60.86291478806685,34.728267600989255,4256,4,stroke_kai
3651,67.10213406164708,28.3289172418067,3073,2,octagram
3652,70.31222515801628,33.61309917719304,3127,2,octagram
3653,66.05526634374236,25.644497471503698,3054,2,octagram
3654,70.2014753545603,22.231014222459944,2121,1,inner_ring
3655,71.46932161902832,27.663465978013942,2147,1,inner_ring
3656,67.17049413698851,19.817368315812917,5434,5,text_en_1919
3657,62.378398072448704,24.42131937505984,2997,2,octagram
3658,62.297650591591804,18.579588636455888,5478,5,text_en_1919
3659,59.21254490253359,16.496564451094226,5603,5,text_en_1919
3660,51.246194306154074,16.037870733597636,5597,5,text_en_1919
3661,64.55080911886408,8.66355344144703,1397,0,outer_ring
3662,50.03610903639185,11.600548253181778,932,0,outer_ring
3663,47.71694350810745,16.768289377387326,5595,5,text_en_1919
3664,53.270099334537264,2.7820827297003468,1078,0,outer_ring
3665,45.672699428576365,11.950888804628846,767,0,outer_ring
3666,45.953579193460776,16.36542021900368,5552,5,text_en_1919
3667,49.130981102618385,9.513744040644918,897,0,outer_ring
3668,55.955704756083676,7.535188291508965,1169,0,outer_ring
3669,55.63507974874076,6.380244773777555,1158,0,outer_ring
3670,59.62166471383366,4.910804555324993,1277,0,outer_ring
3671,50.12112012706061,7.2352093482628,954,0,outer_ring
3672,47.896023616913276,11.092791849855924,841,0,outer_ring
3673,48.34088576531879,7.147768023057266,871,0,outer_ring
3674,50.38088251115334,10.397203840987302,956,0,outer_ring
3675,52.372851239579546,10.96121551212976,1038,0,outer_ring
3676,58.44090393564135,10.318263817340448,1255,0,outer_ring
3677,65.08158796203027,8.790511122710742,1418,0,outer_ring
3678,72.93863273129362,16.85728057918728,5485,5,text_en_1919
3679,64.39976546396647,10.353978134427726,1402,0,outer_ring
3680,68.97387865759559,9.756985017489479,1527,0,outer_ring
3681,69.73744005283646,14.052910799730574,5594,5,text_en_1919
3682,72.00899071790245,14.619825523507611,5534,5,text_en_1919
3683,68.35444027184525,3.8956780199545364,1483,0,outer_ring
3684,70.73823408302512,12.095346531629964,1557,0,outer_ring
3685,66.60378390661309,4.966021619914101,1440,0,outer_ring
3686,37.33498214879194,33.893062370363204,2805,2,octagram
3687,42.39573139013383,22.326093587704584,2025,1,inner_ring
3688,79.23936425483241,41.09807366722422,3181,2,octagram
3689,53.37920080319466,90.70818517412559,236,0,outer_ring
3690,45.032845652614796,89.61340219000655,488,0,outer_ring
3691,44.874146551840916,90.34692356340655,487,0,outer_ring
3692,54.60321574659157,90.75317708329253,198,0,outer_ring
3693,52.07636465147468,92.34539327570772,268,0,outer_ring
3694,49.174982370506754,93.47695217339641,344,0,outer_ring
3695,42.5415418275849,89.55149269204566,538,0,outer_ring
3696,36.46098217431405,89.09609085151554,617,0,outer_ring
3697,41.8537369722975,89.30484666390413,553,0,outer_ring
3698,41.18859559235983,77.44942068081414,1801,1,inner_ring
3699,37.730841463056656,73.24398734415014,1808,1,inner_ring
3700,27.789243815097123,72.77461525535149,4710,5,text_en_1919
3701,33.116235662057335,72.30131163888964,1822,1,inner_ring
3702,21.662192432831844,66.68238009541017,4787,5,text_en_1919
3703,26.01232239184305,65.68429190142845,4811,5,text_en_1919
3704,25.159257621424477,53.29377116752067,5070,5,text_en_1919
3705,22.15307034237321,59.478747750745235,4945,5,text_en_1919
3706,27.985162541259115,48.737809082597806,1905,1,inner_ring
3707,33.24448121753725,57.66153823266497,2577,2,octagram
3708,36.90986915863257,57.45128183178771,2561,2,octagram
3709,38.16786402000547,69.67778168048746,2500,2,octagram
3710,40.84496608196366,50.795495670473535,3417,3,stroke_nan
3711,45.088730072385324,51.599376507461045,3402,3,stroke_nan
3712,49.784242242636864,52.529445266095486,3408,3,stroke_nan
3713,49.95772678394983,54.62105085516345,3363,3,stroke_nan
3714,55.844701329928796,68.59326668312835,2400,2,octagram
3715,58.6187292973983,59.52552251829469,3804,4,stroke_kai
3716,58.42416755067933,53.87434332339429,3897,4,stroke_kai
3717,64.5113475982839,62.52462742713602,2283,2,octagram
3718,61.44420150175519,69.33930538040889,2366,2,octagram
3719,62.530315274894974,74.58519691834614,1734,1,inner_ring
3720,64.39959178227646,57.75736803097567,3829,4,stroke_kai
3721,54.112000861842496,48.71547008130101,3983,4,stroke_kai
3722,46.958979462042315,49.94424193149677,3427,3,stroke_nan
3723,45.54220271598397,53.70762947230416,3385,3,stroke_nan
3724,51.66801397374857,47.03980705449563,3487,3,stroke_nan
3725,50.89015690495226,42.05896327520501,3614,3,stroke_nan
3726,46.96909751633024,35.87199768795454,3738,3,stroke_nan
3727,38.97165761555713,29.913352714770483,2831,2,octagram
3728,33.94216821690733,33.53905939827228,2772,2,octagram
3729,40.27397069004313,27.268920024208857,2858,2,octagram
3730,27.950041267869604,46.67814670259205,5250,5,text_en_1919
3731,28.30279994690549,34.33287878808833,5372,5,text_en_1919
3732,28.112773296489102,43.612288139112884,1921,1,inner_ring
3733,34.234041151714706,44.35378810409758,2692,2,octagram
3734,40.28599062625773,45.68705480918992,3549,3,stroke_nan
3735,28.21554004778409,43.18024250613054,1922,1,inner_ring
3736,30.313333208357975,29.297686166443963,1964,1,inner_ring
3737,26.840065764670957,36.75367730574464,5362,5,text_en_1919
3738,35.46467844694762,32.24841393307536,2792,2,octagram
3739,35.609074057920914,24.994111886265802,1996,1,inner_ring
3740,45.268652482564356,24.42869870662337,2904,2,octagram
3741,49.178377070402526,23.45811042613241,2047,1,inner_ring
3742,49.4598912011719,25.223090597353035,2931,2,octagram
3743,48.30750670763732,30.74281589071711,2943,2,octagram
3744,50.59742980094865,37.14993211120862,3730,3,stroke_nan
3745,54.23670381539009,38.44303621661203,4216,4,stroke_kai
3746,61.944567120358435,44.40977050883309,4066,4,stroke_kai
3747,57.068755126280735,42.83595890275596,4092,4,stroke_kai
3748,63.47026611175176,48.937041537875984,3975,4,stroke_kai
3749,69.27232471603926,49.432389911973836,3224,2,octagram
3750,78.421966813812,39.613106835689614,3172,2,octagram
3751,66.32670691047784,48.010077584827116,4018,4,stroke_kai
3752,73.13460314896523,61.937501618072275,2242,2,octagram
3753,71.90330763377071,51.453578059608745,3242,2,octagram
3754,73.07953151117192,69.48198230199874,1692,1,inner_ring
3755,70.74718717487193,67.43044627613416,1695,1,inner_ring
3756,51.11339857348109,70.10055152946805,2442,2,octagram
3757,49.151765117395925,86.919899464861,372,0,outer_ring
3758,50.43951112735139,84.606252899248,4346,5,text_en_1919
3759,54.99908995573394,84.04969694815738,4339,5,text_en_1919
3760,50.77550505552823,82.32458804965341,4422,5,text_en_1919
3761,56.74811550444929,81.75421200832709,4488,5,text_en_1919
3762,57.60254387853844,93.06385780865017,134,0,outer_ring
3763,54.83835538556146,82.50261116583488,4423,5,text_en_1919
3764,51.80928363253967,78.29361411754994,4602,5,text_en_1919
3765,46.36634690688713,74.34605544588422,2475,2,octagram
3766,51.1497459728008,76.97823420838603,1770,1,inner_ring
3767,31.130109561635184,63.712287213801254,1844,1,inner_ring
3768,28.35756786175849,71.7478352733259,4717,5,text_en_1919
3769,32.26189527686208,54.13909031923285,2630,2,octagram
3770,58.308866816364656,92.65668172380784,123,0,outer_ring
3771,61.98676931957322,93.17342623629145,68,0,outer_ring
3772,63.518314274282886,86.3702551022882,4340,5,text_en_1919
3773,70.54020993627805,91.63851766453516,7,0,outer_ring
3774,70.30627273563232,81.67753137345179,4622,5,text_en_1919
3775,73.48190127786722,83.06987098123982,4580,5,text_en_1919
3776,71.86155490511763,79.19958834007716,4658,5,text_en_1919
3777,72.65054690343253,83.02243199573972,4557,5,text_en_1919
3778,77.76400366144988,76.0843763252254,4682,5,text_en_1919
3779,76.38461477950403,60.466914013370506,2220,2,octagram
3780,82.15498325571104,64.51012812546396,4868,5,text_en_1919
3781,80.95016407437679,63.1292606380645,4902,5,text_en_1919
3782,82.02798518458695,49.76101308142258,1622,1,inner_ring
3783,89.96194198197179,54.15971873651321,5016,5,text_en_1919
3784,82.37445618838629,51.34128964539238,1627,1,inner_ring
3785,87.64829700824492,46.15284684415825,5181,5,text_en_1919
3786,81.24848532611453,40.75266508930166,3168,2,octagram
3787,95.34559164065024,41.22466021802604,5253,5,text_en_1919
3788,97.26194908544834,49.09983910676472,5088,5,text_en_1919
3789,96.5976068734155,53.01262689587406,5034,5,text_en_1919
3790,56.85811849895535,39.83508566443874,4186,4,stroke_kai
3791,66.10449279142449,39.606942757502125,4170,4,stroke_kai
3792,60.196912541613436,52.712168937161294,3911,4,stroke_kai
3793,62.277835492396136,28.389125023133627,3066,2,octagram
3794,61.668066694448775,32.79351883921639,4275,4,stroke_kai
3795,64.39539465298064,29.3673777961346,3075,2,octagram
3796,76.60949487065898,27.65159796231741,2157,1,inner_ring
3797,67.07269367816762,26.19259514523567,3058,2,octagram
3798,73.02063320431616,20.629860668572732,2127,1,inner_ring
3799,65.38834160885003,19.895593571731702,3020,2,octagram
3800,64.38300701520521,20.942416217386956,3018,2,octagram
3801,63.73092657346261,20.502804720127305,2093,1,inner_ring
3802,57.86964267422583,12.298252157882182,1240,0,outer_ring
3803,57.5877513105912,18.236912033783963,5513,5,text_en_1919
3804,51.67627914084006,18.634253014729083,5523,5,text_en_1919
3805,46.762567297159556,7.645088567552626,812,0,outer_ring
3806,47.19334604581051,15.479475568811846,5617,5,text_en_1919
3807,45.32483013776175,12.43262001525308,757,0,outer_ring
3808,49.668247379250495,11.765190749305521,911,0,outer_ring
3809,51.2101507433584,10.38512533908413,995,0,outer_ring
3810,55.25293360744804,6.2743051273224655,1144,0,outer_ring
3811,53.592026104841416,10.514976523651258,1091,0,outer_ring
3812,54.159091942675744,6.294962696266633,1111,0,outer_ring
3813,46.50914986723295,7.703696733076514,806,0,outer_ring
3814,48.84376884130298,7.687226439441095,891,0,outer_ring
3815,47.70922130255444,7.92425224682915,854,0,outer_ring
3816,46.89618968044917,6.47059348111269,830,0,outer_ring
3817,50.37287639791198,6.30371894636248,962,0,outer_ring
3818,57.57599996554956,4.444413585278978,1217,0,outer_ring
3819,53.409832127411164,7.575652363084864,1082,0,outer_ring
3820,63.24063902555805,7.701389377937004,1354,0,outer_ring
3821,65.71319261985477,8.94171276557254,1438,0,outer_ring
3822,69.76746141090156,5.9787285281213,1522,0,outer_ring
3823,70.30820650196051,9.537723854584954,1542,0,outer_ring
3824,74.02580199668242,11.930067058289392,1586,0,outer_ring
3825,64.21961980162449,7.067081572030249,1378,0,outer_ring
3826,67.60378525044483,7.11908211085921,1482,0,outer_ring
3827,63.250407140647084,4.888609940857413,1349,0,outer_ring
3828,38.17657881355566,20.5697058284665,5519,5,text_en_1919
3829,43.764695625880435,25.278342868414036,2899,2,octagram
3830,93.5163803110707,43.28709497226434,5236,5,text_en_1919
3831,53.232036836146406,91.97680701747363,237,0,outer_ring
3832,50.577694471593446,89.83844223241029,312,0,outer_ring
3833,44.27843968202153,89.27964681411034,510,0,outer_ring
3834,56.20016132567689,95.34039927512335,162,0,outer_ring
3835,53.02975596011151,90.0075767012654,244,0,outer_ring
3836,45.037658996414955,89.7570567910355,486,0,outer_ring
3837,40.39770296872206,86.74723213537953,582,0,outer_ring
3838,39.27942304613026,83.9723503199023,609,0,outer_ring
3839,37.73323914903375,85.5966761528671,619,0,outer_ring
3840,34.015362913294844,85.84634019730358,643,0,outer_ring
3841,34.72541347226371,78.68067272261158,4551,5,text_en_1919
3842,21.646582676385933,73.7210929557553,686,0,outer_ring
3843,24.891709601411492,68.31490417104911,4778,5,text_en_1919
3844,19.20107761382046,62.17985943388317,4875,5,text_en_1919
3845,20.498137007035552,61.687185741901665,4887,5,text_en_1919
3846,24.26480391383973,57.583574216986094,4943,5,text_en_1919
3847,23.8546125595378,52.56790666919036,5092,5,text_en_1919
3848,28.533157030917234,52.72701693807294,1890,1,inner_ring
3849,25.190281367920754,50.91671960142862,5099,5,text_en_1919
3850,33.35403654305321,51.344899397548495,2655,2,octagram
3851,34.080641523314085,50.591464284490336,2662,2,octagram
3852,41.28467088959899,48.29030796095822,3497,3,stroke_nan
3853,40.160952046634094,58.38155293010358,2548,2,octagram
3854,45.6010657305348,52.84826920878396,3390,3,stroke_nan
3855,52.419567768876895,58.453209250381256,3312,3,stroke_nan
3856,56.33726521978905,54.23050437680331,3878,4,stroke_kai
3857,54.497846251120556,50.10615480789756,3951,4,stroke_kai
3858,57.58451587221566,59.476863684542245,3808,4,stroke_kai
3859,61.78598602018143,64.70692941600372,2303,2,octagram
3860,61.772363874093756,63.54272551183873,2297,2,octagram
3861,59.83576872735265,67.26788846816778,2381,2,octagram
3862,58.3912311122582,56.95120322549348,3847,4,stroke_kai
3863,53.26210238434798,49.51477973897915,3463,3,stroke_nan
3864,44.177010237416425,50.961050420477626,3412,3,stroke_nan
3865,45.36638353536448,36.531185844643005,3742,3,stroke_nan
3866,49.15197731709457,42.803382878368254,3638,3,stroke_nan
3867,51.084935703579255,40.36504822749929,3666,3,stroke_nan
3868,45.11294667220997,47.47521182647639,3508,3,stroke_nan
3869,43.480328195303656,43.36950842609486,3572,3,stroke_nan
3870,44.984094087685136,25.924110218359292,2908,2,octagram
3871,28.879980894498313,36.87701844097397,5356,5,text_en_1919
3872,32.8797023289535,33.59804703513561,2765,2,octagram
3873,27.641478134943757,34.73599914888297,5376,5,text_en_1919
3874,30.553040473258505,48.365094552344814,1907,1,inner_ring
3875,33.910390683275466,43.57485711630299,2697,2,octagram
3876,40.46589245988684,47.876247263808864,3524,3,stroke_nan
3877,29.948182219759577,39.38850707269133,1934,1,inner_ring
3878,33.18037345746549,33.89189663064799,2768,2,octagram
3879,22.97520970476621,40.16729033157462,5304,5,text_en_1919
3880,29.043150186182583,26.352411463011027,5422,5,text_en_1919
3881,39.80588728987862,9.736010006732432,727,0,outer_ring
3882,42.89745749428836,21.576102803274864,2027,1,inner_ring
3883,42.90717436453106,20.59811444477227,5505,5,text_en_1919
3884,50.81932706482828,22.532679947713266,2053,1,inner_ring
3885,54.890280953874694,27.848699313797905,2966,2,octagram
3886,57.2682176446271,32.505930210614885,4285,4,stroke_kai
3887,51.29768657629507,37.38696763507216,3712,3,stroke_nan
3888,53.44823934591837,37.81535000313643,3719,3,stroke_nan
3889,52.77624213927992,40.49964134671047,3664,3,stroke_nan
3890,63.92194048603308,42.8917621556011,4127,4,stroke_kai
3891,65.15670281951377,45.79419929447156,4050,4,stroke_kai
3892,66.70316607626255,46.666054451368076,4032,4,stroke_kai
3893,65.96216414555526,45.180047806046126,4073,4,stroke_kai
3894,72.38709040830214,48.87553503201167,3235,2,octagram
3895,78.43280306011762,54.63753016210403,3275,2,octagram
3896,75.80357316471145,58.65949411645581,2222,2,octagram
3897,73.67651679333676,70.28367382504581,1693,1,inner_ring
3898,47.609873100070786,83.09689819291071,4357,5,text_en_1919
3899,51.6936121430719,92.3425616179105,276,0,outer_ring
3900,47.9004981395687,87.494489784027,412,0,outer_ring
3901,48.455636208611416,87.20927661555632,398,0,outer_ring
3902,50.982651474890766,85.0341049165721,4298,5,text_en_1919
3903,59.84595613004184,83.96252917724588,4409,5,text_en_1919
3904,57.45337794723941,79.23101207625267,4588,5,text_en_1919
3905,53.200771398927834,84.22525176058255,4354,5,text_en_1919
3906,50.546897027896776,75.86069787469461,1774,1,inner_ring
3907,49.15478898897022,79.52074905313307,4533,5,text_en_1919
3908,50.487312201303624,75.11228588404362,1775,1,inner_ring
3909,28.69649185089237,60.4781194764351,1869,1,inner_ring
3910,32.150334041222,56.75878856656146,2586,2,octagram
3911,31.72177939067446,51.39196789244867,2650,2,octagram
3912,56.66564604152132,95.14335111123886,153,0,outer_ring
3913,59.90186004692664,96.17968564627162,102,0,outer_ring
3914,64.9570343544343,94.79119631171062,47,0,outer_ring
3915,72.44419063833132,85.26085824532518,4461,5,text_en_1919
3916,74.7302053230508,85.36849935125221,4509,5,text_en_1919
3917,68.66215413280683,82.27114224063509,4556,5,text_en_1919
3918,68.1799064934228,80.87809008349537,4595,5,text_en_1919
3919,79.80678739500321,79.33061943851017,4675,5,text_en_1919
3920,72.73833482266691,79.2864913098616,4666,5,text_en_1919
3921,78.50354763076636,61.12448741344187,2217,2,octagram
3922,83.6672902045738,57.585668624667775,4958,5,text_en_1919
3923,79.72917034735579,60.31745273796533,2215,2,octagram
3924,89.6256127598446,67.2497213189178,4862,5,text_en_1919
3925,84.67275402576445,49.069723968393944,1621,1,inner_ring
3926,84.99386786372264,46.11957721047059,2205,1,inner_ring
3927,90.45193449054872,45.94616722189703,5175,5,text_en_1919
3928,89.43250067975734,41.522175103800656,5331,5,text_en_1919
3929,95.86440437103862,46.78322221815404,5091,5,text_en_1919
3930,94.27444792771996,37.938096046088916,5338,5,text_en_1919
3931,98.26546740411918,43.01466988929336,5237,5,text_en_1919
3932,61.58102328721511,45.44162433351044,4041,4,stroke_kai
3933,63.61562650260622,37.51098485689087,4187,4,stroke_kai
3934,62.26033340023762,38.0340412775833,4217,4,stroke_kai
3935,66.16437010452186,27.515215951234342,3068,2,octagram
3936,64.86479095717921,25.841395100325375,3052,2,octagram
3937,64.46301344367448,29.590369001513405,3077,2,octagram
3938,74.57874683521601,40.52241637337928,3187,2,octagram
3939,78.69173114436636,20.80066977612467,5412,5,text_en_1919
3940,62.92743741329377,22.059419042432115,3004,2,octagram
3941,65.26063778506676,18.507288432274898,5449,5,text_en_1919
3942,64.86631246626317,18.86911870036532,5453,5,text_en_1919
3943,60.769874782420025,16.051816627860514,5642,5,text_en_1919
3944,57.686006281529956,13.046699397759511,1236,0,outer_ring
3945,53.31166891949154,21.22762408653265,2057,1,inner_ring
3946,56.622229231084695,15.26239941808688,5644,5,text_en_1919
3947,47.208635424594135,9.606990101647593,819,0,outer_ring
3948,51.65597194188438,11.029893358311037,1009,0,outer_ring
3949,48.39294228525908,9.692083677685384,868,0,outer_ring
3950,44.54591134852755,8.589463476141255,761,0,outer_ring
3951,50.79090815982312,10.600488452790248,968,0,outer_ring
3952,56.25027811046117,10.273071082870914,1182,0,outer_ring
3953,52.87372572591477,17.24324079648944,5548,5,text_en_1919
3954,52.99348917019925,13.703107376220398,1063,0,outer_ring
3955,48.13493241868928,10.865181397568104,856,0,outer_ring
3956,49.72249520543512,5.970784008981453,939,0,outer_ring
3957,46.21231127704992,5.320583001595261,809,0,outer_ring
3958,51.62652159487282,9.873763346594968,1010,0,outer_ring
3959,53.420670421999944,9.761038454248324,1084,0,outer_ring
3960,54.558215607655136,8.026217932864142,1129,0,outer_ring
3961,59.6433292368751,7.791328029224859,1281,0,outer_ring
3962,61.73748794608588,6.722246245435506,1320,0,outer_ring
3963,61.87183494143326,5.935250197423809,1321,0,outer_ring
3964,62.52699455730257,3.600601209735948,1326,0,outer_ring
3965,69.06620531985358,8.471516309367399,1520,0,outer_ring
3966,70.50240652773363,9.006323260335856,1543,0,outer_ring
3967,66.13249770380241,9.796773515022291,1452,0,outer_ring
3968,64.14695332677279,6.298260113431723,1371,0,outer_ring
3969,68.43497712452438,6.490302786642777,1498,0,outer_ring
3970,36.61900766260453,15.958415219975036,714,0,outer_ring
3971,40.026523138901275,23.575459155686094,2020,1,inner_ring
3972,91.35277090201478,47.321141529993646,5090,5,text_en_1919
3973,54.127420087603326,92.50649792820032,207,0,outer_ring
3974,47.43371439198988,93.02126591458901,401,0,outer_ring
3975,47.939950747712736,93.56472783495798,382,0,outer_ring
3976,53.82504860691249,93.91460764238879,215,0,outer_ring
3977,49.96490645746742,95.7180994202376,313,0,outer_ring
3978,48.28813116544815,91.79066234125527,379,0,outer_ring
3979,41.13455089440166,89.5493457320579,562,0,outer_ring
3980,40.519113301371114,89.91349591074392,569,0,outer_ring
3981,40.95845912717659,89.85840170362904,565,0,outer_ring
3982,37.02915102179121,84.27568471452086,627,0,outer_ring
3983,34.746604798625754,80.27262126771446,652,0,outer_ring
3984,29.992956507625408,78.59779725970009,678,0,outer_ring
3985,25.12253380843848,66.88408083869842,4795,5,text_en_1919
3986,18.21814492918884,63.64864102983008,691,0,outer_ring
3987,22.402846985914785,64.94606413754605,4839,5,text_en_1919
3988,22.467602790149733,64.12054528883797,4842,5,text_en_1919
3989,23.613175287713318,45.05920073262579,5241,5,text_en_1919
3990,23.725522977322697,51.168743089794766,5105,5,text_en_1919
3991,31.074543501578876,51.291071042653236,2646,2,octagram
3992,33.24117718176525,51.754229243758786,2651,2,octagram
3993,36.49140146455347,48.74007300737985,3476,3,stroke_nan
3994,40.75345423744351,52.55484644912083,3365,3,stroke_nan
3995,45.92770927903369,49.899694407347184,3443,3,stroke_nan
3996,50.675338559123944,67.75896457510005,2434,2,octagram
3997,40.99515300871996,60.25956198051466,2537,2,octagram
3998,48.27533305870683,64.1171843357436,2438,2,octagram
3999,59.626166057840926,58.06831606769891,3814,4,stroke_kai
4000,55.52405791676263,59.456069536322566,3816,4,stroke_kai
4001,63.86759847982396,62.98767233599954,2286,2,octagram
4002,62.30345230412852,74.1140804826916,1735,1,inner_ring
4003,58.46364576248251,69.20148302494626,2385,2,octagram
4004,52.356800542245594,62.70434292820692,2420,2,octagram
4005,68.63543815490138,53.98747185449608,3910,4,stroke_kai
4006,49.23989347246421,44.774756949521986,3547,3,stroke_nan
4007,47.98367938711737,38.30526682208183,3698,3,stroke_nan
4008,52.68858652159593,46.220111703053576,3521,3,stroke_nan
4009,51.99085017563903,42.23311827388866,3611,3,stroke_nan
4010,43.757516292620735,42.81482604753584,3617,3,stroke_nan
4011,42.76884624705138,42.513690187550914,3622,3,stroke_nan
4012,42.962639686819344,33.39551593584767,3765,3,stroke_nan
4013,34.42774077257053,38.00537671201121,2726,2,octagram
4014,34.07873468121901,33.65025249254784,2776,2,octagram
4015,29.41907102655346,46.41384674704156,1914,1,inner_ring
4016,32.81928746656971,48.76192276362046,2670,2,octagram
4017,42.20389593286937,48.922611122422815,3491,3,stroke_nan
4018,39.36428375212116,45.93631497607756,3557,3,stroke_nan
4019,31.617470050839124,47.1892196293924,2671,2,octagram
4020,21.7231666690162,41.168323444041405,5303,5,text_en_1919
4021,30.55826946469981,33.11648801250216,2757,2,octagram
4022,32.658179518470135,35.76047492628106,2761,2,octagram
4023,41.854908741629586,13.9427969365027,729,0,outer_ring
4024,45.99789854188848,17.366531505543218,5540,5,text_en_1919
4025,42.40736049251838,30.247514784544883,2839,2,octagram
4026,48.70034578949054,25.468345870215764,2925,2,octagram
4027,53.816856539640646,23.97912545561134,2970,2,octagram
4028,51.09788140407372,35.899754963355235,3748,3,stroke_nan
4029,52.65452286999974,36.80666344575578,3736,3,stroke_nan
4030,59.61685920668541,47.66163638014778,4012,4,stroke_kai
4031,58.64616904981769,48.20335315873214,4002,4,stroke_kai
4032,61.151990402479626,38.346671639755044,4202,4,stroke_kai
4033,66.09596291687032,44.69507277229187,4081,4,stroke_kai
4034,72.59617257904091,45.99609458184582,3211,2,octagram
4035,63.12859114855694,51.222193034136126,3947,4,stroke_kai
4036,68.44638368952207,45.91259174329166,3219,2,octagram
4037,75.72138748195933,54.02757960626789,3266,2,octagram
4038,74.20318963425147,60.454800527282536,2230,2,octagram
4039,71.97061984315829,67.99800762073387,1689,1,inner_ring
4040,46.945633216766495,71.85175988570097,2466,2,octagram
4041,43.402627408570055,75.86482820588837,1800,1,inner_ring
4042,52.47659268942359,88.10089078011238,264,0,outer_ring
4043,54.156098165272276,85.91756818097777,4295,5,text_en_1919
4044,57.83801624150767,83.17103935625144,4476,5,text_en_1919
4045,56.530364980348274,84.70009109432644,4385,5,text_en_1919
4046,53.58868838516327,92.57516593411606,225,0,outer_ring
4047,53.54683547955738,77.84671685958834,1761,1,inner_ring
4048,49.260163011334804,79.4552655339903,4527,5,text_en_1919
4049,54.9762183638746,76.04524152468296,1754,1,inner_ring
4050,43.656573892917244,75.38831479995189,2482,2,octagram
4051,31.693511700239444,63.48355619205325,1843,1,inner_ring
4052,31.46407683821341,60.05511390486389,2583,2,octagram
4053,29.288788445768386,57.286947724413935,2617,2,octagram
4054,61.12900587096987,90.35787145398338,78,0,outer_ring
4055,58.12018117026669,93.32744952325012,127,0,outer_ring
4056,64.99126348224594,92.33498840835112,44,0,outer_ring
4057,67.17863671197091,90.94512834768898,23,0,outer_ring
4058,69.85055552611747,86.46897799379343,4443,5,text_en_1919
4059,68.22638926883347,82.54200625667677,4525,5,text_en_1919
4060,71.91921062959999,83.9602466454322,4514,5,text_en_1919
4061,73.61347034569849,87.1200515060676,4398,5,text_en_1919
4062,73.52692651885602,73.5448547070956,1701,1,inner_ring
4063,77.18419254388287,68.36979247646273,1676,1,inner_ring
4064,87.57265991957848,58.35148753157411,4892,5,text_en_1919
4065,84.10940741862507,58.07992504219123,4921,5,text_en_1919
4066,86.46600052889472,60.1161991022191,4907,5,text_en_1919
4067,88.19447698248875,53.30074506913782,5022,5,text_en_1919
4068,87.68842845042626,45.91864051884105,5200,5,text_en_1919
4069,85.61038088867312,38.787367351614805,2182,1,inner_ring
4070,88.03057557241125,47.17892271382774,5155,5,text_en_1919
4071,90.99155310353053,44.5934107523616,5185,5,text_en_1919
4072,93.78337128655161,36.72248211114338,5350,5,text_en_1919
4073,95.68010086549953,43.98716983843481,5179,5,text_en_1919
4074,55.038039315358944,41.221399566675075,4133,4,stroke_kai
4075,59.81628199833478,35.02785358321761,4249,4,stroke_kai
4076,62.724553163830684,42.97298375970378,4107,4,stroke_kai
4077,64.50924064771685,29.51441848482253,3076,2,octagram
4078,61.50945160608138,22.893261147037563,2998,2,octagram
4079,74.1397716255383,28.1318832866057,2155,1,inner_ring
4080,73.77560990326762,31.821952553979184,3140,2,octagram
4081,78.7821714043467,20.482783161784294,5423,5,text_en_1919
4082,72.49869205264517,31.669891443475855,3133,2,octagram
4083,67.45586427598204,17.37282177098257,5438,5,text_en_1919
4084,60.464262648241636,19.217203725081955,2078,1,inner_ring
4085,62.77245372836437,14.735983365796509,5655,5,text_en_1919
4086,61.89988549773719,15.049619693367495,5651,5,text_en_1919
4087,51.67010225481088,9.216380965409938,1012,0,outer_ring
4088,47.522886027928394,14.50867502359573,5666,5,text_en_1919
4089,51.55449053474794,17.630221636410308,5536,5,text_en_1919
4090,50.73360540077427,11.351250369831424,965,0,outer_ring
4091,44.752752140275774,9.044652864105638,763,0,outer_ring
4092,47.54603868173431,7.438787086555774,847,0,outer_ring
4093,50.853055045519035,10.001466606320612,975,0,outer_ring
4094,59.04060580420067,9.02175187864339,1270,0,outer_ring
4095,57.2759392169069,9.90470717567395,1220,0,outer_ring
4096,50.417126216268926,7.911675084445458,960,0,outer_ring
4097,49.46297461777774,11.537677911047231,906,0,outer_ring
4098,46.70297679566702,10.008904712935164,799,0,outer_ring
4099,44.140469823335664,9.984662989582471,749,0,outer_ring
4100,51.388325008533194,8.215527022351514,1004,0,outer_ring
4101,56.00234328035428,4.3087250555222445,1166,0,outer_ring
4102,58.85795752908603,4.989640959322489,1252,0,outer_ring
4103,60.498939372474034,6.382734773095733,1296,0,outer_ring
4104,62.21572112303639,11.490111139697735,1345,0,outer_ring
4105,64.18976370622858,7.482976095990966,1381,0,outer_ring
4106,69.78716930200662,9.815494578185083,1536,0,outer_ring
4107,70.65273881204843,12.734751140507978,5639,5,text_en_1919
4108,73.45762740143003,15.967664050692619,5514,5,text_en_1919
4109,68.68059799679905,8.534128923091995,1512,0,outer_ring
4110,72.1952644144563,7.806318518933056,1558,0,outer_ring
4111,67.74522931789323,6.009291608488733,1479,0,outer_ring
4112,43.20586475894001,11.356631931240727,737,0,outer_ring
4113,44.59569681439931,27.18727509133631,2910,2,octagram
4114,92.30905645464296,45.002380754258425,5169,5,text_en_1919
4115,47.01766315269501,89.07588486684453,436,0,outer_ring
4116,48.733306810111955,91.12136707660856,363,0,outer_ring
4117,46.896857073271285,91.60995742316159,424,0,outer_ring
4118,53.76634156210935,90.79470393874843,223,0,outer_ring
4119,49.407281163824884,90.10518765148254,348,0,outer_ring
4120,45.90328878558118,96.62468322528616,427,0,outer_ring
4121,40.882059893285266,92.95506466576829,551,0,outer_ring
4122,40.27960791674492,86.74179423977489,587,0,outer_ring
4123,36.69471542109373,87.2263158829323,621,0,outer_ring
4124,39.8979132475667,88.89006260452479,579,0,outer_ring
4125,32.940745598471516,81.13773543459678,662,0,outer_ring
4126,28.645166938292462,71.46560135509833,4731,5,text_en_1919
4127,25.769224044307915,66.59638477343037,4789,5,text_en_1919
4128,27.800350716017704,66.07087744337778,4796,5,text_en_1919
4129,21.868906899564355,58.82472258483689,4956,5,text_en_1919
4130,24.204078027541613,63.658364915678995,4846,5,text_en_1919
4131,27.172204251389395,53.85930258280514,1883,1,inner_ring
4132,24.28507828991782,45.20997199561002,5246,5,text_en_1919
4133,33.05204618090147,48.92172603427405,2667,2,octagram
4134,31.70298483146945,57.686501411138956,2588,2,octagram
4135,38.55699797831927,50.994341517947966,3430,3,stroke_nan
4136,42.503558415286676,51.86843883459633,3418,3,stroke_nan
4137,44.82619373600044,67.74400559556881,2501,2,octagram
4138,45.87724478684453,55.436762207625954,3316,3,stroke_nan
4139,47.05599146201652,58.86775862546788,3296,3,stroke_nan
4140,54.451005503999596,55.69643408441068,3861,4,stroke_kai
4141,63.05331106748648,56.118628436540625,3857,4,stroke_kai
4142,59.36751395490401,57.221117954840885,3833,4,stroke_kai
4143,60.69679218996062,67.64078069805993,2380,2,octagram
4144,56.79533100189081,66.79043584044696,2402,2,octagram
4145,62.402558857538814,69.54110263094464,2356,2,octagram
4146,59.8003624663647,67.04100808134423,2384,2,octagram
4147,55.68954669330314,54.53854025670492,3872,4,stroke_kai
4148,55.796083118645896,49.1394464260394,3979,4,stroke_kai
4149,45.16194524844715,43.95260014938646,3550,3,stroke_nan
4150,48.65918763969504,42.810083540416535,3609,3,stroke_nan
4151,48.7837366815552,47.275348219736806,3477,3,stroke_nan
4152,46.84383795388672,37.73438590335075,3696,3,stroke_nan
4153,45.792396539147425,36.61796976292812,3734,3,stroke_nan
4154,33.66587132268298,37.00568245435783,2733,2,octagram
4155,33.591723948413204,42.101970537055344,2707,2,octagram
4156,31.433406931883194,35.51364206272452,2744,2,octagram
4157,29.571460393078002,38.71169180234055,1937,1,inner_ring
4158,36.20794309781274,45.095438413348845,3566,3,stroke_nan
4159,31.08361353163638,43.90779151083437,2706,2,octagram
4160,37.07959528599614,52.27294371120119,3378,3,stroke_nan
4161,33.633187333176146,40.57626608479026,2711,2,octagram
4162,28.464892867956195,38.222484976973654,5355,5,text_en_1919
4163,25.82416393388285,34.54205195568098,5388,5,text_en_1919
4164,32.64475353986925,31.17166945911677,1961,1,inner_ring
4165,35.24673164258246,15.056317332135771,711,0,outer_ring
4166,48.100194997152045,18.16402751083194,5487,5,text_en_1919
4167,49.585631455516626,20.643814658173245,2051,1,inner_ring
4168,45.46292602311401,24.30007285050819,2903,2,octagram
4169,48.49131410678017,28.966940101516435,2939,2,octagram
4170,51.04717617667163,33.561413743082944,3774,3,stroke_nan
4171,51.873962643710634,36.87497058201747,3726,3,stroke_nan
4172,59.93961260655476,42.63189540080477,4124,4,stroke_kai
4173,53.703030294457704,43.768947723068074,3588,3,stroke_nan
4174,61.05331239318863,45.659837339643786,4031,4,stroke_kai
4175,63.85396186226969,47.13360682561366,4027,4,stroke_kai
4176,72.8790335726516,49.626129410100944,3239,2,octagram
4177,64.88723210020481,48.97766313661762,3968,4,stroke_kai
4178,72.04681707239317,54.46027751534085,3262,2,octagram
4179,73.85294718138272,61.882373439176014,2234,2,octagram
4180,62.23286852339934,65.1416415110383,2305,2,octagram
4181,65.47007670308467,71.4821610361,2338,2,octagram
4182,47.114525551546116,78.48343417499638,4624,5,text_en_1919
4183,44.41956082327509,81.19116323903879,4439,5,text_en_1919
4184,48.16990637131269,84.4759708255803,4300,5,text_en_1919
4185,48.89021781725732,84.66258805267923,4314,5,text_en_1919
4186,55.679508147171695,86.86210377024427,4289,5,text_en_1919
4187,58.07107700406694,79.8686027082552,4549,5,text_en_1919
4188,52.338534002721616,82.88699707440868,4411,5,text_en_1919
4189,51.98278978306999,80.27541920310739,4534,5,text_en_1919
4190,52.503126272708144,79.75424957631702,4547,5,text_en_1919
4191,48.69288999933863,69.62727855748179,2448,2,octagram
4192,47.38732569215909,76.15782535791898,1793,1,inner_ring
4193,27.10409030725055,59.1226186095495,1872,1,inner_ring
4194,30.022810088173756,61.670663153862726,1861,1,inner_ring
4195,30.30509476446618,63.225916502951684,1849,1,inner_ring
4196,55.77328146351787,90.07233242796421,175,0,outer_ring
4197,59.405735197386676,97.228048574616,109,0,outer_ring
4198,61.26994284422093,83.58827423805111,4442,5,text_en_1919
4199,68.27438400311816,90.29651121845517,16,0,outer_ring
4200,68.948735472272,85.65259074129717,4420,5,text_en_1919
4201,73.10639534197698,91.5205709595199,2,0,outer_ring
4202,65.44752162547897,79.5472822031712,4632,5,text_en_1919
4203,73.29326898370124,70.34397807145743,1694,1,inner_ring
4204,75.02900840383415,71.0618828567125,1688,1,inner_ring
4205,78.2550479346519,67.3476392519619,1670,1,inner_ring
4206,81.6275160856846,73.03115834490458,4732,5,text_en_1919
4207,82.07079382953845,63.36056522997884,4876,5,text_en_1919
4208,86.44372061314155,51.780581512898436,5050,5,text_en_1919
4209,84.33882412098856,60.211292289340996,4903,5,text_en_1919
4210,89.29328131473187,58.05778351792389,4904,5,text_en_1919
4211,92.30040478305978,43.79439453724436,5196,5,text_en_1919
4212,85.01820830026341,35.778821665730995,2172,1,inner_ring
4213,84.398423400984,33.805165774690856,3155,2,octagram
4214,92.7225345777429,39.52488697679754,5335,5,text_en_1919
4215,95.76092257448579,45.418628160186344,5126,5,text_en_1919
4216,60.25509731277967,37.61358978362892,4227,4,stroke_kai
4217,58.62564600164007,37.414798540573535,4229,4,stroke_kai
4218,62.595869304765976,34.236606546503154,4264,4,stroke_kai
4219,56.793635072149044,29.275467809587827,2974,2,octagram
4220,66.93870769058499,21.792302657918786,2106,1,inner_ring
4221,67.79970296706642,33.933225679095976,3113,2,octagram
4222,73.91159282585888,37.2074861167084,3171,2,octagram
4223,66.32608493231797,22.85825776740572,3027,2,octagram
4224,61.891606421499425,18.795552829247548,2084,1,inner_ring
4225,67.60857339575263,26.126652582806557,3061,2,octagram
4226,65.09192844651676,18.729724068395907,5451,5,text_en_1919
4227,58.395249352544205,19.54064730161447,2073,1,inner_ring
4228,57.71548019156432,18.214420032629747,5517,5,text_en_1919
4229,48.86208527909849,16.809628553646974,5596,5,text_en_1919
4230,54.351787958804685,18.18843525806283,5489,5,text_en_1919
4231,49.7331791641198,15.065618649867593,5613,5,text_en_1919
4232,42.902591898938084,8.508414812045928,745,0,outer_ring
4233,47.335384291260816,10.70263386183397,814,0,outer_ring
4234,53.62914748741507,10.290322560698359,1095,0,outer_ring
4235,49.9528351867314,13.050194207983004,922,0,outer_ring
4236,50.70756682829822,7.840634614824406,973,0,outer_ring
4237,58.62256794488341,7.588413807551721,1251,0,outer_ring
4238,50.45098463684335,12.798715633648559,952,0,outer_ring
4239,55.842998694287324,8.51938398357226,1168,0,outer_ring
4240,48.5568564834455,7.180616550731784,880,0,outer_ring
4241,45.38672364430875,7.64995765089177,781,0,outer_ring
4242,48.87490331876027,6.583561201395139,898,0,outer_ring
4243,49.43089267167483,8.508104639445914,916,0,outer_ring
4244,54.42578998137326,1.6512621739810043,1119,0,outer_ring
4245,62.7141383387519,8.79535446435691,1347,0,outer_ring
4246,63.85214486402833,9.250116857029251,1377,0,outer_ring
4247,60.585157743073445,11.592072585375156,1306,0,outer_ring
4248,70.66336666957493,4.002271857585978,1528,0,outer_ring
4249,78.34543900997517,12.819896161091377,1609,0,outer_ring
4250,75.54181741235301,9.951832207761074,1592,0,outer_ring
4251,65.45185066877899,7.160473509269087,1421,0,outer_ring
4252,66.11992830394362,8.343813753879743,1447,0,outer_ring
4253,65.78084379233506,8.555011519286008,1435,0,outer_ring
4254,37.26020617208553,22.247370268534713,5432,5,text_en_1919
4255,40.61932371688885,22.825393072765284,2886,2,octagram
4256,90.6913341110952,48.87692286491157,5052,5,text_en_1919
4257,47.93337475397866,90.43015611985669,399,0,outer_ring
4258,47.98334549668044,87.09564080556898,411,0,outer_ring
4259,43.91949899355237,89.06977301387363,519,0,outer_ring
4260,53.45363939040418,94.09132657728878,227,0,outer_ring
4261,52.94857198591615,95.86195895372497,239,0,outer_ring
4262,45.38799018178384,91.80284892148173,464,0,outer_ring
4263,40.972939142320975,87.72902813083321,574,0,outer_ring
4264,40.05503795052096,87.61776154433458,584,0,outer_ring
4265,38.10607481079731,87.34465094280768,607,0,outer_ring
4266,33.74167368997391,86.95843200248433,641,0,outer_ring
4267,33.9420173737928,78.18231049887835,4558,5,text_en_1919
4268,27.644053724310872,75.22377383964654,4667,5,text_en_1919
4269,31.38869662851664,75.60643062002073,4690,5,text_en_1919
4270,24.000456376119804,68.61612718712259,4756,5,text_en_1919
4271,21.831338837875908,65.82825944553593,4827,5,text_en_1919
4272,17.8092462921626,59.66879703490578,694,0,outer_ring
4273,23.12037320850548,52.497679854921095,5080,5,text_en_1919
4274,25.830242568136743,53.109259510482005,5069,5,text_en_1919
4275,34.86079555451893,51.08904566044006,2660,2,octagram
4276,29.37279163363397,56.118859391706785,2619,2,octagram
4277,41.06230948659948,63.50288918415871,2524,2,octagram
4278,43.49392196932767,54.359782104956295,3341,3,stroke_nan
4279,44.40773350354047,50.17252218069406,3437,3,stroke_nan
4280,47.19269807202788,66.96447246865236,2452,2,octagram
4281,51.76159021689747,58.39065710923854,3313,3,stroke_nan
4282,47.991871822422304,54.69927480568025,3352,3,stroke_nan
4283,58.323406413591876,49.99968009751658,3949,4,stroke_kai
4284,60.71156839472196,68.35213639518038,2374,2,octagram
4285,60.52369408402888,61.660549681632794,3795,4,stroke_kai
4286,54.161492411637674,67.89523295309435,2421,2,octagram
4287,65.33199843567948,63.29962927672399,2287,2,octagram
4288,56.3485227403255,58.77930660579002,3819,4,stroke_kai
4289,60.36851052717964,51.03372543392081,3938,4,stroke_kai
4290,55.141488791663186,39.078956675308376,4200,4,stroke_kai
4291,45.88345241144196,46.4837888936124,3520,3,stroke_nan
4292,51.164026798564315,42.39684786428305,3604,3,stroke_nan
4293,54.064830753154006,39.486449095920364,4190,4,stroke_kai
4294,45.49834693937576,32.82135158739915,3781,3,stroke_nan
4295,40.47863343348715,32.141134663583905,2822,2,octagram
4296,38.91054524205761,26.49946316695434,2865,2,octagram
4297,33.580434508774886,41.72002918107989,2709,2,octagram
4298,33.15234073046063,35.728981069117324,2764,2,octagram
4299,22.771692352114005,28.301017954761345,5399,5,text_en_1919
4300,30.203217946438663,41.1295423055851,1927,1,inner_ring
4301,39.73510366186184,45.68069387078734,3558,3,stroke_nan
4302,37.511018751035195,49.83522536529539,3462,3,stroke_nan
4303,25.45741998155555,40.16841141906823,5296,5,text_en_1919
4304,33.48468884475826,31.446192386664638,2774,2,octagram
4305,32.38054389273673,29.456046861984234,1971,1,inner_ring
4306,31.668637073637477,25.298310495986485,5425,5,text_en_1919
4307,34.963224209614076,26.302212500440703,1990,1,inner_ring
4308,41.54149577385236,22.3921545675572,2023,1,inner_ring
4309,47.8174709454602,26.36074146001466,2926,2,octagram
4310,46.85245346127936,27.10145920564873,2922,2,octagram
4311,52.05343166957833,28.265631953565837,2951,2,octagram
4312,52.533216801724315,31.935816731203136,4280,4,stroke_kai
4313,53.011367693178606,39.47340176446871,3688,3,stroke_nan
4314,57.42195333411134,40.09730578377042,4177,4,stroke_kai
4315,56.36819751997877,42.03063368861941,4104,4,stroke_kai
4316,65.78779983189459,38.62546548557365,4182,4,stroke_kai
4317,60.533746798190094,47.57808460420831,4003,4,stroke_kai
4318,63.601665037692584,47.633954759656156,3999,4,stroke_kai
4319,70.41037904966406,40.730839287617925,3192,2,octagram
4320,71.65063209779488,48.53824386568621,3229,2,octagram
4321,73.20181795177947,57.54902583570529,2231,2,octagram
4322,69.80439329853807,57.88893292089753,2256,2,octagram
4323,65.65613717334531,71.19148813439904,2336,2,octagram
4324,47.37604398038552,76.9666949656309,1791,1,inner_ring
4325,48.61584496278907,84.51344500673389,4310,5,text_en_1919
4326,49.37248834313207,85.32990389901296,373,0,outer_ring
4327,58.7007842841415,80.72271314661334,4536,5,text_en_1919
4328,54.984238251831364,83.35360801660158,4390,5,text_en_1919
4329,52.091523206493605,79.59096814275044,4553,5,text_en_1919
4330,61.38382664431959,86.36720354063118,4325,5,text_en_1919
4331,52.38966059414295,83.54033000807392,4373,5,text_en_1919
4332,46.2091451718669,75.53854886366672,2477,2,octagram
4333,49.194251439687754,71.50648269161806,2451,2,octagram
4334,47.97206226110961,73.73939644975059,2467,2,octagram
4335,30.111574059625426,62.65877711546229,1853,1,inner_ring
4336,29.30027695294829,58.49910344347878,2610,2,octagram
4337,31.775013453106265,65.07866912354511,1838,1,inner_ring
4338,52.07099413748815,91.07548488627592,270,0,outer_ring
4339,58.85773346358215,93.34847296951514,113,0,outer_ring
4340,62.122383886407135,90.2075895672651,63,0,outer_ring
4341,64.37245327777141,91.72858416027758,49,0,outer_ring
4342,66.35296273157425,90.22060455246314,28,0,outer_ring
4343,69.25077136487343,82.63066914243073,4569,5,text_en_1919
4344,75.35440079256335,88.57655463396382,1,0,outer_ring
4345,75.94422101959294,79.19480153144148,4648,5,text_en_1919
4346,76.2821139958552,72.5455043475761,4769,5,text_en_1919
4347,73.05420229167258,80.85497458513798,4634,5,text_en_1919
4348,82.0000235183535,60.995127334400166,4917,5,text_en_1919
4349,81.38295199178812,60.61694759959356,1651,1,inner_ring
4350,84.07443511305233,53.95269246675495,4990,5,text_en_1919
4351,85.69416669713844,47.40631081528014,5172,5,text_en_1919
4352,81.95997138265385,52.14987233459683,1629,1,inner_ring
4353,87.65825254198316,46.38514240323789,5173,5,text_en_1919
4354,88.90984453502938,42.57753067751135,5318,5,text_en_1919
4355,92.44644243515671,41.35644606596225,5258,5,text_en_1919
4356,97.24803063249847,42.62952636237588,5244,5,text_en_1919
4357,94.88196735161105,53.85239173121475,5020,5,text_en_1919
4358,54.9038927254123,33.95454352662929,4282,4,stroke_kai
4359,58.37858669479914,47.80022125809041,4022,4,stroke_kai
4360,65.98320326227305,34.55001520777783,3100,2,octagram
4361,67.23430869587685,31.2986921293809,3105,2,octagram
4362,64.07868353406715,27.60901594285618,3065,2,octagram
4363,64.75178796171343,26.10607091255951,3055,2,octagram
4364,76.96213544469614,30.367167755938162,2162,1,inner_ring
4365,72.57778384229479,27.090999681342787,2150,1,inner_ring
4366,70.8714916660684,25.202547383933084,2134,1,inner_ring
4367,68.01142631599346,16.131099992832127,5525,5,text_en_1919
4368,59.7040664508475,17.42717601256481,5524,5,text_en_1919
4369,56.574033926086685,8.496400370882876,1189,0,outer_ring
4370,57.67712426774329,20.007395340455837,2071,1,inner_ring
4371,56.665030846993304,19.057484275461746,5483,5,text_en_1919
4372,57.38379585875153,13.263380049698336,5678,5,text_en_1919
4373,49.36759702336579,18.265560136930464,5481,5,text_en_1919
4374,47.95621194531693,15.924326828363766,5606,5,text_en_1919
4375,46.97921101337567,11.317327150054531,801,0,outer_ring
4376,52.055084667430684,10.48112299555797,1022,0,outer_ring
4377,53.94547636552845,10.860517122950016,1106,0,outer_ring
4378,51.22808364412438,8.860347286599806,999,0,outer_ring
4379,50.775140957423844,9.729259632269622,971,0,outer_ring
4380,54.30815005719447,7.3548967853729605,1118,0,outer_ring
4381,49.21887032031267,3.3289286305591586,925,0,outer_ring
4382,50.48251731364716,7.092706326236861,964,0,outer_ring
4383,46.282686208768354,16.238383753906852,5600,5,text_en_1919
4384,49.622661457482316,5.866746256572663,935,0,outer_ring
4385,55.58934934016747,7.089220657475657,1156,0,outer_ring
4386,59.297025276538555,7.7019121873697864,1275,0,outer_ring
4387,58.780914725653005,12.855896580590223,1273,0,outer_ring
4388,58.73513895256402,8.626786936024635,1260,0,outer_ring
4389,68.10905943963611,9.099813100889966,1503,0,outer_ring
4390,67.58817185604157,12.192527007097175,1509,0,outer_ring
4391,77.57846768377146,12.05147125689225,1607,0,outer_ring
4392,71.15322879712609,16.88106537805615,5448,5,text_en_1919
4393,67.0679114345461,7.729639554247076,1468,0,outer_ring
4394,65.51224774436227,8.312941839937748,1426,0,outer_ring
4395,65.60430918013353,4.887770606117492,1412,0,outer_ring
4396,35.44286219443482,11.725321803392932,715,0,outer_ring
4397,43.23329570192677,22.176334999342746,2028,1,inner_ring
4398,93.78793224832744,43.62092811172974,5197,5,text_en_1919
4399,46.20944684851401,93.50521643854195,433,0,outer_ring
4400,48.95527252122659,91.7209556972334,354,0,outer_ring
4401,46.28687635319087,91.82906531585179,443,0,outer_ring
4402,53.47904296825234,91.80967593364639,229,0,outer_ring
4403,51.20927012821354,93.17054767441167,282,0,outer_ring
4404,47.08201769169796,90.64145563575252,421,0,outer_ring
4405,41.389673316157506,88.54080429684359,563,0,outer_ring
4406,47.885081149165586,90.8282872902596,397,0,outer_ring
4407,39.34723617028842,86.3531131094353,599,0,outer_ring
4408,33.30671640850227,80.01826055948018,665,0,outer_ring
4409,39.26136375198301,74.79859506088975,1804,1,inner_ring
4410,27.67066604613725,74.46043144981834,4676,5,text_en_1919
4411,33.52070674323675,83.8115714374862,650,0,outer_ring
4412,25.497069128772186,62.37287668582104,4854,5,text_en_1919
4413,29.242204533612423,57.37439067610672,2613,2,octagram
4414,20.980632929550232,58.77435828524298,4977,5,text_en_1919
4415,16.918041450511307,50.057000173802315,699,0,outer_ring
4416,28.30895338644714,54.618797810254804,1881,1,inner_ring
4417,30.249544798098018,48.7871128723029,1904,1,inner_ring
4418,30.869389119932197,57.0259696523228,2600,2,octagram
4419,30.91508461081275,57.158428280921974,2599,2,octagram
4420,42.11380777237704,51.51370724628356,3401,3,stroke_nan
4421,42.724238057801884,54.16633029382612,3355,3,stroke_nan
4422,45.78489588413554,68.5578806992777,2496,2,octagram
4423,47.76441148990886,51.97830688549078,3397,3,stroke_nan
4424,59.59144866999277,57.659691910764096,3827,4,stroke_kai
4425,62.07284829023618,57.74023824250692,3822,4,stroke_kai
4426,57.47119996529295,59.30244485575271,3815,4,stroke_kai
4427,62.49266992265224,63.74211129496576,2295,2,octagram
4428,59.10706792507278,72.8414092479281,1743,1,inner_ring
4429,63.138270007293706,66.77027214773764,2314,2,octagram
4430,53.79444269889179,49.40275125566873,3972,4,stroke_kai
4431,55.53829839058388,49.602611492642595,3977,4,stroke_kai
4432,49.41979435591127,48.23407409326131,3473,3,stroke_nan
4433,47.33292311015067,50.74758386550183,3414,3,stroke_nan
4434,51.22249513681138,44.94436203194367,3574,3,stroke_nan
4435,52.45500853148502,50.69277914967664,3446,3,stroke_nan
4436,44.44301876501156,37.744315086179874,3707,3,stroke_nan
4437,39.51076096237689,42.77759591730696,3602,3,stroke_nan
4438,40.73659184243335,31.912231565065067,2825,2,octagram
4439,28.03941936178631,34.17341983132914,5379,5,text_en_1919
4440,24.917413090766317,42.61329432043481,5282,5,text_en_1919
4441,26.047576463713742,35.86794036731163,5375,5,text_en_1919
4442,32.447837852161236,45.57161219227971,2690,2,octagram
4443,35.07452463608358,42.34331523943657,2700,2,octagram
4444,37.21626151983421,60.31280545901798,2556,2,octagram
4445,30.04151040176812,42.45729073310153,1924,1,inner_ring
4446,34.22748620832521,36.61636387053491,2734,2,octagram
4447,20.65212146889258,32.23609909501796,5398,5,text_en_1919
4448,32.795517034160596,27.99640557195078,1981,1,inner_ring
4449,34.87753027448038,9.978073271011166,716,0,outer_ring
4450,41.29758522027942,24.12051644412766,2882,2,octagram
4451,47.18449836356859,29.20411752104757,2927,2,octagram
4452,56.88128885570859,25.267574049112756,2977,2,octagram
4453,48.97355528327074,25.942278157606353,2928,2,octagram
4454,54.94803570290953,42.93166743669658,4094,4,stroke_kai
4455,54.577596624429916,40.49399530874453,4157,4,stroke_kai
4456,69.9328087244932,46.5997444873821,3215,2,octagram
4457,55.29989711721932,50.33891819804536,3946,4,stroke_kai
4458,61.94039115243057,40.16045818635969,4178,4,stroke_kai
4459,63.75542728624988,46.32967210950067,4038,4,stroke_kai
4460,71.5080196251023,49.6379566102579,3236,2,octagram
4461,70.11400297671844,43.69601443235115,3207,2,octagram
4462,79.41928740788455,54.55780339649924,3274,2,octagram
4463,73.55103283006038,65.15053402651189,1675,1,inner_ring
4464,74.63135251537504,59.55209054452216,2225,2,octagram
4465,71.47372861865144,70.52131061009595,1700,1,inner_ring
4466,46.76515329863795,79.20222928523083,4545,5,text_en_1919
4467,48.397089134347254,80.86911682496824,4499,5,text_en_1919
4468,51.76859737910338,87.39285759345783,280,0,outer_ring
4469,55.52380930559472,83.2294934234779,4430,5,text_en_1919
4470,53.48806985617969,89.08140304006703,234,0,outer_ring
4471,55.98490813782949,88.7677813902401,165,0,outer_ring
4472,54.78189222181241,85.87645593983446,4308,5,text_en_1919
4473,56.69245439670252,76.53495071934067,1751,1,inner_ring
4474,55.24055074547886,81.3697920737704,4494,5,text_en_1919
4475,52.80271486304044,76.07315183528634,1763,1,inner_ring
4476,47.66894453537419,78.53622528335285,4613,5,text_en_1919
4477,28.02366221602532,60.12517148723118,1870,1,inner_ring
4478,30.715108011838232,59.74153864107962,2596,2,octagram
4479,31.088336843333877,61.33445621070138,2584,2,octagram
4480,59.91180885206384,95.32359586905565,100,0,outer_ring
4481,61.66962687252621,92.87179617461902,73,0,outer_ring
4482,58.746381621581136,96.37718841944096,116,0,outer_ring
4483,66.18799256149319,91.1246534735723,33,0,outer_ring
4484,68.74144127062848,91.59064024877468,14,0,outer_ring
4485,71.89784047703648,81.76214514300527,4591,5,text_en_1919
4486,72.74528777989812,81.07026395590606,4605,5,text_en_1919
4487,77.21688367350598,75.80601899714081,4699,5,text_en_1919
4488,76.98799370077792,67.05871311204864,1673,1,inner_ring
4489,72.08774583648321,69.56921143179896,1697,1,inner_ring
4490,81.26864937806896,63.7732901888616,4882,5,text_en_1919
4491,88.67070559502613,57.17900463928982,4932,5,text_en_1919
4492,87.40181437503354,55.28876432529744,4966,5,text_en_1919
4493,86.89345587226609,48.08304565827162,5145,5,text_en_1919
4494,87.97698101436487,51.65666286147615,5042,5,text_en_1919
4495,85.55451125484879,48.28353968089427,1617,1,inner_ring
4496,91.62814424173834,44.410503568077836,5195,5,text_en_1919
4497,89.28374715495858,47.256235373481736,5147,5,text_en_1919
4498,93.48636342269205,43.613790282189036,5178,5,text_en_1919
4499,95.40492130714533,37.79264769265118,5302,5,text_en_1919
4500,56.550393052988966,40.74769342591021,4161,4,stroke_kai
4501,61.56338387096015,44.36895212638486,4079,4,stroke_kai
4502,62.54978901963265,34.096356397457114,4265,4,stroke_kai
4503,63.02230348098125,26.997270149073398,3056,2,octagram
4504,67.67775211925854,19.599305368682074,5433,5,text_en_1919
4505,71.35836754409088,32.727143489908016,3131,2,octagram
4506,78.21775724015716,32.523986664288465,2167,1,inner_ring
4507,73.9645726149592,28.395849353320713,2156,1,inner_ring
4508,78.04560956735531,28.11828612107394,2159,1,inner_ring
4509,63.5095293560567,22.686462275482647,3006,2,octagram
4510,63.78560938899908,20.197183875093728,2092,1,inner_ring
4511,60.22037456557083,25.823936987078564,2986,2,octagram
4512,60.388733259224225,16.472230402530933,5590,5,text_en_1919
4513,58.55418519676096,20.737312668040243,2074,1,inner_ring
4514,51.17138754038347,10.302623085830977,992,0,outer_ring
4515,49.17856896935547,15.846982989804982,5607,5,text_en_1919
4516,52.64633817866177,10.89916735687717,1050,0,outer_ring
4517,45.807316868829425,10.456496622702884,777,0,outer_ring
4518,50.21548396165517,14.996219489360936,5619,5,text_en_1919
4519,49.75831284680637,18.525568567124413,5488,5,text_en_1919
4520,58.77692958753479,6.896532797704008,1256,0,outer_ring
4521,53.872694949538996,9.690407448527484,1098,0,outer_ring
4522,55.21656449732711,9.902623628082312,1146,0,outer_ring
4523,52.3758880404166,6.215456626267592,1040,0,outer_ring
4524,50.46831091798182,8.947241807435477,959,0,outer_ring
4525,52.2125597613215,13.401525275473414,1029,0,outer_ring
4526,50.495359315156605,8.253335009187786,963,0,outer_ring
4527,52.787683244557655,1.925052308856652,1055,0,outer_ring
4528,50.0000988256851,10.042256236080798,938,0,outer_ring
4529,58.180101645203095,10.702172631135848,1246,0,outer_ring
4530,59.70540665153581,8.6145916330489,1284,0,outer_ring
4531,64.16685759105192,15.498441605634406,5578,5,text_en_1919
4532,66.99622120469121,8.072860169652198,1469,0,outer_ring
4533,73.15529967939433,11.125958500805277,1579,0,outer_ring
4534,73.71518623564374,5.036729385722118,1561,0,outer_ring
4535,60.65844560435714,8.302807538114973,1302,0,outer_ring
4536,66.97069512940254,5.027717854966039,1451,0,outer_ring
4537,66.51405527433886,8.466858956856527,1455,0,outer_ring
4538,35.91696097517059,30.706591495535104,2798,2,octagram
4539,46.01964599174801,23.095988252609693,2037,1,inner_ring
4540,80.82035130905938,38.14734499060742,3162,2,octagram
4541,48.779548689207,92.66666286202044,355,0,outer_ring
4542,46.155791763368526,90.99267612648461,451,0,outer_ring
4543,44.345607600101225,91.17907513943273,497,0,outer_ring
4544,59.02239878834063,85.6061961851983,4320,5,text_en_1919
4545,50.50116028506167,95.41029446852014,298,0,outer_ring
4546,43.50967684481469,91.64808111917135,513,0,outer_ring
4547,45.96404591317419,89.16319141271757,462,0,outer_ring
4548,38.42024068788976,84.04355546732626,618,0,outer_ring
4549,40.6402464036345,88.04234251443546,575,0,outer_ring
4550,36.15494430314459,79.13996195995648,4456,5,text_en_1919
4551,31.40159280795587,80.71371646936407,670,0,outer_ring
4552,32.96184462977357,86.42815388015214,647,0,outer_ring
4553,28.838827648932693,74.92255835384961,4684,5,text_en_1919
4554,25.308206087779435,67.78451557950373,4783,5,text_en_1919
4555,25.161789176782232,57.800330713001486,4940,5,text_en_1919
4556,22.558683880888196,59.83139743644156,4937,5,text_en_1919
4557,28.061347618552826,46.76800314588964,1913,1,inner_ring
4558,23.290873266967875,47.628757702954076,5189,5,text_en_1919
4559,28.45821129076662,53.467954202102135,1882,1,inner_ring
4560,31.318945777886597,58.57016025484759,2591,2,octagram
4561,31.921651214895437,52.18520848102597,2639,2,octagram
4562,39.44219459464887,51.25065240528424,3405,3,stroke_nan
4563,45.98831742737143,53.96535119202083,3362,3,stroke_nan
4564,44.202598621403084,60.402011715284004,3290,3,stroke_nan
4565,44.72121825073039,54.85946934988747,3324,3,stroke_nan
4566,54.100712311299496,56.965043665289386,3837,4,stroke_kai
4567,59.3228353778886,53.56587757441692,3912,4,stroke_kai
4568,60.72749050697706,55.335013939970096,3854,4,stroke_kai
4569,58.331193420613765,56.99028285559196,3843,4,stroke_kai
4570,64.65155606246721,66.86697189085366,2311,2,octagram
4571,60.95882825494862,69.6215629951933,2370,2,octagram
4572,50.84334681236851,53.38078265789069,3374,3,stroke_nan
4573,59.38886500533404,47.608032710863704,4007,4,stroke_kai
4574,51.85945556342829,49.3140239656927,3455,3,stroke_nan
4575,48.03830568099092,34.046856874044124,3770,3,stroke_nan
4576,51.10163143687145,57.71333055453208,3318,3,stroke_nan
4577,50.61155201229477,43.993305110572436,3583,3,stroke_nan
4578,48.29823078774579,36.71928471013548,3717,3,stroke_nan
4579,43.22956475496395,36.4249128468408,3725,3,stroke_nan
4580,38.00222102771995,36.05856772658824,3691,3,stroke_nan
4581,32.27533689612253,33.80588762088632,2763,2,octagram
4582,30.607642932095928,31.474387979715868,1955,1,inner_ring
4583,25.838703699162327,46.954801104666736,5248,5,text_en_1919
4584,33.693230619508405,42.22793592860399,2705,2,octagram
4585,34.1368503380268,47.47876541787005,2675,2,octagram
4586,36.583849107805314,54.51179076067142,3333,3,stroke_nan
4587,25.753827389414646,38.97215305783817,5305,5,text_en_1919
4588,28.107617011685665,42.43806620373716,5272,5,text_en_1919
4589,28.824979232337796,32.912528829872265,1950,1,inner_ring
4590,28.352919388121382,16.97527574974986,708,0,outer_ring
4591,41.59934824126977,32.46418619300834,2823,2,octagram
4592,41.41327973888815,24.30029046332417,2880,2,octagram
4593,47.31569076538184,17.166491015055122,5495,5,text_en_1919
4594,56.31025840258499,27.756471605086674,2972,2,octagram
4595,45.94678696441706,32.36757992531029,3784,3,stroke_nan
4596,60.523867550946576,27.917595873556802,2981,2,octagram
4597,52.127838657296536,38.43774519707615,3709,3,stroke_nan
4598,56.99038418683186,46.67557607456675,4025,4,stroke_kai
4599,57.3789697064983,39.89263803198745,4183,4,stroke_kai
4600,77.18155661144141,45.772593206982584,3198,2,octagram
4601,65.17042913977198,44.95159136085859,4080,4,stroke_kai
4602,67.4743710343914,51.12325727771237,3934,4,stroke_kai
4603,65.13102386801731,54.938414966373124,3881,4,stroke_kai
4604,71.89067093409876,53.24191162530019,3249,2,octagram
4605,76.7428888129322,57.31989890400962,3279,2,octagram
4606,72.15420375773404,64.66913661506807,2248,2,octagram
4607,65.94196711863779,71.02957725127051,2333,2,octagram
4608,46.565699720641526,89.72842353160095,446,0,outer_ring
4609,44.828633632732625,84.50831371225578,4332,5,text_en_1919
4610,46.70608928998315,86.98922528183812,457,0,outer_ring
4611,55.04454725837928,84.71399030099393,4329,5,text_en_1919
4612,55.99559750976561,86.08805992120439,4291,5,text_en_1919
4613,56.21112884797721,85.64776549676755,4343,5,text_en_1919
4614,54.5855279340487,85.11679179956379,4319,5,text_en_1919
4615,53.64992671095996,82.22674839089889,4446,5,text_en_1919
4616,55.66421528373946,73.52942202966543,1752,1,inner_ring
4617,50.75445661929233,78.02329147220746,1772,1,inner_ring
4618,47.979723298246874,77.79135745735078,4619,5,text_en_1919
4619,30.223265395747468,58.74142286968749,2602,2,octagram
4620,27.90582952719582,61.88408514761198,4859,5,text_en_1919
4621,31.164137876242,58.09865635665927,2594,2,octagram
4622,56.55996261992332,95.84765586160448,156,0,outer_ring
4623,57.187838151844495,94.71685197199821,144,0,outer_ring
4624,62.48157416291449,93.19228568239346,62,0,outer_ring
4625,67.18754194229156,92.31876071916997,25,0,outer_ring
4626,70.11622556684988,87.47858600825107,4397,5,text_en_1919
4627,67.21781806178049,80.68927886141503,4578,5,text_en_1919
4628,73.27566375008522,81.09403917922388,4623,5,text_en_1919
4629,75.49836102487058,78.21831847954758,4677,5,text_en_1919
4630,76.46264120212791,71.66638815195627,4780,5,text_en_1919
4631,75.15993159624766,70.60384292017952,1685,1,inner_ring
4632,74.11239494750097,64.72945993495829,1672,1,inner_ring
4633,82.32110544685628,60.724684001978176,4915,5,text_en_1919
4634,85.61476751233376,53.382586072461415,5035,5,text_en_1919
4635,82.96574659065803,53.8241122741239,1639,1,inner_ring
4636,89.25622962202395,49.09713635402294,5047,5,text_en_1919
4637,88.92996303811286,45.848859149183035,5183,5,text_en_1919
4638,90.02943460031348,46.66701330917532,5156,5,text_en_1919
4639,96.35832186368243,54.10752959128838,5010,5,text_en_1919
4640,86.92459481745712,31.75196156761716,2171,1,inner_ring
4641,91.76342690519023,40.56653170184156,5325,5,text_en_1919
4642,52.14894938925486,45.86517304505522,3519,3,stroke_nan
4643,58.481234318020775,40.139159695548194,4181,4,stroke_kai
4644,59.44542996408776,39.451068363682765,4199,4,stroke_kai
4645,64.45838169182805,31.632230308248094,3088,2,octagram
4646,61.04117957681816,34.940682433740534,4243,4,stroke_kai
4647,59.20926248959854,24.492621729694854,2984,2,octagram
4648,69.91613752569872,32.14916060240759,3124,2,octagram
4649,74.78418077642442,24.396881989915983,2145,1,inner_ring
4650,65.36535669034218,20.326484912045416,3023,2,octagram
4651,66.9853992922149,21.100025479400347,2105,1,inner_ring
4652,65.85289793596453,24.478651433388688,3041,2,octagram
4653,58.83018742547926,10.71406659984342,1267,0,outer_ring
4654,51.99389745095887,17.953320063203993,5531,5,text_en_1919
4655,54.57088766091811,19.47226002508212,2065,1,inner_ring
4656,50.741156903578634,17.60169298496781,5547,5,text_en_1919
4657,52.57955543599003,10.093782218458971,1045,0,outer_ring
4658,48.62609220533193,15.73557070707591,5629,5,text_en_1919
4659,49.43714613262794,24.17345214601106,2929,2,octagram
4660,46.688783870948534,10.324244173495174,796,0,outer_ring
4661,55.342882820789306,9.396411535837492,1150,0,outer_ring
4662,55.261752157914366,11.809496180961448,1151,0,outer_ring
4663,56.7771428899887,8.436774839834767,1198,0,outer_ring
4664,53.43267042262641,9.785586606014672,1085,0,outer_ring
4665,49.69340952270489,9.457478526128995,924,0,outer_ring
4666,48.84351943124713,8.947579568050188,886,0,outer_ring
4667,47.1629757774392,7.699590616342708,833,0,outer_ring
4668,54.33400550608238,7.583418404514433,1120,0,outer_ring
4669,53.202022125297574,9.921413417283082,1074,0,outer_ring
4670,52.37798449209644,3.2252438789346867,1042,0,outer_ring
4671,63.20603695058087,3.43602942222568,1344,0,outer_ring
4672,61.037464627957995,7.712372059662252,1307,0,outer_ring
4673,62.76701164613846,7.686734797020048,1346,0,outer_ring
4674,75.10939959822254,11.57593356689042,1595,0,outer_ring
4675,73.53420852456321,10.441816656551305,1580,0,outer_ring
4676,67.87046709294398,3.4552263272938313,1466,0,outer_ring
4677,67.26143498132272,8.166155381250558,1480,0,outer_ring
4678,68.16609372380091,7.615350166118105,1499,0,outer_ring
4679,65.88004862121115,3.1414743489268053,1411,0,outer_ring
4680,43.0258288759502,16.777495289400697,5569,5,text_en_1919
4681,38.557459347683455,26.87306368347374,2859,2,octagram
4682,91.60626296645002,49.83257112019758,5038,5,text_en_1919
4683,48.927554751158766,93.28951816488099,349,0,outer_ring
4684,48.671955053864274,94.72768229686903,352,0,outer_ring
4685,44.33241360427038,91.90715039383375,492,0,outer_ring
4686,56.96214493101115,89.58319376402108,146,0,outer_ring
4687,50.226704536000824,93.4826222125263,310,0,outer_ring
4688,48.31615740045731,90.73594807427243,384,0,outer_ring
4689,40.7102609402105,88.91603869133449,573,0,outer_ring
4690,41.22666935151114,89.00516284117052,564,0,outer_ring
4691,40.52513965658145,78.83975341477434,4538,5,text_en_1919
4692,39.306010147446834,87.29982399847552,596,0,outer_ring
4693,34.45501356319404,74.56041472419055,4703,5,text_en_1919
4694,35.052133641781644,76.60818679050033,4688,5,text_en_1919
4695,33.617798792193895,46.53636847364634,2678,2,octagram
4696,25.643216440424982,69.8424316731781,4775,5,text_en_1919
4697,23.468740152252483,58.78210654242939,4933,5,text_en_1919
4698,19.45591368510914,55.83081272195382,696,0,outer_ring
4699,20.54643458388167,50.217635593510764,5121,5,text_en_1919
4700,23.362101077275245,47.28044424991986,5217,5,text_en_1919
4701,30.887390673907575,55.78252920813237,2624,2,octagram
4702,32.57545219737611,50.31549999787016,2658,2,octagram
4703,33.415346087587196,49.67813546363963,2668,2,octagram
4704,39.071850128285824,58.368806635183454,2550,2,octagram
4705,42.56692452271626,53.51926085040864,3379,3,stroke_nan
4706,47.77851421365492,54.94938175441643,3345,3,stroke_nan
4707,46.39847683272722,57.34591240355917,3301,3,stroke_nan
4708,50.33413790785383,63.55106187941625,2426,2,octagram
4709,56.4167254565639,50.73444913281531,3928,4,stroke_kai
4710,59.8620141499926,60.95101680639635,3796,4,stroke_kai
4711,63.79436397591808,59.88517567523956,2278,2,octagram
4712,61.98172272543545,63.22731962780968,2292,2,octagram
4713,60.88099567696399,72.9109135159315,1739,1,inner_ring
4714,57.27818964884694,55.30649104563033,3855,4,stroke_kai
4715,63.49675287452066,51.526378987879895,3950,4,stroke_kai
4716,56.642934209581654,54.79796323241212,3885,4,stroke_kai
4717,46.428434259033764,39.08803267971102,3671,3,stroke_nan
4718,54.74193941103655,46.649220499609385,4001,4,stroke_kai
4719,48.53146539177478,45.36042568334341,3555,3,stroke_nan
4720,48.957950824285,40.63880474591393,3647,3,stroke_nan
4721,39.444657149186135,32.22411811149965,2820,2,octagram
4722,38.17227523595501,28.79764587970681,2840,2,octagram
4723,30.605674457135095,35.62616544480561,2746,2,octagram
4724,29.311873946991803,35.700242219838586,1946,1,inner_ring
4725,26.17322364292352,38.35086088302354,5352,5,text_en_1919
4726,31.889860812265038,40.68576483708729,2719,2,octagram
4727,33.64834567435725,47.621968932280616,2673,2,octagram
4728,38.66182480876003,47.32910212615333,3518,3,stroke_nan
4729,29.86084853053422,36.263327543351735,1943,1,inner_ring
4730,27.602087533810327,33.648489784765644,5385,5,text_en_1919
4731,28.08879068177365,24.889702828066095,5428,5,text_en_1919
4732,35.02251548524509,31.236979967082778,2791,2,octagram
4733,45.85570098791062,7.343966519264263,790,0,outer_ring
4734,43.27238366609792,20.47275653181865,5464,5,text_en_1919
4735,45.69226621905256,24.418907968755395,2907,2,octagram
4736,51.43441448384768,28.46437397248487,2946,2,octagram
4737,52.984639934345175,25.63805251548569,2967,2,octagram
4738,52.320770067802634,32.559865989266115,4279,4,stroke_kai
4739,56.37229557517173,38.589887614853126,4214,4,stroke_kai
4740,58.66544985171327,37.44653142206391,4228,4,stroke_kai
4741,55.407081796470614,41.1749211277105,4114,4,stroke_kai
4742,62.420195084179646,46.924445839464276,3994,4,stroke_kai
4743,74.8948972372313,37.48722400775625,3169,2,octagram
4744,67.89984707209624,55.549482729678076,3859,4,stroke_kai
4745,68.97665661215,43.9319328018436,3210,2,octagram
4746,77.14661186129867,59.89837631985777,2219,2,octagram
4747,69.28143603758264,66.07500103291783,2299,2,octagram
4748,70.31567064933904,70.52751315127597,1709,1,inner_ring
4749,64.13695434804507,72.5516840517124,2350,2,octagram
4750,48.386368055931776,78.53795240241202,4601,5,text_en_1919
4751,48.244649291913994,81.67312145767504,4428,5,text_en_1919
4752,55.63309449882546,85.60082211804658,4305,5,text_en_1919
4753,52.78174515246855,90.84407717442201,249,0,outer_ring
4754,55.16458381047268,82.6089403841013,4475,5,text_en_1919
4755,54.649763535805725,84.02768739597711,4347,5,text_en_1919
4756,55.46545672220965,78.86673656247851,4609,5,text_en_1919
4757,54.225457887044946,80.58253643290001,4523,5,text_en_1919
4758,43.21168702922523,73.35234679615135,2487,2,octagram
4759,52.49894615553817,88.06383196926537,263,0,outer_ring
4760,47.86296358853947,72.49460420373325,2460,2,octagram
4761,29.159464322384334,61.24310471362166,1864,1,inner_ring
4762,30.756760352428415,64.68488266546422,1842,1,inner_ring
4763,32.448151420254845,70.27293836882862,1826,1,inner_ring
4764,55.3796850498719,94.96532678557216,184,0,outer_ring
4765,61.06066339288184,93.22515521403467,86,0,outer_ring
4766,62.86351287324779,93.62254989635966,59,0,outer_ring
4767,62.359054587024374,90.21183439555347,60,0,outer_ring
4768,66.38008834825747,86.31286190477624,4396,5,text_en_1919
4769,68.92110471981998,87.9170463022443,4331,5,text_en_1919
4770,72.85616309562819,76.67248571762813,1711,1,inner_ring
4771,80.54695019147061,72.285232341581,4726,5,text_en_1919
4772,71.55332362265887,79.55031299866718,4656,5,text_en_1919
4773,80.65801855632957,67.65536415039317,4826,5,text_en_1919
4774,74.30539720945907,72.12570613729943,1696,1,inner_ring
4775,81.06368665026648,59.3312815209015,2211,2,octagram
4776,82.30714697881733,53.0558209099294,1634,1,inner_ring
4777,84.6654581762368,48.35116308671302,1618,1,inner_ring
4778,85.97357698645244,45.25241659911978,2201,1,inner_ring
4779,85.20266668889974,45.818609412117475,2204,1,inner_ring
4780,85.35859454539201,45.46844350531933,2202,1,inner_ring
4781,84.2231966043185,39.05852783770755,2181,1,inner_ring
4782,95.51738015282605,42.79628941460067,5238,5,text_en_1919
4783,94.3702972649137,49.359661552690824,5083,5,text_en_1919
4784,56.89637163079278,40.48884584599751,4165,4,stroke_kai
4785,70.54911498664053,34.628898409710025,3129,2,octagram
4786,56.30574054175614,31.383196530464385,4284,4,stroke_kai
4787,62.87582867511054,29.38679554563875,3071,2,octagram
4788,68.79573097007848,29.036942962428174,3112,2,octagram
4789,64.68670361596642,23.635069589870373,3032,2,octagram
4790,78.02448244821224,35.830021406108415,3159,2,octagram
4791,74.56571375135033,21.779458893708473,5411,5,text_en_1919
4792,69.1899074531914,31.62373390928285,3117,2,octagram
4793,67.31431787077791,21.11948060961005,2107,1,inner_ring
4794,60.75698725526242,11.370973896130453,1311,0,outer_ring
4795,60.649205387209555,19.138209573502724,2080,1,inner_ring
4796,59.43928525182197,14.620051401060136,5656,5,text_en_1919
4797,56.62619225955101,19.292449311425216,5477,5,text_en_1919
4798,52.597610780377934,10.4078559185008,1047,0,outer_ring
4799,50.3030850034165,15.371801534171231,5602,5,text_en_1919
4800,48.54918612613906,11.680099321264114,866,0,outer_ring
4801,53.97711398238983,2.9777665953827412,1099,0,outer_ring
4802,48.91326699342432,8.46310265632062,890,0,outer_ring
4803,51.101520210392344,10.330129748982902,990,0,outer_ring
4804,53.546166896015336,9.54291393312934,1088,0,outer_ring
4805,57.97704470123523,12.388771356022534,1243,0,outer_ring
4806,51.94838057974784,6.382832169179638,1025,0,outer_ring
4807,47.98349978161331,9.182619514207163,858,0,outer_ring
4808,46.51540108230812,8.748007686276486,802,0,outer_ring
4809,50.83618284431478,8.111841924094431,980,0,outer_ring
4810,48.42856767804908,5.815423959584709,881,0,outer_ring
4811,52.144003711675005,6.968113853304716,1032,0,outer_ring
4812,56.80583324377098,4.9249353017163005,1190,0,outer_ring
4813,63.91389574948192,9.836380141359783,1386,0,outer_ring
4814,65.2702310467524,10.687222709721853,1430,0,outer_ring
4815,66.47457306559386,9.618395316046582,1464,0,outer_ring
4816,74.36781150777577,7.384684868999043,1575,0,outer_ring
4817,76.12559420353409,9.552532928519227,1596,0,outer_ring
4818,70.26158120809612,10.582017320353955,1547,0,outer_ring
4819,68.43070584030637,5.19627410253406,1489,0,outer_ring
4820,60.640000744444855,6.644159547816191,1298,0,outer_ring
4821,64.40229287632027,4.168463594255346,1366,0,outer_ring
4822,36.13057490520798,25.044594762247506,1997,1,inner_ring
4823,39.51755840187379,25.25083708402865,2875,2,octagram
4824,94.71194556181791,43.77726336882238,5198,5,text_en_1919
4825,47.54402751527011,88.80786772668273,418,0,outer_ring
4826,50.57876840347576,93.15848916266852,302,0,outer_ring
4827,48.53719700879629,89.9887808722117,381,0,outer_ring
4828,54.580910076647925,89.98543684557403,199,0,outer_ring
4829,49.54640356238111,95.1587339124593,324,0,outer_ring
4830,43.84027903709045,89.6836741002221,517,0,outer_ring
4831,39.058214693906585,88.73508445573968,594,0,outer_ring
4832,39.8165915943834,88.40635055577961,583,0,outer_ring
4833,35.353895411434344,83.14554734168107,642,0,outer_ring
4834,40.3318837656094,90.14002623491902,572,0,outer_ring
4835,36.04556677090165,80.2714580983983,646,0,outer_ring
4836,31.748943727588593,82.44193445971607,667,0,outer_ring
4837,31.58788338815219,69.46982307775154,1828,1,inner_ring
4838,24.163669854811204,73.78877610784824,685,0,outer_ring
4839,23.090544456126377,67.66426013357061,4777,5,text_en_1919
4840,20.612872381762678,58.82036496156542,4972,5,text_en_1919
4841,23.22315187633646,48.84246510084284,5139,5,text_en_1919
4842,19.93574131683943,53.22113476166527,5111,5,text_en_1919
4843,26.70332072834196,43.552433628719555,5263,5,text_en_1919
4844,31.709409849196163,52.65238482223976,2635,2,octagram
4845,38.36644230908458,58.84645863160505,2549,2,octagram
4846,40.62553138945484,52.08570054854739,3396,3,stroke_nan
4847,42.59532627240374,59.3503054879972,2538,2,octagram
4848,48.553492022514796,61.13925873890723,3288,3,stroke_nan
4849,49.918976033270475,55.89093376116283,3335,3,stroke_nan
4850,52.11028959771869,72.30697883683995,2441,2,octagram
4851,53.84763046757006,69.54883085772269,2427,2,octagram
4852,55.23536714136026,68.44290429452907,2407,2,octagram
4853,63.16985049997074,69.11285636007153,2328,2,octagram
4854,65.65785438988955,63.95661953132398,2291,2,octagram
4855,63.63008107796217,75.28035433799407,1729,1,inner_ring
4856,56.88060692861724,56.20226631243021,3840,4,stroke_kai
4857,54.14210243278694,54.22869626263756,3898,4,stroke_kai
4858,52.23399868593248,51.9440655488786,3409,3,stroke_nan
4859,44.96293851025859,48.233174823133226,3486,3,stroke_nan
4860,50.81597177617823,43.0225003190768,3597,3,stroke_nan
4861,48.83882452604723,44.77264349341373,3560,3,stroke_nan
4862,47.226232612434764,38.88612575458346,3682,3,stroke_nan
4863,41.090875201344716,32.35467283603325,2821,2,octagram
4864,36.95027837228623,33.88160501914545,2797,2,octagram
4865,30.887493634411296,33.97040360810205,2758,2,octagram
4866,31.886544860985232,36.83345979333101,2737,2,octagram
4867,23.698020451030292,43.93439360806278,5277,5,text_en_1919
4868,33.765318306287355,45.1153411505058,2687,2,octagram
4869,40.81870252507413,46.01296366039909,3535,3,stroke_nan
4870,38.720386448399694,52.819631711383614,3336,3,stroke_nan
4871,23.09572522287314,37.62245935503396,5323,5,text_en_1919
4872,33.78028979311221,35.25281845595117,2769,2,octagram
4873,24.31409150655094,34.54392316899331,5381,5,text_en_1919
4874,34.6047753813551,25.146579147228195,1994,1,inner_ring
4875,37.64771590990706,30.146071868787416,2828,2,octagram
4876,41.57233515696066,22.392339267215696,2024,1,inner_ring
4877,46.49429064323714,18.555735671851444,5468,5,text_en_1919
4878,48.86826394187626,29.34373394381547,2942,2,octagram
4879,51.274563916039256,35.737527431694,3754,3,stroke_nan
4880,53.29141764035687,37.193625799704016,4239,4,stroke_kai
4881,53.797835397663626,39.054875080008486,3697,3,stroke_nan
4882,58.200218230441905,44.87106094819198,4057,4,stroke_kai
4883,58.401534121351816,43.20372175987756,4074,4,stroke_kai
4884,64.38248179691323,46.89496707614763,4024,4,stroke_kai
4885,65.10291364837087,53.54976815893109,3894,4,stroke_kai
4886,68.49540317722118,41.44774518924617,3200,2,octagram
4887,70.99908446049069,40.57013811646272,3188,2,octagram
4888,72.73570687581982,47.916024533257726,3230,2,octagram
4889,75.62289748797596,58.57501817598576,2224,2,octagram
4890,71.12723488090046,63.706553625953994,2264,2,octagram
4891,61.3643559897662,60.34763113906523,3809,4,stroke_kai
4892,48.12494307770887,72.62413739654004,2458,2,octagram
4893,48.63593434755061,86.86114352733647,392,0,outer_ring
4894,51.88460232379375,86.4442776216359,279,0,outer_ring
4895,53.33729830436872,83.98350112830633,4358,5,text_en_1919
4896,49.95201573461231,88.11987404080747,338,0,outer_ring
4897,54.24229499218466,87.14305932311608,211,0,outer_ring
4898,62.291781147013836,84.30397985056874,4386,5,text_en_1919
4899,51.66735339006011,76.3634842007857,1767,1,inner_ring
4900,52.65564887884747,83.29219750378422,4389,5,text_en_1919
4901,48.31138487927561,81.89610357110861,4406,5,text_en_1919
4902,46.572657104093096,68.55316033986114,2494,2,octagram
4903,31.251503329265024,59.3807980515587,2589,2,octagram
4904,33.60104658471138,61.37915076866697,2568,2,octagram
4905,30.094039432510712,64.30024702575976,1846,1,inner_ring
4906,55.05208057195657,96.11353166755518,189,0,outer_ring
4907,61.38017564618834,97.10903326035641,85,0,outer_ring
4908,62.0712193428449,96.10922573825292,72,0,outer_ring
4909,67.87835118898279,91.78753636598886,19,0,outer_ring
4910,68.77177598666023,91.89417208219103,15,0,outer_ring
4911,74.11611559600343,87.14256134844702,4382,5,text_en_1919
4912,74.83089250246935,80.83426452940887,4596,5,text_en_1919
4913,73.62532610970601,80.23038237326102,4638,5,text_en_1919
4914,76.33801375789109,75.74426422924668,4692,5,text_en_1919
4915,79.6038158506445,65.93442423205124,4851,5,text_en_1919
4916,83.54268365321445,62.54858566771245,4880,5,text_en_1919
4917,81.89245083194022,55.56846955647118,1643,1,inner_ring
4918,85.54760704690518,60.79105181519888,4897,5,text_en_1919
4919,83.88674930208117,55.965768829236005,4984,5,text_en_1919
4920,85.83902709237582,49.15516205729912,1620,1,inner_ring
4921,86.49771699518267,54.54794053475429,4979,5,text_en_1919
4922,89.70646069677643,45.82518644526116,5184,5,text_en_1919
4923,89.94537318796938,41.63343138094501,5328,5,text_en_1919
4924,92.00571136677982,50.8141384213935,5033,5,text_en_1919
4925,92.07602778232696,40.79386812844666,5332,5,text_en_1919
4926,56.29364851935444,46.21604936421145,4005,4,stroke_kai
4927,58.78357196742523,38.39791725692266,4225,4,stroke_kai
4928,67.07021033221127,32.593992908074114,3107,2,octagram
4929,61.33936286329149,31.604810493654774,4276,4,stroke_kai
4930,66.41774253467815,43.126463196337575,4111,4,stroke_kai
4931,58.16366757230126,13.01376912078825,5673,5,text_en_1919
4932,74.15141979432234,32.341710393469896,3143,2,octagram
4933,76.21347873941744,39.35076525646625,3177,2,octagram
4934,69.64384333036422,21.60738229831586,2117,1,inner_ring
4935,58.911236456340276,14.703077865974784,5658,5,text_en_1919
4936,67.6101720891253,16.169011164997073,5544,5,text_en_1919
4937,59.8395922314063,11.491336365210701,1291,0,outer_ring
4938,54.20882582052262,10.625615573343318,1117,0,outer_ring
4939,53.13866637981763,9.604073821188091,1070,0,outer_ring
4940,55.519088516989044,13.790144992821038,5662,5,text_en_1919
4941,51.66326221469588,14.848193839743104,5630,5,text_en_1919
4942,44.84749595968745,10.37644690814354,759,0,outer_ring
4943,44.158967732385165,8.35454434702203,755,0,outer_ring
4944,60.17569011042652,6.344307127211614,1289,0,outer_ring
4945,54.38315449176186,10.831646366045687,1125,0,outer_ring
4946,53.24021259117668,1.9309537784704947,1076,0,outer_ring
4947,58.39122967356057,10.903390940579722,1254,0,outer_ring
4948,55.08376982595081,9.446074156337597,1143,0,outer_ring
4949,49.28767771297818,9.602557876037803,907,0,outer_ring
4950,44.540692292029746,4.981864613939955,773,0,outer_ring
4951,47.06808585438159,3.9994700548979245,846,0,outer_ring
4952,48.83155694878499,5.179462849514422,904,0,outer_ring
4953,52.376264233677894,10.777535791348452,1039,0,outer_ring
4954,61.076688973388805,6.859119844580174,1305,0,outer_ring
4955,56.80491160821808,7.031187590432657,1194,0,outer_ring
4956,62.58362511314823,6.8854646635999055,1335,0,outer_ring
4957,63.65188606706115,9.412377021143172,1367,0,outer_ring
4958,70.63983669229808,10.167030866434944,1551,0,outer_ring
4959,71.27934155192234,9.637308585824268,1556,0,outer_ring
4960,74.20464860129012,14.662200620312554,5539,5,text_en_1919
4961,65.12898439319332,10.983466512361495,1429,0,outer_ring
4962,62.31123916018568,6.438084579334357,1331,0,outer_ring
4963,64.9414491445153,1.748231338702857,1374,0,outer_ring
4964,38.4872585865975,23.896397517587115,2015,1,inner_ring
4965,39.790795008657234,22.366255454068906,5439,5,text_en_1919
4966,90.06310337333636,47.767607236487265,5148,5,text_en_1919
4967,48.86553833928938,92.00189910652158,356,0,outer_ring
4968,45.39019880003782,91.13177877509598,467,0,outer_ring
4969,44.624858525858656,90.3284213435646,495,0,outer_ring
4970,59.467784892466526,89.87970807260525,106,0,outer_ring
4971,43.85260780326259,89.22814360224889,520,0,outer_ring
4972,45.40325000563735,84.64782319159758,4327,5,text_en_1919
4973,43.7880558652104,92.68159274302326,502,0,outer_ring
4974,42.16920963586817,88.88183354043953,549,0,outer_ring
4975,36.77829830131417,82.15994912055055,636,0,outer_ring
4976,31.696824508941663,84.08931416255857,659,0,outer_ring
4977,34.15571715758187,77.37859135648178,4645,5,text_en_1919
4978,27.036027304399425,74.08397277760493,4686,5,text_en_1919
4979,28.579231289215386,70.5578464369868,4745,5,text_en_1919
4980,26.40832924795784,64.48618899066494,4828,5,text_en_1919
4981,19.577692411967096,65.25572985079113,690,0,outer_ring
4982,18.033155237150417,61.91080698756944,693,0,outer_ring
4983,20.43736405686081,54.07907584591168,5086,5,text_en_1919
4984,25.435743673690606,43.57470311769216,5271,5,text_en_1919
4985,30.100094143018577,54.43934134896298,2628,2,octagram
4986,30.12316524526992,55.86995137108908,2625,2,octagram
4987,36.27622686657764,47.966023104444346,3511,3,stroke_nan
4988,42.154193509207694,50.852953073885466,3411,3,stroke_nan
4989,46.667352294544315,54.54630587804398,3351,3,stroke_nan
4990,46.50651407359115,57.05005152888854,3305,3,stroke_nan
4991,45.72566617980374,65.58636523481292,2508,2,octagram
4992,57.24066336925254,50.68344778576541,3966,4,stroke_kai
4993,57.9522521516454,58.934748874521226,3807,4,stroke_kai
4994,60.91428119283,60.35150465814441,3811,4,stroke_kai
4995,64.87934987043378,59.77962494221776,2277,2,octagram
4996,62.501533717504785,72.00032014755445,2352,2,octagram
4997,62.77089536027131,64.16112198730723,2298,2,octagram
4998,65.20109225897217,62.44979847467074,2282,2,octagram
4999,52.541594467240905,41.63686166368373,3639,3,stroke_nan
5000,51.34412236650725,44.40125491637326,3578,3,stroke_nan
5001,45.28369634889837,38.619774442570375,3679,3,stroke_nan
5002,48.23840888443516,36.41862158807304,3727,3,stroke_nan
5003,52.336614434286645,47.435372709548794,3481,3,stroke_nan
5004,46.82106144051216,37.47671637475951,3710,3,stroke_nan
5005,40.62905039723709,39.14661299001715,3650,3,stroke_nan
5006,40.79279796012582,24.45354376177778,2878,2,octagram
5007,45.808312393244805,25.96890086159952,2913,2,octagram
5008,30.347710666936454,30.770879932989107,1958,1,inner_ring
5009,29.926929117381924,35.78250287055632,2749,2,octagram
5010,34.189800005470396,46.4535734325607,2680,2,octagram
5011,32.91566136959698,45.62185201985978,2688,2,octagram
5012,39.64704698823338,48.6142950808369,3470,3,stroke_nan
5013,31.078020332086297,35.81686409042188,2743,2,octagram
5014,28.385669386468948,33.892750050546375,5382,5,text_en_1919
5015,32.028951435829356,28.97747461150579,1972,1,inner_ring
5016,27.572307252627546,27.671764030400492,5409,5,text_en_1919
5017,39.598673939164186,12.966876462248194,723,0,outer_ring
5018,47.68430212886142,17.937449313783173,5480,5,text_en_1919
5019,46.98849867426377,16.63102375199297,5605,5,text_en_1919
5020,45.86486318488881,26.457498354806262,2914,2,octagram
5021,47.614174132874,18.03845793377128,5474,5,text_en_1919
5022,47.2134070543243,39.62010094229897,3673,3,stroke_nan
5023,52.11541215914048,35.850105638899066,3751,3,stroke_nan
5024,57.10538078008814,42.4340553005304,4101,4,stroke_kai
5025,56.135150373056874,40.27555800578386,4163,4,stroke_kai
5026,64.61611013623983,50.9407457047512,3961,4,stroke_kai
5027,63.3965172014733,47.80231293029634,3991,4,stroke_kai
5028,64.6796342154033,50.776075875695355,3953,4,stroke_kai
5029,74.1329976433282,41.43522808103231,3189,2,octagram
5030,74.15072964046298,45.35810106020596,3205,2,octagram
5031,72.24380269669338,58.134865370852765,2240,2,octagram
5032,70.3038126768752,60.678826294566974,2263,2,octagram
5033,64.48408272062578,73.16971932644051,2347,2,octagram
5034,47.39719503351084,78.24253172074846,4635,5,text_en_1919
5035,47.33189767760094,82.68771573709877,4377,5,text_en_1919
5036,48.02584221757464,87.95818931821456,406,0,outer_ring
5037,49.98740440737282,88.68157028786486,332,0,outer_ring
5038,50.138975716948785,87.03803586797821,335,0,outer_ring
5039,56.69991249085662,85.0486789282128,4364,5,text_en_1919
5040,57.45834769408754,84.17069126890617,4431,5,text_en_1919
5041,52.697047855492734,83.243281782346,4401,5,text_en_1919
5042,54.77483347194065,80.32556082565306,4506,5,text_en_1919
5043,49.75265196201565,76.23403796607617,1779,1,inner_ring
5044,48.465683000363065,72.82520339803465,2457,2,octagram
5045,28.656937752086172,59.380129283455474,1871,1,inner_ring
5046,31.597578374254546,65.98021162618927,1836,1,inner_ring
5047,28.041531180212292,65.75607646841345,4812,5,text_en_1919
5048,55.94466762223932,89.2069781396564,168,0,outer_ring
5049,56.907546691705825,94.2784506957299,150,0,outer_ring
5050,66.17697291315032,92.38474971767408,38,0,outer_ring
5051,67.49009728513103,93.28285593444676,24,0,outer_ring
5052,71.62284238433458,88.78389270375791,4371,5,text_en_1919
5053,68.57310171429876,84.49132087121212,4448,5,text_en_1919
5054,76.58288597039265,78.45176080255469,4661,5,text_en_1919
5055,67.79229962150544,75.05056016617095,1724,1,inner_ring
5056,75.58809921532324,81.1702505585814,4629,5,text_en_1919
5057,76.94630584128691,75.99688583535385,4701,5,text_en_1919
5058,78.13176788145952,70.03486233081797,4776,5,text_en_1919
5059,82.81969550974641,61.17933161244055,4896,5,text_en_1919
5060,85.04367302967572,51.725876153671294,5063,5,text_en_1919
5061,82.96989239198828,53.25541386936412,1635,1,inner_ring
5062,84.00839153180354,47.586490331875204,1616,1,inner_ring
5063,88.88709735493654,46.39842870884311,5174,5,text_en_1919
5064,83.91768293009335,45.174165391069465,2199,1,inner_ring
5065,89.99340446325458,46.44529826198399,5166,5,text_en_1919
5066,91.54604378111402,40.13359163277264,5342,5,text_en_1919
5067,91.83549203343688,40.18731584911644,5340,5,text_en_1919
5068,57.51298947454791,35.0158742294292,4257,4,stroke_kai
5069,58.803318012394975,42.773085190718746,4095,4,stroke_kai
5070,68.47580190433364,36.31674281492183,3121,2,octagram
5071,66.82096553761215,32.11215546965447,3103,2,octagram
5072,64.88728958086219,30.9793736223228,3083,2,octagram
5073,63.76637619980094,27.593966260122784,3062,2,octagram
5074,72.27984965834628,32.74541516251569,3132,2,octagram
5075,74.89196169478541,33.947633673127946,3147,2,octagram
5076,73.60278710785623,34.08638851467429,3141,2,octagram
5077,67.58552279125117,23.5677224180779,2114,1,inner_ring
5078,66.7122660521246,20.93872522762388,2102,1,inner_ring
5079,58.978214862826505,15.04981146406333,5645,5,text_en_1919
5080,57.043739336873266,8.62694070081955,1207,0,outer_ring
5081,54.73266039324121,14.163947431755467,5663,5,text_en_1919
5082,48.343673140411674,18.459890073547424,5469,5,text_en_1919
5083,50.01363170791514,19.194214404842466,5475,5,text_en_1919
5084,53.730221911294166,18.97679183202821,2061,1,inner_ring
5085,44.03169640695727,13.302469528860327,744,0,outer_ring
5086,52.683511000489396,6.850370947603432,1051,0,outer_ring
5087,50.29111824227735,8.70433672941435,957,0,outer_ring
5088,57.52702381113618,7.232314031573445,1221,0,outer_ring
5089,57.14769406989952,1.8689753217846983,1197,0,outer_ring
5090,55.219031596136574,10.658344854420212,1147,0,outer_ring
5091,44.936903256686556,8.87425085639254,765,0,outer_ring
5092,49.49346077390529,9.17175144297654,917,0,outer_ring
5093,46.97815994075278,8.916006291893838,813,0,outer_ring
5094,48.376894126699675,6.512515990227089,876,0,outer_ring
5095,56.02680527627757,8.197064070777502,1177,0,outer_ring
5096,57.2051534276412,9.230614954233195,1215,0,outer_ring
5097,59.022728118776705,9.339419426722035,1271,0,outer_ring
5098,59.866446561634405,9.941518021550037,1290,0,outer_ring
5099,66.40243248498756,9.352219852973745,1459,0,outer_ring
5100,67.69165520305393,10.049520664464263,1500,0,outer_ring
5101,79.89989648786474,19.37133473355863,5418,5,text_en_1919
5102,76.82735143610486,24.443519641840837,5400,5,text_en_1919
5103,65.85100670873192,5.738279306461089,1424,0,outer_ring
5104,64.45176229386888,7.381498191347933,1391,0,outer_ring
5105,67.54833703481874,5.775526939334114,1472,0,outer_ring
5106,36.57598844260241,24.424284137688915,2003,1,inner_ring
5107,38.455643044937275,25.252295792464793,2869,2,octagram
5108,92.53540308659132,42.96128117508611,5215,5,text_en_1919
5109,49.648675142638965,92.34428599130969,329,0,outer_ring
5110,47.06762629121616,88.42148022150255,439,0,outer_ring
5111,43.73743831375003,90.66278068865861,515,0,outer_ring
5112,55.56082619666887,93.07618514977105,181,0,outer_ring
5113,50.89528319788274,90.14353443254092,301,0,outer_ring
5114,47.2429675390271,91.01569185510566,416,0,outer_ring
5115,41.777785001921885,86.14052049335986,568,0,outer_ring
5116,39.96174304092434,88.91419007536666,577,0,outer_ring
5117,37.90677917947467,88.64441933645934,605,0,outer_ring
5118,36.80077370081322,84.28019016927134,630,0,outer_ring
5119,31.25887594122391,74.45792490999497,4696,5,text_en_1919
5120,28.611501034006032,80.84449639870256,675,0,outer_ring
5121,26.692286063039496,68.17272052711499,4784,5,text_en_1919
5122,28.852671913838588,70.08676439793287,4750,5,text_en_1919
5123,22.259319466270902,58.04640974277046,4965,5,text_en_1919
5124,23.11704793974298,57.24147795668555,4957,5,text_en_1919
5125,22.960209937780007,54.38579314963193,5071,5,text_en_1919
5126,18.454745157700483,51.39100439307469,698,0,outer_ring
5127,26.283010278538928,48.01415721252064,5153,5,text_en_1919
5128,38.342377661710835,57.20860713826384,2553,2,octagram
5129,37.17287946516163,51.37578834365023,3454,3,stroke_nan
5130,38.786557045017226,49.81774543694768,3457,3,stroke_nan
5131,47.069225947337394,54.98268030885537,3329,3,stroke_nan
5132,44.76069274916426,51.49144724967335,3413,3,stroke_nan
5133,50.39352204488143,58.61765107194681,3310,3,stroke_nan
5134,49.66468511576684,54.378965337835886,3368,3,stroke_nan
5135,57.52634461646505,49.04044438336559,3969,4,stroke_kai
5136,60.82506785754897,55.74724211242625,3849,4,stroke_kai
5137,60.29901409846089,52.18323501284169,3924,4,stroke_kai
5138,62.3004692661857,66.80595479268433,2315,2,octagram
5139,68.12139991283442,63.47439318203194,2275,2,octagram
5140,58.540518821493926,55.46663671669014,3862,4,stroke_kai
5141,54.710059921138765,49.63793454270832,3971,4,stroke_kai
5142,52.88968604790327,42.59373286728182,3601,3,stroke_nan
5143,46.45752706955095,50.89555776214589,3419,3,stroke_nan
5144,52.262192334928834,40.216658560228545,3678,3,stroke_nan
5145,46.72478923032794,41.20726191798224,3637,3,stroke_nan
5146,43.65511879947469,41.79595018735588,3646,3,stroke_nan
5147,40.80308966053634,36.63911818598147,3683,3,stroke_nan
5148,39.577093570148,31.040668592422737,2826,2,octagram
5149,33.06174133478128,36.132367434690856,2736,2,octagram
5150,33.76491531142643,31.714423599881005,2777,2,octagram
5151,28.222149144010945,37.066285789206816,5359,5,text_en_1919
5152,35.4936102059117,40.46575294630228,3670,3,stroke_nan
5153,34.44045466693201,47.216057791491906,2679,2,octagram
5154,48.49228052415635,55.908201235777256,3314,3,stroke_nan
5155,28.60046117752767,33.94295429531331,5369,5,text_en_1919
5156,31.47367882646449,30.436707636603025,1962,1,inner_ring
5157,30.471737003238925,30.066300288238182,1960,1,inner_ring
5158,27.70495198157686,26.282272656913307,5419,5,text_en_1919
5159,38.097260937236754,24.680495950980422,2013,1,inner_ring
5160,44.317658782993135,24.96023876231722,2898,2,octagram
5161,44.72566918168784,23.214420507492935,2033,1,inner_ring
5162,50.19625837660215,25.233974352110423,2936,2,octagram
5163,56.33677236204838,29.380856849679052,2968,2,octagram
5164,50.85198374944534,30.15920466112567,2949,2,octagram
5165,63.1064785976121,37.98449634755869,4209,4,stroke_kai
5166,58.26751077028566,49.61576730522697,3948,4,stroke_kai
5167,55.92144419934285,49.96982805491771,3962,4,stroke_kai
5168,58.634922128017486,38.68755603666869,4197,4,stroke_kai
5169,66.71153459807168,53.812891824573704,3914,4,stroke_kai
5170,64.15097659795711,42.435995753231325,4140,4,stroke_kai
5171,74.24897601342157,37.56096181701252,3174,2,octagram
5172,72.21717062286987,48.99913690239643,3234,2,octagram
5173,71.66940963083238,64.21681789280323,2255,2,octagram
5174,74.83543263905257,63.58621764200035,1667,1,inner_ring
5175,67.10847942405655,72.22155959303949,2341,2,octagram
5176,49.80234543776956,76.91498178661097,1778,1,inner_ring
5177,48.50953066743777,87.2679616158288,395,0,outer_ring
5178,49.28271308735016,84.18652841171834,4362,5,text_en_1919
5179,54.15683446082788,84.91863409604069,4315,5,text_en_1919
5180,55.25985178137435,89.19411428392517,186,0,outer_ring
5181,59.55675242388757,82.43228234606453,4489,5,text_en_1919
5182,56.77577188165008,81.31136762044791,4542,5,text_en_1919
5183,51.32315559589045,80.17434320175155,4522,5,text_en_1919
5184,50.426877503706024,81.02287057229604,4479,5,text_en_1919
5185,51.94404517083209,78.9390588487167,4581,5,text_en_1919
5186,49.39913562951332,78.72288390194602,4607,5,text_en_1919
5187,27.12603718857536,58.80715043648296,1873,1,inner_ring
5188,36.317414258059465,60.55616700379045,2559,2,octagram
5189,29.087527126251487,55.90476142645411,2622,2,octagram
5190,57.950933760410464,90.89302269809565,128,0,outer_ring
5191,60.52050863361713,96.48395658789818,96,0,outer_ring
5192,61.21148919138385,83.75689005759736,4414,5,text_en_1919
5193,60.149465231749616,89.02506739136659,4296,5,text_en_1919
5194,68.1461425054608,85.79269786068706,4403,5,text_en_1919
5195,63.952719876108056,78.81051013648248,4640,5,text_en_1919
5196,71.20928658649756,83.21941685930778,4550,5,text_en_1919
5197,75.02473309602557,76.7327482688984,4707,5,text_en_1919
5198,76.8088927709573,62.68613683244807,1660,1,inner_ring
5199,87.97404371417905,72.49475314205246,4770,5,text_en_1919
5200,77.52204588904277,64.70134628349068,1663,1,inner_ring
5201,85.0294710226358,58.97632416805183,4918,5,text_en_1919
5202,86.9793871480026,64.49663719741045,4858,5,text_en_1919
5203,81.79898964538184,52.124399799729076,1631,1,inner_ring
5204,86.83757381751676,52.792006538667614,5036,5,text_en_1919
5205,89.59203267206158,49.115694701653936,5037,5,text_en_1919
5206,91.25824585345443,46.4187471823117,5158,5,text_en_1919
5207,89.32645446822538,44.42800400235404,5212,5,text_en_1919
5208,93.26609003911719,39.339304340258266,5346,5,text_en_1919
5209,90.7823247271032,41.667986069288936,5321,5,text_en_1919
5210,54.814869361850896,43.59294974833175,4088,4,stroke_kai
5211,60.547116242143794,41.48770443977953,4156,4,stroke_kai
5212,59.19285857776763,26.52385727417234,2983,2,octagram
5213,73.58818427520701,40.06471293825493,3190,2,octagram
5214,62.923877644910334,21.477070528465674,3008,2,octagram
5215,63.86961304201538,23.595489286045353,3005,2,octagram
5216,75.00721097078612,24.031109574971868,2144,1,inner_ring
5217,74.5099884316219,34.57897492348986,3144,2,octagram
5218,67.61695864375542,13.826615936544025,5576,5,text_en_1919
5219,64.3694524553134,19.90702661642148,2095,1,inner_ring
5220,58.75217146464316,18.54591277903486,5509,5,text_en_1919
5221,62.25786077703684,17.30744851404244,5521,5,text_en_1919
5222,58.35253939333548,8.479434849663415,1245,0,outer_ring
5223,58.47389116400951,13.404182917597655,5670,5,text_en_1919
5224,51.49600421091792,9.417641718714233,1006,0,outer_ring
5225,47.006937663706175,17.393642911242075,5500,5,text_en_1919
5226,43.47680320714121,12.576532511195435,736,0,outer_ring
5227,46.77428250424116,14.072137297470672,5671,5,text_en_1919
5228,43.228476186424416,10.82875857135333,741,0,outer_ring
5229,50.96098982940155,8.668861985657237,985,0,outer_ring
5230,54.080471505056146,7.0610146914949805,1110,0,outer_ring
5231,57.97249067843716,6.677611542985674,1231,0,outer_ring
5232,49.35474902464215,10.67095619226605,905,0,outer_ring
5233,56.15791780171863,4.848749768190662,1175,0,outer_ring
5234,48.13253349092544,10.622306478624013,857,0,outer_ring
5235,49.84959692900848,5.200923867820241,949,0,outer_ring
5236,49.96016313488857,7.2517654010036585,947,0,outer_ring
5237,54.772503924912755,6.979451764513052,1137,0,outer_ring
5238,52.00200494468111,5.613369285070149,1027,0,outer_ring
5239,60.34912161774449,7.487602903172517,1294,0,outer_ring
5240,64.34798812444924,5.763029502434922,1375,0,outer_ring
5241,64.29938214483403,10.359502693563991,1399,0,outer_ring
5242,66.80459394495448,11.083893207957045,1485,0,outer_ring
5243,67.10851860716463,15.766415377525583,5562,5,text_en_1919
5244,74.6122639762753,14.140650960885596,5551,5,text_en_1919
5245,66.75329179466408,4.677021280078353,1443,0,outer_ring
5246,63.736291979189545,8.990876549972496,1369,0,outer_ring
5247,64.76800100891246,7.420060263928071,1398,0,outer_ring
5248,40.59165723586402,24.258820040848068,2881,2,octagram
5249,37.6166594989327,31.392259149719138,2811,2,octagram
5250,89.55902089089328,40.34129546322348,5334,5,text_en_1919
5251,52.588222914794244,92.53632329957686,253,0,outer_ring
5252,49.60305617066502,92.36936539248208,330,0,outer_ring
5253,44.89264492304943,92.68451679162413,473,0,outer_ring
5254,59.65272568157576,93.02371718859155,105,0,outer_ring
5255,49.91482534755422,91.21763765368578,326,0,outer_ring
5256,48.10486137542148,80.97738689418429,4478,5,text_en_1919
5257,45.855032715063686,91.38334271952213,456,0,outer_ring
5258,42.500239850437524,80.28599573587175,4462,5,text_en_1919
5259,37.030773360948835,82.50726358910929,634,0,outer_ring
5260,38.66606999779073,87.00316153753428,602,0,outer_ring
5261,33.90538126541375,87.54947612843723,638,0,outer_ring
5262,34.27225831758574,81.75295479034598,651,0,outer_ring
5263,25.047056440199377,70.7575757198942,4724,5,text_en_1919
5264,19.807020219536668,62.0239765044384,4881,5,text_en_1919
5265,26.990077935903706,58.08442860900535,2616,2,octagram
5266,23.46823494232539,54.8051989036905,5004,5,text_en_1919
5267,22.953695626234413,55.967900026258306,4998,5,text_en_1919
5268,27.157458683684396,53.2827713416089,1886,1,inner_ring
5269,27.119104027351433,62.10890599085082,4861,5,text_en_1919
5270,31.849445357460606,54.78878367723073,2631,2,octagram
5271,33.256526148803616,53.02757144132322,2637,2,octagram
5272,44.38756864305525,53.88078052332035,3371,3,stroke_nan
5273,42.767772820354956,53.11679034814776,3380,3,stroke_nan
5274,43.92121831808289,62.41378512976054,2523,2,octagram
5275,47.28145072522912,58.9786541016239,3294,3,stroke_nan
5276,58.541117660548935,69.77005472474131,2382,2,octagram
5277,60.83787311897631,57.45162254499302,3834,4,stroke_kai
5278,58.69526869569676,59.71374204050489,3801,4,stroke_kai
5279,65.91100959333751,70.463296560108,2332,2,octagram
5280,56.05639080416773,66.26403440709687,2405,2,octagram
5281,57.60691337876091,68.72726395691362,2393,2,octagram
5282,57.62827931781533,57.255541211242004,3830,4,stroke_kai
5283,57.28467753543914,54.34598647493676,3882,4,stroke_kai
5284,52.5346730617524,51.698331004074866,3429,3,stroke_nan
5285,45.65604941392605,37.30324647037154,3718,3,stroke_nan
5286,50.23102875624888,44.26804602742702,3556,3,stroke_nan
5287,47.30111604037427,55.180554785164304,3328,3,stroke_nan
5288,46.11162767267597,39.61888441845619,3659,3,stroke_nan
5289,46.03506293198348,43.792207489057475,3587,3,stroke_nan
5290,40.24375350643634,39.383508091805574,3645,3,stroke_nan
5291,30.213969488861597,44.60187344241797,1918,1,inner_ring
5292,33.760648477183075,34.63216586125057,2770,2,octagram
5293,24.547114782699424,36.87514498957453,5367,5,text_en_1919
5294,30.089141548835528,40.5224679387672,1929,1,inner_ring
5295,33.797892020319416,43.11520243133801,2701,2,octagram
5296,36.59490860917895,44.37331705767572,3581,3,stroke_nan
5297,37.54681162245026,31.287623192921338,2812,2,octagram
5298,32.749511319808114,45.39994498676811,2691,2,octagram
5299,31.035322554828678,27.07103455011639,5404,5,text_en_1919
5300,36.599435417409175,25.453132280343056,1998,1,inner_ring
5301,38.797383422010434,27.26325399022258,2852,2,octagram
5302,38.621633794958,17.500622605286996,5599,5,text_en_1919
5303,48.54654455845423,26.941102193314755,2930,2,octagram
5304,40.2393370415415,42.59122793850571,3612,3,stroke_nan
5305,49.29041492571096,35.084502920949625,3752,3,stroke_nan
5306,53.5336519127861,37.65910302899154,4233,4,stroke_kai
5307,56.84700238454077,44.72670033827171,4052,4,stroke_kai
5308,57.0770269173385,39.77398262687659,4184,4,stroke_kai
5309,59.528435858851026,37.80200689344906,4223,4,stroke_kai
5310,57.11713908950863,46.983816872234165,4019,4,stroke_kai
5311,62.638056288147475,44.482268131547364,4086,4,stroke_kai
5312,65.67011924351301,54.03475948623801,3901,4,stroke_kai
5313,68.46683220730581,55.58024008072954,3891,4,stroke_kai
5314,75.32389324671182,57.21407621166209,2221,2,octagram
5315,70.28139244161783,64.13453096274874,2268,2,octagram
5316,72.30572140093687,68.51556171647381,1691,1,inner_ring
5317,66.22554321779732,76.0559781346795,1726,1,inner_ring
5318,43.69576799186044,75.23643412958955,2484,2,octagram
5319,46.54532544277346,84.13067980114427,4322,5,text_en_1919
5320,52.644851783887425,84.880683336942,4323,5,text_en_1919
5321,49.69640692994383,88.18778868439279,346,0,outer_ring
5322,54.64195951069398,90.99421050457673,196,0,outer_ring
5323,54.84207501003168,84.42342776229944,4334,5,text_en_1919
5324,57.988052109200304,84.99369889501897,4380,5,text_en_1919
5325,54.718107939559886,83.07758551840189,4395,5,text_en_1919
5326,50.94995667438208,80.38977782254611,4493,5,text_en_1919
5327,51.47059907081402,80.8627600275717,4486,5,text_en_1919
5328,48.23263285527804,75.12722921849296,1789,1,inner_ring
5329,35.87088603035654,65.95858979565274,2516,2,octagram
5330,30.714633711002477,65.4610569354249,1841,1,inner_ring
5331,29.805695476227257,62.30270367506528,1856,1,inner_ring
5332,58.36929288030224,95.2629967184866,124,0,outer_ring
5333,61.34162673836134,95.73438658841191,83,0,outer_ring
5334,56.28042338958651,92.84685460329204,160,0,outer_ring
5335,69.35209321564396,91.12634986575574,12,0,outer_ring
5336,75.16390043456418,86.00968033996777,4504,5,text_en_1919
5337,66.91806469274982,88.12533314874858,4344,5,text_en_1919
5338,73.35032197997234,84.34113852513622,4472,5,text_en_1919
5339,69.2207965617932,79.41385228417928,4660,5,text_en_1919
5340,76.00532903094083,69.87361402397961,1682,1,inner_ring
5341,79.14435147749468,67.15747856896908,4821,5,text_en_1919
5342,85.33172249159239,60.79847700387352,4894,5,text_en_1919
5343,80.02491210515677,55.15257978853817,3277,2,octagram
5344,80.72383648461818,57.30519563687602,3285,2,octagram
5345,85.67953034425615,52.67006945865115,5054,5,text_en_1919
5346,86.38918507624982,50.11202819474895,5067,5,text_en_1919
5347,91.1667974684515,53.33107541058383,5009,5,text_en_1919
5348,87.96042362948361,40.036231051619005,5327,5,text_en_1919
5349,89.45958542536567,37.58927115764669,5344,5,text_en_1919
5350,96.68300212708199,44.6860514556811,5170,5,text_en_1919
5351,84.01856738460053,37.18436344611904,2175,1,inner_ring
5352,59.8507543652539,53.406191688627764,3890,4,stroke_kai
5353,58.63447740091614,36.00392515153439,4238,4,stroke_kai
5354,63.850306561808914,25.005078732188583,3040,2,octagram
5355,65.57821028346949,31.80993146006802,3093,2,octagram
5356,65.94433304199094,33.08771547110396,3096,2,octagram
5357,65.22495995181907,25.378999490213516,3048,2,octagram
5358,71.31926886876099,30.979788341478763,3125,2,octagram
5359,72.07214676430722,20.331745990740306,2123,1,inner_ring
5360,70.33260788337911,24.500529887676088,2130,1,inner_ring
5361,64.11882524116372,18.40780094645744,5458,5,text_en_1919
5362,63.33856032132787,20.834487374430292,3014,2,octagram
5363,57.60275245651501,9.01983547474617,1226,0,outer_ring
5364,60.66189852720841,18.876025976740507,2079,1,inner_ring
5365,53.36381690126608,17.56818083916088,5527,5,text_en_1919
5366,50.9330015603519,18.188931590493393,5502,5,text_en_1919
5367,50.36896674121175,10.521906659081779,955,0,outer_ring
5368,49.5285496932232,6.653603896002524,929,0,outer_ring
5369,45.5399854300172,9.327758604818372,775,0,outer_ring
5370,50.927108281171336,10.057844508524344,979,0,outer_ring
5371,52.70515286990074,16.154975535268143,5574,5,text_en_1919
5372,54.63519791667937,11.027484078039219,1136,0,outer_ring
5373,61.86111990172783,7.890240493797086,1323,0,outer_ring
5374,52.93372960765124,9.122537179461496,1062,0,outer_ring
5375,46.07074184765424,3.0832363050892506,816,0,outer_ring
5376,48.96797120615422,3.759085066623987,912,0,outer_ring
5377,49.58302662472552,7.685013487668536,926,0,outer_ring
5378,50.006616282053336,6.952407914950203,951,0,outer_ring
5379,53.491875513072635,11.977551950284969,1087,0,outer_ring
5380,57.17910326345459,6.973777646054377,1209,0,outer_ring
5381,59.63657714989967,7.888716098133389,1282,0,outer_ring
5382,57.270052330372444,7.047320976350924,1211,0,outer_ring
5383,66.13210121956774,4.950153960530677,1427,0,outer_ring
5384,72.04327028464495,10.446537083102017,1564,0,outer_ring
5385,69.67934948043779,7.547029875687502,1529,0,outer_ring
5386,74.72956332016986,4.25762137312968,1567,0,outer_ring
5387,66.93689618580096,6.756124510944193,1458,0,outer_ring
5388,63.65495181109859,6.707284948388002,1359,0,outer_ring
5389,70.22068319570555,5.160774355589819,1526,0,outer_ring
5390,44.930375197143086,24.00247606514553,2901,2,octagram
5391,40.27374831293304,23.59303239563547,2022,1,inner_ring
5392,90.63713601225648,45.77116635627266,5194,5,text_en_1919
5393,46.86072688000639,91.14318938498278,428,0,outer_ring
5394,47.645109095548236,92.53990158119274,396,0,outer_ring
5395,44.44313061312097,91.25235174944724,494,0,outer_ring
5396,56.86972048716734,89.34550666590773,149,0,outer_ring
5397,52.23707487865315,94.91349672860608,258,0,outer_ring
5398,47.10840566650539,88.43107971665226,437,0,outer_ring
5399,44.04757030911941,92.51093485256477,496,0,outer_ring
5400,42.899484645023335,85.91600235733688,552,0,outer_ring
5401,35.70999165865594,81.9793176701117,644,0,outer_ring
5402,38.60765598839696,86.25923645757254,606,0,outer_ring
5403,39.24832873642016,74.08129157949101,1805,1,inner_ring
5404,29.971784193730148,77.03524368670085,4647,5,text_en_1919
5405,24.862539650803615,69.98206173131926,4738,5,text_en_1919
5406,27.288878416527144,65.1989706677078,4807,5,text_en_1919
5407,21.73366952770568,52.868215981875885,5084,5,text_en_1919
5408,24.83910700611288,57.521942032647125,4954,5,text_en_1919
5409,20.868587808975523,51.985229181304135,5097,5,text_en_1919
5410,21.524955783609556,48.814041089164256,5161,5,text_en_1919
5411,26.248427896015205,53.32339069322338,1889,1,inner_ring
5412,30.39131385495298,58.32216623279484,2601,2,octagram
5413,37.268701019659616,51.525025091910166,3423,3,stroke_nan
5414,42.09325357313492,58.66925186040461,2543,2,octagram
5415,45.41531253264942,50.96580127352997,3420,3,stroke_nan
5416,46.94121269898723,54.81853646109058,3330,3,stroke_nan
5417,53.17446936867329,53.2512441119024,3364,3,stroke_nan
5418,53.157585059019866,61.82109372624633,2416,2,octagram
5419,57.46489511270141,53.17419958587474,3909,4,stroke_kai
5420,60.72339732717593,57.16400740587543,3846,4,stroke_kai
5421,58.79516631334229,71.00240513695033,2379,2,octagram
5422,62.82843576343694,65.00747070252783,2302,2,octagram
5423,58.22883269424185,73.70186765027746,1747,1,inner_ring
5424,58.96374302368188,55.25100731554933,3863,4,stroke_kai
5425,58.53467945384469,57.51473858074846,3821,4,stroke_kai
5426,52.208640598484685,41.627833615368075,3644,3,stroke_nan
5427,43.39826652429882,41.984159240274316,3629,3,stroke_nan
5428,49.95231054557764,51.66728328208538,3403,3,stroke_nan
5429,49.16810397127721,47.24673801336941,3475,3,stroke_nan
5430,46.351817087342376,37.329627238229,3713,3,stroke_nan
5431,46.12485409825202,39.10710978831769,3687,3,stroke_nan
5432,40.30917668909412,38.178196276816934,3677,3,stroke_nan
5433,34.08292906859803,30.62201275615829,2783,2,octagram
5434,30.79277582247381,36.37218396926408,2741,2,octagram
5435,29.211276635943264,44.36489470720126,1919,1,inner_ring
5436,31.99359976039771,43.60094461669569,2704,2,octagram
5437,37.817310980046045,47.391423337323744,3531,3,stroke_nan
5438,38.56407046916327,49.962985723838514,3452,3,stroke_nan
5439,19.4434727889015,40.24350150999571,5298,5,text_en_1919
5440,38.14282581497995,31.59141356016049,2814,2,octagram
5441,31.939477318436175,29.185965073716876,1970,1,inner_ring
5442,29.64246777346575,26.80994147172985,5415,5,text_en_1919
5443,36.97454162906893,24.85496419189996,2004,1,inner_ring
5444,40.55218787470844,28.921006019048622,2843,2,octagram
5445,46.061292943164524,27.443687451646895,2918,2,octagram
5446,44.71344224989917,24.90304907531293,2900,2,octagram
5447,50.01201654064714,37.00986034795559,3733,3,stroke_nan
5448,50.45451783445137,29.019575185207145,2947,2,octagram
5449,54.38734362948664,31.249597763043546,2960,2,octagram
5450,59.93491199659464,41.889760087247076,4145,4,stroke_kai
5451,58.11810470942455,43.195798564321024,4075,4,stroke_kai
5452,72.63280284544537,46.264289806446875,3212,2,octagram
5453,66.34819265418575,48.77886656867003,3982,4,stroke_kai
5454,63.02071942969623,56.207719573876815,3845,4,stroke_kai
5455,76.98261000743439,45.661032594383386,3195,2,octagram
5456,74.7915736176954,52.35802345772794,3256,2,octagram
5457,73.58405501702552,62.914137890275875,2239,2,octagram
5458,71.22149365021566,62.29063502235616,2253,2,octagram
5459,67.16090021508649,69.6684185753894,2324,2,octagram
5460,50.013761176149984,79.279823452822,4559,5,text_en_1919
5461,49.018678321023664,82.44821119794781,4383,5,text_en_1919
5462,49.47006987939511,85.61500111161385,366,0,outer_ring
5463,54.27895823831728,86.79855838919983,209,0,outer_ring
5464,52.36272967163338,83.18031016212895,4394,5,text_en_1919
5465,58.976717629035214,81.48756406341347,4530,5,text_en_1919
5466,56.919035033763556,80.80888587175154,4555,5,text_en_1919
5467,55.19528331524487,79.19783223640538,4603,5,text_en_1919
5468,51.858301165198775,84.10179631733658,4350,5,text_en_1919
5469,53.6872034752505,82.49489559606964,4429,5,text_en_1919
5470,45.34126641924267,74.68659176476174,2479,2,octagram
5471,31.709857408168098,62.06160812656747,1850,1,inner_ring
5472,26.085856138647806,64.15266381372219,4820,5,text_en_1919
5473,29.662223589263895,60.25045042602141,1868,1,inner_ring
5474,55.94705350970915,95.28605716378549,167,0,outer_ring
5475,58.495917120463965,93.438237178571,119,0,outer_ring
5476,56.42581177562098,91.73806250260019,158,0,outer_ring
5477,67.57259666278756,90.38739417535827,20,0,outer_ring
5478,67.77938524794713,91.85421104061622,21,0,outer_ring
5479,68.98010749870426,87.85156160112531,4348,5,text_en_1919
5480,66.5628696909347,78.64867694588527,4646,5,text_en_1919
5481,74.96621904321806,77.84934292147825,4687,5,text_en_1919
5482,73.64808813737292,77.98743328168706,4655,5,text_en_1919
5483,80.77877802731918,65.43897474064417,4856,5,text_en_1919
5484,79.52274157557638,67.45884796143022,4833,5,text_en_1919
5485,82.27383311027599,56.179821627170284,1644,1,inner_ring
5486,85.73475316055892,56.86161228508336,4951,5,text_en_1919
5487,89.48076262183584,56.13263792100655,4929,5,text_en_1919
5488,83.75927526325422,46.60296489466813,2208,1,inner_ring
5489,89.74204827824371,37.3437169874033,5348,5,text_en_1919
5490,86.5997280521481,40.01017835761013,2187,1,inner_ring
5491,94.70564566249085,53.325583284141665,5024,5,text_en_1919
5492,96.57702413527375,40.79024056812577,5261,5,text_en_1919
5493,94.71343233439526,42.514461852115936,5240,5,text_en_1919
5494,59.14794984585153,42.296366388012636,4120,4,stroke_kai
5495,54.722331902418766,42.06502835412896,4117,4,stroke_kai
5496,69.08005389008346,34.57923060437231,3122,2,octagram
5497,67.26268786762799,40.17897640648006,4167,4,stroke_kai
5498,60.97154206640602,30.90835940097112,3079,2,octagram
5499,66.36420067284166,21.237135337814607,2100,1,inner_ring
5500,75.10210458397447,39.388127214288126,3180,2,octagram
5501,72.31406699366651,25.592570110401084,2139,1,inner_ring
5502,72.74844291567247,25.560331101261212,2142,1,inner_ring
5503,66.93719904366003,15.121117217151586,5568,5,text_en_1919
5504,63.443530850375396,20.514870362941352,2090,1,inner_ring
5505,57.651711291314136,17.913750355687768,5528,5,text_en_1919
5506,57.04907850680408,15.6217270634602,5626,5,text_en_1919
5507,56.12331817322784,28.906768923079795,2969,2,octagram
5508,53.61434386620404,22.199797617129665,2060,1,inner_ring
5509,46.71477669605871,13.930053105965987,5674,5,text_en_1919
5510,48.253776642556865,8.910985893305295,867,0,outer_ring
5511,44.0854946034732,9.525282491241335,750,0,outer_ring
5512,52.11803156513079,9.910583643125332,1028,0,outer_ring
5513,51.42625328270692,10.420212566906487,1002,0,outer_ring
5514,52.8505187656105,4.592172081380344,1057,0,outer_ring
5515,58.18423899108567,10.742028362568071,1247,0,outer_ring
5516,51.643283865259534,7.428344859505905,1014,0,outer_ring
5517,46.593768017529364,10.05671122103636,794,0,outer_ring
5518,48.3648835930793,6.997200759343205,874,0,outer_ring
5519,45.847850249690076,2.723508977907957,810,0,outer_ring
5520,47.792477847624,8.894331685663246,850,0,outer_ring
5521,59.216340185018204,6.842053341361795,1269,0,outer_ring
5522,55.306992270661674,10.518129832737278,1152,0,outer_ring
5523,61.893900408036956,8.638139379939618,1325,0,outer_ring
5524,59.115702730593526,7.6356058501938655,1268,0,outer_ring
5525,63.42495322687011,11.317878307798804,1372,0,outer_ring
5526,71.1884448862311,8.171964676421387,1549,0,outer_ring
5527,70.61643624387864,10.953760042100768,1554,0,outer_ring
5528,69.4280130194332,13.952012502106736,5647,5,text_en_1919
5529,67.06444319003792,5.5612930704517645,1454,0,outer_ring
5530,64.12411440199892,9.18078810358262,1389,0,outer_ring
5531,67.85505070977645,7.886332974880084,1492,0,outer_ring
5532,37.2992835319993,33.86161993634058,2801,2,octagram
5533,34.58465299511973,28.99850353397199,1983,1,inner_ring
5534,91.32295000201422,53.16679052393923,5023,5,text_en_1919
5535,49.16246618989645,95.79301574387269,333,0,outer_ring
5536,48.17920089638739,93.58538013707006,376,0,outer_ring
5537,44.32510054982913,91.23436879312169,498,0,outer_ring
5538,55.91005582857577,95.86829752677664,169,0,outer_ring
5539,46.74715219361859,91.12029345772852,430,0,outer_ring
5540,43.39636611655322,92.03201655936061,514,0,outer_ring
5541,47.96769789158908,90.19999082426666,400,0,outer_ring
5542,41.51793842018884,91.11515326865359,550,0,outer_ring
5543,38.40886092021162,85.97416109532465,613,0,outer_ring
5544,32.836403644815015,80.8263245780991,666,0,outer_ring
5545,32.658695318547444,82.38231367325383,658,0,outer_ring
5546,35.60472682075361,77.7459832917281,4683,5,text_en_1919
5547,25.831518236429243,73.62012847613757,684,0,outer_ring
5548,23.051867580256694,65.48779590287803,4824,5,text_en_1919
5549,21.78314475404384,58.060615041004276,4964,5,text_en_1919
5550,28.149311903428657,46.8217280378749,1912,1,inner_ring
5551,24.457733656700107,49.02652044069432,5137,5,text_en_1919
5552,29.322910506723495,49.148587893643246,1902,1,inner_ring
5553,23.569843963613486,50.69311551729292,5115,5,text_en_1919
5554,28.160024224101935,47.30870274667107,1909,1,inner_ring
5555,40.3781423958916,61.18226929679631,2532,2,octagram
5556,45.69471981141233,58.9637647488722,3293,3,stroke_nan
5557,45.407818631647075,53.011148756431666,3388,3,stroke_nan
5558,41.44558711654121,52.724307435105935,3375,3,stroke_nan
5559,49.17842565796548,58.236869718897225,3295,3,stroke_nan
5560,55.69851407274652,54.12197180322544,3900,4,stroke_kai
5561,61.648473473163754,48.47685119544318,3970,4,stroke_kai
5562,56.52458860109611,46.63805218193049,3990,4,stroke_kai
5563,63.39445440405905,62.20683614160511,2284,2,octagram
5564,63.72002935621579,75.58223941113788,1730,1,inner_ring
5565,63.48052086576984,76.11871923875563,1732,1,inner_ring
5566,56.499894637183615,55.21168515233821,3852,4,stroke_kai
5567,55.93372482180631,50.416698099396825,3958,4,stroke_kai
5568,54.29888824573933,48.95887975195298,3978,4,stroke_kai
5569,42.538210938275625,42.98932056253573,3567,3,stroke_nan
5570,50.73815346980304,45.406658111591426,3537,3,stroke_nan
5571,52.223405817118596,43.382446706752205,3599,3,stroke_nan
5572,49.38615311818557,43.923334740081046,3569,3,stroke_nan
5573,39.407634248657835,34.23359445394488,2816,2,octagram
5574,38.253289126443946,29.134161296824402,2836,2,octagram
5575,30.622200948059128,34.20111340780434,2755,2,octagram
5576,37.17102123738276,32.432499974023244,2807,2,octagram
5577,27.26021733994318,36.80381014137831,5365,5,text_en_1919
5578,32.80630130602352,40.2313991418824,2718,2,octagram
5579,40.13071674640771,44.60430965494321,3575,3,stroke_nan
5580,37.71614043400728,49.41426493283268,3474,3,stroke_nan
5581,28.168295037054044,39.90864094930868,5288,5,text_en_1919
5582,25.60672560110302,17.976437119193623,707,0,outer_ring
5583,23.379490811363763,37.50836906445217,5320,5,text_en_1919
5584,34.73153935645621,38.81480315563958,2720,2,octagram
5585,36.78995713707688,20.903459608174554,5515,5,text_en_1919
5586,38.028530447316626,22.178426679954537,5435,5,text_en_1919
5587,48.140716082549936,25.695103257566686,2923,2,octagram
5588,41.39670504524074,23.730942798894926,2883,2,octagram
5589,54.73501410043441,36.68424892452419,4247,4,stroke_kai
5590,52.65939293283403,28.984516335209896,2954,2,octagram
5591,53.74585001204861,30.38294214176735,2957,2,octagram
5592,59.59104419573581,53.68595088936548,3887,4,stroke_kai
5593,57.55352176443699,42.353606437104226,4112,4,stroke_kai
5594,59.57338646277207,43.512501849468464,4072,4,stroke_kai
5595,67.37680334478067,40.53174779194305,4166,4,stroke_kai
5596,64.5408052287179,39.91666220766837,4173,4,stroke_kai
5597,68.74255284561544,47.246825863337,3223,2,octagram
5598,69.78354882853596,51.21060948287696,3238,2,octagram
5599,71.74170169388896,62.19002626408623,2246,2,octagram
5600,80.3628500749045,56.0265382179924,3282,2,octagram
5601,71.86085839996088,67.91217338135004,1690,1,inner_ring
5602,44.91517449936332,73.45478251843467,2488,2,octagram
5603,47.79480572097232,88.51120673793686,410,0,outer_ring
5604,45.57576286791473,83.13565357356657,4361,5,text_en_1919
5605,53.65726172515823,87.68247956392638,230,0,outer_ring
5606,55.64025874093549,87.38353029044553,179,0,outer_ring
5607,53.23315768596022,87.09232130404355,243,0,outer_ring
5608,53.14304440668716,85.17792074773193,4311,5,text_en_1919
5609,61.375166053980834,79.0595711737146,4610,5,text_en_1919
5610,51.947840793373935,79.94080791372807,4540,5,text_en_1919
5611,46.036222064730936,85.6536825729085,481,0,outer_ring
5612,51.07678907655795,74.88591356588562,1771,1,inner_ring
5613,31.56241264835809,60.411611034452925,2582,2,octagram
5614,29.024020253624457,60.72431773405218,1866,1,inner_ring
5615,27.02625877834194,57.40588173439726,1875,1,inner_ring
5616,57.8868414990146,89.66330024069873,129,0,outer_ring
5617,53.593242166079584,94.99536099574804,222,0,outer_ring
5618,61.84661458350949,92.8533702523634,70,0,outer_ring
5619,66.81668411269204,96.03502841818144,36,0,outer_ring
5620,66.50402469291618,85.48031096456732,4454,5,text_en_1919
5621,69.31199996229411,89.18018267358255,4326,5,text_en_1919
5622,73.83310754702033,85.80289481487208,4427,5,text_en_1919
5623,67.55550524083472,74.58172212466057,2345,2,octagram
5624,78.76547685430693,74.78170908918614,4718,5,text_en_1919
5625,85.62868293565185,68.00220209591204,4857,5,text_en_1919
5626,79.65835309910203,58.732810824523305,2212,2,octagram
5627,80.86807970618867,62.687039881135426,4905,5,text_en_1919
5628,84.97762089527336,55.1955338603782,4981,5,text_en_1919
5629,83.13793827961914,50.6202342423966,1623,1,inner_ring
5630,86.12108202900004,52.95129428129722,5025,5,text_en_1919
5631,86.51441382376831,56.03930867749025,4962,5,text_en_1919
5632,91.06371727427334,40.237520995789644,5337,5,text_en_1919
5633,93.7571265928427,39.15788144459775,5316,5,text_en_1919
5634,95.33075662904905,47.20213798820773,5100,5,text_en_1919
5635,95.6509131432542,46.6937738558262,5107,5,text_en_1919
5636,61.04332097470042,37.41779787326324,4222,4,stroke_kai
5637,58.60109695260783,42.72234919860136,4098,4,stroke_kai
5638,61.77358140125635,39.01320728074608,4185,4,stroke_kai
5639,72.45493050696831,42.56691419800783,3194,2,octagram
5640,64.12574695123602,22.19677965832204,3013,2,octagram
5641,67.05416003895967,22.58008300112468,2109,1,inner_ring
5642,78.2369140488016,35.82048548346228,3160,2,octagram
5643,74.7156163899714,33.990945362684634,3146,2,octagram
5644,69.79682015016591,23.081222091776105,2122,1,inner_ring
5645,64.77213255608224,19.601055983911372,2097,1,inner_ring
5646,67.378464566627,17.05105022712797,5445,5,text_en_1919
5647,56.758654520072945,14.983969281530129,5649,5,text_en_1919
5648,56.56957544990471,17.37744551771332,5566,5,text_en_1919
5649,52.89438352618252,7.834791600254675,1058,0,outer_ring
5650,54.50074814870715,11.464302015776434,1131,0,outer_ring
5651,43.24262435128371,17.67807896166837,5557,5,text_en_1919
5652,51.033497785934074,6.508714786300184,993,0,outer_ring
5653,47.94246739986238,15.899300720998257,5611,5,text_en_1919
5654,49.88628789626711,9.19302913389146,936,0,outer_ring
5655,48.57478584878732,15.970674963735801,5624,5,text_en_1919
5656,53.24519557822204,9.603644281793436,1075,0,outer_ring
5657,59.391415175832755,7.789657638151359,1279,0,outer_ring
5658,54.35859416771732,9.215002296596507,1122,0,outer_ring
5659,50.16580215563035,7.990105423626762,953,0,outer_ring
5660,44.077030633387736,8.860855700053216,753,0,outer_ring
5661,49.57091002932016,8.914922356431452,920,0,outer_ring
5662,49.850129594144576,9.79609157303964,931,0,outer_ring
5663,53.952223232052404,7.94135188968415,1102,0,outer_ring
5664,52.47527874712772,7.645663086195831,1043,0,outer_ring
5665,61.29571915400562,6.2775751899884344,1309,0,outer_ring
5666,64.13347975661402,6.386629163728864,1370,0,outer_ring
5667,61.18380601280932,8.704679812950083,1312,0,outer_ring
5668,68.73868051115119,8.327858912326237,1513,0,outer_ring
5669,74.59293262816666,12.450510337659814,1593,0,outer_ring
5670,72.13428812784271,12.046773813083112,1570,0,outer_ring
5671,66.6761652162799,7.840996141963961,1456,0,outer_ring
5672,68.53293650595705,10.599467205066928,1523,0,outer_ring
5673,66.97717778499505,8.267688399943017,1471,0,outer_ring
5674,36.99650271891066,23.396221946141125,2010,1,inner_ring
5675,40.929042060793165,27.62851859781295,2856,2,octagram
5676,87.32278494818351,41.14888386208025,2189,1,inner_ring
5677,48.32851601867398,93.08402479094816,370,0,outer_ring
5678,49.336670577732484,93.19915744484561,339,0,outer_ring
5679,46.14667173550595,93.78863427678098,435,0,outer_ring
