point_id,x,y,assigned_slot_id,assigned_layer_id,assigned_layer_name
0,58.603766665289086,93.96780476191059,96,0,outer_ring
1,52.904310269229875,90.07732235124563,239,0,outer_ring
2,43.27849281418174,90.05173325213424,521,0,outer_ring
3,42.94356983052954,89.47241829942945,529,0,outer_ring
4,36.57856760373626,90.23681360160889,614,0,outer_ring
5,42.19576853239851,82.03762581555557,4366,5,text_en_1919
6,39.38445581094433,85.18916287201671,604,0,outer_ring
7,35.14813831710827,73.88087141641576,4704,5,text_en_1919
8,30.9650887649254,69.4660711727463,4750,5,text_en_1919
9,25.16856784653871,67.125375605784,4788,5,text_en_1919
10,21.93357943164716,65.0143120599018,4840,5,text_en_1919
11,21.0996235258889,63.32699524696624,4866,5,text_en_1919
12,18.90553747027959,58.11123903729095,4977,5,text_en_1919
13,15.147434843919946,53.024085894958255,697,0,outer_ring
14,21.21382579787477,50.396105172806934,5105,5,text_en_1919
15,32.00343500877533,60.11504101921166,2587,2,octagram
16,29.244036402434723,52.00214293063775,1892,1,inner_ring
17,38.31592764156032,60.97036170872452,2552,2,octagram
18,40.61716111740494,62.99571865605369,2536,2,octagram
19,44.82511317811503,54.87118047315027,3362,3,stroke_nan
20,46.074993668416404,53.87645212804608,3386,3,stroke_nan
21,50.17043253781471,65.61756577388952,2427,2,octagram
22,50.907584068833714,55.33587170211681,3353,3,stroke_nan
23,54.02589649259979,66.4986494159913,2415,2,octagram
24,59.802812613295714,75.48591216057757,1745,1,inner_ring
25,61.635030820801234,59.99869736194908,3810,4,stroke_kai
26,61.76726884262057,74.15749082992714,1736,1,inner_ring
27,65.67570921590723,73.24034968175907,2341,2,octagram
28,68.21279207876955,52.75585862702176,3915,4,stroke_kai
29,54.85275158912937,49.4747369299597,3984,4,stroke_kai
30,50.16537448080951,53.0570067849168,3395,3,stroke_nan
31,47.12292538785723,39.00053830649182,3713,3,stroke_nan
32,50.191798571635374,46.66775087655302,3556,3,stroke_nan
33,49.16385286673583,49.50732191277414,3475,3,stroke_nan
34,48.84633411836662,47.934287735967835,3498,3,stroke_nan
35,42.60249666946091,45.939433358523694,3544,3,stroke_nan
36,36.18973060018347,34.89263019304774,2796,2,octagram
37,35.34477618719995,36.44813277846338,2789,2,octagram
38,18.057880938803123,41.13481148462355,5310,5,text_en_1919
39,28.246972590545873,41.93923727311931,1928,1,inner_ring
40,33.09769102789512,40.71410639578411,2719,2,octagram
41,38.514672228791525,48.84596557933525,3485,3,stroke_nan
42,38.896607332007726,62.33312314157389,2541,2,octagram
43,29.810463940681455,36.6088467174508,2746,2,octagram
44,31.44002013630762,42.73772999727425,2715,2,octagram
45,28.114796599246276,26.233493348095077,5415,5,text_en_1919
46,29.938275981902354,26.627048327516974,5416,5,text_en_1919
47,36.78596956684127,23.49822332886255,2005,1,inner_ring
48,47.33680109283659,14.610398660131612,5623,5,text_en_1919
49,49.48784892903705,26.416114528135843,2930,2,octagram
50,51.26725009211559,9.450589256626756,980,0,outer_ring
51,52.84569812974415,29.044515188479792,2953,2,octagram
52,52.5525208645379,37.32482801021106,3739,3,stroke_nan
53,53.93022319758225,41.442663974966905,4157,4,stroke_kai
54,56.220336002636714,40.66108530893141,4174,4,stroke_kai
55,66.63561690885332,47.849925895017456,4023,4,stroke_kai
56,59.4871845388431,45.77475820405507,4075,4,stroke_kai
57,64.02734635193971,50.131262950552795,3973,4,stroke_kai
58,71.69834837299275,42.209239170809546,3196,2,octagram
59,75.77564107589996,45.001004030919916,3203,2,octagram
60,76.70921268617646,46.50326884471452,3211,2,octagram
61,76.69070637717664,54.09077146561843,3263,2,octagram
62,68.49287589529082,63.30329473825876,2284,2,octagram
63,67.51925073823925,69.1801292849641,2318,2,octagram
64,46.14777390016812,80.09617111989749,4516,5,text_en_1919
65,48.4302454473372,84.1394658874924,4333,5,text_en_1919
66,52.71548450058746,89.62001220090563,244,0,outer_ring
67,53.41265851174687,89.09678563715636,223,0,outer_ring
68,52.8997836762103,84.35894602876064,4328,5,text_en_1919
69,55.5057609920702,90.02123131126311,161,0,outer_ring
70,57.4969109329102,81.47515162524853,4495,5,text_en_1919
71,52.89561453703404,80.56893266612302,4464,5,text_en_1919
72,48.94196531602806,68.37450684441905,2444,2,octagram
73,47.35163326541901,72.75404312674098,2463,2,octagram
74,47.75099808570756,72.69431327708747,2460,2,octagram
75,25.50308493244293,58.36203756408856,4940,5,text_en_1919
76,33.40694334463238,60.985490687675956,2574,2,octagram
77,39.44268813813608,71.57919099038413,1811,1,inner_ring
78,54.713315845601976,90.95011650240164,187,0,outer_ring
79,62.756419458483386,93.42137688243766,48,0,outer_ring
80,60.068336914072596,86.18673543593428,4320,5,text_en_1919
81,66.90472201418822,82.98057674616216,4437,5,text_en_1919
82,65.62293262879092,89.04865304489178,24,0,outer_ring
83,69.12781291782015,80.81374156274583,4562,5,text_en_1919
84,64.75250364126289,78.46766980510522,4632,5,text_en_1919
85,71.250287650238,72.77510181255563,1707,1,inner_ring
86,85.78828118341104,62.593273244293265,4873,5,text_en_1919
87,75.67827170731415,68.24695016234568,1679,1,inner_ring
88,76.8249900315021,63.42165876653044,1666,1,inner_ring
89,80.77086595939501,60.369410784464606,1651,1,inner_ring
90,79.74621322431317,59.22456986273241,2214,2,octagram
91,79.9994895355915,55.62063087394347,3276,2,octagram
92,85.46994794587958,51.07625821150119,5067,5,text_en_1919
93,89.07555758503088,48.34913812910917,5147,5,text_en_1919
94,89.73906158373224,49.78031396274168,5149,5,text_en_1919
95,90.93722578217123,52.76844337301305,5038,5,text_en_1919
96,93.26204649204969,47.78360375888595,5129,5,text_en_1919
97,93.94529282926675,33.630446471459834,5389,5,text_en_1919
98,58.296043640466785,41.77671479561728,4161,4,stroke_kai
99,62.94462553456146,33.62103122882917,4266,4,stroke_kai
100,63.626901297448654,40.867868062318266,4168,4,stroke_kai
101,65.67394271923686,33.317176952630774,3088,2,octagram
102,69.02626214943712,31.88614121025606,3101,2,octagram
103,63.40678504937832,25.730800983268292,3042,2,octagram
104,71.89759369657088,35.89795791271258,3123,2,octagram
105,74.2450244952996,26.986707580077205,2143,1,inner_ring
106,69.46162682209139,28.380332528737014,3070,2,octagram
107,63.55136340841094,18.524673002651838,5458,5,text_en_1919
108,62.273791461106455,22.831352784350685,3005,2,octagram
109,60.28016259386706,15.498695780721299,5586,5,text_en_1919
110,58.698944646718076,13.978416875796563,5640,5,text_en_1919
111,55.170381323269645,17.946215923419285,5476,5,text_en_1919
112,52.94558784165837,15.589092889745531,5554,5,text_en_1919
113,48.37980798598223,13.322694785212349,5633,5,text_en_1919
114,43.207293749389834,7.001243474599944,754,0,outer_ring
115,44.23788158188048,9.266459986027817,759,0,outer_ring
116,47.57580626791168,5.049773404531696,849,0,outer_ring
117,54.4269958159583,5.703913854336744,1096,0,outer_ring
118,58.4063500632833,6.019690456634428,1247,0,outer_ring
119,55.97372431198718,7.81593666646259,1164,0,outer_ring
120,51.762427366316665,7.64811365201317,994,0,outer_ring
121,48.55006963543236,7.8946822268578485,869,0,outer_ring
122,47.44470386565652,9.590847803581,825,0,outer_ring
123,43.56436993401057,9.070900105744272,751,0,outer_ring
124,51.2391610253961,6.654088481618188,983,0,outer_ring
125,54.299495309410375,7.1859612951378615,1091,0,outer_ring
126,58.47926720588511,6.678329799811493,1251,0,outer_ring
127,60.05979323699378,5.541869034996121,1302,0,outer_ring
128,69.28646241008563,8.48426927242131,1549,0,outer_ring
129,62.86558296445784,4.515100143930138,1376,0,outer_ring
130,64.08083619252017,8.416866023779201,1428,0,outer_ring
131,67.62848447778767,6.927776302796218,1518,0,outer_ring
132,71.32359512946086,5.494135330116996,1556,0,outer_ring
133,62.18477132926664,6.28614505632163,1366,0,outer_ring
134,66.7812837030626,9.755239307624135,1511,0,outer_ring
135,65.69886751768323,6.275161166479627,1456,0,outer_ring
136,38.99642439000075,18.48889007546618,5467,5,text_en_1919
137,39.23186942009332,13.474757999410544,5622,5,text_en_1919
138,91.18345882883847,49.7589044667762,5090,5,text_en_1919
139,49.707682721898486,91.23671233793459,327,0,outer_ring
140,40.13072427399893,89.42132954872402,580,0,outer_ring
141,44.349881619678364,91.27170276185423,483,0,outer_ring
142,54.03174525883054,89.76082733683921,205,0,outer_ring
143,48.5762974928182,89.62094253058737,371,0,outer_ring
144,46.682033137461396,89.02413539945276,445,0,outer_ring
145,43.8938560086103,88.9658878644852,511,0,outer_ring
146,46.836284694739724,90.54517523452144,427,0,outer_ring
147,40.965053340786426,86.71067588045833,581,0,outer_ring
148,43.58447794696082,88.60000282760465,524,0,outer_ring
149,29.97651280860313,76.67420521471071,4662,5,text_en_1919
150,34.50817639218935,71.20632384921517,1822,1,inner_ring
151,26.50237123343978,77.72251405428695,681,0,outer_ring
152,21.048763593051245,60.27883635886545,4956,5,text_en_1919
153,21.621128475021145,60.00293997355189,4945,5,text_en_1919
154,18.899286718152606,59.99808339207259,4970,5,text_en_1919
155,24.08344963580664,48.582976774692675,5131,5,text_en_1919
156,23.97007949073041,46.63815978632057,5246,5,text_en_1919
157,23.015912132541743,50.39164095839943,5099,5,text_en_1919
158,31.102347521762784,53.447872737415324,2641,2,octagram
159,30.324180739534956,52.920088494358765,2639,2,octagram
160,40.18561813025254,61.76217029273617,2543,2,octagram
161,45.423628843700236,57.701863861167574,3311,3,stroke_nan
162,46.17798794913833,55.69527745171931,3337,3,stroke_nan
163,49.82742068277396,69.46986215544788,2441,2,octagram
164,49.51860683952493,73.0440074427373,2453,2,octagram
165,58.8439836590669,54.48573276658204,3899,4,stroke_kai
166,59.76218311667817,62.79229103933621,3789,4,stroke_kai
167,60.32695160178507,68.5688777989086,2379,2,octagram
168,61.07176999029111,54.12584211558733,3887,4,stroke_kai
169,65.1565293615124,72.9953926200152,2338,2,octagram
170,55.47046919681889,52.09893818414474,3936,4,stroke_kai
171,61.1025935491523,45.411434677366415,4076,4,stroke_kai
172,56.325928681937924,49.47071662378764,3986,4,stroke_kai
173,48.05308419637279,41.849110621900664,3655,3,stroke_nan
174,50.72018560934684,41.60469958815615,3666,3,stroke_nan
175,47.33650297233936,46.74416660933979,3522,3,stroke_nan
176,43.70619959770976,41.44270200920906,3662,3,stroke_nan
177,39.09500002442978,28.850558630653342,2845,2,octagram
178,39.76840229828975,27.698673181201986,2852,2,octagram
179,31.709841271294536,34.588015914421185,2763,2,octagram
180,25.914908166142432,34.8120007324568,5385,5,text_en_1919
181,27.889156487185137,44.02253489053384,1922,1,inner_ring
182,39.747944766271104,44.69304737273596,3585,3,stroke_nan
183,39.607878105467734,47.72465333349562,3517,3,stroke_nan
184,39.86919110222851,44.15102951282742,3593,3,stroke_nan
185,25.3144254404965,42.21227542290153,5276,5,text_en_1919
186,33.113383051182225,39.273741740257606,2728,2,octagram
187,19.298192130833936,40.55030035103055,5311,5,text_en_1919
188,24.599041478582457,41.70649692377249,5283,5,text_en_1919
189,38.79074217256553,29.785598644053344,2836,2,octagram
190,44.30447971648399,23.60928485388551,2894,2,octagram
191,43.38724408815492,21.59925229877173,2026,1,inner_ring
192,42.505098398811995,26.997122826380036,2866,2,octagram
193,43.69640951400807,37.36877924832924,3729,3,stroke_nan
194,44.32607429586362,42.18296050486181,3636,3,stroke_nan
195,59.82485594636524,45.31158406834268,4095,4,stroke_kai
196,51.88386169017096,43.09108862240007,3611,3,stroke_nan
197,61.055234609665746,40.486357605848156,4158,4,stroke_kai
198,58.73348697915674,53.127807440258934,3913,4,stroke_kai
199,65.08835786446545,41.700975900419124,4153,4,stroke_kai
200,73.43709738724404,44.96965614925689,3214,2,octagram
201,67.47009814735607,57.53857049631623,3828,4,stroke_kai
202,63.027771422427776,45.41820417866333,4079,4,stroke_kai
203,78.0747827070701,54.21354338444195,3268,2,octagram
204,76.47696862105313,52.52482667170144,3255,2,octagram
205,63.404564822661584,79.5487119665989,4565,5,text_en_1919
206,44.170394583178286,74.92267095820085,1798,1,inner_ring
207,49.15974490682382,84.9675863503541,4301,5,text_en_1919
208,50.23000197177636,83.25153586700878,4383,5,text_en_1919
209,52.30185718473279,90.11909032322181,250,0,outer_ring
210,54.64974829271462,85.54054319843767,4291,5,text_en_1919
211,57.21158123694537,75.90992358054302,4615,5,text_en_1919
212,57.64269808383243,82.65431425535175,4453,5,text_en_1919
213,51.67706410454223,83.19062332457028,4350,5,text_en_1919
214,50.89846114949274,74.90656197883747,1772,1,inner_ring
215,49.64687335688568,70.244313813412,2447,2,octagram
216,50.822552852419044,81.3505305562899,4469,5,text_en_1919
217,30.153591995881527,60.02084544128608,2604,2,octagram
218,30.986615558044893,62.7152273233936,1853,1,inner_ring
219,40.960147035108186,63.83713404816599,2530,2,octagram
220,51.82166820005097,91.39997248781383,266,0,outer_ring
221,65.36903196771847,85.0314670194662,4381,5,text_en_1919
222,61.26171241059135,91.79177916052299,59,0,outer_ring
223,69.9576046720397,90.06643120001475,5,0,outer_ring
224,57.78592156282403,90.56136340670831,109,0,outer_ring
225,67.96622861535482,77.72083147521573,4654,5,text_en_1919
226,68.50496422453334,74.86476980349337,1720,1,inner_ring
227,69.95692866578437,72.5226106293803,1712,1,inner_ring
228,76.27432995191324,66.86833147041202,1674,1,inner_ring
229,81.28328879301608,73.00095568417443,4718,5,text_en_1919
230,79.65361197193953,63.05564592721025,1662,1,inner_ring
231,83.87902664786031,66.63219817693913,4830,5,text_en_1919
232,81.6390133742191,52.61932739896555,1632,1,inner_ring
233,83.62372589999565,52.50104276321402,5060,5,text_en_1919
234,89.20248745966984,53.12957351872199,5037,5,text_en_1919
235,88.70675262624975,47.05115284226668,5203,5,text_en_1919
236,90.43591855106472,39.47786412828882,5349,5,text_en_1919
237,92.93318860198153,43.07735565968832,5262,5,text_en_1919
238,91.29264882808738,43.713179807316536,5258,5,text_en_1919
239,92.54177054128277,60.52278683523223,4911,5,text_en_1919
240,56.660912441920466,52.86609585027891,3925,4,stroke_kai
241,62.79287490804799,46.78444478792088,4041,4,stroke_kai
242,63.442475923481055,38.16112336761523,4213,4,stroke_kai
243,61.96049357233267,40.18554532823339,4175,4,stroke_kai
244,65.0924580591288,24.215899904269467,3035,2,octagram
245,64.35333601669527,19.50604981917422,2094,1,inner_ring
246,76.36486505675481,33.37351331785338,2164,1,inner_ring
247,74.92832023630471,35.07172561389684,3138,2,octagram
248,71.79461901594995,35.38021077004227,3121,2,octagram
249,62.31473755314953,24.03304549518663,3004,2,octagram
250,64.64887635319414,8.326173705418684,1442,0,outer_ring
251,60.65189132828285,22.373842130922704,3001,2,octagram
252,61.28152781444534,15.010789962100763,5642,5,text_en_1919
253,52.37119516404617,8.462526098809345,1017,0,outer_ring
254,59.59503977716428,8.108572150583704,1296,0,outer_ring
255,47.51920553163198,19.978136955657252,2040,1,inner_ring
256,50.11843751542575,8.558321349556891,927,0,outer_ring
257,45.85427409504251,9.359823288226218,785,0,outer_ring
258,42.01600538858715,7.974029168847534,739,0,outer_ring
259,53.20679282212214,6.8463757657798565,1047,0,outer_ring
260,53.17896164846013,5.94576505850621,1046,0,outer_ring
261,53.96319921153598,2.0726295059368294,1077,0,outer_ring
262,57.84173679888532,8.293196519087921,1234,0,outer_ring
263,47.22566780545796,10.3972553269253,813,0,outer_ring
264,50.629784250946315,9.377570516237125,948,0,outer_ring
265,45.17425986211913,9.03756928403854,770,0,outer_ring
266,45.50919367786727,9.239216964435823,776,0,outer_ring
267,48.857527359649495,8.927669924457362,876,0,outer_ring
268,56.18217321427374,8.020777072764098,1172,0,outer_ring
269,59.82862940069931,9.184758782879134,1308,0,outer_ring
270,65.87733863007863,6.878158859737517,1465,0,outer_ring
271,65.27204240768154,5.729069053258328,1445,0,outer_ring
272,68.5332316324731,8.764750155938092,1539,0,outer_ring
273,69.47798748854979,9.230763942704934,1552,0,outer_ring
274,74.30344035102885,6.3319710920094625,1586,0,outer_ring
275,64.8734440439036,5.046472370624903,1430,0,outer_ring
276,68.1624215216894,6.743356522969804,1527,0,outer_ring
277,60.6358802236631,7.267115712602674,1324,0,outer_ring
278,41.544942219585145,17.397144992790487,5519,5,text_en_1919
279,38.00546975229726,24.49887801495385,2010,1,inner_ring
280,84.41570355923199,45.147498526972214,2202,1,inner_ring
281,49.634084060363016,92.05579725887041,326,0,outer_ring
282,48.42724478982875,89.83531480334054,374,0,outer_ring
283,47.45722705688191,93.33916393259608,385,0,outer_ring
284,52.909337815464916,89.19460759047946,241,0,outer_ring
285,49.529572460263005,90.76739969623347,337,0,outer_ring
286,42.57924288031489,90.19156653357909,532,0,outer_ring
287,40.83716972855019,91.08303694345608,560,0,outer_ring
288,44.206689922239555,90.38163646292901,494,0,outer_ring
289,37.17373099638019,84.22782151966945,631,0,outer_ring
290,31.82270541253531,85.26248277941306,658,0,outer_ring
291,35.4393381376933,71.15766743099158,1819,1,inner_ring
292,29.08955295610852,75.23626095526349,4676,5,text_en_1919
293,30.06232109952006,76.76225729392742,4650,5,text_en_1919
294,23.95376295034442,69.12154744415396,4753,5,text_en_1919
295,28.60173296661894,58.17198077047594,2614,2,octagram
296,22.747363863693526,56.8959257351143,4965,5,text_en_1919
297,26.575970285748053,58.00715935585533,1874,1,inner_ring
298,29.33983031634794,54.725092378094814,2630,2,octagram
299,32.735583472898746,62.86225516035931,1848,1,inner_ring
300,31.115097073537022,51.53428656972549,2647,2,octagram
301,32.18347370124411,54.56065796104993,2638,2,octagram
302,42.34182050034196,60.57884207348649,2546,2,octagram
303,44.940426296928756,53.898215141893736,3385,3,stroke_nan
304,52.2877230566396,57.94091869448579,3317,3,stroke_nan
305,47.73006794238173,54.00435232556026,3394,3,stroke_nan
306,52.19729588257396,51.537724561362445,3460,3,stroke_nan
307,55.83799769543582,53.576033831831445,3904,4,stroke_kai
308,66.49723504475035,53.46187318057783,3914,4,stroke_kai
309,65.78937862271401,61.06231757339747,2279,2,octagram
310,64.29615473863666,67.67632557411646,2316,2,octagram
311,64.75651137329416,69.23312648750834,2322,2,octagram
312,64.29941701791887,59.10514601756788,3822,4,stroke_kai
313,44.22907728251268,53.43738443575388,3383,3,stroke_nan
314,52.82874859188516,45.78687334924885,3561,3,stroke_nan
315,49.411187771468775,41.1204086134083,3647,3,stroke_nan
316,51.38260378623052,46.094363260112054,3574,3,stroke_nan
317,58.79141220782564,45.888097932978155,4057,4,stroke_kai
318,45.63327699460895,41.01875125474877,3687,3,stroke_nan
319,45.54466594095627,40.25461940519795,3693,3,stroke_nan
320,39.79442127746883,39.92600132578748,3677,3,stroke_nan
321,38.06853493263696,33.19701438090128,2810,2,octagram
322,34.16652936863887,31.18776298122512,1974,1,inner_ring
323,31.64389182952494,43.91571327005619,2705,2,octagram
324,33.310456381232704,57.41893760481223,2584,2,octagram
325,33.13235389144595,50.764074971908954,2660,2,octagram
326,40.276963685828676,55.43424521558516,3333,3,stroke_nan
327,25.64034886673345,46.62560116806679,5256,5,text_en_1919
328,30.207140425478748,38.090029148725705,2739,2,octagram
329,22.8223029987433,37.85593595293189,5354,5,text_en_1919
330,40.5540419359118,20.241850681131773,5444,5,text_en_1919
331,37.15531334543554,24.061917798913022,2006,1,inner_ring
332,43.6967778965006,11.152861892030547,746,0,outer_ring
333,42.251671337080296,23.353521033515623,2881,2,octagram
334,48.98288827405658,22.66820285986384,2044,1,inner_ring
335,51.36887019451744,35.38098575780566,3756,3,stroke_nan
336,55.95132840565131,36.03924628361763,4259,4,stroke_kai
337,61.996949724056286,36.18583700004127,4249,4,stroke_kai
338,59.843079578836104,50.05102506819632,3949,4,stroke_kai
339,52.31412729571081,54.309778719536,3373,3,stroke_nan
340,64.94423904538009,37.26668771680726,4236,4,stroke_kai
341,67.52260950571211,48.53670067063168,4021,4,stroke_kai
342,65.75461985939455,51.03984245581529,3964,4,stroke_kai
343,67.79651981632098,55.38510542249709,3888,4,stroke_kai
344,76.68626901033558,56.9294229958586,3277,2,octagram
345,71.23916367228624,62.643228774917226,2256,2,octagram
346,77.37951941533677,58.069029912627315,2219,2,octagram
347,68.46344849757418,68.07473853357982,2309,2,octagram
348,45.235224650462996,81.49289915698584,4463,5,text_en_1919
349,44.81434187183119,84.63986971384308,4327,5,text_en_1919
350,53.2198856359726,88.66200885748329,233,0,outer_ring
351,52.44619738131283,82.16851452299647,4440,5,text_en_1919
352,54.325894083686336,92.83585816462123,198,0,outer_ring
353,58.5592278752652,81.9183424587512,4459,5,text_en_1919
354,57.51189570732309,83.74927717158789,4385,5,text_en_1919
355,51.4624832194453,75.67462151068071,1770,1,inner_ring
356,52.14582730001198,79.16319523242107,4553,5,text_en_1919
357,50.00404109813612,75.05346516450153,1776,1,inner_ring
358,46.17038295863487,72.87495233277016,2468,2,octagram
359,31.888673011074708,64.46560721168608,1845,1,inner_ring
360,31.84594964709313,60.01458589083511,2588,2,octagram
361,29.521954535699567,66.17172424167794,4808,5,text_en_1919
362,53.473110510587375,89.82603241259076,220,0,outer_ring
363,60.82325854711043,89.40921228980869,61,0,outer_ring
364,57.5451920240182,89.98196744080396,113,0,outer_ring
365,67.27505160554732,87.39663342935327,4326,5,text_en_1919
366,66.59402717891949,91.15386377330007,20,0,outer_ring
367,67.21043247523622,75.86519236097888,4670,5,text_en_1919
368,69.95259132363527,72.93199010503277,1713,1,inner_ring
369,72.2041150219631,79.87816103906484,4623,5,text_en_1919
370,73.337944033949,73.71158065939815,4707,5,text_en_1919
371,78.86346363475464,65.83736257036102,4852,5,text_en_1919
372,79.9805215223569,67.55768018133361,4843,5,text_en_1919
373,82.3857860455329,57.33382440442967,1646,1,inner_ring
374,88.99913138768622,61.979437530659524,4863,5,text_en_1919
375,90.94568534761949,56.31859516882456,4963,5,text_en_1919
376,81.15905211707764,56.632181608006455,1645,1,inner_ring
377,90.26130219620482,50.386018162296075,5052,5,text_en_1919
378,85.6460969199058,50.14010988875065,5140,5,text_en_1919
379,93.00882718980239,48.028004865093635,5126,5,text_en_1919
380,91.16464751740493,39.84178230670338,5338,5,text_en_1919
381,87.29418338960689,38.06705311123861,5339,5,text_en_1919
382,59.085223525566256,43.01385203331121,4139,4,stroke_kai
383,60.29213947952284,40.476517148446604,4169,4,stroke_kai
384,63.090773031592605,40.45488288652416,4179,4,stroke_kai
385,65.62240080272235,30.177983370082323,3075,2,octagram
386,64.79847819834961,26.83035355606859,3055,2,octagram
387,63.51983810739165,30.313228369934745,3071,2,octagram
388,78.47286540030444,33.6611947412028,2166,1,inner_ring
389,79.24015759670607,33.212459777845346,2165,1,inner_ring
390,64.23505216835012,24.120760795768344,3034,2,octagram
391,64.23745935034289,16.36770645307998,5529,5,text_en_1919
392,61.45063347458323,13.906464171565379,5655,5,text_en_1919
393,54.58364840812788,19.836653023632206,2065,1,inner_ring
394,52.57229907619877,16.828019472741122,5541,5,text_en_1919
395,53.97903785604521,9.047838634058634,1078,0,outer_ring
396,57.88056623483652,20.415926438067633,2072,1,inner_ring
397,46.377990776093164,12.077470147812416,5671,5,text_en_1919
398,46.721979249639375,8.91629753733885,806,0,outer_ring
399,43.712637711597196,8.954830453463524,755,0,outer_ring
400,47.380059845475444,9.654753095922413,821,0,outer_ring
401,51.828640300918046,0.7654904163829704,1005,0,outer_ring
402,56.2675904431615,7.720045287052324,1176,0,outer_ring
403,55.690249280613735,8.880774887054965,1154,0,outer_ring
404,55.750724003376114,7.13789967626551,1153,0,outer_ring
405,46.78117963208139,6.798930405340517,816,0,outer_ring
406,47.87604625162328,7.106217392192399,851,0,outer_ring
407,49.36147841885124,7.976473415734406,907,0,outer_ring
408,51.1546051383121,8.660788763147846,975,0,outer_ring
409,54.28528687992628,7.834491008505337,1090,0,outer_ring
410,59.61682202901332,6.133631551117327,1287,0,outer_ring
411,60.94677411401107,6.495632420582066,1330,0,outer_ring
412,64.5727826507622,6.915143197549082,1432,0,outer_ring
413,62.18123403763316,4.620387025749716,1364,0,outer_ring
414,72.63218244393224,10.402828746380857,1587,0,outer_ring
415,71.52729419603745,10.387515395492064,1578,0,outer_ring
416,75.79887071320547,11.915435247756745,1604,0,outer_ring
417,65.42533422343178,8.344378545845931,1460,0,outer_ring
418,61.58717444420913,7.674732363061971,1357,0,outer_ring
419,64.41247502016219,8.803659476523112,1436,0,outer_ring
420,39.452037468738865,27.494823032089016,2853,2,octagram
421,35.254141545698346,28.422898534218827,1988,1,inner_ring
422,90.95646424331994,49.07625310157115,5150,5,text_en_1919
423,52.79677415787153,90.43797398472378,242,0,outer_ring
424,46.62188886955024,91.96751336574762,425,0,outer_ring
425,41.862720257719864,89.67885086278481,550,0,outer_ring
426,52.20351034927896,90.67493303066883,252,0,outer_ring
427,46.225564207252354,89.48488511813493,454,0,outer_ring
428,48.777289335536366,89.44130506252282,364,0,outer_ring
429,44.90578684687737,95.5900916186083,458,0,outer_ring
430,41.281705459242104,84.64183011284301,585,0,outer_ring
431,37.7389251824856,87.05636588424746,616,0,outer_ring
432,38.23342488564723,86.72616574741026,611,0,outer_ring
433,35.0444826702281,81.82111567330047,652,0,outer_ring
434,33.26738240014797,71.14014207365322,1827,1,inner_ring
435,23.924814122091608,70.47207881379487,4740,5,text_en_1919
436,27.46454588854667,57.43558944770343,1875,1,inner_ring
437,18.447760705857316,56.5072207023548,4991,5,text_en_1919
438,20.98539486341591,51.160157568659685,5089,5,text_en_1919
439,22.725462057715188,64.88893363828024,4842,5,text_en_1919
440,28.191620451008816,53.877125858100754,1884,1,inner_ring
441,30.096983728922567,57.46817604280944,2608,2,octagram
442,29.36354240865303,50.73178914902701,1899,1,inner_ring
443,35.31397225598539,46.862473613812206,2682,2,octagram
444,40.39136619617249,50.74597250871529,3456,3,stroke_nan
445,41.159437592197634,63.94992487435768,2528,2,octagram
446,40.09397025226112,68.02128687260284,2505,2,octagram
447,49.78637430479299,55.47574851754297,3335,3,stroke_nan
448,49.19795407463777,54.52968629614875,3377,3,stroke_nan
449,58.07667856443222,59.74475548918706,3803,4,stroke_kai
450,60.0018628584062,59.43951188119076,3805,4,stroke_kai
451,56.37601992139603,65.83366313563536,2406,2,octagram
452,62.08803768773914,70.1902214364903,2365,2,octagram
453,65.81162580134686,65.61110995866038,2302,2,octagram
454,56.997263153457915,49.868533325776674,3976,4,stroke_kai
455,71.7085733863101,40.39445323458828,3188,2,octagram
456,50.534435997296065,47.17310766108003,3538,3,stroke_nan
457,61.6932443772809,41.70944559641738,4145,4,stroke_kai
458,52.18718813394261,40.03110640688697,3697,3,stroke_nan
459,51.33952655693662,45.92028845146425,3576,3,stroke_nan
460,46.73820746201932,45.01566503817739,3568,3,stroke_nan
461,40.6001204366623,33.86020962712326,2819,2,octagram
462,38.59796767954892,32.52534321914796,2823,2,octagram
463,35.32943124531197,26.982632755877173,1992,1,inner_ring
464,33.54345600463635,36.48225952443335,2774,2,octagram
465,27.34629720400174,48.681786389110336,1908,1,inner_ring
466,33.44339508791839,44.244226677944006,2700,2,octagram
467,37.18306194788792,46.7845065344868,3527,3,stroke_nan
468,38.8453315344787,49.37987742981686,3479,3,stroke_nan
469,25.05212275111092,43.46504874788476,5270,5,text_en_1919
470,30.02063920244742,40.25350277967188,1935,1,inner_ring
471,33.317157744765765,27.523600170101027,1986,1,inner_ring
472,35.38543777328854,34.868855253438895,2793,2,octagram
473,36.61905665231456,35.268501626491,2800,2,octagram
474,42.12168722202454,13.257127333522924,736,0,outer_ring
475,45.596208516690226,22.373352013647413,2029,1,inner_ring
476,48.830596556035744,16.965171983164968,5501,5,text_en_1919
477,51.25401141632788,37.202905558608094,3733,3,stroke_nan
478,56.90678786063263,28.974103941677566,2966,2,octagram
479,51.950337523098135,35.019924909813334,3772,3,stroke_nan
480,52.35015295485067,41.2379432819745,3689,3,stroke_nan
481,65.96635202656122,39.53755415372871,4173,4,stroke_kai
482,64.06751361299288,46.06059248985294,4077,4,stroke_kai
483,64.69876807612191,49.24723059319937,3999,4,stroke_kai
484,69.05394231644239,49.9189203120455,3992,4,stroke_kai
485,63.79891443081704,46.489106174615934,4064,4,stroke_kai
486,75.33618438005648,43.69244199938738,3193,2,octagram
487,73.32937834084146,57.198602222877405,2235,2,octagram
488,70.22381461658485,61.34913379472881,2259,2,octagram
489,62.45051582417477,69.16016051880558,2366,2,octagram
490,44.36836721685147,74.55059485737222,2477,2,octagram
491,47.36810158541638,87.30241620795145,428,0,outer_ring
492,49.566599078191565,87.57386430961226,347,0,outer_ring
493,53.96317219648887,75.26575756633862,1762,1,inner_ring
494,55.01771105401562,83.82039519424812,4329,5,text_en_1919
495,55.042958728215844,88.4358127621262,177,0,outer_ring
496,61.05063030605195,87.71452620111815,4294,5,text_en_1919
497,54.08070750194212,81.36814072210792,4458,5,text_en_1919
498,53.15098463031802,79.98748920548306,4535,5,text_en_1919
499,49.45655503530796,89.74558816894216,345,0,outer_ring
500,46.11480838086095,72.8348377936952,2469,2,octagram
501,31.04115028542777,60.51461075683064,2594,2,octagram
502,42.02177208923127,68.79374149286032,2501,2,octagram
503,27.333909546492283,56.772938596682486,1877,1,inner_ring
504,53.34206069331596,90.71726734314716,225,0,outer_ring
505,72.62792839732676,78.52384043563553,4634,5,text_en_1919
506,57.526703612542626,92.44696448620977,119,0,outer_ring
507,67.16889615188184,89.14180879546801,14,0,outer_ring
508,65.02152210646449,80.04850594893118,4578,5,text_en_1919
509,70.12287595901506,79.95342731940703,4585,5,text_en_1919
510,64.6054487450379,84.28925665651758,4396,5,text_en_1919
511,76.49113417835481,79.4985727149455,4657,5,text_en_1919
512,69.43635048718417,71.28870781762863,1710,1,inner_ring
513,84.2191102821003,68.44737884192516,4804,5,text_en_1919
514,81.87240199103732,69.4149285198074,4792,5,text_en_1919
515,80.6235485905111,62.67706221744736,1657,1,inner_ring
516,78.85198093788556,55.26461469569239,3272,2,octagram
517,83.48363473298024,56.00003798748649,4992,5,text_en_1919
518,92.09181640506463,59.49837882992864,4916,5,text_en_1919
519,83.43314149792143,48.161783379040465,1617,1,inner_ring
520,94.99005287494525,43.333021028352896,5257,5,text_en_1919
521,83.75879441288414,39.57986738083941,2186,1,inner_ring
522,92.22555932295968,46.71044907243541,5178,5,text_en_1919
523,92.73779222663639,45.98926571980456,5225,5,text_en_1919
524,59.965145010871275,37.2398880652159,4225,4,stroke_kai
525,59.64545589239602,35.3528109590657,4250,4,stroke_kai
526,75.29007492401543,42.38610724753193,3190,2,octagram
527,67.49373791471805,43.764142069812216,4111,4,stroke_kai
528,61.12406137417251,24.98191232479415,2996,2,octagram
529,67.07420021604788,21.658195457738486,2106,1,inner_ring
530,78.75166272420964,26.70628301138607,5403,5,text_en_1919
531,73.1510108519957,29.00991303034905,2145,1,inner_ring
532,63.48160332123463,20.988496400345028,2092,1,inner_ring
533,63.25229543869603,21.48462099238145,3013,2,octagram
534,61.6999251333555,7.333208992123041,1359,0,outer_ring
535,54.813535591458376,8.797712403371541,1112,0,outer_ring
536,58.82119463609191,16.221288580332942,5528,5,text_en_1919
537,55.74678019674921,6.027439859092802,1149,0,outer_ring
538,50.53733955240696,8.203126214153821,947,0,outer_ring
539,44.37864634516468,9.534273930436118,760,0,outer_ring
540,46.76885926589021,10.096257815383236,802,0,outer_ring
541,46.23018769564277,8.995142714906791,797,0,outer_ring
542,45.291839902564774,6.227843908465505,786,0,outer_ring
543,54.818412602938764,5.926418257492797,1111,0,outer_ring
544,59.456426446748516,7.218603062764796,1285,0,outer_ring
545,55.4505729729352,7.289700018229656,1135,0,outer_ring
546,54.19301646940432,6.648036121870439,1084,0,outer_ring
547,47.27932967604782,2.968374055388373,847,0,outer_ring
548,52.03585874348783,3.4551002521481307,1009,0,outer_ring
549,46.799929961653085,8.037728832832608,812,0,outer_ring
550,51.933906175885426,5.710825101968785,1002,0,outer_ring
551,55.03252841419022,7.4330554415108265,1119,0,outer_ring
552,55.570951139024636,17.5061426150907,5490,5,text_en_1919
553,59.703388908828714,6.868586321948546,1293,0,outer_ring
554,62.51584102095619,7.777679344210881,1381,0,outer_ring
555,65.66467920119351,9.539793053951488,1474,0,outer_ring
556,73.85248363186727,5.763683128040041,1582,0,outer_ring
557,69.22475334175748,13.96253451708866,5545,5,text_en_1919
558,76.84831180687712,9.807939874722726,1602,0,outer_ring
559,63.45459984219808,6.048683240001213,1400,0,outer_ring
560,66.41829725884203,7.4209977930737505,1483,0,outer_ring
561,60.32601990246185,4.6182817404078245,1307,0,outer_ring
562,37.90685561893545,11.649737436345449,719,0,outer_ring
563,41.849371498896915,32.07436938239612,2827,2,octagram
564,87.9688553841438,44.059767495357,5228,5,text_en_1919
565,54.74756269603294,90.08494824468424,186,0,outer_ring
566,46.42061121251035,91.41358420969068,436,0,outer_ring
567,42.18523132428177,89.99286610014407,539,0,outer_ring
568,51.39103629323809,91.19370605022435,280,0,outer_ring
569,45.765356292315545,90.04124678952462,461,0,outer_ring
570,51.94661756434595,91.42381965446755,261,0,outer_ring
571,45.97740767635495,88.83818615700149,463,0,outer_ring
572,34.90475906138039,90.59764463858602,628,0,outer_ring
573,42.55239697157337,80.31402490563046,4492,5,text_en_1919
574,43.02986477468953,76.09395952662656,2481,2,octagram
575,32.44501893651131,74.14035088044194,4690,5,text_en_1919
576,33.61783672087582,73.20694155338266,4697,5,text_en_1919
577,28.282951657912456,68.2178748930695,4796,5,text_en_1919
578,24.137220895520482,69.0445370355161,4756,5,text_en_1919
579,24.695455275114202,59.97081097850156,4933,5,text_en_1919
580,21.457236080601362,49.480772581778645,5115,5,text_en_1919
581,20.084499805632205,40.27869970904138,5317,5,text_en_1919
582,19.05177506807836,50.26144225591742,5101,5,text_en_1919
583,26.718997947887487,47.75004128493279,1910,1,inner_ring
584,27.89431345883653,56.389494403556895,2620,2,octagram
585,20.976823342061714,41.90742009479379,5299,5,text_en_1919
586,33.46808352795384,51.32981829693465,2657,2,octagram
587,40.423512267533226,62.81649531047884,2537,2,octagram
588,47.35130591502089,58.120809523333214,3314,3,stroke_nan
589,51.635191964858414,60.98437363779413,3303,3,stroke_nan
590,45.93113356651703,58.74985287823275,3304,3,stroke_nan
591,59.39775476280804,56.69976168106288,3863,4,stroke_kai
592,59.9793462129215,59.58541564186057,3804,4,stroke_kai
593,59.744831692171864,63.609445365955196,3788,4,stroke_kai
594,67.23316011877797,61.667063516819624,2280,2,octagram
595,56.868310717138044,69.32666858397951,2394,2,octagram
596,61.43873657693859,48.283919337982404,3998,4,stroke_kai
597,51.72968152518397,52.78009591834176,3409,3,stroke_nan
598,46.65235482580219,42.89106848373417,3631,3,stroke_nan
599,55.37623742111967,34.32200721733576,4280,4,stroke_kai
600,50.58459396503742,47.736762162484666,3516,3,stroke_nan
601,50.69029251977778,44.59579170450826,3592,3,stroke_nan
602,45.98701878178434,42.88812986950649,3620,3,stroke_nan
603,44.67531481366171,37.86579546074788,3721,3,stroke_nan
604,33.34322654457837,33.497445041937596,2777,2,octagram
605,32.76519056843188,37.914135825261354,2735,2,octagram
606,30.013547493322722,36.40080333258099,2748,2,octagram
607,25.05414429610509,40.439309701863564,5292,5,text_en_1919
608,45.55242817524804,36.48471082977278,3745,3,stroke_nan
609,33.02420638929031,45.14346008227316,2694,2,octagram
610,40.30995116438471,50.00555330131889,3470,3,stroke_nan
611,13.45237331144132,50.420830559216746,700,0,outer_ring
612,30.072350277095797,32.77943193968049,1958,1,inner_ring
613,30.19269404546884,27.82340421794927,5410,5,text_en_1919
614,21.66857867666013,40.26208310880381,5320,5,text_en_1919
615,37.29683658512051,10.942752430366731,717,0,outer_ring
616,45.96089935119078,22.317695245726558,2031,1,inner_ring
617,43.58842664042014,25.467101251163,2875,2,octagram
618,46.14941927789117,24.414432595775914,2906,2,octagram
619,50.22672069204103,37.2038921255732,3737,3,stroke_nan
620,46.09323445296586,36.816938610306835,3741,3,stroke_nan
621,59.250699900454464,42.3572467675382,4150,4,stroke_kai
622,57.58440945748649,49.072020795849355,3990,4,stroke_kai
623,53.22437178434582,44.44243270766367,3586,3,stroke_nan
624,63.62973690892583,46.4301123874871,4066,4,stroke_kai
625,68.4529827568918,49.57536882049421,4018,4,stroke_kai
626,66.1056499712575,54.69998364671898,3877,4,stroke_kai
627,75.03308782611501,47.74969584305558,3230,2,octagram
628,70.63449122047884,49.153050698062195,3225,2,octagram
629,69.29996682087248,52.97710912308433,3941,4,stroke_kai
630,72.9296841938599,66.09214780212653,1681,1,inner_ring
631,63.319546393173326,62.62468589611896,3802,4,stroke_kai
632,48.96426828701477,83.49241574883195,4372,5,text_en_1919
633,45.83605530201268,81.6801721418114,4505,5,text_en_1919
634,48.705538375258115,89.56727403932156,367,0,outer_ring
635,55.41871797850902,85.63315483183221,4293,5,text_en_1919
636,55.976844900992596,95.57512466625958,154,0,outer_ring
637,58.2149069521155,81.55951474276353,4471,5,text_en_1919
638,57.43082152248751,82.81879057920486,4441,5,text_en_1919
639,52.42469947443816,78.50051039018228,4571,5,text_en_1919
640,52.03413995385214,75.29074218345204,1767,1,inner_ring
641,54.09274717887511,77.66061848225836,4587,5,text_en_1919
642,51.799059427229594,67.2774968021366,2423,2,octagram
643,33.3101290017898,60.41798532002214,2576,2,octagram
644,33.285691209151146,59.47667829596185,2580,2,octagram
645,41.30080530205604,67.85472305274908,2506,2,octagram
646,57.47619574079854,95.59480860405085,125,0,outer_ring
647,59.02737529306004,92.312460623625,90,0,outer_ring
648,61.55618844233079,91.40386960081061,55,0,outer_ring
649,63.77530092627311,83.59072508083318,4454,5,text_en_1919
650,71.99437506256265,79.32776035498641,4605,5,text_en_1919
651,66.18591697462281,82.63496681112706,4483,5,text_en_1919
652,68.39652407813534,79.114707641829,4616,5,text_en_1919
653,72.6277786360584,76.7286308759176,4653,5,text_en_1919
654,71.4856622912453,70.85131951377534,1700,1,inner_ring
655,75.54514529503402,69.6568635547293,1684,1,inner_ring
656,80.44030872692822,66.14333516249185,4853,5,text_en_1919
657,84.87818120161036,62.02037716813548,4894,5,text_en_1919
658,84.35388623434305,55.772017665598796,4988,5,text_en_1919
659,87.35970810681592,61.16407479806329,4900,5,text_en_1919
660,84.43603884342606,53.55582806280569,5045,5,text_en_1919
661,89.32340553141262,49.28330279918935,5148,5,text_en_1919
662,79.75089590983784,34.77438708992578,3154,2,octagram
663,88.16382695418059,38.975999296475074,5342,5,text_en_1919
664,95.24410209357907,44.00556920457426,5249,5,text_en_1919
665,90.93047319968888,46.156004190049366,5195,5,text_en_1919
666,48.84441769856585,41.55910435737855,3643,3,stroke_nan
667,63.84321350604334,40.573991145000726,4178,4,stroke_kai
668,62.30699601061181,40.877347762015994,4156,4,stroke_kai
669,64.45542795683113,26.583887782110594,3052,2,octagram
670,68.5145276664252,35.207642887682404,3103,2,octagram
671,67.42171966118093,29.592319462002397,3073,2,octagram
672,68.08394812512662,26.84478983027072,3060,2,octagram
673,75.07369676789739,26.805498670555615,5405,5,text_en_1919
674,76.15053571388408,22.45200935864617,5426,5,text_en_1919
675,66.49483317494638,21.31601954325173,2100,1,inner_ring
676,69.67742219895719,17.706165039011566,5441,5,text_en_1919
677,57.70841551720936,13.174369098408262,5652,5,text_en_1919
678,61.31428631161036,6.935413419315716,1345,0,outer_ring
679,51.136243198488,15.918073074776089,5553,5,text_en_1919
680,58.29278183443027,20.063710937181174,2073,1,inner_ring
681,44.43384402420472,10.441610631140582,756,0,outer_ring
682,49.793544637207184,6.6939574917781375,922,0,outer_ring
683,37.17561666625722,12.212221099879258,716,0,outer_ring
684,46.09026157578358,10.145240531827785,787,0,outer_ring
685,58.49206814350618,15.260044554081707,5598,5,text_en_1919
686,47.972445264328336,7.582627455918079,853,0,outer_ring
687,54.34460890730167,8.272046062938493,1094,0,outer_ring
688,60.00858576304945,12.47769224913773,5665,5,text_en_1919
689,49.12960301907823,9.778937439306631,887,0,outer_ring
690,49.013973943613,6.710478845685951,898,0,outer_ring
691,47.552783146856285,5.96658286103652,843,0,outer_ring
692,55.60816548930772,7.463806439130069,1143,0,outer_ring
693,50.49463968714529,8.094121173956689,944,0,outer_ring
694,54.23196741203855,6.914019743197038,1088,0,outer_ring
695,57.38225971382346,7.0014081079606525,1217,0,outer_ring
696,58.42580950738635,4.340072532992235,1243,0,outer_ring
697,59.80347020782726,6.873442342176491,1299,0,outer_ring
698,62.313397919232955,7.336968470342668,1373,0,outer_ring
699,71.07357160383401,7.070701815102668,1561,0,outer_ring
700,74.66210187084224,8.892930035644204,1594,0,outer_ring
701,61.33556420296044,5.727899278699023,1341,0,outer_ring
702,66.96409541095473,6.299129511380155,1495,0,outer_ring
703,66.61523869182773,7.200118790390371,1488,0,outer_ring
704,40.877204865190635,23.890561348473394,2878,2,octagram
705,40.60284431588977,23.648101379235733,2018,1,inner_ring
706,81.04463168987498,41.76269631760111,2190,1,inner_ring
707,55.38316689694786,89.59085125477682,167,0,outer_ring
708,42.3194864996725,84.55241213357776,571,0,outer_ring
709,48.82327272948878,90.44806627591046,354,0,outer_ring
710,56.217239123917906,91.98037742215814,149,0,outer_ring
711,46.95344971965985,89.24122085612774,431,0,outer_ring
712,45.30952251871396,90.72944178103221,469,0,outer_ring
713,43.952482035891954,88.34632144913951,512,0,outer_ring
714,43.00243758175983,91.9887313419748,513,0,outer_ring
715,36.82496677975239,87.39709178882413,626,0,outer_ring
716,37.034243122130164,84.94723329184608,630,0,outer_ring
717,33.375312362314844,80.83537093910338,4491,5,text_en_1919
718,27.887315825045555,81.02808656096862,680,0,outer_ring
719,24.744883936587172,70.55309473586267,4738,5,text_en_1919
720,20.263729308887253,73.50962466908199,687,0,outer_ring
721,24.814083195608713,63.08068383845632,4849,5,text_en_1919
722,24.575418083008323,54.82194129332014,5004,5,text_en_1919
723,24.648834476821136,65.85873004268336,4810,5,text_en_1919
724,22.63266772653152,59.78292627577789,4942,5,text_en_1919
725,28.954874952412524,45.80126206617246,1915,1,inner_ring
726,31.98398536707691,59.54740750388456,2589,2,octagram
727,35.07083110874177,59.242640451376886,2570,2,octagram
728,45.10070039329068,53.13401598043285,3402,3,stroke_nan
729,47.469782951433736,68.52855394626953,2451,2,octagram
730,43.13029365729424,70.64880631483325,2494,2,octagram
731,49.66452438956562,59.5046500587773,3310,3,stroke_nan
732,55.85062323691765,67.10304212827519,2405,2,octagram
733,69.57132964060055,60.33921753788683,2264,2,octagram
734,55.40122876487702,57.570079903135145,3844,4,stroke_kai
735,59.62292257476249,73.2437274725827,1744,1,inner_ring
736,59.77705512305524,73.13993399791597,1743,1,inner_ring
737,59.62566266710626,69.21468281702364,2384,2,octagram
738,56.38597807657963,59.543316979206246,3819,4,stroke_kai
739,53.882917964281035,52.044181727865826,3435,3,stroke_nan
740,51.35335502907478,49.389702441119454,3481,3,stroke_nan
741,49.17213681792523,49.599285826255134,3473,3,stroke_nan
742,53.21746284397374,42.30681233213482,3633,3,stroke_nan
743,49.32001018587805,52.182846034698365,3428,3,stroke_nan
744,46.63303144644296,42.901323398108666,3637,3,stroke_nan
745,39.633778409628704,33.91154105423127,2821,2,octagram
746,32.281893667936735,34.85986601768503,2767,2,octagram
747,41.074510917059925,26.480178596444183,2868,2,octagram
748,33.11871030406549,29.14182142771151,1977,1,inner_ring
749,25.30229920420958,42.022464212067796,5278,5,text_en_1919
750,27.299243425838792,39.29767189412511,5355,5,text_en_1919
751,32.84946017570186,44.77890533505554,2698,2,octagram
752,38.98598998079015,47.52752059667156,3531,3,stroke_nan
753,21.188596224501538,42.65100707183949,5290,5,text_en_1919
754,31.628782083771593,30.785226061198397,1966,1,inner_ring
755,30.065269998573054,34.878854418537195,2758,2,octagram
756,31.07538349814108,32.146509891157194,1962,1,inner_ring
757,43.70333004781287,22.038524427590296,2027,1,inner_ring
758,47.22862949030198,17.68449825955526,5474,5,text_en_1919
759,49.47421550513872,24.701157343039778,2926,2,octagram
760,52.43505456259768,25.94532072924639,2943,2,octagram
761,56.49206134841385,25.095177408308224,2973,2,octagram
762,50.18018718943013,32.792770263121,3779,3,stroke_nan
763,54.37038612293874,37.5204306315318,4242,4,stroke_kai
764,57.708945590969144,45.33829329164686,4092,4,stroke_kai
765,62.060324222765594,46.75256349984815,4040,4,stroke_kai
766,59.75316835684855,47.715524824708055,4007,4,stroke_kai
767,66.74037970721197,45.263235671492374,4090,4,stroke_kai
768,74.61330257822941,44.9682335379102,3209,2,octagram
769,75.47541400720097,49.43911377700219,3240,2,octagram
770,73.4637626628205,61.80111140209886,2244,2,octagram
771,76.7438993551132,61.234880817637794,2228,2,octagram
772,68.8069012700655,62.565863058608294,2270,2,octagram
773,66.4016046548636,72.04064968085244,2335,2,octagram
774,44.74002319783152,74.67625481756313,2479,2,octagram
775,44.564457318446934,73.28251840908047,2475,2,octagram
776,47.545117937372865,89.28540704334358,404,0,outer_ring
777,52.33726855114518,84.89429626933094,4318,5,text_en_1919
778,55.316381591973894,89.34453706860047,168,0,outer_ring
779,60.200932094352154,91.54375660134616,76,0,outer_ring
780,55.735669569821155,83.5781744500552,4368,5,text_en_1919
781,51.750830432725785,78.5621955385352,4581,5,text_en_1919
782,54.42549909329691,79.08507215814504,4554,5,text_en_1919
783,52.78006716308219,78.15298492389182,4602,5,text_en_1919
784,45.4754479880502,73.88986304606529,2473,2,octagram
785,29.651453287646326,66.89317265001795,4797,5,text_en_1919
786,28.920091603399435,59.76722100187468,2611,2,octagram
787,33.87759288133403,60.11427585122655,2575,2,octagram
788,56.47013950127394,91.73860678467962,144,0,outer_ring
789,57.293946337514285,92.03316806116814,126,0,outer_ring
790,68.7730205852448,84.99953314963457,4397,5,text_en_1919
791,66.61528520605725,93.57338903786828,23,0,outer_ring
792,68.27302456603982,83.52713529957697,4460,5,text_en_1919
793,65.9640363038883,80.39257782834763,4556,5,text_en_1919
794,70.30903482902056,78.41007155689556,4641,5,text_en_1919
795,77.41212708834186,77.3668710073871,4669,5,text_en_1919
796,71.57025262206245,70.47680231595227,1699,1,inner_ring
797,78.67665501409155,57.865058172898365,3283,2,octagram
798,80.09381351765295,60.17422117212915,2215,2,octagram
799,81.33611828952678,57.91949622386266,1648,1,inner_ring
800,82.4424580211405,51.937274246841255,1629,1,inner_ring
801,83.70502295693335,60.25105074545999,4906,5,text_en_1919
802,86.76410330995131,45.60482602077064,5219,5,text_en_1919
803,86.91192351230254,41.80777861851308,5328,5,text_en_1919
804,88.45988164353771,53.37152537124641,5018,5,text_en_1919
805,90.7155183048757,44.55460986314697,5232,5,text_en_1919
806,89.12504384837302,37.361976338508896,5350,5,text_en_1919
807,95.65386178799163,34.81275930758052,5391,5,text_en_1919
808,63.13869633683379,36.90005890783275,4224,4,stroke_kai
809,61.70123628500737,40.88753763862611,4164,4,stroke_kai
810,58.034502039913825,34.162349229783025,4273,4,stroke_kai
811,68.71829039008777,20.32554781417241,2109,1,inner_ring
812,60.72907391005925,32.434807902275196,4278,4,stroke_kai
813,65.1201745176191,21.71031609092274,3022,2,octagram
814,71.74413883062212,26.625488683756604,2134,1,inner_ring
815,73.73397602356393,35.22227826208392,3130,2,octagram
816,68.92082006100497,37.36026138940201,3107,2,octagram
817,69.00454326656102,23.394333032382256,2118,1,inner_ring
818,70.52662730811858,15.136917350969183,5534,5,text_en_1919
819,60.962421149231396,21.047084500440224,2082,1,inner_ring
820,57.731692622143576,16.4638150164598,5517,5,text_en_1919
821,51.34244683294031,12.673145986887164,5664,5,text_en_1919
822,52.327150674659975,12.574123450406649,5630,5,text_en_1919
823,47.883930337551604,19.84148407032082,2042,1,inner_ring
824,50.34663539229159,18.395924070319918,5470,5,text_en_1919
825,43.147881856073795,8.777218928171246,748,0,outer_ring
826,48.77952853416095,6.347675802684681,888,0,outer_ring
827,55.0874963554238,7.920422778549937,1121,0,outer_ring
828,55.75037668612152,6.72115422579958,1151,0,outer_ring
829,54.3475562913656,7.468648404923005,1093,0,outer_ring
830,52.38002745008546,3.608210450177038,1023,0,outer_ring
831,54.58595249528845,9.438472381192856,1101,0,outer_ring
832,55.26368178710858,5.287401394029996,1124,0,outer_ring
833,49.94542195495337,4.037806011857839,934,0,outer_ring
834,44.91604002896718,6.552270509733595,775,0,outer_ring
835,55.85607381290576,13.784788021679695,5646,5,text_en_1919
836,60.29140652146041,9.701897769918794,1323,0,outer_ring
837,61.942536822919934,7.225155331623903,1365,0,outer_ring
838,62.06082641654086,7.445428151431548,1368,0,outer_ring
839,65.86856534432962,7.883700421796009,1471,0,outer_ring
840,62.28273970894895,8.2048076316816,1375,0,outer_ring
841,77.49025357974891,14.763486203923732,1608,0,outer_ring
842,75.71598088490082,13.546915065212412,1605,0,outer_ring
843,63.96389369099821,7.78410287764167,1425,0,outer_ring
844,69.1845411255357,6.701220751797773,1540,0,outer_ring
845,66.72114988988434,7.646892373073406,1498,0,outer_ring
846,41.4593263787957,21.558688587451282,2022,1,inner_ring
847,40.45015272870986,17.10658158536789,5530,5,text_en_1919
848,92.47310701581287,49.18718011452887,5116,5,text_en_1919
849,47.78137065456797,91.30112078638999,384,0,outer_ring
850,51.49574285060924,89.68218002661769,281,0,outer_ring
851,43.67608493651851,88.55236513713098,520,0,outer_ring
852,57.0147142569471,89.24528386448628,130,0,outer_ring
853,51.14417645135306,90.76820621522118,287,0,outer_ring
854,41.68886223491524,91.38851006707675,541,0,outer_ring
855,44.65762357482573,89.21037305096146,489,0,outer_ring
856,43.62492767050015,84.51483536153764,4345,5,text_en_1919
857,33.04856382495776,85.79139114183427,653,0,outer_ring
858,37.601556612387604,82.62812473826322,636,0,outer_ring
859,37.25641010697512,73.59281361066908,1813,1,inner_ring
860,30.016418284298336,81.97797817149383,673,0,outer_ring
861,24.55076458637793,71.09106612144446,4736,5,text_en_1919
862,23.56951746225159,68.78012177205734,4761,5,text_en_1919
863,22.90143568660249,60.857079376361455,4908,5,text_en_1919
864,22.17412190326018,52.75708193986507,5073,5,text_en_1919
865,22.365684864477434,50.061098041634004,5109,5,text_en_1919
866,32.618275368515135,46.85388063299962,2675,2,octagram
867,27.83906882298887,49.81132534904141,1902,1,inner_ring
868,34.4914891115893,65.72791833080719,1835,1,inner_ring
869,33.41312001206626,58.640129750006416,2579,2,octagram
870,43.63956693231398,47.05947595189016,3514,3,stroke_nan
871,42.9004391897237,65.40882892194941,2511,2,octagram
872,40.40037042444626,62.580445872863216,2538,2,octagram
873,44.725703644953015,56.396829062545336,3347,3,stroke_nan
874,50.391929483449445,67.92096288475273,2434,2,octagram
875,58.10094724053784,61.0772539043789,3793,4,stroke_kai
876,62.66345712879035,53.60789979833982,3890,4,stroke_kai
877,69.28034441707256,69.81650648294499,2320,2,octagram
878,67.9770101945188,69.7852318083352,2323,2,octagram
879,66.42976502276916,59.28283669324146,2275,2,octagram
880,65.9139459848839,52.47975877278885,3918,4,stroke_kai
881,60.33744839698869,51.97025687430735,3933,4,stroke_kai
882,46.01163670344148,53.12513396501247,3390,3,stroke_nan
883,45.57666862834733,56.38498504995426,3330,3,stroke_nan
884,51.37307672565676,40.55499003872758,3694,3,stroke_nan
885,52.226613143716136,41.45268808686834,3678,3,stroke_nan
886,46.231504227330554,40.36291407827747,3690,3,stroke_nan
887,38.61466134129823,29.875374765474874,2834,2,octagram
888,42.37848385122618,41.333297460510316,3650,3,stroke_nan
889,29.74939787503217,18.745459865452663,708,0,outer_ring
890,27.547032020340374,38.021386946320646,5359,5,text_en_1919
891,30.43780501686647,40.72727380044243,2729,2,octagram
892,41.393714412347094,42.29499977321627,3640,3,stroke_nan
893,33.66538163476227,51.22599226271874,2661,2,octagram
894,44.898781680326614,48.23601270648892,3510,3,stroke_nan
895,22.856541348766463,47.34631791281038,5171,5,text_en_1919
896,20.12536643953092,36.97889566582751,5386,5,text_en_1919
897,31.820347487039072,29.018108428497523,1975,1,inner_ring
898,36.52088080366053,24.98353310147026,2001,1,inner_ring
899,39.45811310971755,20.469461432942612,5439,5,text_en_1919
900,44.25392194531903,31.89477401238443,3786,3,stroke_nan
901,56.60748449634904,26.59829306355941,2971,2,octagram
902,53.05606321868753,38.91099564261157,3719,3,stroke_nan
903,48.85646418728701,25.869707158595673,2925,2,octagram
904,52.521516622570296,27.339844448434707,2949,2,octagram
905,55.43169039507799,36.79342536124659,4255,4,stroke_kai
906,55.52805777853851,41.25126130852181,4163,4,stroke_kai
907,56.86294755733054,40.516870042619885,4203,4,stroke_kai
908,63.632105721588445,48.0182808139294,4033,4,stroke_kai
909,64.68920219440787,47.01050099444715,4063,4,stroke_kai
910,70.19630766238082,55.27218093642618,3891,4,stroke_kai
911,72.73164457641153,43.61370617958431,3207,2,octagram
912,75.97185779850501,57.51519948187403,2226,2,octagram
913,75.88630475021732,56.30257840507967,3270,2,octagram
914,62.7437400608865,74.72588476164402,1733,1,inner_ring
915,66.19545799498093,74.02147556445995,2342,2,octagram
916,47.73009082783317,78.06627136033758,4630,5,text_en_1919
917,47.51159960300149,87.61944291756632,419,0,outer_ring
918,47.04075159598597,84.23410154723393,4300,5,text_en_1919
919,47.88277515304455,89.27395239043466,392,0,outer_ring
920,57.07106372996389,75.72871106221984,1751,1,inner_ring
921,56.106965192684385,83.69369515745959,4390,5,text_en_1919
922,56.77208142523261,81.43472461949659,4488,5,text_en_1919
923,57.03887324156313,80.1268605015787,4577,5,text_en_1919
924,53.91752366736795,83.64935056624752,4354,5,text_en_1919
925,49.598722003590986,69.39594665173337,2442,2,octagram
926,43.668747973991785,66.29451282773097,2510,2,octagram
927,27.652418094344945,56.462177733522225,1878,1,inner_ring
928,34.1891958264276,68.39756265141469,1829,1,inner_ring
929,30.441202185065467,59.963093339822855,2599,2,octagram
930,57.765117541670215,96.46918204654699,116,0,outer_ring
931,57.966697410364844,89.59313160925812,102,0,outer_ring
932,56.30917391767535,92.2038563994597,148,0,outer_ring
933,62.94310816134551,90.63476518525361,41,0,outer_ring
934,69.63694090340019,85.13376931861478,4404,5,text_en_1919
935,71.67207653231216,84.093205675542,4427,5,text_en_1919
936,70.24548280718419,72.57599583795707,1709,1,inner_ring
937,67.32658673319757,74.62065317979757,1722,1,inner_ring
938,84.49039261329328,72.04342104870163,4741,5,text_en_1919
939,73.86981893624846,70.7413906631555,1690,1,inner_ring
940,83.62391383578493,62.705126956245714,4879,5,text_en_1919
941,83.31753554200918,55.63038801609299,1640,1,inner_ring
942,84.11333872240121,58.31085858271097,4935,5,text_en_1919
943,82.6700584437352,54.612112304523556,1637,1,inner_ring
944,86.30290097321476,52.10580255515025,5064,5,text_en_1919
945,85.13148375086283,51.21603230776263,5068,5,text_en_1919
946,88.27523486300164,45.290473888906696,5229,5,text_en_1919
947,86.8351807811799,48.32664734199256,5164,5,text_en_1919
948,93.17830618543294,54.0112689707729,5020,5,text_en_1919
949,96.47719983451954,47.107240878833544,5170,5,text_en_1919
950,63.65673869840233,43.578024752050545,4107,4,stroke_kai
951,58.95789453685583,45.447914264123675,4085,4,stroke_kai
952,59.50377019391305,35.46835711260576,4238,4,stroke_kai
953,67.03079178232414,33.56273889970221,3092,2,octagram
954,67.08636161137203,25.422975645601912,3049,2,octagram
955,65.30316273262413,27.529021810722504,3058,2,octagram
956,79.64947266675594,36.52055005903907,3153,2,octagram
957,75.68165696347992,37.67807862920996,3169,2,octagram
958,72.63585834205477,24.774143943657215,2131,1,inner_ring
959,67.80760973534181,21.127351553142,2108,1,inner_ring
960,63.07556812132025,22.35548821950057,3010,2,octagram
961,65.75924688455993,15.901860312917716,5550,5,text_en_1919
962,57.35100551516637,20.16532509851729,2071,1,inner_ring
963,53.010992429261215,8.372594845085498,1040,0,outer_ring
964,50.27620632293177,15.04142774383973,5602,5,text_en_1919
965,49.19931552768181,18.558689628770892,5475,5,text_en_1919
966,52.20228384634,7.311951084662126,1011,0,outer_ring
967,39.355326656458246,7.823603093169099,730,0,outer_ring
968,48.22080398684185,18.30749301613027,5469,5,text_en_1919
969,53.34052740527349,12.78197924766938,5588,5,text_en_1919
970,55.828219750069835,8.514809275774534,1160,0,outer_ring
971,56.194660689019976,6.966635712796353,1170,0,outer_ring
972,49.33772205644965,5.827272590164393,911,0,outer_ring
973,56.21928284715952,4.773782258037057,1168,0,outer_ring
974,52.22486790923472,5.083636766503846,1015,0,outer_ring
975,45.671707640011945,9.258738506418439,781,0,outer_ring
976,50.475159711481574,13.269126795859437,5614,5,text_en_1919
977,53.29058462116028,8.902161939281598,1051,0,outer_ring
978,56.73198382449904,6.437388142069557,1192,0,outer_ring
979,63.56755340753485,7.093614945833416,1404,0,outer_ring
980,59.21650473955255,7.322567184659029,1278,0,outer_ring
981,69.42324342815485,13.389517246923187,5647,5,text_en_1919
982,71.1843693542531,12.755293954619022,5587,5,text_en_1919
983,72.84887173789906,10.598853805326057,1588,0,outer_ring
984,70.1987502640867,9.111792719714238,1557,0,outer_ring
985,65.75730390319528,8.202027174686854,1469,0,outer_ring
986,67.50460834541289,4.7169124749405,1499,0,outer_ring
987,66.17505890385753,10.888430173018605,1506,0,outer_ring
988,39.51139019993869,17.633074874738526,5515,5,text_en_1919
989,40.44892336750736,9.137568344869317,734,0,outer_ring
990,86.40024094764352,46.55779433619317,5200,5,text_en_1919
991,46.205675896305436,91.92032099060238,440,0,outer_ring
992,49.14146683291785,92.57030985241758,344,0,outer_ring
993,44.855110092467655,88.8917711218842,484,0,outer_ring
994,58.12501240770838,94.21039382551011,105,0,outer_ring
995,50.44848460425575,92.46586555332246,302,0,outer_ring
996,44.758620187187695,88.35714263421187,491,0,outer_ring
997,44.57662450128895,88.9484992193304,493,0,outer_ring
998,40.04526026418678,86.12440415603997,594,0,outer_ring
999,44.48258951644134,84.33965417264264,4332,5,text_en_1919
1000,36.85629793587132,76.91020269676478,4683,5,text_en_1919
1001,34.368520616908256,72.3772921841755,4702,5,text_en_1919
1002,29.09310266106294,82.17066109921522,675,0,outer_ring
1003,31.488080178308106,69.9660125141654,4739,5,text_en_1919
1004,25.10579822454205,66.57430545395275,4794,5,text_en_1919
1005,27.712817890144038,55.998138577476524,1879,1,inner_ring
1006,19.474485708556614,59.182012211366185,4972,5,text_en_1919
1007,18.289775061036362,48.680311753860934,5130,5,text_en_1919
1008,21.788442416916332,51.01469719728511,5098,5,text_en_1919
1009,32.03447981037049,56.05130485522406,2631,2,octagram
1010,35.33814210513119,60.09467122362648,2564,2,octagram
1011,39.782881236257545,54.39525381805894,3334,3,stroke_nan
1012,42.03082553264944,56.91244730480542,3325,3,stroke_nan
1013,40.95900602088928,53.805123362533905,3370,3,stroke_nan
1014,47.321654012747466,59.446405144095266,3294,3,stroke_nan
1015,48.307806296306204,55.5288877436608,3358,3,stroke_nan
1016,52.107008015686226,65.74573325296255,2421,2,octagram
1017,57.82775592580807,71.59106097968852,2383,2,octagram
1018,60.309119601110005,53.39882061771694,3912,4,stroke_kai
1019,53.78268283071642,66.80140113553853,2418,2,octagram
1020,63.95038872561221,74.19768979218668,1730,1,inner_ring
1021,61.5793376966087,78.90520977263587,4561,5,text_en_1919
1022,47.988891076467816,72.22320955473802,2459,2,octagram
1023,54.48876965121691,57.40084645052196,3837,4,stroke_kai
1024,50.622634875327876,53.68104784324625,3374,3,stroke_nan
1025,47.20875780110588,39.00859231739179,3710,3,stroke_nan
1026,55.670303853026724,54.54553780540416,3872,4,stroke_kai
1027,43.403995027747094,45.40354391153696,3540,3,stroke_nan
1028,45.75344793885758,42.349769355682035,3667,3,stroke_nan
1029,37.40346613844282,26.050702355043217,2002,1,inner_ring
1030,36.81021065881412,35.60767384169465,2799,2,octagram
1031,34.61552932851424,41.639145138855696,2712,2,octagram
1032,28.64567518464159,37.08954892672335,1943,1,inner_ring
1033,21.849675567779748,47.55412575296072,5226,5,text_en_1919
1034,30.57973473366466,39.73697878877614,2732,2,octagram
1035,43.00585070303196,47.27750245012232,3528,3,stroke_nan
1036,36.365912195328704,52.898074556272746,3416,3,stroke_nan
1037,24.572952132939633,42.18024290774241,5280,5,text_en_1919
1038,26.43474994040854,40.44805049487113,5288,5,text_en_1919
1039,30.27109762716068,34.278532564172025,2760,2,octagram
1040,34.922540824361434,11.482408912517549,711,0,outer_ring
1041,39.16393604489083,6.448899004348955,732,0,outer_ring
1042,43.24378834865594,17.27648265138804,5505,5,text_en_1919
1043,45.16358466166603,24.898486871344254,2900,2,octagram
1044,59.143580064538845,25.542697277510733,2982,2,octagram
1045,51.38043077951883,20.0142940194617,2051,1,inner_ring
1046,52.019816996328764,44.341231304867506,3599,3,stroke_nan
1047,59.052748592950124,43.332794738331835,4112,4,stroke_kai
1048,54.08483572523853,51.11134838401993,3971,4,stroke_kai
1049,64.21510575989724,50.541486662954554,3961,4,stroke_kai
1050,58.63674280619549,51.4075187052007,3955,4,stroke_kai
1051,73.76445680999241,48.80233927499585,3235,2,octagram
1052,64.35004415444322,47.920769683482916,4013,4,stroke_kai
1053,75.38061108480306,43.71543442093724,3194,2,octagram
1054,76.69060535422598,54.293212380663455,3266,2,octagram
1055,72.64255317301138,61.87228571973396,2247,2,octagram
1056,72.72334015184832,67.69237656105368,1687,1,inner_ring
1057,64.95634347330349,71.32050528568925,2332,2,octagram
1058,45.983345859535135,87.81633755428794,466,0,outer_ring
1059,50.47772962141123,83.31170614895501,4367,5,text_en_1919
1060,48.81573195095403,87.68952062821552,372,0,outer_ring
1061,52.12851430294202,90.09512098870498,254,0,outer_ring
1062,55.02574562987764,90.14608265623927,178,0,outer_ring
1063,51.81844615290626,88.3455445204588,272,0,outer_ring
1064,56.79432631465904,80.72970865142668,4542,5,text_en_1919
1065,52.746761589783134,78.77541325300193,4576,5,text_en_1919
1066,63.58622965904855,78.84751176233247,4621,5,text_en_1919
1067,50.140328198804426,77.99210611645528,4586,5,text_en_1919
1068,43.70316754564083,74.89806139197866,1799,1,inner_ring
1069,29.41476871440398,59.66525945263266,2609,2,octagram
1070,31.26184542957958,60.26309143188245,2592,2,octagram
1071,34.7912275637018,71.05278417162582,1821,1,inner_ring
1072,56.38216672714345,90.591027090271,146,0,outer_ring
1073,52.52377604597417,90.9246051130402,246,0,outer_ring
1074,68.92587084170822,78.47016010551764,4644,5,text_en_1919
1075,62.52145082966741,84.52058947784897,4375,5,text_en_1919
1076,65.02355801441308,91.74682082316282,29,0,outer_ring
1077,68.62901162257694,79.11173910189484,4627,5,text_en_1919
1078,70.23099636713611,73.50886330348132,1714,1,inner_ring
1079,71.08679666119106,71.51097045242243,1703,1,inner_ring
1080,76.24125144228027,73.08558856815655,4733,5,text_en_1919
1081,81.0805042802404,70.84264547425822,4771,5,text_en_1919
1082,84.23052370654472,63.20332945207783,4868,5,text_en_1919
1083,84.45217149006636,57.783983689782275,4958,5,text_en_1919
1084,86.73272150360849,57.6656724445563,4951,5,text_en_1919
1085,83.35702260698001,38.510218619315616,2179,1,inner_ring
1086,87.35476708989324,49.0453027471633,5142,5,text_en_1919
1087,78.19214621061803,44.07809865466132,3191,2,octagram
1088,87.71169376277402,58.2541788207089,4941,5,text_en_1919
1089,89.76530839067584,45.80916912433753,5204,5,text_en_1919
1090,94.2004891424217,43.04937431220675,5261,5,text_en_1919
1091,93.27732887409516,36.62046817372177,5373,5,text_en_1919
1092,61.20628328967229,50.596380193221194,3959,4,stroke_kai
1093,60.37643045684909,39.4387796324906,4197,4,stroke_kai
1094,62.241794413845575,39.50606449347381,4199,4,stroke_kai
1095,74.3577075118952,38.12425252918023,3173,2,octagram
1096,65.72200968132982,30.79578694380457,3082,2,octagram
1097,68.25761222916812,22.895762272693403,2114,1,inner_ring
1098,72.15180226075871,25.937528004555915,2133,1,inner_ring
1099,77.75447898708136,25.441797167502173,5407,5,text_en_1919
1100,66.5031603382006,25.866263073802973,3051,2,octagram
1101,63.606720402345964,17.34293523811014,5492,5,text_en_1919
1102,64.30605232011683,18.186611811858885,5455,5,text_en_1919
1103,60.708651749594324,23.838165294722955,2995,2,octagram
1104,58.93233487574084,13.45361403697093,5657,5,text_en_1919
1105,52.03065723028622,6.941381506735611,1003,0,outer_ring
1106,51.91398082359349,17.179105027160176,5523,5,text_en_1919
1107,48.91227438845803,17.497197827683017,5488,5,text_en_1919
1108,50.6863099752171,7.409212787753619,957,0,outer_ring
1109,49.83974459782005,6.670063580421343,924,0,outer_ring
1110,55.279349008905555,7.5603932889451695,1127,0,outer_ring
1111,49.682045698245446,5.028121834827092,923,0,outer_ring
1112,55.867363497506815,7.878746497137727,1161,0,outer_ring
1113,57.11015993312009,6.217797961941726,1203,0,outer_ring
1114,54.05081413713928,7.703936472481347,1080,0,outer_ring
1115,47.344566556645894,8.606143549478954,826,0,outer_ring
1116,48.97042800867997,7.860330773163411,889,0,outer_ring
1117,45.39363835188967,8.418320770645451,777,0,outer_ring
1118,57.16796268963653,2.48209812974013,1198,0,outer_ring
1119,54.984842186793614,6.51586245936242,1116,0,outer_ring
1120,58.607547348079734,8.867332979569674,1260,0,outer_ring
1121,54.70068759861089,9.083295405446636,1107,0,outer_ring
1122,58.3604095722578,5.90663504624853,1246,0,outer_ring
1123,65.77515435553151,5.657120391867178,1455,0,outer_ring
1124,63.69059063615715,6.691734957901186,1407,0,outer_ring
1125,69.11683677315625,18.61713879156495,5436,5,text_en_1919
1126,74.89317517157545,9.102835523229155,1596,0,outer_ring
1127,61.36260913963834,7.2202138511186265,1349,0,outer_ring
1128,66.51036613684207,8.066409886116249,1493,0,outer_ring
1129,62.17082182443751,9.422486397381562,1378,0,outer_ring
1130,41.29484584370176,29.00420044080609,2848,2,octagram
1131,40.55603538849907,23.24919376767837,2019,1,inner_ring
1132,90.77216324741133,45.323117341734815,5214,5,text_en_1919
1133,47.702217791065586,89.58985211193774,399,0,outer_ring
1134,45.28997261275142,90.56735310139598,471,0,outer_ring
1135,43.37185633256613,91.88502315413517,506,0,outer_ring
1136,50.200421360484604,90.38741356317269,312,0,outer_ring
1137,51.49649281559616,92.78671925101196,271,0,outer_ring
1138,53.1619177740368,87.82111928455178,236,0,outer_ring
1139,47.31903050896817,90.40327296017631,407,0,outer_ring
1140,40.35806416914432,88.22121601820459,582,0,outer_ring
1141,35.944283551533665,89.04184579392047,627,0,outer_ring
1142,35.795469401934334,84.6717895449819,643,0,outer_ring
1143,30.817466067427585,74.11582382742073,4693,5,text_en_1919
1144,29.02252605477724,85.40744504226316,668,0,outer_ring
1145,25.816739435460832,68.47813055462753,4778,5,text_en_1919
1146,22.594512693439864,65.36388905296262,4839,5,text_en_1919
1147,22.77933122438901,63.905473994463726,4871,5,text_en_1919
1148,20.577218730135524,68.01026550837712,4799,5,text_en_1919
1149,23.310810049783715,48.59246091505793,5128,5,text_en_1919
1150,25.978445568935374,50.380004730320266,5074,5,text_en_1919
1151,32.70068317436377,46.59584050406553,2688,2,octagram
1152,40.03665147489993,65.45613706274929,2521,2,octagram
1153,31.551338667323343,59.97339962352142,2593,2,octagram
1154,37.97762105909032,61.40719193075809,2555,2,octagram
1155,40.89790604833027,64.40852078834934,2522,2,octagram
1156,43.80541506258323,52.020156658337115,3425,3,stroke_nan
1157,44.20402249215629,65.45234238295198,2509,2,octagram
1158,55.84108957185423,70.03442857500964,2399,2,octagram
1159,64.04742720993167,55.25500678279203,3873,4,stroke_kai
1160,58.23354765003123,62.30465900402032,3791,4,stroke_kai
1161,71.07983705017763,61.716595065064766,2253,2,octagram
1162,62.511543739829406,72.31875263075952,2357,2,octagram
1163,63.532187800768874,71.5296379646012,2354,2,octagram
1164,60.8150551569741,54.92768671305534,3875,4,stroke_kai
1165,58.214308581626945,46.500503100055894,4052,4,stroke_kai
1166,52.97777242432307,43.651703952584114,3607,3,stroke_nan
1167,47.00281529624313,52.93759661296619,3397,3,stroke_nan
1168,54.419262751470626,39.5727034416294,4190,4,stroke_kai
1169,51.16421989418355,48.106954795929,3505,3,stroke_nan
1170,42.07245248055777,49.06927553249298,3488,3,stroke_nan
1171,38.447439028730045,33.82992734230713,2813,2,octagram
1172,42.64421124614779,27.23105624742503,2860,2,octagram
1173,35.5115759637433,33.91214597164033,2792,2,octagram
1174,15.963918507338958,42.2531603067919,703,0,outer_ring
1175,18.858324990681382,49.33575527049807,5121,5,text_en_1919
1176,35.466870753739734,46.4031594764895,2684,2,octagram
1177,38.697818946277664,59.476774176603236,2554,2,octagram
1178,38.3540052354046,51.83881431182542,3423,3,stroke_nan
1179,18.21364957127106,43.317922888103965,5298,5,text_en_1919
1180,34.00953302752069,33.52872074278209,2784,2,octagram
1181,30.062843058875313,30.81204965486944,1964,1,inner_ring
1182,36.94948559202073,6.609293784897323,724,0,outer_ring
1183,37.7673484728799,14.162677909513903,5616,5,text_en_1919
1184,40.44499592961556,16.353839941273428,5599,5,text_en_1919
1185,43.21038065932821,8.908016110069003,749,0,outer_ring
1186,47.885206315310235,22.16779381167963,2039,1,inner_ring
1187,52.547847250508,36.484766068778775,4252,4,stroke_kai
1188,54.89898380876868,29.212279692027877,2959,2,octagram
1189,55.777812569835596,39.941912086934934,4200,4,stroke_kai
1190,56.68871526059845,45.711568192797706,4062,4,stroke_kai
1191,55.7562173438636,51.128828929346724,3962,4,stroke_kai
1192,57.99692165200076,45.6411469165892,4078,4,stroke_kai
1193,65.67209310857544,43.46277888405097,4113,4,stroke_kai
1194,66.98928678985632,48.39158751198264,4009,4,stroke_kai
1195,75.77000293505125,45.34028657426726,3208,2,octagram
1196,74.11423018554464,57.86293701022274,2230,2,octagram
1197,73.62621405837399,50.432281576575335,3239,2,octagram
1198,78.1039749213727,54.832223458036815,3267,2,octagram
1199,70.77062484371397,66.33409621975696,2299,2,octagram
1200,46.07318298109699,71.98713195480941,2466,2,octagram
1201,47.56374741122078,79.43932246482545,4606,5,text_en_1919
1202,47.26158468866131,88.39693052310427,424,0,outer_ring
1203,55.9322853256596,89.44756996505473,152,0,outer_ring
1204,55.91216664275401,79.6586208623737,4568,5,text_en_1919
1205,58.38117621617663,85.29550535110059,4355,5,text_en_1919
1206,59.66659540970094,84.8628739421148,4369,5,text_en_1919
1207,52.645174176937495,75.36582856846077,1766,1,inner_ring
1208,49.698405183008596,84.6446043331704,4304,5,text_en_1919
1209,45.03662500985346,80.95733930413232,4510,5,text_en_1919
1210,47.171971784917446,74.01981776305533,1788,1,inner_ring
1211,27.75774832813555,59.135311320710485,1873,1,inner_ring
1212,31.587305769321013,67.09043892284319,1839,1,inner_ring
1213,29.837518599111053,64.04484902279447,1851,1,inner_ring
1214,55.4643426391188,93.02424367579493,164,0,outer_ring
1215,58.29850679407805,89.7711598483679,98,0,outer_ring
1216,61.86948047048772,91.75538150605192,53,0,outer_ring
1217,59.823475207910654,94.18226567677947,81,0,outer_ring
1218,64.25979409259283,90.09024759161179,32,0,outer_ring
1219,68.02532464871061,90.91326742183963,11,0,outer_ring
1220,70.37909497973274,82.95785495116893,4497,5,text_en_1919
1221,76.25987357503533,72.172765406935,4735,5,text_en_1919
1222,74.79041325449403,64.81026797745322,1672,1,inner_ring
1223,76.74407246191684,64.22650667378349,1667,1,inner_ring
1224,74.34554600007561,61.03102259346875,2234,2,octagram
1225,85.07322628024178,61.311933520640046,4899,5,text_en_1919
1226,82.6803890005379,60.049571100824416,4917,5,text_en_1919
1227,91.31345175483395,51.06719902586785,5048,5,text_en_1919
1228,87.72586263509075,53.71901999180362,5026,5,text_en_1919
1229,87.85908289045382,53.254675160452514,5031,5,text_en_1919
1230,86.15778443097778,41.94872270485097,5318,5,text_en_1919
1231,96.69204111823785,49.42384839789663,5091,5,text_en_1919
1232,96.11451887157793,41.14890037775094,5306,5,text_en_1919
1233,89.79913121114663,48.22663186009718,5157,5,text_en_1919
1234,57.2425681251332,43.435022553118685,4104,4,stroke_kai
1235,62.32217485765873,43.45091015712056,4124,4,stroke_kai
1236,61.62633977792836,34.841297535633935,4262,4,stroke_kai
1237,71.4089271928296,34.21185211221819,3116,2,octagram
1238,59.71136611862245,25.21835078025798,2986,2,octagram
1239,60.20458313427989,26.76297888209466,2985,2,octagram
1240,77.14161010082302,35.22797867877757,3149,2,octagram
1241,67.38208847506016,26.998101629036395,3061,2,octagram
1242,64.41314995431303,20.49873736538036,2096,1,inner_ring
1243,67.32450507335771,24.28914537338882,2112,1,inner_ring
1244,61.21543810226254,23.914110125429342,2997,2,octagram
1245,57.50186330655514,15.903025273456082,5566,5,text_en_1919
1246,55.869254939674846,19.97745156865805,2067,1,inner_ring
1247,57.55245400059197,3.044828705396232,1213,0,outer_ring
1248,55.314816528789464,9.508135075269076,1130,0,outer_ring
1249,49.49559089727103,5.933157206362002,915,0,outer_ring
1250,51.20325677108893,26.113169726325353,2938,2,octagram
1251,41.906591669454315,9.56343535833735,737,0,outer_ring
1252,51.183982838588875,22.999240736590224,2050,1,inner_ring
1253,48.501170299041085,12.490164131656346,5677,5,text_en_1919
1254,54.2024058295139,5.812426305498886,1086,0,outer_ring
1255,57.27450670165403,15.985334437776313,5532,5,text_en_1919
1256,50.891379222620905,7.174002965942317,967,0,outer_ring
1257,51.00643784617594,8.697357541180331,970,0,outer_ring
1258,41.28866506376325,15.335618394370623,5637,5,text_en_1919
1259,45.973870238221274,7.638360446652665,795,0,outer_ring
1260,52.51125849690367,8.079813206272021,1025,0,outer_ring
1261,54.935657587938486,7.872825789475994,1115,0,outer_ring
1262,60.443399730490256,4.95578923686756,1313,0,outer_ring
1263,56.18685329821462,7.7453316068221785,1171,0,outer_ring
1264,59.960827955758326,7.640208999776641,1305,0,outer_ring
1265,64.93426661121809,9.533567627431605,1454,0,outer_ring
1266,67.99831238797832,5.8207247713168915,1520,0,outer_ring
1267,72.74725098445147,8.506283517681242,1581,0,outer_ring
1268,68.7496541265121,8.177475016754888,1541,0,outer_ring
1269,67.004852403733,6.984461655106116,1500,0,outer_ring
1270,59.402919908990256,3.367251846166619,1272,0,outer_ring
1271,66.89410712839263,4.921729349766863,1481,0,outer_ring
1272,38.50893475838422,24.975768017054836,2013,1,inner_ring
1273,40.48885618049035,10.219593552251993,733,0,outer_ring
1274,92.9334072684093,49.70335768976286,5093,5,text_en_1919
1275,47.54859409416899,91.63663434589617,390,0,outer_ring
1276,51.77951993112359,92.10907491634458,265,0,outer_ring
1277,45.95445636778511,92.393618697927,447,0,outer_ring
1278,54.09817147127231,92.50788564320914,203,0,outer_ring
1279,49.96364382801729,91.45445858945232,317,0,outer_ring
1280,47.11339504199073,88.06425339605332,434,0,outer_ring
1281,45.35353054672811,89.52677620621611,473,0,outer_ring
1282,41.08370527827976,87.18286931875738,578,0,outer_ring
1283,39.91931915226558,86.58164402786393,593,0,outer_ring
1284,37.06874666013318,83.85292048100182,635,0,outer_ring
1285,36.1507251298247,79.14811570929653,4551,5,text_en_1919
1286,30.82039307720964,69.92412957347968,4745,5,text_en_1919
1287,25.234159809297985,77.58140465807568,683,0,outer_ring
1288,29.126629950851672,67.01400941965657,4802,5,text_en_1919
1289,22.60636740521155,63.41117072607564,4891,5,text_en_1919
1290,22.30895707545736,48.879799088231415,5118,5,text_en_1919
1291,24.07891906745368,54.047084158008225,5007,5,text_en_1919
1292,25.516735045590746,45.037773922664954,5260,5,text_en_1919
1293,29.68071229668976,55.18657996540612,2632,2,octagram
1294,32.96539271284385,61.5028560906348,2578,2,octagram
1295,32.376745388860854,66.98092399470634,1837,1,inner_ring
1296,43.5577169397485,57.288832533831474,3340,3,stroke_nan
1297,43.1601035786945,52.06626341197825,3431,3,stroke_nan
1298,46.76620569658652,52.95147583135272,3427,3,stroke_nan
1299,47.37894061884073,58.738292445077455,3315,3,stroke_nan
1300,52.7510898630366,65.99558213171673,2420,2,octagram
1301,66.46628939752081,42.421328871416,4140,4,stroke_kai
1302,58.89818099827009,72.09072254350758,2375,2,octagram
1303,66.14664950039015,59.29473913632744,2277,2,octagram
1304,56.350380163845216,67.79125298183061,2404,2,octagram
1305,56.41257126838724,73.13275316180074,1753,1,inner_ring
1306,55.06057100337219,56.02306026234757,3853,4,stroke_kai
1307,58.053242146955085,49.662216839142324,3969,4,stroke_kai
1308,51.16336102268007,45.77988578946299,3578,3,stroke_nan
1309,48.57303463240475,51.73246023144633,3421,3,stroke_nan
1310,46.95654270324642,42.81090989113616,3624,3,stroke_nan
1311,44.9321445243529,45.646496186826845,3550,3,stroke_nan
1312,44.7709361239518,52.734542000683916,3407,3,stroke_nan
1313,45.087724540222254,35.57804696629486,3753,3,stroke_nan
1314,38.5945117277096,41.826707117281316,3653,3,stroke_nan
1315,34.670141374755815,33.680140742772814,2790,2,octagram
1316,34.89299377180496,33.48212834819039,2791,2,octagram
1317,24.217069009189743,37.30563685502666,5375,5,text_en_1919
1318,32.13880884739076,40.85206469211774,2720,2,octagram
1319,39.91092225541222,51.88766256541273,3453,3,stroke_nan
1320,41.66553121222505,43.466429451428255,3619,3,stroke_nan
1321,21.56087994756134,36.439568468895445,5374,5,text_en_1919
1322,21.078385810631566,41.26521708082253,5314,5,text_en_1919
1323,25.602430373131423,28.119756551206997,5409,5,text_en_1919
1324,38.26073673026834,33.59345246573619,2811,2,octagram
1325,36.76007490886025,12.391576917637723,715,0,outer_ring
1326,40.53406983734945,23.514280597585987,2017,1,inner_ring
1327,46.4545101859918,18.552900006723636,5464,5,text_en_1919
1328,47.530495228324206,23.987173932178575,2910,2,octagram
1329,52.322820311802836,29.116650322891463,2950,2,octagram
1330,56.470349274331966,34.61404471198246,4270,4,stroke_kai
1331,52.550107631492324,37.72456468752427,3732,3,stroke_nan
1332,58.47830448186007,36.31048864887543,4244,4,stroke_kai
1333,60.78553779775819,46.523718616870205,4011,4,stroke_kai
1334,56.82674370326475,47.862698680399575,4006,4,stroke_kai
1335,64.86847719363485,49.98867114557055,3960,4,stroke_kai
1336,68.5693419727371,42.90868722593204,4135,4,stroke_kai
1337,68.32344871773105,54.63843607975182,3901,4,stroke_kai
1338,75.70937188228018,56.21662320728444,3269,2,octagram
1339,71.42937014501895,57.90786777889677,2248,2,octagram
1340,81.88631133048175,58.570521805316865,1649,1,inner_ring
1341,64.56964131434731,74.96714551852594,1729,1,inner_ring
1342,46.81902854468599,79.68937062021341,4539,5,text_en_1919
1343,49.14826696697981,85.29984451312373,4298,5,text_en_1919
1344,40.93186697561979,81.4807956948912,4392,5,text_en_1919
1345,49.908649453062246,91.60767711968391,319,0,outer_ring
1346,54.02594668687759,86.6519452952199,4289,5,text_en_1919
1347,59.750445142001716,80.23539975870631,4530,5,text_en_1919
1348,59.429698142859635,83.60017877435897,4425,5,text_en_1919
1349,55.73025492844124,79.80231617865626,4548,5,text_en_1919
1350,53.115295488347066,80.31930226053439,4518,5,text_en_1919
1351,48.627940770729964,76.5806599030485,1782,1,inner_ring
1352,45.332367698448124,71.97301567938685,2470,2,octagram
1353,30.90968051123145,62.544617901416274,1854,1,inner_ring
1354,35.18954535183031,60.005363517575084,2566,2,octagram
1355,30.161117518928393,60.65879180820133,1863,1,inner_ring
1356,57.19200282575982,91.49256744380524,128,0,outer_ring
1357,60.92123738259715,91.76051688531852,66,0,outer_ring
1358,61.368695899967506,91.14798336082048,56,0,outer_ring
1359,62.17109412142626,85.71239260956443,4336,5,text_en_1919
1360,62.90418390797943,89.94573738270573,39,0,outer_ring
1361,66.94887594535591,83.01511381736768,4420,5,text_en_1919
1362,69.35062577320328,78.03703634094832,4656,5,text_en_1919
1363,67.34639801428416,70.86405558763092,2326,2,octagram
1364,77.87126025679642,70.02718459117231,4780,5,text_en_1919
1365,83.61979662704358,62.220592778686374,4882,5,text_en_1919
1366,84.7188531400487,62.697145422133396,4876,5,text_en_1919
1367,88.05580956662128,58.657802654329515,4936,5,text_en_1919
1368,89.99493458364489,59.73532238007766,4913,5,text_en_1919
1369,81.65345748146144,56.50556178565309,1644,1,inner_ring
1370,83.58403212266977,46.39176977768693,2206,1,inner_ring
1371,81.43049071020225,46.150965523600895,2204,1,inner_ring
1372,89.6155070978687,45.396331583276265,5222,5,text_en_1919
1373,82.68357428089129,45.156044952352204,2201,1,inner_ring
1374,89.4393838659779,48.9037889542808,5166,5,text_en_1919
1375,91.47560282994753,37.00569201958175,5353,5,text_en_1919
1376,60.06599776391604,45.5771084536665,4068,4,stroke_kai
1377,57.942205372737206,46.465675396787574,4051,4,stroke_kai
1378,67.57965709881724,31.79558582408108,3093,2,octagram
1379,64.60829121402848,32.46845037694897,3085,2,octagram
1380,64.64177112354307,35.787354834237746,4243,4,stroke_kai
1381,74.47067942252362,29.17006289263156,2148,1,inner_ring
1382,74.09978671830754,25.718886045515568,2137,1,inner_ring
1383,72.74073655397814,35.42880054697003,3127,2,octagram
1384,72.25568369172854,15.978921951752366,5514,5,text_en_1919
1385,66.91216231566258,15.751385148520955,5562,5,text_en_1919
1386,63.70984563822706,22.823793783913473,3008,2,octagram
1387,53.954859164920414,16.118186908872413,5512,5,text_en_1919
1388,61.88650432899638,6.3156993809908615,1361,0,outer_ring
1389,59.79877485608172,19.405659819827164,2075,1,inner_ring
1390,60.351754631053744,13.382162118087347,5656,5,text_en_1919
1391,54.742302032453736,15.274277269717167,5585,5,text_en_1919
1392,45.99999326378737,7.607461927243121,798,0,outer_ring
1393,49.38489022041875,8.4860154737566,906,0,outer_ring
1394,49.571095395194455,8.773964776425807,910,0,outer_ring
1395,55.94292964455853,5.37168752808955,1159,0,outer_ring
1396,54.51328171462911,6.368711519520446,1097,0,outer_ring
1397,51.073019283404065,9.142355667744553,971,0,outer_ring
1398,59.7706171384946,9.937301795691724,1309,0,outer_ring
1399,48.030787277169935,6.861573750232774,857,0,outer_ring
1400,56.00399584504973,5.341478659530412,1162,0,outer_ring
1401,51.950336269848435,9.547955265377007,999,0,outer_ring
1402,52.71355320799463,7.500109925718229,1031,0,outer_ring
1403,55.06214937408822,4.736658785772452,1118,0,outer_ring
1404,64.33132162988508,5.752515341169103,1424,0,outer_ring
1405,57.44934092460632,7.6156378038909045,1221,0,outer_ring
1406,61.07532836764553,6.993129657485115,1335,0,outer_ring
1407,66.52011480989599,6.943214409961308,1482,0,outer_ring
1408,62.66930483566668,5.339230527717,1374,0,outer_ring
1409,68.6189173597185,15.807218194014547,5472,5,text_en_1919
1410,78.35756716938336,15.122265189255103,1609,0,outer_ring
1411,64.96163867865549,8.101913507088891,1448,0,outer_ring
1412,62.982655105980925,1.3469366293710177,1369,0,outer_ring
1413,64.4986787684607,4.6263052782949,1422,0,outer_ring
1414,36.47216706819387,14.799836701408116,5627,5,text_en_1919
1415,40.624064460687755,16.756198089899662,5535,5,text_en_1919
1416,88.72128660445259,45.28993013153556,5230,5,text_en_1919
1417,49.771860745896156,90.43578737484981,329,0,outer_ring
1418,47.40361838877358,95.9536750407431,378,0,outer_ring
1419,47.36485993174207,89.19757797290036,412,0,outer_ring
1420,55.2736990998825,91.46835163670161,169,0,outer_ring
1421,50.531122930711206,92.16636484551131,300,0,outer_ring
1422,46.35221638846812,92.69577926612044,430,0,outer_ring
1423,43.756821337158755,86.97682195650627,527,0,outer_ring
1424,42.54709505193274,88.49764714815487,540,0,outer_ring
1425,36.32202944658399,86.72338581249711,629,0,outer_ring
1426,40.447124709875034,72.43898199306588,1808,1,inner_ring
1427,38.81167010678069,69.36086330980997,2500,2,octagram
1428,32.8577034722062,83.42146432264505,657,0,outer_ring
1429,25.940870802136764,69.06268274083138,4772,5,text_en_1919
1430,24.912692295212924,64.0924405061887,4847,5,text_en_1919
1431,21.400778824217138,55.658432314885786,4995,5,text_en_1919
1432,23.515152661678997,58.152901441392764,4946,5,text_en_1919
1433,18.653639797909925,50.41732572463601,5097,5,text_en_1919
1434,20.15068268724328,49.34424988597227,5143,5,text_en_1919
1435,27.63010355449709,53.23757393427868,1889,1,inner_ring
1436,29.438854097245617,51.14925531768421,1896,1,inner_ring
1437,34.98529848456568,47.35171519372174,2681,2,octagram
1438,38.837123654884174,68.53269789768265,2504,2,octagram
1439,42.24833858911573,65.594310917457,2515,2,octagram
1440,46.730825729029505,61.45729004117019,3289,3,stroke_nan
1441,56.35709569959656,59.086737596095574,3835,4,stroke_kai
1442,51.378061033520574,64.64761061521493,2422,2,octagram
1443,55.78466829099146,56.55829347466265,3852,4,stroke_kai
1444,60.29161823702177,57.3383292940535,3842,4,stroke_kai
1445,64.27477601247628,65.88924641516236,2305,2,octagram
1446,55.82468869561536,65.3675003356629,2408,2,octagram
1447,60.77694935582175,70.61521582486449,2369,2,octagram
1448,67.31209497918897,60.89193760666857,2276,2,octagram
1449,56.335356284945824,56.80293128373139,3851,4,stroke_kai
1450,49.42468110861578,53.13946081430098,3403,3,stroke_nan
1451,46.163072892427024,42.26049797857787,3671,3,stroke_nan
1452,48.66071540190457,46.17178669944619,3552,3,stroke_nan
1453,52.86191105420603,47.897592688427046,3509,3,stroke_nan
1454,43.33211981653639,41.89828584247359,3646,3,stroke_nan
1455,47.49637114151034,38.067621856779766,3728,3,stroke_nan
1456,39.70790181554464,30.177284050344735,2835,2,octagram
1457,37.699943866310825,40.382428449338384,3672,3,stroke_nan
1458,33.841590341367386,44.61662403132334,2696,2,octagram
1459,30.187439146905977,37.65870840625443,2741,2,octagram
1460,34.75304918485341,44.9338702922379,2687,2,octagram
1461,37.409486286317936,46.43803733295458,3530,3,stroke_nan
1462,41.44938229058976,44.1299789612272,3567,3,stroke_nan
1463,22.904642418407004,48.250797535486996,5162,5,text_en_1919
1464,29.542836049751344,33.756129058481115,1954,1,inner_ring
1465,22.9795310892426,36.364473628868446,5381,5,text_en_1919
1466,32.93065655401466,27.178234494076055,1985,1,inner_ring
1467,35.239396903975155,30.19766724508185,1980,1,inner_ring
1468,38.66674971906923,25.963993502883113,2864,2,octagram
1469,35.754111603619776,24.37951656949028,1999,1,inner_ring
1470,43.43955145496835,10.337575614028676,745,0,outer_ring
1471,51.58186757999565,28.84162987329856,2948,2,octagram
1472,51.81002174400381,38.96294099068154,3723,3,stroke_nan
1473,52.36223636973345,42.01263297610832,3664,3,stroke_nan
1474,56.72560394768762,38.356781053517544,4219,4,stroke_kai
1475,55.73856783583536,45.39809201279586,4088,4,stroke_kai
1476,60.49022941022678,47.78515295625,4012,4,stroke_kai
1477,61.86681872558283,48.90118046396424,4003,4,stroke_kai
1478,72.85386969265092,44.47297122160231,3212,2,octagram
1479,66.60232211169232,47.803888675379326,4024,4,stroke_kai
1480,71.28793772720161,46.47764171615122,3218,2,octagram
1481,69.99598812772967,62.96446351206592,2269,2,octagram
1482,78.22535769731083,66.19939162178058,1671,1,inner_ring
1483,70.8155506461774,73.20380317339776,1708,1,inner_ring
1484,45.485944828399035,75.83478906068734,1793,1,inner_ring
1485,46.2298800025926,84.46336947882529,4322,5,text_en_1919
1486,51.3608092402547,88.35438951773543,286,0,outer_ring
1487,50.76486815929099,82.68968349388065,4422,5,text_en_1919
1488,51.84001904756321,90.41465408225254,267,0,outer_ring
1489,55.818926181691396,83.13676861506677,4402,5,text_en_1919
1490,50.87729874622163,70.26935133285703,2440,2,octagram
1491,50.377280917848026,67.85485890526954,2433,2,octagram
1492,52.59187674562489,83.46194853524102,4342,5,text_en_1919
1493,49.92605099590112,75.23792087452894,1777,1,inner_ring
1494,48.04523034352184,75.48334759144969,1786,1,inner_ring
1495,30.87857880577147,59.07436089572472,2600,2,octagram
1496,37.79693530826347,71.66579176869634,1814,1,inner_ring
1497,33.66148928338411,60.9119874190331,2573,2,octagram
1498,51.70401190410984,90.86973130167274,269,0,outer_ring
1499,58.114879343743596,89.53079030965,100,0,outer_ring
1500,60.73368418905764,91.33326687601246,70,0,outer_ring
1501,67.65703818351676,87.02308634056833,4331,5,text_en_1919
1502,59.64686949120593,81.50493242126974,4482,5,text_en_1919
1503,70.48975816826415,84.02146755813665,4449,5,text_en_1919
1504,61.75197552664466,82.05585504111258,4489,5,text_en_1919
1505,72.99132689039328,80.30855480481415,4596,5,text_en_1919
1506,79.77305336261234,70.19014932357929,4786,5,text_en_1919
1507,80.45876893521327,60.414217400710804,1652,1,inner_ring
1508,79.15680081849655,67.69091285047664,4850,5,text_en_1919
1509,83.88754471908352,67.36093230244609,4822,5,text_en_1919
1510,82.55863708747019,51.804390440377375,1628,1,inner_ring
1511,92.05526504867255,54.270250444198794,5015,5,text_en_1919
1512,86.02488028451991,50.119410247305815,5145,5,text_en_1919
1513,82.47089936326722,43.75138258549302,2194,1,inner_ring
1514,90.69826405158568,40.38129822725198,5346,5,text_en_1919
1515,86.97923012277131,42.08088910115209,5321,5,text_en_1919
1516,93.71506097844157,46.47312344530855,5216,5,text_en_1919
1517,88.09682580692022,37.91903268588245,5345,5,text_en_1919
1518,58.76124711299766,40.07563026393038,4194,4,stroke_kai
1519,59.10895733364249,42.08818663929648,4149,4,stroke_kai
1520,59.59515273175096,31.62295986611602,4287,4,stroke_kai
1521,65.8056984486629,32.05330876637038,3086,2,octagram
1522,55.624035626562865,34.79400801657211,4282,4,stroke_kai
1523,60.50867689412213,16.456177358435248,5509,5,text_en_1919
1524,76.02284417545668,33.4719379748064,2163,1,inner_ring
1525,75.94406153911076,40.88965991113451,3182,2,octagram
1526,70.17507130804978,24.505448681058525,2124,1,inner_ring
1527,66.36009333125781,20.50451765049148,2099,1,inner_ring
1528,62.45389901725836,19.298071805957967,2086,1,inner_ring
1529,57.87412190800514,25.603058797777564,2980,2,octagram
1530,56.600653690965565,19.229939766534688,5477,5,text_en_1919
1531,52.24629582060485,16.00396823608336,5548,5,text_en_1919
1532,50.50010080228111,8.676436568525844,942,0,outer_ring
1533,46.252838555916675,8.263179438244242,800,0,outer_ring
1534,46.424243916423514,5.628325136372339,814,0,outer_ring
1535,47.55476308161596,18.13830944407496,5480,5,text_en_1919
1536,48.0498177647564,5.592936816487103,861,0,outer_ring
1537,56.96217491468803,11.886088932256804,5662,5,text_en_1919
1538,56.689740079863064,10.416595128497399,1196,0,outer_ring
1539,55.137214216361826,7.263369441762933,1122,0,outer_ring
1540,51.5809315262287,21.295872529679066,2052,1,inner_ring
1541,49.21368563844762,5.033414010360882,909,0,outer_ring
1542,50.60751245782468,6.3298608328037735,956,0,outer_ring
1543,45.47568581820293,8.548944315938133,778,0,outer_ring
1544,46.424598166252125,7.7812688697352845,804,0,outer_ring
1545,52.891869763621536,7.6407096636749445,1035,0,outer_ring
1546,58.37796926042119,8.793986059402263,1254,0,outer_ring
1547,57.12227415440503,6.939959436536522,1205,0,outer_ring
1548,67.48361591787138,6.8314972459189764,1509,0,outer_ring
1549,61.90518234641699,3.6758309070961164,1351,0,outer_ring
1550,67.07596452713747,3.851178120993868,1479,0,outer_ring
1551,68.5029562895412,6.239029169705838,1530,0,outer_ring
1552,75.44072530381351,22.85648578597853,5417,5,text_en_1919
1553,59.56906579158602,6.058095127398186,1284,0,outer_ring
1554,63.76573570558039,8.342701510446933,1420,0,outer_ring
1555,66.91786594195025,6.662827355230865,1496,0,outer_ring
1556,39.98277358586615,26.509947047773853,2861,2,octagram
1557,38.00080414195446,23.375226682203614,2014,1,inner_ring
1558,85.78942331554055,48.95839880978264,5163,5,text_en_1919
1559,50.94802376623402,90.48701348283056,293,0,outer_ring
1560,47.539478635896096,82.77437847220759,4357,5,text_en_1919
1561,39.423064641421846,88.67702195622564,591,0,outer_ring
1562,50.82122940778641,89.55434703129048,298,0,outer_ring
1563,53.57855204019548,90.57924523048369,217,0,outer_ring
1564,45.68612429687616,88.84125276085376,470,0,outer_ring
1565,47.15611783910407,90.39110387440248,414,0,outer_ring
1566,45.956216734060945,89.99535003113547,460,0,outer_ring
1567,42.22720482699497,73.82161247474264,1801,1,inner_ring
1568,34.86344258083,83.48380923926156,648,0,outer_ring
1569,40.52195546143496,86.09107141109439,589,0,outer_ring
1570,29.311619277854373,76.57386621453215,4665,5,text_en_1919
1571,24.563818915838702,69.05300780577349,4759,5,text_en_1919
1572,23.909761303356813,59.52036004670679,4937,5,text_en_1919
1573,24.729100231397123,58.10397006236898,4943,5,text_en_1919
1574,26.309695972032397,63.233217318681874,4854,5,text_en_1919
1575,22.898173997574325,52.09059248347765,5079,5,text_en_1919
1576,30.08234837791969,59.29644771468809,2607,2,octagram
1577,27.3113371809258,51.04717972023263,1898,1,inner_ring
1578,33.52587829437207,49.81139333172586,2668,2,octagram
1579,32.77489731805958,51.87491611983761,2649,2,octagram
1580,40.98397865284873,49.64498115486299,3466,3,stroke_nan
1581,45.89097366682423,52.43626878061475,3420,3,stroke_nan
1582,39.0532517425578,50.340282552055605,3467,3,stroke_nan
1583,46.7605997887748,54.15537161138174,3387,3,stroke_nan
1584,52.802763306549195,58.962154725637845,3312,3,stroke_nan
1585,69.25906667006016,60.06844933436843,2267,2,octagram
1586,67.97855682037391,55.26193388225246,3892,4,stroke_kai
1587,60.31861667686638,69.74697945852742,2374,2,octagram
1588,65.27589771903949,72.72535653510846,2339,2,octagram
1589,58.127107618571316,67.17265473030608,2395,2,octagram
1590,60.28047244282933,61.39689110944212,3798,4,stroke_kai
1591,52.681756364320364,61.76375843731511,3307,3,stroke_nan
1592,48.89649287989935,51.994845804176194,3434,3,stroke_nan
1593,50.99211086975251,43.942529311675784,3597,3,stroke_nan
1594,54.28318659368926,49.650617243120514,3978,4,stroke_kai
1595,51.58912844951983,41.61754069390963,3665,3,stroke_nan
1596,44.108114083740944,41.18892499276036,3685,3,stroke_nan
1597,40.721344055718674,28.817302698688735,2850,2,octagram
1598,41.789861165557,43.040285802282085,3622,3,stroke_nan
1599,33.26711937542108,35.990158994564496,2771,2,octagram
1600,36.871451382853756,42.193775022032646,3628,3,stroke_nan
1601,30.26124579343036,43.425589815471234,1925,1,inner_ring
1602,30.372062049826134,42.56212446287,1927,1,inner_ring
1603,38.49670389225536,45.40448683661396,3570,3,stroke_nan
1604,40.853151972363676,55.47543311352244,3336,3,stroke_nan
1605,38.4499329616643,42.23953742148391,3606,3,stroke_nan
1606,28.399458993715243,40.388001456882975,1931,1,inner_ring
1607,21.520388315612287,37.37867706000703,5370,5,text_en_1919
1608,34.70872892595184,26.128366586702363,1995,1,inner_ring
1609,35.48237572614197,23.63831582812772,2000,1,inner_ring
1610,41.993621187906676,20.46000898241199,2886,2,octagram
1611,42.919842913995865,22.290894163262237,2885,2,octagram
1612,47.17490663473817,23.679803406292546,2905,2,octagram
1613,49.56833565824543,24.119852815465265,2923,2,octagram
1614,51.604259119638314,36.9430513565046,3747,3,stroke_nan
1615,50.37183380499863,42.96706536820969,3605,3,stroke_nan
1616,52.533518480290205,49.35586583281852,3487,3,stroke_nan
1617,58.17558702362023,41.39690790208456,4165,4,stroke_kai
1618,64.22779950040066,44.37612859729434,4093,4,stroke_kai
1619,61.45643221274954,39.285821022722004,4206,4,stroke_kai
1620,62.22694068792831,36.89971869255458,4227,4,stroke_kai
1621,61.140760432695046,50.663259949908806,3945,4,stroke_kai
1622,76.05970449846208,51.10890658432302,3248,2,octagram
1623,69.93645835213229,62.122914440494405,2266,2,octagram
1624,67.56394483899113,65.57609053721461,2297,2,octagram
1625,72.66787535855558,66.74948708349629,1683,1,inner_ring
1626,46.29734664790966,75.30422856396572,1790,1,inner_ring
1627,43.77819569003861,85.01255078693013,535,0,outer_ring
1628,47.910815183462994,89.57511048804257,388,0,outer_ring
1629,50.129502082186335,87.44229180110344,328,0,outer_ring
1630,54.624240278894284,90.24911528720078,191,0,outer_ring
1631,56.794178410599905,89.83524102860697,138,0,outer_ring
1632,53.84517990746898,87.81583756000536,212,0,outer_ring
1633,55.34017913310453,80.14587300575549,4529,5,text_en_1919
1634,54.714813921899534,77.50764702574884,1760,1,inner_ring
1635,47.90080123231248,71.70756489099655,2461,2,octagram
1636,48.565708594862684,75.98234061062054,1783,1,inner_ring
1637,30.931721604667857,59.190221860202335,2597,2,octagram
1638,31.179374161404752,56.45220041759145,2627,2,octagram
1639,32.219516490778595,59.84620760052595,2585,2,octagram
1640,50.75397353967274,91.64138484596852,295,0,outer_ring
1641,60.220370761718705,91.65412262654314,75,0,outer_ring
1642,62.69942177227661,92.61091944617779,47,0,outer_ring
1643,69.19024706373382,90.60879000286674,7,0,outer_ring
1644,68.19779323356998,81.41395581088788,4531,5,text_en_1919
1645,66.38365193966229,75.3201083207168,1725,1,inner_ring
1646,68.51094326837261,78.27783493821354,4652,5,text_en_1919
1647,74.39067455137489,75.81748846033186,4695,5,text_en_1919
1648,81.6433525832201,71.86401004935007,4720,5,text_en_1919
1649,84.3814403275013,66.10505815920617,4834,5,text_en_1919
1650,80.08055036080809,63.3919606920158,1663,1,inner_ring
1651,85.05208358578868,59.69947494604045,4918,5,text_en_1919
1652,83.45444803873784,57.94663576454642,4930,5,text_en_1919
1653,87.22534018833494,48.5912637842172,5155,5,text_en_1919
1654,83.56482876630855,40.84598039549237,2189,1,inner_ring
1655,83.8711977905551,47.331205353586064,1613,1,inner_ring
1656,81.58385092758598,39.51557365797164,2182,1,inner_ring
1657,92.33707915384532,52.341459164819035,5049,5,text_en_1919
1658,95.65400260382212,41.594320101068455,5302,5,text_en_1919
1659,90.05452329115508,44.39201372950919,5223,5,text_en_1919
1660,55.40634858335165,50.841602992197814,3974,4,stroke_kai
1661,60.80049686822116,33.97395065361588,4268,4,stroke_kai
1662,68.56783565987882,40.73226059859125,4167,4,stroke_kai
1663,62.27903007711116,37.87292477299109,4215,4,stroke_kai
1664,63.96211251236285,23.22355621865373,3011,2,octagram
1665,64.87767634027296,25.14430495353672,3043,2,octagram
1666,74.95094945641274,30.98719309446112,2155,1,inner_ring
1667,74.51338812834149,35.30250509111549,3135,2,octagram
1668,79.8550383038705,34.93746873109033,3152,2,octagram
1669,64.21572241477017,16.104333303197826,5561,5,text_en_1919
1670,62.93494411045187,19.535663067960613,2088,1,inner_ring
1671,58.16684079086063,19.05411363883746,5471,5,text_en_1919
1672,59.91483219454314,14.051228857630937,5643,5,text_en_1919
1673,55.647812614415244,23.93653983808024,2972,2,octagram
1674,54.12458946127045,7.181532622415324,1082,0,outer_ring
1675,48.007527661773516,5.7648569240446195,860,0,outer_ring
1676,49.132941632467436,6.361749119921467,902,0,outer_ring
1677,47.73316669207621,8.27494455158154,836,0,outer_ring
1678,50.83731750806993,6.198947738145586,968,0,outer_ring
1679,52.16039806975978,6.1864545261736295,1010,0,outer_ring
1680,59.572633410023656,8.301581853939323,1295,0,outer_ring
1681,55.57497508247356,11.749695503752708,5663,5,text_en_1919
1682,50.46608715202986,7.517215612060887,945,0,outer_ring
1683,48.9618907883838,4.024162170196213,905,0,outer_ring
1684,49.819065847780344,7.719314473352964,917,0,outer_ring
1685,44.35811970539762,8.606574642139426,762,0,outer_ring
1686,47.50643203315396,12.633777505027103,5674,5,text_en_1919
1687,52.429620556926416,7.060242035716801,1021,0,outer_ring
1688,58.81491958199399,4.563486700491897,1257,0,outer_ring
1689,64.01131087176279,6.904156098891473,1418,0,outer_ring
1690,63.376624800548704,9.010061768540751,1410,0,outer_ring
1691,68.50715960214157,8.168188516542438,1536,0,outer_ring
1692,71.3433377591574,12.873648407664753,5583,5,text_en_1919
1693,71.91160723229116,8.421919096873312,1575,0,outer_ring
1694,70.49332942330119,9.787868784541832,1567,0,outer_ring
1695,63.693394397658686,6.125838760336281,1403,0,outer_ring
1696,66.7274427606696,2.362338247928332,1461,0,outer_ring
1697,64.1600275591683,6.093277139196552,1419,0,outer_ring
1698,48.505268631078366,22.089789108971754,2043,1,inner_ring
1699,40.15407259285705,27.291223596327228,2855,2,octagram
1700,93.35144823940222,48.458330142615225,5123,5,text_en_1919
1701,47.38676836045966,95.39786157822685,380,0,outer_ring
1702,50.08284246091977,91.01029377952457,314,0,outer_ring
1703,44.56429267104402,90.96388439807787,480,0,outer_ring
1704,53.21983431962346,93.75165779626685,222,0,outer_ring
1705,51.29802356801183,91.38836046296176,284,0,outer_ring
1706,47.78325826434262,91.5891261071614,383,0,outer_ring
1707,43.77716826998496,91.3528746778902,498,0,outer_ring
1708,40.75102522637908,89.854978365679,569,0,outer_ring
1709,41.320727273724515,88.68544631493555,563,0,outer_ring
1710,39.310921149779325,72.5429571892419,1809,1,inner_ring
1711,34.89753347072211,74.67361963221737,4700,5,text_en_1919
1712,40.36165028888028,72.13116856052284,2492,2,octagram
1713,31.20024762950681,78.73744423785818,4647,5,text_en_1919
1714,24.377989808061898,70.3531423413102,4744,5,text_en_1919
1715,24.58925209256526,60.111035537993885,4926,5,text_en_1919
1716,28.348843763432246,56.524536991879245,2619,2,octagram
1717,19.769640039652803,50.860191548466325,5094,5,text_en_1919
1718,19.044510781406633,48.6090801736888,5136,5,text_en_1919
1719,31.593435943865753,52.95926611542303,2642,2,octagram
1720,32.17224095080294,40.639209045143296,2724,2,octagram
1721,39.94258838417919,67.62347709681096,2508,2,octagram
1722,43.22305059649936,52.994440192502324,3426,3,stroke_nan
1723,41.00976735567541,66.00467357251127,2512,2,octagram
1724,44.67724017846981,59.63934837495661,3300,3,stroke_nan
1725,53.54068447170064,59.299783303067,3308,3,stroke_nan
1726,52.74657112939375,54.5140293449199,3364,3,stroke_nan
1727,59.790377529925735,54.728664895926194,3896,4,stroke_kai
1728,59.90567215520148,55.23482070113001,3867,4,stroke_kai
1729,58.585741714373036,73.40730141813152,1746,1,inner_ring
1730,64.97788718787956,70.73489965938829,2329,2,octagram
1731,62.752754273292155,70.07407903557535,2362,2,octagram
1732,58.161634244659865,52.934394626070414,3917,4,stroke_kai
1733,61.47366056924168,54.252065925798554,3874,4,stroke_kai
1734,47.31083840772232,50.91305907071935,3438,3,stroke_nan
1735,44.48179648017391,45.70038143146649,3551,3,stroke_nan
1736,48.109799861751846,45.05307415473974,3573,3,stroke_nan
1737,48.19038842397177,46.48421210847883,3541,3,stroke_nan
1738,51.52842471254149,45.07472438608674,3583,3,stroke_nan
1739,40.42696813807939,42.37332452354222,3612,3,stroke_nan
1740,38.88835981817691,43.57719102293003,3595,3,stroke_nan
1741,32.85864595552371,30.772522609878635,1970,1,inner_ring
1742,35.32083606246658,33.12379410935447,2795,2,octagram
1743,26.30384835857754,43.8887906741698,5269,5,text_en_1919
1744,39.975269457995985,46.65358209989433,3558,3,stroke_nan
1745,29.820124585341677,45.0536255881023,1918,1,inner_ring
1746,35.108302289663605,52.60108118980843,2655,2,octagram
1747,24.305907471342078,42.74206172538793,5273,5,text_en_1919
1748,28.721510038125228,40.31168469755674,1932,1,inner_ring
1749,21.953741926037623,34.352785795118365,5387,5,text_en_1919
1750,31.922050080075298,25.959089314914362,1987,1,inner_ring
1751,35.75270750774847,27.655837250752175,1990,1,inner_ring
1752,43.68858265254576,30.793213363571546,2837,2,octagram
1753,43.7637311085796,34.322630950590614,3771,3,stroke_nan
1754,51.20739484876676,27.858265173570235,2944,2,octagram
1755,51.73100084945328,36.78999200020847,3754,3,stroke_nan
1756,49.23771241889435,32.77771559429441,3782,3,stroke_nan
1757,51.565776026593866,38.70306104046621,3726,3,stroke_nan
1758,56.96973260599622,41.489129006435356,4152,4,stroke_kai
1759,58.05167911008344,40.08172559271103,4183,4,stroke_kai
1760,64.23637690588721,44.6134187195374,4086,4,stroke_kai
1761,67.21900113601276,42.247265591406844,4137,4,stroke_kai
1762,65.20728053290561,38.948237441344425,4195,4,stroke_kai
1763,65.11865944197909,47.30218300627963,4038,4,stroke_kai
1764,74.21916679429235,51.92459383107385,3245,2,octagram
1765,73.43565860260895,58.96120052085338,2237,2,octagram
1766,75.88656070905404,52.92955505704455,3256,2,octagram
1767,79.716157154413,61.433621553547866,1655,1,inner_ring
1768,49.93050377503783,80.01925058757853,4517,5,text_en_1919
1769,50.07808200674494,80.74676958287566,4479,5,text_en_1919
1770,57.84478808997736,83.05471583962732,4424,5,text_en_1919
1771,50.866736143028355,91.96143484423284,292,0,outer_ring
1772,57.006916799382346,91.47688285794972,133,0,outer_ring
1773,55.036332504062145,91.41483493339292,176,0,outer_ring
1774,62.93079575538816,79.21931982898599,4589,5,text_en_1919
1775,52.966226826815905,76.271625035716,1764,1,inner_ring
1776,46.48296730892693,71.94930210136403,2464,2,octagram
1777,45.81881837491809,73.38324000287315,2471,2,octagram
1778,39.86215632520238,74.30190955432157,1804,1,inner_ring
1779,27.987710286682123,59.0782352767692,2613,2,octagram
1780,31.85302539060768,59.5652001232025,2591,2,octagram
1781,40.95880944414119,62.6471064370022,2539,2,octagram
1782,59.711509136880075,92.87153861432753,82,0,outer_ring
1783,57.92057719555951,89.99313306432566,104,0,outer_ring
1784,60.10587201700567,94.17899390357853,77,0,outer_ring
1785,65.36728285582804,85.78351145349963,4344,5,text_en_1919
1786,70.3368068903709,90.1759231284632,4,0,outer_ring
1787,70.49272246508076,76.3153422268868,4680,5,text_en_1919
1788,69.49946374880844,80.54797121422743,4566,5,text_en_1919
1789,68.47749484215306,74.11817280279567,1718,1,inner_ring
1790,80.46294768920875,74.40609340969844,4714,5,text_en_1919
1791,75.49182985984343,72.31341072766143,4730,5,text_en_1919
1792,82.42319150096277,70.7762565376794,4760,5,text_en_1919
1793,79.37988908141548,60.446904634013364,2217,2,octagram
1794,81.47392184157613,54.453405860501896,1638,1,inner_ring
1795,81.49897408471571,50.12752811852033,1622,1,inner_ring
1796,83.55535927693167,57.64755285544192,4969,5,text_en_1919
1797,90.36470526504705,56.69068969904154,4948,5,text_en_1919
1798,82.5575239325635,44.97342173765343,2200,1,inner_ring
1799,86.6388956635929,41.6018487229244,5324,5,text_en_1919
1800,95.95429387084396,47.39514451336003,5138,5,text_en_1919
1801,85.23661711946133,43.930713659608834,2196,1,inner_ring
1802,55.95394041619006,47.05719641639647,4034,4,stroke_kai
1803,66.06805060122521,42.464656869133655,4129,4,stroke_kai
1804,63.86276589808388,36.57209722506537,4234,4,stroke_kai
1805,66.6978597247078,29.09862482541105,3068,2,octagram
1806,59.71419909212542,23.651133473821318,2992,2,octagram
1807,64.28684687037477,26.121226047720633,3044,2,octagram
1808,68.45211665603888,29.889284886268097,3078,2,octagram
1809,82.09241672864094,23.306400250858815,5418,5,text_en_1919
1810,64.88837244048918,25.967034140928213,3048,2,octagram
1811,66.79652610164403,21.47796994754274,2102,1,inner_ring
1812,62.82210539287418,16.950831238638248,5504,5,text_en_1919
1813,61.504043213776306,24.497345440052193,2998,2,octagram
1814,58.40539675182095,6.558075351732292,1249,0,outer_ring
1815,53.778925271836954,19.94038047125643,2061,1,inner_ring
1816,51.02611172703563,7.068255676719372,972,0,outer_ring
1817,52.759074270123186,14.527403475150411,5584,5,text_en_1919
1818,47.61359794731862,6.979805514317707,841,0,outer_ring
1819,48.27980943549426,12.719440204188604,5672,5,text_en_1919
1820,49.69797015411708,7.622167491126909,916,0,outer_ring
1821,54.11964160978618,7.282170590676792,1081,0,outer_ring
1822,60.07255554059396,10.071540469221388,1319,0,outer_ring
1823,56.457089779390145,9.477772714622455,1186,0,outer_ring
1824,56.98333419566569,7.785810826520559,1201,0,outer_ring
1825,48.798419422108914,8.039025007387506,880,0,outer_ring
1826,48.37338298521954,5.367538195817169,873,0,outer_ring
1827,47.69495200153436,3.54519845637792,859,0,outer_ring
1828,45.56067237100464,8.400828636828448,783,0,outer_ring
1829,51.02129396468549,4.482007869768425,981,0,outer_ring
1830,57.224388500303334,5.817764766241156,1207,0,outer_ring
1831,59.42451943975026,5.689701014772245,1280,0,outer_ring
1832,65.68625081299089,9.750121722930642,1477,0,outer_ring
1833,62.52294615212843,6.849649064511875,1377,0,outer_ring
1834,61.23181643385021,6.362189083326821,1339,0,outer_ring
1835,70.91864380465921,14.854150251888427,5539,5,text_en_1919
1836,68.79039109676555,9.321102221779267,1548,0,outer_ring
1837,71.48319895265999,7.92761243546426,1571,0,outer_ring
1838,63.998466056795884,6.465586885202765,1415,0,outer_ring
1839,66.75509314796896,6.519969334453309,1487,0,outer_ring
1840,43.96881809405308,18.28610736870581,5494,5,text_en_1919
1841,41.01178733148213,19.799426501411393,5437,5,text_en_1919
1842,94.69570819401281,45.888274689820186,5238,5,text_en_1919
1843,52.41926075983128,92.40164032931852,248,0,outer_ring
1844,45.163288398840095,89.94124184835151,476,0,outer_ring
1845,41.58597311504933,92.97863652653676,536,0,outer_ring
1846,54.54598009403755,89.77862821089452,194,0,outer_ring
1847,50.80262438394473,90.85123948785639,296,0,outer_ring
1848,45.46595442952068,88.82708129920903,475,0,outer_ring
1849,43.70376772409509,89.73804932527649,510,0,outer_ring
1850,40.11863098800672,86.36333890346363,592,0,outer_ring
1851,43.62317720155389,86.26862620364595,533,0,outer_ring
1852,40.744204605502674,88.59329403909958,575,0,outer_ring
1853,30.634798253722444,74.62180062806735,4681,5,text_en_1919
1854,29.786705836185178,80.77451804812874,676,0,outer_ring
1855,25.33602898438045,77.76432417072395,682,0,outer_ring
1856,24.021664993922567,69.43252779055035,4749,5,text_en_1919
1857,24.954764678056172,64.75008628053823,4837,5,text_en_1919
1858,16.880463948860132,59.52270683005608,694,0,outer_ring
1859,27.727382794461985,49.231897107539254,1905,1,inner_ring
1860,27.369034538071165,55.297270957199245,1882,1,inner_ring
1861,32.361387575334255,48.32305064385855,2671,2,octagram
1862,33.981750936616095,55.64809468361554,2581,2,octagram
1863,32.786101721483796,65.4402595082969,1841,1,inner_ring
1864,42.980771801271175,67.84473939296579,2503,2,octagram
1865,40.95888621323736,48.19197469938661,3482,3,stroke_nan
1866,48.11484467532293,56.17532571173818,3345,3,stroke_nan
1867,49.88065513206162,67.31183450978907,2436,2,octagram
1868,55.64096540078867,51.60080521461823,3939,4,stroke_kai
1869,58.93418691327521,58.66244758996503,3812,4,stroke_kai
1870,59.196697053298344,58.60483906111868,3807,4,stroke_kai
1871,55.447377109440424,67.21850866837488,2409,2,octagram
1872,63.23082460540865,72.7419339483595,2351,2,octagram
1873,60.99407636044518,74.74922663183557,1740,1,inner_ring
1874,61.41453512975402,55.239140309073605,3865,4,stroke_kai
1875,62.10694820566118,53.57810402049782,3902,4,stroke_kai
1876,53.14998816617186,54.64225358395695,3346,3,stroke_nan
1877,44.065929271644315,45.33150803267487,3559,3,stroke_nan
1878,49.21934745371884,40.48547767690855,3660,3,stroke_nan
1879,52.76032707428986,54.38376215672856,3369,3,stroke_nan
1880,47.84665123025825,38.65216798641498,3706,3,stroke_nan
1881,44.33096422115563,37.873068769171454,3722,3,stroke_nan
1882,37.71930607702199,33.246794917220235,2806,2,octagram
1883,29.99781808292724,35.355122905470516,2754,2,octagram
1884,30.43230267780333,37.029250681552874,2743,2,octagram
1885,26.3067748152175,37.271456234587134,5363,5,text_en_1919
1886,32.070757279986324,41.06771463722826,2722,2,octagram
1887,40.1626323855462,42.01519482434904,3645,3,stroke_nan
1888,42.29671395302025,52.37058059483439,3396,3,stroke_nan
1889,27.7186205131158,38.799468478160506,1936,1,inner_ring
1890,21.68128039146754,34.05375400977984,5395,5,text_en_1919
1891,28.944441913330948,27.122748150727983,5404,5,text_en_1919
1892,31.856912726569686,22.791761331816257,5425,5,text_en_1919
1893,43.1488493949971,22.983075791872807,2887,2,octagram
1894,40.45135901439115,27.090110741247287,2857,2,octagram
1895,44.84246860880066,19.661829161318945,2030,1,inner_ring
1896,50.59500583161238,27.521822761807353,2940,2,octagram
1897,54.514102996076446,29.772927571684072,2954,2,octagram
1898,52.23869743674032,36.8986649627216,3751,3,stroke_nan
1899,55.62569516174758,41.42074971766096,4154,4,stroke_kai
1900,56.83779260956293,45.21798697768948,4071,4,stroke_kai
1901,54.9583895802435,42.089319109325785,4133,4,stroke_kai
1902,68.25085076300672,42.70790455170588,4138,4,stroke_kai
1903,67.92632812558968,46.83456205415041,4056,4,stroke_kai
1904,77.02803647895536,35.3679561384279,3148,2,octagram
1905,72.8424806210032,47.962765941345246,3226,2,octagram
1906,73.74911237838678,51.316199259248435,3246,2,octagram
1907,73.51012209172816,53.54447936368544,3251,2,octagram
1908,70.63592832151544,60.73756452251898,2255,2,octagram
1909,66.50409285170635,71.95011310790515,2331,2,octagram
1910,48.47529459597936,74.46829052164568,1785,1,inner_ring
1911,47.977762491142386,82.40592664862535,4393,5,text_en_1919
1912,52.12485712120683,88.35155863320975,263,0,outer_ring
1913,48.87035667538117,89.77605979339386,357,0,outer_ring
1914,60.88995476019946,83.73374608645939,4414,5,text_en_1919
1915,55.74042283094302,91.54950416190077,157,0,outer_ring
1916,58.26866488202347,83.59677781441998,4413,5,text_en_1919
1917,54.321459134854,82.94076197254638,4384,5,text_en_1919
1918,50.561400307273,81.48719695270064,4445,5,text_en_1919
1919,50.49654341732438,80.56441170943047,4493,5,text_en_1919
1920,50.26108078938922,88.28469151093454,318,0,outer_ring
1921,27.549541057524845,60.16681122579365,1870,1,inner_ring
1922,39.49268433427949,66.06916608939845,2514,2,octagram
1923,28.730144130393807,66.20139906907677,4807,5,text_en_1919
1924,60.789856109028094,91.2629516141339,69,0,outer_ring
1925,57.36869826193466,88.57968293594568,118,0,outer_ring
1926,69.61843155778364,87.28682495302556,4356,5,text_en_1919
1927,66.01201178101971,89.51055629757047,22,0,outer_ring
1928,66.10231487244637,75.80181750566948,1726,1,inner_ring
1929,67.69747752320146,79.31260676954932,4590,5,text_en_1919
1930,69.56358224343649,83.27221365374481,4461,5,text_en_1919
1931,76.92567331869478,77.56351141144029,4661,5,text_en_1919
1932,71.88948737999493,68.93311578906753,1692,1,inner_ring
1933,77.07287929771925,71.8359013942857,4769,5,text_en_1919
1934,82.71887030412017,60.59381294167223,4909,5,text_en_1919
1935,79.13336729797877,59.89820649693774,2216,2,octagram
1936,83.22257308036046,55.058574641858925,1639,1,inner_ring
1937,83.88503544634752,48.419807715504966,1618,1,inner_ring
1938,86.65397276387617,47.58287712516332,5181,5,text_en_1919
1939,84.6555335339455,54.047775726534134,5035,5,text_en_1919
1940,86.23540354198792,52.78102301874886,5058,5,text_en_1919
1941,90.59653400304965,36.7809383301601,5351,5,text_en_1919
1942,92.83034667667197,36.48629366910972,5377,5,text_en_1919
1943,82.5250432941946,38.80158930037309,2180,1,inner_ring
1944,62.71861324039366,54.07223274736491,3883,4,stroke_kai
1945,62.06479728912821,36.112140580704875,4248,4,stroke_kai
1946,60.04663923771074,38.76236858779536,4210,4,stroke_kai
1947,71.61331154850072,32.938873086078004,3114,2,octagram
1948,56.77461215350302,24.324482740437638,2978,2,octagram
1949,70.09377119376359,33.44934471132178,3109,2,octagram
1950,71.7345593343014,24.69776030945545,2128,1,inner_ring
1951,81.5356812309094,37.548747330442716,2174,1,inner_ring
1952,65.4546126962161,29.206872734947627,3066,2,octagram
1953,66.60293336763502,15.838231117210857,5568,5,text_en_1919
1954,61.51741697595122,7.507256347068584,1356,0,outer_ring
1955,56.91211126264139,8.11952692652345,1199,0,outer_ring
1956,60.59359834672242,15.773309929192369,5581,5,text_en_1919
1957,54.5518603204386,16.03776817968026,5520,5,text_en_1919
1958,60.56459467422244,22.64824310064413,3000,2,octagram
1959,48.173908376463835,18.5604642968628,5463,5,text_en_1919
1960,48.805703836705916,6.1359521881145085,891,0,outer_ring
1961,39.69799032336735,9.371659526288882,729,0,outer_ring
1962,52.98807662342194,7.283304944401458,1039,0,outer_ring
1963,48.11575032053817,8.703785249263628,852,0,outer_ring
1964,51.34865843452302,5.580359784710492,987,0,outer_ring
1965,55.89785907925651,9.036218820515709,1163,0,outer_ring
1966,57.108815155876584,12.176311357419209,5659,5,text_en_1919
1967,47.23537942417259,5.72612306487665,832,0,outer_ring
1968,48.452651674674165,8.043975474229113,864,0,outer_ring
1969,54.026270592169105,7.665136725169977,1079,0,outer_ring
1970,44.970935164341,5.962819285901771,780,0,outer_ring
1971,56.3970597936318,6.172815991880944,1179,0,outer_ring
1972,57.468977962374254,8.215953567497387,1223,0,outer_ring
1973,59.66275650397692,6.785659461947915,1291,0,outer_ring
1974,61.87429318795279,8.961031171018885,1370,0,outer_ring
1975,63.11274814775606,5.86294687787426,1388,0,outer_ring
1976,65.08455476597392,5.927963578309474,1440,0,outer_ring
1977,84.21055875628642,20.899354852779542,1611,0,outer_ring
1978,66.59180914132217,8.888338365963543,1502,0,outer_ring
1979,64.65571330859485,6.541582223220245,1433,0,outer_ring
1980,64.6741387357025,7.526273459379997,1437,0,outer_ring
1981,61.28038452369646,6.357953380065586,1343,0,outer_ring
1982,32.289237991789456,20.90875711062187,5427,5,text_en_1919
1983,40.41074923614146,34.41779643149098,2817,2,octagram
1984,89.53586015459662,40.43855406831877,5332,5,text_en_1919
1985,53.437138014504164,92.50896397359104,218,0,outer_ring
1986,46.12269846247035,89.8999631805555,455,0,outer_ring
1987,46.08960869688855,91.62953848137774,448,0,outer_ring
1988,47.51102353049182,90.69066851454507,400,0,outer_ring
1989,51.921344088227784,91.93185769636646,260,0,outer_ring
1990,47.14896600035402,90.73159635625687,411,0,outer_ring
1991,44.38227371935694,89.30715396739475,495,0,outer_ring
1992,42.814166056314875,88.20930224684848,538,0,outer_ring
1993,41.83922515552654,88.48088799662301,554,0,outer_ring
1994,37.35456185569076,87.57563472141466,619,0,outer_ring
1995,30.59282882067098,83.77068552058545,666,0,outer_ring
1996,38.67141736885844,73.3773101107209,1810,1,inner_ring
1997,23.81864881549498,67.15635780669338,4774,5,text_en_1919
1998,25.929285167831537,65.98434112483635,4806,5,text_en_1919
1999,24.246641233989934,61.03996662405903,4914,5,text_en_1919
2000,21.203528390555594,57.45342397817866,4974,5,text_en_1919
2001,23.21390197439601,49.103033476060105,5125,5,text_en_1919
2002,23.62517227331149,52.168582914372564,5075,5,text_en_1919
2003,30.442596137886238,54.33376287908601,2636,2,octagram
2004,29.92631068589528,55.42449692719028,2628,2,octagram
2005,31.833997937931137,51.22583309248421,2648,2,octagram
2006,41.87592965442674,51.72026306703792,3411,3,stroke_nan
2007,35.58505716470683,58.39029728214584,2567,2,octagram
2008,45.63498099303947,61.14963988268863,3291,3,stroke_nan
2009,47.81175696350266,54.63545892553392,3381,3,stroke_nan
2010,55.205595823536214,66.05323034127025,2410,2,octagram
2011,57.939899267293335,55.53898092964269,3869,4,stroke_kai
2012,60.789756028974665,58.445272786205045,3827,4,stroke_kai
2013,60.84267391617616,58.737324603083664,3811,4,stroke_kai
2014,57.70610514573569,75.72379357940733,1749,1,inner_ring
2015,60.065489938230684,70.55740735432195,2372,2,octagram
2016,60.307877639249426,60.97490187953981,3800,4,stroke_kai
2017,55.77360360475117,47.81225945938537,4001,4,stroke_kai
2018,52.391799986537855,43.573081189810146,3608,3,stroke_nan
2019,46.190417133301786,38.44676853035633,3718,3,stroke_nan
2020,48.475407124205525,42.776776103002035,3638,3,stroke_nan
2021,50.3689092792528,50.19161356085176,3464,3,stroke_nan
2022,46.28508608560241,36.295239564091105,3758,3,stroke_nan
2023,43.40350214950279,42.67908829395904,3630,3,stroke_nan
2024,36.63695853322354,31.87603331947245,2805,2,octagram
2025,34.6944921959963,36.20190528590568,2783,2,octagram
2026,30.167259819684013,39.17352343993761,2736,2,octagram
2027,23.931676856598866,41.906941437658084,5291,5,text_en_1919
2028,31.632688384407956,40.313089642608034,2725,2,octagram
2029,36.32366876509745,52.55991704265533,3454,3,stroke_nan
2030,37.190936816297544,53.352950998724815,3399,3,stroke_nan
2031,29.356806756034615,36.820835943636766,2749,2,octagram
2032,29.409508467678346,33.637420472792726,1955,1,inner_ring
2033,22.187529656870087,43.815169886996685,5282,5,text_en_1919
2034,26.32280901122748,23.691277857272496,5421,5,text_en_1919
2035,39.48456587383992,9.265538297824802,727,0,outer_ring
2036,44.69875357117584,22.693277903810653,2895,2,octagram
2037,45.24336709777946,33.36421947084407,3775,3,stroke_nan
2038,45.616692524170496,21.140341385845947,2032,1,inner_ring
2039,55.732228065000285,25.84230292348309,2968,2,octagram
2040,52.51154736835666,28.028570467267265,2951,2,octagram
2041,51.02478282792166,34.57606638606952,3773,3,stroke_nan
2042,50.89729636641558,46.687336480680045,3537,3,stroke_nan
2043,59.43843999291022,47.57483376442344,4022,4,stroke_kai
2044,59.65396630691009,51.952510144997504,3943,4,stroke_kai
2045,62.94156086164134,52.400261188976664,3911,4,stroke_kai
2046,73.97261491280554,43.91739662195029,3201,2,octagram
2047,71.17897917516923,46.65558853458936,3221,2,octagram
2048,76.40971807741384,58.4330248103659,2223,2,octagram
2049,75.9047474868584,49.961345668391075,3244,2,octagram
2050,70.72148465923655,77.73193269746807,4666,5,text_en_1919
2051,63.88970408590738,73.96093744005051,2350,2,octagram
2052,49.634890189800096,74.07796148680362,1779,1,inner_ring
2053,43.79042200101838,72.59481216686159,2485,2,octagram
2054,53.77532813528005,91.23203021846406,210,0,outer_ring
2055,55.54124202514996,83.80456053497822,4343,5,text_en_1919
2056,56.84928308538006,90.69135685504642,137,0,outer_ring
2057,54.686017435514174,84.63023169121217,4319,5,text_en_1919
2058,55.78014133395928,84.63767871004319,4302,5,text_en_1919
2059,54.4732136991118,80.11109572462216,4523,5,text_en_1919
2060,53.39550975855915,79.72227840681354,4541,5,text_en_1919
2061,43.30048081286204,70.4293859739196,2496,2,octagram
2062,48.16472476649278,71.77126928880843,2457,2,octagram
2063,37.08381933758459,71.65841466911569,1815,1,inner_ring
2064,27.947214880621438,62.73207352246024,4859,5,text_en_1919
2065,32.33870765027561,66.68019073659403,1838,1,inner_ring
2066,54.36262064706502,91.75542093273143,197,0,outer_ring
2067,60.61439213227922,91.08976059210977,72,0,outer_ring
2068,59.30619462593424,88.25771960629686,83,0,outer_ring
2069,70.83012511395509,85.99197942934954,4387,5,text_en_1919
2070,65.466022827791,89.61735428841602,26,0,outer_ring
2071,72.22015930248492,81.43626401738419,4503,5,text_en_1919
2072,71.49139594487234,79.39979942868065,4600,5,text_en_1919
2073,74.65276830081105,77.0636038926374,4687,5,text_en_1919
2074,74.18505061643731,71.33785827995005,1691,1,inner_ring
2075,77.97080574802554,64.04203306197823,1665,1,inner_ring
2076,75.44322972232003,65.74623547712753,1673,1,inner_ring
2077,86.93005208817883,57.44624665962475,4959,5,text_en_1919
2078,87.28565241581461,58.08711268335769,4944,5,text_en_1919
2079,86.98664706608959,53.310773544125915,5046,5,text_en_1919
2080,88.53700539569073,52.52269241608114,5047,5,text_en_1919
2081,89.72323392303436,47.034294595205395,5175,5,text_en_1919
2082,89.20384465345433,53.496743765323714,5016,5,text_en_1919
2083,93.72104895225966,51.3309166233974,5081,5,text_en_1919
2084,88.14307733888619,45.258632105802405,5220,5,text_en_1919
2085,86.93958920475308,53.91359505598531,5036,5,text_en_1919
2086,62.8099881311203,42.35252991798915,4142,4,stroke_kai
2087,59.2113029719177,46.849406439587,4028,4,stroke_kai
2088,66.8790404304882,30.090549604630578,3076,2,octagram
2089,70.00188239714252,35.13672172723088,3111,2,octagram
2090,66.17127940239082,31.066863645570525,3081,2,octagram
2091,65.35067733893669,22.570513280130946,3028,2,octagram
2092,80.75600780009445,29.64271664421646,5400,5,text_en_1919
2093,71.84411801605305,28.73604609728016,2140,1,inner_ring
2094,71.4161818516847,33.95685085369238,3117,2,octagram
2095,69.12418481201588,25.3395375451242,2120,1,inner_ring
2096,64.87976186158177,14.04666629087055,5582,5,text_en_1919
2097,61.809939029396766,17.407222480543755,5484,5,text_en_1919
2098,59.59638211610388,5.360719618072428,1282,0,outer_ring
2099,53.95483970629245,21.04243802862162,2064,1,inner_ring
2100,60.81665701820936,25.270336803291105,2991,2,octagram
2101,45.14083308464553,6.927332576160199,779,0,outer_ring
2102,47.96537996417876,8.621891765028991,844,0,outer_ring
2103,45.692051362380454,10.255145695162433,774,0,outer_ring
2104,48.56245422208448,3.0156837241571166,894,0,outer_ring
2105,48.0242136262542,15.46996696273887,5592,5,text_en_1919
2106,57.46103911835826,6.832113977233967,1219,0,outer_ring
2107,56.36323824301854,4.6820668776454415,1174,0,outer_ring
2108,51.86525759148646,7.550070920081083,998,0,outer_ring
2109,47.056805278339226,13.96491545846681,5628,5,text_en_1919
2110,48.84482662630466,9.692450288987018,872,0,outer_ring
2111,49.762762728798045,3.6060416525786074,930,0,outer_ring
2112,50.60815147021602,13.150339643419661,5620,5,text_en_1919
2113,56.62330611416322,7.114870138783463,1188,0,outer_ring
2114,56.01131375092266,7.983747834814111,1166,0,outer_ring
2115,53.912607889122064,10.06768260215906,1073,0,outer_ring
2116,58.93967307619201,7.035807398126573,1269,0,outer_ring
2117,63.42126801234311,4.867913059964176,1392,0,outer_ring
2118,69.74467384787499,13.148055659741727,5639,5,text_en_1919
2119,71.57600625789962,8.128448181032299,1572,0,outer_ring
2120,76.61954366665383,10.406243772512335,1603,0,outer_ring
2121,66.00483157610293,6.314806965261907,1466,0,outer_ring
2122,61.6935815913135,4.4521471612961685,1347,0,outer_ring
2123,62.901167795655425,7.618717839606296,1389,0,outer_ring
2124,40.398646326701744,10.896180047580245,731,0,outer_ring
2125,40.93622431768666,23.683577089568303,2880,2,octagram
2126,82.95827195108507,38.6165057672037,2178,1,inner_ring
2127,53.222254985369,90.6324163789146,230,0,outer_ring
2128,45.7139086946701,90.18048551635695,462,0,outer_ring
2129,43.822713800846714,86.99547460206006,525,0,outer_ring
2130,55.23508124446761,94.44534773646045,171,0,outer_ring
2131,51.31062075238854,91.55160853907732,283,0,outer_ring
2132,43.45305669412274,90.126400956415,514,0,outer_ring
2133,41.900250655918406,89.9385807448745,546,0,outer_ring
2134,41.081932226263774,86.59418991261835,579,0,outer_ring
2135,38.281167988877485,87.23473892715549,608,0,outer_ring
2136,38.549045966523856,87.86741065711456,603,0,outer_ring
2137,40.7127839036989,73.14598824808239,1803,1,inner_ring
2138,30.901698256859866,72.03498690587409,4716,5,text_en_1919
2139,24.430207106673823,64.44580049493844,4844,5,text_en_1919
2140,23.207788957310523,61.64165104247138,4893,5,text_en_1919
2141,22.43310224082647,58.29303635948691,4961,5,text_en_1919
2142,18.738413195326874,62.974803443763435,4875,5,text_en_1919
2143,13.144435994583333,54.382985645367384,696,0,outer_ring
2144,22.534249989299212,51.20558321798868,5092,5,text_en_1919
2145,28.731954906157565,47.172161242725345,1913,1,inner_ring
2146,29.487161167069136,51.05071140498021,1897,1,inner_ring
2147,37.68653462398481,69.85023795146678,1816,1,inner_ring
2148,33.24381981957341,51.65984775577754,2652,2,octagram
2149,41.176904940422325,63.30456912131917,2531,2,octagram
2150,44.64702916455077,53.555207317661555,3384,3,stroke_nan
2151,53.08460757801947,55.32254285638308,3339,3,stroke_nan
2152,47.73021072872236,70.5412985076132,2456,2,octagram
2153,60.764817835020466,46.071773805402266,4072,4,stroke_kai
2154,63.623561015503945,57.01787642068759,3845,4,stroke_kai
2155,64.98079815062367,59.03285593889538,3829,4,stroke_kai
2156,61.63761054731114,71.60548343939243,2363,2,octagram
2157,55.624928636202206,65.53653018906833,2411,2,octagram
2158,56.82469583336526,54.00632389378625,3878,4,stroke_kai
2159,55.97176116958514,51.252229627703855,3958,4,stroke_kai
2160,52.5240336023186,49.87398854034949,3472,3,stroke_nan
2161,45.32634201329655,33.75623520969372,3767,3,stroke_nan
2162,45.73442629152605,42.472599096509164,3651,3,stroke_nan
2163,51.083137200992354,46.133896214017746,3542,3,stroke_nan
2164,45.52583189749586,35.611127692572815,3768,3,stroke_nan
2165,42.59571126342344,28.647083182288707,2851,2,octagram
2166,42.071769675662544,47.144430614203216,3525,3,stroke_nan
2167,30.24760342553059,35.02644365122172,2757,2,octagram
2168,32.97071425993622,31.19030490298051,1968,1,inner_ring
2169,21.80852960881551,42.222143316125894,5295,5,text_en_1919
2170,37.66968767003426,44.67266477065618,3591,3,stroke_nan
2171,33.82016384720642,46.903299006783676,2685,2,octagram
2172,38.46353435234281,49.86318860442209,3476,3,stroke_nan
2173,22.163921413504276,45.08139168295765,5277,5,text_en_1919
2174,22.99353673248349,42.19476198771977,5300,5,text_en_1919
2175,27.602931178711327,36.254234150234886,5369,5,text_en_1919
2176,34.007234996740486,25.68894214412887,1991,1,inner_ring
2177,35.55823735793677,16.426077623651828,5573,5,text_en_1919
2178,43.59717080015212,23.10410267112854,2890,2,octagram
2179,43.25113383746783,22.483173602798296,2888,2,octagram
2180,51.44863960466593,34.91346090167815,3769,3,stroke_nan
2181,49.78988784249198,22.465108514787424,2047,1,inner_ring
2182,57.00882768131332,27.521188646459702,2970,2,octagram
2183,54.658748344747,36.89109348983519,4251,4,stroke_kai
2184,55.42305427004997,49.532101626405314,3983,4,stroke_kai
2185,59.008491301792354,39.52831568167611,4192,4,stroke_kai
2186,59.777066979465154,43.50519711106421,4121,4,stroke_kai
2187,73.29947054230414,50.27182582264128,3237,2,octagram
2188,77.08861651203897,40.60905285584695,3177,2,octagram
2189,75.9692671945906,40.729391234293224,3181,2,octagram
2190,73.84574680791943,49.994136664980935,3236,2,octagram
2191,79.99367561794386,58.487128722548114,3287,2,octagram
2192,72.7035417129097,56.344181087025845,2236,2,octagram
2193,64.62163045957377,69.77460599984836,2325,2,octagram
2194,52.270896224775534,86.42420052235934,262,0,outer_ring
2195,50.26816341508764,90.70578370391937,310,0,outer_ring
2196,51.547939609035026,86.5077895647824,285,0,outer_ring
2197,53.07751976772213,89.70978031775026,235,0,outer_ring
2198,57.013789305710986,92.98312746601447,135,0,outer_ring
2199,62.66426513029365,92.03405290464562,46,0,outer_ring
2200,55.09841257326069,78.26674016827867,4572,5,text_en_1919
2201,53.29425276075787,80.79048478640621,4474,5,text_en_1919
2202,62.74821322660899,79.14944105252532,4610,5,text_en_1919
2203,54.36509459279601,75.09554520549612,1761,1,inner_ring
2204,45.63464186427193,75.65883721693234,1792,1,inner_ring
2205,25.696466881420243,64.97357758073754,4815,5,text_en_1919
2206,31.005362943794868,64.95531881184009,1846,1,inner_ring
2207,36.23872401974216,59.803104181385095,2561,2,octagram
2208,54.10786482718192,82.68382314677197,4407,5,text_en_1919
2209,57.08233612050642,92.51488809082255,131,0,outer_ring
2210,60.765532533458085,91.97614101207267,71,0,outer_ring
2211,63.60302810053359,88.3791480609396,34,0,outer_ring
2212,71.61472968892316,87.35449548930788,4382,5,text_en_1919
2213,65.70856038373972,80.0488047086554,4611,5,text_en_1919
2214,70.71207453389555,82.84584661841208,4472,5,text_en_1919
2215,78.47854543117604,79.15156354703527,4659,5,text_en_1919
2216,71.23129811337495,74.48948720593867,1711,1,inner_ring
2217,83.50127031556907,67.5850797180647,4814,5,text_en_1919
2218,80.42477147208957,57.45364537839791,3285,2,octagram
2219,80.3244400850276,65.02331773790935,4856,5,text_en_1919
2220,79.32819283094082,57.18296742717321,3281,2,octagram
2221,84.09164701279441,54.42078959306542,5040,5,text_en_1919
2222,86.92276690466157,62.148142361339765,4877,5,text_en_1919
2223,81.66138502797195,24.4753618190509,5413,5,text_en_1919
2224,90.72581234166795,51.99989103561216,5043,5,text_en_1919
2225,94.19604161021694,60.372708323312686,4901,5,text_en_1919
2226,96.55970208922933,46.722249176731545,5207,5,text_en_1919
2227,94.88185425540208,50.34079037171489,5088,5,text_en_1919
2228,63.164521024894704,41.815269168330055,4155,4,stroke_kai
2229,64.99867012104492,41.406831554538364,4162,4,stroke_kai
2230,62.484206558353435,40.20158911315214,4185,4,stroke_kai
2231,76.58728455006641,36.81039028553977,3146,2,octagram
2232,64.88156322134846,27.53902407779718,3059,2,octagram
2233,64.49897667920766,35.31747484746748,4264,4,stroke_kai
2234,73.51929804368156,33.25211339477143,3129,2,octagram
2235,76.75268485382074,29.9061553498646,2156,1,inner_ring
2236,63.19835457795619,24.446090565267504,3006,2,octagram
2237,67.08311525194783,24.221785649178788,2110,1,inner_ring
2238,64.64288054783727,21.477497402661836,3017,2,octagram
2239,61.22473525292365,18.690654333188107,2081,1,inner_ring
2240,60.290131392147295,16.038052886880823,5555,5,text_en_1919
2241,57.662497087965754,13.193155249307539,5649,5,text_en_1919
2242,50.80305679099906,16.597861640983403,5536,5,text_en_1919
2243,54.85472093454926,10.53725224411035,1114,0,outer_ring
2244,50.83441753181178,8.172728461524553,961,0,outer_ring
2245,46.23163910746107,10.370652471708262,789,0,outer_ring
2246,52.12853774736826,8.143957763924833,1006,0,outer_ring
2247,52.21335698563733,15.200317975674839,5570,5,text_en_1919
2248,55.51888775152968,10.770142518618911,1145,0,outer_ring
2249,54.75549661470853,4.310345628784172,1106,0,outer_ring
2250,51.70955148668828,6.132925867025517,995,0,outer_ring
2251,49.9218687890864,18.201035643895327,5496,5,text_en_1919
2252,42.83242278013987,7.874574399876427,747,0,outer_ring
2253,48.137047485500645,5.003296786403591,866,0,outer_ring
2254,46.17459543367344,10.04781303699095,790,0,outer_ring
2255,59.54512952986628,7.223697571467275,1289,0,outer_ring
2256,53.77691791830184,7.585367706052236,1071,0,outer_ring
2257,60.40479759748684,3.8352363527557425,1306,0,outer_ring
2258,60.76375608443281,6.6727668359316885,1327,0,outer_ring
2259,64.2140476711347,4.252896563464969,1411,0,outer_ring
2260,73.73810032805278,10.19489628875272,1592,0,outer_ring
2261,70.79614186098875,15.763347839780124,5518,5,text_en_1919
2262,76.90589795190506,12.922815810032612,1607,0,outer_ring
2263,63.7145987638161,2.7156875545788077,1390,0,outer_ring
2264,66.49543624649864,7.21967567991516,1485,0,outer_ring
2265,67.25329262925978,8.217781842470888,1515,0,outer_ring
2266,43.80667649098724,16.26915395441504,5526,5,text_en_1919
2267,37.49578750685759,23.67464976189606,2009,1,inner_ring
2268,81.12654188584314,46.48423001439013,2207,1,inner_ring
2269,50.34161755813739,92.78236989558323,304,0,outer_ring
2270,48.55146838014566,90.83427629105124,366,0,outer_ring
2271,47.047645977180295,89.61139190932158,423,0,outer_ring
2272,57.32297932424308,91.25137170558723,124,0,outer_ring
2273,50.2906188948737,90.12858269418318,311,0,outer_ring
2274,46.28203096269438,91.0310266396397,446,0,outer_ring
2275,43.39157173931642,91.36330251882738,508,0,outer_ring
2276,40.77213386968143,85.92092901508938,586,0,outer_ring
2277,44.20209849365708,81.62320460488324,4439,5,text_en_1919
2278,39.79298035909624,85.03098964557833,599,0,outer_ring
2279,33.50011234184187,70.02577429598605,1828,1,inner_ring
2280,30.893227862859437,81.1066319725937,671,0,outer_ring
2281,25.33738978234081,71.09879254543567,4728,5,text_en_1919
2282,23.06280039209791,64.89545010470252,4838,5,text_en_1919
2283,26.96608781554394,71.78742737072606,4723,5,text_en_1919
2284,22.00397725143724,58.648714029300436,4968,5,text_en_1919
2285,18.486490250190585,48.9083667326436,5127,5,text_en_1919
2286,24.59121689710482,49.26476475143189,5119,5,text_en_1919
2287,21.566379159954064,47.92111690711667,5189,5,text_en_1919
2288,32.18260353008601,49.92729535679663,2664,2,octagram
2289,35.230825264724196,48.016343934550555,2678,2,octagram
2290,40.18334034481119,52.56163361458908,3405,3,stroke_nan
2291,43.73820236911585,51.27756085532593,3437,3,stroke_nan
2292,46.534871147945246,59.55728522058364,3296,3,stroke_nan
2293,48.03748704664035,50.8226274328725,3450,3,stroke_nan
2294,48.81623467667615,56.512843994901615,3338,3,stroke_nan
2295,56.76712585098015,55.4778690950377,3864,4,stroke_kai
2296,59.621022293100765,51.80948631266986,3942,4,stroke_kai
2297,59.97159232651681,61.77324482066989,3794,4,stroke_kai
2298,62.079854674591395,72.450109077117,2359,2,octagram
2299,62.231966992395456,61.92216633405999,3795,4,stroke_kai
2300,58.69915880497955,53.1711671092071,3908,4,stroke_kai
2301,57.62927106043056,47.864702945137765,4025,4,stroke_kai
2302,50.795659685649085,49.43544346390926,3493,3,stroke_nan
2303,45.610995700908425,43.35174374229728,3613,3,stroke_nan
2304,49.293496371159435,47.47885813249182,3547,3,stroke_nan
2305,51.26935225613806,48.61415016086341,3504,3,stroke_nan
2306,41.47159278069206,42.36313653270212,3634,3,stroke_nan
2307,39.935478085231445,43.24285871643424,3600,3,stroke_nan
2308,34.067702207813966,29.4366471153523,1978,1,inner_ring
2309,32.742187646020504,33.93712589825785,2772,2,octagram
2310,29.127188047340503,35.1115267468018,2751,2,octagram
2311,25.935961450815856,38.400151744185244,5360,5,text_en_1919
2312,32.31209722938485,45.203032688834284,2699,2,octagram
2313,36.570832375264914,44.951289435661664,3581,3,stroke_nan
2314,38.08735033921021,47.755457908222084,3511,3,stroke_nan
2315,18.736166235615237,40.57076017835954,5313,5,text_en_1919
2316,22.21576323130728,36.56270617124335,5384,5,text_en_1919
2317,30.70079606566803,38.17880573084534,2737,2,octagram
2318,29.68469898122168,34.95011833524804,2753,2,octagram
2319,39.367741391322966,25.40416878449337,2867,2,octagram
2320,38.220602432963034,13.562743440007711,5632,5,text_en_1919
2321,46.11914383574601,26.419150463064046,2907,2,octagram
2322,47.86011776432036,26.52975288915697,2920,2,octagram
2323,49.83756974921589,34.67941455176759,3774,3,stroke_nan
2324,52.06865868284225,35.22162269488103,3762,3,stroke_nan
2325,59.65715791914568,31.745000737457225,4286,4,stroke_kai
2326,57.37696049820073,39.54382101331877,4214,4,stroke_kai
2327,54.311734355808916,38.52266278565502,4233,4,stroke_kai
2328,59.35737075211091,44.99259551597402,4097,4,stroke_kai
2329,78.53949932183762,40.61401406247972,3174,2,octagram
2330,71.89013889773844,45.715513474007146,3215,2,octagram
2331,62.989814819261376,42.552802915286506,4131,4,stroke_kai
2332,75.59452010599261,51.96749619414101,3250,2,octagram
2333,70.27176426706492,60.72981965603628,2260,2,octagram
2334,73.20049877240214,66.79056540778258,1682,1,inner_ring
2335,66.64471421095722,68.10438978710805,2314,2,octagram
2336,51.15563112113805,83.22547586507484,4338,5,text_en_1919
2337,47.93324654035136,81.16312560041082,4457,5,text_en_1919
2338,48.30096104426816,91.77372245584718,369,0,outer_ring
2339,54.685149954915744,90.79467535056835,188,0,outer_ring
2340,57.44067902195768,90.49094246835469,120,0,outer_ring
2341,63.136874503500785,85.0362614150609,4340,5,text_en_1919
2342,57.269146462554424,72.47631007151628,1750,1,inner_ring
2343,53.25239083506533,78.92940966697631,4560,5,text_en_1919
2344,50.29873293211866,88.32473632372773,316,0,outer_ring
2345,53.771985554036924,91.72117909024061,209,0,outer_ring
2346,47.78839699611035,78.06090168389416,4625,5,text_en_1919
2347,29.748581153588045,62.13026286494119,1857,1,inner_ring
2348,29.978677699409367,65.73478256742686,4813,5,text_en_1919
2349,42.74372036280438,70.90689928958163,2493,2,octagram
2350,53.358258943911785,90.23041670650171,226,0,outer_ring
2351,54.75279992410748,90.842713487371,185,0,outer_ring
2352,60.14758830173152,90.40296441903361,73,0,outer_ring
2353,62.23092807954421,87.30438422765742,4303,5,text_en_1919
2354,68.89733247912336,83.97306993620394,4455,5,text_en_1919
2355,69.46817607059296,80.32825027416138,4573,5,text_en_1919
2356,67.38033913671855,76.84582945234175,4663,5,text_en_1919
2357,69.69215471060971,73.97507036523656,1716,1,inner_ring
2358,78.66773360761121,71.52151279973259,4743,5,text_en_1919
2359,85.39554435420365,68.53282748223529,4770,5,text_en_1919
2360,83.33234399301567,68.788540046847,4766,5,text_en_1919
2361,81.42869886001881,55.176629173420956,1641,1,inner_ring
2362,83.95264114352653,53.659524440938085,5057,5,text_en_1919
2363,86.60318760164814,56.32071366548336,4978,5,text_en_1919
2364,81.74489562856601,50.74237164815102,1623,1,inner_ring
2365,81.33704027002727,38.48512932057807,2176,1,inner_ring
2366,82.65393921727092,39.85274538541237,2185,1,inner_ring
2367,92.01411985243963,45.74183650064113,5206,5,text_en_1919
2368,93.67207152196868,44.3468470510272,5247,5,text_en_1919
2369,92.40472629848671,47.70146212019788,5151,5,text_en_1919
2370,53.32023759027808,44.220800341541604,3588,3,stroke_nan
2371,59.3191022866828,23.840167200298403,2987,2,octagram
2372,65.36462952225341,36.00142629767269,4237,4,stroke_kai
2373,65.21561836044123,24.363693789611926,3037,2,octagram
2374,66.21529530380579,30.298856048315027,3079,2,octagram
2375,61.107442629585236,25.585145932928633,2994,2,octagram
2376,73.68478402605643,36.70409540154287,3136,2,octagram
2377,81.4057335593237,36.05595158968258,3155,2,octagram
2378,71.30476869680388,25.622585155271096,2129,1,inner_ring
2379,65.5152497609643,21.948773315912845,3024,2,octagram
2380,64.69340397926035,20.859562696029304,3021,2,octagram
2381,58.70767570054509,10.478207596594526,1270,0,outer_ring
2382,57.64869226549949,17.757463790191654,5513,5,text_en_1919
2383,60.24022046285125,9.673784738147473,1321,0,outer_ring
2384,61.58625403457489,6.830041838426222,1354,0,outer_ring
2385,51.00295813581774,6.067572713431591,974,0,outer_ring
2386,47.79062971147285,8.459068887169193,839,0,outer_ring
2387,48.2222358548153,9.054024517700405,854,0,outer_ring
2388,44.16734779298986,7.163272492400788,764,0,outer_ring
2389,56.05012722828274,17.177242552574167,5503,5,text_en_1919
2390,53.39440211388762,8.577857280607782,1055,0,outer_ring
2391,56.39637292323798,7.323267250109661,1181,0,outer_ring
2392,55.388010999396926,10.85079398866597,1137,0,outer_ring
2393,46.433550333665416,6.296416176482149,811,0,outer_ring
2394,49.500250446960635,7.380569891663859,912,0,outer_ring
2395,46.44802544273344,6.988201957430886,808,0,outer_ring
2396,47.66147368725817,6.83054770270243,842,0,outer_ring
2397,57.62955171768798,6.6856086844312985,1225,0,outer_ring
2398,59.497637382857654,9.799268513144963,1300,0,outer_ring
2399,59.54785865884098,7.960719575753561,1292,0,outer_ring
2400,68.71296632930876,6.805509674245479,1535,0,outer_ring
2401,61.19752316229189,8.501222862045678,1350,0,outer_ring
2402,70.42499300908116,9.966231654346387,1566,0,outer_ring
2403,70.0731826473862,8.158937790940099,1553,0,outer_ring
2404,71.83151843166425,10.072217384129875,1580,0,outer_ring
2405,63.08938107255285,5.824013230095643,1387,0,outer_ring
2406,66.69465566453422,1.6815647187516056,1458,0,outer_ring
2407,66.99597849003534,6.517851028502771,1497,0,outer_ring
2408,37.11315671255743,34.77438176532695,2802,2,octagram
2409,36.37970789349154,21.833905165065893,5432,5,text_en_1919
2410,80.64425958160554,36.69897170246839,3158,2,octagram
2411,49.600552005842864,91.1930064071625,331,0,outer_ring
2412,49.74890382447515,92.55759057576634,321,0,outer_ring
2413,44.04585940744658,89.40971602513346,502,0,outer_ring
2414,55.67794172161665,94.02199806645287,159,0,outer_ring
2415,47.760913420672104,90.04286791701557,393,0,outer_ring
2416,51.422499657827416,90.84981077999885,279,0,outer_ring
2417,41.756372081530564,72.62958076496915,2486,2,octagram
2418,45.752419498757675,86.75772532154029,478,0,outer_ring
2419,40.92029961734899,87.97363156735274,576,0,outer_ring
2420,37.058019030227435,92.53826909961032,601,0,outer_ring
2421,32.38430031808049,71.8574101715681,4711,5,text_en_1919
2422,30.671315425640195,81.07602941687568,672,0,outer_ring
2423,26.74417114273226,68.68472804245397,4789,5,text_en_1919
2424,25.11581484006822,64.63678918894985,4841,5,text_en_1919
2425,18.233784404327995,66.20378270492543,689,0,outer_ring
2426,20.34642944442661,57.917295522568644,4976,5,text_en_1919
2427,24.636283220458303,51.08572681092884,5077,5,text_en_1919
2428,28.222621690810954,53.81871504938862,1886,1,inner_ring
2429,24.886812703791797,46.75172444267935,5252,5,text_en_1919
2430,31.720187525167994,50.55406717081245,2656,2,octagram
2431,35.105842268499956,60.27969899634727,2568,2,octagram
2432,44.10419369982508,49.36799228457958,3486,3,stroke_nan
2433,46.93941717356649,60.75174965419348,3293,3,stroke_nan
2434,46.220075638368094,59.40311084107239,3299,3,stroke_nan
2435,49.980880741323666,48.03510093495113,3483,3,stroke_nan
2436,56.12498769600335,52.477334553856764,3923,4,stroke_kai
2437,60.330812400620275,60.4016918500201,3799,4,stroke_kai
2438,59.78126751977676,56.31624732739604,3862,4,stroke_kai
2439,58.730498463598195,72.23803230836901,2377,2,octagram
2440,60.90780125773475,73.79741876124604,1739,1,inner_ring
2441,58.46458804609796,70.12802699381305,2385,2,octagram
2442,60.81036181055704,58.09497449930445,3836,4,stroke_kai
2443,58.75447861473032,56.7267354456581,3858,4,stroke_kai
2444,52.543384995130296,49.52979339789684,3471,3,stroke_nan
2445,46.38258492945898,37.49589303760938,3731,3,stroke_nan
2446,49.52438156956946,38.86826552785984,3720,3,stroke_nan
2447,47.22208344758283,42.438111562625345,3642,3,stroke_nan
2448,44.33747821520236,41.90737774591476,3679,3,stroke_nan
2449,42.62976608308769,26.978578778747064,2865,2,octagram
2450,40.83621184879466,29.78964569157406,2841,2,octagram
2451,35.14399953819371,33.81464467513091,2794,2,octagram
2452,32.785628852469486,34.97185635107445,2769,2,octagram
2453,20.261126140132895,34.502149196387684,5398,5,text_en_1919
2454,38.46230010883301,53.52314959159658,3378,3,stroke_nan
2455,43.05051105037668,47.48785446766085,3506,3,stroke_nan
2456,40.506922973666995,54.104604440622985,3365,3,stroke_nan
2457,19.242476979660857,41.06372156748956,5303,5,text_en_1919
2458,30.423754871648836,34.0853971554796,1956,1,inner_ring
2459,31.012251906398497,37.83666933975026,2738,2,octagram
2460,34.02967039328248,28.91612477318324,1981,1,inner_ring
2461,36.609561282354115,25.583023507297238,1998,1,inner_ring
2462,39.20243264679794,7.9298228018887125,728,0,outer_ring
2463,41.821893937692366,19.967315658913247,5442,5,text_en_1919
2464,47.4143404981266,25.70085960596208,2916,2,octagram
2465,51.996174112152836,33.90639033659306,3778,3,stroke_nan
2466,50.675493718997856,41.738531724181684,3657,3,stroke_nan
2467,56.54856425455739,38.876436703241325,4216,4,stroke_kai
2468,53.957253659432126,48.09217340221577,3502,3,stroke_nan
2469,56.93583094292325,43.3208112528434,4103,4,stroke_kai
2470,63.85301992137242,51.429478488908615,3956,4,stroke_kai
2471,60.1494596201458,36.63527912076396,4228,4,stroke_kai
2472,66.93832238071661,39.103070420528105,4170,4,stroke_kai
2473,63.60248025485056,51.37000477466487,3952,4,stroke_kai
2474,75.01253156528074,52.321772720290994,3249,2,octagram
2475,68.12003555423647,61.186645007283815,2274,2,octagram
2476,70.55889298566262,62.603468002627814,2263,2,octagram
2477,62.16760741585298,75.28854966836353,1735,1,inner_ring
2478,38.69607450910125,85.67285235538394,610,0,outer_ring
2479,45.220190935373466,81.89387667923283,4405,5,text_en_1919
2480,53.38375106651724,88.72506657905409,228,0,outer_ring
2481,50.93110421625974,92.35151946713052,288,0,outer_ring
2482,58.03840694771526,90.33854924208029,101,0,outer_ring
2483,59.5811191730164,82.06722205980616,4476,5,text_en_1919
2484,57.936611732038486,85.3721410869391,4335,5,text_en_1919
2485,53.788894163896195,80.7018622988641,4500,5,text_en_1919
2486,48.33460330344367,75.55752289702451,1784,1,inner_ring
2487,47.06021634092339,82.06167599129036,4450,5,text_en_1919
2488,41.39922307741142,80.18350728012693,4462,5,text_en_1919
2489,31.850499052290523,56.78614993429044,2598,2,octagram
2490,30.807133823294162,58.46455521231188,2601,2,octagram
2491,30.456701458280186,60.739371788483865,1862,1,inner_ring
2492,60.933234022923095,92.22700004106336,67,0,outer_ring
2493,57.578476662711225,92.39796192247371,117,0,outer_ring
2494,59.14688699459209,91.491483710493,88,0,outer_ring
2495,62.22841418109096,90.64216046045752,52,0,outer_ring
2496,70.92031471586841,84.90017627182615,4398,5,text_en_1919
2497,66.8695746009462,74.99533245638607,1723,1,inner_ring
2498,68.9812519286162,76.2802087867652,4668,5,text_en_1919
2499,76.36134379824655,73.44983770223114,4701,5,text_en_1919
2500,79.3927295219748,70.89260168999844,4742,5,text_en_1919
2501,82.85853313664136,71.92246093969278,4732,5,text_en_1919
2502,89.75953165955005,64.25233428540795,4862,5,text_en_1919
2503,83.69658635962104,57.424254915579965,4982,5,text_en_1919
2504,83.18330962319246,57.168980441071,4973,5,text_en_1919
2505,86.13488153325746,55.54703398094537,4979,5,text_en_1919
2506,89.06849900839781,53.84924370785199,5022,5,text_en_1919
2507,81.3469389148467,44.47640634481332,2195,1,inner_ring
2508,92.33757070057386,46.90122315440926,5160,5,text_en_1919
2509,86.81980263829,49.77059754434966,5146,5,text_en_1919
2510,92.77656883365519,49.642590240384294,5096,5,text_en_1919
2511,96.04915662565084,37.33977159973687,5380,5,text_en_1919
2512,54.9688602516576,42.78930971780281,4119,4,stroke_kai
2513,59.93665459593825,45.082642539752925,4098,4,stroke_kai
2514,62.56851565784263,34.67523750994285,4261,4,stroke_kai
2515,74.04930681239364,34.68130984472736,3133,2,octagram
2516,71.99425956809534,42.65772798744166,3199,2,octagram
2517,64.86760341840237,18.88172887508792,2095,1,inner_ring
2518,78.03135354656023,30.232283327633663,2158,1,inner_ring
2519,71.10465645666936,26.571257966955912,2132,1,inner_ring
2520,79.64377943768086,38.51104241594182,3164,2,octagram
2521,67.42500095577886,17.927093884171633,5445,5,text_en_1919
2522,59.13819114479613,15.97577754995389,5537,5,text_en_1919
2523,66.31955337271809,11.972751628421934,1519,0,outer_ring
2524,56.94255994653381,4.655742976560807,1193,0,outer_ring
2525,55.82376846978189,7.2373518511297,1158,0,outer_ring
2526,56.19000125446268,9.097272643805889,1175,0,outer_ring
2527,42.411667417854034,10.238154519815687,738,0,outer_ring
2528,47.99045535226973,14.244523392641044,5606,5,text_en_1919
2529,40.850764221471806,9.49940163944927,735,0,outer_ring
2530,53.27403905601708,6.824805718422216,1052,0,outer_ring
2531,58.25164383498242,8.214577538746896,1248,0,outer_ring
2532,51.120019940986566,6.814230487957218,979,0,outer_ring
2533,57.320232812496265,7.071338044322997,1215,0,outer_ring
2534,57.491159987236635,6.548043962804361,1220,0,outer_ring
2535,49.36189364990718,7.1336701611046,908,0,outer_ring
2536,50.06876129554929,8.559213271410234,926,0,outer_ring
2537,51.777401736563164,8.064737050592397,993,0,outer_ring
2538,58.77959731199154,7.970437065014689,1265,0,outer_ring
2539,52.61920803696265,5.986885677289475,1028,0,outer_ring
2540,59.979195443427315,7.324942363664574,1304,0,outer_ring
2541,56.58430696957474,8.94411964172181,1191,0,outer_ring
2542,58.865231078022966,6.9743977951333616,1264,0,outer_ring
2543,59.24419031285519,5.37835149269487,1274,0,outer_ring
2544,70.45535406095962,8.916739405757063,1562,0,outer_ring
2545,72.48280139016487,7.151284776155315,1577,0,outer_ring
2546,74.09797938465438,10.501016676953654,1595,0,outer_ring
2547,63.954098601342146,5.9127403695567375,1412,0,outer_ring
2548,68.22747593713854,4.602509913009914,1516,0,outer_ring
2549,66.24251539096328,7.258191631837129,1476,0,outer_ring
2550,40.16197009201897,29.990042524683044,2838,2,octagram
2551,47.52664600485482,23.726365508053632,2908,2,octagram
2552,82.40392093902304,39.81967492167833,2184,1,inner_ring
2553,57.56347681038217,91.85205882712211,115,0,outer_ring
2554,47.826945900424064,90.38794783326561,387,0,outer_ring
2555,44.20406689728027,90.66659948816404,492,0,outer_ring
2556,61.29707197236554,86.99572792783192,4313,5,text_en_1919
2557,51.13613732676343,93.84876739599078,282,0,outer_ring
2558,45.97791412039915,88.22377366831246,465,0,outer_ring
2559,41.85567104569093,90.12829048762389,545,0,outer_ring
2560,43.06471003441638,88.70793057830606,531,0,outer_ring
2561,36.94777213343086,88.19723233745921,622,0,outer_ring
2562,36.34224741139988,86.14021462456324,632,0,outer_ring
2563,33.058572600941595,81.34918832777697,664,0,outer_ring
2564,32.39554996201813,83.43653352951473,661,0,outer_ring
2565,27.149150904339734,65.0025142505645,4828,5,text_en_1919
2566,23.129441077229185,66.28290854634609,4782,5,text_en_1919
2567,20.631978386281496,61.14861068726915,4881,5,text_en_1919
2568,14.375359907254152,50.70291620317941,699,0,outer_ring
2569,18.74061921734649,48.50101583505022,5133,5,text_en_1919
2570,21.966918569084985,43.557464808294355,5279,5,text_en_1919
2571,26.853574861776853,45.892904048464985,1914,1,inner_ring
2572,24.799245809540814,57.46331548604834,4954,5,text_en_1919
2573,23.230499323673055,41.565880547817976,5296,5,text_en_1919
2574,38.161657237896776,52.873623238803454,3400,3,stroke_nan
2575,41.349978587528,56.48166339930118,3331,3,stroke_nan
2576,41.09903266297912,64.83451570681635,2520,2,octagram
2577,55.27462242480855,58.60112861418492,3826,4,stroke_kai
2578,64.75595942956792,51.90673205080008,3957,4,stroke_kai
2579,56.78626625993155,56.56640766753205,3839,4,stroke_kai
2580,66.39260021750282,67.68315110926758,2310,2,octagram
2581,53.51163447044185,76.04451381227972,1763,1,inner_ring
2582,63.12926389479591,70.85224421839496,2358,2,octagram
2583,64.79114785634614,67.41736549960885,2312,2,octagram
2584,58.24701520446323,54.76485041503055,3882,4,stroke_kai
2585,55.74360168146689,49.834695412626495,3979,4,stroke_kai
2586,49.01530030092302,47.213609306855076,3533,3,stroke_nan
2587,47.01133009095671,40.584976919779386,3681,3,stroke_nan
2588,48.13852570588198,51.93068114474029,3393,3,stroke_nan
2589,48.89661300824022,47.5143501385548,3499,3,stroke_nan
2590,45.243421010387564,42.268019141230226,3659,3,stroke_nan
2591,43.4435109013309,35.0794850620674,3761,3,stroke_nan
2592,35.16232744241301,27.971987487189995,1989,1,inner_ring
2593,34.69214039502965,36.34569138055092,2782,2,octagram
2594,29.857335252746083,37.034744545706985,2744,2,octagram
2595,26.799666206953223,47.31409696323159,1912,1,inner_ring
2596,31.946698506627097,44.98018647697637,2701,2,octagram
2597,32.19597295676482,48.26211392920828,2672,2,octagram
2598,40.70735582591664,65.682703782624,2517,2,octagram
2599,30.013453979679685,34.77966337925807,2756,2,octagram
2600,19.87059457551156,42.5639015225548,5294,5,text_en_1919
2601,17.966855250155486,33.80683459854948,705,0,outer_ring
2602,30.00420976554496,36.89711634156559,2745,2,octagram
2603,46.74580251307181,18.480446458106986,5473,5,text_en_1919
2604,41.11980637407032,24.862220342874956,2871,2,octagram
2605,46.05409640972535,21.940645461690046,2033,1,inner_ring
2606,47.22823578302186,25.75902351729511,2915,2,octagram
2607,53.74250950969458,27.98625740431713,2957,2,octagram
2608,51.36576737042538,39.473696988695096,3708,3,stroke_nan
2609,52.12655000572766,42.30754493700664,3644,3,stroke_nan
2610,57.179632478808166,37.96370874772141,4218,4,stroke_kai
2611,52.84693990498417,53.31327801573624,3404,3,stroke_nan
2612,63.030513481870386,48.35299252328891,4008,4,stroke_kai
2613,66.6470349431699,46.379560313667525,4073,4,stroke_kai
2614,66.98974007278146,52.44510372220512,3929,4,stroke_kai
2615,66.4023773911192,47.63665892780144,4030,4,stroke_kai
2616,68.77781214421444,63.604357265604605,2286,2,octagram
2617,74.66661467274898,54.410088597063535,3262,2,octagram
2618,76.32244155150262,58.20165751529703,2225,2,octagram
2619,70.17172347946187,61.91381138817888,2265,2,octagram
2620,45.82627020488713,79.21603907012484,4575,5,text_en_1919
2621,47.52373414306472,89.16451424634371,406,0,outer_ring
2622,52.446326797014784,92.95082258172754,245,0,outer_ring
2623,54.67908953563618,82.42332872709432,4423,5,text_en_1919
2624,55.65807497056247,83.78390399995928,4351,5,text_en_1919
2625,59.019297677847334,83.629028875701,4419,5,text_en_1919
2626,58.63590527024114,80.85027624587616,4536,5,text_en_1919
2627,54.68781882714687,90.50601683469505,189,0,outer_ring
2628,43.658814439922,71.26534416486852,2490,2,octagram
2629,50.12657946921867,83.15863455931489,4400,5,text_en_1919
2630,47.7290875321831,79.98806881663636,4511,5,text_en_1919
2631,29.286609100951193,66.10739305148638,4829,5,text_en_1919
2632,28.549479488310435,65.85389688185806,4825,5,text_en_1919
2633,29.657797785305302,65.18749458050353,4835,5,text_en_1919
2634,58.89264765047359,92.96471903837039,91,0,outer_ring
2635,58.87433339877442,93.73968507031944,92,0,outer_ring
2636,65.109497861516,84.37343601749684,4403,5,text_en_1919
2637,65.06081347784111,86.63812090126687,4321,5,text_en_1919
2638,70.29207299088411,86.26278242202284,4371,5,text_en_1919
2639,72.24737959952917,78.55961886268015,4638,5,text_en_1919
2640,69.6124105459424,79.94898479236612,4579,5,text_en_1919
2641,73.74156085673081,71.75573990831332,1696,1,inner_ring
2642,81.27479531881781,72.31065302929535,4719,5,text_en_1919
2643,78.0534513288573,70.72557739092238,4763,5,text_en_1919
2644,84.64859132423508,62.05140522763552,4888,5,text_en_1919
2645,84.66086588854328,63.90093983395338,4870,5,text_en_1919
2646,78.29752328514999,61.67969232990566,1659,1,inner_ring
2647,86.35908997247279,53.116809921144025,5050,5,text_en_1919
2648,89.79411722691101,52.706579122792526,5032,5,text_en_1919
2649,87.06008653469708,52.506470476984866,5062,5,text_en_1919
2650,87.60897844293763,47.15338919342811,5182,5,text_en_1919
2651,94.07742500371056,44.30262118243979,5242,5,text_en_1919
2652,93.63186408090007,47.29170748311315,5188,5,text_en_1919
2653,94.05847438642073,41.5240488106871,5293,5,text_en_1919
2654,59.62030470668505,46.155547831001,4043,4,stroke_kai
2655,61.25243478503353,42.29690692256997,4147,4,stroke_kai
2656,67.11501852339924,32.53899993748964,3089,2,octagram
2657,64.6524500857079,32.28131796352601,3084,2,octagram
2658,64.51789734580481,24.38158013804199,3036,2,octagram
2659,67.0492511031924,21.539135641536983,2105,1,inner_ring
2660,75.24053308616024,38.11152288390528,3172,2,octagram
2661,80.80523197189304,37.30012966001204,3159,2,octagram
2662,60.92694300615588,19.405134035369887,2080,1,inner_ring
2663,78.36569296651044,32.12464987451285,2162,1,inner_ring
2664,64.09965854172923,17.108236476316378,5499,5,text_en_1919
2665,59.88884699966465,20.07734090080536,2076,1,inner_ring
2666,57.506007009427364,15.409002852466744,5571,5,text_en_1919
2667,49.83992728119569,7.741535155564672,919,0,outer_ring
2668,62.088140811770785,12.485442743684676,5660,5,text_en_1919
2669,51.72316638283417,20.234500083168697,2053,1,inner_ring
2670,49.986579906327236,6.4787837346717145,929,0,outer_ring
2671,44.65265801359339,9.767238933293692,763,0,outer_ring
2672,50.25556116634573,6.948529721304713,938,0,outer_ring
2673,54.796013937480545,6.896022983008244,1110,0,outer_ring
2674,57.443330220055344,5.882516409182397,1216,0,outer_ring
2675,58.53545656228432,8.626069788562875,1258,0,outer_ring
2676,55.39870908356089,7.71456554757103,1133,0,outer_ring
2677,47.059666594007226,7.157554108599143,824,0,outer_ring
2678,48.96229617206094,5.871998716698708,899,0,outer_ring
2679,47.38910532419734,6.820230939112063,831,0,outer_ring
2680,50.42124324932985,9.263597251780507,936,0,outer_ring
2681,54.37417647361111,15.228713423210102,5577,5,text_en_1919
2682,55.654570120492785,8.768916514068097,1148,0,outer_ring
2683,59.97961159592501,5.987409207621881,1301,0,outer_ring
2684,63.169288742644724,5.201963453107129,1386,0,outer_ring
2685,63.16999323661258,6.570423863159411,1393,0,outer_ring
2686,69.72132147805014,19.1795816210654,5430,5,text_en_1919
2687,74.08149642786425,11.757554400155016,1598,0,outer_ring
2688,77.67346512376966,8.144702929690677,1601,0,outer_ring
2689,66.67578697353099,8.656471867734215,1503,0,outer_ring
2690,63.27148177450788,7.656967485364932,1401,0,outer_ring
2691,61.56342260988727,7.973038231110285,1358,0,outer_ring
2692,39.20187322967586,29.216626983049583,2842,2,octagram
2693,40.19305966341307,25.059570486704413,2870,2,octagram
2694,92.90373906509343,55.28388420097654,5012,5,text_en_1919
2695,51.97074718152553,91.82656881229592,257,0,outer_ring
2696,46.70519675981899,90.89735212823523,429,0,outer_ring
2697,42.6423312220018,85.17401499077633,559,0,outer_ring
2698,54.039642167831545,91.51573171037174,204,0,outer_ring
2699,49.5892899636855,91.24410324019338,332,0,outer_ring
2700,48.35008191899751,88.11842257395782,382,0,outer_ring
2701,40.60402146116636,86.90278764373642,583,0,outer_ring
2702,41.34363401336958,91.65427545054224,549,0,outer_ring
2703,34.97430082687115,88.06208963755398,637,0,outer_ring
2704,32.18613122812908,81.80734296384914,665,0,outer_ring
2705,32.97862221515121,82.42090293162963,660,0,outer_ring
2706,33.0536184820293,67.69169104952746,1833,1,inner_ring
2707,24.65512945294116,66.9241296900217,4793,5,text_en_1919
2708,23.055392213521326,55.85686068105377,4998,5,text_en_1919
2709,20.93493197932238,60.83252542656023,4952,5,text_en_1919
2710,20.35670432447042,51.3166003325674,5084,5,text_en_1919
2711,17.96689202930945,50.98456879026208,5114,5,text_en_1919
2712,20.45902926147129,43.65959888025579,5281,5,text_en_1919
2713,24.859199885260953,50.970108277552875,5078,5,text_en_1919
2714,40.59700799813358,61.88696996595454,2540,2,octagram
2715,38.71603376277393,61.60804788332351,2551,2,octagram
2716,42.22140232098408,51.489287863496166,3436,3,stroke_nan
2717,43.20319895142089,52.94872635412787,3418,3,stroke_nan
2718,47.373664119829996,49.88777802235448,3489,3,stroke_nan
2719,42.854384308198696,67.22061629416133,2507,2,octagram
2720,56.49137451374099,58.930182768034,3832,4,stroke_kai
2721,57.853529567217834,69.37646450272399,2390,2,octagram
2722,60.22614522806766,69.561340938534,2376,2,octagram
2723,58.84966335705039,69.55638254005383,2386,2,octagram
2724,57.047460547541995,67.44135820810625,2402,2,octagram
2725,66.61489839640332,65.66480705401247,2301,2,octagram
2726,57.79877305359926,71.22785527320833,2389,2,octagram
2727,54.8562273418116,52.08154407131871,3921,4,stroke_kai
2728,57.69996530542555,48.62655102090282,3997,4,stroke_kai
2729,48.31475377102134,43.44988055010609,3632,3,stroke_nan
2730,40.111307673386214,44.92600367428229,3571,3,stroke_nan
2731,54.316421432665706,48.803434842862025,3988,4,stroke_kai
2732,47.21814655327723,42.885569560142926,3610,3,stroke_nan
2733,42.56146399777453,40.448139015998684,3663,3,stroke_nan
2734,39.820717469617925,42.39604197755534,3615,3,stroke_nan
2735,40.12167856320696,43.02513983673662,3602,3,stroke_nan
2736,22.399210445772496,34.50782747691816,5394,5,text_en_1919
2737,26.617849324200876,36.30537631012799,5366,5,text_en_1919
2738,26.952777628802277,47.362483965616036,1911,1,inner_ring
2739,33.33729433575829,50.35266693555528,2667,2,octagram
2740,36.33391410511803,51.957697754015584,3458,3,stroke_nan
2741,24.62698111076513,46.34681100470313,5254,5,text_en_1919
2742,25.90494751483396,36.25507886838374,5372,5,text_en_1919
2743,17.422949604444913,39.987780714262406,5330,5,text_en_1919
2744,31.72744378810117,29.341344124014366,1973,1,inner_ring
2745,44.4239896577053,14.81077499417913,5552,5,text_en_1919
2746,42.61642937058673,24.46676669492968,2876,2,octagram
2747,45.0039248077869,44.61723490405982,3580,3,stroke_nan
2748,53.72834895770543,33.4476122891586,4279,4,stroke_kai
2749,54.80836330057297,30.258452354961538,2958,2,octagram
2750,54.00137901126456,34.83447091949254,4274,4,stroke_kai
2751,43.6485827831355,47.101093283528236,3503,3,stroke_nan
2752,54.25572784262629,47.6919402672674,4000,4,stroke_kai
2753,57.171908131732295,46.556422358614654,4039,4,stroke_kai
2754,62.5839198336061,56.763874526324265,3854,4,stroke_kai
2755,75.17207304565731,36.331867908710564,3142,2,octagram
2756,65.91050475252864,51.32894533612837,3953,4,stroke_kai
2757,66.816076327238,46.660292682903126,4044,4,stroke_kai
2758,74.57837147874933,50.067118884162554,3241,2,octagram
2759,70.92363426130848,61.344642295734545,2254,2,octagram
2760,73.86434532665815,61.567374198954106,2239,2,octagram
2761,67.2982983094314,69.11641547855822,2319,2,octagram
2762,49.69949069870379,75.78765942447461,1778,1,inner_ring
2763,49.8380279227325,87.3789304820772,339,0,outer_ring
2764,51.24103022924172,88.11920061447258,291,0,outer_ring
2765,50.78773391680595,88.75670092890333,303,0,outer_ring
2766,58.34411973261175,84.56908150871514,4364,5,text_en_1919
2767,57.729790043030725,93.1570813583182,111,0,outer_ring
2768,56.58319587312022,84.18608163518874,4379,5,text_en_1919
2769,54.799417044236506,82.72473986869589,4395,5,text_en_1919
2770,51.55877597451017,76.92542920293846,1769,1,inner_ring
2771,49.50977721509715,71.06529583442774,2448,2,octagram
2772,48.84707001920104,76.88316755010085,1780,1,inner_ring
2773,34.872169258992926,66.77031481328008,1830,1,inner_ring
2774,31.012785932337337,62.726100413181896,1852,1,inner_ring
2775,26.51908857872385,52.63489068685406,1891,1,inner_ring
2776,59.702950139066,90.37960760688794,79,0,outer_ring
2777,50.136477188988266,93.87139600994264,307,0,outer_ring
2778,61.66828704675516,90.7149670570408,54,0,outer_ring
2779,62.55122208526812,90.52387438798452,45,0,outer_ring
2780,61.254853074226425,84.72091407627443,4380,5,text_en_1919
2781,66.77526522321745,74.88647398651152,1724,1,inner_ring
2782,70.96762299250264,80.88185132850151,4537,5,text_en_1919
2783,64.64814169600788,83.73969062700331,4426,5,text_en_1919
2784,70.90935080250694,71.68743952363376,1705,1,inner_ring
2785,80.12585335596964,63.05949786563305,1661,1,inner_ring
2786,87.55323541727907,61.966736922451325,4864,5,text_en_1919
2787,84.1747399445266,61.56902413262238,4896,5,text_en_1919
2788,87.11535192578812,56.574813978436865,4975,5,text_en_1919
2789,82.4884419894218,36.164091526901764,2172,1,inner_ring
2790,84.84002184976544,52.070048260431804,5063,5,text_en_1919
2791,86.31266681912815,43.8767304278813,5227,5,text_en_1919
2792,80.39401713950132,37.48486014502579,3160,2,octagram
2793,90.68812937844872,46.46250148794412,5176,5,text_en_1919
2794,94.49394365638457,41.67808064493447,5289,5,text_en_1919
2795,91.71279518561143,45.69335167295119,5215,5,text_en_1919
2796,62.69903822588414,50.33090314607886,3963,4,stroke_kai
2797,55.27568273132134,44.7726859869408,4094,4,stroke_kai
2798,61.31164062588007,43.76861747675181,4109,4,stroke_kai
2799,64.1041444279861,38.32650562957921,4212,4,stroke_kai
2800,58.07677221507742,24.313819215078055,2983,2,octagram
2801,80.6877148076573,26.42609675018541,5406,5,text_en_1919
2802,79.24004146133582,38.86247793229401,3166,2,octagram
2803,66.93365534894173,24.460229483640052,3041,2,octagram
2804,67.48531756058851,33.793023304294216,3094,2,octagram
2805,65.80546752514202,22.831351403145646,3030,2,octagram
2806,64.84083309113838,9.506768688835916,1452,0,outer_ring
2807,60.55929324646146,20.70044672896475,2079,1,inner_ring
2808,57.74922640115535,8.087544806630333,1229,0,outer_ring
2809,56.802031158192776,17.716809803097245,5498,5,text_en_1919
2810,54.359188034834915,14.829822493022201,5593,5,text_en_1919
2811,47.42423812477713,9.079740632131294,827,0,outer_ring
2812,47.58667248110039,18.679482373421823,5460,5,text_en_1919
2813,49.39845264781655,8.662382603239028,904,0,outer_ring
2814,52.900775977103756,4.453954213627387,1038,0,outer_ring
2815,57.57537959003685,15.277681278225398,5621,5,text_en_1919
2816,53.15984357122878,7.835151253259545,1045,0,outer_ring
2817,59.35801659195825,6.150116295474096,1279,0,outer_ring
2818,58.87579300606668,12.39138214098926,5670,5,text_en_1919
2819,48.841857173458585,9.37226804468432,874,0,outer_ring
2820,49.86378129125753,4.734375361689384,931,0,outer_ring
2821,50.340764619891644,6.966888727177493,940,0,outer_ring
2822,47.69200969716941,7.915492150918958,837,0,outer_ring
2823,53.58107373076578,6.711517604086977,1064,0,outer_ring
2824,55.56014217331626,4.042525088738011,1136,0,outer_ring
2825,59.265875636183594,7.707015393030338,1281,0,outer_ring
2826,61.36952948390011,8.153220128805398,1353,0,outer_ring
2827,60.83202305899045,8.377227903798895,1334,0,outer_ring
2828,68.96179491853233,8.045177710051908,1544,0,outer_ring
2829,71.88734600581056,8.54581221836421,1576,0,outer_ring
2830,70.42186771908347,8.785141879040472,1559,0,outer_ring
2831,63.260310343448026,7.158899811243842,1399,0,outer_ring
2832,60.10331649603601,5.36289833148961,1303,0,outer_ring
2833,63.10095698402904,6.77964260352569,1391,0,outer_ring
2834,37.552360787622256,31.619465972495618,2812,2,octagram
2835,43.375427623108074,25.47335797927703,2873,2,octagram
2836,87.25186058550779,59.976041399770885,4925,5,text_en_1919
2837,46.702540482118195,96.07667316130696,398,0,outer_ring
2838,49.20927813328812,91.59689230417017,346,0,outer_ring
2839,44.22044396133753,89.3585842125635,500,0,outer_ring
2840,49.093612086203215,93.59117979543943,340,0,outer_ring
2841,48.51330442057984,91.81598711907756,362,0,outer_ring
2842,46.211508659393346,91.84155641894812,441,0,outer_ring
2843,44.743313854966544,88.46505837083697,490,0,outer_ring
2844,38.087472769171626,85.5861066570154,620,0,outer_ring
2845,36.54226076858488,83.95595776284036,639,0,outer_ring
2846,34.81893742851771,82.30594296520479,651,0,outer_ring
2847,29.631624106003105,70.95261102887592,4717,5,text_en_1919
2848,36.251555631018874,69.65534842088569,1820,1,inner_ring
2849,31.487674196060308,73.41380018331674,4708,5,text_en_1919
2850,17.77135285606944,67.23475541151647,688,0,outer_ring
2851,15.521724166893646,66.57721347612582,690,0,outer_ring
2852,26.268506566447513,56.35558763016492,1880,1,inner_ring
2853,16.842116372898776,51.8406876179226,5104,5,text_en_1919
2854,23.11897581024011,48.22880727439071,5137,5,text_en_1919
2855,27.932643224725375,59.47753396185502,1871,1,inner_ring
2856,37.58736658025935,48.75783971441524,3500,3,stroke_nan
2857,37.71175976827304,63.289058530759384,2542,2,octagram
2858,44.92637003211651,53.816909458917934,3388,3,stroke_nan
2859,43.5426482431944,42.50555667757873,3617,3,stroke_nan
2860,44.82964295027268,54.79888975441202,3366,3,stroke_nan
2861,49.009860557300975,69.86004919522236,2446,2,octagram
2862,51.69752883058732,51.44071462992746,3445,3,stroke_nan
2863,52.73539730381216,63.515511196241825,2416,2,octagram
2864,53.58634542536103,64.7940991898216,2412,2,octagram
2865,63.68699255023931,63.92660661397149,2294,2,octagram
2866,67.19162637320183,70.3059745959973,2324,2,octagram
2867,64.69989977738412,74.88131957701032,1728,1,inner_ring
2868,63.25403485492848,54.33041404235504,3879,4,stroke_kai
2869,55.81335309343013,46.44781828030472,4048,4,stroke_kai
2870,50.4178530875826,51.11526160455804,3439,3,stroke_nan
2871,47.96663303605653,56.946664508575005,3342,3,stroke_nan
2872,44.766108090323165,42.473136727648715,3616,3,stroke_nan
2873,49.922586582637535,52.46352347879624,3398,3,stroke_nan
2874,46.10416257094715,36.812516648394784,3750,3,stroke_nan
2875,44.07401834477028,36.189283190843,3746,3,stroke_nan
2876,43.3354444561005,44.10245186389425,3572,3,stroke_nan
2877,31.170819948913596,39.627757223015266,2731,2,octagram
2878,27.07156165623001,41.328632965326804,5284,5,text_en_1919
2879,28.854838607837408,37.88976732910457,1941,1,inner_ring
2880,32.066216124115606,47.06156585150333,2674,2,octagram
2881,37.93113480920213,48.15683604111532,3512,3,stroke_nan
2882,39.87668403148167,48.59805594787111,3518,3,stroke_nan
2883,19.283341542256927,39.63317695511777,5323,5,text_en_1919
2884,29.154277010374315,37.588880232429574,1942,1,inner_ring
2885,17.136196841637283,38.20945941891247,704,0,outer_ring
2886,37.866091608996115,39.55193845264794,3680,3,stroke_nan
2887,38.17509963737173,24.71233810630801,2012,1,inner_ring
2888,46.55984753388203,20.785481954501435,2036,1,inner_ring
2889,46.826305731262075,25.674453219209745,2913,2,octagram
2890,54.4569505651891,26.621584541507023,2963,2,octagram
2891,50.31452999962107,34.95912088550307,3766,3,stroke_nan
2892,53.82791672619863,39.02469072081639,4226,4,stroke_kai
2893,58.06818334129296,35.15993792510119,4263,4,stroke_kai
2894,58.167277756914466,39.40991213451052,4211,4,stroke_kai
2895,52.25966653893958,41.43435753483123,3688,3,stroke_nan
2896,68.52733120403484,39.20779448472304,4176,4,stroke_kai
2897,68.23388766855443,47.00513908645528,4032,4,stroke_kai
2898,74.67689575390132,51.69062248095898,3247,2,octagram
2899,73.28911510785665,34.54422347441274,3128,2,octagram
2900,74.61896493219899,44.622299258738025,3205,2,octagram
2901,75.1953614248719,53.65280563299907,3258,2,octagram
2902,68.32411771439746,72.36948591286499,1717,1,inner_ring
2903,71.26650344464197,71.60402752646718,1702,1,inner_ring
2904,55.535200218750354,71.56054572847542,2398,2,octagram
2905,49.11224292093599,80.67522702581068,4485,5,text_en_1919
2906,50.17948318353339,85.67108157967793,336,0,outer_ring
2907,50.50563792617588,88.46718204538931,309,0,outer_ring
2908,53.09889386898742,91.60228750593178,232,0,outer_ring
2909,55.93839080330818,91.60388321604557,153,0,outer_ring
2910,55.86111575570266,81.64964016634599,4494,5,text_en_1919
2911,55.01629107797701,80.35823219596155,4506,5,text_en_1919
2912,53.72381746783961,80.45759938948284,4512,5,text_en_1919
2913,50.806441397578254,75.41977504490573,1773,1,inner_ring
2914,47.66957131198022,77.2594450087206,4635,5,text_en_1919
2915,29.66769338378798,68.60417821047885,4785,5,text_en_1919
2916,31.811003618770997,63.59876119099424,1847,1,inner_ring
2917,32.70532656007381,65.00287238115224,1842,1,inner_ring
2918,57.83856888882376,91.35135818111402,108,0,outer_ring
2919,63.326351190962185,90.52510392890414,37,0,outer_ring
2920,60.84114811529945,90.99069295343004,65,0,outer_ring
2921,62.49182029988598,89.40997799840915,43,0,outer_ring
2922,65.40189246852465,88.26292627266027,25,0,outer_ring
2923,67.35185422171654,82.38184262067536,4507,5,text_en_1919
2924,69.5715027610047,76.88980039946077,4658,5,text_en_1919
2925,71.88163102983903,87.65009975386775,2,0,outer_ring
2926,79.76768148522066,71.0071999982694,4754,5,text_en_1919
2927,82.92362502639894,69.31497157291432,4762,5,text_en_1919
2928,78.68591024103148,65.63281551222799,1668,1,inner_ring
2929,79.31378431506107,60.781143081793196,2218,2,octagram
2930,90.91778988211904,63.35280623814152,4867,5,text_en_1919
2931,84.38588728933534,55.56535915068687,4990,5,text_en_1919
2932,89.15370269839819,46.88065838024526,5193,5,text_en_1919
2933,88.52648330846043,48.14906562280347,5165,5,text_en_1919
2934,85.5829617308438,47.292800492454944,5180,5,text_en_1919
2935,90.84703350923044,49.8423131267761,5087,5,text_en_1919
2936,89.9583894953216,59.5124792803929,4932,5,text_en_1919
2937,93.66262779915576,40.65858613560432,5316,5,text_en_1919
2938,56.46726521416518,43.53534191843773,4114,4,stroke_kai
2939,58.46185998195952,46.45787517853105,4058,4,stroke_kai
2940,57.793976078886615,33.61926576415727,4283,4,stroke_kai
2941,62.94588361963341,27.830923212907766,3056,2,octagram
2942,76.32450151021561,37.37079884931972,3167,2,octagram
2943,66.34112392745213,16.59093403055779,5452,5,text_en_1919
2944,74.9536226207143,30.491854997047554,2154,1,inner_ring
2945,78.94510545968052,24.81017817753758,5423,5,text_en_1919
2946,69.54213666302157,24.999753136835988,2121,1,inner_ring
2947,68.49179006412689,16.731150070297137,5438,5,text_en_1919
2948,59.15379874669795,13.775372260190105,5645,5,text_en_1919
2949,69.35692549472759,20.63928751805152,2111,1,inner_ring
2950,57.834341400799914,7.0926809646707065,1232,0,outer_ring
2951,55.680362424660146,7.6909078977442675,1147,0,outer_ring
2952,53.26546420585005,9.874131961642652,1050,0,outer_ring
2953,56.312448393299434,15.494602585797333,5580,5,text_en_1919
2954,55.26095051293337,5.487139360405864,1125,0,outer_ring
2955,46.977070890690115,8.79266772006997,815,0,outer_ring
2956,54.196772865926604,6.4556328184624645,1085,0,outer_ring
2957,50.816443085663344,8.25447743883897,960,0,outer_ring
2958,57.71586775500754,8.690915104993593,1230,0,outer_ring
2959,58.44482928782235,12.230212907026878,5667,5,text_en_1919
2960,52.40991543705833,4.4252383570111435,1024,0,outer_ring
2961,57.11107162597159,5.839809999620415,1202,0,outer_ring
2962,46.63794883767802,9.011545501495728,803,0,outer_ring
2963,52.266923785067405,7.173223393393408,1014,0,outer_ring
2964,46.82435084884996,6.360698855714364,820,0,outer_ring
2965,51.761681794326556,6.352277243847645,997,0,outer_ring
2966,55.770125264173664,6.402855098018597,1152,0,outer_ring
2967,65.77535600100013,7.211603239226397,1463,0,outer_ring
2968,63.49850517306986,4.672313906987075,1396,0,outer_ring
2969,66.3245219617333,6.888270420495335,1475,0,outer_ring
2970,68.27992679239328,6.0778580211664694,1526,0,outer_ring
2971,73.0587902880369,27.560591842969178,2139,1,inner_ring
2972,73.85169847552885,9.531097488446845,1590,0,outer_ring
2973,62.47092452924819,6.138218637991989,1371,0,outer_ring
2974,66.45294904738041,5.5491880924582535,1472,0,outer_ring
2975,61.8853669211694,3.260024931341521,1348,0,outer_ring
2976,35.70161348530892,12.541510680006319,712,0,outer_ring
2977,38.51569150805593,37.12866299245331,3715,3,stroke_nan
2978,78.05151841746621,29.408133935113646,2157,1,inner_ring
2979,51.113042607634625,89.83659075928429,290,0,outer_ring
2980,46.9051200379121,90.47022639827937,422,0,outer_ring
2981,40.77605523714407,89.14034488518604,574,0,outer_ring
2982,48.959232401775694,90.78106035529801,351,0,outer_ring
2983,47.18175114769886,90.27266237700076,413,0,outer_ring
2984,48.74806730306639,91.59331683580353,352,0,outer_ring
2985,44.617465634549454,90.63835199489073,481,0,outer_ring
2986,40.559112099889084,88.87697880235565,577,0,outer_ring
2987,44.406691739591864,87.64040846725104,504,0,outer_ring
2988,40.1583728526651,73.51854241492153,1806,1,inner_ring
2989,35.971112856433386,71.24956932543027,1818,1,inner_ring
2990,23.69812998922571,72.85876227231837,4724,5,text_en_1919
2991,34.635857522241,61.65043642176969,2569,2,octagram
2992,23.009997870795814,67.4693749576285,4777,5,text_en_1919
2993,17.677252744472188,58.14042722726061,4985,5,text_en_1919
2994,22.529850828537526,54.914092801478176,5001,5,text_en_1919
2995,21.56874457533234,53.19875369574727,5076,5,text_en_1919
2996,22.60519327103752,48.389456725377954,5134,5,text_en_1919
2997,25.983518534366187,56.32031244544567,5003,5,text_en_1919
2998,31.480173479936134,61.81929981609563,1856,1,inner_ring
2999,37.8846954834649,66.33799900223273,2516,2,octagram
3000,45.18966627929879,51.645906154185816,3419,3,stroke_nan
3001,42.04383354199809,65.50968993799303,2513,2,octagram
3002,40.19664235636285,64.35282923729262,2525,2,octagram
3003,44.890997367666785,69.06239808574213,2498,2,octagram
3004,51.237440410452535,55.159849624619554,3354,3,stroke_nan
3005,56.657378155796216,57.67202668742959,3840,4,stroke_kai
3006,51.21584366393696,68.816329427478,2431,2,octagram
3007,51.073334201035394,67.45268922069488,2428,2,octagram
3008,57.24197049860954,66.9265164523939,2401,2,octagram
3009,66.60416532815476,64.82593723463032,2293,2,octagram
3010,62.7598326566031,58.1276500375834,3825,4,stroke_kai
3011,49.20100086962818,43.5494088695639,3627,3,stroke_nan
3012,46.55017360044494,45.418105547478476,3563,3,stroke_nan
3013,44.644346243156825,37.43133288452034,3725,3,stroke_nan
3014,49.6465871942381,47.60701949496892,3526,3,stroke_nan
3015,43.75789610318524,50.96608512523332,3448,3,stroke_nan
3016,43.28279890144896,50.33224268809998,3480,3,stroke_nan
3017,46.50449527880317,23.512252413137524,2904,2,octagram
3018,46.86695932587439,16.880213919863778,5500,5,text_en_1919
3019,41.84294946299374,41.83877599299072,3649,3,stroke_nan
3020,28.914554528023828,38.0606568221784,1940,1,inner_ring
3021,21.7084517570025,30.93423347624925,5399,5,text_en_1919
3022,27.417393302928016,42.47015774132498,1926,1,inner_ring
3023,32.15511408711004,43.16318991844972,2708,2,octagram
3024,33.99620181768076,50.819838005094134,2665,2,octagram
3025,20.462825046674613,41.27327303736054,5307,5,text_en_1919
3026,31.94796206378716,41.32949827411703,2721,2,octagram
3027,19.662311224855113,24.862041604765906,706,0,outer_ring
3028,40.365409606414545,16.68840789611127,5546,5,text_en_1919
3029,37.54209245218537,8.505293946178355,723,0,outer_ring
3030,44.52772575436948,18.706570193894418,5461,5,text_en_1919
3031,47.834539156348704,24.538348906941028,2912,2,octagram
3032,47.37852774913676,27.445665998133943,2918,2,octagram
3033,52.114846801026175,34.40393159601004,3776,3,stroke_nan
3034,51.54376360404754,43.03719285238674,3614,3,stroke_nan
3035,55.22062613509171,37.39740176455238,4241,4,stroke_kai
3036,61.456087061282,35.2545204431158,4254,4,stroke_kai
3037,62.50856663524152,51.20708902732007,3938,4,stroke_kai
3038,54.28041346755003,49.27322179524558,3490,3,stroke_nan
3039,66.14897727190136,38.36295809933827,4193,4,stroke_kai
3040,73.57096094508738,45.183081947085306,3216,2,octagram
3041,70.71014349532362,44.8991768371613,3217,2,octagram
3042,76.44331026094841,56.79449997418773,3274,2,octagram
3043,76.9158977415602,60.334738670290314,2227,2,octagram
3044,71.72018034020624,61.79826138376308,2250,2,octagram
3045,65.70708344055065,72.4959895727253,2336,2,octagram
3046,44.55352084494386,75.87996338703867,1796,1,inner_ring
3047,48.28976005795855,85.03868476064889,4297,5,text_en_1919
3048,52.6051719423182,89.33308609205781,247,0,outer_ring
3049,50.0627757989862,79.91208569529518,4527,5,text_en_1919
3050,59.25051724452135,89.90392674462883,85,0,outer_ring
3051,58.660019080566585,80.50656475888084,4555,5,text_en_1919
3052,55.43563548460812,89.98037175979057,166,0,outer_ring
3053,53.2988020450382,81.15444896558296,4452,5,text_en_1919
3054,51.84960593910407,82.55611346412013,4411,5,text_en_1919
3055,49.190391869504055,77.57400668672018,4626,5,text_en_1919
3056,42.74672278384859,84.8427336183997,558,0,outer_ring
3057,37.22698877696842,63.316389071606956,2556,2,octagram
3058,30.795410840459315,67.07978553022387,4803,5,text_en_1919
3059,35.52009793819326,72.54130821039021,1817,1,inner_ring
3060,57.46275618561396,92.53047414175269,123,0,outer_ring
3061,63.47309622890049,92.77797145025431,38,0,outer_ring
3062,59.568043968988576,91.68962688448416,84,0,outer_ring
3063,57.57456178846226,91.5855444778015,114,0,outer_ring
3064,65.41702479639707,80.53097079603234,4543,5,text_en_1919
3065,68.75607302210413,89.27790447223819,8,0,outer_ring
3066,69.21361974548714,79.48202326814203,4622,5,text_en_1919
3067,68.92679265967898,84.77050978386089,4391,5,text_en_1919
3068,75.44546467606538,73.08903413848637,4727,5,text_en_1919
3069,79.59520945270273,61.79009285413549,1656,1,inner_ring
3070,86.57818989220156,62.26554854730108,4880,5,text_en_1919
3071,88.14050845794867,71.76045835354125,4765,5,text_en_1919
3072,87.39271352546558,65.13358313287696,4857,5,text_en_1919
3073,86.62365503895505,54.581415275175665,5021,5,text_en_1919
3074,86.98296554758073,47.69573062036124,5191,5,text_en_1919
3075,84.29409305971109,44.5385761722172,2197,1,inner_ring
3076,82.24399397703698,47.76957087633271,1615,1,inner_ring
3077,90.84584265825852,53.119170903379626,5023,5,text_en_1919
3078,99.00754016644625,39.73851100051428,1612,0,outer_ring
3079,97.98102876872994,45.955253891240794,5237,5,text_en_1919
3080,56.334148092072425,44.75673372252766,4099,4,stroke_kai
3081,65.58766504769952,36.5108366652124,4235,4,stroke_kai
3082,77.98188593382628,41.32878768687981,3178,2,octagram
3083,68.971864879827,34.789479092175576,3106,2,octagram
3084,65.79735769895387,22.078954299214786,3025,2,octagram
3085,63.821657985481686,22.05174544399979,3015,2,octagram
3086,81.30129316433269,34.62700830168009,2170,1,inner_ring
3087,73.47532841161023,25.96821862129908,2136,1,inner_ring
3088,61.024805947004836,22.65908729550189,3002,2,octagram
3089,66.42792446382299,21.976177585684123,2101,1,inner_ring
3090,67.26174057685297,21.500976827946896,2107,1,inner_ring
3091,62.79610514547051,20.367159551736634,2090,1,inner_ring
3092,60.445924693367594,13.48035269842127,5653,5,text_en_1919
3093,58.040631707389174,7.907741634628731,1240,0,outer_ring
3094,55.219292001298946,14.627306757402994,5615,5,text_en_1919
3095,48.5979561090888,17.62634175855486,5481,5,text_en_1919
3096,51.623369736996274,7.173710664875782,988,0,outer_ring
3097,49.35861362381348,15.622770414752706,5596,5,text_en_1919
3098,48.36428527290949,18.457880264727685,5466,5,text_en_1919
3099,58.980884429714706,8.645155406181217,1276,0,outer_ring
3100,57.21575546524101,6.9683440932068095,1210,0,outer_ring
3101,57.23840532267069,11.455112842963686,5679,5,text_en_1919
3102,52.64863052821372,6.28673109679966,1030,0,outer_ring
3103,50.286700847146236,3.592941661395682,951,0,outer_ring
3104,53.46358589108599,6.390317758639208,1062,0,outer_ring
3105,48.822652444866435,7.918770391202756,881,0,outer_ring
3106,49.091785753862055,6.580204728008842,901,0,outer_ring
3107,53.40955274237536,5.880080304051608,1058,0,outer_ring
3108,54.71240445779654,6.409626213038948,1105,0,outer_ring
3109,61.05456241515423,7.266566154035994,1337,0,outer_ring
3110,60.54323971778062,8.143626635076542,1325,0,outer_ring
3111,66.39485167973304,7.640289766739991,1484,0,outer_ring
3112,65.08198059305462,5.63142099061732,1438,0,outer_ring
3113,66.25393283720868,5.3310962389115195,1467,0,outer_ring
3114,71.58149990721337,6.889263412383765,1568,0,outer_ring
3115,64.97735044147299,8.638083069070404,1450,0,outer_ring
3116,70.10845897008853,6.399598111463125,1550,0,outer_ring
3117,65.91834254707226,6.933994793002377,1468,0,outer_ring
3118,38.71521824855667,12.1841778891554,722,0,outer_ring
3119,42.878186802013666,21.733006871863434,2023,1,inner_ring
3120,93.90601673481265,52.52904756491607,5039,5,text_en_1919
3121,42.800501429559056,90.6351891833472,526,0,outer_ring
3122,45.58861000978472,92.39133900418123,456,0,outer_ring
3123,42.144674092697365,90.74375774640612,537,0,outer_ring
3124,56.571337994129095,93.3432852994902,143,0,outer_ring
3125,54.81640455420847,92.8575470271651,183,0,outer_ring
3126,43.27591221437254,90.70835192091336,515,0,outer_ring
3127,37.65770992110935,87.23442708928843,618,0,outer_ring
3128,41.92356067592148,88.21007464587649,553,0,outer_ring
3129,40.19165466468363,87.15822220958846,588,0,outer_ring
3130,32.881823580667316,82.63023320145626,659,0,outer_ring
3131,30.60704708737216,81.75653707844772,670,0,outer_ring
3132,35.99733170548877,65.21448526078878,1831,1,inner_ring
3133,26.6616446986154,67.147132275685,4795,5,text_en_1919
3134,21.155447671114484,67.32828712761213,4823,5,text_en_1919
3135,21.96030163915739,65.37190551123139,4827,5,text_en_1919
3136,23.490115342553107,51.886249290181894,5072,5,text_en_1919
3137,16.466964881068314,56.25659831534192,4987,5,text_en_1919
3138,17.121424259905012,49.936038415162,5124,5,text_en_1919
3139,23.952905678820205,55.21986696356697,5002,5,text_en_1919
3140,27.9584940052823,51.635361406168,1895,1,inner_ring
3141,36.66758250227681,59.69275922728148,2560,2,octagram
3142,45.3632692356169,58.97532919876022,3301,3,stroke_nan
3143,48.16651827932534,53.67587775098892,3392,3,stroke_nan
3144,42.492047389510475,64.01615314815929,2524,2,octagram
3145,48.67366493925349,55.17822832998812,3372,3,stroke_nan
3146,64.04607054000475,48.17312303794175,3994,4,stroke_kai
3147,58.70302047764558,53.27228832854746,3909,4,stroke_kai
3148,59.50039344764945,50.50535234046828,3948,4,stroke_kai
3149,68.42594407529954,61.792796831522075,2272,2,octagram
3150,63.87319243851139,70.22411427669212,2327,2,octagram
3151,58.84583588203901,68.66781595793289,2387,2,octagram
3152,51.058947565939704,56.969324770160654,3321,3,stroke_nan
3153,52.548770995407644,55.01814709413759,3343,3,stroke_nan
3154,51.73886528338401,47.99710977154979,3507,3,stroke_nan
3155,50.202559834039924,42.785807852924314,3618,3,stroke_nan
3156,42.706830617260785,48.69862808818227,3497,3,stroke_nan
3157,55.459339133813195,43.48506061378267,4108,4,stroke_kai
3158,44.15309431390831,41.88950860504206,3641,3,stroke_nan
3159,38.98284109807777,31.077284119337587,2829,2,octagram
3160,39.770405822858976,34.86594216210031,2815,2,octagram
3161,39.26320857435783,38.48788535341722,3691,3,stroke_nan
3162,31.516315766262075,31.899952913287876,1963,1,inner_ring
3163,26.578191244483687,43.72591477794365,5272,5,text_en_1919
3164,34.0900076280439,47.28088045711442,2679,2,octagram
3165,38.57979307315521,46.30478306327964,3557,3,stroke_nan
3166,42.70405185475625,49.24496533605606,3491,3,stroke_nan
3167,22.700326832543997,35.606162891748696,5388,5,text_en_1919
3168,22.630240684198736,44.37831055955793,5275,5,text_en_1919
3169,24.83028330726721,39.19980666696922,5315,5,text_en_1919
3170,29.168679326100207,30.120219399141924,1965,1,inner_ring
3171,37.56575524339045,11.33483434239849,718,0,outer_ring
3172,45.00271804151479,22.826566256642472,2897,2,octagram
3173,50.77691628895548,22.092650709889874,2049,1,inner_ring
3174,50.038885415060015,24.234388546490134,2929,2,octagram
3175,45.758757266877325,33.533983043199235,3780,3,stroke_nan
3176,56.39122231800385,35.76431258839784,4269,4,stroke_kai
3177,54.40371824862505,35.0527826631184,4271,4,stroke_kai
3178,69.3114458071914,31.278058334426028,3104,2,octagram
3179,55.47411943826031,42.86345437509575,4117,4,stroke_kai
3180,59.69742215661722,45.75090596335039,4074,4,stroke_kai
3181,65.22981235856925,44.952124540278824,4102,4,stroke_kai
3182,62.487454841559874,52.53770011373587,3924,4,stroke_kai
3183,62.927955197074404,51.6084069449643,3937,4,stroke_kai
3184,75.81580228538256,53.50347898964276,3260,2,octagram
3185,67.61420089887312,55.24681261410026,3881,4,stroke_kai
3186,74.08059531892997,61.515328607329636,2238,2,octagram
3187,66.49633741691873,73.05281738554942,2337,2,octagram
3188,49.53066312303748,79.77497802652319,4533,5,text_en_1919
3189,48.40711775908633,88.99746877988102,379,0,outer_ring
3190,52.292988403994656,86.78442447973795,258,0,outer_ring
3191,57.08121653213037,78.79745232785874,4588,5,text_en_1919
3192,51.39402788945799,91.7179503618901,277,0,outer_ring
3193,58.403493547094044,83.9120110755582,4374,5,text_en_1919
3194,50.66229993277901,91.00903957562701,299,0,outer_ring
3195,54.48339673935794,77.5331016909555,4598,5,text_en_1919
3196,48.93225694427907,78.27795057849858,4614,5,text_en_1919
3197,45.248953551136786,69.93471746158589,2497,2,octagram
3198,48.41376336595142,72.4726339325377,2458,2,octagram
3199,28.460281136936675,62.46084239983202,1860,1,inner_ring
3200,38.28277124241019,62.35079963283413,2549,2,octagram
3201,31.273227908319495,68.9231470758682,4748,5,text_en_1919
3202,57.53958106462524,93.37110072437156,121,0,outer_ring
3203,61.21195278152257,83.3529860502814,4442,5,text_en_1919
3204,60.89033009861677,91.09144425787117,63,0,outer_ring
3205,68.25334231478963,88.94271313034939,9,0,outer_ring
3206,69.09556989689582,80.92922940236281,4526,5,text_en_1919
3207,67.97232352122849,86.63746115445335,4341,5,text_en_1919
3208,71.00795260251982,79.2934205427509,4628,5,text_en_1919
3209,69.83441383410678,73.0511216890142,1715,1,inner_ring
3210,82.81166640033211,68.8410326994292,4818,5,text_en_1919
3211,78.17863973490536,73.17291485446836,4737,5,text_en_1919
3212,86.5327275102042,61.916130445467374,4886,5,text_en_1919
3213,82.7487570342198,61.86225752887349,4889,5,text_en_1919
3214,84.95033870744508,55.7510870540954,4993,5,text_en_1919
3215,79.78433218468444,54.20987280514515,3271,2,octagram
3216,85.97643229447014,48.65738177756005,5173,5,text_en_1919
3217,92.80478364309296,52.9303843182574,5024,5,text_en_1919
3218,81.81923900419638,37.55343708836278,2175,1,inner_ring
3219,93.46236894511459,49.17599872624266,5110,5,text_en_1919
3220,96.27376205705362,43.50597903617103,5244,5,text_en_1919
3221,92.53419460529378,52.34319650154985,5044,5,text_en_1919
3222,65.8690943095027,39.380534458612004,4172,4,stroke_kai
3223,57.31702889869581,40.70126398484447,4184,4,stroke_kai
3224,63.32241361604897,32.630239258985746,4275,4,stroke_kai
3225,71.37678177457201,32.690336684771914,3113,2,octagram
3226,68.57830030844701,33.285874224634526,3098,2,octagram
3227,61.00300527139837,26.51938875209394,2989,2,octagram
3228,82.17696767890412,32.78790963074338,2168,1,inner_ring
3229,67.00434055235493,36.67299207045558,4220,4,stroke_kai
3230,65.91265327155726,23.67361928977394,3033,2,octagram
3231,64.4485616890278,17.99179574507763,5454,5,text_en_1919
3232,72.22969100156159,27.15550412348882,2135,1,inner_ring
3233,63.95148547199199,16.055865807529813,5538,5,text_en_1919
3234,57.75469537577052,7.4435516864580755,1228,0,outer_ring
3235,51.1403247066299,14.213557987124688,5608,5,text_en_1919
3236,52.16967010952135,21.01228993253533,2054,1,inner_ring
3237,49.16828678322619,16.5198533397737,5507,5,text_en_1919
3238,49.594542213110635,7.489231402468973,914,0,outer_ring
3239,47.313837698586454,7.268982052741181,829,0,outer_ring
3240,53.089248284251916,6.424981132563829,1044,0,outer_ring
3241,52.300588303863165,9.343366780927898,1012,0,outer_ring
3242,49.65827396931556,5.357156631152628,921,0,outer_ring
3243,55.44715981600114,9.262642258252102,1139,0,outer_ring
3244,53.399913816256166,3.8240904476401867,1059,0,outer_ring
3245,42.771972442813436,9.320495870995401,742,0,outer_ring
3246,48.27284287298856,7.1848801961207585,862,0,outer_ring
3247,46.18802635786172,7.960566110379271,799,0,outer_ring
3248,50.506717756243056,6.681830375418237,952,0,outer_ring
3249,55.50725769818495,6.814129927192694,1138,0,outer_ring
3250,56.042470486680706,6.918788799357481,1165,0,outer_ring
3251,58.13618174510223,5.283086094151008,1237,0,outer_ring
3252,64.8733539105338,9.831116204204736,1453,0,outer_ring
3253,60.89057465873622,8.548749049279968,1336,0,outer_ring
3254,67.39140393844376,14.17956632330068,5579,5,text_en_1919
3255,72.88894374009907,8.526720018398969,1583,0,outer_ring
3256,75.1597866535244,8.881337475322766,1597,0,outer_ring
3257,62.663272573001834,7.96507981539996,1385,0,outer_ring
3258,65.56605543683155,4.9019454667173665,1447,0,outer_ring
3259,69.20628311763045,7.881549294101719,1546,0,outer_ring
3260,40.33651206118096,26.54296380218138,2862,2,octagram
3261,40.51105491112993,24.69928411009981,2869,2,octagram
3262,79.78573174603738,39.55661359016421,3168,2,octagram
3263,49.787660351930384,94.01775907918032,313,0,outer_ring
3264,48.03043395518999,88.47139351058013,391,0,outer_ring
3265,49.27383018479327,91.70662214643363,343,0,outer_ring
3266,57.79269174177006,89.6138754280702,107,0,outer_ring
3267,47.10226345256656,89.89866592534825,420,0,outer_ring
3268,41.58983364752194,87.6381004491892,566,0,outer_ring
3269,43.98347051981568,90.93834523420045,496,0,outer_ring
3270,42.481697292753616,86.78558888377091,551,0,outer_ring
3271,37.817027869668586,88.73442636013533,606,0,outer_ring
3272,38.89090942772606,85.98517472796846,605,0,outer_ring
3273,35.41273080647385,85.98812016896602,641,0,outer_ring
3274,29.92246009183902,69.71652697163202,4731,5,text_en_1919
3275,32.453720393721575,73.46048328298843,4696,5,text_en_1919
3276,20.51215686231442,58.42449166599883,4967,5,text_en_1919
3277,26.79878511876293,63.31867868696032,4861,5,text_en_1919
3278,22.53684168901289,60.70596376640538,4939,5,text_en_1919
3279,21.825598263537803,55.38251100576413,5000,5,text_en_1919
3280,26.71689754261068,52.48429508806674,1893,1,inner_ring
3281,18.188508148638153,50.88381061056185,5108,5,text_en_1919
3282,29.568249193564043,55.34163343525144,2626,2,octagram
3283,35.86463189972082,60.63283791052982,2562,2,octagram
3284,44.796628170872346,54.02761486192686,3367,3,stroke_nan
3285,43.18856524465133,55.388868751384976,3344,3,stroke_nan
3286,48.52243319681303,56.26433584692506,3352,3,stroke_nan
3287,50.43659382736968,68.35341971308071,2435,2,octagram
3288,51.21190169767363,67.53078367988583,2429,2,octagram
3289,63.90834531115435,54.54700282641894,3880,4,stroke_kai
3290,57.981351141008744,72.22510780120183,2382,2,octagram
3291,63.53847679492238,73.78547550308276,1731,1,inner_ring
3292,61.71944519959726,71.70440443872607,2364,2,octagram
3293,64.27118517587965,71.92132410193187,2353,2,octagram
3294,57.47214602381092,58.90926427673159,3808,4,stroke_kai
3295,57.164758001775695,54.21514847505383,3886,4,stroke_kai
3296,51.749827543701,46.54153592735264,3553,3,stroke_nan
3297,40.27377065592254,38.62242363848451,3699,3,stroke_nan
3298,52.5818713189418,52.0017649556456,3451,3,stroke_nan
3299,47.89186792996354,46.10623836406749,3555,3,stroke_nan
3300,48.69521076942802,37.62944434510881,3740,3,stroke_nan
3301,43.78719045088202,35.72022405034375,3759,3,stroke_nan
3302,40.84525185511248,33.237393750840596,2820,2,octagram
3303,33.413134039314144,36.44769291282495,2773,2,octagram
3304,31.231161757913164,40.469530509287345,2726,2,octagram
3305,30.739060733232204,41.12316719381294,2723,2,octagram
3306,28.641534698287966,43.41693869857691,1924,1,inner_ring
3307,35.90775502941073,47.64391796850073,2680,2,octagram
3308,38.09264697464522,46.18353887666709,3543,3,stroke_nan
3309,29.311334832330814,34.92038248878646,2752,2,octagram
3310,31.27019522156268,36.04443824873832,2761,2,octagram
3311,23.357669479036826,36.264288943086896,5378,5,text_en_1919
3312,36.101664089157936,26.66186694032731,1997,1,inner_ring
3313,43.02129013355909,14.696395329736172,5569,5,text_en_1919
3314,53.28376525961055,21.12902156773641,2058,1,inner_ring
3315,53.53944186506794,22.768667302710412,2060,1,inner_ring
3316,50.13562439060039,27.8196811316347,2936,2,octagram
3317,59.003895912873155,46.948420754396665,4029,4,stroke_kai
3318,46.88116499507204,41.97754661025585,3656,3,stroke_nan
3319,59.049491527431044,35.244426542377525,4257,4,stroke_kai
3320,55.821716773684436,46.02072191189026,4059,4,stroke_kai
3321,58.29806312702975,46.86725860835625,4037,4,stroke_kai
3322,57.956388715441,50.85427756067432,3954,4,stroke_kai
3323,78.1404213754004,42.0042556023585,3180,2,octagram
3324,70.52144182507433,48.15245742722643,3223,2,octagram
3325,74.67350769494962,40.84361850903527,3186,2,octagram
3326,80.18524666365342,59.93002496780902,2212,2,octagram
3327,67.60746647262926,60.50600161739312,2273,2,octagram
3328,69.13354606780011,62.585354774972636,2271,2,octagram
3329,65.95936730859431,70.58539195591811,2328,2,octagram
3330,51.69932884239931,78.89709082173466,4564,5,text_en_1919
3331,44.066808995788286,80.79721574351333,4484,5,text_en_1919
3332,51.827472134551805,88.93674349633616,270,0,outer_ring
3333,52.3687045184822,87.14522676626368,253,0,outer_ring
3334,53.470676756687084,89.05932268667316,221,0,outer_ring
3335,59.21731460520291,83.06326439079776,4447,5,text_en_1919
3336,53.61770724692472,91.70105847224424,214,0,outer_ring
3337,52.52751033834422,80.1181831968679,4534,5,text_en_1919
3338,52.54366089039162,77.98203047930298,4597,5,text_en_1919
3339,45.861835753729714,81.79165784430666,4433,5,text_en_1919
3340,45.458337326049815,75.6351936548947,1794,1,inner_ring
3341,29.366868927477153,58.11545203902329,2610,2,octagram
3342,37.69736787010361,65.19199929045844,2523,2,octagram
3343,33.24173364969662,67.20245022782817,1834,1,inner_ring
3344,53.43903557468775,92.16864071182735,219,0,outer_ring
3345,60.95609859570805,91.38329526568661,62,0,outer_ring
3346,57.701128589514056,89.66725145900772,110,0,outer_ring
3347,62.62749282324116,90.75892029506775,44,0,outer_ring
3348,63.45670049532972,86.25536068860532,4317,5,text_en_1919
3349,81.1547532557368,67.44790622509235,4833,5,text_en_1919
3350,75.15606593119728,79.6471922546619,4570,5,text_en_1919
3351,74.87343422815302,73.28567153362557,4713,5,text_en_1919
3352,79.40415193057221,70.05347308423062,4773,5,text_en_1919
3353,82.12017422984248,62.97798919737761,4878,5,text_en_1919
3354,80.05938108528271,56.532103716034996,3282,2,octagram
3355,82.63437610613187,60.342861671856646,4912,5,text_en_1919
3356,81.34723794448385,53.24820785139643,1633,1,inner_ring
3357,80.91704948097238,53.59749161789173,1636,1,inner_ring
3358,88.44783147140092,47.874442351337855,5174,5,text_en_1919
3359,91.88745616951684,53.97716359242214,5017,5,text_en_1919
3360,90.99836896872006,48.001260096424005,5158,5,text_en_1919
3361,93.09761046162399,42.223575103576074,5267,5,text_en_1919
3362,80.16285567740115,34.558534679262785,2169,1,inner_ring
3363,91.24112601112844,47.41179073520096,5159,5,text_en_1919
3364,56.79778769717273,34.34452136613354,4281,4,stroke_kai
3365,77.04612284411996,39.17454178276412,3171,2,octagram
3366,61.24222769505265,48.296297957742716,4020,4,stroke_kai
3367,67.00006514808047,44.82519558772738,4100,4,stroke_kai
3368,65.01071844257797,23.51198197088077,3031,2,octagram
3369,62.153278466469665,24.385875410767976,3003,2,octagram
3370,77.563476872393,39.77375685241575,3170,2,octagram
3371,71.6902178704887,34.32703550641226,3119,2,octagram
3372,70.62353098468819,26.443036145474053,2130,1,inner_ring
3373,64.85295251671737,23.06468070843211,3029,2,octagram
3374,59.737505745561734,13.24677965782896,5658,5,text_en_1919
3375,62.521077117758686,15.362222291168623,5533,5,text_en_1919
3376,58.19307653464128,11.690879308016928,5678,5,text_en_1919
3377,56.27382335363298,8.608588894429117,1178,0,outer_ring
3378,54.57580899864367,14.750521098126171,5589,5,text_en_1919
3379,51.48409892464769,14.675928800115551,5564,5,text_en_1919
3380,48.91652132624321,6.116538353149238,895,0,outer_ring
3381,44.228435082408765,8.699642049077445,761,0,outer_ring
3382,55.429066889547464,5.923127898540195,1132,0,outer_ring
3383,55.63545925056767,4.3297662168443285,1141,0,outer_ring
3384,53.37851438158715,7.410631506516807,1054,0,outer_ring
3385,58.60819085066111,5.838793440954353,1253,0,outer_ring
3386,53.66893532805257,6.418783155988235,1068,0,outer_ring
3387,48.98302476587703,6.704180389729573,896,0,outer_ring
3388,49.884936725012444,8.226979984838081,920,0,outer_ring
3389,50.63552895933294,5.708107021114304,959,0,outer_ring
3390,51.80868798094601,9.8505443869864,991,0,outer_ring
3391,41.06291788418381,4.5001283965078756,740,0,outer_ring
3392,58.5097262802,5.5401211958662016,1250,0,outer_ring
3393,57.24026415327203,6.490222079775876,1209,0,outer_ring
3394,61.310150997800655,7.274815770172749,1346,0,outer_ring
3395,60.48641347391571,7.043514452869185,1320,0,outer_ring
3396,64.34306822715735,5.778693256330508,1427,0,outer_ring
3397,67.80397434211406,7.330235651058617,1523,0,outer_ring
3398,66.66210132589383,7.462690118757769,1494,0,outer_ring
3399,63.76901536137499,6.033729820588409,1405,0,outer_ring
3400,70.47567011986096,10.685694887107063,1570,0,outer_ring
3401,71.77631199354663,9.76922283936608,1579,0,outer_ring
3402,37.36994625197788,24.099655890938983,2008,1,inner_ring
3403,40.92018395636091,29.861032523167776,2840,2,octagram
3404,88.5381863089718,40.038812842980754,5340,5,text_en_1919
3405,50.340401228756946,87.5050930244338,320,0,outer_ring
3406,47.2735528206596,91.84367607592448,401,0,outer_ring
3407,46.00972557067658,91.46685625509771,450,0,outer_ring
3408,55.03263442345855,93.10807371627315,175,0,outer_ring
3409,50.403235399407286,91.85444320392132,305,0,outer_ring
3410,46.587528124644855,90.50259342851194,437,0,outer_ring
3411,44.45568035582022,90.10503677959865,488,0,outer_ring
3412,42.2232042727338,88.78107551355009,547,0,outer_ring
3413,43.99689576905978,95.06493475013869,477,0,outer_ring
3414,34.930234051751334,65.85092656317883,1832,1,inner_ring
3415,41.271485859318794,75.87942752384507,1802,1,inner_ring
3416,28.534113735093335,68.0139522598764,4790,5,text_en_1919
3417,32.060309671113615,81.16296205822998,667,0,outer_ring
3418,22.388257458876065,75.10225603350017,685,0,outer_ring
3419,21.22412724620854,57.9348290847294,4964,5,text_en_1919
3420,14.80530673349408,46.90835954207711,702,0,outer_ring
3421,23.019816780792198,55.89115135959479,4997,5,text_en_1919
3422,28.825337592006218,49.96753841213722,1900,1,inner_ring
3423,23.358829565398693,47.68108948373139,5153,5,text_en_1919
3424,35.258593016293716,57.41579588220018,2572,2,octagram
3425,38.793509691653,51.739387403571214,3441,3,stroke_nan
3426,37.94559116737662,58.883918064296694,2557,2,octagram
3427,41.28156015018468,65.18262524825026,2518,2,octagram
3428,49.19423350374924,55.59746091670712,3349,3,stroke_nan
3429,50.994369203676754,55.10078719668957,3359,3,stroke_nan
3430,53.8225087848754,67.09537884837707,2417,2,octagram
3431,57.13027709849536,68.61239647301647,2397,2,octagram
3432,61.66352895831373,58.835723954058345,3814,4,stroke_kai
3433,56.855886189156514,69.0342283462576,2396,2,octagram
3434,61.903397890651526,69.20955814948816,2368,2,octagram
3435,55.792376872293595,68.03690711176178,2403,2,octagram
3436,62.94457220493452,53.39328010178278,3905,4,stroke_kai
3437,56.317406754270536,45.61941916789935,4065,4,stroke_kai
3438,52.2046173525379,49.07236736992812,3496,3,stroke_nan
3439,50.334095237853106,40.84443158758425,3692,3,stroke_nan
3440,48.13338389373362,43.46906265963882,3609,3,stroke_nan
3441,52.41630822290457,45.60542986677516,3582,3,stroke_nan
3442,42.97596951004361,41.35923058190707,3654,3,stroke_nan
3443,42.84715860467536,31.400924171407464,2832,2,octagram
3444,35.73776953647628,33.19816242434947,2797,2,octagram
3445,37.08538099104893,32.59846425750226,2807,2,octagram
3446,28.475381683248457,38.55273151014238,1938,1,inner_ring
3447,25.78740222980313,36.23631258152746,5368,5,text_en_1919
3448,28.06360553405252,34.73790833203996,2750,2,octagram
3449,41.452400664125605,46.42056017256885,3535,3,stroke_nan
3450,42.9731696585965,53.25299666430843,3380,3,stroke_nan
3451,33.0119650126637,45.46843151024494,2692,2,octagram
3452,17.153473825463625,40.39025869564968,5326,5,text_en_1919
3453,26.051580820142032,38.283851317477044,5358,5,text_en_1919
3454,33.02898070768768,29.487443858972863,1976,1,inner_ring
3455,42.20578377850344,27.530977008768602,2859,2,octagram
3456,37.837238637443015,25.868388918924417,2004,1,inner_ring
3457,44.09096862640853,22.692040661936,2891,2,octagram
3458,50.971598379324455,26.11284308397439,2934,2,octagram
3459,57.5067814817249,26.932235986743095,2975,2,octagram
3460,51.15335941138484,39.747749440749,3712,3,stroke_nan
3461,57.68626764250813,32.753731146876675,4285,4,stroke_kai
3462,50.7801612294873,44.882954904997284,3584,3,stroke_nan
3463,59.634667626223866,48.82565991678451,3993,4,stroke_kai
3464,58.65576786414423,42.6704812158675,4125,4,stroke_kai
3465,61.42652582938624,52.902557678052545,3903,4,stroke_kai
3466,66.93493192375166,47.625956917862766,4036,4,stroke_kai
3467,72.68400682315762,43.23194102674573,3200,2,octagram
3468,74.10836533530532,53.6562401807289,3254,2,octagram
3469,73.56298084569404,61.018030232539715,2242,2,octagram
3470,76.46455769779864,56.658676474181156,3273,2,octagram
3471,70.21796877665321,59.95736275540047,2257,2,octagram
3472,46.67426459032922,72.09128364422112,2465,2,octagram
3473,48.58996723397974,80.71245483100981,4478,5,text_en_1919
3474,56.44654125843002,90.96201984376998,145,0,outer_ring
3475,47.079433932439045,87.72543018199887,438,0,outer_ring
3476,53.17369777572861,91.36235751085759,231,0,outer_ring
3477,55.03587167558797,83.71461216453432,4347,5,text_en_1919
3478,54.1953938256575,84.56921569146168,4315,5,text_en_1919
3479,57.87313584428065,83.5252363334828,4418,5,text_en_1919
3480,55.25448698522655,75.24614695682797,1757,1,inner_ring
3481,48.88744714056295,82.10169523715633,4406,5,text_en_1919
3482,47.7696694545877,77.02129438846055,4639,5,text_en_1919
3483,29.91083067368003,60.29834834035222,1866,1,inner_ring
3484,25.35356901798178,66.9238063102945,4783,5,text_en_1919
3485,17.297740780377676,65.78505973928424,691,0,outer_ring
3486,51.985541666991416,90.13251224416865,264,0,outer_ring
3487,56.62421578858852,88.7436527370245,141,0,outer_ring
3488,57.02711077936039,91.10341433375356,132,0,outer_ring
3489,63.655239947814344,90.83435943971408,36,0,outer_ring
3490,64.18113818560438,80.66541538972439,4524,5,text_en_1919
3491,70.61518390807008,80.55997193987844,4557,5,text_en_1919
3492,71.000194445546,84.3910388573177,4415,5,text_en_1919
3493,76.26674737815243,76.62082552046417,4692,5,text_en_1919
3494,69.48508127310659,76.96418034011305,4660,5,text_en_1919
3495,82.70274266900196,71.82055680371818,4726,5,text_en_1919
3496,77.52376348106087,61.231508476157494,2222,2,octagram
3497,82.36956406080166,66.94566925162117,4826,5,text_en_1919
3498,80.75123049474706,62.640177604342085,4898,5,text_en_1919
3499,86.83151522169075,58.13768821440911,4938,5,text_en_1919
3500,80.11529558812634,51.25662670826066,1626,1,inner_ring
3501,89.49270147538604,46.291174472190576,5194,5,text_en_1919
3502,91.59261791111463,45.38934690034495,5233,5,text_en_1919
3503,83.77265040495418,39.69864176550048,2188,1,inner_ring
3504,83.14521211405788,39.04794970459301,2181,1,inner_ring
3505,81.26646723351658,36.83088825076799,3157,2,octagram
3506,54.936576220194034,40.8671148210003,4180,4,stroke_kai
3507,68.13088941057636,34.92204132732564,3102,2,octagram
3508,65.35379389500774,21.126843937200203,2098,1,inner_ring
3509,55.97493072446973,23.64507407183622,2976,2,octagram
3510,72.49885399820715,34.92529788524668,3126,2,octagram
3511,63.74075683052365,25.79823005351175,3046,2,octagram
3512,76.84621223473955,36.68871388553461,3150,2,octagram
3513,74.35317855098943,30.00799281293043,2151,1,inner_ring
3514,75.61180779621417,29.449555989393048,2153,1,inner_ring
3515,66.18737721897219,29.051637517086963,3067,2,octagram
3516,58.81978830157432,17.616053602222394,5491,5,text_en_1919
3517,55.526244693216064,9.527494467522047,1142,0,outer_ring
3518,56.380083697707754,14.959044863347437,5626,5,text_en_1919
3519,57.09756094493245,13.569938763501806,5644,5,text_en_1919
3520,47.10156581169484,18.17637963386968,5462,5,text_en_1919
3521,53.77928873955304,16.47254634779845,5497,5,text_en_1919
3522,47.28846734337235,15.151651008106377,5595,5,text_en_1919
3523,45.32076714593316,6.817305606865689,784,0,outer_ring
3524,51.49142884605979,15.177949543920011,5559,5,text_en_1919
3525,46.16996019516764,16.171881544969352,5591,5,text_en_1919
3526,54.52176994483744,7.503254146942593,1098,0,outer_ring
3527,58.618235597835984,6.000079855015499,1255,0,outer_ring
3528,56.23028861443304,7.1368952954660445,1173,0,outer_ring
3529,50.959804882670745,8.196034879764042,969,0,outer_ring
3530,51.97614239179019,7.034623921158262,1000,0,outer_ring
3531,44.28239035211078,7.268552332132438,766,0,outer_ring
3532,50.003478422277574,5.466105205693169,933,0,outer_ring
3533,55.18735400911212,9.142380757679897,1126,0,outer_ring
3534,54.986237100059284,16.74630242656885,5508,5,text_en_1919
3535,58.94049595696486,6.938812912397858,1268,0,outer_ring
3536,63.37415916133257,8.634284380688548,1408,0,outer_ring
3537,64.21467565979967,16.615689726952155,5521,5,text_en_1919
3538,65.01888892360158,15.186672797792088,5572,5,text_en_1919
3539,74.11167195807366,9.215729611440878,1591,0,outer_ring
3540,75.54879349522966,14.15620498569985,1606,0,outer_ring
3541,67.9515045602973,6.886339346577698,1525,0,outer_ring
3542,68.14871733732734,6.164561899699695,1524,0,outer_ring
3543,69.38602554373918,11.73857469808733,1558,0,outer_ring
3544,42.940965610410785,21.219014849128392,2024,1,inner_ring
3545,47.15080486009434,17.899765355116397,5468,5,text_en_1919
3546,88.72609405745257,46.505205965619695,5221,5,text_en_1919
3547,46.756163670371755,91.02330308525625,426,0,outer_ring
3548,45.846452410426124,89.03052406831424,464,0,outer_ring
3549,47.2020428421915,89.87828490478236,416,0,outer_ring
3550,56.74292351831288,90.73528469237557,139,0,outer_ring
3551,49.85017408840279,91.08689960514137,323,0,outer_ring
3552,42.75169683519846,91.92586852621108,523,0,outer_ring
3553,40.86966774925519,89.83178456988341,567,0,outer_ring
3554,43.58526137591131,87.44109063131349,528,0,outer_ring
3555,47.83895555989892,87.17204571442565,408,0,outer_ring
3556,39.113215023727534,75.6359475358216,1805,1,inner_ring
3557,29.88780080102951,81.82583101376595,674,0,outer_ring
3558,39.289255675610825,70.14812940504567,2499,2,octagram
3559,35.19358698498449,69.90280257079982,1825,1,inner_ring
3560,22.216079582843506,62.20729981916189,4895,5,text_en_1919
3561,26.109079796639996,63.57836983555796,4848,5,text_en_1919
3562,25.151474808125514,53.96622256029025,5013,5,text_en_1919
3563,23.79404670173128,48.132675958319176,5144,5,text_en_1919
3564,20.28015190938795,47.055800814788554,5199,5,text_en_1919
3565,26.89343739784409,49.644960087112324,1904,1,inner_ring
3566,33.374415441260126,53.68299498855088,2643,2,octagram
3567,35.79848206252262,48.63039653241376,2677,2,octagram
3568,45.39036089756126,56.2743084696473,3329,3,stroke_nan
3569,38.61254513045778,64.30482761756164,2533,2,octagram
3570,41.35810367855852,54.477187177893086,3360,3,stroke_nan
3571,53.89105076371813,60.04085860401602,3813,4,stroke_kai
3572,51.667185113599466,69.95660960250548,2432,2,octagram
3573,64.2320386645779,56.17213925963839,3857,4,stroke_kai
3574,63.61092838381245,56.47928625431043,3846,4,stroke_kai
3575,58.878375241277965,75.2771678525503,1747,1,inner_ring
3576,67.5112987087227,68.88542255621515,2315,2,octagram
3577,64.2457277367726,63.36255585467935,2289,2,octagram
3578,56.895918101319616,53.09256530578263,3889,4,stroke_kai
3579,49.18356027557662,49.21091449043231,3477,3,stroke_nan
3580,50.88566110133504,51.75946263368841,3415,3,stroke_nan
3581,48.97644719016115,52.99364223122997,3408,3,stroke_nan
3582,59.0303096631858,38.56138891490384,4208,4,stroke_kai
3583,48.24077045125588,48.53685353618725,3495,3,stroke_nan
3584,43.65344771181987,28.602563359247892,2854,2,octagram
3585,42.69579071392519,35.752404280118355,3760,3,stroke_nan
3586,42.38322925994495,31.1235908178488,2833,2,octagram
3587,33.357081904490336,36.571237720547764,2770,2,octagram
3588,30.879194543375206,40.61421205703994,2727,2,octagram
3589,29.11146210506519,35.59980260367746,1948,1,inner_ring
3590,27.7168299350364,48.23569266426936,1909,1,inner_ring
3591,38.70023272075208,48.90117166716368,3484,3,stroke_nan
3592,43.16417832531311,54.95766587768698,3355,3,stroke_nan
3593,26.1352623650483,42.34290368612341,5274,5,text_en_1919
3594,18.02205292484427,35.81353484816362,5393,5,text_en_1919
3595,28.64211810408078,38.06826820587101,1939,1,inner_ring
3596,37.4815509886218,34.499247878858995,2804,2,octagram
3597,36.5371637903456,8.056820290703687,720,0,outer_ring
3598,43.86590908705666,22.97183930118054,2893,2,octagram
3599,42.08267786364013,22.521237456804304,2883,2,octagram
3600,50.01459994712936,29.413037210345532,2939,2,octagram
3601,49.466234241646674,34.7553289191686,3763,3,stroke_nan
3602,46.50430076486494,41.73911019842815,3673,3,stroke_nan
3603,54.77897041900324,39.66992771798308,4201,4,stroke_kai
3604,58.136081059481675,54.29405380878079,3893,4,stroke_kai
3605,63.16798731853794,34.895158824737024,4260,4,stroke_kai
3606,66.18255326958196,43.27760425469308,4126,4,stroke_kai
3607,56.293119166228294,53.82792889743778,3900,4,stroke_kai
3608,69.31631130860465,54.15228891079925,3910,4,stroke_kai
3609,67.67855616093236,45.32125028877998,4080,4,stroke_kai
3610,73.76602965454545,58.42422758406024,2232,2,octagram
3611,74.57001731898694,54.73063634763092,3261,2,octagram
3612,70.68708416865447,60.96714250977778,2258,2,octagram
3613,66.59738607060434,71.98955028573705,2334,2,octagram
3614,43.35965713000138,72.16643751168924,2488,2,octagram
3615,48.38014075905326,81.50624899468157,4428,5,text_en_1919
3616,52.15156688779378,81.92734613182358,4434,5,text_en_1919
3617,45.94841467132667,75.4978023627946,1791,1,inner_ring
3618,55.13734929328602,87.53464879444327,173,0,outer_ring
3619,58.27776012350118,86.15449656832314,4316,5,text_en_1919
3620,55.53979640591858,92.35401819442347,160,0,outer_ring
3621,52.97048337499144,80.31411085983747,4528,5,text_en_1919
3622,42.40872580921472,71.97964832807054,2489,2,octagram
3623,44.701896452763734,80.2671075730929,4521,5,text_en_1919
3624,48.692945493818065,77.02467311225732,4631,5,text_en_1919
3625,30.40903440302648,61.42249579801107,1859,1,inner_ring
3626,32.674914546108255,60.17779955072121,2582,2,octagram
3627,31.22737096276915,62.036023854977806,1855,1,inner_ring
3628,51.445035549827786,90.69737169697179,278,0,outer_ring
3629,56.59889405456598,91.12023253428639,142,0,outer_ring
3630,64.16967305635941,82.65071107078855,4477,5,text_en_1919
3631,60.38936893342536,93.25052112755567,74,0,outer_ring
3632,71.21025834316652,77.84539583314411,4649,5,text_en_1919
3633,68.7619431897419,81.0594933291533,4569,5,text_en_1919
3634,75.42662953221596,79.33325636531468,4617,5,text_en_1919
3635,80.60954360781412,79.04952823452736,4675,5,text_en_1919
3636,80.26356614708045,70.45012520116191,4757,5,text_en_1919
3637,80.73894744088837,69.05463966710583,4781,5,text_en_1919
3638,77.99251665603609,61.692962187443406,1660,1,inner_ring
3639,84.27581493964222,56.561973618105235,4983,5,text_en_1919
3640,84.19750451379262,59.54262111303565,4924,5,text_en_1919
3641,85.4236148693738,51.9914381426396,5061,5,text_en_1919
3642,89.84527894290954,53.991125224552704,5014,5,text_en_1919
3643,84.35259790804226,57.32604239347881,4981,5,text_en_1919
3644,84.33722778485344,47.84209079503452,1616,1,inner_ring
3645,91.77057159847551,47.58620100769195,5169,5,text_en_1919
3646,94.8975498175952,46.48060734967247,5234,5,text_en_1919
3647,93.13410461510702,49.458290746147824,5100,5,text_en_1919
3648,67.67271758368204,33.58967935891671,3097,2,octagram
3649,64.73027553089099,37.48006199886765,4221,4,stroke_kai
3650,63.72723367746234,39.147408669522456,4196,4,stroke_kai
3651,66.39018301045954,29.978428064281026,3074,2,octagram
3652,71.66849784517684,28.89241164231411,2141,1,inner_ring
3653,69.10381124559127,30.130547205629426,3096,2,octagram
3654,70.19076152618504,24.914283637591346,2125,1,inner_ring
3655,73.40738247193389,29.604020030220862,2147,1,inner_ring
3656,67.46009171246337,17.931527983367126,5443,5,text_en_1919
3657,59.916744789963055,23.533506246963825,2993,2,octagram
3658,62.65464535639785,17.630969070362486,5478,5,text_en_1919
3659,57.993264324978576,15.598262675663015,5575,5,text_en_1919
3660,52.815145250763216,14.503893653928518,5565,5,text_en_1919
3661,66.02071698493963,8.384285539815616,1478,0,outer_ring
3662,50.08289371969348,7.792537276926876,928,0,outer_ring
3663,47.09468025600551,18.1068127828111,5465,5,text_en_1919
3664,53.95620786281084,4.5655439812035015,1076,0,outer_ring
3665,47.55201717291834,12.859462259636985,5666,5,text_en_1919
3666,45.95292959727394,17.505878961504866,5486,5,text_en_1919
3667,48.42451759483303,7.887412927375581,863,0,outer_ring
3668,58.5467513753199,3.5031515816315113,1245,0,outer_ring
3669,55.724943078699305,7.1079396952450695,1150,0,outer_ring
3670,58.017517200399126,6.462848444965642,1235,0,outer_ring
3671,45.96079559554175,5.7086077548658025,801,0,outer_ring
3672,48.6374815272169,5.592155189426974,885,0,outer_ring
3673,47.629865948981944,5.73361169433497,845,0,outer_ring
3674,50.33903738267038,8.10793637265958,937,0,outer_ring
3675,51.452279966327104,9.92983824150593,985,0,outer_ring
3676,57.43142495545661,6.763529123809803,1218,0,outer_ring
3677,63.21653587438945,6.960620729014577,1398,0,outer_ring
3678,68.44542236330483,22.757580408227664,2115,1,inner_ring
3679,64.39634634355582,8.425201298647975,1435,0,outer_ring
3680,69.07610550172308,16.87237775196907,5448,5,text_en_1919
3681,68.74864346072911,9.375722572728527,1547,0,outer_ring
3682,70.48442637211528,16.607142789416333,5485,5,text_en_1919
3683,66.12978738926098,5.523797434792951,1462,0,outer_ring
3684,68.38397677831311,7.491406909366111,1534,0,outer_ring
3685,64.66505370864657,6.167056666986507,1431,0,outer_ring
3686,36.31782808673551,33.38655892465392,2801,2,octagram
3687,38.973551484293786,28.5408058064437,2846,2,octagram
3688,82.3555906187609,40.02448373800025,2187,1,inner_ring
3689,54.00782572834443,87.72338112818856,207,0,outer_ring
3690,44.10968510191278,88.18811085589378,509,0,outer_ring
3691,44.75448422078082,89.26659722436474,485,0,outer_ring
3692,55.451720247646705,90.17689556520399,165,0,outer_ring
3693,50.01469890084757,89.74935557080157,322,0,outer_ring
3694,50.68778071097532,88.6528689718205,306,0,outer_ring
3695,43.00073444299708,89.25467332343922,530,0,outer_ring
3696,35.72261550805033,85.72194426849704,640,0,outer_ring
3697,40.72006350160121,86.04800415682166,587,0,outer_ring
3698,44.48931920134112,75.48705475587505,1797,1,inner_ring
3699,38.91300942673365,72.39756380837501,1812,1,inner_ring
3700,29.05248881929353,71.98018775089639,4709,5,text_en_1919
3701,34.11914897869676,71.30599304525882,1824,1,inner_ring
3702,20.70007622116489,68.18405860309763,4787,5,text_en_1919
3703,27.150342600349763,66.38577786099202,4820,5,text_en_1919
3704,25.149507460370387,54.25316768284392,5005,5,text_en_1919
3705,22.7119929135773,58.76054761767162,4953,5,text_en_1919
3706,27.192208492420427,50.09100728840778,1901,1,inner_ring
3707,33.393215885983295,53.424437957781116,2644,2,octagram
3708,35.853829606267375,58.212989566726485,2565,2,octagram
3709,41.30219088303288,63.17319041412598,2532,2,octagram
3710,40.62800360645405,50.17016218969949,3465,3,stroke_nan
3711,44.88565757371514,51.58462489883809,3443,3,stroke_nan
3712,47.34043090471072,55.646430188687575,3357,3,stroke_nan
3713,48.535295372830824,60.80449110902691,3295,3,stroke_nan
3714,59.42253755982868,69.59888528969812,2381,2,octagram
3715,59.83707774386836,57.032543668933805,3847,4,stroke_kai
3716,62.80170711931025,51.81060330116684,3935,4,stroke_kai
3717,67.76462868011761,62.58871842848915,2282,2,octagram
3718,61.15744993732353,69.4132109313637,2370,2,octagram
3719,65.71114328234968,75.76667303970673,1727,1,inner_ring
3720,63.92611124017964,58.11548283767759,3823,4,stroke_kai
3721,55.79328012644363,51.682187429499464,3946,4,stroke_kai
3722,46.01162975917442,51.149165190674914,3433,3,stroke_nan
3723,44.412535294849064,53.19847968498304,3406,3,stroke_nan
3724,52.953958764639005,47.82314499716807,3521,3,stroke_nan
3725,52.081252836092105,42.75929201009058,3621,3,stroke_nan
3726,47.04061389960184,36.96007153881656,3734,3,stroke_nan
3727,38.763094897774785,34.11774968486827,2814,2,octagram
3728,29.958528078741885,34.81360753145437,2755,2,octagram
3729,41.37386128856923,22.801879738781764,2020,1,inner_ring
3730,27.106499393724995,49.172666426713675,1906,1,inner_ring
3731,27.31642296507957,34.80725133823261,5382,5,text_en_1919
3732,27.93922339715681,45.30901435547633,1917,1,inner_ring
3733,33.648993060676325,43.34039359165467,2703,2,octagram
3734,42.3751740908508,45.28935778999296,3554,3,stroke_nan
3735,27.295718330822815,44.40564283964763,1920,1,inner_ring
3736,29.48699418841138,33.13243169946012,1957,1,inner_ring
3737,23.13953034255029,38.72388237490478,5352,5,text_en_1919
3738,34.476454564855516,34.48132195837926,2785,2,octagram
3739,32.79446962025217,23.980181755361727,1993,1,inner_ring
3740,44.855317400904156,22.756260855281262,2896,2,octagram
3741,52.44841476720089,22.459702358605643,2055,1,inner_ring
3742,49.48642164551298,26.798246647064477,2931,2,octagram
3743,49.90388392096257,29.841439106422484,2942,2,octagram
3744,50.90277066458703,37.650688175731574,3730,3,stroke_nan
3745,55.4896517506274,38.24870023266026,4232,4,stroke_kai
3746,60.68051483561141,43.27969575597217,4120,4,stroke_kai
3747,56.1223302397743,47.68323140375333,4014,4,stroke_kai
3748,66.44740681893583,50.4837910717586,3968,4,stroke_kai
3749,71.6456117101027,49.05845467637216,3228,2,octagram
3750,79.08125978245364,37.74054530705628,3161,2,octagram
3751,65.30665075144812,48.50756395920254,4027,4,stroke_kai
3752,78.4222175726299,61.04483695090185,2220,2,octagram
3753,72.06293579506348,50.58312363478241,3234,2,octagram
3754,74.27071050947282,71.738768760025,1694,1,inner_ring
3755,69.99674067433287,66.10919086697636,2296,2,octagram
3756,52.72255934905218,67.9255673722996,2425,2,octagram
3757,49.45035799358138,87.95346886457806,350,0,outer_ring
3758,53.75223954361089,87.49391608007755,215,0,outer_ring
3759,54.94019400017263,84.69438947414329,4305,5,text_en_1919
3760,49.73039857054461,83.45095567263115,4362,5,text_en_1919
3761,55.364169400428,81.04591458664623,4465,5,text_en_1919
3762,58.951047736741266,85.52782139904157,4330,5,text_en_1919
3763,55.92587181286587,76.556635444747,1755,1,inner_ring
3764,48.77848547707854,79.22897542699467,4607,5,text_en_1919
3765,45.67295859253928,73.99231480647953,2474,2,octagram
3766,52.737449554821524,72.94895619832297,1765,1,inner_ring
3767,35.98342731358399,68.42114999737463,1826,1,inner_ring
3768,27.59699541508143,73.01292437668128,4694,5,text_en_1919
3769,30.45699175550905,58.55509043147417,2603,2,octagram
3770,57.839583324384265,89.61068731160465,106,0,outer_ring
3771,61.52141505949341,93.37349825186998,58,0,outer_ring
3772,62.49082492195588,84.79287013084303,4365,5,text_en_1919
3773,69.04757967977625,91.88307492852321,10,0,outer_ring
3774,68.04365714010316,81.5758385990181,4496,5,text_en_1919
3775,68.82802096134871,81.70552666512812,4502,5,text_en_1919
3776,69.02014304279064,79.003193940266,4637,5,text_en_1919
3777,74.04188971100001,82.01397768370077,4544,5,text_en_1919
3778,77.95594220711403,76.84188224863887,4679,5,text_en_1919
3779,70.99736752146273,60.131459770217695,2252,2,octagram
3780,81.72820363341863,67.5068564441216,4836,5,text_en_1919
3781,80.38082745754724,58.78836255434763,2210,2,octagram
3782,81.43390197071369,51.53454224767048,1627,1,inner_ring
3783,92.1715859546556,55.181023484092435,5009,5,text_en_1919
3784,80.91221587911684,57.38829921771344,1647,1,inner_ring
3785,86.60164498788222,47.0019349874837,5210,5,text_en_1919
3786,84.13779593141625,45.77721717551794,2203,1,inner_ring
3787,94.51202486584684,44.033418347699836,5253,5,text_en_1919
3788,94.17217591270304,47.39905689271574,5132,5,text_en_1919
3789,94.3192651718413,54.04128387823468,5008,5,text_en_1919
3790,61.658930919359705,36.63170348884042,4240,4,stroke_kai
3791,71.25366821940764,35.884832586709834,3122,2,octagram
3792,60.45992152386167,54.81486223416763,3871,4,stroke_kai
3793,64.63098534234696,27.270827729437826,3054,2,octagram
3794,67.14942615612946,31.74221502595839,3091,2,octagram
3795,65.89829106485651,29.592882191227332,3069,2,octagram
3796,75.71402464050857,33.97594499581866,3141,2,octagram
3797,66.03109062284801,28.139799994204974,3064,2,octagram
3798,71.69103262273629,22.45182212082924,2123,1,inner_ring
3799,66.12692775891891,24.304950023384453,3038,2,octagram
3800,68.94148343542177,21.726018390402082,2113,1,inner_ring
3801,65.32417306315249,21.9986836873435,3023,2,octagram
3802,59.40698556929971,8.498748464706708,1288,0,outer_ring
3803,53.75339933729948,7.492751110283927,1070,0,outer_ring
3804,50.15747267944916,14.692045262592202,5607,5,text_en_1919
3805,45.892998680069965,8.529114511866668,791,0,outer_ring
3806,48.47608408070429,14.888141421758673,5601,5,text_en_1919
3807,45.22479837017357,8.68855248412502,773,0,outer_ring
3808,48.92355682321813,8.79395744822887,882,0,outer_ring
3809,53.21751151903212,6.741621137270984,1049,0,outer_ring
3810,53.639432096970424,6.620981939379571,1067,0,outer_ring
3811,56.85025910162834,7.937370231382426,1197,0,outer_ring
3812,55.10873764359028,4.8966189339131025,1120,0,outer_ring
3813,46.84356571038677,6.20004715537988,822,0,outer_ring
3814,51.68589077330202,8.101388308885511,989,0,outer_ring
3815,47.435286094823866,7.946643614699531,830,0,outer_ring
3816,45.90812321042933,7.854868302712078,793,0,outer_ring
3817,51.697502775829136,5.827396453351664,996,0,outer_ring
3818,57.73970306714403,5.969204479875664,1227,0,outer_ring
3819,53.390577371380736,6.818705809950283,1057,0,outer_ring
3820,63.883359372452496,7.0795090044097995,1414,0,outer_ring
3821,65.0802060466462,6.657961724602864,1444,0,outer_ring
3822,64.44254051248824,5.168796244406785,1426,0,outer_ring
3823,70.52200362411489,9.489314503719497,1563,0,outer_ring
3824,72.63069192397204,9.66322179795883,1584,0,outer_ring
3825,60.764717441094724,8.347532641813144,1332,0,outer_ring
3826,66.12744478951811,8.959198298106587,1486,0,outer_ring
3827,60.487820267036504,4.282010935062384,1311,0,outer_ring
3828,45.3844432551698,14.15995585259164,5617,5,text_en_1919
3829,43.706943011578396,21.272144009388946,2028,1,inner_ring
3830,92.97870763668493,44.178708420005094,5245,5,text_en_1919
3831,48.44785774815931,90.58291172602219,370,0,outer_ring
3832,50.160235529101136,89.66356116225975,315,0,outer_ring
3833,44.0809424196094,89.369801370467,501,0,outer_ring
3834,54.33612398894329,91.90488541725918,200,0,outer_ring
3835,52.84330330002984,90.50759746150631,240,0,outer_ring
3836,45.06123240541794,89.33418551813234,479,0,outer_ring
3837,38.018539524200904,85.53266092142923,621,0,outer_ring
3838,40.64625736705859,79.6526842209725,4515,5,text_en_1919
3839,37.693580155331446,86.00474007174972,623,0,outer_ring
3840,35.65127199429166,84.33464586750779,644,0,outer_ring
3841,36.42093439166311,78.51002738761653,4645,5,text_en_1919
3842,21.2882319846485,74.03291276572087,686,0,outer_ring
3843,29.298483601212656,81.02430292207558,677,0,outer_ring
3844,22.98788337345485,57.010414397484915,4957,5,text_en_1919
3845,20.471768645505062,62.569667851120975,4874,5,text_en_1919
3846,26.91492374316908,55.41004457807195,1883,1,inner_ring
3847,23.7399963802283,49.32417558876593,5122,5,text_en_1919
3848,28.64227300288493,53.27783705877463,1888,1,inner_ring
3849,24.630529680547493,51.614630527405225,5070,5,text_en_1919
3850,31.58357047247636,51.31746646640563,2650,2,octagram
3851,34.693370905499854,44.0757731926669,2697,2,octagram
3852,42.65208782461276,50.58715255128771,3442,3,stroke_nan
3853,41.59340869233401,63.65452681976528,2529,2,octagram
3854,46.16415412647961,57.76869568645186,3319,3,stroke_nan
3855,50.03013093127754,58.79409978819481,3313,3,stroke_nan
3856,56.48581980880041,53.1336385975123,3926,4,stroke_kai
3857,54.90164937515241,51.21514702893141,3951,4,stroke_kai
3858,59.41329041670943,60.0225673578844,3801,4,stroke_kai
3859,62.79947719016509,67.24309149263473,2317,2,octagram
3860,61.721935537974375,68.92819448716678,2371,2,octagram
3861,58.71478578381184,68.49365043906134,2391,2,octagram
3862,43.13647181518641,63.2587726172267,2527,2,octagram
3863,56.135023363357355,46.61706599329769,4035,4,stroke_kai
3864,44.678334545422175,57.21594220963084,3323,3,stroke_nan
3865,45.73448534539317,37.28540462587246,3742,3,stroke_nan
3866,51.43264702234938,40.18828482923566,3709,3,stroke_nan
3867,52.40771729492235,45.694169178490625,3577,3,stroke_nan
3868,43.41986858206083,48.34559238002595,3492,3,stroke_nan
3869,43.16189014828723,46.756571717137255,3532,3,stroke_nan
3870,43.325488589860335,29.242128505453724,2849,2,octagram
3871,31.070669999658488,39.829740797542804,2730,2,octagram
3872,32.68616262435994,35.41202139770033,2765,2,octagram
3873,26.00491901110545,37.16411922721736,5365,5,text_en_1919
3874,29.889064760731838,48.84922650872385,1907,1,inner_ring
3875,39.071293878820114,41.46664921839194,3661,3,stroke_nan
3876,40.971846630953365,50.59251463431635,3457,3,stroke_nan
3877,29.346082389463408,40.39220783535863,1933,1,inner_ring
3878,31.41810687111031,35.244416409963215,2762,2,octagram
3879,19.959893695435447,34.747656328894436,5396,5,text_en_1919
3880,27.66575200528467,28.193110456994965,5401,5,text_en_1919
3881,43.15714143371977,9.416903009086285,744,0,outer_ring
3882,38.71142412007643,20.138597925315622,5435,5,text_en_1919
3883,46.725393349115855,18.926094311446438,5459,5,text_en_1919
3884,52.786324811643055,18.84833387946372,2056,1,inner_ring
3885,54.60024054381516,27.010083691158744,2965,2,octagram
3886,61.08167460924483,25.656959389146152,2990,2,octagram
3887,50.9648275450059,40.91786815261969,3684,3,stroke_nan
3888,53.70939593250955,39.85037224705293,3705,3,stroke_nan
3889,51.72716779723712,39.2160560878565,3716,3,stroke_nan
3890,66.45817009886703,46.23594767335325,4069,4,stroke_kai
3891,68.32697874002321,49.29077682365262,4017,4,stroke_kai
3892,65.41195807727335,45.495693328161714,4070,4,stroke_kai
3893,68.27329738904675,44.5194533505346,4084,4,stroke_kai
3894,72.08840669421195,52.08685128209353,3243,2,octagram
3895,77.81553198369656,57.42071407887217,3278,2,octagram
3896,79.16989202509407,58.067433966466005,3284,2,octagram
3897,71.80999363940789,69.43496859444608,1695,1,inner_ring
3898,47.88684961379954,84.0740884116889,4310,5,text_en_1919
3899,51.4246091788974,91.528064204692,275,0,outer_ring
3900,48.310557074149955,88.43861219321695,381,0,outer_ring
3901,48.374070295550545,89.30068398541036,377,0,outer_ring
3902,51.778691945785944,88.33797843856516,274,0,outer_ring
3903,60.33835594337414,83.38647776720113,4409,5,text_en_1919
3904,57.130374151360506,78.32142299797384,4594,5,text_en_1919
3905,53.2185070233423,84.1763607513597,4323,5,text_en_1919
3906,50.60430897487625,76.23740569574646,1774,1,inner_ring
3907,49.28876916189748,80.36031467326151,4499,5,text_en_1919
3908,50.24880326469857,74.8923796019267,1775,1,inner_ring
3909,29.668571082720412,60.81127875441842,1864,1,inner_ring
3910,33.11117381139071,60.927232901337966,2577,2,octagram
3911,31.466361369580973,50.97723618762986,2651,2,octagram
3912,56.18917685758277,92.9798847390318,150,0,outer_ring
3913,62.64652164616143,88.37716382033204,40,0,outer_ring
3914,62.39899208787584,91.28776431479798,50,0,outer_ring
3915,68.78784295633422,81.13348092121812,4520,5,text_en_1919
3916,77.1643731235118,77.15353359118464,4664,5,text_en_1919
3917,67.11481663023275,79.31574770942181,4595,5,text_en_1919
3918,70.36848668448587,81.32730246680822,4508,5,text_en_1919
3919,79.7319844082489,71.81934733591063,4734,5,text_en_1919
3920,72.48644479009506,77.97026258421202,4651,5,text_en_1919
3921,79.86876109179862,59.23016833594782,2213,2,octagram
3922,87.16283141987226,58.58833942638573,4931,5,text_en_1919
3923,80.05689526983264,59.42751415512367,2209,2,octagram
3924,88.40261450203589,64.92443981830624,4860,5,text_en_1919
3925,86.49235174451496,49.97414501860339,5141,5,text_en_1919
3926,82.13845410348131,46.1493097255851,2205,1,inner_ring
3927,90.3518028714155,46.613785581116176,5185,5,text_en_1919
3928,88.00870713912894,38.232608059123706,5347,5,text_en_1919
3929,95.79910074471073,49.369389918870404,5107,5,text_en_1919
3930,90.2719993442604,40.5434559422406,5329,5,text_en_1919
3931,95.6729487941643,43.48441229628432,5251,5,text_en_1919
3932,65.48424347134385,48.80854090637211,4004,4,stroke_kai
3933,63.20395284727199,37.043976716730555,4222,4,stroke_kai
3934,65.40578130097899,35.229001760380775,4265,4,stroke_kai
3935,67.34802483211222,34.56870094583771,3095,2,octagram
3936,65.18124694858717,33.2542313732102,3087,2,octagram
3937,65.43325765067193,29.055891904001687,3065,2,octagram
3938,77.38809032364527,41.555137795034575,3179,2,octagram
3939,77.50527426813285,26.345798301405395,5402,5,text_en_1919
3940,64.1067140469526,22.640899033077165,3014,2,octagram
3941,66.42027693453876,18.989502547442402,5440,5,text_en_1919
3942,64.64413179559673,18.29062313586153,5451,5,text_en_1919
3943,59.25491281309833,15.312591495093468,5609,5,text_en_1919
3944,57.21268664537471,8.073128684737584,1212,0,outer_ring
3945,53.86693411764601,19.148939085030307,2063,1,inner_ring
3946,58.05659546368334,7.413983795943838,1238,0,outer_ring
3947,47.30643931019835,7.261414567362743,828,0,outer_ring
3948,55.27516064210877,8.568366714605263,1129,0,outer_ring
3949,48.49531495642299,7.6668197429122396,867,0,outer_ring
3950,45.48114027178921,6.634276363445642,788,0,outer_ring
3951,46.75170656636668,6.095292531941287,818,0,outer_ring
3952,55.87041342171667,5.286958799743559,1157,0,outer_ring
3953,53.08871409697002,15.487871506446545,5560,5,text_en_1919
3954,52.508857574962654,9.622702583444934,1022,0,outer_ring
3955,44.46819969443869,10.216968679888799,758,0,outer_ring
3956,50.91964692895408,9.064403864831272,963,0,outer_ring
3957,45.62573168747534,5.7776477457846624,796,0,outer_ring
3958,53.81966501438748,7.195821260926904,1072,0,outer_ring
3959,52.41394743469428,7.08357379528986,1020,0,outer_ring
3960,54.88989539472801,6.258985097767046,1113,0,outer_ring
3961,60.331181249903814,6.415110381875735,1314,0,outer_ring
3962,61.55028427329617,6.678816795433838,1352,0,outer_ring
3963,59.821989642465155,6.5958645481428935,1298,0,outer_ring
3964,63.62837198887153,3.8340417992153606,1394,0,outer_ring
3965,67.27206795538953,8.704500256397154,1521,0,outer_ring
3966,68.22891607035947,7.501245290016881,1531,0,outer_ring
3967,69.01227140030677,6.688691436952698,1537,0,outer_ring
3968,63.596638436652235,7.363471661834289,1409,0,outer_ring
3969,66.10505524415865,9.5283922037035,1490,0,outer_ring
3970,36.81730504626945,15.584044186927569,5604,5,text_en_1919
3971,41.682394764960996,24.1821106528424,2879,2,octagram
3972,95.2260961398521,42.748216985807225,5264,5,text_en_1919
3973,53.00603699514759,90.53722156384717,237,0,outer_ring
3974,46.30996066598142,92.57350129574282,433,0,outer_ring
3975,47.52393860042326,92.45707374306645,386,0,outer_ring
3976,54.5609510445907,90.96688798646709,193,0,outer_ring
3977,49.46186789024636,90.93521433919014,338,0,outer_ring
3978,48.31338742740783,91.0858347282448,373,0,outer_ring
3979,43.4148549511478,89.76621928026978,518,0,outer_ring
3980,41.44094472381436,89.71108116563637,555,0,outer_ring
3981,41.067723701204734,89.10445994733736,568,0,outer_ring
3982,36.71789655368013,84.71812780958399,634,0,outer_ring
3983,34.0576636036518,78.840286372875,4498,5,text_en_1919
3984,29.35890226170013,80.21023620724617,678,0,outer_ring
3985,24.522287283514633,66.58072643191075,4805,5,text_en_1919
3986,13.839042202029985,60.41374689762228,693,0,outer_ring
3987,21.466130219704556,62.30590729442748,4887,5,text_en_1919
3988,23.043674354709122,65.50171417758179,4824,5,text_en_1919
3989,23.58501715851624,43.6641919866203,5271,5,text_en_1919
3990,21.968224816376864,49.46319877317867,5112,5,text_en_1919
3991,31.794885001309375,50.80748131257415,2654,2,octagram
3992,31.8203324688289,53.26657501652343,2640,2,octagram
3993,37.007352258405945,48.76492354779132,3478,3,stroke_nan
3994,42.021057561684735,55.690814612151776,3350,3,stroke_nan
3995,43.87392176071739,55.070152450409154,3371,3,stroke_nan
3996,50.92293558723913,69.8712172402878,2438,2,octagram
3997,38.85682324940706,65.89484980998337,2519,2,octagram
3998,49.77636772023401,69.24125269560477,2443,2,octagram
3999,60.961711584626194,57.8913104346776,3833,4,stroke_kai
4000,55.791815454114335,60.53196545460575,3816,4,stroke_kai
4001,66.43073552408397,64.00152742476435,2291,2,octagram
4002,61.059704138859274,74.08577898640368,1738,1,inner_ring
4003,59.0612110028508,68.50353320670052,2388,2,octagram
4004,55.999818351757845,71.16610244418186,2392,2,octagram
4005,76.19025450360246,51.75294965504882,3252,2,octagram
4006,49.91912327330352,46.305747645439695,3569,3,stroke_nan
4007,47.0794700251016,39.88440784778276,3698,3,stroke_nan
4008,52.586972248493495,46.665211403169806,3523,3,stroke_nan
4009,49.66962189937799,41.854133613637686,3652,3,stroke_nan
4010,44.310457089487635,46.761539613794326,3520,3,stroke_nan
4011,42.34751899524873,41.25788657889541,3658,3,stroke_nan
4012,43.46086901330755,42.526815168337244,3629,3,stroke_nan
4013,33.92783233037153,36.50147135099203,2776,2,octagram
4014,33.163689940230135,33.54234407041322,2778,2,octagram
4015,30.97263074172883,49.55567096586746,2663,2,octagram
4016,32.72097329360317,50.36930407027031,2662,2,octagram
4017,40.92473358745525,44.412456935838286,3575,3,stroke_nan
4018,40.41122761689815,44.61528300492899,3590,3,stroke_nan
4019,31.336952970198602,44.731678167208344,2704,2,octagram
4020,23.24736650881942,38.08098576615793,5367,5,text_en_1919
4021,30.046804618278117,36.46725436099742,2747,2,octagram
4022,32.605926160346314,36.07773472936328,2764,2,octagram
4023,38.46966111033065,12.754212788992188,5641,5,text_en_1919
4024,45.84953293141844,14.745127544691172,5600,5,text_en_1919
4025,47.821457173755505,25.613394715362283,2917,2,octagram
4026,49.02203481712515,23.79905247596688,2919,2,octagram
4027,56.26463078983109,18.61522001757627,5483,5,text_en_1919
4028,51.218882030536136,45.45045845816551,3579,3,stroke_nan
4029,52.792242070377334,37.58847628701631,3736,3,stroke_nan
4030,64.11703834204577,45.0361018046239,4087,4,stroke_kai
4031,58.75388056662054,56.89600223962238,3850,4,stroke_kai
4032,61.444838397616856,37.24641128692737,4223,4,stroke_kai
4033,67.798516462845,46.3451375301934,4060,4,stroke_kai
4034,73.90500727076349,44.18090286913907,3204,2,octagram
4035,63.09162041838414,49.974409747059234,3970,4,stroke_kai
4036,72.13487732446765,45.919672935169714,3219,2,octagram
4037,75.0144544623089,53.64758254394071,3257,2,octagram
4038,74.42120145310943,60.794714774640056,2233,2,octagram
4039,70.94215371676894,67.6699049884283,2304,2,octagram
4040,47.49890978077092,70.34016969716411,2455,2,octagram
4041,44.27132461494822,73.40128051492304,2482,2,octagram
4042,53.59061076487287,91.42008913766047,216,0,outer_ring
4043,53.319283197591105,83.35767193160349,4363,5,text_en_1919
4044,57.595323394468885,77.37456577301074,4609,5,text_en_1919
4045,60.06971417778774,81.23093478722132,4513,5,text_en_1919
4046,53.026682677028745,91.98982990148447,234,0,outer_ring
4047,55.41685413561872,75.58792754513293,1756,1,inner_ring
4048,48.13430991324244,78.48115789082446,4601,5,text_en_1919
4049,54.82727217246084,80.90948951351153,4487,5,text_en_1919
4050,43.161261584741226,75.17046739385557,2480,2,octagram
4051,33.218466667509766,66.73845097968474,1836,1,inner_ring
4052,31.219879232169813,60.23324707761107,2596,2,octagram
4053,28.071613709356146,57.42920226348793,2618,2,octagram
4054,58.877866942752455,89.52437220083705,89,0,outer_ring
4055,57.59868265170167,90.76330931937358,112,0,outer_ring
4056,62.58121122990756,93.15798861055508,51,0,outer_ring
4057,64.29714482441034,92.72139034797065,35,0,outer_ring
4058,69.80806448590869,84.91710697297948,4410,5,text_en_1919
4059,68.45819688688064,83.39949755425013,4467,5,text_en_1919
4060,70.07977451019562,79.63178651582734,4591,5,text_en_1919
4061,74.65705968350824,86.80762428034625,1,0,outer_ring
4062,71.99648098678013,72.85780192291705,1704,1,inner_ring
4063,75.49520564254904,67.77980880633335,1678,1,inner_ring
4064,87.19016070471784,60.76427113258824,4910,5,text_en_1919
4065,85.99021541803556,60.489625737588,4903,5,text_en_1919
4066,83.29654478159722,59.122375305132216,4927,5,text_en_1919
4067,88.1969254541139,53.12289735148553,5042,5,text_en_1919
4068,87.30876161425533,46.511640893602404,5201,5,text_en_1919
4069,83.20140339915329,39.5153051916742,2183,1,inner_ring
4070,81.5355333452585,43.37444303776121,2193,1,inner_ring
4071,91.58803688626973,44.43891999338766,5236,5,text_en_1919
4072,92.95589644379007,46.38771945060715,5198,5,text_en_1919
4073,93.5141688680885,48.83959661410331,5113,5,text_en_1919
4074,54.97131754823366,42.71991630204898,4132,4,stroke_kai
4075,60.95343994539274,33.85127164339707,4272,4,stroke_kai
4076,65.47387829388539,43.73136921984646,4105,4,stroke_kai
4077,66.66442615296721,29.44695988898733,3072,2,octagram
4078,61.77266195199064,21.712643189344224,2085,1,inner_ring
4079,77.17744600201341,34.57163549890331,3147,2,octagram
4080,76.28054336695699,40.08743080267734,3175,2,octagram
4081,79.09721126926868,25.74573171916503,5412,5,text_en_1919
4082,67.24086115189742,38.0869896777664,4198,4,stroke_kai
4083,67.52048279632092,20.43483017938645,2103,1,inner_ring
4084,60.73470112880887,19.447121014782592,2078,1,inner_ring
4085,60.670363890678665,15.73121628249114,5590,5,text_en_1919
4086,58.53895351688165,10.535584805629338,1263,0,outer_ring
4087,53.13217136423926,9.142168211489437,1043,0,outer_ring
4088,48.410770984824595,13.99148187779703,5618,5,text_en_1919
4089,52.9208778914687,17.3770611975249,5527,5,text_en_1919
4090,50.324872569221725,6.865552345074381,939,0,outer_ring
4091,49.18816067053601,8.474651812344474,897,0,outer_ring
4092,49.131454698631245,7.472019588630741,900,0,outer_ring
4093,55.43654496897907,4.948029237898954,1131,0,outer_ring
4094,59.348094780866425,5.653025894738519,1277,0,outer_ring
4095,60.239501435986575,8.099106947005096,1317,0,outer_ring
4096,53.456608530783456,7.241681252124728,1061,0,outer_ring
4097,53.53789149127185,11.483185842152935,1063,0,outer_ring
4098,47.04243136523369,7.965685531985636,817,0,outer_ring
4099,41.93141157114832,6.907894319641718,741,0,outer_ring
4100,53.08703232465755,6.706503524828994,1042,0,outer_ring
4101,56.786003692567895,4.703558978340655,1190,0,outer_ring
4102,59.44458467675823,7.8082653679051655,1286,0,outer_ring
4103,58.78577442711377,6.847785838463634,1261,0,outer_ring
4104,61.44808461775716,4.697576271017307,1340,0,outer_ring
4105,61.4345531683965,5.012325173130798,1342,0,outer_ring
4106,68.97755183749116,7.858669922872279,1543,0,outer_ring
4107,67.7282492819958,18.930671384789058,5434,5,text_en_1919
4108,69.5316426773442,15.011834542598061,5510,5,text_en_1919
4109,67.61751648995951,7.497817780249888,1522,0,outer_ring
4110,71.23568429766034,6.498279999785259,1560,0,outer_ring
4111,66.94403927806874,8.948163925870356,1510,0,outer_ring
4112,43.95406960188192,10.293143585044874,753,0,outer_ring
4113,45.146625435919155,25.00181556285891,2901,2,octagram
4114,92.02812244105118,40.52567624486089,5322,5,text_en_1919
4115,46.395783439469156,89.06166732120977,452,0,outer_ring
4116,47.23827954686053,92.91411492743141,397,0,outer_ring
4117,47.01235171234986,92.70302198510129,403,0,outer_ring
4118,53.34629015015236,90.41489828839786,227,0,outer_ring
4119,49.51867798285217,89.73236574642692,341,0,outer_ring
4120,48.455261009660646,91.81101950882861,365,0,outer_ring
4121,40.73456235778848,89.69036726298818,570,0,outer_ring
4122,39.41338191248829,89.0768819363898,590,0,outer_ring
4123,36.20151529058131,89.12122693434664,625,0,outer_ring
4124,39.89933009277265,88.99473293724704,584,0,outer_ring
4125,35.265130355392834,80.54332026413852,4456,5,text_en_1919
4126,27.291643177971697,69.46286218945244,4779,5,text_en_1919
4127,31.44550018730368,68.42322794438265,4755,5,text_en_1919
4128,26.808564112356432,66.51861895579917,4811,5,text_en_1919
4129,20.03706542951624,57.52243323372258,4980,5,text_en_1919
4130,25.251746043566406,64.89848411037332,4819,5,text_en_1919
4131,27.294732663320975,53.996481368548146,1887,1,inner_ring
4132,23.456231119167793,45.65701521053911,5241,5,text_en_1919
4133,34.04710188820795,44.77689043195062,2691,2,octagram
4134,32.191063200743606,60.57932488388094,2583,2,octagram
4135,36.802839933326055,50.102802292668486,3462,3,stroke_nan
4136,41.57851161534286,50.95393062852974,3424,3,stroke_nan
4137,48.65904931430344,68.18404239036022,2445,2,octagram
4138,44.90432385072141,57.67006113294168,3316,3,stroke_nan
4139,46.91418504727855,59.520475556813125,3297,3,stroke_nan
4140,58.33561591487758,52.66089436145262,3920,4,stroke_kai
4141,63.30238873307952,58.57459153686354,3820,4,stroke_kai
4142,60.855415542242916,57.39159779267545,3834,4,stroke_kai
4143,58.45216341610096,67.29259416536664,2393,2,octagram
4144,53.79152484048802,65.16562447241553,2413,2,octagram
4145,63.23267326443451,71.53264379571912,2356,2,octagram
4146,59.67612459648779,69.59678522805332,2378,2,octagram
4147,55.80352926974385,53.7114694653119,3895,4,stroke_kai
4148,56.4297432970717,48.2147338313083,4005,4,stroke_kai
4149,46.219688669270816,51.6308812399355,3432,3,stroke_nan
4150,46.920676661973495,43.5307201634031,3589,3,stroke_nan
4151,47.78448119090221,47.48205599291431,3513,3,stroke_nan
4152,47.44437181215834,37.89883592216131,3727,3,stroke_nan
4153,46.13087346205356,40.609771108914686,3682,3,stroke_nan
4154,32.74456238948465,42.575468123647525,2713,2,octagram
4155,34.186829452688166,41.9050266534412,2710,2,octagram
4156,33.345451377789054,32.58069475139227,2780,2,octagram
4157,29.93720079349271,37.51203924085981,2742,2,octagram
4158,39.02722198157403,41.071968499747236,3668,3,stroke_nan
4159,33.29355549934499,45.092201882877994,2693,2,octagram
4160,37.160822047564565,51.52642945770595,3459,3,stroke_nan
4161,32.923141412622954,35.622226635848186,2768,2,octagram
4162,27.659342121115905,38.43853652883423,5356,5,text_en_1919
4163,23.73850615606943,37.86763982428323,5364,5,text_en_1919
4164,34.17958136158907,32.905760244259774,2786,2,octagram
4165,33.15461558567928,14.612263368471147,710,0,outer_ring
4166,47.679029570883095,17.427123850391467,5495,5,text_en_1919
4167,49.114356020721985,19.503829790530443,2046,1,inner_ring
4168,45.234832226813474,25.022255958912183,2903,2,octagram
4169,49.80344643078096,26.792002270374333,2932,2,octagram
4170,51.25505020688477,33.60052883138409,3777,3,stroke_nan
4171,51.66778798633813,36.90957064563279,3748,3,stroke_nan
4172,60.30151735811091,44.638793687645816,4089,4,stroke_kai
4173,54.123326375014706,45.20449258238164,4067,4,stroke_kai
4174,63.057552625131784,46.846573537105584,4047,4,stroke_kai
4175,65.87472184946193,49.157614344475114,3996,4,stroke_kai
4176,73.50673508457263,50.25357935456877,3238,2,octagram
4177,64.43276460553729,47.66610050772627,4053,4,stroke_kai
4178,73.48210336956461,53.331362710904315,3253,2,octagram
4179,73.11586339766491,60.7651886571468,2243,2,octagram
4180,68.5573437940039,66.28706002282743,2300,2,octagram
4181,64.56843480403624,74.53415005110696,2347,2,octagram
4182,47.57877219963716,78.42253095082978,4619,5,text_en_1919
4183,43.45208309040371,79.90610343558005,4538,5,text_en_1919
4184,49.06311085305173,87.46937200244572,363,0,outer_ring
4185,49.51580494053755,84.39601524601544,4307,5,text_en_1919
4186,54.820564220590356,88.50850353724553,184,0,outer_ring
4187,59.2620320386626,83.19772405277578,4431,5,text_en_1919
4188,54.630603398247246,81.50509745779854,4446,5,text_en_1919
4189,51.93265137488392,80.25862355914856,4522,5,text_en_1919
4190,52.66845192871722,79.85309287321734,4540,5,text_en_1919
4191,49.59040783949122,72.35891686471074,2450,2,octagram
4192,46.68594676369337,74.38613609685044,1789,1,inner_ring
4193,27.457854276893787,60.80565549597586,1868,1,inner_ring
4194,36.324100573493894,59.98621660077547,2559,2,octagram
4195,31.074685485596934,67.09914554521721,4798,5,text_en_1919
4196,55.14807971308336,89.98496715719465,172,0,outer_ring
4197,55.267576193140115,90.90383052557249,170,0,outer_ring
4198,59.833309763551284,79.52491121422564,4549,5,text_en_1919
4199,67.24807293816973,89.18262583039788,13,0,outer_ring
4200,70.00377149805246,80.68823312543014,4550,5,text_en_1919
4201,71.657643110847,88.80073192546814,3,0,outer_ring
4202,63.241106456111254,80.87743950484186,4519,5,text_en_1919
4203,72.14090007664504,69.31123856252675,1693,1,inner_ring
4204,74.732132225092,70.39887305564821,1689,1,inner_ring
4205,79.7148491715193,68.44895824772618,4821,5,text_en_1919
4206,81.72100215502493,67.91065884364157,4809,5,text_en_1919
4207,82.63003874584255,59.76018104113288,4920,5,text_en_1919
4208,86.86607035202961,51.21002091059634,5066,5,text_en_1919
4209,86.12443693849362,63.40002177153283,4858,5,text_en_1919
4210,90.23818783070995,61.26907469432784,4884,5,text_en_1919
4211,91.96542652856844,46.22248580514657,5197,5,text_en_1919
4212,80.71629676045504,35.93743776235028,3156,2,octagram
4213,82.27928156849975,35.26772598375239,2171,1,inner_ring
4214,91.10868903302095,46.69524456425917,5186,5,text_en_1919
4215,89.11065411443646,50.90483008445783,5056,5,text_en_1919
4216,61.01533651018991,43.53478261640326,4134,4,stroke_kai
4217,58.62232771095132,37.44630548848769,4230,4,stroke_kai
4218,62.77629870957295,33.564083341611024,4276,4,stroke_kai
4219,55.051638513306855,24.873423135920397,2967,2,octagram
4220,67.33214354657387,20.835419488746833,2104,1,inner_ring
4221,70.2244469957049,31.778215226017934,3108,2,octagram
4222,74.8662933379988,41.71899088189618,3187,2,octagram
4223,63.32136583061906,19.43031731204796,2091,1,inner_ring
4224,61.71860662047705,20.043866066682142,2084,1,inner_ring
4225,67.96768292944641,34.769829699122035,3099,2,octagram
4226,65.06047595266963,18.80399930828409,5449,5,text_en_1919
4227,63.16820919686484,22.834083239627777,3009,2,octagram
4228,55.610548319644394,16.058102025036266,5542,5,text_en_1919
4229,48.71182738374447,14.878271569280725,5612,5,text_en_1919
4230,54.33352437875623,18.299493890828106,5489,5,text_en_1919
4231,49.48225236977851,13.506289071076443,5624,5,text_en_1919
4232,45.01087171257946,7.845973499611875,772,0,outer_ring
4233,45.85870230006854,7.214609344725244,794,0,outer_ring
4234,54.66826162199526,7.997717652170787,1103,0,outer_ring
4235,49.952938170229885,11.942532697969455,5675,5,text_en_1919
4236,50.32918300646726,3.447687129108292,954,0,outer_ring
4237,57.20064993050143,5.817379192425973,1206,0,outer_ring
4238,52.194651969322116,8.639135777461451,1008,0,outer_ring
4239,56.47388056407139,8.091001492894193,1184,0,outer_ring
4240,48.57642124030869,7.710671916667544,870,0,outer_ring
4241,45.52363419512672,6.069136465525347,792,0,outer_ring
4242,49.46708744680378,3.454478728772909,918,0,outer_ring
4243,47.824620003356635,5.545859810828806,856,0,outer_ring
4244,54.793821664431356,5.356939808317943,1109,0,outer_ring
4245,62.53605080966043,8.438019274850017,1384,0,outer_ring
4246,64.14214667431149,6.623133666515108,1423,0,outer_ring
4247,57.99686052243036,9.624173740595406,1242,0,outer_ring
4248,68.27915575291411,6.939019506875997,1529,0,outer_ring
4249,83.04442224624385,11.369221473939152,1610,0,outer_ring
4250,75.89647384760055,10.228483358590415,1600,0,outer_ring
4251,65.50901837329903,9.344124528062531,1470,0,outer_ring
4252,63.71916889891604,8.188523036743696,1416,0,outer_ring
4253,65.66261842944725,7.831695382551376,1464,0,outer_ring
4254,39.652748901235285,15.205846000788501,5610,5,text_en_1919
4255,39.934106007647834,19.50375738904938,5446,5,text_en_1919
4256,88.53267560925924,47.213992656436275,5183,5,text_en_1919
4257,48.218124436121514,87.37006285350212,389,0,outer_ring
4258,47.59981616359311,88.29768170908542,410,0,outer_ring
4259,42.623080516617236,87.26767407156271,548,0,outer_ring
4260,51.51308591469125,94.44170141553828,268,0,outer_ring
4261,54.63826601128449,92.65284605171355,190,0,outer_ring
4262,44.73480653401467,89.6813161905278,482,0,outer_ring
4263,41.317259163031295,87.74257241097816,572,0,outer_ring
4264,43.04274154558841,84.63998993167641,4337,5,text_en_1919
4265,38.17772430392669,86.32137532121112,612,0,outer_ring
4266,35.82017788154239,85.7761835731345,638,0,outer_ring
4267,36.41257844618905,76.15173045238458,4688,5,text_en_1919
4268,28.09941373746344,74.20190634552561,4686,5,text_en_1919
4269,30.774308779750918,76.9337787692983,4671,5,text_en_1919
4270,24.41876863140299,68.17707862531944,4767,5,text_en_1919
4271,25.061231276347865,63.86823983533879,4846,5,text_en_1919
4272,15.127641771687452,57.909307575104215,695,0,outer_ring
4273,23.81561577130665,49.81582502065712,5106,5,text_en_1919
4274,25.147722004493247,54.20398454970292,5006,5,text_en_1919
4275,32.518563557318146,54.9022560566971,2635,2,octagram
4276,28.896608659877657,57.337616717804956,2617,2,octagram
4277,40.883175734713404,64.17432075235388,2526,2,octagram
4278,43.14885262349177,56.44384378176221,3341,3,stroke_nan
4279,44.35480607873581,56.87933955974877,3324,3,stroke_nan
4280,49.27986547803553,71.36541527571886,2452,2,octagram
4281,50.45460816005649,59.74012348004985,3309,3,stroke_nan
4282,49.35011009216741,54.87411536499681,3368,3,stroke_nan
4283,57.67775978834012,51.4510282648991,3965,4,stroke_kai
4284,62.24162814146085,71.06743128695013,2361,2,octagram
4285,61.29949632635611,62.64446586173976,3796,4,stroke_kai
4286,53.01515525345007,70.23015113964372,2426,2,octagram
4287,64.0869124072268,56.42452173971185,3856,4,stroke_kai
4288,56.50659081458715,61.34152470896268,3790,4,stroke_kai
4289,58.13752514900804,56.01770756204972,3868,4,stroke_kai
4290,54.72259118691087,40.94444680124851,4189,4,stroke_kai
4291,44.58587698957444,48.268282261620136,3501,3,stroke_nan
4292,50.21429574782344,47.21093515224573,3529,3,stroke_nan
4293,50.97789006006061,41.45206087695158,3676,3,stroke_nan
4294,45.44503620609032,33.30642764285828,3781,3,stroke_nan
4295,40.45071670491701,32.10013807021617,2824,2,octagram
4296,41.473640970792346,24.352788957848464,2877,2,octagram
4297,33.36566466238196,42.39361616378024,2709,2,octagram
4298,32.491263194041,34.83665255786625,2766,2,octagram
4299,19.796110615280753,34.67366250848435,5397,5,text_en_1919
4300,28.802042998660266,41.172598100148726,1930,1,inner_ring
4301,36.91387686191537,45.287691646598105,3566,3,stroke_nan
4302,36.797355088547775,47.36531616402995,3515,3,stroke_nan
4303,24.28852045013147,41.05208731092523,5287,5,text_en_1919
4304,31.518143538281954,32.628353989600555,1961,1,inner_ring
4305,31.450071925822257,32.857963044825,1959,1,inner_ring
4306,31.717207353835768,26.68583530229609,1982,1,inner_ring
4307,37.12959523679831,30.77722983867596,2826,2,octagram
4308,43.810788739704414,22.356579910964523,2889,2,octagram
4309,48.454405261995305,25.918188157795715,2922,2,octagram
4310,47.55336404951604,27.676961624756224,2921,2,octagram
4311,51.897560252875216,26.9367419157632,2946,2,octagram
4312,52.88206712061849,28.731759891676685,2952,2,octagram
4313,53.45183569408012,37.63268515194231,4253,4,stroke_kai
4314,58.38749553869969,41.97340789969724,4160,4,stroke_kai
4315,55.723502708496895,42.27101131966757,4130,4,stroke_kai
4316,67.81954100200252,39.0221417175263,4182,4,stroke_kai
4317,59.44826064099199,47.68727514590367,4002,4,stroke_kai
4318,63.229902639323605,48.064583122192744,4016,4,stroke_kai
4319,71.51095917235192,47.88024229850826,3224,2,octagram
4320,72.14910077464975,47.37864027105544,3222,2,octagram
4321,70.36812360781744,53.0296024905827,3934,4,stroke_kai
4322,69.46948739984394,63.21649505930274,2268,2,octagram
4323,64.35088908107134,72.87179142266378,2349,2,octagram
4324,47.179411444134665,82.25685278644873,4399,5,text_en_1919
4325,47.76360093180943,85.88581971788498,421,0,outer_ring
4326,48.564750113152435,87.99292690469137,376,0,outer_ring
4327,59.62894903617817,81.37068676852103,4501,5,text_en_1919
4328,55.76769239254746,81.87050012999298,4475,5,text_en_1919
4329,52.91699368544943,79.3632474837218,4547,5,text_en_1919
4330,59.154729377282415,85.18028137358114,4359,5,text_en_1919
4331,52.843191578351245,82.12363664887168,4429,5,text_en_1919
4332,45.428963304237364,73.29465280949583,2472,2,octagram
4333,48.218999998625094,71.22851658728702,2454,2,octagram
4334,45.57570318639594,78.79598273073266,4592,5,text_en_1919
4335,28.308175858910854,63.875178692061645,4832,5,text_en_1919
4336,30.448332835901176,59.38084620116217,2605,2,octagram
4337,31.895091495241587,64.70073560738099,1844,1,inner_ring
4338,56.331208403277905,91.88759722970393,147,0,outer_ring
4339,58.536400873837465,90.51424062634241,93,0,outer_ring
4340,60.91793946910968,91.4533744826534,64,0,outer_ring
4341,62.39221087929992,91.09347374314726,49,0,outer_ring
4342,64.77617681377899,91.75905953307094,31,0,outer_ring
4343,68.79324823139586,80.67790837072371,4584,5,text_en_1919
4344,80.18866977889623,85.79481602388476,0,0,outer_ring
4345,77.03662574309638,76.1893874223305,4672,5,text_en_1919
4346,74.46541067758572,68.92093017171545,1686,1,inner_ring
4347,72.51913394432508,76.12084141064368,4705,5,text_en_1919
4348,85.12482917612932,62.12237261888858,4883,5,text_en_1919
4349,80.87604129856176,60.73278485604278,1653,1,inner_ring
4350,83.48321089061898,53.68545845603001,5053,5,text_en_1919
4351,85.67952407093004,47.02574581652633,5209,5,text_en_1919
4352,82.08095784712958,47.700683014905984,1614,1,inner_ring
4353,87.78198624442464,46.98132919767462,5211,5,text_en_1919
4354,88.73067991345177,40.882307057167054,5325,5,text_en_1919
4355,91.74742982368255,44.431664907066256,5243,5,text_en_1919
4356,95.61952331302372,47.054829391923256,5179,5,text_en_1919
4357,90.90444489123776,59.10895443091544,4929,5,text_en_1919
4358,56.699227435713084,28.958561231838218,2964,2,octagram
4359,61.334719103221644,50.5119091784563,3967,4,stroke_kai
4360,65.96404807204958,35.25087428760987,3090,2,octagram
4361,70.36338229171015,34.790770256848184,3110,2,octagram
4362,64.60447845632439,31.18778446283658,3080,2,octagram
4363,64.04476392348016,27.243782462024594,3053,2,octagram
4364,79.74528085682077,30.95698409820166,2160,1,inner_ring
4365,76.10218693971048,28.744480531987126,2150,1,inner_ring
4366,71.33239009523543,24.96650258947977,2127,1,inner_ring
4367,67.5499087563934,15.803064634158387,5544,5,text_en_1919
4368,58.5938710752182,14.019293263270553,5631,5,text_en_1919
4369,57.54884193599999,7.809985622932036,1224,0,outer_ring
4370,57.24131377488812,20.14695904670702,2070,1,inner_ring
4371,63.65024613705767,13.523793979216823,5578,5,text_en_1919
4372,58.00550292861015,8.13801675798706,1239,0,outer_ring
4373,49.138651878966456,16.342788243656578,5516,5,text_en_1919
4374,48.44278246683739,13.125856631211077,5669,5,text_en_1919
4375,49.36266315153415,5.64388272884364,913,0,outer_ring
4376,53.36336847831506,8.380152195896112,1053,0,outer_ring
4377,54.734968571736616,6.98365440506258,1108,0,outer_ring
4378,51.02257541356404,6.9508608383814785,973,0,outer_ring
4379,50.071311752674546,4.875794094467016,935,0,outer_ring
4380,54.55046575577801,6.851127702259191,1099,0,outer_ring
4381,50.927939047868456,4.249883270715252,976,0,outer_ring
4382,50.33430310049443,6.110534649992593,943,0,outer_ring
4383,44.96169083334556,8.470959160649349,769,0,outer_ring
4384,48.74428605177936,7.8266673494099654,878,0,outer_ring
4385,55.61081902657642,4.847621906598172,1140,0,outer_ring
4386,58.900044809959844,9.187153242792409,1275,0,outer_ring
4387,56.03510856044559,10.423089964872474,1169,0,outer_ring
4388,59.63282264106384,7.603968897575349,1294,0,outer_ring
4389,68.63922447431199,9.376611747188946,1545,0,outer_ring
4390,67.6140340944496,19.953297874899395,5431,5,text_en_1919
4391,73.65609092909979,10.509132277417402,1593,0,outer_ring
4392,68.31132408206695,16.710553947774795,5450,5,text_en_1919
4393,66.90568884896136,7.944338332069289,1505,0,outer_ring
4394,60.24624686800432,7.339209476107683,1315,0,outer_ring
4395,62.24533849105738,7.675316941316137,1372,0,outer_ring
4396,35.28524259451969,11.482590845186701,713,0,outer_ring
4397,44.72599719496983,30.957498736918243,3787,3,stroke_nan
4398,92.91121779532699,45.76079105841339,5240,5,text_en_1919
4399,45.96855589618932,90.79536870415978,453,0,outer_ring
4400,48.748429493724174,90.84349391649928,356,0,outer_ring
4401,46.57597836603207,87.2978180459309,459,0,outer_ring
4402,52.25637219259907,87.71660090402082,256,0,outer_ring
4403,52.37123209877284,88.22119606209395,251,0,outer_ring
4404,44.991929111432626,88.01337788523905,487,0,outer_ring
4405,41.82324547214212,87.14206897436972,562,0,outer_ring
4406,46.25159181533663,77.59598985440107,4624,5,text_en_1919
4407,39.35220863251389,86.0716235152952,602,0,outer_ring
4408,34.4075737905584,82.63303255391135,654,0,outer_ring
4409,40.238239930615805,73.06472046254311,1807,1,inner_ring
4410,27.560210773328,74.61465876075857,4684,5,text_en_1919
4411,34.0902620444576,85.90882044316679,647,0,outer_ring
4412,26.307878249068295,63.110107475038056,4855,5,text_en_1919
4413,27.85562257719488,59.05840952349782,2616,2,octagram
4414,24.487526958270884,55.828564946003794,4999,5,text_en_1919
4415,14.512639880358794,53.047895880621894,698,0,outer_ring
4416,28.59190178650921,55.3498242737,2625,2,octagram
4417,28.749837499467603,49.665536277496685,1903,1,inner_ring
4418,27.66907424716029,59.288360971724394,1872,1,inner_ring
4419,30.951427859109167,57.71720395452204,2602,2,octagram
4420,43.20002752559526,53.599301129480565,3379,3,stroke_nan
4421,39.50875613452235,58.93078384772839,2550,2,octagram
4422,44.49609732243421,74.1203152421094,2478,2,octagram
4423,46.32898893810455,58.23830861865291,3306,3,stroke_nan
4424,65.01191858040104,60.49148083782167,2281,2,octagram
4425,58.47632081736168,56.048424401423034,3860,4,stroke_kai
4426,59.787309374380065,59.185579551790546,3806,4,stroke_kai
4427,64.36577100919179,65.13813708886507,2303,2,octagram
4428,60.17178698600423,74.2002342833799,1742,1,inner_ring
4429,65.98759469252039,73.6815804296132,2340,2,octagram
4430,53.840713909831315,50.335289525370136,3468,3,stroke_nan
4431,56.54077568225063,53.637387932315676,3906,4,stroke_kai
4432,49.888211183591295,46.694731275343464,3565,3,stroke_nan
4433,46.0607528824017,50.05055232339895,3449,3,stroke_nan
4434,54.53816934453462,49.102862662710486,3985,4,stroke_kai
4435,52.56395861253496,50.32877159586395,3463,3,stroke_nan
4436,44.47056489466349,38.643787638838106,3707,3,stroke_nan
4437,41.337523581427554,46.500555867407094,3524,3,stroke_nan
4438,40.898050081001365,29.23552334370936,2844,2,octagram
4439,23.58997503508114,35.32646423302353,5390,5,text_en_1919
4440,21.699134120489646,41.45508627828103,5304,5,text_en_1919
4441,25.68830396911949,36.15031089596655,5376,5,text_en_1919
4442,32.69861780385455,43.694842146072865,2706,2,octagram
4443,32.06902753388132,42.078950441090726,2717,2,octagram
4444,42.69130939204338,62.509757225133356,2534,2,octagram
4445,28.431428644866145,41.475213151113756,1929,1,inner_ring
4446,34.19348969239555,36.314669943648724,2779,2,octagram
4447,26.339503528892244,38.33883741117069,5357,5,text_en_1919
4448,28.414289957631013,25.47144852261811,5424,5,text_en_1919
4449,35.627239246829255,10.232919318578778,714,0,outer_ring
4450,42.29227111926412,22.906912208200186,2884,2,octagram
4451,50.29851095645637,27.63112851648717,2937,2,octagram
4452,58.58926127875111,25.8634960490762,2979,2,octagram
4453,50.153917701128016,25.085405297017044,2927,2,octagram
4454,54.922376864535195,46.84027281790442,4042,4,stroke_kai
4455,55.445898321959795,42.00477982531761,4143,4,stroke_kai
4456,73.66246301209775,48.73482139020531,3232,2,octagram
4457,55.37403128805537,50.748855996168984,3977,4,stroke_kai
4458,63.51135727371496,39.67642861012459,4191,4,stroke_kai
4459,64.27082604979455,50.963818217368235,3950,4,stroke_kai
4460,74.15891618931444,50.87227836969848,3242,2,octagram
4461,73.3810280677723,44.65807068396731,3210,2,octagram
4462,77.24694668466074,54.002825329365265,3265,2,octagram
4463,74.07701471411109,66.19439861863539,1676,1,inner_ring
4464,79.50017144919971,55.956118104125736,3280,2,octagram
4465,70.75619458483,70.01942267200288,1701,1,inner_ring
4466,46.39049489035169,72.21481871024311,2467,2,octagram
4467,47.91868851141092,83.21391440080176,4353,5,text_en_1919
4468,51.77821608979983,86.84554152075286,276,0,outer_ring
4469,55.86916427839223,82.92669600074986,4408,5,text_en_1919
4470,57.08943362913726,91.33898588576935,129,0,outer_ring
4471,60.248251382287556,86.91148874416575,4309,5,text_en_1919
4472,54.21695214679251,88.36183158757346,202,0,outer_ring
4473,56.84671976355801,77.66847856095602,4603,5,text_en_1919
4474,54.7608845961532,76.28837208280007,1759,1,inner_ring
4475,52.52320347847921,77.51970709050646,4608,5,text_en_1919
4476,46.797233794151595,76.19525564801216,1787,1,inner_ring
4477,28.56588385162743,60.334900099713515,1867,1,inner_ring
4478,30.28006614647949,57.05570575800817,2606,2,octagram
4479,32.05763667587777,60.78064292168412,2586,2,octagram
4480,58.47486015484181,91.00281785506657,94,0,outer_ring
4481,61.50631227138081,92.47982220719855,57,0,outer_ring
4482,58.462957140928005,91.61007417180842,95,0,outer_ring
4483,64.74977677971007,89.92652812482861,28,0,outer_ring
4484,68.49473152579782,95.39684147758682,16,0,outer_ring
4485,72.53155706249012,80.35610925159513,4612,5,text_en_1919
4486,71.26566522005272,80.902567875502,4532,5,text_en_1919
4487,77.57741627761509,75.53085712579376,4699,5,text_en_1919
4488,77.66846810982432,65.58705708967376,1670,1,inner_ring
4489,78.65883593824239,68.89887916139759,4817,5,text_en_1919
4490,81.95511621813156,62.522750780156215,4902,5,text_en_1919
4491,86.64268666197367,57.851272886015465,4947,5,text_en_1919
4492,88.27161410340882,52.53901906970922,5051,5,text_en_1919
4493,86.26066235029572,49.260674155768534,5154,5,text_en_1919
4494,87.14412099552149,53.42455883451957,5041,5,text_en_1919
4495,85.866015228504,48.578370975658345,5172,5,text_en_1919
4496,89.71227400684202,45.78868711450757,5213,5,text_en_1919
4497,86.49391930589071,47.358363220908885,5190,5,text_en_1919
4498,95.37353552551487,48.418119948382,5120,5,text_en_1919
4499,93.11076910925343,39.830602992182875,5319,5,text_en_1919
4500,62.01032172229056,35.0868349481044,4256,4,stroke_kai
4501,61.75185860733262,44.65622055550668,4110,4,stroke_kai
4502,64.58163660956454,37.74520527333128,4209,4,stroke_kai
4503,64.74851797091007,27.520558401565918,3057,2,octagram
4504,68.30834188286067,19.177987124938625,5433,5,text_en_1919
4505,74.27083741232666,43.811257122143495,3198,2,octagram
4506,75.4231165341762,38.924178494008196,3176,2,octagram
4507,73.89688055983427,28.72722080537808,2146,1,inner_ring
4508,79.17134785387792,31.06515673843917,2159,1,inner_ring
4509,64.80299940895023,22.54179546920416,3026,2,octagram
4510,62.936864085872244,21.34338097551723,3012,2,octagram
4511,60.77991298390861,25.724248907306013,2988,2,octagram
4512,60.3354047584187,19.197814613152477,2077,1,inner_ring
4513,58.215984746705345,21.113288499323453,2074,1,inner_ring
4514,49.93866737539801,7.033607761073969,925,0,outer_ring
4515,49.009054781722774,8.816557294129893,886,0,outer_ring
4516,53.65002879280319,8.722201254892552,1066,0,outer_ring
4517,47.3945436352463,5.751335013029932,838,0,outer_ring
4518,51.36467248110535,13.763354060981067,5625,5,text_en_1919
4519,52.430715652953964,17.41462428239292,5531,5,text_en_1919
4520,59.21457728079276,5.3460984452197815,1271,0,outer_ring
4521,54.562772443129155,6.729842082321156,1100,0,outer_ring
4522,55.68060682903417,5.164999419227354,1144,0,outer_ring
4523,50.67265151914391,3.6946018477625926,966,0,outer_ring
4524,50.76490723677489,6.09822621384957,964,0,outer_ring
4525,50.406041477359786,6.392475208278633,946,0,outer_ring
4526,51.14151911321046,7.585740778023458,977,0,outer_ring
4527,52.90790523095142,4.878217300023619,1037,0,outer_ring
4528,52.60282158698028,4.444856407744632,1029,0,outer_ring
4529,57.84449112112902,8.081178713361629,1233,0,outer_ring
4530,56.18872867885145,5.171040335123581,1167,0,outer_ring
4531,63.72050385258173,14.328969927013274,5567,5,text_en_1919
4532,65.60542395341646,7.017093349371085,1459,0,outer_ring
4533,73.84381568458306,8.54067600407566,1589,0,outer_ring
4534,71.04650240057923,8.065972773909259,1564,0,outer_ring
4535,60.12945312805775,7.68300744341833,1312,0,outer_ring
4536,68.23184519530834,7.723038403511412,1532,0,outer_ring
4537,65.99539380067071,8.00115964890979,1473,0,outer_ring
4538,38.62453496383608,35.50864610929952,2809,2,octagram
4539,47.341832055688634,21.241167731742912,2038,1,inner_ring
4540,80.64486625244645,37.99993876683241,3162,2,octagram
4541,48.519603087750085,92.42285121665387,358,0,outer_ring
4542,47.30405531334635,91.02039414083711,402,0,outer_ring
4543,43.586010940303495,89.39452361540096,516,0,outer_ring
4544,58.85898525383538,87.23233016491382,4296,5,text_en_1919
4545,53.999128221874514,89.21972508383689,206,0,outer_ring
4546,40.353573929732754,91.6984065971177,565,0,outer_ring
4547,43.581829174913096,91.0264570476766,505,0,outer_ring
4548,38.35822752335654,85.80103934063061,613,0,outer_ring
4549,42.46600660647395,85.34430250020043,561,0,outer_ring
4550,34.67907828678306,79.94381633526694,4468,5,text_en_1919
4551,35.656932010565264,87.70590035646153,633,0,outer_ring
4552,30.72556019594773,88.60721320015199,656,0,outer_ring
4553,31.053807338305216,75.80303190485672,4678,5,text_en_1919
4554,26.62793001659076,66.86894575238618,4800,5,text_en_1919
4555,26.269578847084254,58.189621771073256,4923,5,text_en_1919
4556,24.55504091439402,60.28925180303484,4922,5,text_en_1919
4557,26.55392757513808,52.01684630578075,1894,1,inner_ring
4558,22.729372295997877,46.930951042525464,5208,5,text_en_1919
4559,28.12914513541974,53.88618983200691,1885,1,inner_ring
4560,30.48790990980723,56.79357867086622,2621,2,octagram
4561,29.84239194827151,50.46193287140813,2646,2,octagram
4562,40.59591318025482,50.91280700318853,3452,3,stroke_nan
4563,45.75966836499246,55.60504057948828,3348,3,stroke_nan
4564,44.30647548690021,60.755005247685624,3292,3,stroke_nan
4565,43.83820809241902,55.13219381749893,3356,3,stroke_nan
4566,58.80388021568845,57.36119384852508,3821,4,stroke_kai
4567,58.56752764703016,52.972289514773074,3919,4,stroke_kai
4568,62.39889518678194,57.62359778031255,3841,4,stroke_kai
4569,58.44749794847774,56.60672498769304,3855,4,stroke_kai
4570,66.21787327046896,64.79565003387454,2295,2,octagram
4571,61.27456114942218,70.75765017412348,2367,2,octagram
4572,51.34442572013792,52.17842053983256,3422,3,stroke_nan
4573,60.24004862233345,46.475921803047854,4049,4,stroke_kai
4574,55.59500470698719,47.10722671495358,4026,4,stroke_kai
4575,46.92545340030451,35.52023090335004,3764,3,stroke_nan
4576,53.00415684496548,56.5990825069535,3320,3,stroke_nan
4577,52.01384589113085,44.07489513006985,3601,3,stroke_nan
4578,46.72379346954719,32.84454207124939,3784,3,stroke_nan
4579,44.39372235808049,35.0603031395963,3765,3,stroke_nan
4580,37.87806016421554,40.99725979726372,3670,3,stroke_nan
4581,32.54628929831796,41.93242387547337,2714,2,octagram
4582,28.959160423499327,36.0175660105114,1947,1,inner_ring
4583,24.525507964841946,46.90103874575548,5248,5,text_en_1919
4584,32.87300409310596,45.278697136523704,2695,2,octagram
4585,34.298677969452235,47.76495265818523,2676,2,octagram
4586,40.59431424720632,51.977105187744485,3430,3,stroke_nan
4587,25.050723907216728,39.26447141318887,5309,5,text_en_1919
4588,28.151665302701254,43.38738688844475,1923,1,inner_ring
4589,29.086099868990985,36.823862833909125,1944,1,inner_ring
4590,31.197178797881875,11.258194107196504,709,0,outer_ring
4591,40.07481169979225,31.866233260170116,2825,2,octagram
4592,45.358127792384344,22.80915049367294,2898,2,octagram
4593,47.03630115120323,17.293597693611904,5506,5,text_en_1919
4594,56.35437541588359,27.0245713212572,2969,2,octagram
4595,45.64490936314305,33.050898009503854,3785,3,stroke_nan
4596,58.81763036190819,25.36266083163987,2981,2,octagram
4597,51.210477560407156,40.45517773905011,3703,3,stroke_nan
4598,58.22245587857488,46.957944051636765,4019,4,stroke_kai
4599,65.98094022590932,40.045216269307026,4159,4,stroke_kai
4600,76.5195861359628,44.9673915535372,3197,2,octagram
4601,64.43234979905465,49.032852684684464,3991,4,stroke_kai
4602,66.92997789787933,52.300960307975885,3932,4,stroke_kai
4603,64.72279864173049,57.2612357009145,3831,4,stroke_kai
4604,75.14373346782699,55.09544473087361,3264,2,octagram
4605,76.95030393881993,59.61152829800207,2221,2,octagram
4606,73.38766240156266,62.82163733157072,2245,2,octagram
4607,65.38478456711701,70.8622834486955,2330,2,octagram
4608,46.568868546291334,89.71791021234976,443,0,outer_ring
4609,44.40801311771045,82.99593201437895,4361,5,text_en_1919
4610,47.53195213923968,91.20663036932945,395,0,outer_ring
4611,54.00068644285502,83.62410894094131,4378,5,text_en_1919
4612,57.507200103845264,79.70341329599846,4583,5,text_en_1919
4613,54.98994040119021,82.60579993119029,4412,5,text_en_1919
4614,52.579751075622205,83.42285045752683,4358,5,text_en_1919
4615,53.41568422435855,80.66993130888059,4480,5,text_en_1919
4616,56.812361167287,75.70750585873256,1752,1,inner_ring
4617,51.820102839685624,83.18170899283918,4373,5,text_en_1919
4618,46.00626670796435,79.06640007990282,4618,5,text_en_1919
4619,27.56202532074859,55.581888161462594,1881,1,inner_ring
4620,27.683571287522078,61.53215619977392,1865,1,inner_ring
4621,31.579221659577325,60.49497873432264,2590,2,octagram
4622,58.016703340180804,90.47993275152358,103,0,outer_ring
4623,53.2282298925712,90.8360338374794,229,0,outer_ring
4624,61.53317046210124,86.59719915196894,4325,5,text_en_1919
4625,66.61141579605848,90.19746559689327,19,0,outer_ring
4626,66.84180845120764,93.18009495531255,21,0,outer_ring
4627,65.84776367470737,80.88979669150274,4525,5,text_en_1919
4628,71.62756568859072,80.22596151324923,4574,5,text_en_1919
4629,77.95746708788131,72.68001266302335,4746,5,text_en_1919
4630,74.38271429452281,66.38798698198167,1675,1,inner_ring
4631,75.51028323050026,69.74298180974638,1685,1,inner_ring
4632,72.41211828962174,62.15894598201908,2251,2,octagram
4633,82.55117170342949,58.5607583140428,4934,5,text_en_1919
4634,85.73827044471221,54.24604405633762,5025,5,text_en_1919
4635,82.47399358586152,53.95648374907246,1635,1,inner_ring
4636,90.45260170208289,53.81821056578629,5019,5,text_en_1919
4637,91.10425698158599,45.63434029714195,5224,5,text_en_1919
4638,88.30595233746833,46.67554199081855,5202,5,text_en_1919
4639,96.04581306926865,55.6336532874482,5010,5,text_en_1919
4640,82.42309865628944,38.6814797500228,2177,1,inner_ring
4641,88.70045844185786,46.54675132919313,5212,5,text_en_1919
4642,52.07394170033434,49.81264459768343,3469,3,stroke_nan
4643,58.382385613827836,41.05352016285965,4177,4,stroke_kai
4644,63.59020779281892,39.00198943414507,4202,4,stroke_kai
4645,65.6125513543307,31.862589334889474,3083,2,octagram
4646,61.81954947423666,33.994698180234025,4267,4,stroke_kai
4647,58.91398084515098,24.365813956896403,2984,2,octagram
4648,78.28523074055646,32.04545645529619,2161,1,inner_ring
4649,71.83031111456467,22.026585452306392,2122,1,inner_ring
4650,68.87549531554873,22.72092025284746,2116,1,inner_ring
4651,66.31630594216726,22.69736254305002,3032,2,octagram
4652,66.5432966636317,25.149626597844236,3045,2,octagram
4653,57.859490470585904,8.80542514799175,1236,0,outer_ring
4654,50.46367668154895,16.42502900027298,5547,5,text_en_1919
4655,56.41609051497928,20.864779588330233,2068,1,inner_ring
4656,52.19585854424094,14.712464072603256,5574,5,text_en_1919
4657,53.922514319228455,8.781799108244313,1074,0,outer_ring
4658,49.33884340310553,14.094752176259513,5619,5,text_en_1919
4659,50.62926969048837,26.732598062540095,2935,2,octagram
4660,49.16364060314235,9.106880844108652,893,0,outer_ring
4661,55.26915025354767,8.116162794015406,1128,0,outer_ring
4662,56.55284357600167,8.27630294806676,1187,0,outer_ring
4663,56.27475506550356,8.39983023224869,1177,0,outer_ring
4664,54.26667277333312,7.159073114917796,1089,0,outer_ring
4665,47.13233436576636,8.327695194109113,819,0,outer_ring
4666,50.615671486941324,7.887481392354324,953,0,outer_ring
4667,48.08261226208116,8.792857662323737,850,0,outer_ring
4668,54.31132160873937,7.620050427021463,1092,0,outer_ring
4669,54.17430403347714,8.64354638788911,1083,0,outer_ring
4670,52.75906582706154,3.288008613655763,1032,0,outer_ring
4671,60.810602749278544,6.46062024267254,1328,0,outer_ring
4672,60.94158615919143,8.465858126406705,1338,0,outer_ring
4673,59.55045980730427,6.091017325366049,1283,0,outer_ring
4674,71.56251033583492,6.955264597079859,1569,0,outer_ring
4675,70.32991463863378,7.664169920692954,1554,0,outer_ring
4676,67.51934111634817,7.181893719272911,1513,0,outer_ring
4677,68.26409355543186,9.243223209106104,1538,0,outer_ring
4678,67.14165349518163,7.509821559252957,1508,0,outer_ring
4679,62.161148780619165,4.540170781685989,1362,0,outer_ring
4680,44.979435742043606,14.788077650846132,5558,5,text_en_1919
4681,41.56678249725611,29.110599693483437,2847,2,octagram
4682,91.97523303600192,49.80155919519389,5103,5,text_en_1919
4683,49.60272461284877,90.83905584960557,335,0,outer_ring
4684,51.97567112465487,91.48982949132494,259,0,outer_ring
4685,46.53614286292171,88.58164304117471,451,0,outer_ring
4686,55.99700153773493,88.30544155155161,151,0,outer_ring
4687,47.128446544153746,91.69177595333358,405,0,outer_ring
4688,49.5250412431318,91.78700011268931,333,0,outer_ring
4689,41.03802280540702,88.34267580916563,573,0,outer_ring
4690,41.59924578915273,88.7569227185116,557,0,outer_ring
4691,42.8824450244566,74.79566762263569,1800,1,inner_ring
4692,39.43825662478085,86.81789868624413,597,0,outer_ring
4693,34.24939247609859,73.71008032918942,4698,5,text_en_1919
4694,36.751820476218995,76.91645519478412,4674,5,text_en_1919
4695,34.24875836644012,50.53209653931187,2666,2,octagram
4696,26.686991869954397,69.59320411468046,4775,5,text_en_1919
4697,26.114461751624745,57.350106491797746,1876,1,inner_ring
4698,19.62817777358746,55.42361394593439,4994,5,text_en_1919
4699,20.22474050392231,48.36996716136071,5152,5,text_en_1919
4700,22.457244406989943,46.92540952690281,5235,5,text_en_1919
4701,29.527642380563947,56.51471477020479,2623,2,octagram
4702,31.770273822558394,50.793887048964024,2653,2,octagram
4703,34.94403761050532,48.21234547063123,2673,2,octagram
4704,38.479865739110956,61.38343907539953,2553,2,octagram
4705,43.65292706467023,53.32690373165641,3376,3,stroke_nan
4706,53.48590595707362,42.17240929089023,3648,3,stroke_nan
4707,46.47382087122304,58.250112855412425,3305,3,stroke_nan
4708,49.57422613882041,67.28614068256695,2437,2,octagram
4709,56.62896172868382,50.9710028003345,3966,4,stroke_kai
4710,61.63840299877615,72.16239773250274,2360,2,octagram
4711,66.28347017218992,59.711681582443646,2278,2,octagram
4712,60.22807379535805,70.64818607212227,2373,2,octagram
4713,61.52083324241381,74.8129581973398,1737,1,inner_ring
4714,58.88786948717429,55.19218160304111,3876,4,stroke_kai
4715,61.17860950966815,52.4869397104642,3916,4,stroke_kai
4716,55.43598882062446,53.767821818219275,3898,4,stroke_kai
4717,46.20206091264771,40.024837909222626,3695,3,stroke_nan
4718,51.86320747354737,43.33270001284799,3603,3,stroke_nan
4719,49.41838057898322,50.95861581822758,3440,3,stroke_nan
4720,50.27523677319319,36.131431034929705,3752,3,stroke_nan
4721,41.17675266082681,32.847328824778735,2822,2,octagram
4722,40.78980980167116,26.65217846732298,2863,2,octagram
4723,31.191566549969345,38.699091826924885,2734,2,octagram
4724,28.517080844780658,36.5105320052448,1945,1,inner_ring
4725,20.665157123561666,37.31701194344897,5383,5,text_en_1919
4726,32.99654584786543,41.52671489071978,2716,2,octagram
4727,34.94863557756929,46.99170172549327,2683,2,octagram
4728,34.1104664532688,49.467303771082804,2670,2,octagram
4729,27.81447968388849,39.73100335106827,1934,1,inner_ring
4730,26.099110402522935,35.4670697578628,5379,5,text_en_1919
4731,29.58024831817569,22.229125692367635,5428,5,text_en_1919
4732,33.994714174962645,31.472809835165144,1972,1,inner_ring
4733,47.793792120716,6.915178548212199,846,0,outer_ring
4734,43.41159810420928,15.814855453295682,5557,5,text_en_1919
4735,49.58081541757135,19.514142800223432,2048,1,inner_ring
4736,52.21736416180878,26.788263009769047,2947,2,octagram
4737,53.5005377069708,28.561443667933762,2955,2,octagram
4738,54.53062203701682,32.01396765613906,4284,4,stroke_kai
4739,56.486402057249876,36.704344244134504,4247,4,stroke_kai
4740,59.653094912977714,37.01781781928308,4229,4,stroke_kai
4741,55.826886195449546,41.680016531618726,4144,4,stroke_kai
4742,63.221781553861426,49.68012353493491,3995,4,stroke_kai
4743,80.1361289100678,38.80404567317815,3165,2,octagram
4744,66.70880084694988,56.68701834108263,3859,4,stroke_kai
4745,77.56994704912756,45.23225389603678,3195,2,octagram
4746,76.81460321231565,59.609755972479874,2224,2,octagram
4747,67.75356224180297,67.15542009084866,2306,2,octagram
4748,70.10935707613031,71.032176151051,1706,1,inner_ring
4749,62.709860051790564,74.27735126942746,1732,1,inner_ring
4750,44.66784966283114,82.0075876215656,4388,5,text_en_1919
4751,49.693547113587606,81.87093937890148,4451,5,text_en_1919
4752,56.60316608470878,87.60707823451465,140,0,outer_ring
4753,52.31957942897551,90.23229282740063,249,0,outer_ring
4754,56.031731936947295,82.30267213467258,4430,5,text_en_1919
4755,53.28685594407817,85.18207394737112,4308,5,text_en_1919
4756,58.0247251534427,77.86276734120023,4599,5,text_en_1919
4757,53.412945580149525,82.20400018278781,4417,5,text_en_1919
4758,44.45622875557666,71.83394204154519,2487,2,octagram
4759,53.633109804503256,92.3731269217006,213,0,outer_ring
4760,51.22860085668561,75.30565857172701,1771,1,inner_ring
4761,30.43736853772672,61.12747682163553,1861,1,inner_ring
4762,31.96805703966998,62.515354565776356,1850,1,inner_ring
4763,33.021418813619874,71.36895703998131,4712,5,text_en_1919
4764,54.9421552280025,92.16233488377037,180,0,outer_ring
4765,59.9158415584935,92.10219865767797,78,0,outer_ring
4766,62.717106041519315,89.17158545166795,42,0,outer_ring
4767,60.74031966749892,88.60985132461641,60,0,outer_ring
4768,67.05957315151035,85.23030255025363,4376,5,text_en_1919
4769,68.09320159200144,84.09557864292438,4432,5,text_en_1919
4770,72.44695143038093,76.40066500487518,4655,5,text_en_1919
4771,78.84821468423222,69.51953167102906,4776,5,text_en_1919
4772,68.8651649370807,78.97841227807744,4633,5,text_en_1919
4773,80.19572075409239,67.349335041699,4845,5,text_en_1919
4774,74.64849763802863,67.44813255643895,1680,1,inner_ring
4775,80.96070621016864,58.298707633558905,1650,1,inner_ring
4776,81.87712277012429,52.28613922064459,1631,1,inner_ring
4777,82.32272156552025,46.79458934894113,2208,1,inner_ring
4778,83.32341842735742,41.75227414634388,2191,1,inner_ring
4779,84.13813980858538,44.69260667446978,2198,1,inner_ring
4780,83.78615152354884,44.749817134814826,2199,1,inner_ring
4781,83.9690486371359,39.25111016905767,5327,5,text_en_1919
4782,93.87057023984173,50.41583090452711,5083,5,text_en_1919
4783,92.25626212954776,51.46183897669056,5085,5,text_en_1919
4784,57.32397569549563,43.16600381787716,4106,4,stroke_kai
4785,74.16035483836463,34.60026912885317,3132,2,octagram
4786,56.505356153755024,37.26862049204718,4245,4,stroke_kai
4787,65.48840026090059,25.83663279862927,3047,2,octagram
4788,70.15843776185048,31.74052670374873,3105,2,octagram
4789,65.18674666621214,26.025739396985625,3050,2,octagram
4790,77.69147337045717,35.025244230485356,3151,2,octagram
4791,76.92947106316934,23.07397850936463,5420,5,text_en_1919
4792,71.56966980076692,38.21305769890787,3125,2,octagram
4793,64.37018380483163,18.159431161355773,5453,5,text_en_1919
4794,61.116352080293275,8.031859393447785,1344,0,outer_ring
4795,56.7778928235954,21.776008762482245,2069,1,inner_ring
4796,59.89216989927565,13.844185219340153,5651,5,text_en_1919
4797,55.724778020974185,12.863519700383364,5654,5,text_en_1919
4798,52.56751686111338,8.359753352256229,1026,0,outer_ring
4799,53.21376828505767,17.736868230184548,5482,5,text_en_1919
4800,48.75565846784914,8.402826046390299,875,0,outer_ring
4801,54.22383561371158,4.7944114963799835,1087,0,outer_ring
4802,48.92790272373542,7.225188310788156,892,0,outer_ring
4803,51.779540587934015,8.50131731551739,992,0,outer_ring
4804,53.223887240001694,7.957723206541316,1048,0,outer_ring
4805,56.270327513226164,9.391504967045776,1180,0,outer_ring
4806,52.0895981852559,6.376230575622087,1007,0,outer_ring
4807,48.89793325240891,7.108519330125106,890,0,outer_ring
4808,46.535783884588916,7.839909862875791,807,0,outer_ring
4809,51.62105837422514,6.608296677212928,990,0,outer_ring
4810,48.32044498699382,6.744721426060689,865,0,outer_ring
4811,54.69343139595625,5.828713485176464,1102,0,outer_ring
4812,54.58954761315607,13.887920026557532,5635,5,text_en_1919
4813,60.24519437075125,6.045329625938626,1310,0,outer_ring
4814,62.01107836321414,11.033109387644235,1380,0,outer_ring
4815,64.28096438712413,4.193932694392134,1413,0,outer_ring
4816,69.98435948512163,6.877075585941827,1551,0,outer_ring
4817,71.32619353746959,7.353577454217517,1565,0,outer_ring
4818,69.09502294266481,13.726838893388045,5594,5,text_en_1919
4819,70.06898832261598,0.5221791561109891,1528,0,outer_ring
4820,60.62512769434154,4.604760333659947,1316,0,outer_ring
4821,60.869138146816084,5.767399687409004,1326,0,outer_ring
4822,32.24892731202516,30.35486284813628,1969,1,inner_ring
4823,40.72815281517014,21.200233236297976,2021,1,inner_ring
4824,93.34648631418474,42.24233773898557,5266,5,text_en_1919
4825,47.57569389131115,88.5711750607029,409,0,outer_ring
4826,49.30397503149873,89.36843997161205,348,0,outer_ring
4827,48.67539497352422,90.77288056341435,361,0,outer_ring
4828,50.610152984427074,95.82576818315384,289,0,outer_ring
4829,46.91244779910292,91.43639666445088,417,0,outer_ring
4830,44.02420145018099,89.46118385193697,503,0,outer_ring
4831,37.470993344274156,86.3551791268812,624,0,outer_ring
4832,40.08229084894502,85.48396900376328,596,0,outer_ring
4833,34.82980440901154,82.83046996536473,650,0,outer_ring
4834,41.41382310846517,97.68571086879054,517,0,outer_ring
4835,35.33151219782159,84.42258533362602,645,0,outer_ring
4836,32.55714304810091,82.8303142179797,662,0,outer_ring
4837,31.00071639664331,73.28132140203492,4710,5,text_en_1919
4838,23.378619180258834,76.46577319803377,684,0,outer_ring
4839,23.72228346882216,67.985012261804,4768,5,text_en_1919
4840,22.176005542732582,58.85734424126388,4949,5,text_en_1919
4841,21.70284882615012,48.57584281748687,5139,5,text_en_1919
4842,21.19573179243975,52.20714218384743,5082,5,text_en_1919
4843,26.257857252930194,46.2785305258195,5259,5,text_en_1919
4844,32.34988748195914,52.687236716231375,2645,2,octagram
4845,35.929351331721875,58.758568786665634,2563,2,octagram
4846,41.63237235141285,53.59569208806462,3382,3,stroke_nan
4847,40.36361568837183,60.750933342016765,2548,2,octagram
4848,47.4749581092441,62.159278566858006,3288,3,stroke_nan
4849,49.18514036729622,55.57588099222339,3363,3,stroke_nan
4850,52.26541947715826,70.76365092979893,2430,2,octagram
4851,53.37895824287829,68.84091346782256,2424,2,octagram
4852,54.13512624709273,69.26596367982911,2419,2,octagram
4853,64.17065136192195,68.63904662866274,2321,2,octagram
4854,66.22320739159832,63.178884227407565,2290,2,octagram
4855,64.96439375614395,73.30234515959913,2348,2,octagram
4856,57.81482793475989,53.86014611810071,3885,4,stroke_kai
4857,54.94100379308674,55.70776709582247,3861,4,stroke_kai
4858,52.0919351225335,51.50718685643991,3455,3,stroke_nan
4859,45.83036690656823,40.16056877567459,3702,3,stroke_nan
4860,50.872317926284715,44.16434601680172,3594,3,stroke_nan
4861,45.27689605429673,46.48633083963572,3546,3,stroke_nan
4862,48.546336396930634,38.02661992478317,3724,3,stroke_nan
4863,38.409364821247785,34.74077606821784,2808,2,octagram
4864,34.581029561446314,33.84871461642014,2788,2,octagram
4865,29.130133695304377,34.9627201887964,1949,1,inner_ring
4866,32.082638480934335,38.520642545418404,2733,2,octagram
4867,21.553287636580478,43.809253651716034,5285,5,text_en_1919
4868,32.66589331722965,50.84809367799022,2659,2,octagram
4869,41.47589521210053,46.35369906705451,3549,3,stroke_nan
4870,38.80105479300045,52.445469018779264,3410,3,stroke_nan
4871,21.526008970736598,40.72364142369184,5308,5,text_en_1919
4872,34.06779622479206,28.57296514403068,1983,1,inner_ring
4873,23.275643622244413,35.81297346929181,5392,5,text_en_1919
4874,34.562602429971044,25.999256866695518,1994,1,inner_ring
4875,43.200373790178574,37.033581460816,3744,3,stroke_nan
4876,45.95133133893293,21.325197611765496,2034,1,inner_ring
4877,48.06780969619124,20.996950343384565,2041,1,inner_ring
4878,49.125234355987416,28.583571256751622,2933,2,octagram
4879,50.65157706158422,36.00036351067149,3757,3,stroke_nan
4880,56.750127009816666,39.42426548768361,4205,4,stroke_kai
4881,53.00711685973702,39.054215150290446,3711,3,stroke_nan
4882,57.9038815999462,42.635810106892286,4128,4,stroke_kai
4883,57.888710604018414,43.181841288523536,4122,4,stroke_kai
4884,65.19747472003874,46.92285071742686,4061,4,stroke_kai
4885,63.24988407511919,51.797008329657864,3927,4,stroke_kai
4886,68.54877494094177,41.30947886035832,4146,4,stroke_kai
4887,74.78344977173333,41.76225342153197,3189,2,octagram
4888,72.28887763850464,49.17960488819274,3229,2,octagram
4889,76.43837184879881,59.92020178137755,2229,2,octagram
4890,69.12513007550254,56.49750730627887,3870,4,stroke_kai
4891,65.98289874847258,64.99375820979729,2298,2,octagram
4892,47.01925924390734,71.79353069058885,2462,2,octagram
4893,48.808301703325135,89.96883624615747,359,0,outer_ring
4894,51.84008421097308,87.9836201992027,273,0,outer_ring
4895,55.19390190004363,83.65062347862693,4339,5,text_en_1919
4896,44.36883026409188,88.78938125553474,499,0,outer_ring
4897,53.4444318816316,88.34150289440613,224,0,outer_ring
4898,61.5447960244073,87.56125771276426,4306,5,text_en_1919
4899,51.67245210988993,75.73074872352565,1768,1,inner_ring
4900,53.386131992182825,82.84415253100275,4389,5,text_en_1919
4901,47.48526227579317,78.97343622564256,4613,5,text_en_1919
4902,44.49834782839573,72.69632107957634,2476,2,octagram
4903,30.86750396909174,72.20503631358436,4715,5,text_en_1919
4904,34.48052052789734,61.71550200790532,2571,2,octagram
4905,30.809782196411653,69.373041882946,4751,5,text_en_1919
4906,54.316488922252674,92.8640173462961,199,0,outer_ring
4907,59.50025243197403,94.92212079101623,87,0,outer_ring
4908,59.56053305820137,89.86416539233768,80,0,outer_ring
4909,68.98629024149436,84.28928463733972,4438,5,text_en_1919
4910,66.97614502415982,91.6707746130204,18,0,outer_ring
4911,74.44491789137021,83.79081576986411,4504,5,text_en_1919
4912,74.89820952705104,78.30733056012068,4673,5,text_en_1919
4913,73.40991958122423,80.65987125911344,4580,5,text_en_1919
4914,75.64399966590726,74.34313832981084,4721,5,text_en_1919
4915,79.55373149385183,65.53702932488197,4851,5,text_en_1919
4916,83.36533682637943,60.951003339578186,4915,5,text_en_1919
4917,81.76682589178354,55.63530522705488,1642,1,inner_ring
4918,87.76056130169984,57.639647184325035,4955,5,text_en_1919
4919,84.24166049790894,56.636073717315355,4986,5,text_en_1919
4920,84.42124648982052,48.58487043611866,1619,1,inner_ring
4921,91.10180347628294,61.23276498707686,4890,5,text_en_1919
4922,88.20839838657949,47.63478805122131,5192,5,text_en_1919
4923,86.7014513168018,39.55667549478281,5336,5,text_en_1919
4924,88.42751408914256,55.5202518224116,4966,5,text_en_1919
4925,89.74519946121113,43.61374436034814,5231,5,text_en_1919
4926,56.36258684475895,46.18436628455326,4054,4,stroke_kai
4927,58.47829789860552,36.74685152551267,4231,4,stroke_kai
4928,72.96942151023882,32.20402356165169,3124,2,octagram
4929,62.6915221966126,33.0576640593651,4277,4,stroke_kai
4930,68.28851024613996,41.73508238710887,4148,4,stroke_kai
4931,58.240976363855665,12.655746024357171,5661,5,text_en_1919
4932,75.25001443384159,33.44675396402087,3137,2,octagram
4933,76.23896050244277,36.132655119694356,3143,2,octagram
4934,72.1067707658197,30.626198816591632,3112,2,octagram
4935,59.456127664064,14.171741367997992,5636,5,text_en_1919
4936,69.75535224451993,9.72093991933506,1555,0,outer_ring
4937,56.979603753063806,7.785061175613231,1200,0,outer_ring
4938,52.02339555188047,8.094180425615527,1001,0,outer_ring
4939,55.223804483458984,6.750616883429287,1123,0,outer_ring
4940,56.47784923689135,7.319391092488265,1183,0,outer_ring
4941,50.391645333259206,15.227708671372016,5597,5,text_en_1919
4942,48.23772085068264,8.33965434008677,858,0,outer_ring
4943,43.02929702796018,7.731636216188726,750,0,outer_ring
4944,57.76459856252033,3.88194037839762,1222,0,outer_ring
4945,57.2015101344643,8.032618123237347,1211,0,outer_ring
4946,56.47405350592455,5.78929111274956,1182,0,outer_ring
4947,58.970111569269186,6.377863391074958,1267,0,outer_ring
4948,58.541024077853685,7.467571485495479,1256,0,outer_ring
4949,48.964937539595645,9.136171934446349,883,0,outer_ring
4950,46.22540679244347,5.355136920047711,810,0,outer_ring
4951,48.37969518814514,5.889447872176335,871,0,outer_ring
4952,48.425029078959035,5.128496251827882,877,0,outer_ring
4953,52.888759131890446,8.437516725912145,1033,0,outer_ring
4954,59.96644672579833,5.0314790986318,1297,0,outer_ring
4955,56.64482655105997,5.259436438472183,1185,0,outer_ring
4956,60.878294089559034,7.840858420266535,1333,0,outer_ring
4957,61.835020679383305,8.857910034225213,1367,0,outer_ring
4958,66.44543391395347,8.217164223029704,1491,0,outer_ring
4959,71.47167631512946,9.550928912605219,1574,0,outer_ring
4960,73.47596555676668,16.001110816652933,5493,5,text_en_1919
4961,62.39001604693538,8.254363728419682,1379,0,outer_ring
4962,58.22601143072962,5.737361673578413,1241,0,outer_ring
4963,63.38300770853499,5.363455753937542,1395,0,outer_ring
4964,36.88550060989498,29.979609532936042,2831,2,octagram
4965,40.3497762936137,19.141507421831875,5456,5,text_en_1919
4966,90.50490427224396,47.71304459305055,5167,5,text_en_1919
4967,48.52114340787957,90.27222974765833,368,0,outer_ring
4968,46.46890125699771,91.77634853534043,432,0,outer_ring
4969,41.84779810162968,88.49008362752245,552,0,outer_ring
4970,53.7294503654874,91.98088175208876,211,0,outer_ring
4971,44.02040948646085,89.00499153351205,507,0,outer_ring
4972,42.48242735525084,88.10718446065334,543,0,outer_ring
4973,43.912664962265325,87.54411497526361,522,0,outer_ring
4974,42.251038834665756,89.05447141295134,542,0,outer_ring
4975,33.61139102250601,78.07278308760489,4558,5,text_en_1919
4976,33.58365418374521,83.12161529095458,655,0,outer_ring
4977,36.27317028676233,73.7777239815698,4703,5,text_en_1919
4978,30.1750608252463,73.34963364688988,4706,5,text_en_1919
4979,29.68016039753789,69.01215265384135,4752,5,text_en_1919
4980,29.76165152645549,68.17359723805157,4791,5,text_en_1919
4981,19.43429490487421,63.9902003234526,4865,5,text_en_1919
4982,16.246550044756113,61.36679472064254,692,0,outer_ring
4983,17.405435000820823,52.169533178592154,5111,5,text_en_1919
4984,23.722709555906196,39.38002495648509,5305,5,text_en_1919
4985,31.53280446101638,53.96215247695062,2637,2,octagram
4986,30.54348013348428,55.717497173470555,2629,2,octagram
4987,38.0050702926042,46.23210081901021,3539,3,stroke_nan
4988,38.62398729367251,51.24124903980457,3447,3,stroke_nan
4989,44.778342112313176,53.1366996631888,3391,3,stroke_nan
4990,44.88182618501575,61.05898047293962,3290,3,stroke_nan
4991,44.70010695685649,69.55202823751868,2495,2,octagram
4992,56.8727621471875,52.5201717108606,3928,4,stroke_kai
4993,57.86374998316193,58.654330116777444,3815,4,stroke_kai
4994,62.2816278827406,59.26576305658683,3818,4,stroke_kai
4995,65.19622737229639,66.25537564493,2307,2,octagram
4996,63.32635620632568,71.84949766249105,2355,2,octagram
4997,65.26674220132966,62.897168221824636,2287,2,octagram
4998,65.43097752930133,66.46011343701262,2308,2,octagram
4999,50.21556236441672,40.54616304390776,3700,3,stroke_nan
5000,48.98798993779997,37.19014323571794,3749,3,stroke_nan
5001,45.38187629937504,37.110288281791455,3743,3,stroke_nan
5002,46.3709820651023,34.11105163215404,3770,3,stroke_nan
5003,52.74430754903511,47.60217266790581,3519,3,stroke_nan
5004,45.97121393883627,37.44231261763097,3735,3,stroke_nan
5005,40.11502227993573,39.53318022809525,3683,3,stroke_nan
5006,41.39376851031064,24.94595055210612,2872,2,octagram
5007,45.65334307092037,23.26615460297133,2902,2,octagram
5008,28.48268700909704,34.51555298600466,1951,1,inner_ring
5009,28.995147957311392,34.74422656652793,1950,1,inner_ring
5010,35.51652196926412,46.09464203424456,2686,2,octagram
5011,32.98725537535995,45.72487368080889,2689,2,octagram
5012,39.269322361472085,48.86642374421095,3494,3,stroke_nan
5013,28.694146697755478,36.08617604126069,1946,1,inner_ring
5014,25.762790751668092,37.29450704079561,5362,5,text_en_1919
5015,31.524689152755812,30.36020651719334,1967,1,inner_ring
5016,27.685612681650586,27.709320433360585,5414,5,text_en_1919
5017,39.37307755987295,10.095084595333656,726,0,outer_ring
5018,46.80723376145028,17.737357170685904,5479,5,text_en_1919
5019,45.92358028118985,10.310520864975247,782,0,outer_ring
5020,46.91454080692578,25.41983734274489,2909,2,octagram
5021,46.59666211773271,20.649874029643286,2037,1,inner_ring
5022,48.33566129608572,38.64476444099093,3717,3,stroke_nan
5023,52.427940637765154,36.62633828034517,3755,3,stroke_nan
5024,55.952288502227816,42.74837252332798,4123,4,stroke_kai
5025,56.30667956827622,43.34048340251872,4115,4,stroke_kai
5026,65.84702592923821,52.94366030335888,3894,4,stroke_kai
5027,64.02522706509042,51.67061304143386,3947,4,stroke_kai
5028,65.14855155919395,49.614145331571734,3975,4,stroke_kai
5029,73.71093233871912,42.27516456139608,3192,2,octagram
5030,74.18152148325488,44.20652418475973,3202,2,octagram
5031,75.89552302767929,60.31477275103625,2231,2,octagram
5032,70.26967664446765,61.51544168484044,2262,2,octagram
5033,63.17590624521611,72.68734825360235,2352,2,octagram
5034,44.80800443013078,75.81694029999464,1795,1,inner_ring
5035,48.52022004732778,84.29468243094583,4314,5,text_en_1919
5036,48.09172443146459,87.68060668131945,394,0,outer_ring
5037,50.754413198000314,91.72078247501959,294,0,outer_ring
5038,50.11534442604079,87.07033171517642,330,0,outer_ring
5039,57.78820351880533,85.88632899638773,4312,5,text_en_1919
5040,56.51222326229395,81.81812162655034,4481,5,text_en_1919
5041,51.52087121275244,83.12666494226919,4394,5,text_en_1919
5042,53.81105729127467,78.22691376439256,4582,5,text_en_1919
5043,49.71121581034107,77.87685998426258,4620,5,text_en_1919
5044,49.621411443161286,68.76094743872405,2439,2,octagram
5045,28.39558228076527,58.941043404479295,2612,2,octagram
5046,31.34818243911766,65.83267899710178,1843,1,inner_ring
5047,28.022581108443013,65.91290812681798,4816,5,text_en_1919
5048,53.982893665876986,86.80834781954718,208,0,outer_ring
5049,58.40803366374867,91.68351851897701,99,0,outer_ring
5050,64.27819543450211,90.87079439725427,33,0,outer_ring
5051,65.23682863416064,90.27133453931181,27,0,outer_ring
5052,67.52580082278415,90.86583716984903,15,0,outer_ring
5053,65.52955484572603,82.67252155025274,4448,5,text_en_1919
5054,76.15482293061427,76.86323522204634,4691,5,text_en_1919
5055,66.5653945432807,74.897349795357,2346,2,octagram
5056,75.80031102664017,79.76981660379805,4629,5,text_en_1919
5057,76.36030493290896,79.94990677323112,4642,5,text_en_1919
5058,73.41080629137127,65.79192847933365,1677,1,inner_ring
5059,81.61802247777385,61.960661262970234,4905,5,text_en_1919
5060,84.39201836946093,51.28064348541333,5065,5,text_en_1919
5061,80.52005354982757,51.20002886245971,1625,1,inner_ring
5062,84.504110706279,48.80868962654566,1620,1,inner_ring
5063,88.78259166528642,48.02134919889835,5156,5,text_en_1919
5064,81.65612042782446,42.87956834701578,2192,1,inner_ring
5065,91.02295006988919,47.29407486525991,5168,5,text_en_1919
5066,87.8417117504974,39.719801267520836,5337,5,text_en_1919
5067,91.09466692047722,46.95450417371155,5177,5,text_en_1919
5068,56.61644956362913,36.440533301074176,4246,4,stroke_kai
5069,59.1828011309692,40.32418573344924,4181,4,stroke_kai
5070,72.81844013873653,36.51778444033303,3131,2,octagram
5071,66.48979851860261,38.692083796496654,4187,4,stroke_kai
5072,67.444235034848,29.78627110416999,3077,2,octagram
5073,64.98075917400134,28.972970079871846,3062,2,octagram
5074,74.8568725887839,35.89690683691788,3140,2,octagram
5075,74.58398171306044,34.94358328003656,3134,2,octagram
5076,74.68817218295027,35.98737136053945,3139,2,octagram
5077,62.36143147241779,25.60908129427782,2999,2,octagram
5078,66.36988368803942,24.09122348638373,3039,2,octagram
5079,58.95592237009513,13.624780428464302,5648,5,text_en_1919
5080,57.04912510738813,7.648653090385857,1204,0,outer_ring
5081,55.48193023843494,5.766626361158643,1134,0,outer_ring
5082,50.43176055227683,17.242120419155963,5502,5,text_en_1919
5083,52.30384391859841,7.190691483504207,1016,0,outer_ring
5084,53.79370992300177,20.141036131008722,2062,1,inner_ring
5085,43.93915833320997,8.090533081693268,757,0,outer_ring
5086,51.653244887427846,12.604017749983317,5650,5,text_en_1919
5087,50.526425490543716,7.811680412248717,949,0,outer_ring
5088,55.85526245165206,5.32274803053188,1155,0,outer_ring
5089,56.907393228495444,2.113873055914275,1189,0,outer_ring
5090,55.83237319354052,6.024799091758186,1156,0,outer_ring
5091,45.22559349124602,8.97806286019446,771,0,outer_ring
5092,50.21496349411285,9.054197123436914,932,0,outer_ring
5093,47.271741533432674,8.71653879853039,823,0,outer_ring
5094,48.48085376414786,5.388152307322548,879,0,outer_ring
5095,53.40847203886903,8.762070620680456,1056,0,outer_ring
5096,57.861463638124455,6.707710297120234,1231,0,outer_ring
5097,57.459291101862036,4.649962452152561,1214,0,outer_ring
5098,64.3117640138363,11.467598805333562,1449,0,outer_ring
5099,64.68778933281848,6.673391847169355,1434,0,outer_ring
5100,66.76510012767228,10.104480095355019,1517,0,outer_ring
5101,79.82797131321003,24.729065478648597,5408,5,text_en_1919
5102,75.65878298384534,29.320077151911892,2152,1,inner_ring
5103,64.88710934411068,7.009017574238239,1441,0,outer_ring
5104,61.21262050000295,4.71323506745514,1331,0,outer_ring
5105,66.70849360919031,8.677640917687006,1504,0,outer_ring
5106,36.59448597990561,21.922738907464915,2011,1,inner_ring
5107,39.90515667704498,22.927516897414428,2016,1,inner_ring
5108,89.3853799711285,47.06272657934061,5184,5,text_en_1919
5109,48.89826919939349,89.79705584599249,355,0,outer_ring
5110,46.94514362926738,88.09392535886847,439,0,outer_ring
5111,46.27109514567948,88.9540794586681,457,0,outer_ring
5112,55.00323105177888,91.38031199130856,179,0,outer_ring
5113,50.840558591911254,89.96041787321468,297,0,outer_ring
5114,48.86575016651506,90.15408038349987,353,0,outer_ring
5115,39.70807518011031,86.59809270517522,595,0,outer_ring
5116,40.94658290071807,89.7664785057155,564,0,outer_ring
5117,37.58643826432206,87.42974743282353,617,0,outer_ring
5118,39.5567979529647,83.99889067176593,607,0,outer_ring
5119,32.56868645076715,76.25105947696402,4689,5,text_en_1919
5120,27.17303839041507,82.05720521248527,679,0,outer_ring
5121,28.34849251318084,68.55209371090962,4784,5,text_en_1919
5122,28.65614281058643,70.13024877331516,4722,5,text_en_1919
5123,21.919396617925987,57.01810427260293,4996,5,text_en_1919
5124,20.798082106816288,59.6805975820724,4960,5,text_en_1919
5125,17.616843459024093,51.03386340407701,5117,5,text_en_1919
5126,15.294101590047049,49.47360380432635,701,0,outer_ring
5127,26.280588466127064,46.37202663095977,5250,5,text_en_1919
5128,41.34082121180459,60.044939717857275,2547,2,octagram
5129,40.689421418208326,55.787101176701896,3332,3,stroke_nan
5130,39.91103200735515,49.99318991087688,3461,3,stroke_nan
5131,46.64751464333315,55.47957927300599,3351,3,stroke_nan
5132,46.81855255244497,46.641170188818414,3536,3,stroke_nan
5133,50.795608838066286,56.717172677410126,3326,3,stroke_nan
5134,46.70235157866819,59.20112247209893,3298,3,stroke_nan
5135,57.74947285586099,48.382100754217404,4010,4,stroke_kai
5136,60.54270818332107,52.06171346557956,3922,4,stroke_kai
5137,61.24580821184207,51.19670738700921,3940,4,stroke_kai
5138,60.50307968772951,73.81812243119285,1741,1,inner_ring
5139,68.20346870417985,62.888600199064996,2285,2,octagram
5140,57.800713472781986,57.38164643634627,3830,4,stroke_kai
5141,57.35950070866609,45.4010455867139,4091,4,stroke_kai
5142,52.284902186573326,42.324712566769655,3639,3,stroke_nan
5143,47.79731543051173,51.98623469647897,3414,3,stroke_nan
5144,51.46149848035952,40.98254930610757,3686,3,stroke_nan
5145,45.551156862865476,43.55293238005204,3598,3,stroke_nan
5146,43.747172093712834,42.38434415169031,3635,3,stroke_nan
5147,40.548422405008594,36.18794861162558,2818,2,octagram
5148,39.8992093207924,30.91867545498586,2830,2,octagram
5149,34.24216526213829,35.5612330891713,2781,2,octagram
5150,35.351052168892274,30.475552821117702,1979,1,inner_ring
5151,27.085425367398432,37.442472470319,5361,5,text_en_1919
5152,36.43242772365923,42.39540731808767,3625,3,stroke_nan
5153,36.39952377905124,45.552181612336064,3548,3,stroke_nan
5154,49.72619670500455,57.12676491415853,3322,3,stroke_nan
5155,28.50083678919211,38.578320053561676,1937,1,inner_ring
5156,30.93839827307852,32.30707104705316,1960,1,inner_ring
5157,29.656340060130077,33.9702199215128,1953,1,inner_ring
5158,27.84421636760876,26.066433635498978,5422,5,text_en_1919
5159,39.0687748001851,24.862713589279533,2015,1,inner_ring
5160,48.884659205732284,20.15952532457362,2045,1,inner_ring
5161,44.13312395524411,22.97396699139738,2892,2,octagram
5162,49.609187828037086,25.162775592016818,2928,2,octagram
5163,57.3238968600989,27.45677406654386,2974,2,octagram
5164,45.146560191190666,23.69637524257289,2899,2,octagram
5165,64.17901667003352,37.391577483205545,4217,4,stroke_kai
5166,63.92887539740277,47.51721471723748,4046,4,stroke_kai
5167,55.94727800605965,49.57250018544914,3981,4,stroke_kai
5168,58.817084794355026,41.77816837582435,4171,4,stroke_kai
5169,66.80338797475544,51.855496789791815,3931,4,stroke_kai
5170,66.2188239468908,42.6219126386069,4127,4,stroke_kai
5171,74.37801017916371,40.142798348765986,3184,2,octagram
5172,73.3605915137378,49.267834122460584,3233,2,octagram
5173,73.12357077261494,62.09601819072512,2246,2,octagram
5174,73.80564709514658,61.41597699050257,2241,2,octagram
5175,67.39571714595911,73.88467859559961,1721,1,inner_ring
5176,49.08128371681807,74.47454121174856,1781,1,inner_ring
5177,48.72476180855486,87.19162351789723,375,0,outer_ring
5178,46.8731513875344,89.27441628685804,435,0,outer_ring
5179,53.700287642988656,86.3138404209453,4290,5,text_en_1919
5180,54.97476452230351,88.9953184429415,181,0,outer_ring
5181,60.59914667527367,82.24175346464584,4466,5,text_en_1919
5182,54.25051234127242,81.01347836881982,4470,5,text_en_1919
5183,52.33488363626824,82.83803038884511,4401,5,text_en_1919
5184,50.02942373030558,81.22830939367013,4473,5,text_en_1919
5185,51.80905250685454,80.55800413051743,4486,5,text_en_1919
5186,49.292295977160244,78.84347833090646,4567,5,text_en_1919
5187,26.34553511232528,58.90915854457332,4919,5,text_en_1919
5188,38.438530294870716,63.74836740541621,2535,2,octagram
5189,28.207001674850343,55.828669308670534,2622,2,octagram
5190,55.54053692632686,85.72504454321098,4288,5,text_en_1919
5191,57.440866509651066,91.29067241121652,122,0,outer_ring
5192,61.5756491206454,84.0023791203762,4386,5,text_en_1919
5193,58.27284569164206,87.3436933798715,4299,5,text_en_1919
5194,67.97335014007687,83.68702615837199,4443,5,text_en_1919
5195,64.75985245155745,78.19040571198866,4646,5,text_en_1919
5196,68.75333638489579,83.16102217771123,4490,5,text_en_1919
5197,74.50822535972391,77.45509567852436,4677,5,text_en_1919
5198,78.01452232575278,62.979268842139795,1664,1,inner_ring
5199,86.20566534765406,71.94837210264743,4758,5,text_en_1919
5200,80.04809326014302,60.75446898482217,1654,1,inner_ring
5201,84.85810104672123,58.46771131157239,4928,5,text_en_1919
5202,88.52376707837183,61.49500824636358,4892,5,text_en_1919
5203,82.16926555166097,53.45722444517891,1634,1,inner_ring
5204,86.94068893561882,53.191117063179675,5055,5,text_en_1919
5205,89.8417655443532,53.13632101806549,5027,5,text_en_1919
5206,91.66059474682748,46.864979209013185,5187,5,text_en_1919
5207,90.4438327699226,46.03096507834717,5205,5,text_en_1919
5208,93.72281486706453,41.40572213451933,5297,5,text_en_1919
5209,91.70429733927485,46.29371294891418,5196,5,text_en_1919
5210,55.17444131452221,44.090336475468696,4096,4,stroke_kai
5211,59.75244031477184,42.36286406156166,4136,4,stroke_kai
5212,57.83214715856629,26.007158643001937,2977,2,octagram
5213,75.65374195873842,41.23928468067234,3185,2,octagram
5214,62.31239459425721,20.907497336010493,2087,1,inner_ring
5215,64.43675797258398,22.30395250068897,3019,2,octagram
5216,74.76808519116426,29.093428023575758,2149,1,inner_ring
5217,75.1540445478703,36.640364124624824,3145,2,octagram
5218,67.19620059557563,14.809275806434963,5556,5,text_en_1919
5219,64.05256995696546,19.89975679433036,2093,1,inner_ring
5220,59.579544466654085,16.234576190532433,5549,5,text_en_1919
5221,60.05278055390801,16.42150172357623,5524,5,text_en_1919
5222,58.354295478992874,8.475506245006304,1252,0,outer_ring
5223,59.477461806802054,12.04798821019536,5676,5,text_en_1919
5224,50.86676920939398,8.501747645158886,962,0,outer_ring
5225,48.27997009238457,17.10100911560606,5511,5,text_en_1919
5226,43.57550155218587,8.925071149254856,752,0,outer_ring
5227,47.46427738857219,15.154738286855787,5611,5,text_en_1919
5228,43.156036461054015,14.878766654964902,5563,5,text_en_1919
5229,50.516665196898025,9.328683608557764,941,0,outer_ring
5230,53.08584431713338,7.626029987049421,1041,0,outer_ring
5231,58.68237796385413,7.700112277568181,1259,0,outer_ring
5232,49.30657835195658,7.928343011885854,903,0,outer_ring
5233,56.94919436636026,5.613942458413672,1195,0,outer_ring
5234,44.21689986087583,15.704033428444896,5540,5,text_en_1919
5235,51.921515800445455,3.417507549166588,1004,0,outer_ring
5236,52.91081821374655,6.374016352652083,1036,0,outer_ring
5237,54.99791703917863,6.866752575041359,1117,0,outer_ring
5238,52.87689974210055,7.066354229380931,1034,0,outer_ring
5239,60.32722435118761,7.512395202570537,1318,0,outer_ring
5240,61.173250306575035,4.0642074915597135,1329,0,outer_ring
5241,61.45333301874272,9.563509049969362,1363,0,outer_ring
5242,64.04145717917591,7.0224184655369815,1421,0,outer_ring
5243,66.73375274441089,13.850433917700697,5576,5,text_en_1919
5244,71.9391618767267,14.319410583736618,5551,5,text_en_1919
5245,63.92465671764354,7.193467767208692,1417,0,outer_ring
5246,61.87289284929231,11.760336318823864,5668,5,text_en_1919
5247,64.0039598919296,8.947074522560708,1429,0,outer_ring
5248,43.07758276116109,25.337247149289,2874,2,octagram
5249,37.42666092101965,36.121759872632865,2803,2,octagram
5250,87.06139724907857,40.25041253245988,5334,5,text_en_1919
5251,52.91796290793514,91.74551748437264,238,0,outer_ring
5252,49.733994753206495,89.94856118826054,334,0,outer_ring
5253,44.961343229405564,91.56325367458645,472,0,outer_ring
5254,59.157943694648424,90.17879365869837,86,0,outer_ring
5255,49.38425401530979,90.80299266232451,342,0,outer_ring
5256,49.0281527148693,79.083383637978,4552,5,text_en_1919
5257,46.67659605541851,89.25219710682913,442,0,outer_ring
5258,44.077535751921445,79.57525120573857,4563,5,text_en_1919
5259,36.999062173955174,82.11495061144774,642,0,outer_ring
5260,38.19671927395762,87.43358950365831,609,0,outer_ring
5261,34.1282505286595,86.91212420532383,646,0,outer_ring
5262,34.364761733788754,84.25483888861825,649,0,outer_ring
5263,24.215510290597006,71.65627414995743,4729,5,text_en_1919
5264,18.905270961419635,63.136652316056136,4872,5,text_en_1919
5265,28.79749808756894,55.74504767607482,2624,2,octagram
5266,22.77017447657175,53.18864774694296,5071,5,text_en_1919
5267,22.35648542827259,57.46177201474481,4971,5,text_en_1919
5268,27.15340822927756,53.235786587300666,1890,1,inner_ring
5269,26.65720171689065,62.06370631229033,4869,5,text_en_1919
5270,31.248650644985954,54.97280215958611,2634,2,octagram
5271,32.64525789426109,50.79553153400586,2658,2,octagram
5272,46.297030058924555,53.766239412783065,3389,3,stroke_nan
5273,41.70043190127866,54.23175847606642,3375,3,stroke_nan
5274,42.52082765095244,68.01846052948883,2502,2,octagram
5275,46.381238199678435,57.49288173013888,3327,3,stroke_nan
5276,58.85842361759468,71.41514372083104,2380,2,octagram
5277,61.74163211781981,56.999313403574085,3849,4,stroke_kai
5278,58.14014257848681,61.26816178525373,3792,4,stroke_kai
5279,64.99551276416385,71.54561371190702,2333,2,octagram
5280,56.54386159200006,69.56366791417062,2400,2,octagram
5281,55.616770211463255,67.64795452290788,2407,2,octagram
5282,59.43063180932434,61.46986314318968,3797,4,stroke_kai
5283,60.36729823930765,53.85244203292674,3897,4,stroke_kai
5284,51.64090176160092,51.31340072652862,3446,3,stroke_nan
5285,46.10928099240783,37.14421535003465,3738,3,stroke_nan
5286,49.7338159460394,44.142203160436665,3596,3,stroke_nan
5287,44.27894953687259,47.70201748650937,3508,3,stroke_nan
5288,46.1811426919429,40.2156871621317,3696,3,stroke_nan
5289,45.748582413718744,44.04742514037838,3587,3,stroke_nan
5290,39.106558508071615,40.344879371424426,3669,3,stroke_nan
5291,28.25177961149468,44.33710933653376,1921,1,inner_ring
5292,31.397986144064983,36.62440712795606,2759,2,octagram
5293,24.200474658122797,37.62903020361824,5371,5,text_en_1919
5294,23.632054369122464,43.047892040181836,5286,5,text_en_1919
5295,34.12000207782666,44.95387563402027,2690,2,octagram
5296,35.0105374338188,40.05961619209504,2718,2,octagram
5297,39.956358475853484,31.13348828310145,2828,2,octagram
5298,34.346704781763336,50.016055200897775,2669,2,octagram
5299,36.20155796606069,27.63541094609612,1996,1,inner_ring
5300,38.14231128636327,25.36164476228894,2007,1,inner_ring
5301,40.01636049294298,27.539463622338722,2856,2,octagram
5302,38.304969008690136,10.333265715928517,725,0,outer_ring
5303,49.520966277635345,24.448068363545637,2924,2,octagram
5304,41.731104763404176,45.324301727581265,3562,3,stroke_nan
5305,51.08621477963255,28.977871156037793,2945,2,octagram
5306,54.42022085484526,37.69606180386179,4239,4,stroke_kai
5307,56.24157385540363,48.73753686330286,3989,4,stroke_kai
5308,57.251321896326026,40.72968646205781,4186,4,stroke_kai
5309,61.57116310093931,40.06141337844901,4188,4,stroke_kai
5310,58.08598612684888,46.05409399993513,4082,4,stroke_kai
5311,61.21648187027627,46.20437539408647,4055,4,stroke_kai
5312,74.42778421046522,48.380021184770335,3231,2,octagram
5313,67.67050530091723,55.278221733951966,3884,4,stroke_kai
5314,78.83119780785513,55.669789316572384,3275,2,octagram
5315,67.41457368749413,61.91892583552991,2283,2,octagram
5316,69.99384130073588,64.96917096762658,2288,2,octagram
5317,66.48246588583577,74.50322935981526,2345,2,octagram
5318,42.80769711978734,74.02112735649025,2483,2,octagram
5319,45.44046678977527,83.63680342318666,4352,5,text_en_1919
5320,53.13875846428088,85.45196886614353,4295,5,text_en_1919
5321,48.97420035013891,88.56391425562805,360,0,outer_ring
5322,54.56762799470674,90.81476587903093,192,0,outer_ring
5323,54.50162038864542,83.79505239736538,4334,5,text_en_1919
5324,55.702374826697245,87.80189698936988,158,0,outer_ring
5325,55.00432683385218,83.95351326419598,4324,5,text_en_1919
5326,46.22879493229266,79.74064595843045,4545,5,text_en_1919
5327,55.16546198549495,76.76881909421037,1758,1,inner_ring
5328,49.263829443447776,71.01361247169604,2449,2,octagram
5329,37.33413001618576,67.21348287213344,1823,1,inner_ring
5330,31.815656003754036,66.50039580768696,1840,1,inner_ring
5331,30.367399780987636,64.65477363333952,1849,1,inner_ring
5332,57.194806908224116,91.47421628358015,127,0,outer_ring
5333,55.82043585682404,91.99688752095535,155,0,outer_ring
5334,55.47721579477278,92.64160492976431,163,0,outer_ring
5335,65.58151875367254,84.85646692665806,4370,5,text_en_1919
5336,75.63657040684869,79.17021995809667,4648,5,text_en_1919
5337,65.94013551782609,85.83494145264356,4348,5,text_en_1919
5338,74.17446195686985,81.95242051709681,4509,5,text_en_1919
5339,66.89406919451689,74.10141202944018,2344,2,octagram
5340,72.67241752675442,71.75970853277784,1697,1,inner_ring
5341,78.4946834654686,66.13243819195415,1669,1,inner_ring
5342,86.35838693381467,61.551863592180624,4897,5,text_en_1919
5343,79.6977550216782,56.29122052482326,3279,2,octagram
5344,80.57465690144215,57.805939362414925,3286,2,octagram
5345,85.40907359197088,52.90029531238244,5054,5,text_en_1919
5346,88.88101757862952,50.79576362122905,5059,5,text_en_1919
5347,91.16254358354475,52.77662456009237,5028,5,text_en_1919
5348,84.86216337098301,37.73377439173784,5341,5,text_en_1919
5349,87.9641488483339,36.91397498712211,5348,5,text_en_1919
5350,94.22940931768785,45.350342208531515,5239,5,text_en_1919
5351,82.34088131022405,36.262931842930165,2173,1,inner_ring
5352,63.545279067716436,53.71132685287206,3907,4,stroke_kai
5353,62.595088088192576,38.93444857430762,4204,4,stroke_kai
5354,65.35891230975768,18.955619573736108,2097,1,inner_ring
5355,69.22377373209997,27.305529815171152,2126,1,inner_ring
5356,71.97585734952122,32.68426093284493,3118,2,octagram
5357,66.5169875881932,27.794540907919895,3063,2,octagram
5358,71.26258399952168,34.15666408453386,3115,2,octagram
5359,74.5671068262877,26.93100349287502,2144,1,inner_ring
5360,67.63395978055976,24.64952203357075,2117,1,inner_ring
5361,62.65115934682513,20.517777822068048,2089,1,inner_ring
5362,61.1031530105338,21.318760783475796,2083,1,inner_ring
5363,57.53451320911272,8.147715514603629,1226,0,outer_ring
5364,60.36529524587347,16.1606986575651,5543,5,text_en_1919
5365,53.48812310670005,18.7839970051566,2059,1,inner_ring
5366,53.10266951771404,21.111644471051072,2057,1,inner_ring
5367,50.31348886379581,13.303795408963099,5634,5,text_en_1919
5368,48.378830396456436,6.516832144028838,868,0,outer_ring
5369,44.95532064364972,9.52528403756192,767,0,outer_ring
5370,51.23700625228341,9.389538864038213,978,0,outer_ring
5371,49.535865101782704,14.313247322371899,5613,5,text_en_1919
5372,53.74437515462357,6.836420061431049,1069,0,outer_ring
5373,61.958651604546255,5.520679134306593,1360,0,outer_ring
5374,48.6657234119743,5.913728728502668,884,0,outer_ring
5375,46.63832925456682,7.7670284431147305,809,0,outer_ring
5376,47.635444332354126,8.275140392075087,833,0,outer_ring
5377,48.06912429729759,8.69565701948056,848,0,outer_ring
5378,50.664169850726765,6.481900394107197,958,0,outer_ring
5379,55.66915052013916,7.859051105339698,1146,0,outer_ring
5380,56.895942948977535,6.545676368995285,1194,0,outer_ring
5381,62.73527419846514,9.417754361292317,1397,0,outer_ring
5382,58.76077817852475,12.112660817112554,5673,5,text_en_1919
5383,65.73905041545312,4.8955956866976456,1451,0,outer_ring
5384,72.15453874309381,11.29314066344066,1585,0,outer_ring
5385,67.48321987226836,7.3297239206968685,1514,0,outer_ring
5386,73.99086908775084,23.316190263383756,5411,5,text_en_1919
5387,66.78128192561279,7.936997828955946,1501,0,outer_ring
5388,63.26364059995236,7.790141005582366,1402,0,outer_ring
5389,67.06153154650875,4.008322768847331,1480,0,outer_ring
5390,46.432932215487504,20.756097706950275,2035,1,inner_ring
5391,42.75610140086789,20.169465349731173,2025,1,inner_ring
5392,85.6522806122567,46.86741997516777,5218,5,text_en_1919
5393,46.935290131835345,91.07454306544352,418,0,outer_ring
5394,47.81892398030139,89.35855392568399,396,0,outer_ring
5395,44.57024788387167,90.02336173245818,486,0,outer_ring
5396,56.86232234865706,89.95528211024981,136,0,outer_ring
5397,51.94600053046734,92.57237864055234,255,0,outer_ring
5398,47.284305932128966,89.39744914923064,415,0,outer_ring
5399,43.01532376463354,91.30032366677261,519,0,outer_ring
5400,42.17792862820756,86.89225361816843,556,0,outer_ring
5401,38.790888366216336,87.82612645668593,600,0,outer_ring
5402,38.02862427794162,86.31280867867136,615,0,outer_ring
5403,41.772014446090104,81.15607910736351,4421,5,text_en_1919
5404,28.652013247770316,76.55382616268436,4667,5,text_en_1919
5405,25.04561194062707,69.97304597080024,4747,5,text_en_1919
5406,28.933440723536567,67.07717794283259,4812,5,text_en_1919
5407,19.180636198724766,51.214688444596554,5086,5,text_en_1919
5408,23.987515949322486,57.25916810044227,4950,5,text_en_1919
5409,22.182304498447486,46.80669987653838,5217,5,text_en_1919
5410,19.642647080760963,47.1236402870282,5161,5,text_en_1919
5411,22.453932131381382,50.25992480772731,5102,5,text_en_1919
5412,29.481354592192808,54.515641053024424,2633,2,octagram
5413,41.49746582025447,51.655496922873624,3417,3,stroke_nan
5414,40.73664894128684,61.366260416515836,2545,2,octagram
5415,44.57430375291077,52.18550810822246,3412,3,stroke_nan
5416,46.29529424582159,56.7724500625438,3328,3,stroke_nan
5417,52.617908710495136,52.32226990759803,3429,3,stroke_nan
5418,53.69274586979035,66.31087540492334,2414,2,octagram
5419,58.240806266113744,52.15359828277323,3930,4,stroke_kai
5420,62.970751916202744,58.981885765678975,3809,4,stroke_kai
5421,58.391997869115386,74.53172247014673,1748,1,inner_ring
5422,66.47581552639957,67.90815604316086,2311,2,octagram
5423,56.06092016454757,74.15348936468565,1754,1,inner_ring
5424,59.76849521502236,57.53391677526824,3838,4,stroke_kai
5425,58.41093261948807,57.299444356724244,3824,4,stroke_kai
5426,48.0918031945787,45.480450876145525,3560,3,stroke_nan
5427,43.27610154354713,42.56133088998534,3626,3,stroke_nan
5428,54.37306887350171,49.05482409862726,3987,4,stroke_kai
5429,47.510950978364626,50.90844385914978,3444,3,stroke_nan
5430,46.69464349610875,39.321347679119555,3704,3,stroke_nan
5431,45.17212128665557,39.66881755022634,3701,3,stroke_nan
5432,39.35621528971742,40.28623869458069,3674,3,stroke_nan
5433,33.377926680149585,35.68849616746252,2775,2,octagram
5434,30.821068418665437,37.73606091125306,2740,2,octagram
5435,30.244126196563556,45.84025571046562,1916,1,inner_ring
5436,31.046485112998443,43.17471231985368,2711,2,octagram
5437,36.88237426731883,46.09728004267589,3534,3,stroke_nan
5438,38.56407046916327,49.962985723838514,3474,3,stroke_nan
5439,18.32856579457557,39.562405324628585,5333,5,text_en_1919
5440,35.63687049065483,37.85188228925251,2787,2,octagram
5441,30.889712331297428,29.340285539135056,1971,1,inner_ring
5442,25.944292227507685,25.37120759975504,5419,5,text_en_1919
5443,38.03571600532583,26.322570740357435,2003,1,inner_ring
5444,41.47548231663959,29.88206998130627,2843,2,octagram
5445,46.10286473608735,26.752050810659163,2911,2,octagram
5446,42.55378378216251,17.053019484436614,5522,5,text_en_1919
5447,47.2694176883192,33.784027989010006,3783,3,stroke_nan
5448,51.70907086301958,26.513041856977182,2941,2,octagram
5449,54.42919543420076,26.795757473979403,2962,2,octagram
5450,61.49728596703168,47.676870083143704,4031,4,stroke_kai
5451,58.55092093740848,45.580437172592205,4101,4,stroke_kai
5452,73.4087534181119,47.99915040708007,3227,2,octagram
5453,67.76951425470082,50.502030132167754,3982,4,stroke_kai
5454,60.04427589235725,57.28723555581697,3843,4,stroke_kai
5455,76.66809709181815,45.87057961286126,3206,2,octagram
5456,75.74334124136377,53.383532418115635,3259,2,octagram
5457,73.37226507256425,59.714996795484495,2240,2,octagram
5458,70.00365344668549,60.708415623670575,2261,2,octagram
5459,67.01777127390851,68.34031929241999,2313,2,octagram
5460,50.89453028194056,84.45823858970411,4346,5,text_en_1919
5461,49.5985213609335,82.00549129252272,4416,5,text_en_1919
5462,46.92414611137695,86.9872973963857,449,0,outer_ring
5463,55.80254432456523,91.50443125592878,156,0,outer_ring
5464,53.01937986848611,85.44410755674566,4292,5,text_en_1919
5465,58.91339412863363,83.5060736579645,4436,5,text_en_1919
5466,59.017844050630245,77.79475394579332,4604,5,text_en_1919
5467,53.45579405531724,78.27674432151714,4593,5,text_en_1919
5468,50.99924837768348,87.15159306804225,301,0,outer_ring
5469,54.944803683842515,81.34519635353897,4435,5,text_en_1919
5470,42.778666828344996,70.97526444818925,2491,2,octagram
5471,36.247090268934244,61.04340403660261,2558,2,octagram
5472,27.516256436143273,66.80448869418044,4801,5,text_en_1919
5473,30.39754403675835,61.64040356093988,1858,1,inner_ring
5474,55.06454509113185,91.14069793500511,174,0,outer_ring
5475,57.04977713240213,93.0290776389871,134,0,outer_ring
5476,55.47595855393972,91.94033535027144,162,0,outer_ring
5477,67.25944112541981,88.78727010579198,12,0,outer_ring
5478,66.88621405574878,89.01777730405026,17,0,outer_ring
5479,69.67299116371706,81.39653366513782,4514,5,text_en_1919
5480,62.5139313305195,74.79850597542402,1734,1,inner_ring
5481,73.41664974873005,72.73000249465473,1698,1,inner_ring
5482,68.55245464923416,74.37170822197834,1719,1,inner_ring
5483,79.3221411723421,62.093189809358655,1658,1,inner_ring
5484,87.67734153467798,60.8429014379356,4907,5,text_en_1919
5485,82.53972779820782,52.377765984614285,1630,1,inner_ring
5486,84.1408159899111,56.90195961244056,4984,5,text_en_1919
5487,91.64327580086515,60.19496388128217,4904,5,text_en_1919
5488,82.79544220233042,50.114816228362145,1621,1,inner_ring
5489,89.72641131387138,38.730305401882106,5343,5,text_en_1919
5490,85.74615322977513,37.188941811746744,5344,5,text_en_1919
5491,92.45367014325898,53.097207663165946,5033,5,text_en_1919
5492,93.59461537187396,43.0274288753391,5265,5,text_en_1919
5493,93.01494281804018,47.652048208277215,5135,5,text_en_1919
5494,60.83032000782409,45.764879335164096,4083,4,stroke_kai
5495,57.27708580207588,42.19584439040275,4141,4,stroke_kai
5496,71.44492542067485,35.15522709582456,3120,2,octagram
5497,69.42373578587299,40.07510315292409,4166,4,stroke_kai
5498,68.31414358056078,33.40770014462124,3100,2,octagram
5499,66.46835103698628,22.52670088181473,3027,2,octagram
5500,77.49527070347351,34.55980237056027,2167,1,inner_ring
5501,72.37197143720691,27.83415479644439,2138,1,inner_ring
5502,73.38415471698082,27.54216002642158,2142,1,inner_ring
5503,64.75636293615446,21.232603910549688,3020,2,octagram
5504,62.857928156914625,23.731831948017987,3007,2,octagram
5505,59.173243218211105,15.398373658642884,5603,5,text_en_1919
5506,58.15763765549139,8.038724920046594,1244,0,outer_ring
5507,54.643966383338174,27.824204475242215,2961,2,octagram
5508,55.81390170244063,20.73142008488935,2066,1,inner_ring
5509,46.73356725920494,14.818659770628608,5605,5,text_en_1919
5510,47.924626756758734,9.377747248539196,840,0,outer_ring
5511,45.10518975263865,9.601883317846399,768,0,outer_ring
5512,52.600881558583026,8.19074835931698,1027,0,outer_ring
5513,50.79494511566104,11.47548869565103,950,0,outer_ring
5514,52.328136400488354,6.946868079520959,1018,0,outer_ring
5515,62.63211971452758,7.369652995427271,1383,0,outer_ring
5516,52.210270815562396,5.7519561913288655,1013,0,outer_ring
5517,48.20796499235762,8.583866697679754,855,0,outer_ring
5518,50.86443596474059,7.667738321235078,965,0,outer_ring
5519,45.93861157244306,4.7174803516114014,805,0,outer_ring
5520,47.68858552030086,8.346079994314653,834,0,outer_ring
5521,59.120605197512475,6.645894148162789,1273,0,outer_ring
5522,57.25433975214983,5.376529466949,1208,0,outer_ring
5523,62.69531702754403,6.92293934572226,1382,0,outer_ring
5524,59.17517647280731,2.8985738857047876,1262,0,outer_ring
5525,64.97049361130766,7.389765791547464,1446,0,outer_ring
5526,66.71406244875149,10.041942554034717,1512,0,outer_ring
5527,66.3251804624085,8.507081213920184,1489,0,outer_ring
5528,68.33016381996622,15.542184203902266,5525,5,text_en_1919
5529,65.47552129643363,7.528122822445036,1457,0,outer_ring
5530,64.77287879310488,7.785009148102992,1443,0,outer_ring
5531,67.20477767837869,6.948181570215548,1507,0,outer_ring
5532,37.63902738720317,38.02341322069168,3714,3,stroke_nan
5533,34.725933406887556,29.014730764200728,1984,1,inner_ring
5534,91.34300842618518,54.98620878132379,5011,5,text_en_1919
5535,48.21587771150514,82.85795217170477,4377,5,text_en_1919
5536,49.84033286310293,91.02585353940049,325,0,outer_ring
5537,45.56761834069012,89.80089577277184,467,0,outer_ring
5538,54.39555025034747,91.95915567272468,196,0,outer_ring
5539,46.64137456901716,89.3094221069284,444,0,outer_ring
5540,42.68884627627497,89.30192616272048,534,0,outer_ring
5541,44.94217635283113,91.43982292698331,474,0,outer_ring
5542,41.658416720222014,91.01293191990712,544,0,outer_ring
5543,39.000640584985156,87.57217869218515,598,0,outer_ring
5544,31.10887371525435,81.95884029740134,669,0,outer_ring
5545,31.70697208327041,84.23409349230975,663,0,outer_ring
5546,37.26668079864021,76.35654180858943,4685,5,text_en_1919
5547,24.407937776096954,71.48540605542173,4725,5,text_en_1919
5548,23.05436835730159,65.1313846144074,4831,5,text_en_1919
5549,17.79399153937857,57.497185090654696,4989,5,text_en_1919
5550,26.274623434549394,44.531388174818254,5263,5,text_en_1919
5551,23.415307325724605,51.39278279156665,5095,5,text_en_1919
5552,26.2877899830732,51.4422582429084,5069,5,text_en_1919
5553,22.084113145992674,51.99254513528507,5080,5,text_en_1919
5554,26.95440755967527,44.42040278819148,1919,1,inner_ring
5555,39.306232582647226,61.86202932055272,2544,2,octagram
5556,45.30355929894198,59.81291517136717,3302,3,stroke_nan
5557,44.873695727007,52.76772757333224,3413,3,stroke_nan
5558,42.1458203264197,52.12662470067517,3401,3,stroke_nan
5559,48.403475317945855,58.257543597225585,3318,3,stroke_nan
5560,55.93568185175686,58.96936578050747,3817,4,stroke_kai
5561,66.98758435556788,46.678544669963436,4050,4,stroke_kai
5562,58.44365002832564,47.72937693127453,4015,4,stroke_kai
5563,65.18250782424252,63.79890452842304,2292,2,octagram
5564,62.97822050152257,78.70791087547202,4636,5,text_en_1919
5565,61.68626153329473,78.05373847496185,4643,5,text_en_1919
5566,54.78347773279279,57.40827037429757,3848,4,stroke_kai
5567,55.94433036229074,49.78740535582268,3980,4,stroke_kai
5568,54.67911864212107,50.24808056031833,3972,4,stroke_kai
5569,42.390879253698444,43.790545539956426,3623,3,stroke_nan
5570,51.55383891317588,41.121241961371894,3675,3,stroke_nan
5571,51.70112900072124,43.52436391709543,3604,3,stroke_nan
5572,46.89419436660527,45.50178461080222,3564,3,stroke_nan
5573,39.62996548835071,34.25551696264361,2816,2,octagram
5574,38.49780819103352,29.307474822334154,2839,2,octagram
5575,29.84580307711885,34.4224360565484,1952,1,inner_ring
5576,35.971373269151414,34.11252957130199,2798,2,octagram
5577,24.62206753073658,40.44285906223725,5301,5,text_en_1919
5578,32.2186287308762,43.443892590040555,2707,2,octagram
5579,42.064195373034096,45.80367268898441,3545,3,stroke_nan
5580,40.92916338911735,54.24263097590804,3361,3,stroke_nan
5581,26.480018635991648,43.696486731367806,5268,5,text_en_1919
5582,25.350194871488036,16.68911462463566,707,0,outer_ring
5583,23.302372023406217,39.43143402916617,5312,5,text_en_1919
5584,32.92274769284151,43.90272611045892,2702,2,octagram
5585,38.001972313799115,10.991859501831996,721,0,outer_ring
5586,37.84480202905387,21.130588377538135,5429,5,text_en_1919
5587,47.392355029988764,25.605898489171427,2914,2,octagram
5588,41.98257534291588,22.64712543306866,2882,2,octagram
5589,54.94329587889542,35.50665749883362,4258,4,stroke_kai
5590,53.092449775001974,28.71658030425145,2956,2,octagram
5591,53.238445211961086,26.29013231578974,2960,2,octagram
5592,60.66912929865555,56.1387817398741,3866,4,stroke_kai
5593,66.80359752779655,50.47223233907727,3944,4,stroke_kai
5594,62.56015629277589,43.84389072864794,4116,4,stroke_kai
5595,67.45044038620458,45.733190337371774,4081,4,stroke_kai
5596,66.28950503514749,41.43689876674095,4151,4,stroke_kai
5597,73.55208774984494,45.14540372813763,3213,2,octagram
5598,72.18501759978034,47.312498624066045,3220,2,octagram
5599,71.8561567475241,59.36997729123507,2249,2,octagram
5600,81.59095306809779,56.22000245699339,1643,1,inner_ring
5601,72.06077432399587,67.64517258905133,1688,1,inner_ring
5602,44.44254057262225,72.71419815355534,2484,2,octagram
5603,45.78391759307326,88.73473627710774,468,0,outer_ring
5604,46.69838965659587,83.31261354095682,4349,5,text_en_1919
5605,52.865622238872916,89.1117615329404,243,0,outer_ring
5606,54.931909508346905,90.21522609266302,182,0,outer_ring
5607,54.4418613062205,91.70092508616032,195,0,outer_ring
5608,53.079022588368225,84.57707602356786,4311,5,text_en_1919
5609,62.84649879299131,77.49575447296102,4640,5,text_en_1919
5610,51.25957462809438,80.0404146671795,4546,5,text_en_1919
5611,44.961743397117274,86.69014208669014,497,0,outer_ring
5612,51.06072478730945,77.9584532929958,4559,5,text_en_1919
5613,31.50063680977284,59.11868270784838,2595,2,octagram
5614,28.17195481873545,59.997479103425704,1869,1,inner_ring
5615,27.09261181345743,58.60814199664945,2615,2,octagram
5616,58.19342493121823,88.04688423626835,97,0,outer_ring
5617,54.33763284505032,91.22220378739301,201,0,outer_ring
5618,60.80338142990425,91.03232578609509,68,0,outer_ring
5619,65.06477439857888,92.42539302823235,30,0,outer_ring
5620,65.48017052881424,85.66263877397512,4360,5,text_en_1919
5621,69.16649398759874,89.72469710980495,6,0,outer_ring
5622,70.98329621179302,83.68361223506628,4444,5,text_en_1919
5623,66.35081398698338,74.38758568226437,2343,2,octagram
5624,79.61785945705338,75.66723913152785,4682,5,text_en_1919
5625,85.04833802936449,68.1867314702444,4764,5,text_en_1919
5626,80.19671293504523,59.022137975854946,2211,2,octagram
5627,82.89663494791017,62.46906858621715,4885,5,text_en_1919
5628,84.57078406100472,59.85811557666946,4921,5,text_en_1919
5629,80.53978321500225,51.11652492584778,1624,1,inner_ring
5630,85.69177502205935,53.781734953730606,5030,5,text_en_1919
5631,86.62198827284752,57.197740547424544,4962,5,text_en_1919
5632,90.20032575851026,39.93911525588109,5335,5,text_en_1919
5633,91.73059528500752,43.578630647752654,5255,5,text_en_1919
5634,95.88607828242137,54.09007644970602,5034,5,text_en_1919
5635,93.55868991884503,52.79410090940457,5029,5,text_en_1919
5636,57.61487190771884,46.46450975839546,4045,4,stroke_kai
5637,59.735913224260415,43.632084133827696,4118,4,stroke_kai
5638,61.79798170582226,38.93370784174859,4207,4,stroke_kai
5639,75.19043346261657,40.47434546804925,3183,2,octagram
5640,64.11506489371855,21.750019916891794,3016,2,octagram
5641,64.41791157056399,22.020723480064678,3018,2,octagram
5642,78.28219338676978,37.00501782761152,3163,2,octagram
5643,76.80451686774673,34.90259705257813,3144,2,octagram
5644,70.90728266116245,22.585466761232365,2119,1,inner_ring
5645,66.89367066262108,24.486867543398727,3040,2,octagram
5646,65.86945645753923,18.160400405372453,5447,5,text_en_1919
5647,57.597186551548035,13.812650292366627,5638,5,text_en_1919
5648,59.24105847829595,10.326523487509839,1290,0,outer_ring
5649,52.38777600904502,8.477603599225713,1019,0,outer_ring
5650,54.669364396796105,9.597275930840627,1104,0,outer_ring
5651,42.74971064167485,9.11939990768011,743,0,outer_ring
5652,53.58339184459634,4.246682517656373,1065,0,outer_ring
5653,48.71397081071589,13.70711511628828,5629,5,text_en_1919
5654,47.51536753340348,7.1561779477415906,835,0,outer_ring
5655,48.24612085878827,17.742925531338784,5487,5,text_en_1919
5656,51.357094312350064,8.110216779302377,984,0,outer_ring
5657,58.85590819634612,7.525742249982793,1266,0,outer_ring
5658,54.3807349590687,4.8037989931315375,1095,0,outer_ring
5659,50.642149143691526,7.5472567070782635,955,0,outer_ring
5660,44.339656623702126,7.87919784872047,765,0,outer_ring
5661,51.18886525194274,6.714556572894765,982,0,outer_ring
5662,51.4726518503127,8.449708827313696,986,0,outer_ring
5663,53.92595332869952,7.873659223968294,1075,0,outer_ring
5664,53.42984004176839,5.98107439345596,1060,0,outer_ring
5665,61.53028830670756,7.380918859832171,1355,0,outer_ring
5666,63.599191604107666,7.079613558262334,1406,0,outer_ring
5667,60.413254691569755,8.447869510144114,1322,0,outer_ring
5668,68.88053835738616,7.9184871194248005,1542,0,outer_ring
5669,74.14298407049866,12.651904741485984,1599,0,outer_ring
5670,71.03850159006917,9.785369833441145,1573,0,outer_ring
5671,66.38694022269446,8.505868122466929,1492,0,outer_ring
5672,68.03581537595981,8.558409159145116,1533,0,outer_ring
5673,64.76206801975685,7.301528968908032,1439,0,outer_ring
5674,37.2379474996053,19.931360098492235,5457,5,text_en_1919
5675,42.39266100063434,27.252424944050546,2858,2,octagram
5676,86.2374983741297,40.766131428995244,5331,5,text_en_1919
5677,49.03975290644944,91.3175202776739,349,0,outer_ring
5678,50.325997694373896,91.57229499740312,308,0,outer_ring
5679,49.88413298556133,90.67484956551726,324,0,outer_ring
