slot_id,x,y,layer_id,layer_name
0,79.76539989858439,81.07757633909843,0,outer_ring
1,71.9472522116593,85.81760378231061,0,outer_ring
2,70.01727189727234,86.65777955572712,0,outer_ring
3,68.85953461153106,87.10767966648953,0,outer_ring
4,68.02469387300955,87.4079183502394,0,outer_ring
5,67.36802700922749,87.63018528700032,0,outer_ring
6,66.82485387170777,87.80495215383414,0,outer_ring
7,66.36105162421843,87.94775802891314,0,outer_ring
8,65.95454128205716,88.06811060343458,0,outer_ring
9,65.5931924104266,88.17135211078238,0,outer_ring
10,65.26702273209422,88.26154290918208,0,outer_ring
11,64.96902236415079,88.34147319870816,0,outer_ring
12,64.6946114940315,88.41300173164502,0,outer_ring
13,64.44042055054962,88.47749451714546,0,outer_ring
14,64.20349087842364,88.53608646378314,0,outer_ring
15,63.9812326520471,88.58972164309799,0,outer_ring
16,63.771385922294364,88.63918597137506,0,outer_ring
17,63.57342588953601,88.68480546536523,0,outer_ring
18,63.385095384866034,88.72726915154621,0,outer_ring
19,63.20626964846133,88.76674701790414,0,outer_ring
20,63.03497370563129,88.80379502847983,0,outer_ring
21,62.87131570399174,88.83849142997391,0,outer_ring
22,62.71455782610103,88.8710855134957,0,outer_ring
23,62.56369089323687,88.90186526986167,0,outer_ring
24,62.418315325080826,88.93097893882953,0,outer_ring
25,62.278055965943565,88.95856140533157,0,outer_ring
26,62.14256080960891,88.98473545951285,0,outer_ring
27,62.01149977325655,89.00961292952303,0,outer_ring
28,61.88456352124593,89.03329570059935,0,outer_ring
29,61.76146233898813,89.05587663251575,0,outer_ring
30,61.64192505668221,89.07744038616548,0,outer_ring
31,61.52569802233164,89.09806416887542,0,outer_ring
32,61.4125441231697,89.11781840700706,0,outer_ring
33,61.302241854398225,89.13676735346857,0,outer_ring
34,61.194584433971784,89.1549696369316,0,outer_ring
35,61.089736627749474,89.17241969938883,0,outer_ring
36,60.987622973344834,89.18915213152559,0,outer_ring
37,60.88766314742398,89.2052809706493,0,outer_ring
38,60.78969437943304,89.2208481949431,0,outer_ring
39,60.69373675835956,89.23586545149686,0,outer_ring
40,60.600361060704465,89.25025999022343,0,outer_ring
41,60.50857957750598,89.26419881280498,0,outer_ring
42,60.418266029030434,89.27771172404621,0,outer_ring
43,60.33023017612868,89.29069024273893,0,outer_ring
44,60.24372057905133,89.3032577466332,0,outer_ring
45,60.15836085269615,89.31547764689401,0,outer_ring
46,60.07511416548703,89.32722245556948,0,outer_ring
47,59.9930804174989,89.3386295554931,0,outer_ring
48,59.91208419448111,89.34973028191396,0,outer_ring
49,59.83311762397375,89.36039789702355,0,outer_ring
50,59.75486979827191,89.37081763922764,0,outer_ring
51,59.678148078678845,89.38088854346802,0,outer_ring
52,59.60257816573987,89.3906674060976,0,outer_ring
53,59.527866508138814,89.40019789455314,0,outer_ring
54,59.45476109046617,89.40939141681137,0,outer_ring
55,59.3820412114624,89.41840693954236,0,outer_ring
56,59.31114586296165,89.42707199237235,0,outer_ring
57,59.24057566751561,89.43557553039234,0,outer_ring
58,59.17147611989756,89.44378420842364,0,outer_ring
59,59.10288047115436,89.4518179528574,0,outer_ring
60,59.03551097233908,89.45959656213708,0,outer_ring
61,58.96872693991524,89.46719854445068,0,outer_ring
62,58.903024174834655,89.47457157463589,0,outer_ring
63,58.837900332035794,89.48177607019834,0,outer_ring
64,58.773803334339014,89.48876633551234,0,outer_ring
65,58.71019909223209,89.49560422701897,0,outer_ring
66,58.64764915782428,89.5022329953157,0,outer_ring
67,58.58543413475683,89.50873210028271,0,outer_ring
68,58.52437473734301,89.51501921127183,0,outer_ring
69,58.46342816247869,89.52120457735626,0,outer_ring
70,58.40380487124321,89.52716855094583,0,outer_ring
71,58.344173111952195,89.53304725170238,0,outer_ring
72,58.285775420195165,89.53872085806725,0,outer_ring
73,58.227527974858035,89.54429765596022,0,outer_ring
74,58.170132696666634,89.54971258429839,0,outer_ring
75,58.11321903852397,89.55500341662807,0,outer_ring
76,58.05673288647677,89.56017709033188,0,outer_ring
77,58.00110435518588,89.56519686369704,0,outer_ring
78,57.94546918174217,89.57014247731996,0,outer_ring
79,57.89105122921256,89.57490758537142,0,outer_ring
80,57.83665479747968,89.57959937333993,0,outer_ring
81,57.78293570114635,89.58416267044393,0,outer_ring
82,57.72973282876112,89.58861350815727,0,outer_ring
83,57.67664205976579,89.59298692873246,0,outer_ring
84,57.62458922066659,89.59720888220741,0,outer_ring
85,57.572531159795915,89.60136595423195,0,outer_ring
86,57.521117638689596,89.60540747551921,0,outer_ring
87,57.47016805060136,89.60934972337205,0,outer_ring
88,57.419219035315166,89.61322942583142,0,outer_ring
89,57.36933748124912,89.61696730902378,0,outer_ring
90,57.31945150033921,89.62064563955013,0,outer_ring
91,57.26994874781913,89.62423652968624,0,outer_ring
92,57.22109214612216,89.62772275776462,0,outer_ring
93,57.172231502430456,89.63115187042283,0,outer_ring
94,57.12405276546533,89.63447692956956,0,outer_ring
95,57.07618420192126,89.63772533162583,0,outer_ring
96,57.02831195009528,89.6409189184499,0,outer_ring
97,56.981343761528606,89.64399868931281,0,outer_ring
98,56.93442759547227,89.64702215344535,0,outer_ring
99,56.88764029690355,89.64998467564516,0,outer_ring
100,56.84164523332101,89.65284580795341,0,outer_ring
101,56.79564705072515,89.65565635059221,0,outer_ring
102,56.74990152201367,89.65840109816554,0,outer_ring
103,56.70479092953845,89.66105858076337,0,outer_ring
104,56.65967749722584,89.66366741042414,0,outer_ring
105,56.614882502620304,89.66620952834828,0,outer_ring
106,56.570624306017635,89.66867392719017,0,outer_ring
107,56.52636352705064,89.6710915031262,0,outer_ring
108,56.48243479382038,89.67344450950671,0,outer_ring
109,56.438998008805235,89.67572568890044,0,outer_ring
110,56.39555887908936,89.67796177508085,0,outer_ring
111,56.35241869218094,89.68013772807669,0,outer_ring
112,56.30977338343537,89.68224490079876,0,outer_ring
113,56.26712594956078,89.68430861560442,0,outer_ring
114,56.224702768892335,89.68631826414997,0,outer_ring
115,56.182820009316,89.68826003760746,0,outer_ring
116,56.140935327649665,89.6901598996021,0,outer_ring
117,56.09916342693651,89.69201281956893,0,outer_ring
118,56.05801525813598,89.69379723833623,0,outer_ring
119,56.01686535516825,89.6955412084391,0,outer_ring
120,55.97571375779434,89.6972447281924,0,outer_ring
121,55.93524387522266,89.698880510739,0,outer_ring
122,55.89480170916427,89.70047603109778,0,outer_ring
123,55.854358020768665,89.70203248529566,0,outer_ring
124,55.81439758280272,89.70353191764836,0,outer_ring
125,55.77463700642171,89.70498594748462,0,outer_ring
126,55.73487506725769,89.70640222105663,0,outer_ring
127,55.695374704145024,89.70777174689084,0,outer_ring
128,55.65627042882798,89.70909079556732,0,outer_ring
129,55.61716493882348,89.71037332782433,0,outer_ring
130,55.57807980759386,89.71161866631878,0,outer_ring
131,55.5396073686112,89.71280882385628,0,outer_ring
132,55.501133852540534,89.71396363873234,0,outer_ring
133,55.46265929184933,89.7150831099724,0,outer_ring
134,55.424559092484195,89.71615683059599,0,outer_ring
135,55.38669386632925,89.71718956456651,0,outer_ring
136,55.34882772201426,89.71818806641153,0,outer_ring
137,55.311042423764384,89.71915029089838,0,outer_ring
138,55.273762562238176,89.72006621876363,0,outer_ring
139,55.236481900298585,89.72094896709342,0,outer_ring
140,55.199200467475805,89.72179853518853,0,outer_ring
141,55.162262746776804,89.72260753163624,0,outer_ring
142,55.125545361323404,89.72337940772485,0,outer_ring
143,55.08882731342218,89.7241191006022,0,outer_ring
144,55.05212216743649,89.72482635481262,0,outer_ring
145,55.01594655038746,89.72549192713792,0,outer_ring
146,54.97977037208714,89.72612626063224,0,outer_ring
147,54.94359365951128,89.72672935482254,0,outer_ring
148,54.907618556423444,89.7272981011929,0,outer_ring
149,54.87196340158116,89.72783130135284,0,outer_ring
150,54.83630780586943,89.72833415687826,0,outer_ring
151,54.80065179511332,89.72880666740497,0,outer_ring
152,54.765344522901074,89.72924465028402,0,outer_ring
153,54.73018983283607,89.7296511747348,0,outer_ring
154,54.69503481404368,89.730028201793,0,outer_ring
155,54.6598794912744,89.73037573119316,0,outer_ring
156,54.625182600783724,89.73068980295412,0,outer_ring
157,54.59050897150324,89.73097495774577,0,outer_ring
158,54.55583511811306,89.73123141790231,0,outer_ring
159,54.5212328442533,89.7314587413844,0,outer_ring
160,54.48702159040579,89.73165540136971,0,outer_ring
161,54.45281018738738,89.73182412742003,0,outer_ring
162,54.41859865800647,89.73196491942284,0,outer_ring
163,54.38452363101766,89.7320773821945,0,outer_ring
164,54.35075622276571,89.73216149206904,0,outer_ring
165,54.31698875769474,89.73221838851997,0,outer_ring
166,54.283221257736265,89.73224807151033,0,outer_ring
167,54.24962816187993,89.73225059818424,0,outer_ring
168,54.216286840331556,89.73222647486338,0,outer_ring
169,54.18294554853476,89.73217582066891,0,outer_ring
170,54.14960430760109,89.73209863563287,0,outer_ring
171,54.116451586102926,89.7319955805701,0,outer_ring
172,54.08351909362023,89.73186723883276,0,outer_ring
173,54.05058671218451,89.73171301271472,0,outer_ring
174,54.01765446214041,89.73153290231123,0,outer_ring
175,53.98490409375308,89.73132811550525,0,outer_ring
176,53.95236365278529,89.73109928656251,0,outer_ring
177,53.919823399349085,89.73084518545969,0,outer_ring
178,53.88728335307178,89.73056581235004,0,outer_ring
179,53.854900640903274,89.73026269899434,0,outer_ring
180,53.82273593347371,89.72993684765908,0,outer_ring
181,53.79057148567626,89.72958630378461,0,outer_ring
182,53.758407316467164,89.72921106757754,0,outer_ring
183,53.72636068840536,89.72881264192262,0,outer_ring
184,53.69455583623679,89.72839298248581,0,outer_ring
185,53.66275131180928,89.72794917909829,0,outer_ring
186,53.63094713345116,89.7274812320158,0,outer_ring
187,53.59920795354504,89.72699016605965,0,outer_ring
188,53.567747498806575,89.72647967697085,0,outer_ring
189,53.53628743628788,89.72594556295596,0,outer_ring
190,53.50482778372987,89.7253878243162,0,outer_ring
191,53.47337017391688,89.72480649181848,0,outer_ring
192,53.44223906057449,89.72420792925952,0,outer_ring
193,53.41110840063365,89.7235862326111,0,outer_ring
194,53.37997821128575,89.72294140221655,0,outer_ring
195,53.34884850972187,89.72227343843198,0,outer_ring
196,53.31796243863532,89.72158782891155,0,outer_ring
197,53.28714650598194,89.72088106919355,0,outer_ring
198,53.256331101600054,89.72015163970585,0,outer_ring
199,53.22551624216669,89.71939954084323,0,outer_ring
200,53.194853114784586,89.71862862927759,0,outer_ring
201,53.1643376006479,89.71783912914174,0,outer_ring
202,53.13382266979002,89.71702739751746,0,outer_ring
203,53.103308338407274,89.71619343483557,0,outer_ring
204,53.07284993288256,89.71533881363078,0,outer_ring
205,53.04262087803994,89.71446870945888,0,outer_ring
206,53.01239245907378,89.71357678751455,0,outer_ring
207,52.98216469173103,89.71266304826247,0,outer_ring
208,52.95193759175829,89.71172749217862,0,outer_ring
209,52.92193868435785,89.71077740730894,0,outer_ring
210,52.891983149000055,89.7098072314783,0,outer_ring
211,52.8620283152765,89.70881562857988,0,outer_ring
212,52.83207419851386,89.7078025991211,0,outer_ring
213,52.80223633553731,89.70677217442122,0,outer_ring
214,52.772540372904466,89.70572551476178,0,outer_ring
215,52.742845160003135,89.7046577957541,0,outer_ring
216,52.713150711767895,89.70356901793517,0,outer_ring
217,52.68346194292556,89.70245936672765,0,outer_ring
218,52.654012544077055,89.70133783522999,0,outer_ring
219,52.62456394135243,89.70019559050792,0,outer_ring
220,52.59511614932029,89.69903263312648,0,outer_ring
221,52.56566918254891,89.69784896366104,0,outer_ring
222,52.536350690148524,89.69664984786623,0,outer_ring
223,52.50713597410777,89.69543451828166,0,outer_ring
224,52.477922113300444,89.69419880145662,0,outer_ring
225,52.44870912195362,89.69294269799292,0,outer_ring
226,52.419508295224034,89.69166670539042,0,outer_ring
227,52.39051501498254,89.69037958925031,0,outer_ring
228,52.361522633210754,89.68907239136229,0,outer_ring
229,52.332531163817976,89.68774511235347,0,outer_ring
230,52.30354062071308,89.68639775286063,0,outer_ring
231,52.274657112486274,89.685035354706,0,outer_ring
232,52.245874016228896,89.68365781878023,0,outer_ring
233,52.21709187415618,89.68226048807664,0,outer_ring
234,52.18831069988146,89.68084336325612,0,outer_ring
235,52.159530507017585,89.67940644498893,0,outer_ring
236,52.13093470433932,89.67795907965508,0,outer_ring
237,52.10234994007533,89.67649269231507,0,outer_ring
238,52.073766184186034,89.67500677875063,0,outer_ring
239,52.04518345000981,89.67350133965512,0,outer_ring
240,52.016665137883784,89.67197977938044,0,outer_ring
241,51.98826603372506,89.67044520699727,0,outer_ring
242,51.95986797773277,89.66889135846003,0,outer_ring
243,51.931470982990795,89.66731823448461,0,outer_ring
244,51.903075062582516,89.6657258357958,0,outer_ring
245,51.87480268225574,89.66412115497624,0,outer_ring
246,51.84657882668652,89.66250010725207,0,outer_ring
247,51.81835607127939,89.66086001696624,0,outer_ring
248,51.79013442888232,89.65920088486536,0,outer_ring
249,51.76192414341082,89.65752332357226,0,outer_ring
250,51.73386319522701,89.65583569886634,0,outer_ring
251,51.70580338562406,89.65412924782134,0,outer_ring
252,51.677744727232735,89.65240397120542,0,outer_ring
253,51.64968723268326,89.65065986979516,0,outer_ring
254,51.62168714676381,89.64890049663737,0,outer_ring
255,51.59377918376467,89.64712818133194,0,outer_ring
256,51.56587240982935,89.64533724056619,0,outer_ring
257,51.537966837388275,89.64352767513786,0,outer_ring
258,51.51006247887133,89.641699485853,0,outer_ring
259,51.48225119689438,89.6398587834579,0,outer_ring
260,51.45448539040666,89.63800255392985,0,outer_ring
261,51.42672082285291,89.63612788421835,0,outer_ring
262,51.398957506479846,89.63423477515028,0,outer_ring
263,51.37119545353367,89.63232322756065,0,outer_ring
264,51.34355293558747,89.63040150321325,0,outer_ring
265,51.315918626754815,89.62846198762406,0,outer_ring
266,51.288285606277356,89.62650420196876,0,outer_ring
267,51.26065388623413,89.6245281471031,0,outer_ring
268,51.23304556047817,89.62253542505377,0,outer_ring
269,51.205530923946945,89.62053122350233,0,outer_ring
270,51.17801761297334,89.61850890637247,0,outer_ring
271,51.15050563948461,89.61646847454091,0,outer_ring
272,51.12299501540742,89.61440992889219,0,outer_ring
273,51.095529526282064,89.61233658923388,0,outer_ring
274,51.06812548724692,89.61024979015257,0,outer_ring
275,51.04072282289658,89.60814501644778,0,outer_ring
276,51.013321545020816,89.60602226902509,0,outer_ring
277,50.985921665408775,89.60388154879779,0,outer_ring
278,50.95858221948446,89.60172752652372,0,outer_ring
279,50.93127856502232,89.5995583529874,0,outer_ring
280,50.903976334364586,89.59737133174121,0,outer_ring
281,50.87667553917788,89.59516646371966,0,outer_ring
282,50.84937619112818,89.59294374986494,0,outer_ring
283,50.822146920702586,89.59070884575169,0,outer_ring
284,50.79493356603133,89.5884573877762,0,outer_ring
285,50.76772168441958,89.58618819527067,0,outer_ring
286,50.74051128742466,89.58390126919883,0,outer_ring
287,50.713302781496445,89.58159664411,0,outer_ring
288,50.68616824905273,89.57928049723398,0,outer_ring
289,50.659035227736524,89.57694671456528,0,outer_ring
290,50.63190372901002,89.57459529708976,0,outer_ring
291,50.60477376433476,89.5722262458008,0,outer_ring
292,50.57765613238391,89.56984051426005,0,outer_ring
293,50.55059202559781,89.56744178806656,0,outer_ring
294,50.52352947996403,89.56502551256467,0,outer_ring
295,50.49646850686217,89.56259168877041,0,outer_ring
296,50.46940911767115,89.56014031770717,0,outer_ring
297,50.44236858060975,89.55767298066286,0,outer_ring
298,50.41536514065595,89.55519139411055,0,outer_ring
299,50.38836331241334,89.552692331744,0,outer_ring
300,50.361363107191735,89.55017579460994,0,outer_ring
301,50.3343645363003,89.54764178376243,0,outer_ring
302,50.30738786654397,89.54509222122127,0,outer_ring
303,50.28043542465395,89.54252736880451,0,outer_ring
304,50.25348464570176,89.53994510126913,0,outer_ring
305,50.22653554094003,89.53734541969324,0,outer_ring
306,50.19958812162072,89.53472832516232,0,outer_ring
307,50.17266255376792,89.53209579588761,0,outer_ring
308,50.14575152222114,89.52944714891882,0,outer_ring
309,50.118842205639474,89.52678113489318,0,outer_ring
310,50.09193461523077,89.52409775492112,0,outer_ring
311,50.065028762202154,89.52139701012028,0,outer_ring
312,50.038141905943796,89.51868064981022,0,outer_ring
313,50.01126276922983,89.51594755734857,0,outer_ring
314,49.984385400441624,89.51319713339673,0,outer_ring
315,49.9575098107544,89.5104293790983,0,outer_ring
316,49.93063601134267,89.50764429560408,0,outer_ring
317,49.90377576635679,89.50484311358863,0,outer_ring
318,49.87691907249925,89.50202480302444,0,outer_ring
319,49.85006420059453,89.4991891841546,0,outer_ring
320,49.823211161797296,89.49633625815697,0,outer_ring
321,49.796359967261445,89.49346602621655,0,outer_ring
322,49.76951443985605,89.49057890070239,0,outer_ring
323,49.74267079188944,89.48767447800434,0,outer_ring
324,49.71582902110313,89.48475275789113,0,outer_ring
325,49.68898913864317,89.48181374157605,0,outer_ring
326,49.66215045193316,89.4788573525322,0,outer_ring
327,49.63530857693031,89.47588310216173,0,outer_ring
328,49.608468624521144,89.47289155179321,0,outer_ring
329,49.58163060585575,89.4698827026694,0,outer_ring
330,49.554794532083434,89.46685655604024,0,outer_ring
331,49.52795660907405,89.46381268033764,0,outer_ring
332,49.501109059662596,89.46075017841436,0,outer_ring
333,49.474263490866754,89.4576703629233,0,outer_ring
334,49.4474199138518,89.45457323514538,0,outer_ring
335,49.42057833978214,89.4514587963687,0,outer_ring
336,49.393729396408474,89.44832594992589,0,outer_ring
337,49.36686688931729,89.44517394852681,0,outer_ring
338,49.3400064224658,89.44200460781252,0,outer_ring
339,49.313148007046244,89.43881792910358,0,outer_ring
340,49.286291654250014,89.43561391372782,0,outer_ring
341,49.25941980122467,89.4323904491384,0,outer_ring
342,49.232533075320994,89.42914757664602,0,outer_ring
343,49.20564845102671,89.42588732690459,0,outer_ring
344,49.17876593957298,89.42260970127603,0,outer_ring
345,49.15188555219006,89.41931470112962,0,outer_ring
346,49.12497871699974,89.41599879598087,0,outer_ring
347,49.09805852540613,89.4126635557316,0,outer_ring
348,49.07114049868461,89.40931088808077,0,outer_ring
349,49.044224648117215,89.40594079443362,0,outer_ring
350,49.017310984985045,89.40255327620261,0,outer_ring
351,48.99035683437589,89.39914291992568,0,outer_ring
352,48.963393936694146,89.3957136885368,0,outer_ring
353,48.936433269191916,89.39226696731956,0,outer_ring
354,48.90947484321422,89.3888027577243,0,outer_ring
355,48.88251867010511,89.3853210612088,0,outer_ring
356,48.85550453286605,89.38181404042858,0,outer_ring
357,48.828489687502,89.37828906580205,0,outer_ring
358,48.80147713982639,89.37474652656664,0,outer_ring
359,48.774466901259444,89.37118642422004,0,outer_ring
360,48.747450172548376,89.36760759022638,0,outer_ring
361,48.72037177307947,89.36400264261175,0,outer_ring
362,48.69329572966294,89.36038004161136,0,outer_ring
363,48.66622205380766,89.35673978876511,0,outer_ring
364,48.63915075702148,89.35308188562024,0,outer_ring
365,48.61205692572647,89.34940294099565,0,outer_ring
366,48.58490798926404,89.3456984500514,0,outer_ring
367,48.55776148115899,89.34197620584933,0,outer_ring
368,48.530617413020565,89.33823620998123,0,outer_ring
369,48.50347579645694,89.33447846404654,0,outer_ring
370,48.476290748426905,89.3306965696423,0,outer_ring
371,48.449061981969386,89.32689039459498,0,outer_ring
372,48.421835718869566,89.32306635368153,0,outer_ring
373,48.39461197084992,89.31922444854837,0,outer_ring
374,48.367390749631895,89.31536468084971,0,outer_ring
375,48.34009973127088,89.31147672288287,0,outer_ring
376,48.312781810640615,89.30756658311842,0,outer_ring
377,48.28546647124663,89.30363845196854,0,outer_ring
378,48.25815372493793,89.29969233113718,0,outer_ring
379,48.230843583562375,89.29572822233611,0,outer_ring
380,48.2034311233693,89.29173078971772,0,outer_ring
381,48.1760146859593,89.28771426112087,0,outer_ring
382,48.14860091073383,89.28367960250903,0,outer_ring
383,48.12118980968198,89.27962681564674,0,outer_ring
384,48.09375832082303,89.27555246737427,0,outer_ring
385,48.06623122415955,89.27144526210617,0,outer_ring
386,48.03870686175475,89.26731977303893,0,outer_ring
387,48.01118524575292,89.26317600199283,0,outer_ring
388,47.983666388297145,89.2590139507962,0,outer_ring
389,47.95608984476251,89.25482441591664,0,outer_ring
390,47.92844527464397,89.25060569223942,0,outer_ring
391,47.9008035263147,89.24636851914825,0,outer_ring
392,47.873164612087436,89.24211289853054,0,outer_ring
393,47.84552854427369,89.23783883228192,0,outer_ring
394,47.81778891580599,89.23352975473438,0,outer_ring
395,47.79001734786523,89.22919664626502,0,outer_ring
396,47.76224869293133,89.22484490890415,0,outer_ring
397,47.734482963500376,89.22047454461006,0,outer_ring
398,47.70670954806597,89.21608387215866,0,outer_ring
399,47.67879839553917,89.21165217550856,0,outer_ring
400,47.65089023846017,89.20720165430005,0,outer_ring
401,47.62298508952514,89.20273231055779,0,outer_ring
402,47.59508296142883,89.198244146315,0,outer_ring
403,47.56711726845692,89.19372638181557,0,outer_ring
404,47.539059762531565,89.18917428557128,0,outer_ring
405,47.51100535114094,89.18460315655382,0,outer_ring
406,47.48295404719592,89.18001299686681,0,outer_ring
407,47.45490586360591,89.17540380862269,0,outer_ring
408,47.42672660913083,89.1707533995318,0,outer_ring
409,47.39851299953064,89.16607755036908,0,outer_ring
410,47.37030258795883,89.1613824453635,0,outer_ring
411,47.342095387557556,89.15666808670233,0,outer_ring
412,47.31385887468436,89.15192900434522,0,outer_ring
413,47.285476030587624,89.1471453662032,0,outer_ring
414,47.25709647930019,89.14234223164168,0,outer_ring
415,47.22872023421428,89.13751960292723,0,outer_ring
416,47.200347308720616,89.13267748233562,0,outer_ring
417,47.17186110552117,89.12779584753466,0,outer_ring
418,47.14330227440518,89.1228814595483,0,outer_ring
419,47.11474684897318,89.11794732108346,0,outer_ring
420,47.086194842884055,89.11299343450027,0,outer_ring
421,47.05763346962506,89.1080175676045,0,outer_ring
422,47.02888510283279,89.10298855709118,0,outer_ring
423,47.000140245908376,89.09793952348451,0,outer_ring
424,46.97139891279781,89.09287046923411,0,outer_ring
425,46.942661117445354,89.08778139679933,0,outer_ring
426,46.91380858732946,89.08265123406561,0,outer_ring
427,46.88486392458639,89.07748376824682,0,outer_ring
428,46.85592289511429,89.0722959924813,0,outer_ring
429,46.826985513164274,89.06708790932359,0,outer_ring
430,46.7980347585692,89.06185643700516,0,outer_ring
431,46.768879784806785,89.05656684387137,0,outer_ring
432,46.73972855904061,89.05125663418269,0,outer_ring
433,46.71058109584939,89.04592581059484,0,outer_ring
434,46.68143740980997,89.04057437577373,0,outer_ring
435,46.65214803915577,89.03517472096564,0,outer_ring
436,46.62277597889344,89.0297381996081,0,outer_ring
437,46.593407801848166,89.02428073998283,0,outer_ring
438,46.564043522946044,89.0188023448635,0,outer_ring
439,46.53462712326316,89.013292500929,0,outer_ring
440,46.505023444357846,89.00772561763061,0,outer_ring
441,46.475423775219824,89.00213745323553,0,outer_ring
442,46.445828131147366,88.99652801063193,0,outer_ring
443,46.41623652743665,88.99089729271901,0,outer_ring
444,46.38642736834464,88.98520288575088,0,outer_ring
445,46.356585275597276,88.97947976706861,0,outer_ring
446,46.32674734110903,88.97373500837324,0,outer_ring
447,46.29691358057214,88.96796861268605,0,outer_ring
448,46.26694219234501,88.96215301166481,0,outer_ring
449,46.23684658354861,88.95629050027414,0,outer_ring
450,46.20675527283764,88.95040596729967,0,outer_ring
451,46.176668276325756,88.94449941589255,0,outer_ring
452,46.14652028918505,88.93855795115277,0,outer_ring
453,46.116159903341966,88.93255141112522,0,outer_ring
454,46.08580396242813,88.92652244745983,0,outer_ring
455,46.055452483005205,88.92047106344596,0,outer_ring
456,46.02510548163248,88.91439726238511,0,outer_ring
457,45.99447526302259,88.9082431308365,0,outer_ring
458,45.96384326215726,88.90206487268519,0,outer_ring
459,45.93321587752977,88.89586377103493,0,outer_ring
460,45.902593126175404,88.88963982933485,0,outer_ring
461,45.871740411716296,88.8833450928231,0,outer_ring
462,45.84082073780972,88.87701245930535,0,outer_ring
463,45.80990584278047,88.87065653709925,0,outer_ring
464,45.77899574416958,88.86427732981119,0,outer_ring
465,45.747900714080004,88.85783545748129,0,outer_ring
466,45.71668156315815,88.85134314035375,0,outer_ring
467,45.68546736211188,88.84482706645846,0,outer_ring
468,45.654258129019304,88.83828723956935,0,outer_ring
469,45.622899041826955,88.83169103219439,0,outer_ring
470,45.591368411526844,88.8250334849647,0,outer_ring
471,45.55984291095613,88.81835168909804,0,outer_ring
472,45.52832255876323,88.81164564854691,0,outer_ring
473,45.496675662262476,88.80488718624507,0,outer_ring
474,45.46482134437599,88.79805861264114,0,outer_ring
475,45.432972345458076,88.79120527379027,0,outer_ring
476,45.40112868476256,88.78432717383555,0,outer_ring
477,45.36916812377501,88.77739776029226,0,outer_ring
478,45.33697769685332,88.77039210204848,0,outer_ring
479,45.30479278808989,88.76336113620303,0,outer_ring
480,45.272613417381166,88.75630486710241,0,outer_ring
481,45.24031113823783,88.74919497004542,0,outer_ring
482,45.2077719602702,88.74200589396528,0,outer_ring
483,45.17523851020418,88.73479094112429,0,outer_ring
484,45.142710808618276,88.72755011608612,0,outer_ring
485,45.11003646028814,88.72024930374239,0,outer_ring
486,45.077135661471026,88.71287018799407,0,outer_ring
487,45.044240811496536,88.70546459840324,0,outer_ring
488,45.01135193166702,88.6980325397657,0,outer_ring
489,44.978272763463686,88.69052941300768,0,outer_ring
490,44.94499723907832,88.68295333260623,0,outer_ring
491,44.91172789636211,88.67535015217945,0,outer_ring
492,44.87846475738567,88.66771987677126,0,outer_ring
493,44.8449455131917,88.66000199663762,0,outer_ring
494,44.81128191661078,88.65222170806476,0,outer_ring
495,44.77762474714611,88.64441366294017,0,outer_ring
496,44.74397402768374,88.63657786657313,0,outer_ring
497,44.709976836642156,88.62863167682491,0,outer_ring
498,44.67591157248884,88.62063960173406,0,outer_ring
499,44.641852994305275,88.61261908191256,0,outer_ring
500,44.60777310638423,88.60456348753203,0,outer_ring
501,44.57328538947526,88.59638086730016,0,outer_ring
502,44.538804606960994,88.5881690752511,0,outer_ring
503,44.50433078351674,88.57992811726142,0,outer_ring
504,44.4697038547304,88.57161951483106,0,outer_ring
505,44.434786219535624,88.56320963282927,0,outer_ring
506,44.399875806005966,88.55476982299331,0,outer_ring
507,44.3649726397925,88.5463000915245,0,outer_ring
508,44.32975257782983,88.53772133780777,0,outer_ring
509,44.29439062756806,88.52907553946487,0,outer_ring
510,44.25903620228977,88.52039902123786,0,outer_ring
511,44.22365571694066,88.5116834943676,0,outer_ring
512,44.1878269622077,88.50282427287391,0,outer_ring
513,44.15200602505753,88.49393349490606,0,outer_ring
514,44.11619293328379,88.4850111673625,0,outer_ring
515,44.08013369748365,88.4759936549384,0,outer_ring
516,44.043830665914115,88.4668808295556,0,outer_ring
517,44.007535789325324,88.45773557827414,0,outer_ring
518,43.97124909668011,88.44855790839179,0,outer_ring
519,43.93445573697688,88.43921686545953,0,outer_ring
520,43.89766317068279,88.42984053024296,0,outer_ring
521,43.8608791160471,88.4204308585613,0,outer_ring
522,43.823823791291,88.41091587347984,0,outer_ring
523,43.786517282806834,88.40129994478983,0,outer_ring
524,43.74921963166436,88.39164971789586,0,outer_ring
525,43.7118742058406,88.38195045662782,0,outer_ring
526,43.6740371458059,88.37208605771099,0,outer_ring
527,43.63620930786894,88.36218635291365,0,outer_ring
528,43.59839072497372,88.35225135085741,0,outer_ring
529,43.56015847393739,88.34216931342779,0,outer_ring
530,43.52178349403949,88.33201081973903,0,outer_ring
531,43.48341815569386,88.32181597350117,0,outer_ring
532,43.44481355152414,88.31151825267335,0,outer_ring
533,43.40587410064519,88.30109125068316,0,outer_ring
534,43.36694469944037,88.29062679049201,0,outer_ring
535,43.327931105329945,88.28009939305886,0,outer_ring
536,43.28840947178624,88.2693937336347,0,outer_ring
537,43.24889831900684,88.2586494575906,0,outer_ring
538,43.20939768472405,88.24786657518715,0,outer_ring
539,43.16931425428313,88.23688218376513,0,outer_ring
540,43.12920327139421,88.22584743516381,0,outer_ring
541,43.089103264321075,88.21477286710251,0,outer_ring
542,43.048509263392006,88.20351820701723,0,outer_ring
543,43.00777997377614,88.19218185033886,0,outer_ring
544,42.967062143387416,88.18080440318285,0,outer_ring
545,42.92591134524828,88.16926095480633,0,outer_ring
546,42.884544866238635,88.1576113502866,0,outer_ring
547,42.84319035763277,88.14591932355513,0,outer_ring
548,42.801433236167355,88.13406696932263,0,outer_ring
549,42.75941027142814,88.1220919460169,0,outer_ring
550,42.717399817827086,88.11007310510432,0,outer_ring
551,42.67498341896158,88.09789001877803,0,outer_ring
552,42.63228425127268,88.08557684602428,0,outer_ring
553,42.589598166935176,88.0732183935111,0,outer_ring
554,42.54646597646635,88.06068092189338,0,outer_ring
555,42.50307046097525,88.04801627907433,0,outer_ring
556,42.4596886345873,88.03530482433003,0,outer_ring
557,42.41578044250609,88.02238736087122,0,outer_ring
558,42.37166800051684,88.00935730536949,0,outer_ring
559,42.327569889130025,87.99627883234133,0,outer_ring
560,42.2828216505729,87.98295368204467,0,outer_ring
561,42.23797126394918,87.96954361527901,0,outer_ring
562,42.1931050457726,87.95607417045292,0,outer_ring
563,42.14747958053753,87.94232068333488,0,outer_ring
564,42.101869786805175,87.92851531475904,0,outer_ring
565,42.056046747481226,87.91458834776519,0,outer_ring
566,42.00963920376476,87.90042538758807,0,outer_ring
567,41.96324809200783,87.88620869652686,0,outer_ring
568,41.916392357934896,87.87178993625666,0,outer_ring
569,41.86918032706311,87.85720080079678,0,outer_ring
570,41.821985534717115,87.84255599598677,0,outer_ring
571,41.77401681964452,87.8276084762085,0,outer_ring
572,41.725977435963586,87.81257565414043,0,outer_ring
573,41.67769858824309,87.79740402308009,0,outer_ring
574,41.628789598309524,87.78196900307013,0,outer_ring
575,41.57989953789361,87.7664741287061,0,outer_ring
576,41.530358934661585,87.75070586233255,0,outer_ring
577,41.48057452527532,87.73479175637065,0,outer_ring
578,41.43061872522608,87.71875402159014,0,outer_ring
579,41.37991376897025,87.70240517411358,0,outer_ring
580,41.32922964111483,87.6859918689542,0,outer_ring
581,41.277846156124504,87.66927935875353,0,outer_ring
582,41.226215644647866,87.6524126546299,0,outer_ring
583,41.17429666943021,87.63537697294905,0,outer_ring
584,41.12169235974413,87.6180398797993,0,outer_ring
585,41.06911101392058,87.60063326416568,0,outer_ring
586,41.015580080379024,87.58283301637616,0,outer_ring
587,40.96199798967572,87.56493554738591,0,outer_ring
588,40.90779491481588,87.54674889769859,0,outer_ring
589,40.85318342079104,87.5283419351855,0,outer_ring
590,40.79824864674944,87.50974155987817,0,outer_ring
591,40.742578426088876,87.49080563965136,0,outer_ring
592,40.6868485942819,87.47176207325815,0,outer_ring
593,40.630089650610216,87.45227686363219,0,outer_ring
594,40.57335867244177,87.43271038216659,0,outer_ring
595,40.51561912362409,87.41270261906737,0,outer_ring
596,40.45777016206733,87.3925622824548,0,outer_ring
597,40.399064115224725,87.37202653387573,0,outer_ring
598,40.34006589267597,87.35128996873911,0,outer_ring
599,40.28031699191543,87.33018864662458,0,outer_ring
600,40.22013754480447,87.30883245712567,0,outer_ring
601,40.15926507163357,87.28712518814552,0,outer_ring
602,40.09787174705585,87.26512490083752,0,outer_ring
603,40.035790478731215,87.24276834920616,0,outer_ring
604,39.97314993258146,87.22009835461606,0,outer_ring
605,39.90976999949248,87.19704603328566,0,outer_ring
606,39.845848196278595,87.1736795240314,0,outer_ring
607,39.78107493884224,87.1498815934388,0,outer_ring
608,39.71583715337501,87.1257904986764,0,outer_ring
609,39.64957097898115,87.10119355216506,0,outer_ring
610,39.58298180015391,87.07634846815046,0,outer_ring
611,39.51511804077097,87.05089530312853,0,outer_ring
612,39.44701782743141,87.02521871376123,0,outer_ring
613,39.377570148791,86.9988947935005,0,outer_ring
614,39.30768723629135,86.97226364378074,0,outer_ring
615,39.236775301094184,86.94509418561879,0,outer_ring
616,39.16498976928276,86.91743973573404,0,outer_ring
617,39.09257534480798,86.889389496577,0,outer_ring
618,39.01876164371015,86.86063821051525,0,outer_ring
619,38.94442719685137,86.83152147860832,0,outer_ring
620,38.868832678742365,86.80174344800162,0,outer_ring
621,38.79224494722736,86.77140128994253,0,outer_ring
622,38.714991004046624,86.7406184951493,0,outer_ring
623,38.63604276140835,86.70897680195321,0,outer_ring
624,38.556289712082645,86.67682346318941,0,outer_ring
625,38.4756312370643,86.64411131694834,0,outer_ring
626,38.39322505891935,86.61048860671647,0,outer_ring
627,38.30987635402418,86.5762733625113,0,outer_ring
628,38.22551751580221,86.54142991446896,0,outer_ring
629,38.1393130725575,86.50560163438027,0,outer_ring
630,38.05189736418805,86.46903959391719,0,outer_ring
631,37.96327108805416,86.4317337730719,0,outer_ring
632,37.873150696155605,86.39355314814978,0,outer_ring
633,37.78115378839176,86.35432101970753,0,outer_ring
634,37.687725651740564,86.3142125173614,0,outer_ring
635,37.592776657596644,86.27317559373266,0,outer_ring
636,37.49621291300094,86.23115499168682,0,outer_ring
637,37.39754241133596,86.18791894138357,0,outer_ring
638,37.296960268479296,86.14353345837606,0,outer_ring
639,37.19450183314397,86.09799523616768,0,outer_ring
640,37.09005863154889,86.05123632312421,0,outer_ring
641,36.98351752575152,86.00318472447276,0,outer_ring
642,36.8747606222054,85.95376418747858,0,outer_ring
643,36.76366518531114,85.90289397473063,0,outer_ring
644,36.650103556820795,85.85048862482842,0,outer_ring
645,36.53394308203208,85.79645769972544,0,outer_ring
646,36.41504604379216,85.74070551794782,0,outer_ring
647,36.29326960541945,85.68313087286901,0,outer_ring
648,36.16846576374722,85.62362673518527,0,outer_ring
649,36.040481313595684,85.56207993869978,0,outer_ring
650,35.909157825088045,85.49837084848937,0,outer_ring
651,35.774331635345185,85.43237301049493,0,outer_ring
652,35.63583385621795,85.36395278154617,0,outer_ring
653,35.49349039985242,85.29296893880507,0,outer_ring
654,35.346830931242216,85.21912498630242,0,outer_ring
655,35.19539892893619,85.14211973556904,0,outer_ring
656,35.03944862165373,85.06200660703254,0,outer_ring
657,34.87848963749987,84.97845268868431,0,outer_ring
658,34.71163585302665,84.89090195199489,0,outer_ring
659,34.53948171084343,84.79956334855173,0,outer_ring
660,34.360282302371644,84.7033926415011,0,outer_ring
661,34.174757863566015,84.60264240143869,0,outer_ring
662,33.98165325153309,84.49648458126045,0,outer_ring
663,33.78036925083981,84.3844161509281,0,outer_ring
664,33.57049262210529,84.26601230621938,0,outer_ring
665,33.35108928289242,84.14052408350264,0,outer_ring
666,33.12117210664346,84.0071275214682,0,outer_ring
667,32.87970295055957,83.86491746857352,0,outer_ring
668,32.62559562233075,83.71290090937842,0,outer_ring
669,32.35739204323319,83.54978869515716,0,outer_ring
670,32.07308975240022,83.37385881616532,0,outer_ring
671,31.771232203445905,83.18360484520502,0,outer_ring
672,31.449431133303953,82.97679163232108,0,outer_ring
673,31.10481396871695,82.75066865148244,0,outer_ring
674,30.734382890521594,82.50214348787235,0,outer_ring
675,30.33382132420095,82.22689384166878,0,outer_ring
676,29.898635584218603,81.91999888662164,0,outer_ring
677,29.423076442289794,81.57502423923924,0,outer_ring
678,28.89916352247836,81.18299401472495,0,outer_ring
679,28.317885058863748,80.73281257405517,0,outer_ring
680,27.668461322922244,80.21011530496432,0,outer_ring
681,26.93628744127454,79.59458660006499,0,outer_ring
682,26.104703536686973,78.85973986396897,0,outer_ring
683,25.155240385153053,77.97080658956816,0,outer_ring
684,24.070702988053593,76.8842527783726,0,outer_ring
685,22.84357096795607,75.55250370515827,0,outer_ring
686,21.491637386432686,73.94029532573339,0,outer_ring
687,20.07365377503158,72.05372925808388,0,outer_ring
688,18.685816009490864,69.96491052329658,0,outer_ring
689,17.424723662076858,67.79550067687185,0,outer_ring
690,16.345932809378077,65.66159085225246,0,outer_ring
691,15.45659941977599,63.63263468281397,0,outer_ring
692,14.735494554090351,61.73062366545333,0,outer_ring
693,14.153222920114331,59.94810455796046,0,outer_ring
694,13.682799008684313,58.26465959703489,0,outer_ring
695,13.302844890044469,56.65570505754054,0,outer_ring
696,12.997621623479567,55.09558515880735,0,outer_ring
697,12.756410178612207,53.558535977791045,0,outer_ring
698,12.57281511223772,52.01742917199518,0,outer_ring
699,12.444594824923826,50.44149324902183,0,outer_ring
700,12.3742745985571,48.792353240370204,0,outer_ring
701,12.37120835375707,47.01683908034878,0,outer_ring
702,12.456973085453853,45.03166941863605,0,outer_ring
703,12.680335903083176,42.68741828096486,0,outer_ring
704,13.168213140340747,39.65875690910641,0,outer_ring
705,14.381936212349743,34.98355806578576,0,outer_ring
706,19.597267009439157,24.297639757051275,0,outer_ring
707,28.571704565144323,14.733109341275743,0,outer_ring
708,31.80069467826435,12.462172747177803,0,outer_ring
709,33.51572354088265,11.429654266014111,0,outer_ring
710,34.668067574933644,10.79662247645446,0,outer_ring
711,35.53288139786008,10.351825642072875,0,outer_ring
712,36.22518062905432,10.013775656595513,0,outer_ring
713,36.80247432732612,9.743796546068836,0,outer_ring
714,37.297467463399116,9.520747572220245,0,outer_ring
715,37.731552953015395,9.331444720001613,0,outer_ring
716,38.117850867949485,9.16785916863013,0,outer_ring
717,38.466268205384786,9.024204274159132,0,outer_ring
718,38.78322245852828,8.896690312145346,0,outer_ring
719,39.075258174728575,8.781846953004354,0,outer_ring
720,39.345059272457014,8.677982401326567,0,outer_ring
721,39.596290905079385,8.58318112158748,0,outer_ring
722,39.83163350960869,8.496038275484018,0,outer_ring
723,40.052636020055104,8.415659996632876,0,outer_ring
724,40.26107610340368,8.341133877282083,0,outer_ring
725,40.45904814813089,8.271497397321184,0,outer_ring
726,40.646656939892985,8.206531873427181,0,outer_ring
727,40.825963961090416,8.145369352751906,0,outer_ring
728,40.996577333991084,8.088010724603514,0,outer_ring
729,41.16041004698158,8.033697869536745,0,outer_ring
730,41.3177961947941,7.982226169167667,0,outer_ring
731,41.46843369003596,7.933605212710404,0,outer_ring
732,41.61366170674866,7.887324129891731,0,outer_ring
733,41.75382074845376,7.843209341045068,0,outer_ring
734,41.88923367971947,7.801100638722325,0,outer_ring
735,42.02020638246381,7.760850125286417,0,outer_ring
736,42.1470284105489,7.722321241489432,0,outer_ring
737,42.269973639133966,7.685387877842103,0,outer_ring
738,42.38930090584034,7.649933561306,0,outer_ring
739,42.50525464129038,7.615850710507431,0,outer_ring
740,42.618065487023266,7.5830399532865655,0,outer_ring
741,42.7279508991727,7.551409500958002,0,outer_ring
742,42.83511573662177,7.520874574174918,0,outer_ring
743,42.93932664195191,7.491476508127235,0,outer_ring
744,43.040852548733646,7.463115179616388,0,outer_ring
745,43.14014139223426,7.435644820104521,0,outer_ring
746,43.23735985923433,7.409001662777968,0,outer_ring
747,43.332622600372346,7.3831381622672865,0,outer_ring
748,43.425128596675634,7.358253503273474,0,outer_ring
749,43.51596586896593,7.3340382387062135,0,outer_ring
750,43.60526820229911,7.310444757965769,0,outer_ring
751,43.69247756046461,7.287607320236212,0,outer_ring
752,43.777854164116675,7.265443889507303,0,outer_ring
753,43.862026472345434,7.243780741362258,0,outer_ring
754,43.944335869192656,7.222776936441058,0,outer_ring
755,44.0250656390221,7.2023487453005615,0,outer_ring
756,44.10487794991393,7.182320407628673,0,outer_ring
757,44.18261959371644,7.162971758446062,0,outer_ring
758,44.25941934590324,7.144012414871085,0,outer_ring
759,44.335012096624666,7.125501160490941,0,outer_ring
760,44.40903338699829,7.107518850095261,0,outer_ring
761,44.48253198753479,7.089804433184497,0,outer_ring
762,44.55401278616722,7.072710852018581,0,outer_ring
763,44.62508941884386,7.055845270663291,0,outer_ring
764,44.69463459353186,7.0394697027215685,0,outer_ring
765,44.76348548374767,7.023380836249238,0,outer_ring
766,44.831160863990604,7.007685998950571,0,outer_ring
767,44.89797001227103,6.99230796875554,0,outer_ring
768,44.96383930916275,6.977258895560446,0,outer_ring
769,45.02877907733183,6.962531539330037,0,outer_ring
770,45.09290393217212,6.9480954144957465,0,outer_ring
771,45.15613560943764,6.9339638071574825,0,outer_ring
772,45.21857564413621,6.92010981331584,0,outer_ring
773,45.28024999272754,6.906523830292777,0,outer_ring
774,45.341062861522296,6.8932230078246235,0,outer_ring
775,45.40132064170679,6.880136926610511,0,outer_ring
776,45.46056208378341,6.8673620438705,0,outer_ring
777,45.51953455824413,6.854734180321898,0,outer_ring
778,45.57725845090191,6.842459613842337,0,outer_ring
779,45.63499957454755,6.8302663613653465,0,outer_ring
780,45.69132628064666,6.818453613805588,0,outer_ring
781,45.747600825853986,6.8067324292121185,0,outer_ring
782,45.802929585503634,6.795286737602744,0,outer_ring
783,45.85778794553156,6.784015135971778,0,outer_ring
784,45.91222256936513,6.7729061045870935,0,outer_ring
785,45.96571342916967,6.7620628863547765,0,outer_ring
786,46.01921836793534,6.751289354346142,0,outer_ring
787,46.07152049366665,6.740828082678711,0,outer_ring
788,46.12370409103173,6.73045950061838,0,outer_ring
789,46.17534353345485,6.7202668175945135,0,outer_ring
790,46.22625127845326,6.710284506340507,0,outer_ring
791,46.27717134372521,6.700365232602358,0,outer_ring
792,46.32698438347464,6.6907249049384205,0,outer_ring
793,46.37667178283213,6.681171212637629,0,outer_ring
794,46.4260199425142,6.671744310616305,0,outer_ring
795,46.474517157533484,6.662539696298971,0,outer_ring
796,46.5230251829829,6.653392223623094,0,outer_ring
797,46.57081502770724,6.644438036351552,0,outer_ring
798,46.61817325013607,6.635621329731499,0,outer_ring
799,46.665541577728504,6.626859076120823,0,outer_ring
800,46.711913942961175,6.618335598180074,0,outer_ring
801,46.758171533040034,6.609886944565503,0,outer_ring
802,46.804339640230026,6.60150810741662,0,outer_ring
803,46.84952483019944,6.593359351380123,0,outer_ring
804,46.894718922459134,6.585260114234771,0,outer_ring
805,46.939686192374204,6.577252241211397,0,outer_ring
806,46.98384439045718,6.569437651564833,0,outer_ring
807,47.028010926972534,6.561670327603743,0,outer_ring
808,47.07189246353528,6.554001372925676,0,outer_ring
809,47.11505841194447,6.5465043736902615,0,outer_ring
810,47.15823217588653,6.539052514413839,0,outer_ring
811,47.20113495963836,6.531693466535415,0,outer_ring
812,47.243342278656684,6.524498471718445,0,outer_ring
813,47.28555692795796,6.517346610876608,0,outer_ring
814,47.327580238237914,6.510271229261782,0,outer_ring
815,47.36886145954663,6.503363575289519,0,outer_ring
816,47.41014956052062,6.496497161807916,0,outer_ring
817,47.45138537853478,6.489681736880087,0,outer_ring
818,47.4917719783894,6.483047620093124,0,outer_ring
819,47.53216503917041,6.476452956030201,0,outer_ring
820,47.57256452233735,6.469897750983527,0,outer_ring
821,47.61222086456595,6.463502508935093,0,outer_ring
822,47.65174936825499,6.457166692073379,0,outer_ring
823,47.6912839074114,6.4508686453213855,0,outer_ring
824,47.73034658506819,6.444683800772971,0,outer_ring
825,47.76904002248992,6.438594671479365,0,outer_ring
826,47.80773913534048,6.432541716858502,0,outer_ring
827,47.84627945809335,6.426550425245587,0,outer_ring
828,47.884166360084166,6.420696517264766,0,outer_ring
829,47.92205860225954,6.414877276417982,0,outer_ring
830,47.95995615289851,6.4090927075767254,0,outer_ring
831,47.99725001780597,6.403434915322528,0,outer_ring
832,48.0343630147939,6.397838652471059,0,outer_ring
833,48.07148100982827,6.3922756363867705,0,outer_ring
834,48.108405288457426,6.386775376748439,0,outer_ring
835,48.14476576692957,6.3813919567805115,0,outer_ring
836,48.181130954024354,6.376040436170882,0,outer_ring
837,48.217500821756204,6.3707208190379205,0,outer_ring
838,48.25337329974916,6.365505868880568,0,outer_ring
839,48.289011556844926,6.360356343697099,0,outer_ring
840,48.32465422622217,6.3552374475169415,0,outer_ring
841,48.36028544455934,6.350151437754683,0,outer_ring
842,48.39522181000817,6.34519492943646,0,outer_ring
843,48.43016233720602,6.340267844637516,0,outer_ring
844,48.4651070013724,6.335370186852259,0,outer_ring
845,48.49985445193837,6.330529917529816,0,outer_ring
846,48.5341170816372,6.325786218841415,0,outer_ring
847,48.568383615698046,6.3210708063904875,0,outer_ring
848,48.60265403076861,6.316383683390555,0,outer_ring
849,48.63660447276068,6.311768735830491,0,outer_ring
850,48.67021635387305,6.307227658435707,0,outer_ring
851,48.70383189988842,6.302713790703535,0,outer_ring
852,48.737451088779956,6.2982271355917305,0,outer_ring
853,48.770684854778494,6.2938191370777545,0,outer_ring
854,48.80366826710057,6.289471093930047,0,outer_ring
855,48.83665512138909,6.285149241113018,0,outer_ring
856,48.869645396847694,6.280853581351344,0,outer_ring
857,48.90223673132098,6.276636020912413,0,outer_ring
858,48.934613269836305,6.272471986574338,0,outer_ring
859,48.96699304261803,6.268333177227866,0,outer_ring
860,48.999376030012996,6.264219595385065,0,outer_ring
861,49.03139341155308,6.260177655766377,0,outer_ring
862,49.06318400871758,6.256189129618001,0,outer_ring
863,49.09497764650825,6.252224914065479,0,outer_ring
864,49.12677430633454,6.248285011426788,0,outer_ring
865,49.15828075417218,6.244405415744495,0,outer_ring
866,49.18950570188112,6.240584387859279,0,outer_ring
867,49.22073350955798,6.236786804256006,0,outer_ring
868,49.251964159600305,6.233012667075293,0,outer_ring
869,49.283017524957295,6.229283538796231,0,outer_ring
870,49.313696496152545,6.225622458280441,0,outer_ring
871,49.34437815865152,6.221984001129272,0,outer_ring
872,49.37506249577125,6.218368169321124,0,outer_ring
873,49.405715738610816,6.214778904339319,0,outer_ring
874,49.43586780849622,6.211270649946783,0,outer_ring
875,49.46602241210932,6.207784240878155,0,outer_ring
876,49.49617953362307,6.2043196789633015,0,outer_ring
877,49.52633915720911,6.200876966020665,0,outer_ring
878,49.55612465219806,6.197498681511874,0,outer_ring
879,49.58577070544471,6.194157642155609,0,outer_ring
880,49.61541913006987,6.19083771228776,0,outer_ring
881,49.64506991104259,6.187538893591444,0,outer_ring
882,49.674565948266874,6.184278494820688,0,outer_ring
883,49.703721402320056,6.181076521610663,0,outer_ring
884,49.73287909066856,6.177894958526451,0,outer_ring
885,49.76203899902434,6.17473380712709,0,outer_ring
886,49.79120111309831,6.171593068961627,0,outer_ring
887,49.819967091203374,6.168515224003336,0,outer_ring
888,49.84865146580934,6.165466111749488,0,outer_ring
889,49.87733793277329,6.162436747921852,0,outer_ring
890,49.90602647849888,6.15942713395625,0,outer_ring
891,49.934594868230256,6.156449965660499,0,outer_ring
892,49.962822833102344,6.153527715963847,0,outer_ring
893,49.99105277073615,6.150624585704705,0,outer_ring
894,50.019284668181655,6.1477405762148365,0,outer_ring
895,50.04751851248789,6.144875688817244,0,outer_ring
896,50.07547456647021,6.14205802230228,0,outer_ring
897,50.103264386793654,6.139275877339209,0,outer_ring
898,50.13105605540178,6.136512256492665,0,outer_ring
899,50.15884955994671,6.133767160990537,0,outer_ring
900,50.18664488807988,6.131040592052464,0,outer_ring
901,50.214048726076996,6.1283707364835465,0,outer_ring
902,50.24141610334377,6.1257225738583685,0,outer_ring
903,50.268785212469034,6.12309237055063,0,outer_ring
904,50.29615604166732,6.120480127692943,0,outer_ring
905,50.32347704849884,6.117890713293477,0,outer_ring
906,50.350435608159906,6.115353346682767,0,outer_ring
907,50.377395801954464,6.112833402461497,0,outer_ring
908,50.40435761862295,6.110330881682103,0,outer_ring
909,50.431321046905275,6.1078457853897135,0,outer_ring
910,50.45818093022247,6.10538770273925,0,outer_ring
911,50.48474724225776,6.102973635183183,0,outer_ring
912,50.51131508583283,6.100576481643081,0,outer_ring
913,50.537884450178915,6.098196243090591,0,outer_ring
914,50.56445532452681,6.09583292049048,0,outer_ring
915,50.59090124865557,6.093497640225067,0,outer_ring
916,50.61708972888699,6.091201733530134,0,outer_ring
917,50.643279644463114,6.088922258480693,0,outer_ring
918,50.669470985074064,6.0866592159740875,0,outer_ring
919,50.6956637404094,6.084412606901182,0,outer_ring
920,50.72173886024858,6.082192529779597,0,outer_ring
921,50.74756352895065,6.080009943387573,0,outer_ring
922,50.773389542724786,6.077843330947317,0,outer_ring
923,50.79921689169032,6.075692693287749,0,outer_ring
924,50.825045565965915,6.073558031231684,0,outer_ring
925,50.85078924389,6.071446398472496,0,outer_ring
926,50.87626374045834,6.0693725715064275,0,outer_ring
927,50.90173949731029,6.067314284228651,0,outer_ring
928,50.92721650496642,6.065271537405046,0,outer_ring
929,50.952694753946965,6.063244331795701,0,outer_ring
930,50.97814276569832,6.061235143065019,0,outer_ring
931,51.003280363011605,6.05926577763033,0,outer_ring
932,51.02841914089981,6.057311539879272,0,outer_ring
933,51.053559090259164,6.055372430519583,0,outer_ring
934,51.07870020198549,6.053448450253484,0,outer_ring
935,51.10384246697418,6.051539599777719,0,outer_ring
936,51.12869855051073,6.049667434267668,0,outer_ring
937,51.153513274553,6.047813216754115,0,outer_ring
938,51.17832909541647,6.045973736731533,0,outer_ring
939,51.20314600434855,6.044148994848705,0,outer_ring
940,51.227963992596216,6.042338991749226,0,outer_ring
941,51.25259885253895,6.0405569973525814,0,outer_ring
942,51.277102108774486,6.038799002744895,0,outer_ring
943,51.30160639152195,6.037055374855349,0,outer_ring
944,51.32611169235787,6.035326114283315,0,outer_ring
945,51.350618002858454,6.0336112216232465,0,outer_ring
946,51.37505744487562,6.031915386902718,0,outer_ring
947,51.39926149370809,6.030250036435888,0,outer_ring
948,51.42346650276754,6.028598701069576,0,outer_ring
949,51.44767246393875,6.026961381357417,0,outer_ring
950,51.47187936910603,6.0253380778483745,0,outer_ring
951,51.49608721015352,6.023728791086683,0,outer_ring
952,51.52006313890742,6.0221487978708055,0,outer_ring
953,51.54398082590387,6.02058640060649,0,outer_ring
954,51.5678994027477,6.01903768557802,0,outer_ring
955,51.591818861611884,6.0175026532921905,0,outer_ring
956,51.61573919466909,6.015981304251326,0,outer_ring
957,51.6395748231248,6.014479007692792,0,outer_ring
958,51.663216839711794,6.0130023877490615,0,outer_ring
959,51.68685968732479,6.011539134009517,0,outer_ring
960,51.71050335840711,6.010089246941845,0,outer_ring
961,51.734147845401786,6.008652727009462,0,outer_ring
962,51.757793140751616,6.007229574671491,0,outer_ring
963,51.78123830492859,6.0058317134663355,0,outer_ring
964,51.804616790704564,6.004450959702133,0,outer_ring
965,51.82799604457529,6.003083273122257,0,outer_ring
966,51.85137605923705,6.001728654153986,0,outer_ring
967,51.874756827385795,6.000387103220497,0,outer_ring
968,51.898105455053965,5.999060480076267,0,outer_ring
969,51.92123067091212,5.997759437091915,0,outer_ring
970,51.94435660243698,5.996471177630347,0,outer_ring
971,51.96748324256189,5.995195702085226,0,outer_ring
972,51.990610584219944,5.993933010846305,0,outer_ring
973,52.013738620344036,5.992683104299417,0,outer_ring
974,52.03675795275948,5.991451803818627,0,outer_ring
975,52.059641393041126,5.990240360235731,0,outer_ring
976,52.08252549244979,5.989041431991616,0,outer_ring
977,52.10541024414054,5.9878550194449005,0,outer_ring
978,52.12829564126837,5.986681122950451,0,outer_ring
979,52.15118167698805,5.985519742859395,0,outer_ring
980,52.1739036293679,5.984379103045548,0,outer_ring
981,52.196555769564334,5.983254278847362,0,outer_ring
982,52.21920851529835,5.982141716190128,0,outer_ring
983,52.241861859932825,5.981041415399837,0,outer_ring
984,52.264515796830395,5.979953376798868,0,outer_ring
985,52.28717031935359,5.9788776007060065,0,outer_ring
986,52.30962406317658,5.977823485771857,0,outer_ring
987,52.33205514583337,5.976782488479849,0,outer_ring
988,52.35448678316455,5.975753512697658,0,outer_ring
989,52.376918968727416,5.974736558720814,0,outer_ring
990,52.399351696079115,5.973731626841399,0,outer_ring
991,52.421777548677376,5.972739043334606,0,outer_ring
992,52.443997081103554,5.9717674637876215,0,outer_ring
993,52.46621712611961,5.970807678634358,0,outer_ring
994,52.48843767746489,5.969859688145242,0,outer_ring
995,52.51065872887865,5.968923492587372,0,outer_ring
996,52.53288027409997,5.967999092224517,0,outer_ring
997,52.55507861378931,5.967087454042293,0,outer_ring
998,52.577096962111625,5.966194854628029,0,outer_ring
999,52.59911577683286,5.965313835429072,0,outer_ring
1000,52.62113505186258,5.964444396689132,0,outer_ring
1001,52.643154781110184,5.963586538648684,0,outer_ring
1002,52.66517495848506,5.962740261545029,0,outer_ring
1003,52.6871678656845,5.96190660876055,0,outer_ring
1004,52.70899463243137,5.961090691274045,0,outer_ring
1005,52.730821821541426,5.960286151952701,0,outer_ring
1006,52.752649427083355,5.959492991015132,0,outer_ring
1007,52.77447744312561,5.958711208676881,0,outer_ring
1008,52.79630586373668,5.957940805150386,0,outer_ring
1009,52.81811325807751,5.957182520039318,0,outer_ring
1010,52.839757852975005,5.956441138996098,0,outer_ring
1011,52.86140282818646,5.955710945718145,0,outer_ring
1012,52.883048177929105,5.954991940400539,0,outer_ring
1013,52.904693896420035,5.954284123235382,0,outer_ring
1014,52.92633997787624,5.953587494411757,0,outer_ring
1015,52.947979749869276,5.952902263492803,0,outer_ring
1016,52.969451399325806,5.952233418803509,0,outer_ring
1017,52.99092338887594,5.951575582682736,0,outer_ring
1018,53.012395712875545,5.950928755303394,0,outer_ring
1019,53.03386836568041,5.950292936835517,0,outer_ring
1020,53.05534134164626,5.94966812744623,0,outer_ring
1021,53.0768146351287,5.949054327299777,0,outer_ring
1022,53.098137234679896,5.948455737009702,0,outer_ring
1023,53.119445292636215,5.94786840734772,0,outer_ring
1024,53.14075364663242,5.947291917994782,0,outer_ring
1025,53.162062291153596,5.946726269100097,0,outer_ring
1026,53.183371220684734,5.9461714608100635,0,outer_ring
1027,53.204680429710805,5.945627493268269,0,outer_ring
1028,53.225874676109456,5.945097220465222,0,outer_ring
1029,53.24702769149041,5.9445786784922845,0,outer_ring
1030,53.2681809660362,5.944070818792341,0,outer_ring
1031,53.28933449435228,5.943573641494908,0,outer_ring
1032,53.31048827104404,5.943087146726775,0,outer_ring
1033,53.331642290716815,5.9426113346120175,0,outer_ring
1034,53.35272055450794,5.942147857050301,0,outer_ring
1035,53.373727260224776,5.9416965101362536,0,outer_ring
1036,53.394734189636836,5.941255697491755,0,outer_ring
1037,53.415741337461505,5.940825419227664,0,outer_ring
1038,53.436748698416025,5.940405675452183,0,outer_ring
1039,53.45775626721769,5.939996466270863,0,outer_ring
1040,53.478729368569326,5.9395984410542795,0,outer_ring
1041,53.49959835019576,5.939212817361351,0,outer_ring
1042,53.52046752133182,5.938837589628605,0,outer_ring
1043,53.541336876798695,5.938472757949171,0,outer_ring
1044,53.56220641141756,5.9381183224135725,0,outer_ring
1045,53.58307612000956,5.937774283109768,0,outer_ring
1046,53.60394599739575,5.937440640123121,0,outer_ring
1047,53.624693137521014,5.937119266653767,0,outer_ring
1048,53.645432998390966,5.936808277235585,0,outer_ring
1049,53.666173010671926,5.93650755492402,0,outer_ring
1050,53.68691316928125,5.936217099792756,0,outer_ring
1051,53.70765346913628,5.935936911912982,0,outer_ring
1052,53.72839390515423,5.935666991353351,0,outer_ring
1053,53.74906176599015,5.935408230460844,0,outer_ring
1054,53.76968063420837,5.935160243790044,0,outer_ring
1055,53.790299621972004,5.934922404367917,0,outer_ring
1056,53.810918724287326,5.9346947122520675,0,outer_ring
1057,53.83153793616046,5.934477167497654,0,outer_ring
1058,53.8521572525975,5.934269770157357,0,outer_ring
1059,53.87275248502246,5.934072745682549,0,outer_ring
1060,53.893258556108314,5.933886633074472,0,outer_ring
1061,53.913764715826424,5.9337105566762105,0,outer_ring
1062,53.934270959264765,5.933544516529942,0,outer_ring
1063,53.95477728151129,5.933388512675442,0,outer_ring
1064,53.975283677654055,5.9332425451500725,0,outer_ring
1065,53.99579014278098,5.933106613988812,0,outer_ring
1066,54.01621313852411,5.932981211698042,0,outer_ring
1067,54.03661455263358,5.932865881293594,0,outer_ring
1068,54.05701602048071,5.932760484657841,0,outer_ring
1069,54.07741753722859,5.932665021815794,0,outer_ring
1070,54.09781909804034,5.932579492790062,0,outer_ring
1071,54.11822069807896,5.932503897600931,0,outer_ring
1072,54.13858913186064,5.932438335050577,0,outer_ring
1073,54.158893776789036,5.932382832998137,0,outer_ring
1074,54.17919844622956,5.93233717057354,0,outer_ring
1075,54.19950313541394,5.932301347787515,0,outer_ring
1076,54.219807839573875,5.932275364648483,0,outer_ring
1077,54.24011255394108,5.932259221162525,0,outer_ring
1078,54.26041727374727,5.93225291733345,0,outer_ring
1079,54.28064554140654,5.932256421394619,0,outer_ring
1080,54.30086129142479,5.932269679927138,0,outer_ring
1081,54.32107703269317,5.932292692076842,0,outer_ring
1082,54.34129276050583,5.932325457838381,0,outer_ring
1083,54.36150847015681,5.932367977204123,0,outer_ring
1084,54.38172415694026,5.932420250164164,0,outer_ring
1085,54.401911629330186,5.932482183432029,0,outer_ring
1086,54.42204624849021,5.932553642896416,0,outer_ring
1087,54.442180830986146,5.932634777899814,0,outer_ring
1088,54.462315372168476,5.932725588423487,0,outer_ring
1089,54.482449867387714,5.932826074446467,0,outer_ring
1090,54.50258431199437,5.932936235945547,0,outer_ring
1091,54.52271870133897,5.933056072895283,0,outer_ring
1092,54.542793764838805,5.933185189846299,0,outer_ring
1093,54.56285489487227,5.933323826145468,0,outer_ring
1094,54.58291595622752,5.933472067644416,0,outer_ring
1095,54.6029769443057,5.933629914309165,0,outer_ring
1096,54.623037854507835,5.933797366103519,0,outer_ring
1097,54.64309868223508,5.933974422989095,0,outer_ring
1098,54.663143157222315,5.934160929684751,0,outer_ring
1099,54.68313846583495,5.934356534003321,0,outer_ring
1100,54.703133678820826,5.934561680817161,0,outer_ring
1101,54.723128791625825,5.934776370079547,0,outer_ring
1102,54.74312379969602,5.935000601741592,0,outer_ring
1103,54.76311869847736,5.935234375752209,0,outer_ring
1104,54.783113483415924,5.935477692058171,0,outer_ring
1105,54.80306977366048,5.935730056144671,0,outer_ring
1106,54.823006701860045,5.935991668774655,0,outer_ring
1107,54.842943503310586,5.9362627686140215,0,outer_ring
1108,54.862880173497594,5.936543355601366,0,outer_ring
1109,54.882816707906414,5.9368334296731575,0,outer_ring
1110,54.9027531020226,5.937132990763715,0,outer_ring
1111,54.92268614526123,5.937441988342407,0,outer_ring
1112,54.942572291765316,5.937759711737307,0,outer_ring
1113,54.96245828521522,5.938086874458762,0,outer_ring
1114,54.98234412113044,5.938423476433066,0,outer_ring
1115,55.002229795030495,5.938769517584369,0,outer_ring
1116,55.02211530243483,5.9391249978347105,0,outer_ring
1117,55.04200063886303,5.939489917103991,0,outer_ring
1118,55.06186692589743,5.939863915512298,0,outer_ring
1119,55.08170956143905,5.940246876291013,0,outer_ring
1120,55.101552013361776,5.940639235678248,0,outer_ring
1121,55.12139427721395,5.941040993585972,0,outer_ring
1122,55.141236348543835,5.9414521499240465,0,outer_ring
1123,55.16107822289985,5.941872704600236,0,outer_ring
1124,55.18091989583036,5.94230265752018,0,outer_ring
1125,55.20073307864251,5.942741375595062,0,outer_ring
1126,55.220539550752164,5.943189316380121,0,outer_ring
1127,55.24034580884834,5.94364662219003,0,outer_ring
1128,55.26015184850308,5.944113292922545,0,outer_ring
1129,55.27995766528835,5.944589328473334,0,outer_ring
1130,55.299763254776195,5.945074728735975,0,outer_ring
1131,55.31956400858518,5.9455693775000285,0,outer_ring
1132,55.33934186612885,5.946072804249447,0,outer_ring
1133,55.35911948376066,5.946585569614271,0,outer_ring
1134,55.37889685707112,5.9471076734801755,0,outer_ring
1135,55.39867398165089,5.947639115730766,0,outer_ring
1136,55.41845085309058,5.948179896247538,0,outer_ring
1137,55.438227466980905,5.948730014909934,0,outer_ring
1138,55.457993625539046,5.949289180825929,0,outer_ring
1139,55.47774993610974,5.949857397166241,0,outer_ring
1140,55.497505976451414,5.950434932612744,0,outer_ring
1141,55.51726174216829,5.951021787036922,0,outer_ring
1142,55.53701722886454,5.951617960308212,0,outer_ring
1143,55.556772432144406,5.952223452293943,0,outer_ring
1144,55.576527347612306,5.952838262859409,0,outer_ring
1145,55.59627144001895,5.95346205667034,0,outer_ring
1146,55.61601345587585,5.954095101347285,0,outer_ring
1147,55.635755171114226,5.954737452576815,0,outer_ring
1148,55.65549658134698,5.955389110216188,0,outer_ring
1149,55.67523768218692,5.956050074120576,0,outer_ring
1150,55.694978469247054,5.956720344143093,0,outer_ring
1151,55.7147180081883,5.9573998879012535,0,outer_ring
1152,55.73445329017635,5.9580885983708995,0,outer_ring
1153,55.75418824538624,5.958786609919969,0,outer_ring
1154,55.773922869434436,5.959493922393442,0,outer_ring
1155,55.79365715793753,5.960210535634197,0,outer_ring
1156,55.81339110651208,5.960936449483057,0,outer_ring
1157,55.83312471077482,5.9616716637787945,0,outer_ring
1158,55.852859317586265,5.9624162296579755,0,outer_ring
1159,55.87259479227402,5.963170143860722,0,outer_ring
1160,55.8923299094065,5.963933360438908,0,outer_ring
1161,55.91206466459891,5.964705879222954,0,outer_ring
1162,55.93179905346671,5.965487700041244,0,outer_ring
1163,55.9515330716253,5.9662788227200565,0,outer_ring
1164,55.97126671469023,5.967079247083625,0,outer_ring
1165,55.99100858670448,5.967889328221602,0,outer_ring
1166,56.01075147214559,5.968708777143604,0,outer_ring
1167,56.03049396894222,5.969537536645568,0,outer_ring
1168,56.0502360727036,5.970375606543172,0,outer_ring
1169,56.06997777903894,5.971222986650034,0,outer_ring
1170,56.089719083557696,5.972079676777682,0,outer_ring
1171,56.109463448200486,5.9729458296167905,0,outer_ring
1172,56.12922138007929,5.973821918465546,0,outer_ring
1173,56.14897889623176,5.97470733321763,0,outer_ring
1174,56.168735992255996,5.975602073675766,0,outer_ring
1175,56.18849266375019,5.976506139640627,0,outer_ring
1176,56.20824890631259,5.9774195309107725,0,outer_ring
1177,56.22800471554166,5.978342247282718,0,outer_ring
1178,56.24777360407943,5.97927492947268,0,outer_ring
1179,56.26755342711514,5.98021749396672,0,outer_ring
1180,56.28733280247847,5.981169406454548,0,outer_ring
1181,56.30711172575157,5.982130666723549,0,outer_ring
1182,56.32689019251666,5.9831012745590115,0,outer_ring
1183,56.34666819835605,5.984081229744156,0,outer_ring
1184,56.366445738852164,5.985070532060085,0,outer_ring
1185,56.38625179471402,5.98607065177557,0,outer_ring
1186,56.40606075313578,5.987080318580567,0,outer_ring
1187,56.425869231380794,5.988099362461114,0,outer_ring
1188,56.445677225010144,5.989127783188856,0,outer_ring
1189,56.46548472958502,5.990165580533329,0,outer_ring
1190,56.48529174066685,5.99121275426198,0,outer_ring
1191,56.505108582149454,5.992269857543029,0,outer_ring
1192,56.52495445093453,5.9933379428177105,0,outer_ring
1193,56.54479981085796,5.9944154415399495,0,outer_ring
1194,56.56464465745476,5.995502353467323,0,outer_ring
1195,56.58448898625994,5.996598678355284,0,outer_ring
1196,56.604332792808655,5.997704415957159,0,outer_ring
1197,56.62417607263626,5.998819566024181,0,outer_ring
1198,56.644048957730575,5.999945843431469,0,outer_ring
1199,56.66393855650687,6.00108255142969,0,outer_ring
1200,56.683827612568145,6.002228716140806,0,outer_ring
1201,56.70371612141819,6.003384337305718,0,outer_ring
1202,56.72360407856076,6.004549414663167,0,outer_ring
1203,56.74349147949986,6.005723947949768,0,outer_ring
1204,56.76337988964849,6.006908030741144,0,outer_ring
1205,56.783321121895035,6.008104787159496,0,outer_ring
1206,56.80326178128468,6.009311051036136,0,outer_ring
1207,56.8232018632846,6.010526822096857,0,outer_ring
1208,56.84314136336198,6.01175210006528,0,outer_ring
1209,56.863080276984164,6.01298688466288,0,outer_ring
1210,56.883018599618616,6.01423117560897,0,outer_ring
1211,56.90298382212739,6.015486708276292,0,outer_ring
1212,56.9229835230775,6.0167540042487815,0,outer_ring
1213,56.94298261562147,6.018030865475886,0,outer_ring
1214,56.96298109518453,6.01931729166553,0,outer_ring
1215,56.982978957192046,6.020613282523442,0,outer_ring
1216,57.002976197069536,6.021918837753169,0,outer_ring
1217,57.0229728102426,6.023233957056057,0,outer_ring
1218,57.04302996767771,6.024562707594477,0,outer_ring
1219,57.06309555948296,6.025901687913326,0,outer_ring
1220,57.08316050632353,6.027250298708047,0,outer_ring
1221,57.103224803577206,6.028608539667992,0,outer_ring
1222,57.123288446622034,6.029976410480259,0,outer_ring
1223,57.1433514308362,6.031353910829765,0,outer_ring
1224,57.163439118428784,6.0327428004124855,0,outer_ring
1225,57.183578756612135,6.034145019650417,0,outer_ring
1226,57.20371771683594,6.035556942471061,0,outer_ring
1227,57.223855994424866,6.0369785685466155,0,outer_ring
1228,57.24399358470371,6.038409897547062,0,outer_ring
1229,57.26413048299752,6.039850929140108,0,outer_ring
1230,57.28426668463141,6.041301662991216,0,outer_ring
1231,57.304471254719026,6.042767125207476,0,outer_ring
1232,57.324691839868166,6.044243581028333,0,outer_ring
1233,57.34491170822816,6.045729820938014,0,outer_ring
1234,57.3651308550648,6.047225844588532,0,outer_ring
1235,57.38534927564402,6.048731651629602,0,outer_ring
1236,57.40556696523202,6.050247241708682,0,outer_ring
1237,57.42581319488219,6.051774830467934,0,outer_ring
1238,57.44612308911357,6.053317136596128,0,outer_ring
1239,57.46643223120151,6.05486931555965,0,outer_ring
1240,57.48674061634673,6.056431366991703,0,outer_ring
1241,57.50704823975013,6.0580032905231604,0,outer_ring
1242,57.52735509661279,6.059585085782558,0,outer_ring
1243,57.547661182135954,6.0611767523960935,0,outer_ring
1244,57.568052888643884,6.062785125595411,0,outer_ring
1245,57.588459067174554,6.064404668404286,0,outer_ring
1246,57.60886445203842,6.0660341805070175,0,outer_ring
1247,57.62926903836505,6.067673661514654,0,outer_ring
1248,57.64967282128421,6.069323111035885,0,outer_ring
1249,57.67007579592586,6.070982528677,0,outer_ring
1250,57.6905239853613,6.0726556915742975,0,outer_ring
1251,57.71103505011318,6.074344125948706,0,outer_ring
1252,57.73154528306563,6.076042634743857,0,outer_ring
1253,57.75205467927043,6.077751217549974,0,outer_ring
1254,57.77256323377957,6.0794698739548565,0,outer_ring
1255,57.79307094164513,6.081198603543854,0,outer_ring
1256,57.81358056432076,6.08293764115097,0,outer_ring
1257,57.83420445951707,6.084696601396281,0,outer_ring
1258,57.85482748326346,6.08646574971354,0,outer_ring
1259,57.87544963052711,6.088245085671012,0,outer_ring
1260,57.89607089627537,6.090034608834465,0,outer_ring
1261,57.916691275475834,6.0918343187671695,0,outer_ring
1262,57.93731076309627,6.093644215029947,0,outer_ring
1263,57.95801313894682,6.095471714132117,0,outer_ring
1264,57.978756997984206,6.09731325559958,0,outer_ring
1265,57.999499939163165,6.099165107101733,0,outer_ring
1266,58.020241957359424,6.101027268181106,0,outer_ring
1267,58.04098304744897,6.102899738377658,0,outer_ring
1268,58.061723204307995,6.104782517228848,0,outer_ring
1269,58.08250861793626,6.106679832587112,0,outer_ring
1270,58.10338146609637,6.108595635953122,0,outer_ring
1271,58.12425335325917,6.1105218807758135,0,outer_ring
1272,58.14512427420135,6.112458566573132,0,outer_ring
1273,58.16599422369993,6.114405692860423,0,outer_ring
1274,58.1868631965322,6.116363259150418,0,outer_ring
1275,58.20774023755062,6.1183321207270325,0,outer_ring
1276,58.2287503456348,6.1203241745311345,0,outer_ring
1277,58.2497594476895,6.122326810524733,0,outer_ring
1278,58.27076753838477,6.124340028199768,0,outer_ring
1279,58.29177461239091,6.126363827045488,0,outer_ring
1280,58.31278066437851,6.128398206548461,0,outer_ring
1281,58.33378568901838,6.130443166192578,0,outer_ring
1282,58.35491504336462,6.132511006015598,0,outer_ring
1283,58.376069753782865,6.134592156166406,0,outer_ring
1284,58.39722340566351,6.13668403831997,0,outer_ring
1285,58.41837599356201,6.13878665193787,0,outer_ring
1286,58.43952751203423,6.140899996478957,0,outer_ring
1287,58.4606779556363,6.14302407139931,0,outer_ring
1288,58.48192904852625,6.145169170874489,0,outer_ring
1289,58.50323789316821,6.147331088756651,0,outer_ring
1290,58.524545629907756,6.149503898905444,0,outer_ring
1291,58.54585225317718,6.1516876007531,0,outer_ring
1292,58.567157757409056,6.153882193729039,0,outer_ring
1293,58.58846213703626,6.156087677259791,0,outer_ring
1294,58.609848071031834,6.158312674649686,0,outer_ring
1295,58.6313197160762,6.160557750290657,0,outer_ring
1296,58.652790201510115,6.162813888756702,0,outer_ring
1297,58.67425952163364,6.1650810894488615,0,outer_ring
1298,58.69572767074724,6.1673593517652705,0,outer_ring
1299,58.71719464315158,6.169648675101087,0,outer_ring
1300,58.73873018438751,6.1719565519832145,0,outer_ring
1301,58.760373444370366,6.1742873181676785,0,outer_ring
1302,58.78201549052436,6.176629328407344,0,outer_ring
1303,58.80365631700795,6.17898258207007,0,outer_ring
1304,58.82529591797996,6.181347078520666,0,outer_ring
1305,58.84693428759962,6.1837228171209375,0,outer_ring
1306,58.868635973619085,6.186116935721465,0,outer_ring
1307,58.890459819584464,6.188536074760833,0,outer_ring
1308,58.91228239481373,6.190966650160604,0,outer_ring
1309,58.93410369331391,6.193408661253287,0,outer_ring
1310,58.95592370909236,6.1958621073682565,0,outer_ring
1311,58.97774243615678,6.198326987831727,0,outer_ring
1312,58.999628688482005,6.200811131468065,0,outer_ring
1313,59.02164225624615,6.203321482464702,0,outer_ring
1314,59.04365449348774,6.205843473633088,0,outer_ring
1315,59.065665394051756,6.208377104268024,0,outer_ring
1316,59.08767495178357,6.210922373661077,0,outer_ring
1317,59.10968316052897,6.213479281100533,0,outer_ring
1318,59.131774402238825,6.216057697989157,0,outer_ring
1319,59.153987000770606,6.218662264627241,0,outer_ring
1320,59.17619820591014,6.2212786872145855,0,outer_ring
1321,59.19840801132934,6.223906965005767,0,outer_ring
1322,59.2206164107005,6.226547097251959,0,outer_ring
1323,59.24282339769632,6.229199083200982,0,outer_ring
1324,59.26514217629111,6.231876533911361,0,outer_ring
1325,59.28756329620805,6.234578492808474,0,outer_ring
1326,59.30998295656159,6.237292535889104,0,outer_ring
1327,59.33240115083878,6.240018662364811,0,outer_ring
1328,59.35481787252711,6.24275687144366,0,outer_ring
1329,59.377233115114485,6.245507162330192,0,outer_ring
1330,59.399804230951965,6.248288971191769,0,outer_ring
1331,59.422443553132595,6.251091680848397,0,outer_ring
1332,59.44508134604321,6.253906715902204,0,outer_ring
1333,59.46771760297356,6.256734075518743,0,outer_ring
1334,59.49035231721385,6.259573758859943,0,outer_ring
1335,59.51298548205475,6.262425765084075,0,outer_ring
1336,59.535836122649144,6.265317875882332,0,outer_ring
1337,59.55870352695964,6.268224886269245,0,outer_ring
1338,59.581569328507015,6.27114447680286,0,outer_ring
1339,59.60443352037056,6.274076646599518,0,outer_ring
1340,59.62729609562992,6.277021394771722,0,outer_ring
1341,59.65020968054702,6.2799855438873,0,outer_ring
1342,59.67331692784581,6.282987756757315,0,outer_ring
1343,59.69642250197841,6.286002819584034,0,outer_ring
1344,59.71952639579887,6.289030731435005,0,outer_ring
1345,59.74262860216193,6.292071491373768,0,outer_ring
1346,59.76572911392266,6.295125098459913,0,outer_ring
1347,59.78897363072682,6.2982109363604835,0,outer_ring
1348,59.81232943396709,6.3013248824232235,0,outer_ring
1349,59.835683482386166,6.304451962134323,0,outer_ring
1350,59.8590357685986,6.307592174504876,0,outer_ring
1351,59.882386285219575,6.310745518541843,0,outer_ring
1352,59.90573502486468,6.313911993248006,0,outer_ring
1353,59.92934544350844,6.317127554807449,0,outer_ring
1354,59.952960337615835,6.320357407585696,0,outer_ring
1355,59.97657339060602,6.323600693135113,0,outer_ring
1356,60.00018459483806,6.326857410406198,0,outer_ring
1357,60.0237939426717,6.33012755834514,0,outer_ring
1358,60.04752901549072,6.333428919512144,0,outer_ring
1359,60.07141569516185,6.336765339786609,0,outer_ring
1360,60.09530045035864,6.340115509207777,0,outer_ring
1361,60.11918327316705,6.3434794266655885,0,outer_ring
1362,60.1430641556737,6.346857091045443,0,outer_ring
1363,60.16694308996595,6.350248501228194,0,outer_ring
1364,60.19111162944861,6.353695323040455,0,outer_ring
1365,60.21527928129664,6.357156387509718,0,outer_ring
1366,60.23944491235464,6.360631533359353,0,outer_ring
1367,60.26360851441805,6.364120759409495,0,outer_ring
1368,60.287770079282986,6.367624064475507,0,outer_ring
1369,60.31211372747424,6.37116830985854,0,outer_ring
1370,60.33657574014617,6.374744492295136,0,outer_ring
1371,60.36103563852403,6.378335107301886,0,outer_ring
1372,60.3854934140926,6.381940153628797,0,outer_ring
1373,60.40994905833742,6.385559630020829,0,outer_ring
1374,60.43449126819908,6.389206744108925,0,outer_ring
1375,60.45925938650333,6.392902491208183,0,outer_ring
1376,60.48402529155071,6.396613040781823,0,outer_ring
1377,60.50878897449465,6.400338391504427,0,outer_ring
1378,60.53355042648936,6.404078542045255,0,outer_ring
1379,60.55831740980163,6.407834672001272,0,outer_ring
1380,60.58340367028266,6.411654667097679,0,outer_ring
1381,60.60848761270152,6.415489854209667,0,outer_ring
1382,60.63356922785814,6.419340231930583,0,outer_ring
1383,60.658648506553156,6.423205798848208,0,outer_ring
1384,60.68372543958816,6.427086553544754,0,outer_ring
1385,60.70908612733359,6.431027038370246,0,outer_ring
1386,60.73450044043643,6.434991817364434,0,outer_ring
1387,60.75991231483829,6.43897219703797,0,outer_ring
1388,60.785321740962644,6.442968175890833,0,outer_ring
1389,60.81072870923387,6.4469797524171355,0,outer_ring
1390,60.83638858352535,6.451047488585218,0,outer_ring
1391,60.86214591467177,6.455147079947686,0,outer_ring
1392,60.88790068895097,6.459262703710301,0,outer_ring
1393,60.91365289638365,6.463394358278357,0,outer_ring
1394,60.939402526991685,6.4675420420509795,0,outer_ring
1395,60.96539736759909,6.471745906057876,0,outer_ring
1396,60.99151068980199,6.4759858122165,0,outer_ring
1397,61.01762132976056,6.48024220525059,0,outer_ring
1398,61.043729277065694,6.484515083463329,0,outer_ring
1399,61.06983452130927,6.488804445151281,0,outer_ring
1400,61.09620353308157,6.49315433430624,0,outer_ring
1401,61.12268615677064,6.497540356536071,0,outer_ring
1402,61.14916596510579,6.5019433440435535,0,outer_ring
1403,61.175642947218705,6.506363295021536,0,outer_ring
1404,61.20211709224234,6.510800207655905,0,outer_ring
1405,61.22890308954624,6.515307134251273,0,outer_ring
1406,61.255768674474446,6.519845390768118,0,outer_ring
1407,61.28263130264297,6.524401116136133,0,outer_ring
1408,61.30949096269294,6.528974308428943,0,outer_ring
1409,61.336347643266855,6.5335649657127775,0,outer_ring
1410,61.36359724349762,6.538241159162844,0,outer_ring
1411,61.390859810772916,6.542938104493551,0,outer_ring
1412,61.41811927097704,6.547653048741324,0,outer_ring
1413,61.44537561222698,6.552385989850812,0,outer_ring
1414,61.47271545041868,6.557152056771898,0,outer_ring
1415,61.50039264914166,6.561995943433011,0,outer_ring
1416,61.52806659336189,6.566858389158213,0,outer_ring
1417,61.55573727063459,6.571739391760879,0,outer_ring
1418,61.58340466851632,6.576638949046057,0,outer_ring
1419,61.61129814376172,6.581597915941842,0,outer_ring
1420,61.63940166928572,6.586613906356256,0,outer_ring
1421,61.6675017707515,6.591649043328573,0,outer_ring
1422,61.695598435114704,6.596703324521428,0,outer_ring
1423,61.72369164933271,6.601776747588595,0,outer_ring
1424,61.75219760499328,6.606944915080604,0,outer_ring
1425,61.78074264659113,6.612140572203224,0,outer_ring
1426,61.809284083565544,6.6173559943522235,0,outer_ring
1427,61.83782190223095,6.622591179026834,0,outer_ring
1428,61.86653208668737,6.6278785994118365,0,outer_ring
1429,61.89553802735883,6.633241494294111,0,outer_ring
1430,61.9245401853715,6.638624807991178,0,outer_ring
1431,61.95353854635152,6.6440285378350055,0,outer_ring
1432,61.982533095926925,6.649452681147437,0,outer_ring
1433,62.01197086071997,6.654981356452922,0,outer_ring
1434,62.04145014594984,6.660539666188335,0,outer_ring
1435,62.0709254440978,6.6661190804824315,0,outer_ring
1436,62.10039674005494,6.671719596475228,0,outer_ring
1437,62.13012914621207,6.677391890203431,0,outer_ring
1438,62.16010243830201,6.6831326761519065,0,outer_ring
1439,62.19007154110713,6.688895291796676,0,outer_ring
1440,62.22003643872882,6.6946797340806725,0,outer_ring
1441,62.25010617911019,6.7005071774583485,0,outer_ring
1442,62.28059084711776,6.706438318806235,0,outer_ring
1443,62.31107111058782,6.712392053769747,0,outer_ring
1444,62.34154695277519,6.718368379078036,0,outer_ring
1445,62.37201835693708,6.724367291447827,0,outer_ring
1446,62.4030147236083,6.730493629181588,0,outer_ring
1447,62.43402400836127,6.736646827615324,0,outer_ring
1448,62.46502864165098,6.74282342104766,0,outer_ring
1449,62.49602860582698,6.749023405962369,0,outer_ring
1450,62.52747925134888,6.75533839106577,0,outer_ring
1451,62.559035938884946,6.761699850216537,0,outer_ring
1452,62.590587729639736,6.768085552287928,0,outer_ring
1453,62.62213460498893,6.774495493510585,0,outer_ring
1454,62.65409572339286,6.781015347151651,0,outer_ring
1455,62.68621873251186,6.787594346208628,0,outer_ring
1456,62.7183365832493,6.7941984818415975,0,outer_ring
1457,62.75044925593556,6.80082775000605,0,outer_ring
1458,62.78298183089453,6.8075704260284695,0,outer_ring
1459,62.815690634218186,6.81437675705552,0,outer_ring
1460,62.848394000036116,6.821209166666854,0,outer_ring
1461,62.881091907555934,6.828067650518527,0,outer_ring
1462,62.91426196344864,6.835052987489924,0,outer_ring
1463,62.94757660399993,6.84209698860532,0,outer_ring
1464,62.98088550904956,6.849168061449717,0,outer_ring
1465,63.014188656598854,6.856266201353073,0,outer_ring
1466,63.04806752131881,6.863516087768332,0,outer_ring
1467,63.08200862910149,6.870808678746769,0,outer_ring
1468,63.1159436830513,6.87812938869304,0,outer_ring
1469,63.14994206177194,6.88549327480343,0,outer_ring
1470,63.18453723968059,6.893016766453485,0,outer_ring
1471,63.21912604819436,6.900569486939325,0,outer_ring
1472,63.25370846261835,6.908151430868642,0,outer_ring
1473,63.28855243053339,6.915821700791611,0,outer_ring
1474,63.32381752495407,6.923616357018425,0,outer_ring
1475,63.35907588756929,6.931441407554026,0,outer_ring
1476,63.394327492182825,6.939296846584561,0,outer_ring
1477,63.43010527749324,6.947302160908002,0,outer_ring
1478,63.46606280323523,6.955380823052771,0,outer_ring
1479,63.50201320933992,6.963491109141657,0,outer_ring
1480,63.53808212389733,6.971661534909927,0,outer_ring
1481,63.57476275501384,6.980004864571804,0,outer_ring
1482,63.61143588076122,6.988381122499575,0,outer_ring
1483,63.64810147157963,6.9967903019416795,0,outer_ring
1484,63.685275240053755,7.005351415276877,0,outer_ring
1485,63.722695752385974,7.014005359677,0,outer_ring
1486,63.760108316254176,7.022693602404573,0,outer_ring
1487,63.79770599421249,7.0314612583721825,0,outer_ring
1488,63.83589933230366,7.040405231334113,0,outer_ring
1489,63.87408428035029,7.049384956806755,0,outer_ring
1490,63.912260804884745,7.058400426919711,0,outer_ring
1491,63.951159690303285,7.067625308810477,0,outer_ring
1492,63.99014322739912,7.0769096089775445,0,outer_ring
1493,64.02911786700608,7.086231189401801,0,outer_ring
1494,64.06859676996348,7.095713565017327,0,outer_ring
1495,64.1084059183715,7.10531624793186,0,outer_ring
1496,64.14820566259026,7.114957833706725,0,outer_ring
1497,64.18833771347676,7.1247216347594815,0,outer_ring
1498,64.22900033657825,7.134657271411065,0,outer_ring
1499,64.26965301350371,7.144633525816474,0,outer_ring
1500,64.31051719935815,7.154705096210883,0,outer_ring
1501,64.35206202536833,7.164989070834061,0,outer_ring
1502,64.39359632514302,7.175315476040872,0,outer_ring
1503,64.43527779313395,7.185723775430624,0,outer_ring
1504,64.47773443870699,7.196372339566096,0,outer_ring
1505,64.52017993688084,7.207065251060939,0,outer_ring
1506,64.56277031104472,7.217842075985246,0,outer_ring
1507,64.6061693046516,7.228872406593354,0,outer_ring
1508,64.64955648529131,7.239949111678875,0,outer_ring
1509,64.69315419671847,7.251129335938089,0,outer_ring
1510,64.73752700166446,7.262559597888277,0,outer_ring
1511,64.78188728007623,7.274038378583683,0,outer_ring
1512,64.82659791068434,7.285660214680981,0,outer_ring
1513,64.8719769476115,7.2975096279664555,0,outer_ring
1514,64.91734269252026,7.309409828659007,0,outer_ring
1515,64.96327933248838,7.321515112316725,0,outer_ring
1516,65.00969800118746,7.333804024371581,0,outer_ring
1517,65.05610255619344,7.346146124597496,0,outer_ring
1518,65.10338617505329,7.358780624557092,0,outer_ring
1519,65.1508788753825,7.37153058808245,0,outer_ring
1520,65.19849838464505,7.384374618097709,0,outer_ring
1521,65.24711641077951,7.397550036379592,0,outer_ring
1522,65.29571856245983,7.410783893117419,0,outer_ring
1523,65.34491375849201,7.4242431756372085,0,outer_ring
1524,65.39467870871765,7.43792385799096,0,outer_ring
1525,65.4444267697418,7.451665828917982,0,outer_ring
1526,65.49534341749998,7.465798931557991,0,outer_ring
1527,65.54629288194994,7.480010406977009,0,outer_ring
1528,65.59782598449459,7.494455234084754,0,outer_ring
1529,65.65001769898116,7.50915707294876,0,outer_ring
1530,65.70224693548039,7.523942500735721,0,outer_ring
1531,65.75572308141307,7.53915667881715,0,outer_ring
1532,65.8091789921516,7.554441802487737,0,outer_ring
1533,65.86353850451475,7.570064034578849,0,outer_ring
1534,65.9183211510115,7.585888286143948,0,outer_ring
1535,65.97360141855437,7.601938205886491,0,outer_ring
1536,66.02975567419485,7.618326238207665,0,outer_ring
1537,66.08605762240065,7.6348428356830595,0,outer_ring
1538,66.1436298004981,7.6518206670797255,0,outer_ring
1539,66.20117759813655,7.668880955377077,0,outer_ring
1540,66.26009954029723,7.686441597401739,0,outer_ring
1541,66.31911149698985,7.704123485064642,0,outer_ring
1542,66.379330074688,7.722264453277553,0,outer_ring
1543,66.43985537611157,7.740597235794844,0,outer_ring
1544,66.50149616716342,7.759370473142901,0,outer_ring
1545,66.56358553529626,7.778385123631608,0,outer_ring
1546,66.62678258739832,7.797847159158799,0,outer_ring
1547,66.69048831268105,7.817576443233833,0,outer_ring
1548,66.75538454656244,7.8377887642778035,0,outer_ring
1549,66.8207605182887,7.8582673637608735,0,outer_ring
1550,66.88750814340874,7.879296820430248,0,outer_ring
1551,66.95460987793808,7.900561466608387,0,outer_ring
1552,67.02337082018136,7.922480711602162,0,outer_ring
1553,67.09243475733811,7.944627987703321,0,outer_ring
1554,67.16320182715627,7.967458295930669,0,outer_ring
1555,67.2345705145631,7.990623247216313,0,outer_ring
1556,67.30724269435969,8.014356581326979,0,outer_ring
1557,67.38110795199356,8.038630058697947,0,outer_ring
1558,67.45574770870161,8.063312459554687,0,outer_ring
1559,67.53231285746877,8.08879313629803,0,outer_ring
1560,67.60964256028261,8.114694662849665,0,outer_ring
1561,67.68846473254166,8.141268536556154,0,outer_ring
1562,67.76886591854624,8.168554475024678,0,outer_ring
1563,67.85027792899264,8.196368780643795,0,outer_ring
1564,67.93356860775546,8.225018322268113,0,outer_ring
1565,68.01846698532752,8.254422598668988,0,outer_ring
1566,68.10465821310225,8.28448345147077,0,outer_ring
1567,68.1927210711451,8.315414850352091,0,outer_ring
1568,68.2828604977562,8.347304129110718,0,outer_ring
1569,68.37461393826311,8.380002393724652,0,outer_ring
1570,68.46811253338207,8.413570185376244,0,outer_ring
1571,68.56398487882741,8.44825039994236,0,outer_ring
1572,68.66217690421156,8.484043543480766,0,outer_ring
1573,68.76249784845825,8.520899679291674,0,outer_ring
1574,68.86510789920307,8.558897671944521,0,outer_ring
1575,68.97017675653257,8.598122410936497,0,outer_ring
1576,69.07788404202769,8.63866524773961,0,outer_ring
1577,69.18867587769518,8.680722120643154,0,outer_ring
1578,69.30252463135866,8.724313503442858,0,outer_ring
1579,69.41951402661017,8.769503745999927,0,outer_ring
1580,69.53985926214456,8.81641091561432,0,outer_ring
1581,69.66378720043453,8.865161964324606,0,outer_ring
1582,69.79153679864866,8.915893395547876,0,outer_ring
1583,69.92335953919601,8.968751985647302,0,outer_ring
1584,70.05969116907616,9.023965295168907,0,outer_ring
1585,70.20107576275247,9.081814748337571,0,outer_ring
1586,70.34753510922923,9.14237662322136,0,outer_ring
1587,70.49938636722048,9.205854715593496,0,outer_ring
1588,70.65696170648343,9.272468348819558,0,outer_ring
1589,70.82184259758841,9.342984434774316,0,outer_ring
1590,70.99354150873648,9.417306202099972,0,outer_ring
1591,71.1731915729795,9.496047191743529,0,outer_ring
1592,71.36158384613401,9.579700298420939,0,outer_ring
1593,71.55988396568405,9.6689555645983,0,outer_ring
1594,71.76866381590716,9.764270199628058,0,outer_ring
1595,71.9895571420079,9.866625483876398,0,outer_ring
1596,72.22437137355757,9.977148093732048,0,outer_ring
1597,72.47509816501169,10.097130812767496,0,outer_ring
1598,72.743923162593,10.228056532370566,0,outer_ring
1599,73.03323452344863,10.371626111176255,0,outer_ring
1600,73.34767999671635,10.530839726871754,0,outer_ring
1601,73.69133207273582,10.708668267969529,0,outer_ring
1602,74.07064087412911,10.909655573781606,0,outer_ring
1603,74.49444346489304,11.140158966808677,0,outer_ring
1604,74.97449837758019,11.408975190159133,0,outer_ring
1605,75.52843981818748,11.729584076513213,0,outer_ring
1606,76.18330502390869,12.123399483713321,0,outer_ring
1607,76.98447855067421,12.627752692456795,0,outer_ring
1608,78.01391548907976,13.313895490077321,0,outer_ring
1609,79.44703629746832,14.345119794533431,0,outer_ring
1610,81.75162825555435,16.209470865547477,0,outer_ring
1611,86.70396570126519,21.31411803201742,0,outer_ring
1612,94.86917525920546,37.499260939296455,0,outer_ring
1613,82.26327323999999,47.83225282,1,inner_ring
1614,82.2617173057864,48.12743055464423,1,inner_ring
1615,82.2570496760693,48.42257548377871,1,inner_ring
1616,82.24927086960045,48.717654805539645,1,inner_ring
1617,82.23838175090208,49.01263572535472,1,inner_ring
1618,82.22438353017078,49.30748545958783,1,inner_ring
1619,82.20727776314303,49.60217123918258,1,inner_ring
1620,82.18706635092225,49.89666031330421,1,inner_ring
1621,82.16375153976759,50.19091995297944,1,inner_ring
1622,82.13733592084421,50.48491745473392,1,inner_ring
1623,82.10782242993534,50.778620144226785,1,inner_ring
1624,82.07521434711599,51.07199537988212,1,inner_ring
1625,82.03951529638844,51.36501055651658,1,inner_ring
1626,82.00072924527943,51.657633108963154,1,inner_ring
1627,81.95886050439924,51.949830515690316,1,inner_ring
1628,81.91391372696262,52.2415703024165,1,inner_ring
1629,81.8658939082716,52.53282004571915,1,inner_ring
1630,81.81480638516042,52.82354737663824,1,inner_ring
1631,81.76065683540227,53.1137199842737,1,inner_ring
1632,81.70345127707841,53.40330561937639,1,inner_ring
1633,81.64319606790919,53.692272097932204,1,inner_ring
1634,81.57989790454758,53.98058730473896,1,inner_ring
1635,81.51356382183488,54.26821919697562,1,inner_ring
1636,81.44420119201887,54.555135807763456,1,inner_ring
1637,81.37181772393444,54.84130524971882,1,inner_ring
1638,81.29642146214694,55.12669571849703,1,inner_ring
1639,81.21802078605802,55.411275496327036,1,inner_ring
1640,81.1366244089744,55.69501295553649,1,inner_ring
1641,81.05224137713954,55.9778765620668,1,inner_ring
1642,80.96488106872815,56.25983487897773,1,inner_ring
1643,80.87455319280402,56.54085656994127,1,inner_ring
1644,80.78126778824088,56.820910402724294,1,inner_ring
1645,80.68503522260679,57.09996525265967,1,inner_ring
1646,80.58586619101183,57.37799010610536,1,inner_ring
1647,80.48377171491953,57.654954063891225,1,inner_ring
1648,80.37876314092192,57.93082634475316,1,inner_ring
1649,80.27085213947848,58.20557628875396,1,inner_ring
1650,80.16005070361916,58.47917336069094,1,inner_ring
1651,80.04637114761147,58.751587153489446,1,inner_ring
1652,79.92982610559184,59.022787391582305,1,inner_ring
1653,79.81042853016163,59.29274393427457,1,inner_ring
1654,79.68819169094743,59.56142677909332,1,inner_ring
1655,79.5631291731264,59.82880606512206,1,inner_ring
1656,79.43525487591643,60.09485207631943,1,inner_ring
1657,79.30458301103138,60.35953524482177,1,inner_ring
1658,79.17112810110163,60.622826154229244,1,inner_ring
1659,79.03490497806004,60.884695542875136,1,inner_ring
1660,78.89592878149364,61.14511430707793,1,inner_ring
1661,78.75421495696091,61.404053504375824,1,inner_ring
1662,78.60977925427528,61.66148435674338,1,inner_ring
1663,78.46263772575473,61.91737825378982,1,inner_ring
1664,78.3128067244377,62.17170675593874,1,inner_ring
1665,78.16030290226576,62.424441597588874,1,inner_ring
1666,78.00514320823274,62.67555469025542,1,inner_ring
1667,77.84734488650129,62.925018125691786,1,inner_ring
1668,77.68692547448623,63.172804178991235,1,inner_ring
1669,77.52390280090555,63.4188853116682,1,inner_ring
1670,77.3582949837989,63.66323417471885,1,inner_ring
1671,77.19012042851406,63.90582361166061,1,inner_ring
1672,77.01939782566133,64.14662666155027,1,inner_ring
1673,76.84614614903634,64.38561656198041,1,inner_ring
1674,76.67038465351135,64.62276675205369,1,inner_ring
1675,76.49213287289521,64.85805087533478,1,inner_ring
1676,76.3114106177625,65.09144278277958,1,inner_ring
1677,76.1282379732518,65.3229165356414,1,inner_ring
1678,75.94263529683343,65.55244640835367,1,inner_ring
1679,75.754623216047,65.78000689138912,1,inner_ring
1680,75.56422262620885,66.0055726940948,1,inner_ring
1681,75.37145468808984,66.22911874750287,1,inner_ring
1682,75.17634082556356,66.45062020711669,1,inner_ring
1683,74.97890272322533,66.67005245567202,1,inner_ring
1684,74.77916232398218,66.88739110587295,1,inner_ring
1685,74.57714182661415,67.10261200310218,1,inner_ring
1686,74.37286368330726,67.3156912281056,1,inner_ring
1687,74.16635059715809,67.52660509965065,1,inner_ring
1688,73.95762551965065,67.73533017715809,1,inner_ring
1689,73.74671164810562,67.94184326330728,1,inner_ring
1690,73.53363242310218,68.14612140661416,1,inner_ring
1691,73.31841152587295,68.34814190398217,1,inner_ring
1692,73.10107287567203,68.54788230322534,1,inner_ring
1693,72.88164062711668,68.74532040556358,1,inner_ring
1694,72.66013916750286,68.94043426808985,1,inner_ring
1695,72.43659311409479,69.13320220620884,1,inner_ring
1696,72.21102731138912,69.323602796047,1,inner_ring
1697,71.98346682835367,69.51161487683345,1,inner_ring
1698,71.7539369556414,69.69721755325182,1,inner_ring
1699,71.52246320277959,69.88039019776251,1,inner_ring
1700,71.28907129533478,70.06111245289522,1,inner_ring
1701,71.05378717205369,70.23936423351135,1,inner_ring
1702,70.81663698198041,70.41512572903636,1,inner_ring
1703,70.57764708155027,70.58837740566133,1,inner_ring
1704,70.3368440316606,70.75910000851405,1,inner_ring
1705,70.09425459471885,70.9272745637989,1,inner_ring
1706,69.8499057316682,71.09288238090555,1,inner_ring
1707,69.60382459899122,71.25590505448625,1,inner_ring
1708,69.35603854569177,71.4163244665013,1,inner_ring
1709,69.10657511025542,71.57412278823274,1,inner_ring
1710,68.85546201758886,71.72928248226576,1,inner_ring
1711,68.60272717593872,71.88178630443772,1,inner_ring
1712,68.34839867378982,72.03161730575474,1,inner_ring
1713,68.09250477674337,72.17875883427527,1,inner_ring
1714,67.83507392437582,72.3231945369609,1,inner_ring
1715,67.57613472707793,72.46490836149364,1,inner_ring
1716,67.31571596287513,72.60388455806006,1,inner_ring
1717,67.05384657422924,72.74010768110162,1,inner_ring
1718,66.79055566482177,72.87356259103137,1,inner_ring
1719,66.52587249631942,73.00423445591643,1,inner_ring
1720,66.25982648512206,73.1321087531264,1,inner_ring
1721,65.99244719909332,73.25717127094742,1,inner_ring
1722,65.72376435427456,73.37940811016163,1,inner_ring
1723,65.4538078115823,73.49880568559186,1,inner_ring
1724,65.18260757348945,73.61535072761146,1,inner_ring
1725,64.91019378069095,73.72903028361915,1,inner_ring
1726,64.63659670875396,73.83983171947848,1,inner_ring
1727,64.36184676475315,73.94774272092192,1,inner_ring
1728,64.08597448389122,74.05275129491953,1,inner_ring
1729,63.809010526105354,74.15484577101184,1,inner_ring
1730,63.53098567265967,74.25401480260679,1,inner_ring
1731,63.25193082272429,74.35024736824087,1,inner_ring
1732,62.97187698994126,74.44353277280402,1,inner_ring
1733,62.690855298977716,74.53386064872817,1,inner_ring
1734,62.40889698206679,74.62122095713954,1,inner_ring
1735,62.12603337553649,74.70560398897442,1,inner_ring
1736,61.84229591632703,74.78700036605801,1,inner_ring
1737,61.55771613849703,74.86540104214694,1,inner_ring
1738,61.27232566971882,74.94079730393445,1,inner_ring
1739,60.98615622776345,75.01318077201887,1,inner_ring
1740,60.69923961697562,75.0825434018349,1,inner_ring
1741,60.41160772473896,75.1488774845476,1,inner_ring
1742,60.1232925179322,75.21217564790919,1,inner_ring
1743,59.83432603937639,75.2724308570784,1,inner_ring
1744,59.544740404273696,75.32963641540229,1,inner_ring
1745,59.25456779663823,75.38378596516043,1,inner_ring
1746,58.963840465719144,75.4348734882716,1,inner_ring
1747,58.672590722416494,75.48289330696261,1,inner_ring
1748,58.38085093569031,75.52784008439924,1,inner_ring
1749,58.08865352896315,75.56970882527943,1,inner_ring
1750,57.796030976516576,75.60849487638845,1,inner_ring
1751,57.503015799882114,75.64419392711599,1,inner_ring
1752,57.20964056422679,75.67680200993533,1,inner_ring
1753,56.91593787473391,75.70631550084421,1,inner_ring
1754,56.62194037297944,75.73273111976759,1,inner_ring
1755,56.327680733304206,75.75604593092226,1,inner_ring
1756,56.03319165918258,75.77625734314303,1,inner_ring
1757,55.73850587958782,75.79336311017079,1,inner_ring
1758,55.443656145354716,75.80736133090208,1,inner_ring
1759,55.14867522553965,75.81825044960046,1,inner_ring
1760,54.853595903778704,75.8260292560693,1,inner_ring
1761,54.558450974644224,75.83069688578641,1,inner_ring
1762,54.26327324,75.83225282000001,1,inner_ring
1763,53.96809550535577,75.83069688578641,1,inner_ring
1764,53.67295057622128,75.8260292560693,1,inner_ring
1765,53.37787125446035,75.81825044960046,1,inner_ring
1766,53.08289033464528,75.80736133090208,1,inner_ring
1767,52.78804060041217,75.79336311017079,1,inner_ring
1768,52.49335482081742,75.77625734314303,1,inner_ring
1769,52.19886574669579,75.75604593092226,1,inner_ring
1770,51.90460610702055,75.73273111976759,1,inner_ring
1771,51.61060860526609,75.70631550084421,1,inner_ring
1772,51.31690591577321,75.67680200993533,1,inner_ring
1773,51.02353068011788,75.64419392711599,1,inner_ring
1774,50.73051550348342,75.60849487638845,1,inner_ring
1775,50.43789295103685,75.56970882527943,1,inner_ring
1776,50.145695544309675,75.52784008439924,1,inner_ring
1777,49.8539557575835,75.48289330696261,1,inner_ring
1778,49.562706014280856,75.4348734882716,1,inner_ring
1779,49.27197868336176,75.38378596516043,1,inner_ring
1780,48.98180607572629,75.32963641540229,1,inner_ring
1781,48.69222044062361,75.2724308570784,1,inner_ring
1782,48.40325396206779,75.21217564790919,1,inner_ring
1783,48.11493875526103,75.1488774845476,1,inner_ring
1784,47.827306863024376,75.0825434018349,1,inner_ring
1785,47.540390252236534,75.01318077201887,1,inner_ring
1786,47.25422081028117,74.94079730393445,1,inner_ring
1787,46.968830341502965,74.86540104214694,1,inner_ring
1788,46.68425056367296,74.78700036605801,1,inner_ring
1789,46.4005131044635,74.7056039889744,1,inner_ring
1790,46.1176494979332,74.62122095713954,1,inner_ring
1791,45.83569118102227,74.53386064872817,1,inner_ring
1792,45.55466949005873,74.44353277280402,1,inner_ring
1793,45.2746156572757,74.35024736824089,1,inner_ring
1794,44.995560807340325,74.25401480260679,1,inner_ring
1795,44.71753595389464,74.15484577101184,1,inner_ring
1796,44.44057199610877,74.05275129491955,1,inner_ring
1797,44.16469971524684,73.94774272092192,1,inner_ring
1798,43.88994977124603,73.83983171947848,1,inner_ring
1799,43.616352699309054,73.72903028361917,1,inner_ring
1800,43.34393890651055,73.61535072761146,1,inner_ring
1801,43.07273866841769,73.49880568559186,1,inner_ring
1802,42.80278212572543,73.37940811016163,1,inner_ring
1803,42.53409928090667,73.25717127094742,1,inner_ring
1804,42.266719994877946,73.1321087531264,1,inner_ring
1805,42.00067398368057,73.00423445591643,1,inner_ring
1806,41.73599081517823,72.87356259103137,1,inner_ring
1807,41.47269990577075,72.74010768110162,1,inner_ring
1808,41.21083051712486,72.60388455806005,1,inner_ring
1809,40.950411752922065,72.46490836149364,1,inner_ring
1810,40.69147255562417,72.3231945369609,1,inner_ring
1811,40.43404170325662,72.17875883427529,1,inner_ring
1812,40.178147806210184,72.03161730575474,1,inner_ring
1813,39.923819304061254,71.88178630443772,1,inner_ring
1814,39.67108446241112,71.72928248226575,1,inner_ring
1815,39.41997136974457,71.57412278823274,1,inner_ring
1816,39.17050793430822,71.4163244665013,1,inner_ring
1817,38.92272188100877,71.25590505448625,1,inner_ring
1818,38.6766407483318,71.09288238090555,1,inner_ring
1819,38.432291885281145,70.9272745637989,1,inner_ring
1820,38.18970244833939,70.75910000851405,1,inner_ring
1821,37.94889939844972,70.58837740566133,1,inner_ring
1822,37.70990949801957,70.41512572903635,1,inner_ring
1823,37.472759307946305,70.23936423351137,1,inner_ring
1824,37.237475184665215,70.06111245289522,1,inner_ring
1825,37.00408327722041,69.88039019776251,1,inner_ring
1826,36.7726095243586,69.69721755325182,1,inner_ring
1827,36.54307965164632,69.51161487683343,1,inner_ring
1828,36.31551916861088,69.323602796047,1,inner_ring
1829,36.0899533659052,69.13320220620885,1,inner_ring
1830,35.86640731249713,68.94043426808985,1,inner_ring
1831,35.64490585288331,68.74532040556358,1,inner_ring
1832,35.42547360432797,68.54788230322534,1,inner_ring
1833,35.20813495412705,68.34814190398217,1,inner_ring
1834,34.99291405689782,68.14612140661416,1,inner_ring
1835,34.77983483189439,67.94184326330728,1,inner_ring
1836,34.568920960349345,67.73533017715809,1,inner_ring
1837,34.36019588284191,67.52660509965065,1,inner_ring
1838,34.15368279669273,67.3156912281056,1,inner_ring
1839,33.94940465338584,67.10261200310218,1,inner_ring
1840,33.747384156017816,66.88739110587295,1,inner_ring
1841,33.54764375677467,66.67005245567204,1,inner_ring
1842,33.35020565443644,66.45062020711669,1,inner_ring
1843,33.15509179191015,66.22911874750287,1,inner_ring
1844,32.962323853791155,66.0055726940948,1,inner_ring
1845,32.771923263953,65.78000689138912,1,inner_ring
1846,32.58391118316655,65.55244640835366,1,inner_ring
1847,32.39830850674818,65.3229165356414,1,inner_ring
1848,32.21513586223749,65.09144278277958,1,inner_ring
1849,32.03441360710478,64.85805087533478,1,inner_ring
1850,31.85616182648864,64.62276675205369,1,inner_ring
1851,31.68040033096364,64.38561656198041,1,inner_ring
1852,31.507148654338664,64.14662666155027,1,inner_ring
1853,31.336426051485937,63.90582361166061,1,inner_ring
1854,31.168251496201094,63.66323417471885,1,inner_ring
1855,31.002643679094447,63.418885311668205,1,inner_ring
1856,30.839621005513756,63.172804178991235,1,inner_ring
1857,30.6792015934987,62.925018125691786,1,inner_ring
1858,30.521403271767248,62.67555469025542,1,inner_ring
1859,30.366243577734238,62.42444159758887,1,inner_ring
1860,30.213739755562283,62.17170675593874,1,inner_ring
1861,30.06390875424527,61.91737825378982,1,inner_ring
1862,29.91676722572472,61.66148435674338,1,inner_ring
1863,29.772331523039092,61.404053504375824,1,inner_ring
1864,29.630617698506356,61.145114307077925,1,inner_ring
1865,29.491641501939945,60.884695542875136,1,inner_ring
1866,29.355418378898374,60.62282615422925,1,inner_ring
1867,29.221963468968617,60.35953524482177,1,inner_ring
1868,29.091291604083565,60.09485207631943,1,inner_ring
1869,28.96341730687359,59.82880606512206,1,inner_ring
1870,28.838354789052566,59.56142677909332,1,inner_ring
1871,28.71611794983836,59.29274393427457,1,inner_ring
1872,28.596720374408143,59.0227873915823,1,inner_ring
1873,28.480175332388534,58.75158715348945,1,inner_ring
1874,28.366495776380837,58.47917336069094,1,inner_ring
1875,28.25569434052152,58.20557628875396,1,inner_ring
1876,28.147783339078078,57.93082634475315,1,inner_ring
1877,28.04277476508046,57.654954063891225,1,inner_ring
1878,27.940680288988162,57.37799010610535,1,inner_ring
1879,27.84151125739321,57.09996525265968,1,inner_ring
1880,27.74527869175912,56.8209104027243,1,inner_ring
1881,27.651993287195978,56.54085656994127,1,inner_ring
1882,27.56166541127184,56.25983487897772,1,inner_ring
1883,27.474305102860452,55.9778765620668,1,inner_ring
1884,27.389922071025588,55.695012955536484,1,inner_ring
1885,27.30852569394198,55.41127549632704,1,inner_ring
1886,27.23012501785306,55.12669571849703,1,inner_ring
1887,27.154728756065552,54.84130524971883,1,inner_ring
1888,27.082345287981127,54.555135807763456,1,inner_ring
1889,27.012982658165107,54.268219196975615,1,inner_ring
1890,26.946648575452407,53.98058730473896,1,inner_ring
1891,26.883350412090806,53.69227209793221,1,inner_ring
1892,26.823095202921586,53.4033056193764,1,inner_ring
1893,26.765889644597713,53.1137199842737,1,inner_ring
1894,26.71174009483957,52.82354737663824,1,inner_ring
1895,26.660652571728388,52.53282004571914,1,inner_ring
1896,26.61263275303738,52.24157030241649,1,inner_ring
1897,26.567685975600753,51.949830515690316,1,inner_ring
1898,26.525817234720563,51.657633108963154,1,inner_ring
1899,26.48703118361155,51.36501055651659,1,inner_ring
1900,26.451332132884,51.07199537988212,1,inner_ring
1901,26.41872405006466,50.778620144226785,1,inner_ring
1902,26.389210559155785,50.48491745473391,1,inner_ring
1903,26.3627949402324,50.19091995297944,1,inner_ring
1904,26.33948012907774,49.89666031330422,1,inner_ring
1905,26.319268716856964,49.60217123918258,1,inner_ring
1906,26.302162949829206,49.30748545958783,1,inner_ring
1907,26.28816472909791,49.01263572535472,1,inner_ring
1908,26.27727561039954,48.717654805539645,1,inner_ring
1909,26.26949680393069,48.42257548377871,1,inner_ring
1910,26.264829174213588,48.127430554644235,1,inner_ring
1911,26.263273239999997,47.83225282,1,inner_ring
1912,26.264829174213588,47.537075085355774,1,inner_ring
1913,26.26949680393069,47.241930156221294,1,inner_ring
1914,26.27727561039954,46.94685083446035,1,inner_ring
1915,26.28816472909791,46.651869914645275,1,inner_ring
1916,26.302162949829206,46.35702018041218,1,inner_ring
1917,26.319268716856964,46.06233440081743,1,inner_ring
1918,26.33948012907774,45.76784532669579,1,inner_ring
1919,26.3627949402324,45.47358568702056,1,inner_ring
1920,26.389210559155785,45.179588185266084,1,inner_ring
1921,26.41872405006466,44.88588549577321,1,inner_ring
1922,26.451332132884005,44.592510260117876,1,inner_ring
1923,26.48703118361155,44.29949508348342,1,inner_ring
1924,26.52581723472056,44.006872531036855,1,inner_ring
1925,26.567685975600753,43.714675124309686,1,inner_ring
1926,26.61263275303738,43.4229353375835,1,inner_ring
1927,26.660652571728388,43.13168559428085,1,inner_ring
1928,26.711740094839573,42.840958263361756,1,inner_ring
1929,26.76588964459771,42.5507856557263,1,inner_ring
1930,26.823095202921586,42.26120002062361,1,inner_ring
1931,26.883350412090802,41.9722335420678,1,inner_ring
1932,26.946648575452407,41.68391833526104,1,inner_ring
1933,27.012982658165107,41.39628644302438,1,inner_ring
1934,27.08234528798113,41.10936983223654,1,inner_ring
1935,27.15472875606555,40.82320039028118,1,inner_ring
1936,27.230125017853055,40.53780992150297,1,inner_ring
1937,27.30852569394198,40.253230143672965,1,inner_ring
1938,27.389922071025588,39.96949268446351,1,inner_ring
1939,27.474305102860452,39.686629077933205,1,inner_ring
1940,27.56166541127184,39.404670761022274,1,inner_ring
1941,27.651993287195978,39.12364907005875,1,inner_ring
1942,27.745278691759115,38.84359523727571,1,inner_ring
1943,27.841511257393208,38.56454038734033,1,inner_ring
1944,27.940680288988162,38.286515533894644,1,inner_ring
1945,28.042774765080463,38.00955157610878,1,inner_ring
1946,28.14778333907808,37.733679295246844,1,inner_ring
1947,28.255694340521522,37.45892935124603,1,inner_ring
1948,28.366495776380834,37.185332279309065,1,inner_ring
1949,28.480175332388534,36.912918486510556,1,inner_ring
1950,28.596720374408143,36.641718248417696,1,inner_ring
1951,28.716117949838363,36.37176170572543,1,inner_ring
1952,28.838354789052566,36.10307886090668,1,inner_ring
1953,28.96341730687359,35.835699574877935,1,inner_ring
1954,29.091291604083562,35.569653563680575,1,inner_ring
1955,29.221963468968614,35.30497039517824,1,inner_ring
1956,29.35541837889837,35.04167948577076,1,inner_ring
1957,29.49164150193995,34.779810097124866,1,inner_ring
1958,29.63061769850636,34.51939133292207,1,inner_ring
1959,29.772331523039096,34.26045213562417,1,inner_ring
1960,29.916767225724715,34.00302128325663,1,inner_ring
1961,30.063908754245265,33.74712738621019,1,inner_ring
1962,30.21373975556228,33.49279888406126,1,inner_ring
1963,30.36624357773424,33.24006404241113,1,inner_ring
1964,30.52140327176725,32.98895094974458,1,inner_ring
1965,30.679201593498703,32.739487514308216,1,inner_ring
1966,30.839621005513752,32.49170146100877,1,inner_ring
1967,31.002643679094444,32.2456203283318,1,inner_ring
1968,31.16825149620109,32.00127146528115,1,inner_ring
1969,31.336426051485937,31.758682028339393,1,inner_ring
1970,31.507148654338664,31.517878978449726,1,inner_ring
1971,31.680400330963643,31.27888907801958,1,inner_ring
1972,31.856161826488645,31.041738887946302,1,inner_ring
1973,32.03441360710478,30.806454764665226,1,inner_ring
1974,32.21513586223748,30.573062857220414,1,inner_ring
1975,32.39830850674819,30.341589104358604,1,inner_ring
1976,32.58391118316656,30.11205923164633,1,inner_ring
1977,32.771923263953,29.88449874861088,1,inner_ring
1978,32.962323853791155,29.658932945905196,1,inner_ring
1979,33.15509179191015,29.43538689249714,1,inner_ring
1980,33.35020565443642,29.213885432883313,1,inner_ring
1981,33.54764375677466,28.994453184327973,1,inner_ring
1982,33.74738415601782,28.77711453412705,1,inner_ring
1983,33.94940465338584,28.56189363689782,1,inner_ring
1984,34.153682796692735,28.348814411894388,1,inner_ring
1985,34.3601958828419,28.137900540349353,1,inner_ring
1986,34.568920960349345,27.92917546284191,1,inner_ring
1987,34.779834831894384,27.722662376692732,1,inner_ring
1988,34.99291405689782,27.51838423338584,1,inner_ring
1989,35.20813495412705,27.316363736017824,1,inner_ring
1990,35.42547360432797,27.116623336774662,1,inner_ring
1991,35.6449058528833,26.919185234436437,1,inner_ring
1992,35.86640731249713,26.72407137191016,1,inner_ring
1993,36.0899533659052,26.531303433791148,1,inner_ring
1994,36.31551916861087,26.34090284395301,1,inner_ring
1995,36.54307965164632,26.152890763166567,1,inner_ring
1996,36.77260952435859,25.967288086748194,1,inner_ring
1997,37.0040832772204,25.784115442237493,1,inner_ring
1998,37.237475184665215,25.60339318710479,1,inner_ring
1999,37.472759307946305,25.425141406488645,1,inner_ring
2000,37.709909498019584,25.249379910963643,1,inner_ring
2001,37.948899398449726,25.076128234338668,1,inner_ring
2002,38.18970244833939,24.90540563148594,1,inner_ring
2003,38.43229188528115,24.73723107620109,1,inner_ring
2004,38.676640748331806,24.571623259094444,1,inner_ring
2005,38.92272188100877,24.408600585513753,1,inner_ring
2006,39.17050793430822,24.248181173498697,1,inner_ring
2007,39.41997136974457,24.09038285176726,1,inner_ring
2008,39.671084462411116,23.93522315773425,1,inner_ring
2009,39.923819304061254,23.782719335562287,1,inner_ring
2010,40.17814780621018,23.632888334245273,1,inner_ring
2011,40.43404170325661,23.485746805724723,1,inner_ring
2012,40.691472555624166,23.3413111030391,1,inner_ring
2013,40.950411752922065,23.199597278506364,1,inner_ring
2014,41.21083051712486,23.06062108193995,1,inner_ring
2015,41.47269990577076,22.924397958898375,1,inner_ring
2016,41.73599081517823,22.790943048968618,1,inner_ring
2017,42.00067398368058,22.660271184083562,1,inner_ring
2018,42.266719994877946,22.53239688687359,1,inner_ring
2019,42.534099280906666,22.407334369052574,1,inner_ring
2020,42.802782125725415,22.285097529838367,1,inner_ring
2021,43.072738668417685,22.16569995440815,1,inner_ring
2022,43.343938906510544,22.049154912388538,1,inner_ring
2023,43.61635269930905,21.93547535638084,1,inner_ring
2024,43.88994977124603,21.824673920521523,1,inner_ring
2025,44.16469971524684,21.716762919078082,1,inner_ring
2026,44.44057199610877,21.611754345080463,1,inner_ring
2027,44.71753595389465,21.509659868988166,1,inner_ring
2028,44.99556080734033,21.410490837393212,1,inner_ring
2029,45.27461565727571,21.31425827175912,1,inner_ring
2030,45.55466949005874,21.220972867195982,1,inner_ring
2031,45.835691181022284,21.13064499127184,1,inner_ring
2032,46.117649497933186,21.04328468286046,1,inner_ring
2033,46.4005131044635,20.958901651025595,1,inner_ring
2034,46.684250563672954,20.877505273941985,1,inner_ring
2035,46.96883034150296,20.799104597853063,1,inner_ring
2036,47.25422081028117,20.723708336065556,1,inner_ring
2037,47.540390252236534,20.65132486798113,1,inner_ring
2038,47.827306863024376,20.58196223816511,1,inner_ring
2039,48.114938755261036,20.51562815545241,1,inner_ring
2040,48.403253962067794,20.452329992090807,1,inner_ring
2041,48.692220440623615,20.39207478292159,1,inner_ring
2042,48.981806075726304,20.334869224597714,1,inner_ring
2043,49.27197868336177,20.280719674839574,1,inner_ring
2044,49.56270601428084,20.229632151728392,1,inner_ring
2045,49.85395575758349,20.181612333037386,1,inner_ring
2046,50.145695544309675,20.136665555600757,1,inner_ring
2047,50.437892951036844,20.094796814720567,1,inner_ring
2048,50.73051550348341,20.056010763611553,1,inner_ring
2049,51.02353068011788,20.02031171288401,1,inner_ring
2050,51.31690591577321,19.987703630064665,1,inner_ring
2051,51.61060860526609,19.95819013915579,1,inner_ring
2052,51.904606107020555,19.931774520232405,1,inner_ring
2053,52.19886574669579,19.908459709077743,1,inner_ring
2054,52.49335482081742,19.88824829685697,1,inner_ring
2055,52.78804060041218,19.87114252982921,1,inner_ring
2056,53.082890334645285,19.857144309097915,1,inner_ring
2057,53.37787125446034,19.846255190399543,1,inner_ring
2058,53.672950576221275,19.838476383930693,1,inner_ring
2059,53.96809550535576,19.833808754213592,1,inner_ring
2060,54.26327323999999,19.83225282,1,inner_ring
2061,54.558450974644224,19.833808754213592,1,inner_ring
2062,54.853595903778704,19.838476383930693,1,inner_ring
2063,55.14867522553965,19.846255190399543,1,inner_ring
2064,55.44365614535472,19.857144309097915,1,inner_ring
2065,55.73850587958783,19.87114252982921,1,inner_ring
2066,56.033191659182584,19.88824829685697,1,inner_ring
2067,56.32768073330422,19.908459709077743,1,inner_ring
2068,56.62194037297945,19.931774520232405,1,inner_ring
2069,56.9159378747339,19.95819013915579,1,inner_ring
2070,57.209640564226774,19.98770363006466,1,inner_ring
2071,57.50301579988211,20.020311712884006,1,inner_ring
2072,57.796030976516576,20.056010763611553,1,inner_ring
2073,58.08865352896314,20.094796814720564,1,inner_ring
2074,58.38085093569031,20.136665555600757,1,inner_ring
2075,58.672590722416494,20.181612333037386,1,inner_ring
2076,58.963840465719144,20.229632151728392,1,inner_ring
2077,59.254567796638234,20.280719674839574,1,inner_ring
2078,59.5447404042737,20.334869224597718,1,inner_ring
2079,59.83432603937639,20.39207478292159,1,inner_ring
2080,60.123292517932214,20.45232999209081,1,inner_ring
2081,60.41160772473897,20.515628155452415,1,inner_ring
2082,60.6992396169756,20.581962238165108,1,inner_ring
2083,60.986156227763445,20.65132486798113,1,inner_ring
2084,61.27232566971881,20.723708336065553,1,inner_ring
2085,61.55771613849702,20.79910459785306,1,inner_ring
2086,61.84229591632703,20.877505273941985,1,inner_ring
2087,62.12603337553649,20.95890165102559,1,inner_ring
2088,62.40889698206679,21.043284682860456,1,inner_ring
2089,62.69085529897772,21.130644991271843,1,inner_ring
2090,62.971876989941265,21.220972867195982,1,inner_ring
2091,63.2519308227243,21.314258271759122,1,inner_ring
2092,63.530985672659675,21.410490837393215,1,inner_ring
2093,63.80901052610536,21.50965986898817,1,inner_ring
2094,64.0859744838912,21.61175434508046,1,inner_ring
2095,64.36184676475314,21.71676291907808,1,inner_ring
2096,64.63659670875396,21.82467392052152,1,inner_ring
2097,64.91019378069093,21.935475356380838,1,inner_ring
2098,65.18260757348943,22.049154912388538,1,inner_ring
2099,65.4538078115823,22.165699954408147,1,inner_ring
2100,65.72376435427456,22.285097529838367,1,inner_ring
2101,65.99244719909332,22.40733436905257,1,inner_ring
2102,66.25982648512206,22.532396886873595,1,inner_ring
2103,66.52587249631944,22.66027118408357,1,inner_ring
2104,66.79055566482177,22.790943048968625,1,inner_ring
2105,67.05384657422925,22.924397958898382,1,inner_ring
2106,67.31571596287515,23.060621081939956,1,inner_ring
2107,67.57613472707791,23.199597278506356,1,inner_ring
2108,67.83507392437582,23.341311103039093,1,inner_ring
2109,68.09250477674337,23.48574680572472,1,inner_ring
2110,68.3483986737898,23.63288833424527,1,inner_ring
2111,68.60272717593872,23.78271933556228,1,inner_ring
2112,68.85546201758886,23.935223157734246,1,inner_ring
2113,69.10657511025542,24.090382851767252,1,inner_ring
2114,69.35603854569177,24.248181173498708,1,inner_ring
2115,69.60382459899124,24.408600585513764,1,inner_ring
2116,69.8499057316682,24.57162325909445,1,inner_ring
2117,70.09425459471885,24.737231076201102,1,inner_ring
2118,70.3368440316606,24.905405631485948,1,inner_ring
2119,70.57764708155025,25.07612823433866,1,inner_ring
2120,70.81663698198041,25.24937991096364,1,inner_ring
2121,71.05378717205369,25.42514140648864,1,inner_ring
2122,71.28907129533476,25.603393187104782,1,inner_ring
2123,71.52246320277958,25.784115442237486,1,inner_ring
2124,71.7539369556414,25.96728808674819,1,inner_ring
2125,71.98346682835367,26.15289076316656,1,inner_ring
2126,72.21102731138912,26.340902843953003,1,inner_ring
2127,72.43659311409479,26.53130343379116,1,inner_ring
2128,72.66013916750288,26.724071371910163,1,inner_ring
2129,72.8816406271167,26.919185234436437,1,inner_ring
2130,73.10107287567203,27.116623336774673,1,inner_ring
2131,73.31841152587296,27.316363736017834,1,inner_ring
2132,73.53363242310216,27.518384233385834,1,inner_ring
2133,73.7467116481056,27.722662376692725,1,inner_ring
2134,73.95762551965065,27.929175462841904,1,inner_ring
2135,74.16635059715809,28.137900540349342,1,inner_ring
2136,74.37286368330726,28.348814411894388,1,inner_ring
2137,74.57714182661415,28.56189363689782,1,inner_ring
2138,74.77916232398218,28.777114534127055,1,inner_ring
2139,74.97890272322533,28.994453184327973,1,inner_ring
2140,75.17634082556357,29.213885432883316,1,inner_ring
2141,75.37145468808984,29.435386892497142,1,inner_ring
2142,75.56422262620885,29.658932945905207,1,inner_ring
2143,75.75462321604701,29.88449874861089,1,inner_ring
2144,75.94263529683343,30.11205923164632,1,inner_ring
2145,76.1282379732518,30.341589104358597,1,inner_ring
2146,76.3114106177625,30.57306285722041,1,inner_ring
2147,76.49213287289521,30.806454764665215,1,inner_ring
2148,76.67038465351135,31.041738887946305,1,inner_ring
2149,76.84614614903634,31.27888907801958,1,inner_ring
2150,77.01939782566133,31.517878978449726,1,inner_ring
2151,77.19012042851406,31.758682028339393,1,inner_ring
2152,77.3582949837989,32.00127146528116,1,inner_ring
2153,77.52390280090555,32.24562032833181,1,inner_ring
2154,77.68692547448624,32.49170146100877,1,inner_ring
2155,77.8473448865013,32.73948751430822,1,inner_ring
2156,78.00514320823275,32.98895094974459,1,inner_ring
2157,78.16030290226576,33.24006404241112,1,inner_ring
2158,78.3128067244377,33.49279888406125,1,inner_ring
2159,78.46263772575472,33.74712738621018,1,inner_ring
2160,78.60977925427528,34.003021283256615,1,inner_ring
2161,78.7542149569609,34.26045213562417,1,inner_ring
2162,78.89592878149364,34.51939133292207,1,inner_ring
2163,79.03490497806004,34.779810097124866,1,inner_ring
2164,79.17112810110163,35.041679485770764,1,inner_ring
2165,79.30458301103138,35.30497039517824,1,inner_ring
2166,79.43525487591643,35.569653563680575,1,inner_ring
2167,79.56312917312641,35.83569957487795,1,inner_ring
2168,79.68819169094743,36.10307886090669,1,inner_ring
2169,79.81042853016163,36.37176170572542,1,inner_ring
2170,79.92982610559184,36.64171824841769,1,inner_ring
2171,80.04637114761145,36.91291848651055,1,inner_ring
2172,80.16005070361916,37.18533227930905,1,inner_ring
2173,80.27085213947848,37.458929351246034,1,inner_ring
2174,80.37876314092192,37.733679295246844,1,inner_ring
2175,80.48377171491953,38.00955157610878,1,inner_ring
2176,80.58586619101183,38.286515533894644,1,inner_ring
2177,80.68503522260679,38.56454038734033,1,inner_ring
2178,80.78126778824088,38.84359523727571,1,inner_ring
2179,80.87455319280402,39.12364907005875,1,inner_ring
2180,80.96488106872816,39.40467076102229,1,inner_ring
2181,81.05224137713955,39.68662907793322,1,inner_ring
2182,81.1366244089744,39.969492684463496,1,inner_ring
2183,81.218020786058,40.25323014367296,1,inner_ring
2184,81.29642146214694,40.53780992150296,1,inner_ring
2185,81.37181772393444,40.82320039028117,1,inner_ring
2186,81.44420119201887,41.10936983223654,1,inner_ring
2187,81.51356382183488,41.39628644302438,1,inner_ring
2188,81.57989790454758,41.68391833526104,1,inner_ring
2189,81.64319606790919,41.9722335420678,1,inner_ring
2190,81.70345127707841,42.26120002062361,1,inner_ring
2191,81.76065683540229,42.55078565572631,1,inner_ring
2192,81.81480638516042,42.84095826336177,1,inner_ring
2193,81.8658939082716,43.13168559428087,1,inner_ring
2194,81.91391372696262,43.42293533758349,1,inner_ring
2195,81.95886050439924,43.71467512430967,1,inner_ring
2196,82.00072924527943,44.00687253103684,1,inner_ring
2197,82.03951529638844,44.299495083483414,1,inner_ring
2198,82.07521434711599,44.592510260117876,1,inner_ring
2199,82.10782242993534,44.885885495773216,1,inner_ring
2200,82.13733592084421,45.179588185266084,1,inner_ring
2201,82.16375153976759,45.47358568702056,1,inner_ring
2202,82.18706635092225,45.76784532669579,1,inner_ring
2203,82.20727776314303,46.06233440081743,1,inner_ring
2204,82.22438353017078,46.357020180412185,1,inner_ring
2205,82.23838175090208,46.65186991464529,1,inner_ring
2206,82.24927086960045,46.94685083446036,1,inner_ring
2207,82.2570496760693,47.24193015622128,1,inner_ring
2208,82.2617173057864,47.53707508535577,1,inner_ring
2209,80.13190015031603,58.54738892622252,2,octagram
2210,80.13190015031603,58.54738892622252,2,octagram
2211,80.13190015031603,58.54738892622252,2,octagram
2212,79.73983859612788,58.66044373217082,2,octagram
2213,79.73983859612788,58.66044373217082,2,octagram
2214,79.34777704193974,58.77349853811912,2,octagram
2215,79.34777704193974,58.77349853811912,2,octagram
2216,78.95571548775159,58.88655334406743,2,octagram
2217,78.95571548775159,58.88655334406743,2,octagram
2218,78.95571548775159,58.88655334406743,2,octagram
2219,78.56365393356344,58.99960815001573,2,octagram
2220,78.56365393356344,58.99960815001573,2,octagram
2221,78.1715923793753,59.11266295596403,2,octagram
2222,78.1715923793753,59.11266295596403,2,octagram
2223,77.77953082518715,59.225717761912335,2,octagram
2224,77.77953082518715,59.225717761912335,2,octagram
2225,77.387469270999,59.338772567860644,2,octagram
2226,77.387469270999,59.338772567860644,2,octagram
2227,77.387469270999,59.338772567860644,2,octagram
2228,76.99540771681085,59.451827373808946,2,octagram
2229,76.99540771681085,59.451827373808946,2,octagram
2230,76.6033461626227,59.56488217975725,2,octagram
2231,76.6033461626227,59.56488217975725,2,octagram
2232,76.21128460843455,59.67793698570555,2,octagram
2233,76.21128460843455,59.67793698570555,2,octagram
2234,75.81922305424641,59.79099179165386,2,octagram
2235,75.81922305424641,59.79099179165386,2,octagram
2236,75.81922305424641,59.79099179165386,2,octagram
2237,75.42716150005826,59.90404659760216,2,octagram
2238,75.42716150005826,59.90404659760216,2,octagram
2239,75.03509994587012,60.01710140355046,2,octagram
2240,75.03509994587012,60.01710140355046,2,octagram
2241,74.64303839168197,60.130156209498764,2,octagram
2242,74.64303839168197,60.130156209498764,2,octagram
2243,74.25097683749382,60.24321101544707,2,octagram
2244,74.25097683749382,60.24321101544707,2,octagram
2245,74.25097683749382,60.24321101544707,2,octagram
2246,73.85891528330568,60.356265821395375,2,octagram
2247,73.85891528330568,60.356265821395375,2,octagram
2248,73.46685372911753,60.46932062734368,2,octagram
2249,73.46685372911753,60.46932062734368,2,octagram
2250,73.07479217492939,60.58237543329198,2,octagram
2251,73.07479217492939,60.58237543329198,2,octagram
2252,72.68273062074124,60.69543023924028,2,octagram
2253,72.68273062074124,60.69543023924028,2,octagram
2254,72.68273062074124,60.69543023924028,2,octagram
2255,72.2906690665531,60.80848504518859,2,octagram
2256,72.2906690665531,60.80848504518859,2,octagram
2257,71.89860751236495,60.92153985113689,2,octagram
2258,71.89860751236495,60.92153985113689,2,octagram
2259,71.5065459581768,61.034594657085194,2,octagram
2260,71.5065459581768,61.034594657085194,2,octagram
2261,71.11448440398866,61.147649463033495,2,octagram
2262,71.11448440398866,61.147649463033495,2,octagram
2263,71.11448440398866,61.147649463033495,2,octagram
2264,70.7224228498005,61.260704268981804,2,octagram
2265,70.7224228498005,61.260704268981804,2,octagram
2266,70.33036129561235,61.373759074930106,2,octagram
2267,70.33036129561235,61.373759074930106,2,octagram
2268,69.9382997414242,61.48681388087841,2,octagram
2269,69.9382997414242,61.48681388087841,2,octagram
2270,69.54623818723606,61.59986868682671,2,octagram
2271,69.54623818723606,61.59986868682671,2,octagram
2272,69.54623818723606,61.59986868682671,2,octagram
2273,69.15417663304791,61.71292349277502,2,octagram
2274,69.15417663304791,61.71292349277502,2,octagram
2275,68.76211507885976,61.82597829872332,2,octagram
2276,68.76211507885976,61.82597829872332,2,octagram
2277,68.37005352467162,61.93903310467162,2,octagram
2278,68.37005352467162,61.93903310467162,2,octagram
2279,68.25699871872331,62.33109465885977,2,octagram
2280,68.25699871872331,62.33109465885977,2,octagram
2281,68.25699871872331,62.33109465885977,2,octagram
2282,68.14394391277501,62.723156213047915,2,octagram
2283,68.14394391277501,62.723156213047915,2,octagram
2284,68.0308891068267,63.11521776723606,2,octagram
2285,68.0308891068267,63.11521776723606,2,octagram
2286,67.91783430087841,63.507279321424214,2,octagram
2287,67.91783430087841,63.507279321424214,2,octagram
2288,67.8047794949301,63.89934087561236,2,octagram
2289,67.8047794949301,63.89934087561236,2,octagram
2290,67.8047794949301,63.89934087561236,2,octagram
2291,67.6917246889818,64.2914024298005,2,octagram
2292,67.6917246889818,64.2914024298005,2,octagram
2293,67.5786698830335,64.68346398398864,2,octagram
2294,67.5786698830335,64.68346398398864,2,octagram
2295,67.46561507708519,65.0755255381768,2,octagram
2296,67.46561507708519,65.0755255381768,2,octagram
2297,67.3525602711369,65.46758709236495,2,octagram
2298,67.3525602711369,65.46758709236495,2,octagram
2299,67.3525602711369,65.46758709236495,2,octagram
2300,67.23950546518859,65.8596486465531,2,octagram
2301,67.23950546518859,65.8596486465531,2,octagram
2302,67.12645065924028,66.25171020074124,2,octagram
2303,67.12645065924028,66.25171020074124,2,octagram
2304,67.01339585329198,66.64377175492939,2,octagram
2305,67.01339585329198,66.64377175492939,2,octagram
2306,66.90034104734367,67.03583330911754,2,octagram
2307,66.90034104734367,67.03583330911754,2,octagram
2308,66.90034104734367,67.03583330911754,2,octagram
2309,66.78728624139538,67.42789486330568,2,octagram
2310,66.78728624139538,67.42789486330568,2,octagram
2311,66.67423143544707,67.81995641749383,2,octagram
2312,66.67423143544707,67.81995641749383,2,octagram
2313,66.56117662949876,68.21201797168197,2,octagram
2314,66.56117662949876,68.21201797168197,2,octagram
2315,66.44812182355047,68.60407952587012,2,octagram
2316,66.44812182355047,68.60407952587012,2,octagram
2317,66.44812182355047,68.60407952587012,2,octagram
2318,66.33506701760216,68.99614108005827,2,octagram
2319,66.33506701760216,68.99614108005827,2,octagram
2320,66.22201221165386,69.38820263424641,2,octagram
2321,66.22201221165386,69.38820263424641,2,octagram
2322,66.10895740570555,69.78026418843456,2,octagram
2323,66.10895740570555,69.78026418843456,2,octagram
2324,65.99590259975724,70.1723257426227,2,octagram
2325,65.99590259975724,70.1723257426227,2,octagram
2326,65.99590259975724,70.1723257426227,2,octagram
2327,65.88284779380895,70.56438729681085,2,octagram
2328,65.88284779380895,70.56438729681085,2,octagram
2329,65.76979298786064,70.95644885099901,2,octagram
2330,65.76979298786064,70.95644885099901,2,octagram
2331,65.65673818191235,71.34851040518716,2,octagram
2332,65.65673818191235,71.34851040518716,2,octagram
2333,65.54368337596404,71.7405719593753,2,octagram
2334,65.54368337596404,71.7405719593753,2,octagram
2335,65.54368337596404,71.7405719593753,2,octagram
2336,65.43062857001573,72.13263351356345,2,octagram
2337,65.43062857001573,72.13263351356345,2,octagram
2338,65.31757376406743,72.5246950677516,2,octagram
2339,65.31757376406743,72.5246950677516,2,octagram
2340,65.20451895811912,72.91675662193974,2,octagram
2341,65.20451895811912,72.91675662193974,2,octagram
2342,65.09146415217083,73.30881817612789,2,octagram
2343,65.09146415217083,73.30881817612789,2,octagram
2344,65.09146415217083,73.30881817612789,2,octagram
2345,64.97840934622252,73.70087973031603,2,octagram
2346,64.97840934622252,73.70087973031603,2,octagram
2347,64.62123814268178,73.50359216663882,2,octagram
2348,64.62123814268178,73.50359216663882,2,octagram
2349,64.26406693914102,73.30630460296163,2,octagram
2350,64.26406693914102,73.30630460296163,2,octagram
2351,63.906895735600266,73.10901703928442,2,octagram
2352,63.906895735600266,73.10901703928442,2,octagram
2353,63.906895735600266,73.10901703928442,2,octagram
2354,63.549724532059514,72.91172947560723,2,octagram
2355,63.549724532059514,72.91172947560723,2,octagram
2356,63.19255332851877,72.71444191193002,2,octagram
2357,63.19255332851877,72.71444191193002,2,octagram
2358,62.83538212497802,72.51715434825283,2,octagram
2359,62.83538212497802,72.51715434825283,2,octagram
2360,62.47821092143727,72.31986678457562,2,octagram
2361,62.47821092143727,72.31986678457562,2,octagram
2362,62.47821092143727,72.31986678457562,2,octagram
2363,62.121039717896515,72.12257922089842,2,octagram
2364,62.121039717896515,72.12257922089842,2,octagram
2365,61.763868514355764,71.92529165722122,2,octagram
2366,61.763868514355764,71.92529165722122,2,octagram
2367,61.40669731081501,71.72800409354402,2,octagram
2368,61.40669731081501,71.72800409354402,2,octagram
2369,61.04952610727426,71.53071652986682,2,octagram
2370,61.04952610727426,71.53071652986682,2,octagram
2371,61.04952610727426,71.53071652986682,2,octagram
2372,60.69235490373351,71.33342896618962,2,octagram
2373,60.69235490373351,71.33342896618962,2,octagram
2374,60.33518370019276,71.13614140251242,2,octagram
2375,60.33518370019276,71.13614140251242,2,octagram
2376,59.978012496652006,70.93885383883521,2,octagram
2377,59.978012496652006,70.93885383883521,2,octagram
2378,59.620841293111255,70.74156627515802,2,octagram
2379,59.620841293111255,70.74156627515802,2,octagram
2380,59.620841293111255,70.74156627515802,2,octagram
2381,59.26367008957051,70.54427871148081,2,octagram
2382,59.26367008957051,70.54427871148081,2,octagram
2383,58.90649888602976,70.3469911478036,2,octagram
2384,58.90649888602976,70.3469911478036,2,octagram
2385,58.54932768248901,70.14970358412641,2,octagram
2386,58.54932768248901,70.14970358412641,2,octagram
2387,58.192156478948256,69.9524160204492,2,octagram
2388,58.192156478948256,69.9524160204492,2,octagram
2389,58.192156478948256,69.9524160204492,2,octagram
2390,57.834985275407504,69.75512845677201,2,octagram
2391,57.834985275407504,69.75512845677201,2,octagram
2392,57.47781407186675,69.5578408930948,2,octagram
2393,57.47781407186675,69.5578408930948,2,octagram
2394,57.120642868326,69.36055332941761,2,octagram
2395,57.120642868326,69.36055332941761,2,octagram
2396,56.76347166478526,69.1632657657404,2,octagram
2397,56.76347166478526,69.1632657657404,2,octagram
2398,56.76347166478526,69.1632657657404,2,octagram
2399,56.4063004612445,68.9659782020632,2,octagram
2400,56.4063004612445,68.9659782020632,2,octagram
2401,56.049129257703754,68.768690638386,2,octagram
2402,56.049129257703754,68.768690638386,2,octagram
2403,55.691958054162995,68.5714030747088,2,octagram
2404,55.691958054162995,68.5714030747088,2,octagram
2405,55.33478685062225,68.3741155110316,2,octagram
2406,55.33478685062225,68.3741155110316,2,octagram
2407,55.33478685062225,68.3741155110316,2,octagram
2408,54.9776156470815,68.1768279473544,2,octagram
2409,54.9776156470815,68.1768279473544,2,octagram
2410,54.62044444354075,67.9795403836772,2,octagram
2411,54.62044444354075,67.9795403836772,2,octagram
2412,54.26327324,67.78225282,2,octagram
2413,54.26327324,67.78225282,2,octagram
2414,53.906102036459245,67.9795403836772,2,octagram
2415,53.906102036459245,67.9795403836772,2,octagram
2416,53.906102036459245,67.9795403836772,2,octagram
2417,53.548930832918494,68.1768279473544,2,octagram
2418,53.548930832918494,68.1768279473544,2,octagram
2419,53.19175962937774,68.3741155110316,2,octagram
2420,53.19175962937774,68.3741155110316,2,octagram
2421,52.834588425837,68.5714030747088,2,octagram
2422,52.834588425837,68.5714030747088,2,octagram
2423,52.477417222296246,68.768690638386,2,octagram
2424,52.477417222296246,68.768690638386,2,octagram
2425,52.477417222296246,68.768690638386,2,octagram
2426,52.120246018755495,68.9659782020632,2,octagram
2427,52.120246018755495,68.9659782020632,2,octagram
2428,51.76307481521474,69.1632657657404,2,octagram
2429,51.76307481521474,69.1632657657404,2,octagram
2430,51.40590361167399,69.36055332941761,2,octagram
2431,51.40590361167399,69.36055332941761,2,octagram
2432,51.04873240813325,69.5578408930948,2,octagram
2433,51.04873240813325,69.5578408930948,2,octagram
2434,51.04873240813325,69.5578408930948,2,octagram
2435,50.691561204592496,69.75512845677201,2,octagram
2436,50.691561204592496,69.75512845677201,2,octagram
2437,50.334390001051744,69.9524160204492,2,octagram
2438,50.334390001051744,69.9524160204492,2,octagram
2439,49.97721879751099,70.14970358412641,2,octagram
2440,49.97721879751099,70.14970358412641,2,octagram
2441,49.62004759397024,70.3469911478036,2,octagram
2442,49.62004759397024,70.3469911478036,2,octagram
2443,49.62004759397024,70.3469911478036,2,octagram
2444,49.26287639042949,70.54427871148081,2,octagram
2445,49.26287639042949,70.54427871148081,2,octagram
2446,48.90570518688874,70.74156627515802,2,octagram
2447,48.90570518688874,70.74156627515802,2,octagram
2448,48.548533983347994,70.93885383883521,2,octagram
2449,48.548533983347994,70.93885383883521,2,octagram
2450,48.19136277980724,71.13614140251242,2,octagram
2451,48.19136277980724,71.13614140251242,2,octagram
2452,48.19136277980724,71.13614140251242,2,octagram
2453,47.83419157626649,71.33342896618962,2,octagram
2454,47.83419157626649,71.33342896618962,2,octagram
2455,47.47702037272574,71.53071652986682,2,octagram
2456,47.47702037272574,71.53071652986682,2,octagram
2457,47.11984916918499,71.72800409354402,2,octagram
2458,47.11984916918499,71.72800409354402,2,octagram
2459,46.762677965644244,71.92529165722122,2,octagram
2460,46.762677965644244,71.92529165722122,2,octagram
2461,46.762677965644244,71.92529165722122,2,octagram
2462,46.40550676210349,72.12257922089842,2,octagram
2463,46.40550676210349,72.12257922089842,2,octagram
2464,46.04833555856274,72.31986678457562,2,octagram
2465,46.04833555856274,72.31986678457562,2,octagram
2466,45.69116435502199,72.51715434825283,2,octagram
2467,45.69116435502199,72.51715434825283,2,octagram
2468,45.33399315148124,72.71444191193002,2,octagram
2469,45.33399315148124,72.71444191193002,2,octagram
2470,45.33399315148124,72.71444191193002,2,octagram
2471,44.976821947940486,72.91172947560723,2,octagram
2472,44.976821947940486,72.91172947560723,2,octagram
2473,44.619650744399735,73.10901703928442,2,octagram
2474,44.619650744399735,73.10901703928442,2,octagram
2475,44.26247954085899,73.30630460296163,2,octagram
2476,44.26247954085899,73.30630460296163,2,octagram
2477,43.90530833731824,73.50359216663882,2,octagram
2478,43.90530833731824,73.50359216663882,2,octagram
2479,43.90530833731824,73.50359216663882,2,octagram
2480,43.54813713377749,73.70087973031603,2,octagram
2481,43.54813713377749,73.70087973031603,2,octagram
2482,43.435082327829186,73.30881817612789,2,octagram
2483,43.435082327829186,73.30881817612789,2,octagram
2484,43.32202752188088,72.91675662193974,2,octagram
2485,43.32202752188088,72.91675662193974,2,octagram
2486,43.208972715932575,72.5246950677516,2,octagram
2487,43.208972715932575,72.5246950677516,2,octagram
2488,43.208972715932575,72.5246950677516,2,octagram
2489,43.09591790998427,72.13263351356345,2,octagram
2490,43.09591790998427,72.13263351356345,2,octagram
2491,42.98286310403597,71.7405719593753,2,octagram
2492,42.98286310403597,71.7405719593753,2,octagram
2493,42.86980829808766,71.34851040518716,2,octagram
2494,42.86980829808766,71.34851040518716,2,octagram
2495,42.75675349213936,70.95644885099901,2,octagram
2496,42.75675349213936,70.95644885099901,2,octagram
2497,42.75675349213936,70.95644885099901,2,octagram
2498,42.64369868619106,70.56438729681085,2,octagram
2499,42.64369868619106,70.56438729681085,2,octagram
2500,42.530643880242756,70.1723257426227,2,octagram
2501,42.530643880242756,70.1723257426227,2,octagram
2502,42.41758907429445,69.78026418843456,2,octagram
2503,42.41758907429445,69.78026418843456,2,octagram
2504,42.304534268346146,69.38820263424641,2,octagram
2505,42.304534268346146,69.38820263424641,2,octagram
2506,42.304534268346146,69.38820263424641,2,octagram
2507,42.191479462397844,68.99614108005827,2,octagram
2508,42.191479462397844,68.99614108005827,2,octagram
2509,42.07842465644954,68.60407952587012,2,octagram
2510,42.07842465644954,68.60407952587012,2,octagram
2511,41.96536985050123,68.21201797168197,2,octagram
2512,41.96536985050123,68.21201797168197,2,octagram
2513,41.85231504455293,67.81995641749383,2,octagram
2514,41.85231504455293,67.81995641749383,2,octagram
2515,41.85231504455293,67.81995641749383,2,octagram
2516,41.73926023860463,67.42789486330568,2,octagram
2517,41.73926023860463,67.42789486330568,2,octagram
2518,41.62620543265632,67.03583330911754,2,octagram
2519,41.62620543265632,67.03583330911754,2,octagram
2520,41.51315062670802,66.64377175492939,2,octagram
2521,41.51315062670802,66.64377175492939,2,octagram
2522,41.40009582075972,66.25171020074124,2,octagram
2523,41.40009582075972,66.25171020074124,2,octagram
2524,41.40009582075972,66.25171020074124,2,octagram
2525,41.287041014811415,65.8596486465531,2,octagram
2526,41.287041014811415,65.8596486465531,2,octagram
2527,41.173986208863106,65.46758709236495,2,octagram
2528,41.173986208863106,65.46758709236495,2,octagram
2529,41.060931402914804,65.0755255381768,2,octagram
2530,41.060931402914804,65.0755255381768,2,octagram
2531,40.9478765969665,64.68346398398864,2,octagram
2532,40.9478765969665,64.68346398398864,2,octagram
2533,40.9478765969665,64.68346398398864,2,octagram
2534,40.8348217910182,64.2914024298005,2,octagram
2535,40.8348217910182,64.2914024298005,2,octagram
2536,40.72176698506989,63.89934087561235,2,octagram
2537,40.72176698506989,63.89934087561235,2,octagram
2538,40.60871217912159,63.50727932142421,2,octagram
2539,40.60871217912159,63.50727932142421,2,octagram
2540,40.49565737317329,63.11521776723606,2,octagram
2541,40.49565737317329,63.11521776723606,2,octagram
2542,40.49565737317329,63.11521776723606,2,octagram
2543,40.38260256722498,62.723156213047915,2,octagram
2544,40.38260256722498,62.723156213047915,2,octagram
2545,40.26954776127668,62.33109465885977,2,octagram
2546,40.26954776127668,62.33109465885977,2,octagram
2547,40.156492955328375,61.93903310467162,2,octagram
2548,40.156492955328375,61.93903310467162,2,octagram
2549,39.76443140114023,61.82597829872332,2,octagram
2550,39.76443140114023,61.82597829872332,2,octagram
2551,39.76443140114023,61.82597829872332,2,octagram
2552,39.37236984695208,61.71292349277502,2,octagram
2553,39.37236984695208,61.71292349277502,2,octagram
2554,38.98030829276394,61.59986868682671,2,octagram
2555,38.98030829276394,61.59986868682671,2,octagram
2556,38.58824673857579,61.48681388087841,2,octagram
2557,38.58824673857579,61.48681388087841,2,octagram
2558,38.19618518438764,61.373759074930106,2,octagram
2559,38.19618518438764,61.373759074930106,2,octagram
2560,38.19618518438764,61.373759074930106,2,octagram
2561,37.80412363019949,61.260704268981804,2,octagram
2562,37.80412363019949,61.260704268981804,2,octagram
2563,37.412062076011345,61.147649463033495,2,octagram
2564,37.412062076011345,61.147649463033495,2,octagram
2565,37.0200005218232,61.034594657085194,2,octagram
2566,37.0200005218232,61.034594657085194,2,octagram
2567,36.62793896763505,60.92153985113689,2,octagram
2568,36.62793896763505,60.92153985113689,2,octagram
2569,36.62793896763505,60.92153985113689,2,octagram
2570,36.23587741344691,60.80848504518859,2,octagram
2571,36.23587741344691,60.80848504518859,2,octagram
2572,35.84381585925876,60.69543023924028,2,octagram
2573,35.84381585925876,60.69543023924028,2,octagram
2574,35.451754305070615,60.58237543329198,2,octagram
2575,35.451754305070615,60.58237543329198,2,octagram
2576,35.05969275088246,60.46932062734368,2,octagram
2577,35.05969275088246,60.46932062734368,2,octagram
2578,35.05969275088246,60.46932062734368,2,octagram
2579,34.667631196694316,60.356265821395375,2,octagram
2580,34.667631196694316,60.356265821395375,2,octagram
2581,34.27556964250617,60.24321101544707,2,octagram
2582,34.27556964250617,60.24321101544707,2,octagram
2583,33.883508088318024,60.130156209498764,2,octagram
2584,33.883508088318024,60.130156209498764,2,octagram
2585,33.49144653412988,60.01710140355046,2,octagram
2586,33.49144653412988,60.01710140355046,2,octagram
2587,33.49144653412988,60.01710140355046,2,octagram
2588,33.09938497994173,59.90404659760216,2,octagram
2589,33.09938497994173,59.90404659760216,2,octagram
2590,32.707323425753586,59.79099179165386,2,octagram
2591,32.707323425753586,59.79099179165386,2,octagram
2592,32.31526187156544,59.67793698570555,2,octagram
2593,32.31526187156544,59.67793698570555,2,octagram
2594,31.92320031737729,59.56488217975725,2,octagram
2595,31.92320031737729,59.56488217975725,2,octagram
2596,31.92320031737729,59.56488217975725,2,octagram
2597,31.531138763189144,59.451827373808946,2,octagram
2598,31.531138763189144,59.451827373808946,2,octagram
2599,31.139077209000998,59.338772567860644,2,octagram
2600,31.139077209000998,59.338772567860644,2,octagram
2601,30.74701565481285,59.225717761912335,2,octagram
2602,30.74701565481285,59.225717761912335,2,octagram
2603,30.354954100624703,59.11266295596403,2,octagram
2604,30.354954100624703,59.11266295596403,2,octagram
2605,30.354954100624703,59.11266295596403,2,octagram
2606,29.962892546436557,58.99960815001573,2,octagram
2607,29.962892546436557,58.99960815001573,2,octagram
2608,29.57083099224841,58.88655334406743,2,octagram
2609,29.57083099224841,58.88655334406743,2,octagram
2610,29.178769438060264,58.77349853811912,2,octagram
2611,29.178769438060264,58.77349853811912,2,octagram
2612,28.786707883872115,58.66044373217082,2,octagram
2613,28.786707883872115,58.66044373217082,2,octagram
2614,28.786707883872115,58.66044373217082,2,octagram
2615,28.39464632968397,58.54738892622252,2,octagram
2616,28.39464632968397,58.54738892622252,2,octagram
2617,28.59193389336117,58.190217722681766,2,octagram
2618,28.59193389336117,58.190217722681766,2,octagram
2619,28.78922145703837,57.833046519141014,2,octagram
2620,28.78922145703837,57.833046519141014,2,octagram
2621,28.986509020715573,57.47587531560026,2,octagram
2622,28.986509020715573,57.47587531560026,2,octagram
2623,28.986509020715573,57.47587531560026,2,octagram
2624,29.183796584392773,57.11870411205952,2,octagram
2625,29.183796584392773,57.11870411205952,2,octagram
2626,29.381084148069974,56.76153290851877,2,octagram
2627,29.381084148069974,56.76153290851877,2,octagram
2628,29.578371711747174,56.404361704978015,2,octagram
2629,29.578371711747174,56.404361704978015,2,octagram
2630,29.775659275424378,56.047190501437264,2,octagram
2631,29.775659275424378,56.047190501437264,2,octagram
2632,29.775659275424378,56.047190501437264,2,octagram
2633,29.972946839101578,55.69001929789651,2,octagram
2634,29.972946839101578,55.69001929789651,2,octagram
2635,30.170234402778778,55.33284809435576,2,octagram
2636,30.170234402778778,55.33284809435576,2,octagram
2637,30.36752196645598,54.97567689081501,2,octagram
2638,30.36752196645598,54.97567689081501,2,octagram
2639,30.564809530133182,54.618505687274265,2,octagram
2640,30.564809530133182,54.618505687274265,2,octagram
2641,30.564809530133182,54.618505687274265,2,octagram
2642,30.762097093810382,54.26133448373351,2,octagram
2643,30.762097093810382,54.26133448373351,2,octagram
2644,30.959384657487583,53.90416328019276,2,octagram
2645,30.959384657487583,53.90416328019276,2,octagram
2646,31.156672221164783,53.54699207665201,2,octagram
2647,31.156672221164783,53.54699207665201,2,octagram
2648,31.353959784841983,53.18982087311126,2,octagram
2649,31.353959784841983,53.18982087311126,2,octagram
2650,31.353959784841983,53.18982087311126,2,octagram
2651,31.551247348519187,52.83264966957051,2,octagram
2652,31.551247348519187,52.83264966957051,2,octagram
2653,31.748534912196387,52.475478466029756,2,octagram
2654,31.748534912196387,52.475478466029756,2,octagram
2655,31.945822475873587,52.118307262489004,2,octagram
2656,31.945822475873587,52.118307262489004,2,octagram
2657,32.14311003955079,51.76113605894826,2,octagram
2658,32.14311003955079,51.76113605894826,2,octagram
2659,32.14311003955079,51.76113605894826,2,octagram
2660,32.34039760322799,51.40396485540751,2,octagram
2661,32.34039760322799,51.40396485540751,2,octagram
2662,32.53768516690519,51.04679365186676,2,octagram
2663,32.53768516690519,51.04679365186676,2,octagram
2664,32.73497273058239,50.689622448326006,2,octagram
2665,32.73497273058239,50.689622448326006,2,octagram
2666,32.93226029425959,50.332451244785254,2,octagram
2667,32.93226029425959,50.332451244785254,2,octagram
2668,32.93226029425959,50.332451244785254,2,octagram
2669,33.12954785793679,49.9752800412445,2,octagram
2670,33.12954785793679,49.9752800412445,2,octagram
2671,33.32683542161399,49.61810883770375,2,octagram
2672,33.32683542161399,49.61810883770375,2,octagram
2673,33.5241229852912,49.260937634163,2,octagram
2674,33.5241229852912,49.260937634163,2,octagram
2675,33.7214105489684,48.903766430622255,2,octagram
2676,33.7214105489684,48.903766430622255,2,octagram
2677,33.7214105489684,48.903766430622255,2,octagram
2678,33.9186981126456,48.546595227081504,2,octagram
2679,33.9186981126456,48.546595227081504,2,octagram
2680,34.1159856763228,48.18942402354075,2,octagram
2681,34.1159856763228,48.18942402354075,2,octagram
2682,34.31327324,47.83225282,2,octagram
2683,34.31327324,47.83225282,2,octagram
2684,34.1159856763228,47.47508161645925,2,octagram
2685,34.1159856763228,47.47508161645925,2,octagram
2686,34.1159856763228,47.47508161645925,2,octagram
2687,33.9186981126456,47.1179104129185,2,octagram
2688,33.9186981126456,47.1179104129185,2,octagram
2689,33.7214105489684,46.760739209377746,2,octagram
2690,33.7214105489684,46.760739209377746,2,octagram
2691,33.52412298529119,46.403568005837,2,octagram
2692,33.52412298529119,46.403568005837,2,octagram
2693,33.32683542161399,46.04639680229625,2,octagram
2694,33.32683542161399,46.04639680229625,2,octagram
2695,33.32683542161399,46.04639680229625,2,octagram
2696,33.12954785793679,45.6892255987555,2,octagram
2697,33.12954785793679,45.6892255987555,2,octagram
2698,32.93226029425959,45.33205439521475,2,octagram
2699,32.93226029425959,45.33205439521475,2,octagram
2700,32.73497273058239,44.974883191673996,2,octagram
2701,32.73497273058239,44.974883191673996,2,octagram
2702,32.53768516690519,44.61771198813325,2,octagram
2703,32.53768516690519,44.61771198813325,2,octagram
2704,32.53768516690519,44.61771198813325,2,octagram
2705,32.34039760322799,44.2605407845925,2,octagram
2706,32.34039760322799,44.2605407845925,2,octagram
2707,32.14311003955079,43.90336958105175,2,octagram
2708,32.14311003955079,43.90336958105175,2,octagram
2709,31.945822475873587,43.546198377511,2,octagram
2710,31.945822475873587,43.546198377511,2,octagram
2711,31.748534912196384,43.189027173970246,2,octagram
2712,31.748534912196384,43.189027173970246,2,octagram
2713,31.748534912196384,43.189027173970246,2,octagram
2714,31.551247348519183,42.831855970429494,2,octagram
2715,31.551247348519183,42.831855970429494,2,octagram
2716,31.353959784841983,42.47468476688874,2,octagram
2717,31.353959784841983,42.47468476688874,2,octagram
2718,31.156672221164783,42.117513563348,2,octagram
2719,31.156672221164783,42.117513563348,2,octagram
2720,30.959384657487583,41.76034235980725,2,octagram
2721,30.959384657487583,41.76034235980725,2,octagram
2722,30.959384657487583,41.76034235980725,2,octagram
2723,30.76209709381038,41.403171156266495,2,octagram
2724,30.76209709381038,41.403171156266495,2,octagram
2725,30.56480953013318,41.045999952725744,2,octagram
2726,30.56480953013318,41.045999952725744,2,octagram
2727,30.36752196645598,40.68882874918499,2,octagram
2728,30.36752196645598,40.68882874918499,2,octagram
2729,30.170234402778775,40.33165754564425,2,octagram
2730,30.170234402778775,40.33165754564425,2,octagram
2731,30.170234402778775,40.33165754564425,2,octagram
2732,29.972946839101574,39.974486342103496,2,octagram
2733,29.972946839101574,39.974486342103496,2,octagram
2734,29.775659275424374,39.617315138562745,2,octagram
2735,29.775659275424374,39.617315138562745,2,octagram
2736,29.578371711747174,39.26014393502199,2,octagram
2737,29.578371711747174,39.26014393502199,2,octagram
2738,29.38108414806997,38.90297273148124,2,octagram
2739,29.38108414806997,38.90297273148124,2,octagram
2740,29.38108414806997,38.90297273148124,2,octagram
2741,29.18379658439277,38.54580152794049,2,octagram
2742,29.18379658439277,38.54580152794049,2,octagram
2743,28.98650902071557,38.18863032439974,2,octagram
2744,28.98650902071557,38.18863032439974,2,octagram
2745,28.789221457038366,37.831459120858995,2,octagram
2746,28.789221457038366,37.831459120858995,2,octagram
2747,28.591933893361166,37.47428791731824,2,octagram
2748,28.591933893361166,37.47428791731824,2,octagram
2749,28.591933893361166,37.47428791731824,2,octagram
2750,28.394646329683965,37.11711671377749,2,octagram
2751,28.394646329683965,37.11711671377749,2,octagram
2752,28.78670788387211,37.00406190782919,2,octagram
2753,28.78670788387211,37.00406190782919,2,octagram
2754,29.17876943806026,36.89100710188088,2,octagram
2755,29.17876943806026,36.89100710188088,2,octagram
2756,29.570830992248407,36.77795229593258,2,octagram
2757,29.570830992248407,36.77795229593258,2,octagram
2758,29.570830992248407,36.77795229593258,2,octagram
2759,29.962892546436553,36.66489748998428,2,octagram
2760,29.962892546436553,36.66489748998428,2,octagram
2761,30.3549541006247,36.551842684035975,2,octagram
2762,30.3549541006247,36.551842684035975,2,octagram
2763,30.74701565481285,36.438787878087666,2,octagram
2764,30.74701565481285,36.438787878087666,2,octagram
2765,31.139077209000995,36.325733072139364,2,octagram
2766,31.139077209000995,36.325733072139364,2,octagram
2767,31.139077209000995,36.325733072139364,2,octagram
2768,31.53113876318914,36.21267826619106,2,octagram
2769,31.53113876318914,36.21267826619106,2,octagram
2770,31.923200317377287,36.09962346024276,2,octagram
2771,31.923200317377287,36.09962346024276,2,octagram
2772,32.31526187156543,35.98656865429445,2,octagram
2773,32.31526187156543,35.98656865429445,2,octagram
2774,32.70732342575358,35.87351384834615,2,octagram
2775,32.70732342575358,35.87351384834615,2,octagram
2776,32.70732342575358,35.87351384834615,2,octagram
2777,33.09938497994173,35.76045904239785,2,octagram
2778,33.09938497994173,35.76045904239785,2,octagram
2779,33.49144653412988,35.647404236449546,2,octagram
2780,33.49144653412988,35.647404236449546,2,octagram
2781,33.883508088318024,35.53434943050124,2,octagram
2782,33.883508088318024,35.53434943050124,2,octagram
2783,34.27556964250617,35.421294624552935,2,octagram
2784,34.27556964250617,35.421294624552935,2,octagram
2785,34.27556964250617,35.421294624552935,2,octagram
2786,34.667631196694316,35.30823981860463,2,octagram
2787,34.667631196694316,35.30823981860463,2,octagram
2788,35.05969275088246,35.195185012656324,2,octagram
2789,35.05969275088246,35.195185012656324,2,octagram
2790,35.45175430507061,35.08213020670802,2,octagram
2791,35.45175430507061,35.08213020670802,2,octagram
2792,35.843815859258754,34.96907540075972,2,octagram
2793,35.843815859258754,34.96907540075972,2,octagram
2794,35.843815859258754,34.96907540075972,2,octagram
2795,36.23587741344691,34.85602059481142,2,octagram
2796,36.23587741344691,34.85602059481142,2,octagram
2797,36.62793896763505,34.74296578886311,2,octagram
2798,36.62793896763505,34.74296578886311,2,octagram
2799,37.0200005218232,34.62991098291481,2,octagram
2800,37.0200005218232,34.62991098291481,2,octagram
2801,37.412062076011345,34.516856176966506,2,octagram
2802,37.412062076011345,34.516856176966506,2,octagram
2803,37.412062076011345,34.516856176966506,2,octagram
2804,37.80412363019949,34.403801371018204,2,octagram
2805,37.80412363019949,34.403801371018204,2,octagram
2806,38.196185184387645,34.290746565069895,2,octagram
2807,38.196185184387645,34.290746565069895,2,octagram
2808,38.58824673857579,34.17769175912159,2,octagram
2809,38.58824673857579,34.17769175912159,2,octagram
2810,38.98030829276394,34.06463695317329,2,octagram
2811,38.98030829276394,34.06463695317329,2,octagram
2812,38.98030829276394,34.06463695317329,2,octagram
2813,39.37236984695208,33.95158214722498,2,octagram
2814,39.37236984695208,33.95158214722498,2,octagram
2815,39.76443140114023,33.83852734127668,2,octagram
2816,39.76443140114023,33.83852734127668,2,octagram
2817,40.156492955328375,33.72547253532838,2,octagram
2818,40.156492955328375,33.72547253532838,2,octagram
2819,40.26954776127668,33.33341098114023,2,octagram
2820,40.26954776127668,33.33341098114023,2,octagram
2821,40.26954776127668,33.33341098114023,2,octagram
2822,40.38260256722498,32.94134942695209,2,octagram
2823,40.38260256722498,32.94134942695209,2,octagram
2824,40.49565737317329,32.54928787276394,2,octagram
2825,40.49565737317329,32.54928787276394,2,octagram
2826,40.60871217912159,32.157226318575795,2,octagram
2827,40.60871217912159,32.157226318575795,2,octagram
2828,40.72176698506989,31.765164764387645,2,octagram
2829,40.72176698506989,31.765164764387645,2,octagram
2830,40.72176698506989,31.765164764387645,2,octagram
2831,40.83482179101819,31.3731032101995,2,octagram
2832,40.83482179101819,31.3731032101995,2,octagram
2833,40.947876596966495,30.981041656011353,2,octagram
2834,40.947876596966495,30.981041656011353,2,octagram
2835,41.0609314029148,30.588980101823203,2,octagram
2836,41.0609314029148,30.588980101823203,2,octagram
2837,41.1739862088631,30.196918547635057,2,octagram
2838,41.1739862088631,30.196918547635057,2,octagram
2839,41.1739862088631,30.196918547635057,2,octagram
2840,41.28704101481141,29.80485699344691,2,octagram
2841,41.28704101481141,29.80485699344691,2,octagram
2842,41.40009582075971,29.412795439258765,2,octagram
2843,41.40009582075971,29.412795439258765,2,octagram
2844,41.51315062670801,29.02073388507062,2,octagram
2845,41.51315062670801,29.02073388507062,2,octagram
2846,41.62620543265631,28.62867233088247,2,octagram
2847,41.62620543265631,28.62867233088247,2,octagram
2848,41.62620543265631,28.62867233088247,2,octagram
2849,41.739260238604615,28.236610776694324,2,octagram
2850,41.739260238604615,28.236610776694324,2,octagram
2851,41.852315044552924,27.844549222506178,2,octagram
2852,41.852315044552924,27.844549222506178,2,octagram
2853,41.965369850501226,27.45248766831803,2,octagram
2854,41.965369850501226,27.45248766831803,2,octagram
2855,42.07842465644953,27.060426114129886,2,octagram
2856,42.07842465644953,27.060426114129886,2,octagram
2857,42.07842465644953,27.060426114129886,2,octagram
2858,42.19147946239783,26.668364559941736,2,octagram
2859,42.19147946239783,26.668364559941736,2,octagram
2860,42.30453426834613,26.27630300575359,2,octagram
2861,42.30453426834613,26.27630300575359,2,octagram
2862,42.41758907429443,25.884241451565444,2,octagram
2863,42.41758907429443,25.884241451565444,2,octagram
2864,42.530643880242735,25.492179897377298,2,octagram
2865,42.530643880242735,25.492179897377298,2,octagram
2866,42.530643880242735,25.492179897377298,2,octagram
2867,42.643698686191044,25.100118343189152,2,octagram
2868,42.643698686191044,25.100118343189152,2,octagram
2869,42.756753492139346,24.708056789001006,2,octagram
2870,42.756753492139346,24.708056789001006,2,octagram
2871,42.86980829808765,24.315995234812856,2,octagram
2872,42.86980829808765,24.315995234812856,2,octagram
2873,42.98286310403595,23.92393368062471,2,octagram
2874,42.98286310403595,23.92393368062471,2,octagram
2875,42.98286310403595,23.92393368062471,2,octagram
2876,43.09591790998425,23.53187212643656,2,octagram
2877,43.09591790998425,23.53187212643656,2,octagram
2878,43.20897271593256,23.139810572248415,2,octagram
2879,43.20897271593256,23.139810572248415,2,octagram
2880,43.32202752188086,22.74774901806027,2,octagram
2881,43.32202752188086,22.74774901806027,2,octagram
2882,43.435082327829164,22.355687463872123,2,octagram
2883,43.435082327829164,22.355687463872123,2,octagram
2884,43.435082327829164,22.355687463872123,2,octagram
2885,43.548137133777466,21.963625909683977,2,octagram
2886,43.548137133777466,21.963625909683977,2,octagram
2887,43.90530833731822,22.160913473361177,2,octagram
2888,43.90530833731822,22.160913473361177,2,octagram
2889,44.26247954085897,22.358201037038377,2,octagram
2890,44.26247954085897,22.358201037038377,2,octagram
2891,44.61965074439972,22.555488600715577,2,octagram
2892,44.61965074439972,22.555488600715577,2,octagram
2893,44.61965074439972,22.555488600715577,2,octagram
2894,44.97682194794047,22.75277616439278,2,octagram
2895,44.97682194794047,22.75277616439278,2,octagram
2896,45.33399315148122,22.95006372806998,2,octagram
2897,45.33399315148122,22.95006372806998,2,octagram
2898,45.69116435502197,23.14735129174718,2,octagram
2899,45.69116435502197,23.14735129174718,2,octagram
2900,46.04833555856272,23.34463885542438,2,octagram
2901,46.04833555856272,23.34463885542438,2,octagram
2902,46.04833555856272,23.34463885542438,2,octagram
2903,46.40550676210347,23.541926419101582,2,octagram
2904,46.40550676210347,23.541926419101582,2,octagram
2905,46.76267796564422,23.739213982778786,2,octagram
2906,46.76267796564422,23.739213982778786,2,octagram
2907,47.119849169184974,23.936501546455986,2,octagram
2908,47.119849169184974,23.936501546455986,2,octagram
2909,47.477020372725725,24.133789110133186,2,octagram
2910,47.477020372725725,24.133789110133186,2,octagram
2911,47.477020372725725,24.133789110133186,2,octagram
2912,47.83419157626648,24.331076673810387,2,octagram
2913,47.83419157626648,24.331076673810387,2,octagram
2914,48.19136277980723,24.528364237487587,2,octagram
2915,48.19136277980723,24.528364237487587,2,octagram
2916,48.54853398334798,24.725651801164787,2,octagram
2917,48.54853398334798,24.725651801164787,2,octagram
2918,48.905705186888724,24.922939364841987,2,octagram
2919,48.905705186888724,24.922939364841987,2,octagram
2920,48.905705186888724,24.922939364841987,2,octagram
2921,49.262876390429476,25.12022692851919,2,octagram
2922,49.262876390429476,25.12022692851919,2,octagram
2923,49.62004759397023,25.31751449219639,2,octagram
2924,49.62004759397023,25.31751449219639,2,octagram
2925,49.97721879751098,25.51480205587359,2,octagram
2926,49.97721879751098,25.51480205587359,2,octagram
2927,50.33439000105173,25.71208961955079,2,octagram
2928,50.33439000105173,25.71208961955079,2,octagram
2929,50.33439000105173,25.71208961955079,2,octagram
2930,50.69156120459248,25.909377183227992,2,octagram
2931,50.69156120459248,25.909377183227992,2,octagram
2932,51.04873240813323,26.106664746905196,2,octagram
2933,51.04873240813323,26.106664746905196,2,octagram
2934,51.405903611673985,26.303952310582396,2,octagram
2935,51.405903611673985,26.303952310582396,2,octagram
2936,51.763074815214736,26.501239874259596,2,octagram
2937,51.763074815214736,26.501239874259596,2,octagram
2938,51.763074815214736,26.501239874259596,2,octagram
2939,52.12024601875549,26.698527437936797,2,octagram
2940,52.12024601875549,26.698527437936797,2,octagram
2941,52.47741722229624,26.895815001613997,2,octagram
2942,52.47741722229624,26.895815001613997,2,octagram
2943,52.834588425836984,27.093102565291197,2,octagram
2944,52.834588425836984,27.093102565291197,2,octagram
2945,53.191759629377735,27.290390128968397,2,octagram
2946,53.191759629377735,27.290390128968397,2,octagram
2947,53.191759629377735,27.290390128968397,2,octagram
2948,53.54893083291849,27.4876776926456,2,octagram
2949,53.54893083291849,27.4876776926456,2,octagram
2950,53.90610203645924,27.6849652563228,2,octagram
2951,53.90610203645924,27.6849652563228,2,octagram
2952,54.26327323999999,27.88225282,2,octagram
2953,54.26327323999999,27.88225282,2,octagram
2954,54.62044444354074,27.6849652563228,2,octagram
2955,54.62044444354074,27.6849652563228,2,octagram
2956,54.62044444354074,27.6849652563228,2,octagram
2957,54.97761564708149,27.4876776926456,2,octagram
2958,54.97761564708149,27.4876776926456,2,octagram
2959,55.334786850622244,27.290390128968397,2,octagram
2960,55.334786850622244,27.290390128968397,2,octagram
2961,55.691958054162995,27.093102565291197,2,octagram
2962,55.691958054162995,27.093102565291197,2,octagram
2963,56.04912925770375,26.895815001613997,2,octagram
2964,56.04912925770375,26.895815001613997,2,octagram
2965,56.04912925770375,26.895815001613997,2,octagram
2966,56.4063004612445,26.698527437936797,2,octagram
2967,56.4063004612445,26.698527437936797,2,octagram
2968,56.76347166478525,26.501239874259596,2,octagram
2969,56.76347166478525,26.501239874259596,2,octagram
2970,57.120642868325994,26.303952310582396,2,octagram
2971,57.120642868325994,26.303952310582396,2,octagram
2972,57.477814071866746,26.106664746905196,2,octagram
2973,57.477814071866746,26.106664746905196,2,octagram
2974,57.477814071866746,26.106664746905196,2,octagram
2975,57.8349852754075,25.909377183227992,2,octagram
2976,57.8349852754075,25.909377183227992,2,octagram
2977,58.19215647894825,25.71208961955079,2,octagram
2978,58.19215647894825,25.71208961955079,2,octagram
2979,58.549327682489,25.51480205587359,2,octagram
2980,58.549327682489,25.51480205587359,2,octagram
2981,58.90649888602975,25.31751449219639,2,octagram
2982,58.90649888602975,25.31751449219639,2,octagram
2983,58.90649888602975,25.31751449219639,2,octagram
2984,59.2636700895705,25.12022692851919,2,octagram
2985,59.2636700895705,25.12022692851919,2,octagram
2986,59.620841293111255,24.922939364841987,2,octagram
2987,59.620841293111255,24.922939364841987,2,octagram
2988,59.978012496652006,24.725651801164787,2,octagram
2989,59.978012496652006,24.725651801164787,2,octagram
2990,60.33518370019276,24.528364237487587,2,octagram
2991,60.33518370019276,24.528364237487587,2,octagram
2992,60.33518370019276,24.528364237487587,2,octagram
2993,60.69235490373351,24.331076673810387,2,octagram
2994,60.69235490373351,24.331076673810387,2,octagram
2995,61.04952610727426,24.133789110133186,2,octagram
2996,61.04952610727426,24.133789110133186,2,octagram
2997,61.40669731081501,23.936501546455986,2,octagram
2998,61.40669731081501,23.936501546455986,2,octagram
2999,61.763868514355764,23.739213982778786,2,octagram
3000,61.763868514355764,23.739213982778786,2,octagram
3001,61.763868514355764,23.739213982778786,2,octagram
3002,62.12103971789651,23.541926419101586,2,octagram
3003,62.12103971789651,23.541926419101586,2,octagram
3004,62.47821092143727,23.34463885542438,2,octagram
3005,62.47821092143727,23.34463885542438,2,octagram
3006,62.83538212497801,23.14735129174718,2,octagram
3007,62.83538212497801,23.14735129174718,2,octagram
3008,63.19255332851877,22.95006372806998,2,octagram
3009,63.19255332851877,22.95006372806998,2,octagram
3010,63.19255332851877,22.95006372806998,2,octagram
3011,63.549724532059514,22.752776164392778,2,octagram
3012,63.549724532059514,22.752776164392778,2,octagram
3013,63.906895735600266,22.555488600715577,2,octagram
3014,63.906895735600266,22.555488600715577,2,octagram
3015,64.26406693914102,22.358201037038377,2,octagram
3016,64.26406693914102,22.358201037038377,2,octagram
3017,64.62123814268176,22.160913473361177,2,octagram
3018,64.62123814268176,22.160913473361177,2,octagram
3019,64.62123814268176,22.160913473361177,2,octagram
3020,64.97840934622252,21.963625909683977,2,octagram
3021,64.97840934622252,21.963625909683977,2,octagram
3022,65.09146415217083,22.355687463872123,2,octagram
3023,65.09146415217083,22.355687463872123,2,octagram
3024,65.20451895811912,22.747749018060272,2,octagram
3025,65.20451895811912,22.747749018060272,2,octagram
3026,65.31757376406743,23.139810572248418,2,octagram
3027,65.31757376406743,23.139810572248418,2,octagram
3028,65.31757376406743,23.139810572248418,2,octagram
3029,65.43062857001574,23.531872126436564,2,octagram
3030,65.43062857001574,23.531872126436564,2,octagram
3031,65.54368337596404,23.92393368062471,2,octagram
3032,65.54368337596404,23.92393368062471,2,octagram
3033,65.65673818191235,24.31599523481286,2,octagram
3034,65.65673818191235,24.31599523481286,2,octagram
3035,65.76979298786064,24.708056789001006,2,octagram
3036,65.76979298786064,24.708056789001006,2,octagram
3037,65.76979298786064,24.708056789001006,2,octagram
3038,65.88284779380895,25.100118343189152,2,octagram
3039,65.88284779380895,25.100118343189152,2,octagram
3040,65.99590259975726,25.492179897377298,2,octagram
3041,65.99590259975726,25.492179897377298,2,octagram
3042,66.10895740570555,25.884241451565448,2,octagram
3043,66.10895740570555,25.884241451565448,2,octagram
3044,66.22201221165386,26.276303005753594,2,octagram
3045,66.22201221165386,26.276303005753594,2,octagram
3046,66.22201221165386,26.276303005753594,2,octagram
3047,66.33506701760217,26.66836455994174,2,octagram
3048,66.33506701760217,26.66836455994174,2,octagram
3049,66.44812182355047,27.06042611412989,2,octagram
3050,66.44812182355047,27.06042611412989,2,octagram
3051,66.56117662949877,27.452487668318035,2,octagram
3052,66.56117662949877,27.452487668318035,2,octagram
3053,66.67423143544707,27.84454922250618,2,octagram
3054,66.67423143544707,27.84454922250618,2,octagram
3055,66.67423143544707,27.84454922250618,2,octagram
3056,66.78728624139538,28.236610776694327,2,octagram
3057,66.78728624139538,28.236610776694327,2,octagram
3058,66.90034104734369,28.628672330882473,2,octagram
3059,66.90034104734369,28.628672330882473,2,octagram
3060,67.01339585329198,29.020733885070623,2,octagram
3061,67.01339585329198,29.020733885070623,2,octagram
3062,67.12645065924029,29.41279543925877,2,octagram
3063,67.12645065924029,29.41279543925877,2,octagram
3064,67.12645065924029,29.41279543925877,2,octagram
3065,67.2395054651886,29.804856993446915,2,octagram
3066,67.2395054651886,29.804856993446915,2,octagram
3067,67.3525602711369,30.196918547635065,2,octagram
3068,67.3525602711369,30.196918547635065,2,octagram
3069,67.4656150770852,30.58898010182321,2,octagram
3070,67.4656150770852,30.58898010182321,2,octagram
3071,67.57866988303351,30.981041656011357,2,octagram
3072,67.57866988303351,30.981041656011357,2,octagram
3073,67.57866988303351,30.981041656011357,2,octagram
3074,67.69172468898181,31.373103210199503,2,octagram
3075,67.69172468898181,31.373103210199503,2,octagram
3076,67.80477949493012,31.765164764387652,2,octagram
3077,67.80477949493012,31.765164764387652,2,octagram
3078,67.91783430087841,32.157226318575795,2,octagram
3079,67.91783430087841,32.157226318575795,2,octagram
3080,68.03088910682672,32.54928787276395,2,octagram
3081,68.03088910682672,32.54928787276395,2,octagram
3082,68.03088910682672,32.54928787276395,2,octagram
3083,68.14394391277503,32.941349426952094,2,octagram
3084,68.14394391277503,32.941349426952094,2,octagram
3085,68.25699871872332,33.33341098114024,2,octagram
3086,68.25699871872332,33.33341098114024,2,octagram
3087,68.37005352467163,33.725472535328386,2,octagram
3088,68.37005352467163,33.725472535328386,2,octagram
3089,68.76211507885978,33.83852734127669,2,octagram
3090,68.76211507885978,33.83852734127669,2,octagram
3091,68.76211507885978,33.83852734127669,2,octagram
3092,69.15417663304792,33.95158214722499,2,octagram
3093,69.15417663304792,33.95158214722499,2,octagram
3094,69.54623818723607,34.06463695317329,2,octagram
3095,69.54623818723607,34.06463695317329,2,octagram
3096,69.93829974142422,34.1776917591216,2,octagram
3097,69.93829974142422,34.1776917591216,2,octagram
3098,70.33036129561236,34.2907465650699,2,octagram
3099,70.33036129561236,34.2907465650699,2,octagram
3100,70.33036129561236,34.2907465650699,2,octagram
3101,70.72242284980051,34.403801371018204,2,octagram
3102,70.72242284980051,34.403801371018204,2,octagram
3103,71.11448440398866,34.516856176966506,2,octagram
3104,71.11448440398866,34.516856176966506,2,octagram
3105,71.5065459581768,34.62991098291481,2,octagram
3106,71.5065459581768,34.62991098291481,2,octagram
3107,71.89860751236495,34.74296578886311,2,octagram
3108,71.89860751236495,34.74296578886311,2,octagram
3109,71.89860751236495,34.74296578886311,2,octagram
3110,72.2906690665531,34.85602059481141,2,octagram
3111,72.2906690665531,34.85602059481141,2,octagram
3112,72.68273062074124,34.96907540075971,2,octagram
3113,72.68273062074124,34.96907540075971,2,octagram
3114,73.07479217492939,35.08213020670802,2,octagram
3115,73.07479217492939,35.08213020670802,2,octagram
3116,73.46685372911753,35.195185012656324,2,octagram
3117,73.46685372911753,35.195185012656324,2,octagram
3118,73.46685372911753,35.195185012656324,2,octagram
3119,73.85891528330569,35.308239818604626,2,octagram
3120,73.85891528330569,35.308239818604626,2,octagram
3121,74.25097683749382,35.42129462455293,2,octagram
3122,74.25097683749382,35.42129462455293,2,octagram
3123,74.64303839168198,35.53434943050123,2,octagram
3124,74.64303839168198,35.53434943050123,2,octagram
3125,75.03509994587013,35.64740423644953,2,octagram
3126,75.03509994587013,35.64740423644953,2,octagram
3127,75.03509994587013,35.64740423644953,2,octagram
3128,75.42716150005828,35.760459042397834,2,octagram
3129,75.42716150005828,35.760459042397834,2,octagram
3130,75.81922305424642,35.873513848346136,2,octagram
3131,75.81922305424642,35.873513848346136,2,octagram
3132,76.21128460843457,35.986568654294445,2,octagram
3133,76.21128460843457,35.986568654294445,2,octagram
3134,76.60334616262271,36.099623460242746,2,octagram
3135,76.60334616262271,36.099623460242746,2,octagram
3136,76.60334616262271,36.099623460242746,2,octagram
3137,76.99540771681086,36.21267826619105,2,octagram
3138,76.99540771681086,36.21267826619105,2,octagram
3139,77.387469270999,36.32573307213935,2,octagram
3140,77.387469270999,36.32573307213935,2,octagram
3141,77.77953082518715,36.43878787808765,2,octagram
3142,77.77953082518715,36.43878787808765,2,octagram
3143,78.1715923793753,36.551842684035954,2,octagram
3144,78.1715923793753,36.551842684035954,2,octagram
3145,78.1715923793753,36.551842684035954,2,octagram
3146,78.56365393356344,36.664897489984256,2,octagram
3147,78.56365393356344,36.664897489984256,2,octagram
3148,78.95571548775159,36.777952295932565,2,octagram
3149,78.95571548775159,36.777952295932565,2,octagram
3150,79.34777704193974,36.89100710188087,2,octagram
3151,79.34777704193974,36.89100710188087,2,octagram
3152,79.73983859612788,37.00406190782917,2,octagram
3153,79.73983859612788,37.00406190782917,2,octagram
3154,79.73983859612788,37.00406190782917,2,octagram
3155,80.13190015031603,37.11711671377747,2,octagram
3156,80.13190015031603,37.11711671377747,2,octagram
3157,79.93461258663882,37.47428791731822,2,octagram
3158,79.93461258663882,37.47428791731822,2,octagram
3159,79.73732502296163,37.83145912085897,2,octagram
3160,79.73732502296163,37.83145912085897,2,octagram
3161,79.54003745928442,38.188630324399725,2,octagram
3162,79.54003745928442,38.188630324399725,2,octagram
3163,79.54003745928442,38.188630324399725,2,octagram
3164,79.34274989560723,38.545801527940476,2,octagram
3165,79.34274989560723,38.545801527940476,2,octagram
3166,79.14546233193002,38.90297273148123,2,octagram
3167,79.14546233193002,38.90297273148123,2,octagram
3168,78.94817476825283,39.26014393502197,2,octagram
3169,78.94817476825283,39.26014393502197,2,octagram
3170,78.75088720457562,39.617315138562724,2,octagram
3171,78.75088720457562,39.617315138562724,2,octagram
3172,78.75088720457562,39.617315138562724,2,octagram
3173,78.55359964089841,39.974486342103475,2,octagram
3174,78.55359964089841,39.974486342103475,2,octagram
3175,78.35631207722122,40.33165754564423,2,octagram
3176,78.35631207722122,40.33165754564423,2,octagram
3177,78.15902451354401,40.68882874918498,2,octagram
3178,78.15902451354401,40.68882874918498,2,octagram
3179,77.96173694986682,41.04599995272573,2,octagram
3180,77.96173694986682,41.04599995272573,2,octagram
3181,77.96173694986682,41.04599995272573,2,octagram
3182,77.76444938618961,41.40317115626648,2,octagram
3183,77.76444938618961,41.40317115626648,2,octagram
3184,77.56716182251242,41.76034235980723,2,octagram
3185,77.56716182251242,41.76034235980723,2,octagram
3186,77.36987425883521,42.117513563347984,2,octagram
3187,77.36987425883521,42.117513563347984,2,octagram
3188,77.172586695158,42.47468476688873,2,octagram
3189,77.172586695158,42.47468476688873,2,octagram
3190,77.172586695158,42.47468476688873,2,octagram
3191,76.97529913148081,42.83185597042948,2,octagram
3192,76.97529913148081,42.83185597042948,2,octagram
3193,76.7780115678036,43.18902717397023,2,octagram
3194,76.7780115678036,43.18902717397023,2,octagram
3195,76.58072400412641,43.54619837751098,2,octagram
3196,76.58072400412641,43.54619837751098,2,octagram
3197,76.3834364404492,43.903369581051734,2,octagram
3198,76.3834364404492,43.903369581051734,2,octagram
3199,76.3834364404492,43.903369581051734,2,octagram
3200,76.18614887677201,44.260540784592486,2,octagram
3201,76.18614887677201,44.260540784592486,2,octagram
3202,75.9888613130948,44.61771198813324,2,octagram
3203,75.9888613130948,44.61771198813324,2,octagram
3204,75.79157374941761,44.97488319167399,2,octagram
3205,75.79157374941761,44.97488319167399,2,octagram
3206,75.5942861857404,45.33205439521474,2,octagram
3207,75.5942861857404,45.33205439521474,2,octagram
3208,75.5942861857404,45.33205439521474,2,octagram
3209,75.3969986220632,45.68922559875549,2,octagram
3210,75.3969986220632,45.68922559875549,2,octagram
3211,75.199711058386,46.04639680229624,2,octagram
3212,75.199711058386,46.04639680229624,2,octagram
3213,75.0024234947088,46.40356800583699,2,octagram
3214,75.0024234947088,46.40356800583699,2,octagram
3215,74.8051359310316,46.76073920937774,2,octagram
3216,74.8051359310316,46.76073920937774,2,octagram
3217,74.8051359310316,46.76073920937774,2,octagram
3218,74.60784836735439,47.11791041291849,2,octagram
3219,74.60784836735439,47.11791041291849,2,octagram
3220,74.4105608036772,47.47508161645924,2,octagram
3221,74.4105608036772,47.47508161645924,2,octagram
3222,74.21327323999999,47.832252819999994,2,octagram
3223,74.21327323999999,47.832252819999994,2,octagram
3224,74.4105608036772,48.189424023540745,2,octagram
3225,74.4105608036772,48.189424023540745,2,octagram
3226,74.4105608036772,48.189424023540745,2,octagram
3227,74.60784836735439,48.5465952270815,2,octagram
3228,74.60784836735439,48.5465952270815,2,octagram
3229,74.8051359310316,48.90376643062225,2,octagram
3230,74.8051359310316,48.90376643062225,2,octagram
3231,75.0024234947088,49.260937634163,2,octagram
3232,75.0024234947088,49.260937634163,2,octagram
3233,75.199711058386,49.618108837703744,2,octagram
3234,75.199711058386,49.618108837703744,2,octagram
3235,75.199711058386,49.618108837703744,2,octagram
3236,75.3969986220632,49.975280041244496,2,octagram
3237,75.3969986220632,49.975280041244496,2,octagram
3238,75.5942861857404,50.33245124478525,2,octagram
3239,75.5942861857404,50.33245124478525,2,octagram
3240,75.79157374941761,50.689622448326,2,octagram
3241,75.79157374941761,50.689622448326,2,octagram
3242,75.9888613130948,51.04679365186675,2,octagram
3243,75.9888613130948,51.04679365186675,2,octagram
3244,75.9888613130948,51.04679365186675,2,octagram
3245,76.18614887677201,51.4039648554075,2,octagram
3246,76.18614887677201,51.4039648554075,2,octagram
3247,76.3834364404492,51.76113605894825,2,octagram
3248,76.3834364404492,51.76113605894825,2,octagram
3249,76.58072400412641,52.118307262489004,2,octagram
3250,76.58072400412641,52.118307262489004,2,octagram
3251,76.7780115678036,52.475478466029756,2,octagram
3252,76.7780115678036,52.475478466029756,2,octagram
3253,76.7780115678036,52.475478466029756,2,octagram
3254,76.97529913148081,52.83264966957051,2,octagram
3255,76.97529913148081,52.83264966957051,2,octagram
3256,77.172586695158,53.18982087311126,2,octagram
3257,77.172586695158,53.18982087311126,2,octagram
3258,77.36987425883521,53.546992076652,2,octagram
3259,77.36987425883521,53.546992076652,2,octagram
3260,77.56716182251242,53.904163280192755,2,octagram
3261,77.56716182251242,53.904163280192755,2,octagram
3262,77.56716182251242,53.904163280192755,2,octagram
3263,77.76444938618961,54.261334483733506,2,octagram
3264,77.76444938618961,54.261334483733506,2,octagram
3265,77.96173694986682,54.61850568727426,2,octagram
3266,77.96173694986682,54.61850568727426,2,octagram
3267,78.15902451354401,54.97567689081501,2,octagram
3268,78.15902451354401,54.97567689081501,2,octagram
3269,78.35631207722122,55.33284809435576,2,octagram
3270,78.35631207722122,55.33284809435576,2,octagram
3271,78.35631207722122,55.33284809435576,2,octagram
3272,78.55359964089841,55.69001929789651,2,octagram
3273,78.55359964089841,55.69001929789651,2,octagram
3274,78.75088720457562,56.04719050143726,2,octagram
3275,78.75088720457562,56.04719050143726,2,octagram
3276,78.94817476825283,56.404361704978015,2,octagram
3277,78.94817476825283,56.404361704978015,2,octagram
3278,79.14546233193002,56.76153290851876,2,octagram
3279,79.14546233193002,56.76153290851876,2,octagram
3280,79.14546233193002,56.76153290851876,2,octagram
3281,79.34274989560723,57.11870411205952,2,octagram
3282,79.34274989560723,57.11870411205952,2,octagram
3283,79.54003745928442,57.47587531560026,2,octagram
3284,79.54003745928442,57.47587531560026,2,octagram
3285,79.73732502296163,57.833046519141014,2,octagram
3286,79.73732502296163,57.833046519141014,2,octagram
3287,79.93461258663882,58.190217722681766,2,octagram
3288,46.480172681340775,62.111023769720674,3,stroke_nan
3289,46.480172681340775,62.111023769720674,3,stroke_nan
3290,45.66089893832402,61.525828238994414,3,stroke_nan
3291,46.12905536290502,61.29175002670391,3,stroke_nan
3292,45.66089893832402,61.05767181441341,3,stroke_nan
3293,46.01201625675977,60.823593602122905,3,stroke_nan
3294,46.480172681340775,60.706554495977656,3,stroke_nan
3295,46.480172681340775,60.706554495977656,3,stroke_nan
3296,46.24609446905028,60.47247628368715,3,stroke_nan
3297,46.24609446905028,60.238398071396645,3,stroke_nan
3298,46.12905536290502,60.121358965251396,3,stroke_nan
3299,45.777938044469266,60.00431985910615,3,stroke_nan
3300,45.42682072603351,59.88728075296089,3,stroke_nan
3301,45.54385983217877,59.77024164681564,3,stroke_nan
3302,45.54385983217877,59.77024164681564,3,stroke_nan
3303,51.27877603329608,59.77024164681564,3,stroke_nan
3304,45.66089893832402,59.53616343452514,3,stroke_nan
3305,46.01201625675977,59.41912432837989,3,stroke_nan
3306,45.89497715061452,59.30208522223464,3,stroke_nan
3307,51.86397156402234,59.30208522223464,3,stroke_nan
3308,51.86397156402234,59.30208522223464,3,stroke_nan
3309,50.92765871486033,59.18504611608939,3,stroke_nan
3310,50.69358050256983,59.06800700994414,3,stroke_nan
3311,45.89497715061452,58.95096790379888,3,stroke_nan
3312,51.62989335173184,58.95096790379888,3,stroke_nan
3313,51.39581513944134,58.833928797653634,3,stroke_nan
3314,46.71425089363128,58.716889691508385,3,stroke_nan
3315,46.71425089363128,58.716889691508385,3,stroke_nan
3316,45.777938044469266,58.59985058536313,3,stroke_nan
3317,51.51285424558659,58.59985058536313,3,stroke_nan
3318,50.57654139642458,58.48281147921788,3,stroke_nan
3319,46.363133575195526,58.248733266927374,3,stroke_nan
3320,51.746932457877094,58.131694160782125,3,stroke_nan
3321,51.746932457877094,58.131694160782125,3,stroke_nan
3322,50.81061960871508,58.014655054636876,3,stroke_nan
3323,45.777938044469266,57.89761594849162,3,stroke_nan
3324,45.19274251374301,57.78057684234637,3,stroke_nan
3325,41.44749111709497,57.66353773620112,3,stroke_nan
3326,51.27877603329608,57.66353773620112,3,stroke_nan
3327,46.480172681340775,57.546498630055865,3,stroke_nan
3328,46.480172681340775,57.546498630055865,3,stroke_nan
3329,46.01201625675977,57.429459523910616,3,stroke_nan
3330,46.12905536290502,57.31242041776537,3,stroke_nan
3331,41.56453022324022,57.19538131162011,3,stroke_nan
3332,41.44749111709497,57.07834220547486,3,stroke_nan
3333,41.096373798659215,56.96130309932961,3,stroke_nan
3334,41.096373798659215,56.96130309932961,3,stroke_nan
3335,49.640228547262566,56.96130309932961,3,stroke_nan
3336,41.44749111709497,56.844263993184356,3,stroke_nan
3337,45.89497715061452,56.844263993184356,3,stroke_nan
3338,49.055033016536306,56.844263993184356,3,stroke_nan
3339,52.09804977631285,56.844263993184356,3,stroke_nan
3340,44.60754698301676,56.72722488703911,3,stroke_nan
3341,44.60754698301676,56.72722488703911,3,stroke_nan
3342,48.70391569810056,56.72722488703911,3,stroke_nan
3343,51.98101067016759,56.72722488703911,3,stroke_nan
3344,44.13939055843575,56.61018578089386,3,stroke_nan
3345,48.5868765919553,56.61018578089386,3,stroke_nan
3346,52.09804977631285,56.61018578089386,3,stroke_nan
3347,45.66089893832402,56.4931466747486,3,stroke_nan
3348,45.66089893832402,56.4931466747486,3,stroke_nan
3349,48.93799391039106,56.4931466747486,3,stroke_nan
3350,41.798608435530724,56.37610756860335,3,stroke_nan
3351,46.24609446905028,56.37610756860335,3,stroke_nan
3352,48.82095480424581,56.37610756860335,3,stroke_nan
3353,51.161736927150834,56.37610756860335,3,stroke_nan
3354,51.161736927150834,56.37610756860335,3,stroke_nan
3355,42.73492128469273,56.2590684624581,3,stroke_nan
3356,44.72458608916201,56.2590684624581,3,stroke_nan
3357,46.71425089363128,56.2590684624581,3,stroke_nan
3358,48.70391569810056,56.2590684624581,3,stroke_nan
3359,51.161736927150834,56.2590684624581,3,stroke_nan
3360,41.91564754167597,56.14202935631285,3,stroke_nan
3361,41.91564754167597,56.14202935631285,3,stroke_nan
3362,45.777938044469266,56.14202935631285,3,stroke_nan
3363,49.17207212268156,56.14202935631285,3,stroke_nan
3364,51.746932457877094,56.14202935631285,3,stroke_nan
3365,41.91564754167597,56.0249902501676,3,stroke_nan
3366,45.66089893832402,56.0249902501676,3,stroke_nan
3367,45.66089893832402,56.0249902501676,3,stroke_nan
3368,49.055033016536306,56.0249902501676,3,stroke_nan
3369,51.62989335173184,56.0249902501676,3,stroke_nan
3370,41.91564754167597,55.90795114402235,3,stroke_nan
3371,44.60754698301676,55.90795114402235,3,stroke_nan
3372,48.82095480424581,55.90795114402235,3,stroke_nan
3373,51.161736927150834,55.90795114402235,3,stroke_nan
3374,51.161736927150834,55.90795114402235,3,stroke_nan
3375,42.03268664782122,55.79091203787709,3,stroke_nan
3376,44.72458608916201,55.79091203787709,3,stroke_nan
3377,48.93799391039106,55.79091203787709,3,stroke_nan
3378,40.394139161787706,55.67387293173184,3,stroke_nan
3379,42.73492128469273,55.67387293173184,3,stroke_nan
3380,42.73492128469273,55.67387293173184,3,stroke_nan
3381,47.29944642435754,55.67387293173184,3,stroke_nan
3382,42.50084307240223,55.556833825586594,3,stroke_nan
3383,45.075703407597764,55.439794719441345,3,stroke_nan
3384,45.66089893832402,55.08867740100559,3,stroke_nan
3385,46.363133575195526,54.971638294860334,3,stroke_nan
3386,46.59721178748603,54.737560082569836,3,stroke_nan
3387,46.59721178748603,54.737560082569836,3,stroke_nan
3388,46.24609446905028,54.50348187027933,3,stroke_nan
3389,46.59721178748603,54.269403657988825,3,stroke_nan
3390,46.363133575195526,54.03532544569833,3,stroke_nan
3391,45.89497715061452,53.56716902111732,3,stroke_nan
3392,48.1187201673743,53.33309080882682,3,stroke_nan
3393,48.00168106122905,53.21605170268157,3,stroke_nan
3394,48.00168106122905,53.21605170268157,3,stroke_nan
3395,50.342463184134076,53.21605170268157,3,stroke_nan
3396,42.38380396625698,53.09901259653631,3,stroke_nan
3397,47.650563742793295,53.09901259653631,3,stroke_nan
3398,49.99134586569832,53.09901259653631,3,stroke_nan
3399,40.04302184335195,52.98197349039106,3,stroke_nan
3400,40.04302184335195,52.98197349039106,3,stroke_nan
3401,42.38380396625698,52.98197349039106,3,stroke_nan
3402,46.12905536290502,52.98197349039106,3,stroke_nan
3403,49.757267653407816,52.98197349039106,3,stroke_nan
3404,52.09804977631285,52.98197349039106,3,stroke_nan
3405,41.91564754167597,52.864934384245814,3,stroke_nan
3406,45.42682072603351,52.864934384245814,3,stroke_nan
3407,45.42682072603351,52.864934384245814,3,stroke_nan
3408,48.82095480424581,52.864934384245814,3,stroke_nan
3409,50.81061960871508,52.864934384245814,3,stroke_nan
3410,40.394139161787706,52.74789527810056,3,stroke_nan
3411,42.73492128469273,52.74789527810056,3,stroke_nan
3412,45.66089893832402,52.74789527810056,3,stroke_nan
3413,45.66089893832402,52.74789527810056,3,stroke_nan
3414,47.650563742793295,52.74789527810056,3,stroke_nan
3415,50.10838497184357,52.74789527810056,3,stroke_nan
3416,39.4578263126257,52.63085617195531,3,stroke_nan
3417,42.03268664782122,52.63085617195531,3,stroke_nan
3418,44.490507876871504,52.63085617195531,3,stroke_nan
3419,46.480172681340775,52.63085617195531,3,stroke_nan
3420,46.480172681340775,52.63085617195531,3,stroke_nan
3421,48.469837485810054,52.63085617195531,3,stroke_nan
3422,50.459502290279325,52.63085617195531,3,stroke_nan
3423,40.1600609494972,52.51381706581006,3,stroke_nan
3424,42.61788217854748,52.51381706581006,3,stroke_nan
3425,45.075703407597764,52.51381706581006,3,stroke_nan
3426,45.075703407597764,52.51381706581006,3,stroke_nan
3427,47.065368212067035,52.51381706581006,3,stroke_nan
3428,49.055033016536306,52.51381706581006,3,stroke_nan
3429,51.98101067016759,52.51381706581006,3,stroke_nan
3430,41.798608435530724,52.3967779596648,3,stroke_nan
3431,44.72458608916201,52.3967779596648,3,stroke_nan
3432,46.71425089363128,52.3967779596648,3,stroke_nan
3433,46.71425089363128,52.3967779596648,3,stroke_nan
3434,48.70391569810056,52.3967779596648,3,stroke_nan
3435,52.2150888824581,52.3967779596648,3,stroke_nan
3436,43.086038603128486,52.279738853519554,3,stroke_nan
3437,45.42682072603351,52.279738853519554,3,stroke_nan
3438,47.41648553050279,52.279738853519554,3,stroke_nan
3439,49.40615033497206,52.279738853519554,3,stroke_nan
3440,49.40615033497206,52.279738853519554,3,stroke_nan
3441,40.511178267932955,52.162699747374305,3,stroke_nan
3442,43.671234133854746,52.162699747374305,3,stroke_nan
3443,46.01201625675977,52.162699747374305,3,stroke_nan
3444,48.00168106122905,52.162699747374305,3,stroke_nan
3445,51.27877603329608,52.162699747374305,3,stroke_nan
3446,51.27877603329608,52.162699747374305,3,stroke_nan
3447,40.511178267932955,52.04566064122905,3,stroke_nan
3448,44.256429664581006,52.04566064122905,3,stroke_nan
3449,46.24609446905028,52.04566064122905,3,stroke_nan
3450,48.23575927351955,52.04566064122905,3,stroke_nan
3451,51.62989335173184,52.04566064122905,3,stroke_nan
3452,41.213412904804464,51.9286215350838,3,stroke_nan
3453,41.213412904804464,51.9286215350838,3,stroke_nan
3454,39.57486541877095,51.81158242893855,3,stroke_nan
3455,51.746932457877094,51.81158242893855,3,stroke_nan
3456,41.33045201094971,51.577504216648045,3,stroke_nan
3457,41.56453022324022,51.460465110502795,3,stroke_nan
3458,39.22374810033519,51.34342600435754,3,stroke_nan
3459,39.22374810033519,51.34342600435754,3,stroke_nan
3460,51.98101067016759,51.34342600435754,3,stroke_nan
3461,41.56453022324022,51.22638689821229,3,stroke_nan
3462,39.34078720648044,51.10934779206704,3,stroke_nan
3463,52.4491670947486,51.10934779206704,3,stroke_nan
3464,51.62989335173184,50.99230868592179,3,stroke_nan
3465,41.91564754167597,50.875269579776536,3,stroke_nan
3466,41.91564754167597,50.875269579776536,3,stroke_nan
3467,39.6919045249162,50.758230473631286,3,stroke_nan
3468,52.80028441318436,50.758230473631286,3,stroke_nan
3469,52.09804977631285,50.64119136748604,3,stroke_nan
3470,41.68156932938547,50.52415226134078,3,stroke_nan
3471,52.6832453070391,50.52415226134078,3,stroke_nan
3472,52.6832453070391,50.52415226134078,3,stroke_nan
3473,49.28911122882681,50.40711315519553,3,stroke_nan
3474,39.4578263126257,50.29007404905028,3,stroke_nan
3475,49.28911122882681,50.29007404905028,3,stroke_nan
3476,39.4578263126257,50.173034942905026,3,stroke_nan
3477,48.93799391039106,50.173034942905026,3,stroke_nan
3478,39.4578263126257,50.05599583675978,3,stroke_nan
3479,39.4578263126257,50.05599583675978,3,stroke_nan
3480,43.90531234614525,50.05599583675978,3,stroke_nan
3481,52.2150888824581,50.05599583675978,3,stroke_nan
3482,42.38380396625698,49.93895673061453,3,stroke_nan
3483,49.055033016536306,49.93895673061453,3,stroke_nan
3484,39.57486541877095,49.82191762446927,3,stroke_nan
3485,39.57486541877095,49.82191762446927,3,stroke_nan
3486,44.490507876871504,49.82191762446927,3,stroke_nan
3487,52.2150888824581,49.82191762446927,3,stroke_nan
3488,42.73492128469273,49.70487851832402,3,stroke_nan
3489,48.23575927351955,49.70487851832402,3,stroke_nan
3490,52.80028441318436,49.70487851832402,3,stroke_nan
3491,43.788273239999995,49.587839412178774,3,stroke_nan
3492,43.788273239999995,49.587839412178774,3,stroke_nan
3493,51.62989335173184,49.587839412178774,3,stroke_nan
3494,39.9259827372067,49.47080030603352,3,stroke_nan
3495,47.884641955083794,49.47080030603352,3,stroke_nan
3496,52.4491670947486,49.47080030603352,3,stroke_nan
3497,43.43715592156424,49.35376119988827,3,stroke_nan
3498,48.5868765919553,49.35376119988827,3,stroke_nan
3499,48.5868765919553,49.35376119988827,3,stroke_nan
3500,39.57486541877095,49.23672209374302,3,stroke_nan
3501,44.60754698301676,49.23672209374302,3,stroke_nan
3502,52.33212798860335,49.23672209374302,3,stroke_nan
3503,43.671234133854746,49.11968298759776,3,stroke_nan
3504,51.746932457877094,49.11968298759776,3,stroke_nan
3505,51.746932457877094,49.11968298759776,3,stroke_nan
3506,43.5541950277095,49.002643881452514,3,stroke_nan
3507,51.746932457877094,49.002643881452514,3,stroke_nan
3508,44.490507876871504,48.885604775307264,3,stroke_nan
3509,52.33212798860335,48.885604775307264,3,stroke_nan
3510,45.19274251374301,48.768565669162015,3,stroke_nan
3511,39.57486541877095,48.65152656301676,3,stroke_nan
3512,39.57486541877095,48.65152656301676,3,stroke_nan
3513,47.41648553050279,48.65152656301676,3,stroke_nan
3514,44.60754698301676,48.53448745687151,3,stroke_nan
3515,39.34078720648044,48.41744835072626,3,stroke_nan
3516,51.62989335173184,48.41744835072626,3,stroke_nan
3517,39.9259827372067,48.300409244581004,3,stroke_nan
3518,39.9259827372067,48.300409244581004,3,stroke_nan
3519,52.2150888824581,48.300409244581004,3,stroke_nan
3520,44.84162519530726,48.183370138435755,3,stroke_nan
3521,52.4491670947486,48.183370138435755,3,stroke_nan
3522,47.182407318212285,48.066331032290506,3,stroke_nan
3523,52.56620620089385,48.066331032290506,3,stroke_nan
3524,42.61788217854748,47.94929192614525,3,stroke_nan
3525,42.61788217854748,47.94929192614525,3,stroke_nan
3526,49.17207212268156,47.94929192614525,3,stroke_nan
3527,39.57486541877095,47.83225282,3,stroke_nan
3528,43.20307770927374,47.83225282,3,stroke_nan
3529,49.640228547262566,47.83225282,3,stroke_nan
3530,39.6919045249162,47.71521371385475,3,stroke_nan
3531,39.6919045249162,47.71521371385475,3,stroke_nan
3532,43.20307770927374,47.71521371385475,3,stroke_nan
3533,48.5868765919553,47.71521371385475,3,stroke_nan
3534,39.4578263126257,47.598174607709495,3,stroke_nan
3535,42.96899949698324,47.598174607709495,3,stroke_nan
3536,46.59721178748603,47.598174607709495,3,stroke_nan
3537,51.62989335173184,47.598174607709495,3,stroke_nan
3538,51.62989335173184,47.598174607709495,3,stroke_nan
3539,39.9259827372067,47.481135501564246,3,stroke_nan
3540,43.43715592156424,47.481135501564246,3,stroke_nan
3541,47.767602848938544,47.481135501564246,3,stroke_nan
3542,51.62989335173184,47.481135501564246,3,stroke_nan
3543,39.9259827372067,47.364096395419,3,stroke_nan
3544,43.20307770927374,47.364096395419,3,stroke_nan
3545,43.20307770927374,47.364096395419,3,stroke_nan
3546,46.12905536290502,47.364096395419,3,stroke_nan
3547,49.055033016536306,47.364096395419,3,stroke_nan
3548,39.22374810033519,47.24705728927374,3,stroke_nan
3549,42.50084307240223,47.24705728927374,3,stroke_nan
3550,44.490507876871504,47.24705728927374,3,stroke_nan
3551,44.490507876871504,47.24705728927374,3,stroke_nan
3552,48.5868765919553,47.24705728927374,3,stroke_nan
3553,52.4491670947486,47.24705728927374,3,stroke_nan
3554,42.96899949698324,47.13001818312849,3,stroke_nan
3555,47.53352463664804,47.13001818312849,3,stroke_nan
3556,49.52318944111732,47.13001818312849,3,stroke_nan
3557,40.1600609494972,47.01297907698324,3,stroke_nan
3558,40.1600609494972,47.01297907698324,3,stroke_nan
3559,44.373468770726255,47.01297907698324,3,stroke_nan
3560,48.469837485810054,47.01297907698324,3,stroke_nan
3561,52.56620620089385,47.01297907698324,3,stroke_nan
3562,42.85196039083799,46.895939970837986,3,stroke_nan
3563,47.29944642435754,46.895939970837986,3,stroke_nan
3564,47.29944642435754,46.895939970837986,3,stroke_nan
3565,49.28911122882681,46.895939970837986,3,stroke_nan
3566,39.57486541877095,46.77890086469274,3,stroke_nan
3567,42.96899949698324,46.77890086469274,3,stroke_nan
3568,47.41648553050279,46.77890086469274,3,stroke_nan
3569,49.40615033497206,46.77890086469274,3,stroke_nan
3570,40.04302184335195,46.66186175854749,3,stroke_nan
3571,40.04302184335195,46.66186175854749,3,stroke_nan
3572,43.788273239999995,46.66186175854749,3,stroke_nan
3573,47.884641955083794,46.66186175854749,3,stroke_nan
3574,51.86397156402234,46.66186175854749,3,stroke_nan
3575,42.14972575396648,46.54482265240224,3,stroke_nan
3576,52.09804977631285,46.54482265240224,3,stroke_nan
3577,52.09804977631285,46.54482265240224,3,stroke_nan
3578,51.98101067016759,46.42778354625698,3,stroke_nan
3579,51.86397156402234,46.31074444011173,3,stroke_nan
3580,45.19274251374301,46.193705333966484,3,stroke_nan
3581,39.22374810033519,46.07666622782123,3,stroke_nan
3582,52.33212798860335,46.07666622782123,3,stroke_nan
3583,51.62989335173184,45.95962712167598,3,stroke_nan
3584,51.62989335173184,45.95962712167598,3,stroke_nan
3585,39.9259827372067,45.84258801553073,3,stroke_nan
3586,52.33212798860335,45.84258801553073,3,stroke_nan
3587,45.777938044469266,45.72554890938547,3,stroke_nan
3588,52.6832453070391,45.72554890938547,3,stroke_nan
3589,46.24609446905028,45.608509803240224,3,stroke_nan
3590,39.9259827372067,45.491470697094975,3,stroke_nan
3591,39.9259827372067,45.491470697094975,3,stroke_nan
3592,51.62989335173184,45.491470697094975,3,stroke_nan
3593,39.9259827372067,45.37443159094972,3,stroke_nan
3594,51.62989335173184,45.37443159094972,3,stroke_nan
3595,39.9259827372067,45.25739248480447,3,stroke_nan
3596,51.62989335173184,45.25739248480447,3,stroke_nan
3597,51.62989335173184,45.25739248480447,3,stroke_nan
3598,45.19274251374301,45.14035337865922,3,stroke_nan
3599,52.09804977631285,45.14035337865922,3,stroke_nan
3600,40.27710005564246,45.023314272513964,3,stroke_nan
3601,51.98101067016759,45.023314272513964,3,stroke_nan
3602,40.1600609494972,44.906275166368715,3,stroke_nan
3603,51.86397156402234,44.906275166368715,3,stroke_nan
3604,51.86397156402234,44.906275166368715,3,stroke_nan
3605,51.62989335173184,44.789236060223466,3,stroke_nan
3606,39.80894363106145,44.67219695407821,3,stroke_nan
3607,52.91732351932961,44.67219695407821,3,stroke_nan
3608,52.09804977631285,44.55515784793296,3,stroke_nan
3609,47.650563742793295,44.43811874178771,3,stroke_nan
3610,47.650563742793295,44.43811874178771,3,stroke_nan
3611,52.09804977631285,44.43811874178771,3,stroke_nan
3612,40.27710005564246,44.32107963564246,3,stroke_nan
3613,45.19274251374301,44.32107963564246,3,stroke_nan
3614,51.98101067016759,44.32107963564246,3,stroke_nan
3615,40.1600609494972,44.204040529497206,3,stroke_nan
3616,44.60754698301676,44.204040529497206,3,stroke_nan
3617,44.60754698301676,44.204040529497206,3,stroke_nan
3618,51.62989335173184,44.204040529497206,3,stroke_nan
3619,42.61788217854748,44.08700142335196,3,stroke_nan
3620,45.89497715061452,44.08700142335196,3,stroke_nan
3621,52.09804977631285,44.08700142335196,3,stroke_nan
3622,43.32011681541899,43.96996231720671,3,stroke_nan
3623,43.32011681541899,43.96996231720671,3,stroke_nan
3624,47.650563742793295,43.96996231720671,3,stroke_nan
3625,39.4578263126257,43.85292321106145,3,stroke_nan
3626,43.671234133854746,43.85292321106145,3,stroke_nan
3627,48.82095480424581,43.85292321106145,3,stroke_nan
3628,39.57486541877095,43.7358841049162,3,stroke_nan
3629,43.788273239999995,43.7358841049162,3,stroke_nan
3630,43.788273239999995,43.7358841049162,3,stroke_nan
3631,46.71425089363128,43.7358841049162,3,stroke_nan
3632,48.70391569810056,43.7358841049162,3,stroke_nan
3633,52.80028441318436,43.7358841049162,3,stroke_nan
3634,42.50084307240223,43.61884499877095,3,stroke_nan
3635,44.490507876871504,43.61884499877095,3,stroke_nan
3636,44.490507876871504,43.61884499877095,3,stroke_nan
3637,46.480172681340775,43.61884499877095,3,stroke_nan
3638,48.469837485810054,43.61884499877095,3,stroke_nan
3639,52.33212798860335,43.61884499877095,3,stroke_nan
3640,42.50084307240223,43.5018058926257,3,stroke_nan
3641,44.490507876871504,43.5018058926257,3,stroke_nan
3642,48.23575927351955,43.5018058926257,3,stroke_nan
3643,48.23575927351955,43.5018058926257,3,stroke_nan
3644,52.09804977631285,43.5018058926257,3,stroke_nan
3645,40.27710005564246,43.38476678648045,3,stroke_nan
3646,44.256429664581006,43.38476678648045,3,stroke_nan
3647,48.70391569810056,43.38476678648045,3,stroke_nan
3648,52.80028441318436,43.38476678648045,3,stroke_nan
3649,42.85196039083799,43.2677276803352,3,stroke_nan
3650,42.85196039083799,43.2677276803352,3,stroke_nan
3651,45.89497715061452,43.2677276803352,3,stroke_nan
3652,49.17207212268156,43.2677276803352,3,stroke_nan
3653,39.80894363106145,43.15068857418994,3,stroke_nan
3654,43.5541950277095,43.15068857418994,3,stroke_nan
3655,48.00168106122905,43.15068857418994,3,stroke_nan
3656,48.00168106122905,43.15068857418994,3,stroke_nan
3657,51.86397156402234,43.15068857418994,3,stroke_nan
3658,42.61788217854748,43.03364946804469,3,stroke_nan
3659,45.42682072603351,43.03364946804469,3,stroke_nan
3660,49.055033016536306,43.03364946804469,3,stroke_nan
3661,39.9259827372067,42.916610361899444,3,stroke_nan
3662,43.90531234614525,42.916610361899444,3,stroke_nan
3663,43.90531234614525,42.916610361899444,3,stroke_nan
3664,52.6832453070391,42.916610361899444,3,stroke_nan
3665,51.98101067016759,42.79957125575419,3,stroke_nan
3666,51.746932457877094,42.68253214960894,3,stroke_nan
3667,46.01201625675977,42.56549304346369,3,stroke_nan
3668,39.6919045249162,42.44845393731843,3,stroke_nan
3669,39.6919045249162,42.44845393731843,3,stroke_nan
3670,39.22374810033519,42.331414831173184,3,stroke_nan
3671,46.01201625675977,42.331414831173184,3,stroke_nan
3672,39.57486541877095,42.214375725027935,3,stroke_nan
3673,46.59721178748603,42.214375725027935,3,stroke_nan
3674,39.80894363106145,42.09733661888268,3,stroke_nan
3675,51.86397156402234,42.09733661888268,3,stroke_nan
3676,51.86397156402234,42.09733661888268,3,stroke_nan
3677,40.1600609494972,41.98029751273743,3,stroke_nan
3678,52.33212798860335,41.98029751273743,3,stroke_nan
3679,45.42682072603351,41.86325840659218,3,stroke_nan
3680,39.22374810033519,41.746219300446924,3,stroke_nan
3681,46.363133575195526,41.746219300446924,3,stroke_nan
3682,46.363133575195526,41.746219300446924,3,stroke_nan
3683,40.1600609494972,41.629180194301675,3,stroke_nan
3684,51.62989335173184,41.629180194301675,3,stroke_nan
3685,45.30978161988826,41.512141088156426,3,stroke_nan
3686,52.09804977631285,41.512141088156426,3,stroke_nan
3687,45.777938044469266,41.39510198201118,3,stroke_nan
3688,52.56620620089385,41.39510198201118,3,stroke_nan
3689,52.56620620089385,41.39510198201118,3,stroke_nan
3690,46.24609446905028,41.27806287586592,3,stroke_nan
3691,40.04302184335195,41.16102376972067,3,stroke_nan
3692,51.51285424558659,41.16102376972067,3,stroke_nan
3693,45.30978161988826,41.04398466357542,3,stroke_nan
3694,52.09804977631285,41.04398466357542,3,stroke_nan
3695,45.89497715061452,40.926945557430166,3,stroke_nan
3696,45.89497715061452,40.926945557430166,3,stroke_nan
3697,52.6832453070391,40.926945557430166,3,stroke_nan
3698,46.480172681340775,40.80990645128492,3,stroke_nan
3699,40.27710005564246,40.69286734513967,3,stroke_nan
3700,51.746932457877094,40.69286734513967,3,stroke_nan
3701,45.54385983217877,40.57582823899441,3,stroke_nan
3702,45.54385983217877,40.57582823899441,3,stroke_nan
3703,52.33212798860335,40.57582823899441,3,stroke_nan
3704,46.01201625675977,40.45878913284916,3,stroke_nan
3705,52.80028441318436,40.45878913284916,3,stroke_nan
3706,46.480172681340775,40.34175002670391,3,stroke_nan
3707,45.19274251374301,40.22471092055866,3,stroke_nan
3708,51.98101067016759,40.22471092055866,3,stroke_nan
3709,51.98101067016759,40.22471092055866,3,stroke_nan
3710,46.01201625675977,40.10767181441341,3,stroke_nan
3711,52.80028441318436,40.10767181441341,3,stroke_nan
3712,51.62989335173184,39.99063270826816,3,stroke_nan
3713,45.66089893832402,39.87359360212291,3,stroke_nan
3714,40.394139161787706,39.75655449597765,3,stroke_nan
3715,40.394139161787706,39.75655449597765,3,stroke_nan
3716,52.4491670947486,39.75655449597765,3,stroke_nan
3717,46.480172681340775,39.639515389832404,3,stroke_nan
3718,45.66089893832402,39.522476283687155,3,stroke_nan
3719,52.56620620089385,39.522476283687155,3,stroke_nan
3720,51.39581513944134,39.4054371775419,3,stroke_nan
3721,45.54385983217877,39.28839807139665,3,stroke_nan
3722,45.54385983217877,39.28839807139665,3,stroke_nan
3723,52.2150888824581,39.28839807139665,3,stroke_nan
3724,46.363133575195526,39.1713589652514,3,stroke_nan
3725,45.30978161988826,39.054319859106144,3,stroke_nan
3726,51.98101067016759,39.054319859106144,3,stroke_nan
3727,46.24609446905028,38.937280752960895,3,stroke_nan
3728,46.24609446905028,38.937280752960895,3,stroke_nan
3729,45.19274251374301,38.820241646815646,3,stroke_nan
3730,51.86397156402234,38.820241646815646,3,stroke_nan
3731,46.12905536290502,38.70320254067039,3,stroke_nan
3732,52.80028441318436,38.70320254067039,3,stroke_nan
3733,51.746932457877094,38.58616343452514,3,stroke_nan
3734,46.01201625675977,38.46912432837989,3,stroke_nan
3735,46.01201625675977,38.46912432837989,3,stroke_nan
3736,52.6832453070391,38.46912432837989,3,stroke_nan
3737,51.62989335173184,38.352085222234635,3,stroke_nan
3738,45.89497715061452,38.235046116089386,3,stroke_nan
3739,52.56620620089385,38.235046116089386,3,stroke_nan
3740,51.51285424558659,38.11800700994414,3,stroke_nan
3741,45.777938044469266,38.00096790379888,3,stroke_nan
3742,45.777938044469266,38.00096790379888,3,stroke_nan
3743,45.42682072603351,37.88392879765363,3,stroke_nan
3744,45.30978161988826,37.76688969150838,3,stroke_nan
3745,45.30978161988826,37.649850585363126,3,stroke_nan
3746,45.19274251374301,37.53281147921788,3,stroke_nan
3747,51.746932457877094,37.53281147921788,3,stroke_nan
3748,51.746932457877094,37.53281147921788,3,stroke_nan
3749,51.39581513944134,37.41577237307263,3,stroke_nan
3750,45.777938044469266,37.29873326692737,3,stroke_nan
3751,52.33212798860335,37.29873326692737,3,stroke_nan
3752,51.27877603329608,37.18169416078212,3,stroke_nan
3753,45.66089893832402,37.06465505463687,3,stroke_nan
3754,52.2150888824581,37.06465505463687,3,stroke_nan
3755,52.2150888824581,37.06465505463687,3,stroke_nan
3756,51.86397156402234,36.94761594849162,3,stroke_nan
3757,51.51285424558659,36.83057684234637,3,stroke_nan
3758,46.480172681340775,36.71353773620112,3,stroke_nan
3759,45.30978161988826,36.59649863005586,3,stroke_nan
3760,45.19274251374301,36.47945952391061,3,stroke_nan
3761,45.19274251374301,36.47945952391061,3,stroke_nan
3762,52.4491670947486,36.47945952391061,3,stroke_nan
3763,51.161736927150834,36.362420417765364,3,stroke_nan
3764,46.12905536290502,36.245381311620115,3,stroke_nan
3765,45.19274251374301,36.12834220547486,3,stroke_nan
3766,51.62989335173184,36.12834220547486,3,stroke_nan
3767,45.89497715061452,36.01130309932961,3,stroke_nan
3768,45.89497715061452,36.01130309932961,3,stroke_nan
3769,52.33212798860335,36.01130309932961,3,stroke_nan
3770,46.59721178748603,35.89426399318436,3,stroke_nan
3771,45.30978161988826,35.77722488703911,3,stroke_nan
3772,52.4491670947486,35.77722488703911,3,stroke_nan
3773,51.86397156402234,35.660185780893855,3,stroke_nan
3774,51.86397156402234,35.660185780893855,3,stroke_nan
3775,46.12905536290502,35.543146674748606,3,stroke_nan
3776,52.4491670947486,35.543146674748606,3,stroke_nan
3777,52.2150888824581,35.426107568603356,3,stroke_nan
3778,52.4491670947486,35.3090684624581,3,stroke_nan
3779,51.746932457877094,35.19202935631285,3,stroke_nan
3780,46.59721178748603,35.0749902501676,3,stroke_nan
3781,46.59721178748603,35.0749902501676,3,stroke_nan
3782,51.62989335173184,34.957951144022346,3,stroke_nan
3783,46.71425089363128,34.8409120378771,3,stroke_nan
3784,46.59721178748603,34.72387293173185,3,stroke_nan
3785,46.480172681340775,34.48979471944134,3,stroke_nan
3786,45.66089893832402,34.13867740100559,3,stroke_nan
3787,46.24609446905028,33.670520976424584,3,stroke_nan
3788,60.290787206480445,62.69621930044693,4,stroke_kai
3789,60.290787206480445,62.69621930044693,4,stroke_kai
3790,60.05670899418994,62.34510198201117,4,stroke_kai
3791,60.407826312625694,62.111023769720674,4,stroke_kai
3792,60.407826312625694,61.87694555743017,4,stroke_kai
3793,60.52486541877094,61.64286734513966,4,stroke_kai
3794,60.52486541877094,61.64286734513966,4,stroke_kai
3795,63.21676486011173,61.29175002670391,4,stroke_kai
3796,61.1100609494972,61.05767181441341,4,stroke_kai
3797,60.8759827372067,60.823593602122905,4,stroke_kai
3798,61.1100609494972,60.706554495977656,4,stroke_kai
3799,61.22710005564245,60.5895153898324,4,stroke_kai
3800,61.22710005564245,60.5895153898324,4,stroke_kai
3801,61.1100609494972,60.47247628368715,4,stroke_kai
3802,64.03603860312849,60.3554371775419,4,stroke_kai
3803,60.407826312625694,60.121358965251396,4,stroke_kai
3804,61.22710005564245,60.00431985910615,4,stroke_kai
3805,61.34413916178771,59.88728075296089,4,stroke_kai
3806,61.34413916178771,59.88728075296089,4,stroke_kai
3807,61.22710005564245,59.77024164681564,4,stroke_kai
3808,60.290787206480445,59.65320254067039,4,stroke_kai
3809,64.27011681541899,59.65320254067039,4,stroke_kai
3810,63.33380396625698,59.53616343452514,4,stroke_kai
3811,63.33380396625698,59.53616343452514,4,stroke_kai
3812,60.8759827372067,59.41912432837989,4,stroke_kai
3813,56.07737938525139,59.30208522223464,4,stroke_kai
3814,63.45084307240223,59.30208522223464,4,stroke_kai
3815,60.05670899418994,59.18504611608939,4,stroke_kai
3816,56.5455358098324,59.06800700994414,4,stroke_kai
3817,56.5455358098324,59.06800700994414,4,stroke_kai
3818,63.80196039083798,59.06800700994414,4,stroke_kai
3819,57.130731340558654,58.95096790379888,4,stroke_kai
3820,64.38715592156424,58.95096790379888,4,stroke_kai
3821,60.407826312625694,58.833928797653634,4,stroke_kai
3822,65.08939055843575,58.833928797653634,4,stroke_kai
3823,65.08939055843575,58.833928797653634,4,stroke_kai
3824,60.17374810033519,58.716889691508385,4,stroke_kai
3825,63.80196039083798,58.716889691508385,4,stroke_kai
3826,56.5455358098324,58.59985058536313,4,stroke_kai
3827,63.09972575396648,58.59985058536313,4,stroke_kai
3828,66.37682072603351,58.59985058536313,4,stroke_kai
3829,66.37682072603351,58.59985058536313,4,stroke_kai
3830,59.93966988804469,58.48281147921788,4,stroke_kai
3831,65.32346877072625,58.48281147921788,4,stroke_kai
3832,58.76927882659218,58.36577237307263,4,stroke_kai
3833,63.45084307240223,58.36577237307263,4,stroke_kai
3834,63.45084307240223,58.36577237307263,4,stroke_kai
3835,57.013692234413405,58.248733266927374,4,stroke_kai
3836,61.46117826793296,58.248733266927374,4,stroke_kai
3837,56.428496703687145,58.131694160782125,4,stroke_kai
3838,61.34413916178771,58.131694160782125,4,stroke_kai
3839,57.598887765139665,58.014655054636876,4,stroke_kai
3840,57.598887765139665,58.014655054636876,4,stroke_kai
3841,63.684921284692734,58.014655054636876,4,stroke_kai
3842,61.46117826793296,57.89761594849162,4,stroke_kai
3843,61.34413916178771,57.78057684234637,4,stroke_kai
3844,56.896653128268156,57.66353773620112,4,stroke_kai
3845,64.03603860312849,57.66353773620112,4,stroke_kai
3846,64.03603860312849,57.66353773620112,4,stroke_kai
3847,61.22710005564245,57.546498630055865,4,stroke_kai
3848,56.7796140221229,57.429459523910616,4,stroke_kai
3849,63.567882178547485,57.429459523910616,4,stroke_kai
3850,60.8759827372067,57.31242041776537,4,stroke_kai
3851,56.896653128268156,57.19538131162011,4,stroke_kai
3852,56.896653128268156,57.19538131162011,4,stroke_kai
3853,56.311457597541896,57.07834220547486,4,stroke_kai
3854,63.80196039083798,57.07834220547486,4,stroke_kai
3855,60.52486541877094,56.96130309932961,4,stroke_kai
3856,64.15307770927375,56.96130309932961,4,stroke_kai
3857,64.15307770927375,56.96130309932961,4,stroke_kai
3858,60.8759827372067,56.844263993184356,4,stroke_kai
3859,67.66425089363128,56.844263993184356,4,stroke_kai
3860,61.1100609494972,56.72722488703911,4,stroke_kai
3861,56.19441849139665,56.61018578089386,4,stroke_kai
3862,61.22710005564245,56.61018578089386,4,stroke_kai
3863,61.22710005564245,56.61018578089386,4,stroke_kai
3864,56.896653128268156,56.4931466747486,4,stroke_kai
3865,63.33380396625698,56.4931466747486,4,stroke_kai
3866,61.57821737407821,56.37610756860335,4,stroke_kai
3867,61.34413916178771,56.2590684624581,4,stroke_kai
3868,60.407826312625694,56.14202935631285,4,stroke_kai
3869,60.407826312625694,56.14202935631285,4,stroke_kai
3870,68.24944642435754,56.14202935631285,4,stroke_kai
3871,61.57821737407821,56.0249902501676,4,stroke_kai
3872,57.013692234413405,55.90795114402235,4,stroke_kai
3873,65.32346877072625,55.90795114402235,4,stroke_kai
3874,63.684921284692734,55.79091203787709,4,stroke_kai
3875,63.684921284692734,55.79091203787709,4,stroke_kai
3876,60.8759827372067,55.67387293173184,4,stroke_kai
3877,66.14274251374302,55.67387293173184,4,stroke_kai
3878,58.30112240201117,55.556833825586594,4,stroke_kai
3879,64.03603860312849,55.556833825586594,4,stroke_kai
3880,64.03603860312849,55.556833825586594,4,stroke_kai
3881,66.84497715061453,55.556833825586594,4,stroke_kai
3882,59.705591675754185,55.439794719441345,4,stroke_kai
3883,63.80196039083798,55.439794719441345,4,stroke_kai
3884,67.89832910592179,55.439794719441345,4,stroke_kai
3885,59.35447435731843,55.32275561329609,4,stroke_kai
3886,59.35447435731843,55.32275561329609,4,stroke_kai
3887,63.684921284692734,55.32275561329609,4,stroke_kai
3888,68.01536821206703,55.32275561329609,4,stroke_kai
3889,59.12039614502793,55.20571650715084,4,stroke_kai
3890,63.684921284692734,55.20571650715084,4,stroke_kai
3891,68.36648553050279,55.20571650715084,4,stroke_kai
3892,68.36648553050279,55.20571650715084,4,stroke_kai
3893,60.05670899418994,55.08867740100559,4,stroke_kai
3894,66.72793804446927,55.08867740100559,4,stroke_kai
3895,56.5455358098324,54.971638294860334,4,stroke_kai
3896,61.1100609494972,54.971638294860334,4,stroke_kai
3897,61.1100609494972,54.971638294860334,4,stroke_kai
3898,56.311457597541896,54.854599188715085,4,stroke_kai
3899,60.52486541877094,54.854599188715085,4,stroke_kai
3900,56.7796140221229,54.737560082569836,4,stroke_kai
3901,68.01536821206703,54.737560082569836,4,stroke_kai
3902,63.45084307240223,54.62052097642458,4,stroke_kai
3903,63.45084307240223,54.62052097642458,4,stroke_kai
3904,56.5455358098324,54.50348187027933,4,stroke_kai
3905,63.80196039083798,54.50348187027933,4,stroke_kai
3906,57.013692234413405,54.38644276413408,4,stroke_kai
3907,63.91899949698323,54.38644276413408,4,stroke_kai
3908,60.75894363106145,54.269403657988825,4,stroke_kai
3909,60.75894363106145,54.269403657988825,4,stroke_kai
3910,68.48352463664804,54.269403657988825,4,stroke_kai
3911,63.80196039083798,54.152364551843576,4,stroke_kai
3912,61.46117826793296,54.03532544569833,4,stroke_kai
3913,60.6419045249162,53.91828633955308,4,stroke_kai
3914,68.01536821206703,53.91828633955308,4,stroke_kai
3915,68.01536821206703,53.91828633955308,4,stroke_kai
3916,61.46117826793296,53.80124723340782,4,stroke_kai
3917,60.6419045249162,53.68420812726257,4,stroke_kai
3918,68.01536821206703,53.68420812726257,4,stroke_kai
3919,60.8759827372067,53.56716902111732,4,stroke_kai
3920,60.8759827372067,53.56716902111732,4,stroke_kai
3921,56.428496703687145,53.45012991497207,4,stroke_kai
3922,61.46117826793296,53.45012991497207,4,stroke_kai
3923,56.5455358098324,53.33309080882682,4,stroke_kai
3924,63.21676486011173,53.33309080882682,4,stroke_kai
3925,57.013692234413405,53.21605170268157,4,stroke_kai
3926,57.013692234413405,53.21605170268157,4,stroke_kai
3927,64.27011681541899,53.21605170268157,4,stroke_kai
3928,57.24777044670391,53.09901259653631,4,stroke_kai
3929,68.01536821206703,53.09901259653631,4,stroke_kai
3930,60.75894363106145,52.98197349039106,4,stroke_kai
3931,68.13240731821229,52.98197349039106,4,stroke_kai
3932,68.13240731821229,52.98197349039106,4,stroke_kai
3933,61.22710005564245,52.864934384245814,4,stroke_kai
3934,68.6005637427933,52.864934384245814,4,stroke_kai
3935,63.45084307240223,52.74789527810056,4,stroke_kai
3936,56.7796140221229,52.63085617195531,4,stroke_kai
3937,63.684921284692734,52.63085617195531,4,stroke_kai
3938,63.684921284692734,52.63085617195531,4,stroke_kai
3939,56.66257491597765,52.51381706581006,4,stroke_kai
3940,63.33380396625698,52.51381706581006,4,stroke_kai
3941,68.48352463664804,52.51381706581006,4,stroke_kai
3942,60.75894363106145,52.3967779596648,4,stroke_kai
3943,60.75894363106145,52.3967779596648,4,stroke_kai
3944,68.48352463664804,52.3967779596648,4,stroke_kai
3945,61.34413916178771,52.279738853519554,4,stroke_kai
3946,56.896653128268156,52.162699747374305,4,stroke_kai
3947,65.32346877072625,52.162699747374305,4,stroke_kai
3948,60.75894363106145,52.04566064122905,4,stroke_kai
3949,60.75894363106145,52.04566064122905,4,stroke_kai
3950,65.90866430145252,52.04566064122905,4,stroke_kai
3951,56.5455358098324,51.9286215350838,4,stroke_kai
3952,63.91899949698323,51.9286215350838,4,stroke_kai
3953,67.54721178748603,51.9286215350838,4,stroke_kai
3954,60.17374810033519,51.81158242893855,4,stroke_kai
3955,60.17374810033519,51.81158242893855,4,stroke_kai
3956,64.27011681541899,51.81158242893855,4,stroke_kai
3957,66.72793804446927,51.81158242893855,4,stroke_kai
3958,57.83296597743016,51.694543322793294,4,stroke_kai
3959,63.80196039083798,51.694543322793294,4,stroke_kai
3960,66.61089893832403,51.694543322793294,4,stroke_kai
3961,66.61089893832403,51.694543322793294,4,stroke_kai
3962,57.130731340558654,51.577504216648045,4,stroke_kai
3963,63.80196039083798,51.577504216648045,4,stroke_kai
3964,66.84497715061453,51.577504216648045,4,stroke_kai
3965,58.18408329586592,51.460465110502795,4,stroke_kai
3966,58.18408329586592,51.460465110502795,4,stroke_kai
3967,63.684921284692734,51.460465110502795,4,stroke_kai
3968,67.66425089363128,51.460465110502795,4,stroke_kai
3969,58.65223972044692,51.34342600435754,4,stroke_kai
3970,64.15307770927375,51.34342600435754,4,stroke_kai
3971,56.428496703687145,51.22638689821229,4,stroke_kai
3972,56.428496703687145,51.22638689821229,4,stroke_kai
3973,64.5041950277095,51.22638689821229,4,stroke_kai
3974,56.7796140221229,51.10934779206704,4,stroke_kai
3975,66.14274251374302,51.10934779206704,4,stroke_kai
3976,57.48184865899441,50.99230868592179,4,stroke_kai
3977,56.7796140221229,50.875269579776536,4,stroke_kai
3978,56.7796140221229,50.875269579776536,4,stroke_kai
3979,56.896653128268156,50.758230473631286,4,stroke_kai
3980,57.24777044670391,50.64119136748604,4,stroke_kai
3981,56.896653128268156,50.40711315519553,4,stroke_kai
3982,68.71760284893854,50.29007404905028,4,stroke_kai
3983,56.896653128268156,50.05599583675978,4,stroke_kai
3984,56.896653128268156,50.05599583675978,4,stroke_kai
3985,56.896653128268156,49.93895673061453,4,stroke_kai
3986,57.013692234413405,49.82191762446927,4,stroke_kai
3987,56.896653128268156,49.70487851832402,4,stroke_kai
3988,56.896653128268156,49.587839412178774,4,stroke_kai
3989,56.896653128268156,49.587839412178774,4,stroke_kai
3990,57.715926871284914,49.47080030603352,4,stroke_kai
3991,64.73827324,49.47080030603352,4,stroke_kai
3992,68.6005637427933,49.47080030603352,4,stroke_kai
3993,61.22710005564245,49.35376119988827,4,stroke_kai
3994,64.27011681541899,49.35376119988827,4,stroke_kai
3995,64.27011681541899,49.35376119988827,4,stroke_kai
3996,68.13240731821229,49.35376119988827,4,stroke_kai
3997,60.290787206480445,49.23672209374302,4,stroke_kai
3998,63.33380396625698,49.23672209374302,4,stroke_kai
3999,65.44050787687151,49.23672209374302,4,stroke_kai
4000,56.7796140221229,49.11968298759776,4,stroke_kai
4001,56.7796140221229,49.11968298759776,4,stroke_kai
4002,60.6419045249162,49.11968298759776,4,stroke_kai
4003,63.684921284692734,49.11968298759776,4,stroke_kai
4004,67.78128999977653,49.11968298759776,4,stroke_kai
4005,57.48184865899441,49.002643881452514,4,stroke_kai
4006,57.48184865899441,49.002643881452514,4,stroke_kai
4007,61.22710005564245,49.002643881452514,4,stroke_kai
4008,64.03603860312849,49.002643881452514,4,stroke_kai
4009,68.24944642435754,49.002643881452514,4,stroke_kai
4010,59.35447435731843,48.885604775307264,4,stroke_kai
4011,61.92933469251396,48.885604775307264,4,stroke_kai
4012,61.92933469251396,48.885604775307264,4,stroke_kai
4013,65.79162519530726,48.885604775307264,4,stroke_kai
4014,57.24777044670391,48.768565669162015,4,stroke_kai
4015,60.52486541877094,48.768565669162015,4,stroke_kai
4016,63.91899949698323,48.768565669162015,4,stroke_kai
4017,68.71760284893854,48.768565669162015,4,stroke_kai
4018,68.71760284893854,48.768565669162015,4,stroke_kai
4019,59.822630781899434,48.65152656301676,4,stroke_kai
4020,63.09972575396648,48.65152656301676,4,stroke_kai
4021,68.6005637427933,48.65152656301676,4,stroke_kai
4022,60.75894363106145,48.53448745687151,4,stroke_kai
4023,68.24944642435754,48.53448745687151,4,stroke_kai
4024,68.24944642435754,48.53448745687151,4,stroke_kai
4025,59.23743525117318,48.41744835072626,4,stroke_kai
4026,56.7796140221229,48.300409244581004,4,stroke_kai
4027,67.78128999977653,48.300409244581004,4,stroke_kai
4028,60.6419045249162,48.183370138435755,4,stroke_kai
4029,60.6419045249162,48.183370138435755,4,stroke_kai
4030,68.13240731821229,48.183370138435755,4,stroke_kai
4031,63.91899949698323,48.066331032290506,4,stroke_kai
4032,68.8346419550838,48.066331032290506,4,stroke_kai
4033,64.38715592156424,47.94929192614525,4,stroke_kai
4034,57.013692234413405,47.83225282,4,stroke_kai
4035,57.013692234413405,47.83225282,4,stroke_kai
4036,68.24944642435754,47.83225282,4,stroke_kai
4037,60.17374810033519,47.71521371385475,4,stroke_kai
4038,67.89832910592179,47.71521371385475,4,stroke_kai
4039,57.48184865899441,47.598174607709495,4,stroke_kai
4040,64.38715592156424,47.598174607709495,4,stroke_kai
4041,64.38715592156424,47.598174607709495,4,stroke_kai
4042,56.5455358098324,47.481135501564246,4,stroke_kai
4043,60.993021843351954,47.481135501564246,4,stroke_kai
4044,68.13240731821229,47.481135501564246,4,stroke_kai
4045,60.05670899418994,47.364096395419,4,stroke_kai
4046,64.62123413385474,47.364096395419,4,stroke_kai
4047,64.62123413385474,47.364096395419,4,stroke_kai
4048,56.7796140221229,47.24705728927374,4,stroke_kai
4049,61.22710005564245,47.24705728927374,4,stroke_kai
4050,68.36648553050279,47.24705728927374,4,stroke_kai
4051,60.290787206480445,47.13001818312849,4,stroke_kai
4052,60.290787206480445,47.13001818312849,4,stroke_kai
4053,64.85531234614525,47.13001818312849,4,stroke_kai
4054,57.013692234413405,47.01297907698324,4,stroke_kai
4055,63.91899949698323,47.01297907698324,4,stroke_kai
4056,68.6005637427933,47.01297907698324,4,stroke_kai
4057,60.52486541877094,46.895939970837986,4,stroke_kai
4058,60.52486541877094,46.895939970837986,4,stroke_kai
4059,56.896653128268156,46.77890086469274,4,stroke_kai
4060,68.71760284893854,46.77890086469274,4,stroke_kai
4061,67.66425089363128,46.66186175854749,4,stroke_kai
4062,57.24777044670391,46.54482265240224,4,stroke_kai
4063,65.79162519530726,46.54482265240224,4,stroke_kai
4064,65.79162519530726,46.54482265240224,4,stroke_kai
4065,56.896653128268156,46.42778354625698,4,stroke_kai
4066,64.85531234614525,46.42778354625698,4,stroke_kai
4067,56.428496703687145,46.31074444011173,4,stroke_kai
4068,60.993021843351954,46.31074444011173,4,stroke_kai
4069,67.78128999977653,46.31074444011173,4,stroke_kai
4070,67.78128999977653,46.31074444011173,4,stroke_kai
4071,57.36480955284916,46.193705333966484,4,stroke_kai
4072,61.69525648022346,46.193705333966484,4,stroke_kai
4073,68.36648553050279,46.193705333966484,4,stroke_kai
4074,60.6419045249162,46.07666622782123,4,stroke_kai
4075,60.6419045249162,46.07666622782123,4,stroke_kai
4076,63.91899949698323,46.07666622782123,4,stroke_kai
4077,66.02570340759776,46.07666622782123,4,stroke_kai
4078,59.23743525117318,45.95962712167598,4,stroke_kai
4079,64.27011681541899,45.95962712167598,4,stroke_kai
4080,68.24944642435754,45.95962712167598,4,stroke_kai
4081,68.24944642435754,45.95962712167598,4,stroke_kai
4082,59.822630781899434,45.84258801553073,4,stroke_kai
4083,63.33380396625698,45.84258801553073,4,stroke_kai
4084,68.6005637427933,45.84258801553073,4,stroke_kai
4085,60.290787206480445,45.72554890938547,4,stroke_kai
4086,65.674586089162,45.72554890938547,4,stroke_kai
4087,65.674586089162,45.72554890938547,4,stroke_kai
4088,56.66257491597765,45.608509803240224,4,stroke_kai
4089,61.69525648022346,45.608509803240224,4,stroke_kai
4090,68.13240731821229,45.608509803240224,4,stroke_kai
4091,59.003357038882676,45.491470697094975,4,stroke_kai
4092,59.003357038882676,45.491470697094975,4,stroke_kai
4093,65.55754698301675,45.491470697094975,4,stroke_kai
4094,56.66257491597765,45.37443159094972,4,stroke_kai
4095,60.6419045249162,45.37443159094972,4,stroke_kai
4096,56.5455358098324,45.25739248480447,4,stroke_kai
4097,60.6419045249162,45.25739248480447,4,stroke_kai
4098,60.6419045249162,45.25739248480447,4,stroke_kai
4099,56.7796140221229,45.14035337865922,4,stroke_kai
4100,68.13240731821229,45.14035337865922,4,stroke_kai
4101,59.822630781899434,45.023314272513964,4,stroke_kai
4102,67.89832910592179,45.023314272513964,4,stroke_kai
4103,57.36480955284916,44.906275166368715,4,stroke_kai
4104,57.36480955284916,44.906275166368715,4,stroke_kai
4105,67.89832910592179,44.906275166368715,4,stroke_kai
4106,57.36480955284916,44.789236060223466,4,stroke_kai
4107,64.9723514522905,44.789236060223466,4,stroke_kai
4108,56.896653128268156,44.67219695407821,4,stroke_kai
4109,64.03603860312849,44.67219695407821,4,stroke_kai
4110,64.03603860312849,44.67219695407821,4,stroke_kai
4111,68.6005637427933,44.67219695407821,4,stroke_kai
4112,60.52486541877094,44.55515784793296,4,stroke_kai
4113,67.66425089363128,44.55515784793296,4,stroke_kai
4114,57.130731340558654,44.43811874178771,4,stroke_kai
4115,57.130731340558654,44.43811874178771,4,stroke_kai
4116,64.38715592156424,44.43811874178771,4,stroke_kai
4117,56.428496703687145,44.32107963564246,4,stroke_kai
4118,60.993021843351954,44.32107963564246,4,stroke_kai
4119,56.428496703687145,44.204040529497206,4,stroke_kai
4120,60.993021843351954,44.204040529497206,4,stroke_kai
4121,60.993021843351954,44.204040529497206,4,stroke_kai
4122,60.290787206480445,44.08700142335196,4,stroke_kai
4123,57.130731340558654,43.96996231720671,4,stroke_kai
4124,64.38715592156424,43.96996231720671,4,stroke_kai
4125,60.290787206480445,43.85292321106145,4,stroke_kai
4126,68.13240731821229,43.85292321106145,4,stroke_kai
4127,68.13240731821229,43.85292321106145,4,stroke_kai
4128,60.17374810033519,43.7358841049162,4,stroke_kai
4129,67.89832910592179,43.7358841049162,4,stroke_kai
4130,57.24777044670391,43.61884499877095,4,stroke_kai
4131,64.5041950277095,43.61884499877095,4,stroke_kai
4132,56.311457597541896,43.5018058926257,4,stroke_kai
4133,56.311457597541896,43.5018058926257,4,stroke_kai
4134,64.15307770927375,43.5018058926257,4,stroke_kai
4135,68.71760284893854,43.5018058926257,4,stroke_kai
4136,61.1100609494972,43.38476678648045,4,stroke_kai
4137,68.36648553050279,43.38476678648045,4,stroke_kai
4138,68.36648553050279,43.38476678648045,4,stroke_kai
4139,60.75894363106145,43.2677276803352,4,stroke_kai
4140,68.01536821206703,43.2677276803352,4,stroke_kai
4141,57.24777044670391,43.15068857418994,4,stroke_kai
4142,64.62123413385474,43.15068857418994,4,stroke_kai
4143,56.896653128268156,43.03364946804469,4,stroke_kai
4144,56.896653128268156,43.03364946804469,4,stroke_kai
4145,64.27011681541899,43.03364946804469,4,stroke_kai
4146,68.8346419550838,43.03364946804469,4,stroke_kai
4147,63.91899949698323,42.916610361899444,4,stroke_kai
4148,68.48352463664804,42.916610361899444,4,stroke_kai
4149,60.75894363106145,42.79957125575419,4,stroke_kai
4150,60.75894363106145,42.79957125575419,4,stroke_kai
4151,68.01536821206703,42.79957125575419,4,stroke_kai
4152,57.36480955284916,42.68253214960894,4,stroke_kai
4153,67.66425089363128,42.68253214960894,4,stroke_kai
4154,56.7796140221229,42.56549304346369,4,stroke_kai
4155,64.62123413385474,42.56549304346369,4,stroke_kai
4156,64.62123413385474,42.56549304346369,4,stroke_kai
4157,56.19441849139665,42.44845393731843,4,stroke_kai
4158,63.91899949698323,42.44845393731843,4,stroke_kai
4159,68.48352463664804,42.44845393731843,4,stroke_kai
4160,60.05670899418994,42.331414831173184,4,stroke_kai
4161,60.05670899418994,42.331414831173184,4,stroke_kai
4162,64.9723514522905,42.331414831173184,4,stroke_kai
4163,57.013692234413405,42.214375725027935,4,stroke_kai
4164,64.27011681541899,42.214375725027935,4,stroke_kai
4165,60.05670899418994,42.09733661888268,4,stroke_kai
4166,68.6005637427933,42.09733661888268,4,stroke_kai
4167,68.6005637427933,42.09733661888268,4,stroke_kai
4168,64.73827324,41.98029751273743,4,stroke_kai
4169,61.22710005564245,41.86325840659218,4,stroke_kai
4170,68.48352463664804,41.86325840659218,4,stroke_kai
4171,60.290787206480445,41.746219300446924,4,stroke_kai
4172,67.78128999977653,41.746219300446924,4,stroke_kai
4173,67.78128999977653,41.746219300446924,4,stroke_kai
4174,56.7796140221229,41.629180194301675,4,stroke_kai
4175,64.03603860312849,41.629180194301675,4,stroke_kai
4176,68.71760284893854,41.629180194301675,4,stroke_kai
4177,60.290787206480445,41.512141088156426,4,stroke_kai
4178,64.9723514522905,41.512141088156426,4,stroke_kai
4179,64.9723514522905,41.512141088156426,4,stroke_kai
4180,56.5455358098324,41.39510198201118,4,stroke_kai
4181,61.22710005564245,41.39510198201118,4,stroke_kai
4182,68.48352463664804,41.39510198201118,4,stroke_kai
4183,60.05670899418994,41.27806287586592,4,stroke_kai
4184,60.05670899418994,41.27806287586592,4,stroke_kai
4185,64.9723514522905,41.27806287586592,4,stroke_kai
4186,59.93966988804469,41.16102376972067,4,stroke_kai
4187,67.78128999977653,41.16102376972067,4,stroke_kai
4188,63.91899949698323,41.04398466357542,4,stroke_kai
4189,55.84330117296089,40.926945557430166,4,stroke_kai
4190,55.84330117296089,40.926945557430166,4,stroke_kai
4191,65.08939055843575,40.926945557430166,4,stroke_kai
4192,60.6419045249162,40.80990645128492,4,stroke_kai
4193,68.01536821206703,40.80990645128492,4,stroke_kai
4194,60.290787206480445,40.69286734513967,4,stroke_kai
4195,65.08939055843575,40.69286734513967,4,stroke_kai
4196,65.08939055843575,40.69286734513967,4,stroke_kai
4197,60.993021843351954,40.57582823899441,4,stroke_kai
4198,68.36648553050279,40.57582823899441,4,stroke_kai
4199,64.38715592156424,40.45878913284916,4,stroke_kai
4200,56.7796140221229,40.34175002670391,4,stroke_kai
4201,56.7796140221229,40.34175002670391,4,stroke_kai
4202,64.73827324,40.34175002670391,4,stroke_kai
4203,56.896653128268156,40.22471092055866,4,stroke_kai
4204,64.5041950277095,40.22471092055866,4,stroke_kai
4205,56.896653128268156,40.10767181441341,4,stroke_kai
4206,64.27011681541899,40.10767181441341,4,stroke_kai
4207,64.27011681541899,40.10767181441341,4,stroke_kai
4208,60.290787206480445,39.99063270826816,4,stroke_kai
4209,65.08939055843575,39.99063270826816,4,stroke_kai
4210,61.1100609494972,39.87359360212291,4,stroke_kai
4211,59.822630781899434,39.75655449597765,4,stroke_kai
4212,64.62123413385474,39.75655449597765,4,stroke_kai
4213,64.62123413385474,39.75655449597765,4,stroke_kai
4214,57.013692234413405,39.639515389832404,4,stroke_kai
4215,64.5041950277095,39.639515389832404,4,stroke_kai
4216,56.7796140221229,39.522476283687155,4,stroke_kai
4217,64.85531234614525,39.522476283687155,4,stroke_kai
4218,57.013692234413405,39.4054371775419,4,stroke_kai
4219,57.013692234413405,39.4054371775419,4,stroke_kai
4220,68.01536821206703,39.4054371775419,4,stroke_kai
4221,64.9723514522905,39.28839807139665,4,stroke_kai
4222,64.62123413385474,39.1713589652514,4,stroke_kai
4223,64.15307770927375,39.054319859106144,4,stroke_kai
4224,64.15307770927375,39.054319859106144,4,stroke_kai
4225,60.6419045249162,38.937280752960895,4,stroke_kai
4226,55.726262066815636,38.820241646815646,4,stroke_kai
4227,64.15307770927375,38.820241646815646,4,stroke_kai
4228,60.993021843351954,38.70320254067039,4,stroke_kai
4229,60.290787206480445,38.58616343452514,4,stroke_kai
4230,60.290787206480445,38.58616343452514,4,stroke_kai
4231,59.93966988804469,38.46912432837989,4,stroke_kai
4232,56.66257491597765,38.352085222234635,4,stroke_kai
4233,55.37514474837988,38.235046116089386,4,stroke_kai
4234,64.85531234614525,38.235046116089386,4,stroke_kai
4235,65.20642966458101,38.11800700994414,4,stroke_kai
4236,65.20642966458101,38.11800700994414,4,stroke_kai
4237,65.20642966458101,38.00096790379888,4,stroke_kai
4238,60.52486541877094,37.88392879765363,4,stroke_kai
4239,55.60922296067039,37.76688969150838,4,stroke_kai
4240,63.91899949698323,37.76688969150838,4,stroke_kai
4241,55.96034027910614,37.649850585363126,4,stroke_kai
4242,55.96034027910614,37.649850585363126,4,stroke_kai
4243,64.85531234614525,37.649850585363126,4,stroke_kai
4244,60.05670899418994,37.53281147921788,4,stroke_kai
4245,56.5455358098324,37.41577237307263,4,stroke_kai
4246,56.428496703687145,37.29873326692737,4,stroke_kai
4247,56.428496703687145,37.29873326692737,4,stroke_kai
4248,64.27011681541899,37.29873326692737,4,stroke_kai
4249,63.91899949698323,37.18169416078212,4,stroke_kai
4250,60.6419045249162,37.06465505463687,4,stroke_kai
4251,55.726262066815636,36.94761594849162,4,stroke_kai
4252,55.25810564223463,36.83057684234637,4,stroke_kai
4253,55.25810564223463,36.83057684234637,4,stroke_kai
4254,63.91899949698323,36.83057684234637,4,stroke_kai
4255,55.84330117296089,36.71353773620112,4,stroke_kai
4256,64.27011681541899,36.71353773620112,4,stroke_kai
4257,60.17374810033519,36.59649863005586,4,stroke_kai
4258,56.07737938525139,36.47945952391061,4,stroke_kai
4259,56.07737938525139,36.47945952391061,4,stroke_kai
4260,64.9723514522905,36.47945952391061,4,stroke_kai
4261,64.38715592156424,36.362420417765364,4,stroke_kai
4262,64.15307770927375,36.245381311620115,4,stroke_kai
4263,59.705591675754185,36.12834220547486,4,stroke_kai
4264,65.20642966458101,36.12834220547486,4,stroke_kai
4265,65.20642966458101,36.12834220547486,4,stroke_kai
4266,65.08939055843575,36.01130309932961,4,stroke_kai
4267,64.15307770927375,35.89426399318436,4,stroke_kai
4268,63.91899949698323,35.77722488703911,4,stroke_kai
4269,56.311457597541896,35.660185780893855,4,stroke_kai
4270,56.311457597541896,35.660185780893855,4,stroke_kai
4271,55.49218385452514,35.543146674748606,4,stroke_kai
4272,64.15307770927375,35.543146674748606,4,stroke_kai
4273,56.311457597541896,35.426107568603356,4,stroke_kai
4274,55.49218385452514,35.3090684624581,4,stroke_kai
4275,64.62123413385474,35.3090684624581,4,stroke_kai
4276,64.62123413385474,35.3090684624581,4,stroke_kai
4277,64.27011681541899,35.19202935631285,4,stroke_kai
4278,63.91899949698323,35.0749902501676,4,stroke_kai
4279,55.25810564223463,34.8409120378771,4,stroke_kai
4280,55.84330117296089,34.72387293173185,4,stroke_kai
4281,56.07737938525139,34.60683382558659,4,stroke_kai
4282,56.07737938525139,34.60683382558659,4,stroke_kai
4283,56.311457597541896,34.48979471944134,4,stroke_kai
4284,56.07737938525139,34.25571650715084,4,stroke_kai
4285,58.41816150815642,33.78756008256983,4,stroke_kai
4286,58.88631793273743,33.20236455184357,4,stroke_kai
4287,59.12039614502793,32.85124723340782,4,stroke_kai
4288,54.78994921765363,85.98700142335196,5,text_en_1919
4289,54.08771458078212,85.8699623172067,5,text_en_1919
4290,53.50251905005586,85.75292321106146,5,text_en_1919
4291,54.321792793072625,85.75292321106146,5,text_en_1919
4292,53.619558156201116,85.6358841049162,5,text_en_1919
4293,54.438831899217874,85.6358841049162,5,text_en_1919
4294,59.23743525117318,85.6358841049162,5,text_en_1919
4295,53.736597262346365,85.51884499877096,5,text_en_1919
4296,58.88631793273743,85.51884499877096,5,text_en_1919
4297,48.00168106122905,85.4018058926257,5,text_en_1919
4298,49.28911122882681,85.4018058926257,5,text_en_1919
4299,58.65223972044692,85.4018058926257,5,text_en_1919
4300,48.00168106122905,85.28476678648045,5,text_en_1919
4301,49.17207212268156,85.28476678648045,5,text_en_1919
4302,54.438831899217874,85.28476678648045,5,text_en_1919
4303,59.705591675754185,85.28476678648045,5,text_en_1919
4304,49.17207212268156,85.16772768033519,5,text_en_1919
4305,54.20475368692737,85.16772768033519,5,text_en_1919
4306,59.47151346346369,85.16772768033519,5,text_en_1919
4307,49.17207212268156,85.05068857418995,5,text_en_1919
4308,53.853636368491614,85.05068857418995,5,text_en_1919
4309,59.12039614502793,85.05068857418995,5,text_en_1919
4310,48.23575927351955,84.93364946804469,5,text_en_1919
4311,53.50251905005586,84.93364946804469,5,text_en_1919
4312,58.65223972044692,84.93364946804469,5,text_en_1919
4313,59.47151346346369,84.93364946804469,5,text_en_1919
4314,48.469837485810054,84.81661036189945,5,text_en_1919
4315,53.853636368491614,84.81661036189945,5,text_en_1919
4316,58.88631793273743,84.81661036189945,5,text_en_1919
4317,59.822630781899434,84.81661036189945,5,text_en_1919
4318,53.26844083776536,84.6995712557542,5,text_en_1919
4319,54.08771458078212,84.6995712557542,5,text_en_1919
4320,59.12039614502793,84.6995712557542,5,text_en_1919
4321,63.33380396625698,84.6995712557542,5,text_en_1919
4322,44.373468770726255,84.58253214960894,5,text_en_1919
4323,53.38547994391061,84.58253214960894,5,text_en_1919
4324,54.321792793072625,84.58253214960894,5,text_en_1919
4325,59.23743525117318,84.58253214960894,5,text_en_1919
4326,63.45084307240223,84.58253214960894,5,text_en_1919
4327,44.256429664581006,84.46549304346368,5,text_en_1919
4328,53.26844083776536,84.46549304346368,5,text_en_1919
4329,54.08771458078212,84.46549304346368,5,text_en_1919
4330,59.003357038882676,84.46549304346368,5,text_en_1919
4331,63.684921284692734,84.46549304346368,5,text_en_1919
4332,44.13939055843575,84.34845393731844,5,text_en_1919
4333,48.82095480424581,84.34845393731844,5,text_en_1919
4334,53.97067547463687,84.34845393731844,5,text_en_1919
4335,58.88631793273743,84.34845393731844,5,text_en_1919
4336,59.705591675754185,84.34845393731844,5,text_en_1919
4337,43.32011681541899,84.23141483117318,5,text_en_1919
4338,53.26844083776536,84.23141483117318,5,text_en_1919
4339,54.08771458078212,84.23141483117318,5,text_en_1919
4340,59.822630781899434,84.23141483117318,5,text_en_1919
4341,64.5041950277095,84.23141483117318,5,text_en_1919
4342,53.38547994391061,84.11437572502794,5,text_en_1919
4343,55.024027429944134,84.11437572502794,5,text_en_1919
4344,63.21676486011173,84.11437572502794,5,text_en_1919
4345,43.5541950277095,83.99733661888268,5,text_en_1919
4346,49.52318944111732,83.99733661888268,5,text_en_1919
4347,53.97067547463687,83.99733661888268,5,text_en_1919
4348,63.80196039083798,83.99733661888268,5,text_en_1919
4349,44.60754698301676,83.88029751273743,5,text_en_1919
4350,53.26844083776536,83.88029751273743,5,text_en_1919
4351,55.25810564223463,83.88029751273743,5,text_en_1919
4352,44.0223514522905,83.76325840659217,5,text_en_1919
4353,48.5868765919553,83.76325840659217,5,text_en_1919
4354,53.736597262346365,83.76325840659217,5,text_en_1919
4355,58.88631793273743,83.76325840659217,5,text_en_1919
4356,67.31313357519552,83.76325840659217,5,text_en_1919
4357,48.352798379664804,83.64621930044693,5,text_en_1919
4358,53.619558156201116,83.64621930044693,5,text_en_1919
4359,59.003357038882676,83.64621930044693,5,text_en_1919
4360,63.09972575396648,83.64621930044693,5,text_en_1919
4361,44.0223514522905,83.52918019430169,5,text_en_1919
4362,49.28911122882681,83.52918019430169,5,text_en_1919
4363,53.619558156201116,83.52918019430169,5,text_en_1919
4364,58.88631793273743,83.52918019430169,5,text_en_1919
4365,59.705591675754185,83.52918019430169,5,text_en_1919
4366,43.788273239999995,83.41214108815643,5,text_en_1919
4367,49.640228547262566,83.41214108815643,5,text_en_1919
4368,55.60922296067039,83.41214108815643,5,text_en_1919
4369,59.23743525117318,83.41214108815643,5,text_en_1919
4370,63.91899949698323,83.41214108815643,5,text_en_1919
4371,68.13240731821229,83.41214108815643,5,text_en_1919
4372,49.055033016536306,83.29510198201118,5,text_en_1919
4373,53.50251905005586,83.29510198201118,5,text_en_1919
4374,58.76927882659218,83.29510198201118,5,text_en_1919
4375,59.588552569608936,83.29510198201118,5,text_en_1919
4376,64.27011681541899,83.29510198201118,5,text_en_1919
4377,48.469837485810054,83.17806287586592,5,text_en_1919
4378,53.853636368491614,83.17806287586592,5,text_en_1919
4379,58.53520061430167,83.17806287586592,5,text_en_1919
4380,59.47151346346369,83.17806287586592,5,text_en_1919
4381,63.567882178547485,83.17806287586592,5,text_en_1919
4382,68.71760284893854,83.17806287586592,5,text_en_1919
4383,49.17207212268156,83.06102376972066,5,text_en_1919
4384,53.97067547463687,83.06102376972066,5,text_en_1919
4385,58.65223972044692,83.06102376972066,5,text_en_1919
4386,59.588552569608936,83.06102376972066,5,text_en_1919
4387,68.48352463664804,83.06102376972066,5,text_en_1919
4388,44.13939055843575,82.94398466357542,5,text_en_1919
4389,53.736597262346365,82.94398466357542,5,text_en_1919
4390,55.84330117296089,82.94398466357542,5,text_en_1919
4391,67.66425089363128,82.94398466357542,5,text_en_1919
4392,43.5541950277095,82.82694555743018,5,text_en_1919
4393,48.82095480424581,82.82694555743018,5,text_en_1919
4394,53.26844083776536,82.82694555743018,5,text_en_1919
4395,54.08771458078212,82.82694555743018,5,text_en_1919
4396,62.865647541675976,82.82694555743018,5,text_en_1919
4397,67.43017268134078,82.82694555743018,5,text_en_1919
4398,68.36648553050279,82.82694555743018,5,text_en_1919
4399,48.5868765919553,82.70990645128492,5,text_en_1919
4400,49.40615033497206,82.70990645128492,5,text_en_1919
4401,53.736597262346365,82.70990645128492,5,text_en_1919
4402,55.96034027910614,82.70990645128492,5,text_en_1919
4403,63.45084307240223,82.70990645128492,5,text_en_1919
4404,67.89832910592179,82.70990645128492,5,text_en_1919
4405,44.256429664581006,82.59286734513967,5,text_en_1919
4406,48.82095480424581,82.59286734513967,5,text_en_1919
4407,53.736597262346365,82.59286734513967,5,text_en_1919
4408,56.07737938525139,82.59286734513967,5,text_en_1919
4409,59.35447435731843,82.59286734513967,5,text_en_1919
4410,68.24944642435754,82.59286734513967,5,text_en_1919
4411,53.26844083776536,82.47582823899441,5,text_en_1919
4412,54.08771458078212,82.47582823899441,5,text_en_1919
4413,58.65223972044692,82.47582823899441,5,text_en_1919
4414,59.47151346346369,82.47582823899441,5,text_en_1919
4415,68.36648553050279,82.47582823899441,5,text_en_1919
4416,49.28911122882681,82.35878913284915,5,text_en_1919
4417,53.853636368491614,82.35878913284915,5,text_en_1919
4418,58.41816150815642,82.35878913284915,5,text_en_1919
4419,59.23743525117318,82.35878913284915,5,text_en_1919
4420,64.03603860312849,82.35878913284915,5,text_en_1919
4421,43.671234133854746,82.24175002670391,5,text_en_1919
4422,49.757267653407816,82.24175002670391,5,text_en_1919
4423,53.97067547463687,82.24175002670391,5,text_en_1919
4424,58.41816150815642,82.24175002670391,5,text_en_1919
4425,59.23743525117318,82.24175002670391,5,text_en_1919
4426,63.09972575396648,82.24175002670391,5,text_en_1919
4427,68.6005637427933,82.24175002670391,5,text_en_1919
4428,48.82095480424581,82.12471092055867,5,text_en_1919
4429,53.619558156201116,82.12471092055867,5,text_en_1919
4430,56.311457597541896,82.12471092055867,5,text_en_1919
4431,59.12039614502793,82.12471092055867,5,text_en_1919
4432,67.31313357519552,82.12471092055867,5,text_en_1919
4433,44.490507876871504,82.00767181441341,5,text_en_1919
4434,53.26844083776536,82.00767181441341,5,text_en_1919
4435,54.20475368692737,82.00767181441341,5,text_en_1919
4436,58.76927882659218,82.00767181441341,5,text_en_1919
4437,63.33380396625698,82.00767181441341,5,text_en_1919
4438,67.43017268134078,82.00767181441341,5,text_en_1919
4439,44.0223514522905,81.89063270826816,5,text_en_1919
4440,53.50251905005586,81.89063270826816,5,text_en_1919
4441,58.53520061430167,81.89063270826816,5,text_en_1919
4442,59.47151346346369,81.89063270826816,5,text_en_1919
4443,67.31313357519552,81.89063270826816,5,text_en_1919
4444,68.24944642435754,81.89063270826816,5,text_en_1919
4445,49.757267653407816,81.7735936021229,5,text_en_1919
4446,53.736597262346365,81.7735936021229,5,text_en_1919
4447,58.88631793273743,81.7735936021229,5,text_en_1919
4448,63.21676486011173,81.7735936021229,5,text_en_1919
4449,67.89832910592179,81.7735936021229,5,text_en_1919
4450,45.075703407597764,81.65655449597764,5,text_en_1919
4451,49.640228547262566,81.65655449597764,5,text_en_1919
4452,53.619558156201116,81.65655449597764,5,text_en_1919
4453,58.76927882659218,81.65655449597764,5,text_en_1919
4454,63.09972575396648,81.65655449597764,5,text_en_1919
4455,67.78128999977653,81.65655449597764,5,text_en_1919
4456,36.29777044670391,81.5395153898324,5,text_en_1919
4457,48.93799391039106,81.5395153898324,5,text_en_1919
4458,53.736597262346365,81.5395153898324,5,text_en_1919
4459,58.88631793273743,81.5395153898324,5,text_en_1919
4460,67.19609446905028,81.5395153898324,5,text_en_1919
4461,68.01536821206703,81.5395153898324,5,text_en_1919
4462,43.90531234614525,81.42247628368716,5,text_en_1919
4463,44.72458608916201,81.42247628368716,5,text_en_1919
4464,53.38547994391061,81.42247628368716,5,text_en_1919
4465,54.321792793072625,81.42247628368716,5,text_en_1919
4466,59.35447435731843,81.42247628368716,5,text_en_1919
4467,67.54721178748603,81.42247628368716,5,text_en_1919
4468,36.18073134055865,81.3054371775419,5,text_en_1919
4469,50.10838497184357,81.3054371775419,5,text_en_1919
4470,53.97067547463687,81.3054371775419,5,text_en_1919
4471,59.003357038882676,81.3054371775419,5,text_en_1919
4472,68.48352463664804,81.3054371775419,5,text_en_1919
4473,49.87430675955307,81.18839807139665,5,text_en_1919
4474,53.736597262346365,81.18839807139665,5,text_en_1919
4475,56.896653128268156,81.18839807139665,5,text_en_1919
4476,59.12039614502793,81.18839807139665,5,text_en_1919
4477,62.865647541675976,81.18839807139665,5,text_en_1919
4478,48.93799391039106,81.07135896525139,5,text_en_1919
4479,49.87430675955307,81.07135896525139,5,text_en_1919
4480,53.736597262346365,81.07135896525139,5,text_en_1919
4481,58.30112240201117,81.07135896525139,5,text_en_1919
4482,59.12039614502793,81.07135896525139,5,text_en_1919
4483,63.567882178547485,81.07135896525139,5,text_en_1919
4484,44.60754698301676,80.95431985910615,5,text_en_1919
4485,49.17207212268156,80.95431985910615,5,text_en_1919
4486,53.26844083776536,80.95431985910615,5,text_en_1919
4487,54.08771458078212,80.95431985910615,5,text_en_1919
4488,58.65223972044692,80.95431985910615,5,text_en_1919
4489,59.47151346346369,80.95431985910615,5,text_en_1919
4490,67.78128999977653,80.95431985910615,5,text_en_1919
4491,35.127379385251395,80.8372807529609,5,text_en_1919
4492,44.373468770726255,80.8372807529609,5,text_en_1919
4493,50.10838497184357,80.8372807529609,5,text_en_1919
4494,57.013692234413405,80.8372807529609,5,text_en_1919
4495,59.003357038882676,80.8372807529609,5,text_en_1919
4496,67.07905536290502,80.8372807529609,5,text_en_1919
4497,67.89832910592179,80.8372807529609,5,text_en_1919
4498,35.3614575975419,80.72024164681565,5,text_en_1919
4499,49.52318944111732,80.72024164681565,5,text_en_1919
4500,53.97067547463687,80.72024164681565,5,text_en_1919
4501,59.12039614502793,80.72024164681565,5,text_en_1919
4502,67.31313357519552,80.72024164681565,5,text_en_1919
4503,68.13240731821229,80.72024164681565,5,text_en_1919
4504,73.75028441318435,80.72024164681565,5,text_en_1919
4505,45.30978161988826,80.6032025406704,5,text_en_1919
4506,54.321792793072625,80.6032025406704,5,text_en_1919
4507,63.567882178547485,80.6032025406704,5,text_en_1919
4508,68.01536821206703,80.6032025406704,5,text_en_1919
4509,73.04804977631285,80.6032025406704,5,text_en_1919
4510,44.72458608916201,80.48616343452514,5,text_en_1919
4511,49.28911122882681,80.48616343452514,5,text_en_1919
4512,53.97067547463687,80.48616343452514,5,text_en_1919
4513,59.47151346346369,80.48616343452514,5,text_en_1919
4514,67.66425089363128,80.48616343452514,5,text_en_1919
4515,44.256429664581006,80.36912432837988,5,text_en_1919
4516,45.19274251374301,80.36912432837988,5,text_en_1919
4517,49.87430675955307,80.36912432837988,5,text_en_1919
4518,53.97067547463687,80.36912432837988,5,text_en_1919
4519,62.280452010949716,80.36912432837988,5,text_en_1919
4520,67.31313357519552,80.36912432837988,5,text_en_1919
4521,44.72458608916201,80.25208522223464,5,text_en_1919
4522,53.15140173162011,80.25208522223464,5,text_en_1919
4523,54.08771458078212,80.25208522223464,5,text_en_1919
4524,62.51453022324022,80.25208522223464,5,text_en_1919
4525,63.33380396625698,80.25208522223464,5,text_en_1919
4526,67.66425089363128,80.25208522223464,5,text_en_1919
4527,49.87430675955307,80.13504611608938,5,text_en_1919
4528,53.50251905005586,80.13504611608938,5,text_en_1919
4529,57.48184865899441,80.13504611608938,5,text_en_1919
4530,59.35447435731843,80.13504611608938,5,text_en_1919
4531,67.19609446905028,80.13504611608938,5,text_en_1919
4532,68.01536821206703,80.13504611608938,5,text_en_1919
4533,49.640228547262566,80.01800700994414,5,text_en_1919
4534,53.26844083776536,80.01800700994414,5,text_en_1919
4535,54.08771458078212,80.01800700994414,5,text_en_1919
4536,59.12039614502793,80.01800700994414,5,text_en_1919
4537,67.89832910592179,80.01800700994414,5,text_en_1919
4538,44.373468770726255,79.90096790379889,5,text_en_1919
4539,45.42682072603351,79.90096790379889,5,text_en_1919
4540,53.15140173162011,79.90096790379889,5,text_en_1919
4541,53.97067547463687,79.90096790379889,5,text_en_1919
4542,58.65223972044692,79.90096790379889,5,text_en_1919
4543,62.74860843553073,79.90096790379889,5,text_en_1919
4544,72.11173692715084,79.90096790379889,5,text_en_1919
4545,45.19274251374301,79.78392879765363,5,text_en_1919
4546,49.99134586569832,79.78392879765363,5,text_en_1919
4547,53.619558156201116,79.78392879765363,5,text_en_1919
4548,57.83296597743016,79.78392879765363,5,text_en_1919
4549,59.23743525117318,79.78392879765363,5,text_en_1919
4550,67.66425089363128,79.78392879765363,5,text_en_1919
4551,36.531848658994406,79.66688969150837,5,text_en_1919
4552,49.757267653407816,79.66688969150837,5,text_en_1919
4553,53.38547994391061,79.66688969150837,5,text_en_1919
4554,54.321792793072625,79.66688969150837,5,text_en_1919
4555,58.88631793273743,79.66688969150837,5,text_en_1919
4556,63.09972575396648,79.66688969150837,5,text_en_1919
4557,67.66425089363128,79.66688969150837,5,text_en_1919
4558,36.531848658994406,79.54985058536313,5,text_en_1919
4559,50.225424077988826,79.54985058536313,5,text_en_1919
4560,54.321792793072625,79.54985058536313,5,text_en_1919
4561,59.35447435731843,79.54985058536313,5,text_en_1919
4562,67.43017268134078,79.54985058536313,5,text_en_1919
4563,44.490507876871504,79.43281147921788,5,text_en_1919
4564,53.26844083776536,79.43281147921788,5,text_en_1919
4565,62.04637379865922,79.43281147921788,5,text_en_1919
4566,67.54721178748603,79.43281147921788,5,text_en_1919
4567,49.52318944111732,79.31577237307263,5,text_en_1919
4568,58.30112240201117,79.31577237307263,5,text_en_1919
4569,67.07905536290502,79.31577237307263,5,text_en_1919
4570,76.20810564223464,79.31577237307263,5,text_en_1919
4571,53.38547994391061,79.19873326692738,5,text_en_1919
4572,54.20475368692737,79.19873326692738,5,text_en_1919
4573,67.31313357519552,79.19873326692738,5,text_en_1919
4574,68.13240731821229,79.19873326692738,5,text_en_1919
4575,45.075703407597764,79.08169416078212,5,text_en_1919
4576,53.50251905005586,79.08169416078212,5,text_en_1919
4577,58.41816150815642,79.08169416078212,5,text_en_1919
4578,62.51453022324022,79.08169416078212,5,text_en_1919
4579,67.54721178748603,79.08169416078212,5,text_en_1919
4580,71.29246318413408,79.08169416078212,5,text_en_1919
4581,53.15140173162011,78.96465505463686,5,text_en_1919
4582,53.97067547463687,78.96465505463686,5,text_en_1919
4583,58.88631793273743,78.96465505463686,5,text_en_1919
4584,67.07905536290502,78.96465505463686,5,text_en_1919
4585,68.01536821206703,78.96465505463686,5,text_en_1919
4586,49.28911122882681,78.84761594849162,5,text_en_1919
4587,53.853636368491614,78.84761594849162,5,text_en_1919
4588,58.76927882659218,78.84761594849162,5,text_en_1919
4589,62.16341290480447,78.84761594849162,5,text_en_1919
4590,66.96201625675977,78.84761594849162,5,text_en_1919
4591,67.78128999977653,78.84761594849162,5,text_en_1919
4592,45.30978161988826,78.73057684234637,5,text_en_1919
4593,53.736597262346365,78.73057684234637,5,text_en_1919
4594,58.65223972044692,78.73057684234637,5,text_en_1919
4595,63.09972575396648,78.73057684234637,5,text_en_1919
4596,70.82430675955307,78.73057684234637,5,text_en_1919
4597,53.26844083776536,78.61353773620112,5,text_en_1919
4598,54.08771458078212,78.61353773620112,5,text_en_1919
4599,59.12039614502793,78.61353773620112,5,text_en_1919
4600,68.01536821206703,78.61353773620112,5,text_en_1919
4601,47.767602848938544,78.49649863005587,5,text_en_1919
4602,53.50251905005586,78.49649863005587,5,text_en_1919
4603,58.30112240201117,78.49649863005587,5,text_en_1919
4604,59.12039614502793,78.49649863005587,5,text_en_1919
4605,68.13240731821229,78.49649863005587,5,text_en_1919
4606,46.83128999977653,78.37945952391061,5,text_en_1919
4607,48.469837485810054,78.37945952391061,5,text_en_1919
4608,53.619558156201116,78.37945952391061,5,text_en_1919
4609,58.41816150815642,78.37945952391061,5,text_en_1919
4610,61.81229558636871,78.37945952391061,5,text_en_1919
4611,62.865647541675976,78.37945952391061,5,text_en_1919
4612,70.47318944111731,78.37945952391061,5,text_en_1919
4613,46.83128999977653,78.26242041776537,5,text_en_1919
4614,48.23575927351955,78.26242041776537,5,text_en_1919
4615,58.53520061430167,78.26242041776537,5,text_en_1919
4616,66.96201625675977,78.26242041776537,5,text_en_1919
4617,76.20810564223464,78.26242041776537,5,text_en_1919
4618,46.01201625675977,78.14538131162011,5,text_en_1919
4619,47.41648553050279,78.14538131162011,5,text_en_1919
4620,48.70391569810056,78.14538131162011,5,text_en_1919
4621,62.280452010949716,78.14538131162011,5,text_en_1919
4622,67.43017268134078,78.14538131162011,5,text_en_1919
4623,70.35615033497206,78.14538131162011,5,text_en_1919
4624,46.24609446905028,78.02834220547486,5,text_en_1919
4625,47.41648553050279,78.02834220547486,5,text_en_1919
4626,48.70391569810056,78.02834220547486,5,text_en_1919
4627,67.07905536290502,78.02834220547486,5,text_en_1919
4628,67.89832910592179,78.02834220547486,5,text_en_1919
4629,77.0273793852514,78.02834220547486,5,text_en_1919
4630,46.948329105921786,77.91130309932961,5,text_en_1919
4631,48.82095480424581,77.91130309932961,5,text_en_1919
4632,62.51453022324022,77.91130309932961,5,text_en_1919
4633,67.19609446905028,77.91130309932961,5,text_en_1919
4634,70.00503301653632,77.91130309932961,5,text_en_1919
4635,46.480172681340775,77.79426399318436,5,text_en_1919
4636,62.04637379865922,77.79426399318436,5,text_en_1919
4637,67.31313357519552,77.79426399318436,5,text_en_1919
4638,69.88799391039106,77.79426399318436,5,text_en_1919
4639,46.363133575195526,77.6772248870391,5,text_en_1919
4640,62.04637379865922,77.6772248870391,5,text_en_1919
4641,67.43017268134078,77.6772248870391,5,text_en_1919
4642,77.4955358098324,77.6772248870391,5,text_en_1919
4643,61.57821737407821,77.56018578089386,5,text_en_1919
4644,67.31313357519552,77.56018578089386,5,text_en_1919
4645,37.702239720446926,77.4431466747486,5,text_en_1919
4646,62.51453022324022,77.4431466747486,5,text_en_1919
4647,30.09469782100558,77.32610756860335,5,text_en_1919
4648,77.84665312826816,77.32610756860335,5,text_en_1919
4649,67.66425089363128,77.2090684624581,5,text_en_1919
4650,30.09469782100558,77.09202935631285,5,text_en_1919
4651,69.30279837966481,77.09202935631285,5,text_en_1919
4652,66.72793804446927,76.9749902501676,5,text_en_1919
4653,69.18575927351955,76.9749902501676,5,text_en_1919
4654,66.72793804446927,76.85795114402235,5,text_en_1919
4655,69.0687201673743,76.85795114402235,5,text_en_1919
4656,67.07905536290502,76.7409120378771,5,text_en_1919
4657,78.66592687128491,76.7409120378771,5,text_en_1919
4658,67.19609446905028,76.62387293173185,5,text_en_1919
4659,78.78296597743017,76.62387293173185,5,text_en_1919
4660,67.07905536290502,76.5068338255866,5,text_en_1919
4661,78.90000508357542,76.5068338255866,5,text_en_1919
4662,30.328776033296087,76.38979471944134,5,text_en_1919
4663,67.07905536290502,76.38979471944134,5,text_en_1919
4664,79.01704418972066,76.38979471944134,5,text_en_1919
4665,29.977658714860333,76.27275561329608,5,text_en_1919
4666,67.54721178748603,76.27275561329608,5,text_en_1919
4667,29.743580502569827,76.15571650715084,5,text_en_1919
4668,67.19609446905028,76.15571650715084,5,text_en_1919
4669,79.25112240201116,76.15571650715084,5,text_en_1919
4670,66.84497715061453,76.03867740100559,5,text_en_1919
4671,31.4991670947486,75.92163829486034,5,text_en_1919
4672,79.60223972044693,75.92163829486034,5,text_en_1919
4673,74.45251905005586,75.80459918871509,5,text_en_1919
4674,38.75559167575419,75.68756008256983,5,text_en_1919
4675,80.18743525117318,75.68756008256983,5,text_en_1919
4676,29.86061960871508,75.57052097642458,5,text_en_1919
4677,74.68659726234637,75.57052097642458,5,text_en_1919
4678,32.43547994391061,75.45348187027933,5,text_en_1919
4679,79.95335703888267,75.45348187027933,5,text_en_1919
4680,67.89832910592179,75.33644276413408,5,text_en_1919
4681,32.66955815620111,75.21940365798883,5,text_en_1919
4682,79.95335703888267,75.21940365798883,5,text_en_1919
4683,39.22374810033519,75.10236455184358,5,text_en_1919
4684,30.09469782100558,74.98532544569832,5,text_en_1919
4685,39.34078720648044,74.98532544569832,5,text_en_1919
4686,30.09469782100558,74.86828633955307,5,text_en_1919
4687,73.6332453070391,74.86828633955307,5,text_en_1919
4688,38.98966988804469,74.75124723340782,5,text_en_1919
4689,33.72291011150838,74.63420812726257,5,text_en_1919
4690,33.95698832379888,74.51716902111733,5,text_en_1919
4691,76.09106653608939,74.40012991497207,5,text_en_1919
4692,76.32514474837988,74.28309080882681,5,text_en_1919
4693,30.445815139441336,74.04901259653631,5,text_en_1919
4694,29.86061960871508,73.93197349039106,5,text_en_1919
4695,72.81397156402234,73.93197349039106,5,text_en_1919
4696,35.244418491396644,73.81493438424582,5,text_en_1919
4697,35.47849670368714,73.69789527810056,5,text_en_1919
4698,35.5955358098324,73.5808561719553,5,text_en_1919
4699,77.9636922344134,73.5808561719553,5,text_en_1919
4700,35.94665312826815,73.46381706581006,5,text_en_1919
4701,77.7296140221229,73.46381706581006,5,text_en_1919
4702,35.94665312826815,73.3467779596648,5,text_en_1919
4703,37.35112240201117,73.3467779596648,5,text_en_1919
4704,36.29777044670391,73.22973885351955,5,text_en_1919
4705,71.99469782100559,73.22973885351955,5,text_en_1919
4706,30.79693245787709,73.11269974737431,5,text_en_1919
4707,71.99469782100559,73.11269974737431,5,text_en_1919
4708,33.37179279307262,72.99566064122905,5,text_en_1919
4709,30.79693245787709,72.8786215350838,5,text_en_1919
4710,30.913971564022344,72.76158242893855,5,text_en_1919
4711,32.90363636849162,72.6445433227933,5,text_en_1919
4712,36.18073134055865,72.52750421664805,5,text_en_1919
4713,73.04804977631285,72.4104651105028,5,text_en_1919
4714,83.11341290480446,72.29342600435754,5,text_en_1919
4715,32.20140173162011,72.05934779206704,5,text_en_1919
4716,31.967323519329604,71.94230868592179,5,text_en_1919
4717,31.382127988603347,71.82526957977655,5,text_en_1919
4718,83.34749111709496,71.82526957977655,5,text_en_1919
4719,83.58156932938547,71.70823047363129,5,text_en_1919
4720,83.58156932938547,71.59119136748603,5,text_en_1919
4721,74.33547994391061,71.47415226134078,5,text_en_1919
4722,31.382127988603347,71.35711315519553,5,text_en_1919
4723,24.59385983217877,71.24007404905028,5,text_en_1919
4724,24.359781619888263,71.12303494290504,5,text_en_1919
4725,24.359781619888263,71.00599583675978,5,text_en_1919
4726,84.16676486011173,71.00599583675978,5,text_en_1919
4727,75.03771458078212,70.88895673061452,5,text_en_1919
4728,24.710898938324018,70.77191762446927,5,text_en_1919
4729,23.540507876871505,70.65487851832403,5,text_en_1919
4730,75.27179279307262,70.65487851832403,5,text_en_1919
4731,31.616206200893853,70.53783941217877,5,text_en_1919
4732,84.51788217854748,70.53783941217877,5,text_en_1919
4733,75.62291011150838,70.42080030603353,5,text_en_1919
4734,81.00670899418995,70.42080030603353,5,text_en_1919
4735,75.50587100536313,70.30376119988827,5,text_en_1919
4736,24.476820726033516,70.18672209374301,5,text_en_1919
4737,80.65559167575418,70.18672209374301,5,text_en_1919
4738,24.359781619888263,70.06968298759776,5,text_en_1919
4739,32.43547994391061,70.06968298759776,5,text_en_1919
4740,24.12570340759776,69.95264388145252,5,text_en_1919
4741,84.98603860312849,69.95264388145252,5,text_en_1919
4742,80.42151346346368,69.83560477530726,5,text_en_1919
4743,80.18743525117318,69.71856566916202,5,text_en_1919
4744,24.12570340759776,69.60152656301676,5,text_en_1919
4745,31.967323519329604,69.60152656301676,5,text_en_1919
4746,79.95335703888267,69.60152656301676,5,text_en_1919
4747,24.359781619888263,69.4844874568715,5,text_en_1919
4748,32.552519050055864,69.4844874568715,5,text_en_1919
4749,24.359781619888263,69.36744835072625,5,text_en_1919
4750,31.967323519329604,69.36744835072625,5,text_en_1919
4751,31.967323519329604,69.25040924458101,5,text_en_1919
4752,31.850284413184355,69.13337013843575,5,text_en_1919
4753,24.12570340759776,69.01633103229051,5,text_en_1919
4754,81.12374810033519,69.01633103229051,5,text_en_1919
4755,31.850284413184355,68.89929192614525,5,text_en_1919
4756,24.59385983217877,68.78225282,5,text_en_1919
4757,81.24078720648045,68.78225282,5,text_en_1919
4758,85.57123413385474,68.78225282,5,text_en_1919
4759,25.062016256759772,68.66521371385475,5,text_en_1919
4760,85.22011681541899,68.66521371385475,5,text_en_1919
4761,24.359781619888263,68.5481746077095,5,text_en_1919
4762,85.22011681541899,68.5481746077095,5,text_en_1919
4763,78.43184865899441,68.43113550156424,5,text_en_1919
4764,85.45419502770949,68.43113550156424,5,text_en_1919
4765,86.27346877072625,68.43113550156424,5,text_en_1919
4766,84.98603860312849,68.314096395419,5,text_en_1919
4767,24.59385983217877,68.19705728927374,5,text_en_1919
4768,24.359781619888263,68.08001818312849,5,text_en_1919
4769,77.7296140221229,68.08001818312849,5,text_en_1919
4770,86.03939055843576,68.08001818312849,5,text_en_1919
4771,81.8259827372067,67.96297907698325,5,text_en_1919
4772,26.232407318212285,67.84593997083799,5,text_en_1919
4773,81.47486541877095,67.84593997083799,5,text_en_1919
4774,24.82793804446927,67.72890086469275,5,text_en_1919
4775,26.934641955083794,67.72890086469275,5,text_en_1919
4776,81.47486541877095,67.72890086469275,5,text_en_1919
4777,24.359781619888263,67.61186175854749,5,text_en_1919
4778,26.115368212067036,67.61186175854749,5,text_en_1919
4779,27.28575927351955,67.61186175854749,5,text_en_1919
4780,77.9636922344134,67.61186175854749,5,text_en_1919
4781,81.94302184335196,67.61186175854749,5,text_en_1919
4782,24.476820726033516,67.49482265240223,5,text_en_1919
4783,26.46648553050279,67.49482265240223,5,text_en_1919
4784,27.987993910391058,67.49482265240223,5,text_en_1919
4785,29.15838497184357,67.49482265240223,5,text_en_1919
4786,81.70894363106144,67.49482265240223,5,text_en_1919
4787,21.55084307240223,67.37778354625698,5,text_en_1919
4788,25.76425089363128,67.37778354625698,5,text_en_1919
4789,27.051681061229047,67.37778354625698,5,text_en_1919
4790,28.690228547262567,67.37778354625698,5,text_en_1919
4791,29.86061960871508,67.37778354625698,5,text_en_1919
4792,82.41117826793295,67.37778354625698,5,text_en_1919
4793,25.179055362905025,67.26074444011174,5,text_en_1919
4794,25.998329105921783,67.26074444011174,5,text_en_1919
4795,26.817602848938545,67.26074444011174,5,text_en_1919
4796,28.10503301653631,67.26074444011174,5,text_en_1919
4797,29.743580502569827,67.26074444011174,5,text_en_1919
4798,30.56285424558659,67.26074444011174,5,text_en_1919
4799,21.55084307240223,67.14370533396648,5,text_en_1919
4800,26.934641955083794,67.14370533396648,5,text_en_1919
4801,27.753915698100556,67.14370533396648,5,text_en_1919
4802,29.04134586569832,67.14370533396648,5,text_en_1919
4803,30.211736927150834,67.14370533396648,5,text_en_1919
4804,84.86899949698324,67.14370533396648,5,text_en_1919
4805,25.062016256759772,67.02666622782124,5,text_en_1919
4806,26.934641955083794,67.02666622782124,5,text_en_1919
4807,28.22207212268156,67.02666622782124,5,text_en_1919
4808,29.626541396424578,67.02666622782124,5,text_en_1919
4809,83.11341290480446,67.02666622782124,5,text_en_1919
4810,25.062016256759772,66.90962712167598,5,text_en_1919
4811,27.4027983796648,66.90962712167598,5,text_en_1919
4812,28.807267653407816,66.90962712167598,5,text_en_1919
4813,29.86061960871508,66.90962712167598,5,text_en_1919
4814,84.40084307240224,66.90962712167598,5,text_en_1919
4815,26.58352463664804,66.79258801553073,5,text_en_1919
4816,28.10503301653631,66.79258801553073,5,text_en_1919
4817,81.00670899418995,66.79258801553073,5,text_en_1919
4818,84.16676486011173,66.79258801553073,5,text_en_1919
4819,26.46648553050279,66.67554890938547,5,text_en_1919
4820,27.636876591955303,66.67554890938547,5,text_en_1919
4821,81.47486541877095,66.67554890938547,5,text_en_1919
4822,84.28380396625698,66.67554890938547,5,text_en_1919
4823,21.316764860111725,66.55850980324023,5,text_en_1919
4824,25.062016256759772,66.55850980324023,5,text_en_1919
4825,28.807267653407816,66.55850980324023,5,text_en_1919
4826,83.81564754167597,66.55850980324023,5,text_en_1919
4827,22.018999496983234,66.44147069709497,5,text_en_1919
4828,27.987993910391058,66.44147069709497,5,text_en_1919
4829,29.509502290279325,66.44147069709497,5,text_en_1919
4830,83.93268664782123,66.44147069709497,5,text_en_1919
4831,25.062016256759772,66.32443159094973,5,text_en_1919
4832,28.92430675955307,66.32443159094973,5,text_en_1919
4833,81.8259827372067,66.32443159094973,5,text_en_1919
4834,84.16676486011173,66.32443159094973,5,text_en_1919
4835,29.392463184134076,66.20739248480447,5,text_en_1919
4836,81.94302184335196,66.20739248480447,5,text_en_1919
4837,25.062016256759772,66.09035337865922,5,text_en_1919
4838,24.59385983217877,65.97331427251396,5,text_en_1919
4839,22.95531234614525,65.85627516636872,5,text_en_1919
4840,22.95531234614525,65.73923606022346,5,text_en_1919
4841,25.64721178748603,65.73923606022346,5,text_en_1919
4842,23.306429664581003,65.62219695407822,5,text_en_1919
4843,81.12374810033519,65.50515784793296,5,text_en_1919
4844,25.062016256759772,65.27107963564245,5,text_en_1919
4845,81.12374810033519,65.27107963564245,5,text_en_1919
4846,25.53017268134078,65.15404052949721,5,text_en_1919
4847,24.94497715061452,65.03700142335195,5,text_en_1919
4848,25.76425089363128,65.03700142335195,5,text_en_1919
4849,24.82793804446927,64.91996231720671,5,text_en_1919
4850,80.18743525117318,64.6858841049162,5,text_en_1919
4851,80.30447435731844,64.4518058926257,5,text_en_1919
4852,80.07039614502793,64.33476678648044,5,text_en_1919
4853,80.77263078189944,64.10068857418995,5,text_en_1919
4854,25.881289999776534,63.86661036189945,5,text_en_1919
4855,25.998329105921783,63.74957125575419,5,text_en_1919
4856,80.77263078189944,63.63253214960894,5,text_en_1919
4857,88.02905536290503,63.51549304346369,5,text_en_1919
4858,87.91201625675977,63.398453937318436,5,text_en_1919
4859,27.51983748581005,63.28141483117319,5,text_en_1919
4860,88.61425089363128,63.28141483117319,5,text_en_1919
4861,27.28575927351955,63.16437572502794,5,text_en_1919
4862,88.96536821206703,63.16437572502794,5,text_en_1919
4863,88.14609446905027,63.04733661888268,5,text_en_1919
4864,88.14609446905027,62.93029751273743,5,text_en_1919
4865,19.210060949497205,62.69621930044693,5,text_en_1919
4866,19.210060949497205,62.57918019430168,5,text_en_1919
4867,89.43352463664804,62.57918019430168,5,text_en_1919
4868,86.156429664581,62.46214108815643,5,text_en_1919
4869,27.1687201673743,62.34510198201117,5,text_en_1919
4870,86.74162519530725,62.34510198201117,5,text_en_1919
4871,21.199725753966476,62.22806287586592,5,text_en_1919
4872,18.9759827372067,62.111023769720674,5,text_en_1919
4873,86.62458608916201,62.111023769720674,5,text_en_1919
4874,19.912295586368714,61.99398466357542,5,text_en_1919
4875,18.507826312625696,61.87694555743017,5,text_en_1919
4876,86.27346877072625,61.87694555743017,5,text_en_1919
4877,87.20978161988828,61.87694555743017,5,text_en_1919
4878,83.58156932938547,61.75990645128492,5,text_en_1919
4879,84.40084307240224,61.75990645128492,5,text_en_1919
4880,86.74162519530725,61.75990645128492,5,text_en_1919
4881,19.09302184335195,61.64286734513966,5,text_en_1919
4882,84.28380396625698,61.64286734513966,5,text_en_1919
4883,86.62458608916201,61.64286734513966,5,text_en_1919
4884,89.90168106122906,61.64286734513966,5,text_en_1919
4885,83.46453022324022,61.525828238994414,5,text_en_1919
4886,86.8586643014525,61.525828238994414,5,text_en_1919
4887,20.497491117094967,61.408789132849165,5,text_en_1919
4888,86.62458608916201,61.408789132849165,5,text_en_1919
4889,83.23045201094972,61.29175002670391,5,text_en_1919
4890,90.0187201673743,61.29175002670391,5,text_en_1919
4891,22.13603860312849,61.17471092055866,5,text_en_1919
4892,89.55056374279329,61.17471092055866,5,text_en_1919
4893,22.48715592156424,61.05767181441341,5,text_en_1919
4894,86.62458608916201,61.05767181441341,5,text_en_1919
4895,21.082686647821227,60.940632708268154,5,text_en_1919
4896,86.27346877072625,60.940632708268154,5,text_en_1919
4897,87.09274251374302,60.940632708268154,5,text_en_1919
4898,82.52821737407821,60.823593602122905,5,text_en_1919
4899,86.39050787687151,60.823593602122905,5,text_en_1919
4900,87.20978161988828,60.823593602122905,5,text_en_1919
4901,90.60391569810056,60.823593602122905,5,text_en_1919
4902,82.64525648022345,60.706554495977656,5,text_en_1919
4903,86.62458608916201,60.706554495977656,5,text_en_1919
4904,90.13575927351954,60.706554495977656,5,text_en_1919
4905,82.64525648022345,60.5895153898324,5,text_en_1919
4906,86.39050787687151,60.5895153898324,5,text_en_1919
4907,87.20978161988828,60.5895153898324,5,text_en_1919
4908,22.370116815418992,60.47247628368715,5,text_en_1919
4909,82.87933469251396,60.47247628368715,5,text_en_1919
4910,86.97570340759776,60.47247628368715,5,text_en_1919
4911,90.36983748581005,60.47247628368715,5,text_en_1919
4912,82.64525648022345,60.3554371775419,5,text_en_1919
4913,90.13575927351954,60.3554371775419,5,text_en_1919
4914,24.12570340759776,60.238398071396645,5,text_en_1919
4915,83.11341290480446,60.238398071396645,5,text_en_1919
4916,90.60391569810056,60.238398071396645,5,text_en_1919
4917,82.76229558636871,60.121358965251396,5,text_en_1919
4918,86.8586643014525,60.121358965251396,5,text_en_1919
4919,25.881289999776534,60.00431985910615,5,text_en_1919
4920,83.23045201094972,60.00431985910615,5,text_en_1919
4921,86.74162519530725,60.00431985910615,5,text_en_1919
4922,24.359781619888263,59.88728075296089,5,text_en_1919
4923,25.179055362905025,59.88728075296089,5,text_en_1919
4924,86.50754698301677,59.88728075296089,5,text_en_1919
4925,87.32682072603352,59.88728075296089,5,text_en_1919
4926,24.242742513743014,59.77024164681564,5,text_en_1919
4927,83.11341290480446,59.77024164681564,5,text_en_1919
4928,86.97570340759776,59.77024164681564,5,text_en_1919
4929,89.7846419550838,59.77024164681564,5,text_en_1919
4930,83.58156932938547,59.65320254067039,5,text_en_1919
4931,87.09274251374302,59.65320254067039,5,text_en_1919
4932,89.31648553050279,59.65320254067039,5,text_en_1919
4933,24.00866430145251,59.53616343452514,5,text_en_1919
4934,83.11341290480446,59.53616343452514,5,text_en_1919
4935,86.50754698301677,59.53616343452514,5,text_en_1919
4936,87.44385983217876,59.53616343452514,5,text_en_1919
4937,23.072351452290498,59.41912432837989,5,text_en_1919
4938,87.09274251374302,59.41912432837989,5,text_en_1919
4939,21.55084307240223,59.30208522223464,5,text_en_1919
4940,24.710898938324018,59.30208522223464,5,text_en_1919
4941,87.20978161988828,59.30208522223464,5,text_en_1919
4942,21.66788217854748,59.18504611608939,5,text_en_1919
4943,24.242742513743014,59.18504611608939,5,text_en_1919
4944,87.09274251374302,59.18504611608939,5,text_en_1919
4945,21.55084307240223,59.06800700994414,5,text_en_1919
4946,23.18939055843575,59.06800700994414,5,text_en_1919
4947,86.8586643014525,59.06800700994414,5,text_en_1919
4948,89.66760284893854,59.06800700994414,5,text_en_1919
4949,21.66788217854748,58.95096790379888,5,text_en_1919
4950,23.774586089162007,58.95096790379888,5,text_en_1919
4951,87.09274251374302,58.95096790379888,5,text_en_1919
4952,20.029334692513963,58.833928797653634,5,text_en_1919
4953,22.018999496983234,58.833928797653634,5,text_en_1919
4954,24.359781619888263,58.833928797653634,5,text_en_1919
4955,87.32682072603352,58.833928797653634,5,text_en_1919
4956,20.029334692513963,58.716889691508385,5,text_en_1919
4957,22.25307770927374,58.716889691508385,5,text_en_1919
4958,86.27346877072625,58.716889691508385,5,text_en_1919
4959,87.32682072603352,58.716889691508385,5,text_en_1919
4960,19.56117826793296,58.59985058536313,5,text_en_1919
4961,21.199725753966476,58.59985058536313,5,text_en_1919
4962,86.8586643014525,58.59985058536313,5,text_en_1919
4963,89.55056374279329,58.59985058536313,5,text_en_1919
4964,19.56117826793296,58.48281147921788,5,text_en_1919
4965,21.43380396625698,58.48281147921788,5,text_en_1919
4966,87.20978161988828,58.48281147921788,5,text_en_1919
4967,18.507826312625696,58.36577237307263,5,text_en_1919
4968,20.26341290480447,58.36577237307263,5,text_en_1919
4969,83.58156932938547,58.36577237307263,5,text_en_1919
4970,18.039669888044692,58.248733266927374,5,text_en_1919
4971,20.96564754167597,58.248733266927374,5,text_en_1919
4972,18.039669888044692,58.131694160782125,5,text_en_1919
4973,83.81564754167597,58.131694160782125,5,text_en_1919
4974,20.029334692513963,58.014655054636876,5,text_en_1919
4975,86.62458608916201,58.014655054636876,5,text_en_1919
4976,18.9759827372067,57.89761594849162,5,text_en_1919
4977,18.039669888044692,57.78057684234637,5,text_en_1919
4978,86.27346877072625,57.78057684234637,5,text_en_1919
4979,86.27346877072625,57.66353773620112,5,text_en_1919
4980,18.390787206480447,57.546498630055865,5,text_en_1919
4981,85.9223514522905,57.546498630055865,5,text_en_1919
4982,84.86899949698324,57.429459523910616,5,text_en_1919
4983,85.68827324,57.429459523910616,5,text_en_1919
4984,85.10307770927375,57.31242041776537,5,text_en_1919
4985,17.220396145027927,57.19538131162011,5,text_en_1919
4986,85.10307770927375,57.19538131162011,5,text_en_1919
4987,16.98631793273743,57.07834220547486,5,text_en_1919
4988,85.22011681541899,57.07834220547486,5,text_en_1919
4989,17.337435251173183,56.96130309932961,5,text_en_1919
4990,85.22011681541899,56.96130309932961,5,text_en_1919
4991,17.337435251173183,56.844263993184356,5,text_en_1919
4992,84.98603860312849,56.844263993184356,5,text_en_1919
4993,85.80531234614526,56.844263993184356,5,text_en_1919
4994,18.039669888044692,56.61018578089386,5,text_en_1919
4995,18.507826312625696,56.4931466747486,5,text_en_1919
4996,20.497491117094967,56.37610756860335,5,text_en_1919
4997,20.96564754167597,56.2590684624581,5,text_en_1919
4998,21.55084307240223,56.14202935631285,5,text_en_1919
4999,23.540507876871505,56.0249902501676,5,text_en_1919
5000,20.614530223240223,55.79091203787709,5,text_en_1919
5001,21.082686647821227,55.67387293173184,5,text_en_1919
5002,22.604195027709494,55.556833825586594,5,text_en_1919
5003,24.359781619888263,55.556833825586594,5,text_en_1919
5004,24.00866430145251,55.439794719441345,5,text_en_1919
5005,24.12570340759776,55.32275561329609,5,text_en_1919
5006,24.359781619888263,55.20571650715084,5,text_en_1919
5007,22.95531234614525,55.08867740100559,5,text_en_1919
5008,91.77430675955307,55.08867740100559,5,text_en_1919
5009,90.48687659195531,54.971638294860334,5,text_en_1919
5010,92.00838497184358,54.971638294860334,5,text_en_1919
5011,89.66760284893854,54.854599188715085,5,text_en_1919
5012,91.18911122882682,54.854599188715085,5,text_en_1919
5013,24.12570340759776,54.737560082569836,5,text_en_1919
5014,89.66760284893854,54.737560082569836,5,text_en_1919
5015,91.18911122882682,54.737560082569836,5,text_en_1919
5016,89.08240731821229,54.62052097642458,5,text_en_1919
5017,90.60391569810056,54.62052097642458,5,text_en_1919
5018,87.79497715061453,54.50348187027933,5,text_en_1919
5019,89.66760284893854,54.50348187027933,5,text_en_1919
5020,91.30615033497207,54.50348187027933,5,text_en_1919
5021,86.74162519530725,54.38644276413408,5,text_en_1919
5022,88.26313357519552,54.38644276413408,5,text_en_1919
5023,90.2527983796648,54.38644276413408,5,text_en_1919
5024,91.42318944111732,54.38644276413408,5,text_en_1919
5025,85.9223514522905,54.269403657988825,5,text_en_1919
5026,87.44385983217876,54.269403657988825,5,text_en_1919
5027,89.08240731821229,54.269403657988825,5,text_en_1919
5028,90.13575927351954,54.269403657988825,5,text_en_1919
5029,91.65726765340781,54.269403657988825,5,text_en_1919
5030,86.03939055843576,54.152364551843576,5,text_en_1919
5031,87.56089893832402,54.152364551843576,5,text_en_1919
5032,89.08240731821229,54.152364551843576,5,text_en_1919
5033,90.60391569810056,54.152364551843576,5,text_en_1919
5034,92.12542407798882,54.152364551843576,5,text_en_1919
5035,85.45419502770949,54.03532544569833,5,text_en_1919
5036,86.97570340759776,54.03532544569833,5,text_en_1919
5037,88.61425089363128,54.03532544569833,5,text_en_1919
5038,90.13575927351954,54.03532544569833,5,text_en_1919
5039,91.65726765340781,54.03532544569833,5,text_en_1919
5040,84.86899949698324,53.91828633955308,5,text_en_1919
5041,86.8586643014525,53.91828633955308,5,text_en_1919
5042,87.91201625675977,53.91828633955308,5,text_en_1919
5043,89.7846419550838,53.91828633955308,5,text_en_1919
5044,91.42318944111732,53.91828633955308,5,text_en_1919
5045,85.33715592156425,53.80124723340782,5,text_en_1919
5046,86.8586643014525,53.80124723340782,5,text_en_1919
5047,88.38017268134078,53.80124723340782,5,text_en_1919
5048,89.90168106122906,53.80124723340782,5,text_en_1919
5049,91.07207212268156,53.80124723340782,5,text_en_1919
5050,86.156429664581,53.68420812726257,5,text_en_1919
5051,87.79497715061453,53.68420812726257,5,text_en_1919
5052,89.31648553050279,53.68420812726257,5,text_en_1919
5053,84.63492128469274,53.56716902111732,5,text_en_1919
5054,85.45419502770949,53.56716902111732,5,text_en_1919
5055,86.97570340759776,53.56716902111732,5,text_en_1919
5056,88.49721178748604,53.56716902111732,5,text_en_1919
5057,84.63492128469274,53.45012991497207,5,text_en_1919
5058,86.156429664581,53.45012991497207,5,text_en_1919
5059,87.67793804446927,53.45012991497207,5,text_en_1919
5060,84.51788217854748,53.33309080882682,5,text_en_1919
5061,85.57123413385474,53.33309080882682,5,text_en_1919
5062,87.09274251374302,53.33309080882682,5,text_en_1919
5063,84.63492128469274,53.21605170268157,5,text_en_1919
5064,86.156429664581,53.21605170268157,5,text_en_1919
5065,84.63492128469274,53.09901259653631,5,text_en_1919
5066,86.156429664581,53.09901259653631,5,text_en_1919
5067,85.33715592156425,52.98197349039106,5,text_en_1919
5068,84.75196039083798,52.864934384245814,5,text_en_1919
5069,23.657546983016758,52.63085617195531,5,text_en_1919
5070,23.423468770726252,52.3967779596648,5,text_en_1919
5071,21.784921284692736,52.162699747374305,5,text_en_1919
5072,21.901960390837985,52.04566064122905,5,text_en_1919
5073,21.082686647821227,51.9286215350838,5,text_en_1919
5074,23.540507876871505,51.9286215350838,5,text_en_1919
5075,22.721234133854743,51.81158242893855,5,text_en_1919
5076,20.029334692513963,51.577504216648045,5,text_en_1919
5077,22.95531234614525,51.460465110502795,5,text_en_1919
5078,23.072351452290498,51.34342600435754,5,text_en_1919
5079,21.316764860111725,51.22638689821229,5,text_en_1919
5080,20.497491117094967,51.10934779206704,5,text_en_1919
5081,92.35950229027932,51.10934779206704,5,text_en_1919
5082,19.912295586368714,50.99230868592179,5,text_en_1919
5083,92.12542407798882,50.99230868592179,5,text_en_1919
5084,18.624865418770945,50.875269579776536,5,text_en_1919
5085,91.89134586569833,50.875269579776536,5,text_en_1919
5086,17.454474357318432,50.758230473631286,5,text_en_1919
5087,91.77430675955307,50.758230473631286,5,text_en_1919
5088,92.59358050256984,50.758230473631286,5,text_en_1919
5089,19.56117826793296,50.64119136748604,5,text_en_1919
5090,91.89134586569833,50.64119136748604,5,text_en_1919
5091,92.71061960871508,50.64119136748604,5,text_en_1919
5092,21.43380396625698,50.52415226134078,5,text_en_1919
5093,92.12542407798882,50.52415226134078,5,text_en_1919
5094,17.922630781899436,50.40711315519553,5,text_en_1919
5095,21.55084307240223,50.40711315519553,5,text_en_1919
5096,92.12542407798882,50.40711315519553,5,text_en_1919
5097,17.57151346346368,50.29007404905028,5,text_en_1919
5098,20.96564754167597,50.29007404905028,5,text_en_1919
5099,21.784921284692736,50.29007404905028,5,text_en_1919
5100,92.35950229027932,50.29007404905028,5,text_en_1919
5101,17.57151346346368,50.173034942905026,5,text_en_1919
5102,21.43380396625698,50.173034942905026,5,text_en_1919
5103,92.00838497184358,50.173034942905026,5,text_en_1919
5104,15.932965977430165,50.05599583675978,5,text_en_1919
5105,20.96564754167597,50.05599583675978,5,text_en_1919
5106,21.784921284692736,50.05599583675978,5,text_en_1919
5107,92.35950229027932,50.05599583675978,5,text_en_1919
5108,16.869278826592172,49.93895673061453,5,text_en_1919
5109,21.316764860111725,49.93895673061453,5,text_en_1919
5110,92.24246318413407,49.93895673061453,5,text_en_1919
5111,16.16704418972067,49.82191762446927,5,text_en_1919
5112,21.082686647821227,49.82191762446927,5,text_en_1919
5113,92.12542407798882,49.82191762446927,5,text_en_1919
5114,16.050005083575414,49.70487851832402,5,text_en_1919
5115,20.96564754167597,49.70487851832402,5,text_en_1919
5116,92.00838497184358,49.70487851832402,5,text_en_1919
5117,15.932965977430165,49.587839412178774,5,text_en_1919
5118,20.96564754167597,49.587839412178774,5,text_en_1919
5119,21.784921284692736,49.587839412178774,5,text_en_1919
5120,92.47654139642458,49.587839412178774,5,text_en_1919
5121,16.40112240201117,49.47080030603352,5,text_en_1919
5122,21.55084307240223,49.47080030603352,5,text_en_1919
5123,92.24246318413407,49.47080030603352,5,text_en_1919
5124,16.16704418972067,49.35376119988827,5,text_en_1919
5125,21.55084307240223,49.35376119988827,5,text_en_1919
5126,92.24246318413407,49.35376119988827,5,text_en_1919
5127,16.16704418972067,49.23672209374302,5,text_en_1919
5128,21.43380396625698,49.23672209374302,5,text_en_1919
5129,92.24246318413407,49.23672209374302,5,text_en_1919
5130,16.16704418972067,49.11968298759776,5,text_en_1919
5131,21.55084307240223,49.11968298759776,5,text_en_1919
5132,92.24246318413407,49.11968298759776,5,text_en_1919
5133,16.16704418972067,49.002643881452514,5,text_en_1919
5134,21.316764860111725,49.002643881452514,5,text_en_1919
5135,92.00838497184358,49.002643881452514,5,text_en_1919
5136,17.103357038882677,48.885604775307264,5,text_en_1919
5137,21.55084307240223,48.885604775307264,5,text_en_1919
5138,92.71061960871508,48.885604775307264,5,text_en_1919
5139,21.199725753966476,48.768565669162015,5,text_en_1919
5140,85.10307770927375,48.768565669162015,5,text_en_1919
5141,85.9223514522905,48.768565669162015,5,text_en_1919
5142,87.09274251374302,48.768565669162015,5,text_en_1919
5143,17.57151346346368,48.65152656301676,5,text_en_1919
5144,21.55084307240223,48.65152656301676,5,text_en_1919
5145,85.45419502770949,48.65152656301676,5,text_en_1919
5146,86.27346877072625,48.65152656301676,5,text_en_1919
5147,88.02905536290503,48.65152656301676,5,text_en_1919
5148,88.84832910592178,48.65152656301676,5,text_en_1919
5149,89.66760284893854,48.65152656301676,5,text_en_1919
5150,90.60391569810056,48.65152656301676,5,text_en_1919
5151,91.42318944111732,48.65152656301676,5,text_en_1919
5152,17.805591675754187,48.53448745687151,5,text_en_1919
5153,21.55084307240223,48.53448745687151,5,text_en_1919
5154,85.45419502770949,48.53448745687151,5,text_en_1919
5155,86.27346877072625,48.53448745687151,5,text_en_1919
5156,88.02905536290503,48.53448745687151,5,text_en_1919
5157,88.96536821206703,48.53448745687151,5,text_en_1919
5158,89.7846419550838,48.53448745687151,5,text_en_1919
5159,90.60391569810056,48.53448745687151,5,text_en_1919
5160,91.42318944111732,48.53448745687151,5,text_en_1919
5161,17.922630781899436,48.41744835072626,5,text_en_1919
5162,21.316764860111725,48.41744835072626,5,text_en_1919
5163,85.22011681541899,48.41744835072626,5,text_en_1919
5164,86.156429664581,48.41744835072626,5,text_en_1919
5165,87.91201625675977,48.41744835072626,5,text_en_1919
5166,88.73128999977654,48.41744835072626,5,text_en_1919
5167,89.55056374279329,48.41744835072626,5,text_en_1919
5168,90.36983748581005,48.41744835072626,5,text_en_1919
5169,91.18911122882682,48.41744835072626,5,text_en_1919
5170,92.59358050256984,48.41744835072626,5,text_en_1919
5171,21.199725753966476,48.300409244581004,5,text_en_1919
5172,85.10307770927375,48.300409244581004,5,text_en_1919
5173,85.9223514522905,48.300409244581004,5,text_en_1919
5174,87.79497715061453,48.300409244581004,5,text_en_1919
5175,88.61425089363128,48.300409244581004,5,text_en_1919
5176,89.43352463664804,48.300409244581004,5,text_en_1919
5177,90.2527983796648,48.300409244581004,5,text_en_1919
5178,91.18911122882682,48.300409244581004,5,text_en_1919
5179,92.59358050256984,48.300409244581004,5,text_en_1919
5180,85.10307770927375,48.183370138435755,5,text_en_1919
5181,85.9223514522905,48.183370138435755,5,text_en_1919
5182,86.74162519530725,48.183370138435755,5,text_en_1919
5183,87.56089893832402,48.183370138435755,5,text_en_1919
5184,88.38017268134078,48.183370138435755,5,text_en_1919
5185,89.31648553050279,48.183370138435755,5,text_en_1919
5186,90.13575927351954,48.183370138435755,5,text_en_1919
5187,90.9550330165363,48.183370138435755,5,text_en_1919
5188,92.24246318413407,48.183370138435755,5,text_en_1919
5189,20.146373798659212,48.066331032290506,5,text_en_1919
5190,85.45419502770949,48.066331032290506,5,text_en_1919
5191,86.27346877072625,48.066331032290506,5,text_en_1919
5192,87.20978161988828,48.066331032290506,5,text_en_1919
5193,88.02905536290503,48.066331032290506,5,text_en_1919
5194,88.84832910592178,48.066331032290506,5,text_en_1919
5195,89.66760284893854,48.066331032290506,5,text_en_1919
5196,90.48687659195531,48.066331032290506,5,text_en_1919
5197,91.30615033497207,48.066331032290506,5,text_en_1919
5198,92.12542407798882,48.066331032290506,5,text_en_1919
5199,19.210060949497205,47.94929192614525,5,text_en_1919
5200,85.45419502770949,47.94929192614525,5,text_en_1919
5201,86.27346877072625,47.94929192614525,5,text_en_1919
5202,87.09274251374302,47.94929192614525,5,text_en_1919
5203,87.91201625675977,47.94929192614525,5,text_en_1919
5204,88.73128999977654,47.94929192614525,5,text_en_1919
5205,89.55056374279329,47.94929192614525,5,text_en_1919
5206,91.18911122882682,47.94929192614525,5,text_en_1919
5207,92.47654139642458,47.94929192614525,5,text_en_1919
5208,21.199725753966476,47.83225282,5,text_en_1919
5209,85.22011681541899,47.83225282,5,text_en_1919
5210,86.03939055843576,47.83225282,5,text_en_1919
5211,86.8586643014525,47.83225282,5,text_en_1919
5212,87.67793804446927,47.83225282,5,text_en_1919
5213,88.61425089363128,47.83225282,5,text_en_1919
5214,89.43352463664804,47.83225282,5,text_en_1919
5215,90.83799391039105,47.83225282,5,text_en_1919
5216,92.24246318413407,47.83225282,5,text_en_1919
5217,20.497491117094967,47.71521371385475,5,text_en_1919
5218,85.10307770927375,47.71521371385475,5,text_en_1919
5219,85.9223514522905,47.71521371385475,5,text_en_1919
5220,86.74162519530725,47.71521371385475,5,text_en_1919
5221,87.67793804446927,47.71521371385475,5,text_en_1919
5222,88.49721178748604,47.71521371385475,5,text_en_1919
5223,89.31648553050279,47.71521371385475,5,text_en_1919
5224,90.7209548042458,47.71521371385475,5,text_en_1919
5225,92.12542407798882,47.71521371385475,5,text_en_1919
5226,19.912295586368714,47.598174607709495,5,text_en_1919
5227,85.33715592156425,47.598174607709495,5,text_en_1919
5228,86.27346877072625,47.598174607709495,5,text_en_1919
5229,87.09274251374302,47.598174607709495,5,text_en_1919
5230,87.91201625675977,47.598174607709495,5,text_en_1919
5231,88.73128999977654,47.598174607709495,5,text_en_1919
5232,89.55056374279329,47.598174607709495,5,text_en_1919
5233,90.9550330165363,47.598174607709495,5,text_en_1919
5234,92.47654139642458,47.598174607709495,5,text_en_1919
5235,21.082686647821227,47.481135501564246,5,text_en_1919
5236,91.18911122882682,47.481135501564246,5,text_en_1919
5237,92.71061960871508,47.481135501564246,5,text_en_1919
5238,92.24246318413407,47.364096395419,5,text_en_1919
5239,92.35950229027932,47.24705728927374,5,text_en_1919
5240,92.00838497184358,47.13001818312849,5,text_en_1919
5241,21.316764860111725,47.01297907698324,5,text_en_1919
5242,92.35950229027932,47.01297907698324,5,text_en_1919
5243,91.89134586569833,46.895939970837986,5,text_en_1919
5244,92.71061960871508,46.895939970837986,5,text_en_1919
5245,92.12542407798882,46.77890086469274,5,text_en_1919
5246,22.018999496983234,46.66186175854749,5,text_en_1919
5247,92.24246318413407,46.66186175854749,5,text_en_1919
5248,22.370116815418992,46.54482265240224,5,text_en_1919
5249,92.47654139642458,46.54482265240224,5,text_en_1919
5250,23.540507876871505,46.42778354625698,5,text_en_1919
5251,92.47654139642458,46.42778354625698,5,text_en_1919
5252,23.306429664581003,46.31074444011173,5,text_en_1919
5253,92.24246318413407,46.31074444011173,5,text_en_1919
5254,23.18939055843575,46.193705333966484,5,text_en_1919
5255,92.12542407798882,46.193705333966484,5,text_en_1919
5256,23.306429664581003,46.07666622782123,5,text_en_1919
5257,92.24246318413407,46.07666622782123,5,text_en_1919
5258,91.89134586569833,45.95962712167598,5,text_en_1919
5259,23.540507876871505,45.84258801553073,5,text_en_1919
5260,23.306429664581003,45.72554890938547,5,text_en_1919
5261,92.24246318413407,45.72554890938547,5,text_en_1919
5262,91.89134586569833,45.608509803240224,5,text_en_1919
5263,23.540507876871505,45.491470697094975,5,text_en_1919
5264,92.47654139642458,45.491470697094975,5,text_en_1919
5265,92.24246318413407,45.37443159094972,5,text_en_1919
5266,92.12542407798882,45.25739248480447,5,text_en_1919
5267,92.00838497184358,45.14035337865922,5,text_en_1919
5268,23.306429664581003,43.61884499877095,5,text_en_1919
5269,22.95531234614525,43.5018058926257,5,text_en_1919
5270,22.838273239999996,43.38476678648045,5,text_en_1919
5271,21.66788217854748,43.2677276803352,5,text_en_1919
5272,23.540507876871505,43.2677276803352,5,text_en_1919
5273,21.784921284692736,43.15068857418994,5,text_en_1919
5274,23.540507876871505,43.15068857418994,5,text_en_1919
5275,20.497491117094967,43.03364946804469,5,text_en_1919
5276,22.370116815418992,43.03364946804469,5,text_en_1919
5277,20.029334692513963,42.916610361899444,5,text_en_1919
5278,22.370116815418992,42.916610361899444,5,text_en_1919
5279,19.444139161787703,42.79957125575419,5,text_en_1919
5280,21.784921284692736,42.79957125575419,5,text_en_1919
5281,18.507826312625696,42.68253214960894,5,text_en_1919
5282,20.029334692513963,42.68253214960894,5,text_en_1919
5283,21.66788217854748,42.68253214960894,5,text_en_1919
5284,23.774586089162007,42.68253214960894,5,text_en_1919
5285,18.624865418770945,42.56549304346369,5,text_en_1919
5286,20.614530223240223,42.56549304346369,5,text_en_1919
5287,21.43380396625698,42.56549304346369,5,text_en_1919
5288,23.18939055843575,42.56549304346369,5,text_en_1919
5289,91.89134586569833,42.56549304346369,5,text_en_1919
5290,18.624865418770945,42.44845393731843,5,text_en_1919
5291,20.380452010949718,42.44845393731843,5,text_en_1919
5292,22.604195027709494,42.44845393731843,5,text_en_1919
5293,91.89134586569833,42.44845393731843,5,text_en_1919
5294,16.98631793273743,42.331414831173184,5,text_en_1919
5295,18.85894363106145,42.331414831173184,5,text_en_1919
5296,20.146373798659212,42.331414831173184,5,text_en_1919
5297,91.77430675955307,42.331414831173184,5,text_en_1919
5298,16.28408329586592,42.214375725027935,5,text_en_1919
5299,18.15670899418994,42.214375725027935,5,text_en_1919
5300,19.444139161787703,42.214375725027935,5,text_en_1919
5301,21.43380396625698,42.214375725027935,5,text_en_1919
5302,92.12542407798882,42.214375725027935,5,text_en_1919
5303,16.98631793273743,42.09733661888268,5,text_en_1919
5304,18.741904524916194,42.09733661888268,5,text_en_1919
5305,20.84860843553072,42.09733661888268,5,text_en_1919
5306,92.35950229027932,42.09733661888268,5,text_en_1919
5307,17.688552569608937,41.98029751273743,5,text_en_1919
5308,19.210060949497205,41.98029751273743,5,text_en_1919
5309,22.48715592156424,41.98029751273743,5,text_en_1919
5310,16.40112240201117,41.86325840659218,5,text_en_1919
5311,17.688552569608937,41.86325840659218,5,text_en_1919
5312,20.26341290480447,41.86325840659218,5,text_en_1919
5313,16.635200614301674,41.746219300446924,5,text_en_1919
5314,18.039669888044692,41.746219300446924,5,text_en_1919
5315,22.370116815418992,41.746219300446924,5,text_en_1919
5316,90.2527983796648,41.746219300446924,5,text_en_1919
5317,18.039669888044692,41.629180194301675,5,text_en_1919
5318,84.51788217854748,41.629180194301675,5,text_en_1919
5319,90.13575927351954,41.629180194301675,5,text_en_1919
5320,18.15670899418994,41.512141088156426,5,text_en_1919
5321,85.33715592156425,41.512141088156426,5,text_en_1919
5322,89.90168106122906,41.512141088156426,5,text_en_1919
5323,17.57151346346368,41.39510198201118,5,text_en_1919
5324,84.63492128469274,41.39510198201118,5,text_en_1919
5325,86.39050787687151,41.39510198201118,5,text_en_1919
5326,16.40112240201117,41.27806287586592,5,text_en_1919
5327,84.28380396625698,41.27806287586592,5,text_en_1919
5328,85.33715592156425,41.27806287586592,5,text_en_1919
5329,87.20978161988828,41.27806287586592,5,text_en_1919
5330,16.28408329586592,41.16102376972067,5,text_en_1919
5331,84.86899949698324,41.16102376972067,5,text_en_1919
5332,86.97570340759776,41.16102376972067,5,text_en_1919
5333,16.518161508156417,41.04398466357542,5,text_en_1919
5334,85.22011681541899,41.04398466357542,5,text_en_1919
5335,86.97570340759776,41.04398466357542,5,text_en_1919
5336,84.51788217854748,40.926945557430166,5,text_en_1919
5337,85.9223514522905,40.926945557430166,5,text_en_1919
5338,89.7846419550838,40.926945557430166,5,text_en_1919
5339,85.10307770927375,40.80990645128492,5,text_en_1919
5340,86.50754698301677,40.80990645128492,5,text_en_1919
5341,84.16676486011173,40.69286734513967,5,text_en_1919
5342,85.9223514522905,40.69286734513967,5,text_en_1919
5343,87.32682072603352,40.69286734513967,5,text_en_1919
5344,84.63492128469274,40.57582823899441,5,text_en_1919
5345,86.50754698301677,40.57582823899441,5,text_en_1919
5346,87.91201625675977,40.57582823899441,5,text_en_1919
5347,85.80531234614526,40.45878913284916,5,text_en_1919
5348,85.68827324,40.34175002670391,5,text_en_1919
5349,87.91201625675977,40.34175002670391,5,text_en_1919
5350,88.02905536290503,40.22471092055866,5,text_en_1919
5351,88.14609446905027,39.99063270826816,5,text_en_1919
5352,20.26341290480447,39.522476283687155,5,text_en_1919
5353,88.84832910592178,39.28839807139665,5,text_en_1919
5354,19.67821737407821,38.937280752960895,5,text_en_1919
5355,24.359781619888263,38.70320254067039,5,text_en_1919
5356,24.59385983217877,38.58616343452514,5,text_en_1919
5357,23.89162519530726,38.46912432837989,5,text_en_1919
5358,22.604195027709494,38.352085222234635,5,text_en_1919
5359,24.476820726033516,38.352085222234635,5,text_en_1919
5360,22.13603860312849,38.235046116089386,5,text_en_1919
5361,24.359781619888263,38.235046116089386,5,text_en_1919
5362,22.25307770927374,38.11800700994414,5,text_en_1919
5363,24.12570340759776,38.11800700994414,5,text_en_1919
5364,20.96564754167597,38.00096790379888,5,text_en_1919
5365,22.838273239999996,38.00096790379888,5,text_en_1919
5366,24.359781619888263,38.00096790379888,5,text_en_1919
5367,20.614530223240223,37.88392879765363,5,text_en_1919
5368,22.95531234614525,37.88392879765363,5,text_en_1919
5369,24.94497715061452,37.88392879765363,5,text_en_1919
5370,20.029334692513963,37.76688969150838,5,text_en_1919
5371,21.66788217854748,37.76688969150838,5,text_en_1919
5372,23.306429664581003,37.76688969150838,5,text_en_1919
5373,90.7209548042458,37.76688969150838,5,text_en_1919
5374,19.912295586368714,37.649850585363126,5,text_en_1919
5375,21.43380396625698,37.649850585363126,5,text_en_1919
5376,22.721234133854743,37.649850585363126,5,text_en_1919
5377,90.7209548042458,37.649850585363126,5,text_en_1919
5378,20.497491117094967,37.53281147921788,5,text_en_1919
5379,23.306429664581003,37.53281147921788,5,text_en_1919
5380,91.30615033497207,37.53281147921788,5,text_en_1919
5381,20.380452010949718,37.41577237307263,5,text_en_1919
5382,23.306429664581003,37.41577237307263,5,text_en_1919
5383,18.507826312625696,37.29873326692737,5,text_en_1919
5384,20.26341290480447,37.29873326692737,5,text_en_1919
5385,22.838273239999996,37.29873326692737,5,text_en_1919
5386,17.688552569608937,37.18169416078212,5,text_en_1919
5387,19.444139161787703,37.18169416078212,5,text_en_1919
5388,20.497491117094967,37.18169416078212,5,text_en_1919
5389,90.83799391039105,37.18169416078212,5,text_en_1919
5390,21.082686647821227,37.06465505463687,5,text_en_1919
5391,91.18911122882682,37.06465505463687,5,text_en_1919
5392,20.731569329385472,36.94761594849162,5,text_en_1919
5393,17.337435251173183,36.83057684234637,5,text_en_1919
5394,20.614530223240223,36.83057684234637,5,text_en_1919
5395,18.624865418770945,36.71353773620112,5,text_en_1919
5396,17.922630781899436,36.59649863005586,5,text_en_1919
5397,17.454474357318432,36.47945952391061,5,text_en_1919
5398,17.805591675754187,36.362420417765364,5,text_en_1919
5399,17.688552569608937,36.12834220547486,5,text_en_1919
5400,80.30447435731844,26.88225282,5,text_en_1919
5401,27.51983748581005,26.76521371385475,5,text_en_1919
5402,80.42151346346368,26.648174607709496,5,text_en_1919
5403,80.77263078189944,26.531135501564247,5,text_en_1919
5404,27.51983748581005,26.180018183128492,5,text_en_1919
5405,79.60223972044693,26.06297907698324,5,text_en_1919
5406,81.5919045249162,26.06297907698324,5,text_en_1919
5407,79.83631793273743,25.94593997083799,5,text_en_1919
5408,81.12374810033519,25.94593997083799,5,text_en_1919
5409,26.349446424357538,25.828900864692738,5,text_en_1919
5410,27.987993910391058,25.828900864692738,5,text_en_1919
5411,79.71927882659217,25.828900864692738,5,text_en_1919
5412,80.53855256960894,25.828900864692738,5,text_en_1919
5413,81.35782631262569,25.828900864692738,5,text_en_1919
5414,26.58352463664804,25.711861758547485,5,text_en_1919
5415,27.4027983796648,25.711861758547485,5,text_en_1919
5416,28.22207212268156,25.711861758547485,5,text_en_1919
5417,79.83631793273743,25.711861758547485,5,text_en_1919
5418,81.24078720648045,25.711861758547485,5,text_en_1919
5419,26.46648553050279,25.594822652402236,5,text_en_1919
5420,79.95335703888267,25.594822652402236,5,text_en_1919
5421,26.349446424357538,25.477783546256983,5,text_en_1919
5422,27.4027983796648,25.36074444011173,5,text_en_1919
5423,80.65559167575418,25.24370533396648,5,text_en_1919
5424,27.4027983796648,25.00962712167598,5,text_en_1919
5425,27.753915698100556,24.892588015530727,5,text_en_1919
5426,80.18743525117318,24.775548909385474,5,text_en_1919
5427,27.51983748581005,24.658509803240225,5,text_en_1919
5428,27.4027983796648,24.541470697094972,5,text_en_1919
5429,40.86229558636871,19.27471092055866,5,text_en_1919
5430,67.66425089363128,19.15767181441341,5,text_en_1919
5431,66.84497715061453,19.040632708268156,5,text_en_1919
5432,40.62821737407821,18.923593602122907,5,text_en_1919
5433,67.66425089363128,18.923593602122907,5,text_en_1919
5434,67.31313357519552,18.806554495977654,5,text_en_1919
5435,40.74525648022346,18.6895153898324,5,text_en_1919
5436,67.66425089363128,18.6895153898324,5,text_en_1919
5437,41.91564754167597,18.572476283687152,5,text_en_1919
5438,67.31313357519552,18.572476283687152,5,text_en_1919
5439,40.97933469251396,18.4554371775419,5,text_en_1919
5440,66.61089893832403,18.4554371775419,5,text_en_1919
5441,67.89832910592179,18.4554371775419,5,text_en_1919
5442,42.14972575396648,18.33839807139665,5,text_en_1919
5443,66.84497715061453,18.33839807139665,5,text_en_1919
5444,41.213412904804464,18.221358965251397,5,text_en_1919
5445,66.72793804446927,18.221358965251397,5,text_en_1919
5446,41.213412904804464,18.104319859106145,5,text_en_1919
5447,66.61089893832403,18.104319859106145,5,text_en_1919
5448,68.24944642435754,18.104319859106145,5,text_en_1919
5449,65.32346877072625,17.987280752960896,5,text_en_1919
5450,67.31313357519552,17.987280752960896,5,text_en_1919
5451,64.9723514522905,17.870241646815643,5,text_en_1919
5452,66.02570340759776,17.75320254067039,5,text_en_1919
5453,64.27011681541899,17.63616343452514,5,text_en_1919
5454,64.03603860312849,17.51912432837989,5,text_en_1919
5455,63.684921284692734,17.402085222234636,5,text_en_1919
5456,40.97933469251396,17.285046116089386,5,text_en_1919
5457,40.394139161787706,17.168007009944134,5,text_en_1919
5458,63.33380396625698,17.168007009944134,5,text_en_1919
5459,46.948329105921786,17.050967903798885,5,text_en_1919
5460,47.767602848938544,17.050967903798885,5,text_en_1919
5461,46.71425089363128,16.933928797653632,5,text_en_1919
5462,47.53352463664804,16.933928797653632,5,text_en_1919
5463,48.70391569810056,16.933928797653632,5,text_en_1919
5464,46.71425089363128,16.81688969150838,5,text_en_1919
5465,47.53352463664804,16.81688969150838,5,text_en_1919
5466,49.055033016536306,16.81688969150838,5,text_en_1919
5467,40.1600609494972,16.69985058536313,5,text_en_1919
5468,47.41648553050279,16.69985058536313,5,text_en_1919
5469,48.5868765919553,16.69985058536313,5,text_en_1919
5470,50.10838497184357,16.69985058536313,5,text_en_1919
5471,58.06704418972067,16.69985058536313,5,text_en_1919
5472,68.6005637427933,16.69985058536313,5,text_en_1919
5473,47.065368212067035,16.582811479217877,5,text_en_1919
5474,47.884641955083794,16.582811479217877,5,text_en_1919
5475,49.757267653407816,16.582811479217877,5,text_en_1919
5476,56.311457597541896,16.582811479217877,5,text_en_1919
5477,57.130731340558654,16.582811479217877,5,text_en_1919
5478,62.16341290480447,16.582811479217877,5,text_en_1919
5479,46.83128999977653,16.465772373072625,5,text_en_1919
5480,48.352798379664804,16.465772373072625,5,text_en_1919
5481,49.757267653407816,16.465772373072625,5,text_en_1919
5482,56.07737938525139,16.465772373072625,5,text_en_1919
5483,57.130731340558654,16.465772373072625,5,text_en_1919
5484,62.16341290480447,16.465772373072625,5,text_en_1919
5485,68.8346419550838,16.465772373072625,5,text_en_1919
5486,46.59721178748603,16.348733266927375,5,text_en_1919
5487,48.82095480424581,16.348733266927375,5,text_en_1919
5488,49.87430675955307,16.348733266927375,5,text_en_1919
5489,56.19441849139665,16.348733266927375,5,text_en_1919
5490,57.013692234413405,16.348733266927375,5,text_en_1919
5491,58.18408329586592,16.348733266927375,5,text_en_1919
5492,62.865647541675976,16.348733266927375,5,text_en_1919
5493,68.95168106122905,16.348733266927375,5,text_en_1919
5494,46.363133575195526,16.231694160782123,5,text_en_1919
5495,48.469837485810054,16.231694160782123,5,text_en_1919
5496,49.99134586569832,16.231694160782123,5,text_en_1919
5497,56.311457597541896,16.231694160782123,5,text_en_1919
5498,57.130731340558654,16.231694160782123,5,text_en_1919
5499,62.865647541675976,16.231694160782123,5,text_en_1919
5500,47.650563742793295,16.114655054636874,5,text_en_1919
5501,49.17207212268156,16.114655054636874,5,text_en_1919
5502,50.57654139642458,16.114655054636874,5,text_en_1919
5503,57.130731340558654,16.114655054636874,5,text_en_1919
5504,62.865647541675976,16.114655054636874,5,text_en_1919
5505,45.66089893832402,15.997615948491621,5,text_en_1919
5506,48.352798379664804,15.997615948491621,5,text_en_1919
5507,49.87430675955307,15.997615948491621,5,text_en_1919
5508,56.896653128268156,15.997615948491621,5,text_en_1919
5509,57.95000508357541,15.997615948491621,5,text_en_1919
5510,68.71760284893854,15.997615948491621,5,text_en_1919
5511,49.055033016536306,15.880576842346368,5,text_en_1919
5512,56.19441849139665,15.880576842346368,5,text_en_1919
5513,57.48184865899441,15.880576842346368,5,text_en_1919
5514,68.95168106122905,15.880576842346368,5,text_en_1919
5515,40.394139161787706,15.763537736201116,5,text_en_1919
5516,49.99134586569832,15.763537736201116,5,text_en_1919
5517,57.48184865899441,15.763537736201116,5,text_en_1919
5518,68.95168106122905,15.763537736201116,5,text_en_1919
5519,40.394139161787706,15.646498630055866,5,text_en_1919
5520,56.19441849139665,15.646498630055866,5,text_en_1919
5521,62.982686647821225,15.646498630055866,5,text_en_1919
5522,40.394139161787706,15.529459523910617,5,text_en_1919
5523,51.62989335173184,15.529459523910617,5,text_en_1919
5524,57.95000508357541,15.529459523910617,5,text_en_1919
5525,67.19609446905028,15.529459523910617,5,text_en_1919
5526,45.777938044469266,15.412420417765361,5,text_en_1919
5527,52.33212798860335,15.412420417765361,5,text_en_1919
5528,57.598887765139665,15.412420417765361,5,text_en_1919
5529,63.09972575396648,15.412420417765361,5,text_en_1919
5530,40.27710005564246,15.295381311620112,5,text_en_1919
5531,51.86397156402234,15.295381311620112,5,text_en_1919
5532,57.598887765139665,15.295381311620112,5,text_en_1919
5533,63.09972575396648,15.295381311620112,5,text_en_1919
5534,68.95168106122905,15.295381311620112,5,text_en_1919
5535,40.27710005564246,15.178342205474863,5,text_en_1919
5536,51.746932457877094,15.178342205474863,5,text_en_1919
5537,57.598887765139665,15.178342205474863,5,text_en_1919
5538,63.21676486011173,15.178342205474863,5,text_en_1919
5539,69.0687201673743,15.178342205474863,5,text_en_1919
5540,46.01201625675977,15.061303099329606,5,text_en_1919
5541,51.86397156402234,15.061303099329606,5,text_en_1919
5542,57.130731340558654,15.061303099329606,5,text_en_1919
5543,58.18408329586592,15.061303099329606,5,text_en_1919
5544,65.90866430145252,15.061303099329606,5,text_en_1919
5545,68.95168106122905,15.061303099329606,5,text_en_1919
5546,40.1600609494972,14.944263993184357,5,text_en_1919
5547,51.161736927150834,14.944263993184357,5,text_en_1919
5548,51.98101067016759,14.944263993184357,5,text_en_1919
5549,57.83296597743016,14.944263993184357,5,text_en_1919
5550,64.5041950277095,14.944263993184357,5,text_en_1919
5551,69.18575927351955,14.944263993184357,5,text_en_1919
5552,46.24609446905028,14.827224887039108,5,text_en_1919
5553,51.51285424558659,14.827224887039108,5,text_en_1919
5554,52.33212798860335,14.827224887039108,5,text_en_1919
5555,58.30112240201117,14.827224887039108,5,text_en_1919
5556,65.44050787687151,14.827224887039108,5,text_en_1919
5557,45.42682072603351,14.710185780893852,5,text_en_1919
5558,46.24609446905028,14.710185780893852,5,text_en_1919
5559,51.62989335173184,14.710185780893852,5,text_en_1919
5560,52.4491670947486,14.710185780893852,5,text_en_1919
5561,63.567882178547485,14.710185780893852,5,text_en_1919
5562,64.9723514522905,14.710185780893852,5,text_en_1919
5563,45.42682072603351,14.593146674748603,5,text_en_1919
5564,51.27877603329608,14.593146674748603,5,text_en_1919
5565,52.09804977631285,14.593146674748603,5,text_en_1919
5566,57.48184865899441,14.593146674748603,5,text_en_1919
5567,63.80196039083798,14.593146674748603,5,text_en_1919
5568,64.62123413385474,14.593146674748603,5,text_en_1919
5569,45.30978161988826,14.476107568603354,5,text_en_1919
5570,51.746932457877094,14.476107568603354,5,text_en_1919
5571,57.36480955284916,14.476107568603354,5,text_en_1919
5572,64.27011681541899,14.476107568603354,5,text_en_1919
5573,39.22374810033519,14.359068462458104,5,text_en_1919
5574,51.746932457877094,14.359068462458104,5,text_en_1919
5575,57.715926871284914,14.359068462458104,5,text_en_1919
5576,64.9723514522905,14.359068462458104,5,text_en_1919
5577,57.130731340558654,14.242029356312848,5,text_en_1919
5578,63.45084307240223,14.242029356312848,5,text_en_1919
5579,65.08939055843575,14.242029356312848,5,text_en_1919
5580,57.24777044670391,14.124990250167599,5,text_en_1919
5581,58.41816150815642,14.124990250167599,5,text_en_1919
5582,64.5041950277095,14.124990250167599,5,text_en_1919
5583,69.30279837966481,14.124990250167599,5,text_en_1919
5584,51.746932457877094,14.00795114402235,5,text_en_1919
5585,57.24777044670391,14.00795114402235,5,text_en_1919
5586,58.06704418972067,14.00795114402235,5,text_en_1919
5587,69.30279837966481,14.00795114402235,5,text_en_1919
5588,51.746932457877094,13.890912037877094,5,text_en_1919
5589,57.24777044670391,13.890912037877094,5,text_en_1919
5590,58.30112240201117,13.890912037877094,5,text_en_1919
5591,47.767602848938544,13.773872931731844,5,text_en_1919
5592,48.93799391039106,13.773872931731844,5,text_en_1919
5593,57.130731340558654,13.773872931731844,5,text_en_1919
5594,68.48352463664804,13.773872931731844,5,text_en_1919
5595,47.884641955083794,13.656833825586595,5,text_en_1919
5596,49.40615033497206,13.656833825586595,5,text_en_1919
5597,50.225424077988826,13.656833825586595,5,text_en_1919
5598,57.83296597743016,13.656833825586595,5,text_en_1919
5599,39.57486541877095,13.539794719441339,5,text_en_1919
5600,47.767602848938544,13.539794719441339,5,text_en_1919
5601,48.93799391039106,13.539794719441339,5,text_en_1919
5602,50.225424077988826,13.539794719441339,5,text_en_1919
5603,57.95000508357541,13.539794719441339,5,text_en_1919
5604,38.87263078189944,13.42275561329609,5,text_en_1919
5605,47.884641955083794,13.42275561329609,5,text_en_1919
5606,48.70391569810056,13.42275561329609,5,text_en_1919
5607,49.87430675955307,13.42275561329609,5,text_en_1919
5608,50.69358050256983,13.42275561329609,5,text_en_1919
5609,57.95000508357541,13.42275561329609,5,text_en_1919
5610,39.4578263126257,13.30571650715084,5,text_en_1919
5611,48.1187201673743,13.30571650715084,5,text_en_1919
5612,48.93799391039106,13.30571650715084,5,text_en_1919
5613,49.757267653407816,13.30571650715084,5,text_en_1919
5614,50.57654139642458,13.30571650715084,5,text_en_1919
5615,57.24777044670391,13.30571650715084,5,text_en_1919
5616,39.106708994189944,13.188677401005584,5,text_en_1919
5617,47.884641955083794,13.188677401005584,5,text_en_1919
5618,49.055033016536306,13.188677401005584,5,text_en_1919
5619,49.87430675955307,13.188677401005584,5,text_en_1919
5620,50.69358050256983,13.188677401005584,5,text_en_1919
5621,57.598887765139665,13.188677401005584,5,text_en_1919
5622,39.4578263126257,13.071638294860335,5,text_en_1919
5623,48.23575927351955,13.071638294860335,5,text_en_1919
5624,49.40615033497206,13.071638294860335,5,text_en_1919
5625,50.92765871486033,13.071638294860335,5,text_en_1919
5626,57.48184865899441,13.071638294860335,5,text_en_1919
5627,38.63855256960893,12.954599188715086,5,text_en_1919
5628,48.1187201673743,12.954599188715086,5,text_en_1919
5629,49.28911122882681,12.954599188715086,5,text_en_1919
5630,51.161736927150834,12.954599188715086,5,text_en_1919
5631,57.83296597743016,12.954599188715086,5,text_en_1919
5632,38.87263078189944,12.83756008256983,5,text_en_1919
5633,49.17207212268156,12.83756008256983,5,text_en_1919
5634,49.99134586569832,12.83756008256983,5,text_en_1919
5635,57.24777044670391,12.83756008256983,5,text_en_1919
5636,58.06704418972067,12.83756008256983,5,text_en_1919
5637,39.9259827372067,12.72052097642458,5,text_en_1919
5638,57.598887765139665,12.72052097642458,5,text_en_1919
5639,67.78128999977653,12.72052097642458,5,text_en_1919
5640,58.06704418972067,12.603481870279332,5,text_en_1919
5641,39.80894363106145,12.486442764134075,5,text_en_1919
5642,58.53520061430167,12.486442764134075,5,text_en_1919
5643,58.30112240201117,12.369403657988826,5,text_en_1919
5644,57.48184865899441,12.252364551843577,5,text_en_1919
5645,58.30112240201117,12.252364551843577,5,text_en_1919
5646,57.36480955284916,12.13532544569832,5,text_en_1919
5647,67.19609446905028,12.13532544569832,5,text_en_1919
5648,57.95000508357541,12.018286339553072,5,text_en_1919
5649,57.598887765139665,11.901247233407823,5,text_en_1919
5650,50.81061960871508,11.784208127262573,5,text_en_1919
5651,58.41816150815642,11.784208127262573,5,text_en_1919
5652,57.598887765139665,11.667169021117317,5,text_en_1919
5653,58.41816150815642,11.667169021117317,5,text_en_1919
5654,57.598887765139665,11.550129914972068,5,text_en_1919
5655,58.65223972044692,11.550129914972068,5,text_en_1919
5656,58.41816150815642,11.433090808826819,5,text_en_1919
5657,58.30112240201117,11.316051702681563,5,text_en_1919
5658,58.30112240201117,11.199012596536313,5,text_en_1919
5659,57.715926871284914,11.081973490391064,5,text_en_1919
5660,58.53520061430167,11.081973490391064,5,text_en_1919
5661,57.83296597743016,10.964934384245808,5,text_en_1919
5662,57.715926871284914,10.847895278100559,5,text_en_1919
5663,57.598887765139665,10.73085617195531,5,text_en_1919
5664,49.40615033497206,10.613817065810053,5,text_en_1919
5665,58.41816150815642,10.613817065810053,5,text_en_1919
5666,48.93799391039106,10.496777959664804,5,text_en_1919
5667,57.95000508357541,10.496777959664804,5,text_en_1919
5668,58.76927882659218,10.496777959664804,5,text_en_1919
5669,49.28911122882681,10.379738853519555,5,text_en_1919
5670,58.18408329586592,10.379738853519555,5,text_en_1919
5671,47.767602848938544,10.262699747374299,5,text_en_1919
5672,49.055033016536306,10.262699747374299,5,text_en_1919
5673,58.18408329586592,10.262699747374299,5,text_en_1919
5674,48.00168106122905,10.14566064122905,5,text_en_1919
5675,49.17207212268156,10.14566064122905,5,text_en_1919
5676,58.30112240201117,10.14566064122905,5,text_en_1919
5677,49.055033016536306,10.0286215350838,5,text_en_1919
5678,57.95000508357541,10.0286215350838,5,text_en_1919
5679,57.598887765139665,9.911582428938544,5,text_en_1919
