slot_id,x,y,layer_id,layer_name
0,63.062657930085265,88.7978582601237,0,outer_ring
1,61.437608606519966,89.11347024449827,0,outer_ring
2,60.625888532401206,89.246346153561,0,outer_ring
3,60.065616289532784,89.32855163249096,0,outer_ring
4,59.63207579126019,89.38686699418747,0,outer_ring
5,59.27608931889343,89.43131140260722,0,outer_ring
6,58.97188749999425,89.46684122616271,0,outer_ring
7,58.70546910485171,89.49610880931398,0,outer_ring
8,58.46698636058643,89.52084593610084,0,outer_ring
9,58.252322347899714,89.54193379713965,0,outer_ring
10,58.054668213376424,89.56036473697817,0,outer_ring
11,57.87274903082801,89.5764941535711,0,outer_ring
12,57.70262620574863,89.59085494192209,0,outer_ring
13,57.543395958956616,89.6036640356698,0,outer_ring
14,57.39406463658901,89.61512186020647,0,outer_ring
15,57.25262022440653,89.62547959907054,0,outer_ring
16,57.1182090652679,89.63487643902184,0,outer_ring
17,56.9900691451997,89.64343056102263,0,outer_ring
18,56.86752071960897,89.65124246663004,0,outer_ring
19,56.74995789593474,89.65839774661185,0,outer_ring
20,56.63709254264108,89.66495512236637,0,outer_ring
21,56.52894514468303,89.67095178185025,0,outer_ring
22,56.42445254747514,89.67647947076918,0,outer_ring
23,56.32320943429535,89.68158570447298,0,outer_ring
24,56.22485686435036,89.68631104240754,0,outer_ring
25,56.1300760381211,89.69064561419275,0,outer_ring
26,56.038144461957025,89.69464443999073,0,outer_ring
27,55.948270955977826,89.69835823592267,0,outer_ring
28,55.860943187202324,89.70178172515735,0,outer_ring
29,55.77629089957263,89.70492621879103,0,outer_ring
30,55.693058760827974,89.70785088575221,0,outer_ring
31,55.61230842663426,89.71053005373088,0,outer_ring
32,55.53333155162365,89.71299961235168,0,outer_ring
33,55.455574474381045,89.71528539605033,0,outer_ring
34,55.380354253184734,89.71735912295668,0,outer_ring
35,55.30579524448058,89.71928121627292,0,outer_ring
36,55.233504425216125,89.72101803750473,0,outer_ring
37,55.16201941337691,89.7226127529946,0,outer_ring
38,55.092219772724114,89.72405210871383,0,outer_ring
39,55.02344766555371,89.72535648686542,0,outer_ring
40,54.95599251199854,89.72652617579652,0,outer_ring
41,54.88961263557763,89.72757116180935,0,outer_ring
42,54.824364272286076,89.72849581210477,0,outer_ring
43,54.76009239376756,89.72930725976283,0,outer_ring
44,54.69692148316988,89.73000871695939,0,outer_ring
45,54.63450622853645,89.7306082300662,0,outer_ring
46,54.573291201981384,89.73110589336287,0,outer_ring
47,54.51251083020125,89.7315115321017,0,outer_ring
48,54.45313733961774,89.7318226462366,0,outer_ring
49,54.393796838270816,89.73204952106161,0,outer_ring
50,54.33615724690544,89.73218942999426,0,outer_ring
51,54.27851751761331,89.73225004687342,0,outer_ring
52,54.22207862713448,89.73223256944463,0,outer_ring
53,54.16607161018206,89.73214007334664,0,outer_ring
54,54.11065674359201,89.73197487403067,0,outer_ring
55,54.05618681239258,89.73174106522205,0,outer_ring
56,54.00171723117479,89.7314364451525,0,outer_ring
57,53.948648816634794,89.73107155600044,0,outer_ring
58,53.89562624327442,89.7306398496435,0,outer_ring
59,53.843265685265386,89.73014767945523,0,outer_ring
60,53.79160488376012,89.72959795023137,0,outer_ring
61,53.73994479935554,89.72898452240386,0,outer_ring
62,53.6894862100356,89.7283238582757,0,outer_ring
63,53.639107438739394,89.72760360087469,0,outer_ring
64,53.589121436745586,89.72682907213756,0,outer_ring
65,53.53994772977546,89.72600892047706,0,outer_ring
66,53.49077501934005,89.7251310512588,0,outer_ring
67,53.44233743147537,89.72420985710059,0,outer_ring
68,53.394297651835736,89.72324088935896,0,outer_ring
69,53.346259014964424,89.72221683181412,0,outer_ring
70,53.29918771538561,89.72115993275753,0,outer_ring
71,53.252213600343566,89.72005245670874,0,outer_ring
72,53.20534860722433,89.71889502812365,0,outer_ring
73,53.15937401132522,89.71770860709788,0,outer_ring
74,53.113400745348656,89.71647172457125,0,outer_ring
75,53.06765885191884,89.71519094801357,0,outer_ring
76,53.0226233920202,89.7138811068122,0,outer_ring
77,52.97758936661184,89.71252284035337,0,outer_ring
78,52.93284098078477,89.71112517831023,0,outer_ring
79,52.88868604163256,89.70969913701036,0,outer_ring
80,52.844532630593754,89.70822654101599,0,outer_ring
81,52.80066347552151,89.70671726644818,0,outer_ring
82,52.75733321203496,89.70518136138784,0,outer_ring
83,52.714004561077736,89.703600619665,0,outer_ring
84,52.67091421546293,89.70198404360562,0,outer_ring
85,52.62835535590206,89.70034381436295,0,outer_ring
86,52.5857981855855,89.69866032580131,0,outer_ring
87,52.54339875884356,89.69693998912939,0,outer_ring
88,52.501560420300414,89.69520025494425,0,outer_ring
89,52.45972384132591,89.69341870876309,0,outer_ring
90,52.417938770595384,89.6915975436818,0,outer_ring
91,52.37677228590596,89.68976247060155,0,outer_ring
92,52.33560762586278,89.68788691243817,0,outer_ring
93,52.29444483028079,89.68597087100572,0,outer_ring
94,52.25382933829879,89.68404053815985,0,outer_ring
95,52.21328997900706,89.68207442809828,0,outer_ring
96,52.17275254323374,89.68006904995866,0,outer_ring
97,52.13258315898857,89.67804304767618,0,outer_ring
98,52.092624383640114,89.67598931116893,0,outer_ring
99,52.052667587682635,89.67389741781597,0,outer_ring
100,52.012897324918576,89.67177729436301,0,outer_ring
101,51.973476174267084,89.66963836687376,0,outer_ring
102,51.93405705646035,89.66746229683108,0,outer_ring
103,51.894646306191426,89.66524944286263,0,outer_ring
104,51.855721443091255,89.66302730894773,0,outer_ring
105,51.816798664553254,89.66076895614441,0,outer_ring
106,51.77787800427843,89.65847438640799,0,outer_ring
107,51.739246034299775,89.65616089498607,0,outer_ring
108,51.70077975109402,89.65382174225965,0,outer_ring
109,51.66231563558336,89.65144721133217,0,outer_ring
110,51.62394461806554,89.64904304145814,0,outer_ring
111,51.585896360456594,89.64662418972031,0,outer_ring
112,51.54785031952609,89.64417071864423,0,outer_ring
113,51.50980652677347,89.64168263026114,0,outer_ring
114,51.47205239473515,89.63917911449047,0,outer_ring
115,51.43438721867124,89.63664737222777,0,outer_ring
116,51.39672433888915,89.63408169622909,0,outer_ring
117,51.35915883055246,89.63148869216445,0,outer_ring
118,51.32183846183014,89.62887901692854,0,outer_ring
119,51.2845204381001,89.62623602027864,0,outer_ring
120,51.247204789113304,89.62355970432183,0,outer_ring
121,51.210122424230484,89.62086694030992,0,outer_ring
122,51.17311424944572,89.61814658108995,0,outer_ring
123,51.13610849841423,89.61539344727912,0,outer_ring
124,51.09916305917163,89.6126119228557,0,outer_ring
125,51.06243067823703,89.60981386531243,0,outer_ring
126,51.025700771572694,89.60698351346684,0,outer_ring
127,50.98897336757106,89.60412086950686,0,outer_ring
128,50.9523994923791,89.60123790495646,0,outer_ring
129,50.91591223565714,89.59832965643037,0,outer_ring
130,50.879427533443284,89.59538953450239,0,outer_ring
131,50.84295474539672,89.59241830572904,0,outer_ring
132,50.80667771429521,89.58943121332152,0,outer_ring
133,50.770403291860454,89.5864126070845,0,outer_ring
134,50.734131505468454,89.58336248929606,0,outer_ring
135,50.69793569063572,89.58028712293566,0,outer_ring
136,50.661839811144226,89.57718876745977,0,outer_ring
137,50.62574662412186,89.57405920303495,0,outer_ring
138,50.589656156552294,89.57089843200089,0,outer_ring
139,50.553679331821186,89.56771631372919,0,outer_ring
140,50.51773361372161,89.56450572956598,0,outer_ring
141,50.48179067425748,89.56126418625436,0,outer_ring
142,50.445866691948964,89.55799316390399,0,outer_ring
143,50.4100378372045,89.5546997392621,0,outer_ring
144,50.37421182376266,89.55137554928008,0,outer_ring
145,50.338388678040864,89.54802059640915,0,outer_ring
146,50.302606728127756,89.54463851995408,0,outer_ring
147,50.266867487833025,89.54122956438977,0,outer_ring
148,50.23113118157515,89.53778998739159,0,outer_ring
149,50.1953978355906,89.53431979148476,0,outer_ring
150,50.159707118298336,89.5308228804328,0,outer_ring
151,50.124027878533745,89.52729626448607,0,outer_ring
152,50.088351669495204,89.52373911972472,0,outer_ring
153,50.05268132723599,89.52015173256413,0,outer_ring
154,50.017029685631286,89.51653541760484,0,outer_ring
155,49.98138114988423,89.51288861323862,0,outer_ring
156,49.94573574606945,89.50921132213286,0,outer_ring
157,49.91008821535771,89.50550299491712,0,outer_ring
158,49.87443812479181,89.50176357224564,0,outer_ring
159,49.838791246367535,89.49799365210356,0,outer_ring
160,49.803147606174456,89.49419323725004,0,outer_ring
161,49.7674746879149,89.49035881846169,0,outer_ring
162,49.73179728002379,89.48649300781472,0,outer_ring
163,49.69612319618192,89.4825966418372,0,outer_ring
164,49.660442805918194,89.47866865612076,0,outer_ring
165,49.624705915427796,89.47470343443203,0,outer_ring
166,49.58897244082362,89.47070754683656,0,outer_ring
167,49.55324240842013,89.46668099627698,0,outer_ring
168,49.51746866148568,89.46261840694329,0,outer_ring
169,49.48164688594121,89.45851916001865,0,outer_ring
170,49.445828651120834,89.45438908945496,0,outer_ring
171,49.41001398354746,89.45022819831048,0,outer_ring
172,49.3740970904545,89.44602405716037,0,outer_ring
173,49.33816172272408,89.44178630143182,0,outer_ring
174,49.30223002807252,89.43751751389888,0,outer_ring
175,49.26627226453336,89.43321412200822,0,outer_ring
176,49.230190743017936,89.428864227404,0,outer_ring
177,49.19411300804063,89.42448303842808,0,outer_ring
178,49.15803908674379,89.42007055837655,0,outer_ring
179,49.121863056386466,89.41561369095216,0,outer_ring
180,49.08561011501525,89.4111152931867,0,outer_ring
181,49.04936110939864,89.40658528961842,0,outer_ring
182,49.013116067091005,89.40202368369074,0,outer_ring
183,48.97666633520589,89.39740393766326,0,outer_ring
184,48.94021287262441,89.39275123285924,0,outer_ring
185,48.903763504805916,89.3880665576512,0,outer_ring
186,48.86722407600584,89.38333768453462,0,outer_ring
187,48.83053650650002,89.37855676613316,0,outer_ring
188,48.79385317285515,89.3737434544141,0,outer_ring
189,48.757174103672924,89.36889775313028,0,outer_ring
190,48.720271117739514,89.36398920884625,0,outer_ring
191,48.68332383885789,89.35904133874647,0,outer_ring
192,48.64638097656189,89.35406059977916,0,outer_ring
193,48.60935239678966,89.34903471718842,0,outer_ring
194,48.57211079148308,89.34394599173886,0,outer_ring
195,48.534873766156146,89.33882385963258,0,outer_ring
196,48.49764135077548,89.3336683249916,0,outer_ring
197,48.460145434260745,89.32844189406144,0,outer_ring
198,48.42258341201246,89.3231716135534,0,outer_ring
199,48.38502617607301,89.31786733220693,0,outer_ring
200,48.34735486425657,89.31251209801732,0,outer_ring
201,48.30943648366536,89.30708648909285,0,outer_ring
202,48.27152307895849,89.30162621781804,0,outer_ring
203,48.23361468182187,89.29613128875627,0,outer_ring
204,48.19535474135855,89.29054951793303,0,outer_ring
205,48.15705322893533,89.2849255586362,0,outer_ring
206,48.11875692894178,89.27926621425001,0,outer_ring
207,48.08025467727142,89.27353997970286,0,outer_ring
208,48.04153246240635,89.26774414925092,0,outer_ring
209,48.00281568037568,89.26191213725897,0,outer_ring
210,47.96404703509051,89.25603523082509,0,outer_ring
211,47.92487080124181,89.25005882809685,0,outer_ring
212,47.88570023746071,89.24404537474558,0,outer_ring
213,47.84653537878753,89.23799487615065,0,outer_ring
214,47.806971947360736,89.23184428680875,0,outer_ring
215,47.76731351452459,89.22564006053639,0,outer_ring
216,47.72766104362427,89.21939784377018,0,outer_ring
217,47.687732751094295,89.21307286115871,0,outer_ring
218,47.647551505985746,89.20666793294258,0,outer_ring
219,47.607376499560566,89.20022398829164,0,outer_ring
220,47.56704265104953,89.19371430166919,0,outer_ring
221,47.526302724829335,89.18709810175292,0,outer_ring
222,47.485569335673176,89.1804417741159,0,outer_ring
223,47.444783083138105,89.17373552177035,0,outer_ring
224,47.403447610132915,89.16689679243333,0,outer_ring
225,47.36211899609197,89.16001673364272,0,outer_ring
226,47.320797282338695,89.15309535227776,0,outer_ring
227,47.27885790126075,89.14602706511084,0,outer_ring
228,47.23689615260504,89.13891118188799,0,outer_ring
229,47.19494165370817,89.1317526787904,0,outer_ring
230,47.15239597629248,89.12444850563153,0,outer_ring
231,47.1097620414061,89.11708390275473,0,outer_ring
232,47.067135733831314,89.10967528061778,0,outer_ring
233,47.02391415219967,89.10211688565792,0,outer_ring
234,46.980567761511566,89.0944898038766,0,outer_ring
235,46.937229406319624,89.08681719470881,0,outer_ring
236,46.89325394423631,89.0789837884061,0,outer_ring
237,46.84915353232912,89.0710795365826,0,outer_ring
238,46.805061597553475,89.06312813324644,0,outer_ring
239,46.760245281969134,89.05499619621172,0,outer_ring
240,46.71534790782226,89.04679907711497,0,outer_ring
241,46.67045383117635,89.03855201593595,0,outer_ring
242,46.624705679342824,89.03009603564996,0,outer_ring
243,46.57896694468777,89.02158926476231,0,outer_ring
244,46.533075366209886,89.01300124486536,0,outer_ring
245,46.48643935615889,89.00421967541196,0,outer_ring
246,46.439813321950815,88.99538529203957,0,outer_ring
247,46.39280778959081,88.98642361220422,0,outer_ring
248,46.34523630834877,88.97729737154967,0,outer_ring
249,46.29767540938868,88.96811614144933,0,outer_ring
250,46.249427607853995,88.95874401708772,0,outer_ring
251,46.20087132444718,88.94925265403569,0,outer_ring
252,46.152299279053,88.93969863465551,0,outer_ring
253,46.10269516962108,88.92988006972394,0,outer_ring
254,46.0531029457268,88.9200016478323,0,outer_ring
255,46.003047430116666,88.90996781937329,0,outer_ring
256,45.952353568518845,88.89974135063926,0,outer_ring
257,45.90167236754878,88.88945232081622,0,outer_ring
258,45.84996619514178,88.8788880605278,0,outer_ring
259,45.79812748479327,88.86822858935518,0,outer_ring
260,45.74581779452368,88.85740306633457,0,outer_ring
261,45.692762710170705,88.8463522159161,0,outer_ring
262,45.639721963440905,88.8352327529336,0,outer_ring
263,45.58544077707718,88.82377906318156,0,outer_ring
264,45.53112328361016,88.81224253619101,0,outer_ring
265,45.476011668912975,88.80046042152068,0,outer_ring
266,45.42035369254994,88.7884827963702,0,outer_ring
267,45.36431175949199,88.77634255916058,0,outer_ring
268,45.30724690359544,88.76389818470074,0,outer_ring
269,45.25016289567621,88.75136622585282,0,outer_ring
270,45.191621969478874,88.73842769893548,0,outer_ring
271,45.133099616629984,88.72540542049191,0,outer_ring
272,45.07328230033514,88.71200412218965,0,outer_ring
273,45.01321303058229,88.69845384385525,0,outer_ring
274,44.95201461852387,88.68455340251293,0,outer_ring
275,44.89032335110352,88.67044340651148,0,outer_ring
276,44.82758784760564,88.6559939662467,0,outer_ring
277,44.76419629454085,88.64129026496121,0,outer_ring
278,44.69975193289795,88.62623595732805,0,outer_ring
279,44.63457845134173,88.61090209467395,0,outer_ring
280,44.56823659117817,88.5951803936913,0,outer_ring
281,44.50119603275514,88.5791772266321,0,outer_ring
282,44.432749987306806,88.56271823077401,0,outer_ring
283,44.36375354493968,88.54600368880492,0,outer_ring
284,44.29297733582811,88.52872932083793,0,outer_ring
285,44.22180225554662,88.51122601830457,0,outer_ring
286,44.14857942598549,88.49308125534716,0,outer_ring
287,44.07466233467872,88.47462243374137,0,outer_ring
288,43.999191069083295,88.45562807598617,0,outer_ring
289,43.92224442897653,88.43610883306337,0,outer_ring
290,43.84441946776059,88.41620883802136,0,outer_ring
291,43.76413088787427,88.39551217954605,0,outer_ring
292,43.682783871097,88.37436974443466,0,outer_ring
293,43.599873111187506,88.35264148660636,0,outer_ring
294,43.51460112950226,88.33010520578718,0,outer_ring
295,43.427889752186665,88.30699141918087,0,outer_ring
296,43.33940097580555,88.2831986032022,0,outer_ring
297,43.248083532009495,88.25842745595807,0,outer_ring
298,43.15486446904436,88.23291190592775,0,outer_ring
299,43.05955424928704,88.20658477456165,0,outer_ring
300,42.961643463528446,88.17928696621169,0,outer_ring
301,42.86056947949973,88.1508384468579,0,outer_ring
302,42.75680495446902,88.12134796489087,0,outer_ring
303,42.65009547101098,88.09071903650978,0,outer_ring
304,42.540164592164665,88.05884506482045,0,outer_ring
305,42.42671240871292,88.0256083366428,0,outer_ring
306,42.30941400946262,87.99087891074788,0,outer_ring
307,42.1879178740454,87.95451338425424,0,outer_ring
308,42.06184418847354,87.91635352215579,0,outer_ring
309,41.930783084570066,87.87622473296368,0,outer_ring
310,41.7942928054792,87.83393437119904,0,outer_ring
311,41.65189780079123,87.78926984493971,0,outer_ring
312,41.503086756428104,87.74199650377312,0,outer_ring
313,41.34731056638927,87.69185527930577,0,outer_ring
314,41.183716061248376,87.6384732385196,0,outer_ring
315,41.010250304647364,87.58105636268562,0,outer_ring
316,40.827517410325115,87.51966222506645,0,outer_ring
317,40.63234748025465,87.45305370706323,0,outer_ring
318,40.424598046253664,87.38097048419223,0,outer_ring
319,40.20119199288689,87.3020877702451,0,outer_ring
320,39.959270434691284,87.21506003007227,0,outer_ring
321,39.695875914387585,87.11839458981166,0,outer_ring
322,39.405300115081836,87.00942263379856,0,outer_ring
323,39.08314817471043,86.88572645554447,0,outer_ring
324,38.71862730250638,86.7420714096306,0,outer_ring
325,38.298624152749376,86.57163819871951,0,outer_ring
326,37.80380003101202,86.36400260744941,0,outer_ring
327,37.19891275589326,86.09996246231407,0,outer_ring
328,36.419217151532436,85.74266909721362,0,outer_ring
329,35.31642200137887,85.20372359841011,0,outer_ring
330,33.44076754826041,84.1920280766964,0,outer_ring
331,27.799208596249937,80.31706900435631,0,outer_ring
332,18.42513755343107,69.54027047502956,0,outer_ring
333,16.648980780800507,66.29234498644945,0,outer_ring
334,15.839314965014559,64.54181386995515,0,outer_ring
335,15.326144740152586,63.308364223914445,0,outer_ring
336,14.953108600464702,62.33469937265548,0,outer_ring
337,14.660613692945986,61.5157961038184,0,outer_ring
338,14.420205924247675,60.799133203208164,0,outer_ring
339,14.215852864752222,60.15354014268625,0,outer_ring
340,14.03804780332564,59.56005050621228,0,outer_ring
341,13.880266489944276,59.00466374266813,0,outer_ring
342,13.738322941817295,58.47830388740625,0,outer_ring
343,13.609022940983728,57.97335397445732,0,outer_ring
344,13.490078355464675,57.48401840499546,0,outer_ring
345,13.3797752676696,57.00556157673855,0,outer_ring
346,13.276700690813463,56.533452201135255,0,outer_ring
347,13.179786973588385,56.06372633314262,0,outer_ring
348,13.088164591515032,55.59243502053231,0,outer_ring
349,13.001122258746328,55.115445553975036,0,outer_ring
350,12.918093773013524,54.62829099254434,0,outer_ring
351,12.83860503561958,54.12565127846377,0,outer_ring
352,12.76227316625247,53.60087422193024,0,outer_ring
353,12.68883913620462,53.04535448303863,0,outer_ring
354,12.618254874866686,52.44771004195639,0,outer_ring
355,12.55061853545655,51.790085244387,0,outer_ring
356,12.486548862585167,51.043996940180364,0,outer_ring
357,12.427913685322096,50.15877187877009,0,outer_ring
358,12.380211474985138,49.023528265877275,0,outer_ring
359,12.366668186784118,47.298881453271726,0,outer_ring
360,28.85944698276014,14.511754451998797,0,outer_ring
361,43.08408126219566,7.45112273770296,0,outer_ring
362,44.1574104072546,7.1692286284112114,0,outer_ring
363,44.8148641419958,7.011454622062331,0,outer_ring
364,45.296793545282505,6.902896095465245,0,outer_ring
365,45.68058233105271,6.82070058454476,0,outer_ring
366,46.00160752372037,6.754827394439921,0,outer_ring
367,46.27863429744849,6.700081214830767,0,outer_ring
368,46.522128946341475,6.653560696223678,0,outer_ring
369,46.74030110450803,6.613144505425659,0,outer_ring
370,46.93955745134239,6.577275095524534,0,outer_ring
371,47.121046854132786,6.5454679820761115,0,outer_ring
372,47.28986117222017,6.516619893310583,0,outer_ring
373,47.447430118354475,6.490333627234925,0,outer_ring
374,47.594151488061534,6.466411657782338,0,outer_ring
375,47.732473399284146,6.44434814435224,0,outer_ring
376,47.86341523277625,6.423898379291131,0,outer_ring
377,47.98782098947435,6.404862133989226,0,outer_ring
378,48.10644306898853,6.387066823972397,0,outer_ring
379,48.21946332843045,6.370434700761507,0,outer_ring
380,48.327359161900404,6.354850248751411,0,outer_ring
381,48.43109835834576,6.340136265770077,0,outer_ring
382,48.531185291934726,6.3261910006025275,0,outer_ring
383,48.628066472332804,6.312926661141908,0,outer_ring
384,48.72073117676083,6.30045503231419,0,outer_ring
385,48.810485655268494,6.288575713179064,0,outer_ring
386,48.89804825305703,6.277176585687997,0,outer_ring
387,48.982375223239025,6.266375996136773,0,outer_ring
388,49.06423978342406,6.256057093149231,0,outer_ring
389,49.14468754022562,6.246076265355484,0,outer_ring
390,49.22168015781636,6.236672054807194,0,outer_ring
391,49.297574483921096,6.227543520884879,0,outer_ring
392,49.37124273347348,6.2188170387140005,0,outer_ring
393,49.44316820493238,6.210424563051511,0,outer_ring
394,49.51371414123654,6.202315414722136,0,outer_ring
395,49.582189894325225,6.194560055980929,0,outer_ring
396,49.649802455025636,6.187014348883189,0,outer_ring
397,49.71528869550943,6.179811876124035,0,outer_ring
398,49.78014460711678,6.172781415996049,0,outer_ring
399,49.843048487370716,6.166060131727612,0,outer_ring
400,49.90531311271608,6.159501728561324,0,outer_ring
401,49.96599403385535,6.153200630387566,0,outer_ring
402,50.02582216348586,6.147075497909249,0,outer_ring
403,50.08459655537134,6.1411427224583335,0,outer_ring
404,50.14213314563837,6.135415957683392,0,outer_ring
405,50.19927877341027,6.129807460338803,0,outer_ring
406,50.25465963413523,6.124447591735162,0,outer_ring
407,50.31004756347872,6.119161268899489,0,outer_ring
408,50.36377191052294,6.114104618271213,0,outer_ring
409,50.41713072368619,6.109151452242074,0,outer_ring
410,50.4698010480722,6.104329690169173,0,outer_ring
411,50.52125021557307,6.099684438882377,0,outer_ring
412,50.572705071093864,6.095102622715849,0,outer_ring
413,50.6226942298369,6.090712545702985,0,outer_ring
414,50.67235100710429,6.086411380195543,0,outer_ring
415,50.721719293872226,6.0821941895421645,0,outer_ring
416,50.76968330474009,6.078153268408059,0,outer_ring
417,50.81765192609231,6.074167450084573,0,outer_ring
418,50.864923427079816,6.070293831597347,0,outer_ring
419,50.91129779561653,6.066546066489295,0,outer_ring
420,50.957676297063905,6.062849797562016,0,outer_ring
421,51.00314044733965,6.059276696982138,0,outer_ring
422,51.04801737262758,6.05579856994035,0,outer_ring
423,51.09289800843401,6.0523686543985775,0,outer_ring
424,51.13681002334579,6.049059694594803,0,outer_ring
425,51.18027632001578,6.045830025133149,0,outer_ring
426,51.22374595280403,6.042645572857907,0,outer_ring
427,51.26633013716466,6.039570062866936,0,outer_ring
428,51.308467599366686,6.036569745954168,0,outer_ring
429,51.35060806511188,6.033611914116541,0,outer_ring
430,51.392060802620875,6.030744005850252,0,outer_ring
431,51.43294654442119,6.027955782538719,0,outer_ring
432,51.473834993714526,6.025207549254546,0,outer_ring
433,51.51432744622448,6.022525518534813,0,outer_ring
434,51.55403421978921,6.019933774874474,0,outer_ring
435,51.59374343675541,6.0173797408001946,0,outer_ring
436,51.6334239804242,6.014865373246366,0,outer_ring
437,51.67202047333358,6.012455963735341,0,outer_ring
438,51.710619173569405,6.010082177897559,0,outer_ring
439,51.74922004825178,6.007744017755108,0,outer_ring
440,51.78716670954933,6.00548033574227,0,outer_ring
441,51.82471981841295,6.003274142412543,0,outer_ring
442,51.86227489286399,6.001101665184166,0,outer_ring
443,51.89970840896432,5.998969882971366,0,outer_ring
444,51.93627732150134,5.99691978684141,0,outer_ring
445,51.97284801213129,5.994901657724654,0,outer_ring
446,52.00942045290992,5.992915497163182,0,outer_ring
447,52.04550024018173,5.9909875078553725,0,outer_ring
448,52.081144673345534,5.989113419154485,0,outer_ring
449,52.11679069006969,5.987269695820771,0,outer_ring
450,52.152438264485994,5.985456339192218,0,outer_ring
451,52.18734904023554,5.9837099694199765,0,outer_ring
452,52.22212371276685,5.981999432386253,0,outer_ring
453,52.25689979465969,5.980317791881731,0,outer_ring
454,52.2916260301799,5.97866746247049,0,outer_ring
455,52.32558158585267,5.977081681257204,0,outer_ring
456,52.35953841686106,5.975523447972279,0,outer_ring
457,52.39349650085562,5.973992763641299,0,outer_ring
458,52.42730901203151,5.972496067796818,0,outer_ring
459,52.460496178298,5.971053662954809,0,outer_ring
460,52.49368447767935,5.969637569489571,0,outer_ring
461,52.52687388931539,5.968247788291173,0,outer_ring
462,52.559899466692606,5.966891030229114,0,outer_ring
463,52.592365109183106,5.96558271096972,0,outer_ring
464,52.62483175646806,5.9642995680790065,0,outer_ring
465,52.65729938902383,5.963041602328602,0,outer_ring
466,52.68964819080454,5.9618133166398195,0,outer_ring
467,52.7214369144575,5.9606306786828895,0,outer_ring
468,52.753226526814366,5.959472175242276,0,outer_ring
469,52.785017009551815,5.958337806985739,0,outer_ring
470,52.81678412847598,5.957228411048995,0,outer_ring
471,52.84793843518691,5.956163850394866,0,outer_ring
472,52.879093525280766,5.955122468012419,0,outer_ring
473,52.91024938151338,5.95410426447804,0,outer_ring
474,52.94140598664006,5.953109240355317,0,outer_ring
475,52.97207670220742,5.952152396280958,0,outer_ring
476,53.00263782659271,5.951221333723744,0,outer_ring
477,53.03319962225693,5.950312572502725,0,outer_ring
478,53.06376207292616,5.949426113101801,0,outer_ring
479,53.09404066033585,5.948569897235771,0,outer_ring
480,53.12404655903082,5.947743003489464,0,outer_ring
481,53.154053042415,5.946937606273011,0,outer_ring
482,53.18406009508807,5.946153705999791,0,outer_ring
483,53.21400274651187,5.94539293015513,0,outer_ring
484,53.24349047437471,5.9446646450891265,0,outer_ring
485,53.27297870762804,5.9439571189434375,0,outer_ring
486,53.3024674316579,5.943270352068701,0,outer_ring
487,53.33195663185009,5.942604344805268,0,outer_ring
488,53.36112538554003,5.94196600731879,0,outer_ring
489,53.39013086855416,5.9413513926114305,0,outer_ring
490,53.41913677018081,5.940756861747076,0,outer_ring
491,53.448143076513595,5.940182415010774,0,outer_ring
492,53.47709348394531,5.939629109003221,0,outer_ring
493,53.50565027117043,5.939102933209419,0,outer_ring
494,53.53420741043494,5.938596223611086,0,outer_ring
495,53.562764888469296,5.938108980443673,0,outer_ring
496,53.59132269200398,5.937641203933573,0,outer_ring
497,53.61966535835733,5.937196203560312,0,outer_ring
498,53.64780645946904,5.936773342590236,0,outer_ring
499,53.67594783826854,5.936369384124333,0,outer_ring
500,53.70408948205895,5.9359843283448654,0,outer_ring
501,53.73223137814324,5.935618175425553,0,outer_ring
502,53.76004992849416,5.935274810855269,0,outer_ring
503,53.78780670502254,5.934950620763878,0,outer_ring
504,53.8155636902349,5.934644819553853,0,outer_ring
505,53.84332087194865,5.934357407359428,0,outer_ring
506,53.87104374082214,5.934088707237564,0,outer_ring
507,53.89844627876573,5.933841140219627,0,outer_ring
508,53.92584897276368,5.933611495204275,0,outer_ring
509,53.95325181109451,5.9333997722897465,0,outer_ring
510,53.980654782036694,5.933205971566586,0,outer_ring
511,54.00796228274293,5.933030675488723,0,outer_ring
512,54.03504001284006,5.932874428500924,0,outer_ring
513,54.06211783825841,5.932735680725592,0,outer_ring
514,54.08919574768902,5.932614432220674,0,outer_ring
515,54.11627372982282,5.932510683036824,0,outer_ring
516,54.1432233658307,5.932424800929184,0,outer_ring
517,54.170004557383415,5.932356627373906,0,outer_ring
518,54.19678578704007,5.9323055716012405,0,outer_ring
519,54.22356704385955,5.932271633632055,0,outer_ring
520,54.2503483169006,5.932254813480206,0,outer_ring
521,54.276990309682844,5.932255065322266,0,outer_ring
522,54.303502374287,5.932272132453683,0,outer_ring
523,54.33001442278469,5.932305974991706,0,outer_ring
524,54.3565264445614,5.932356592922794,0,outer_ring
525,54.38303842900249,5.932423986226667,0,outer_ring
526,54.40941651976236,5.932507687818351,0,outer_ring
527,54.435686090466255,5.932607549317886,0,outer_ring
528,54.4619555933976,5.9327238808526275,0,outer_ring
529,54.488225018230295,5.932856682376837,0,outer_ring
530,54.514494354638295,5.933005953838318,0,outer_ring
531,54.54064654657808,5.933170920168379,0,outer_ring
532,54.566699553659966,5.933351492254204,0,outer_ring
533,54.59275244342463,5.933548264196482,0,outer_ring
534,54.61880520579894,5.933761235919135,0,outer_ring
535,54.64485783070986,5.93399040733982,0,outer_ring
536,54.67081707838569,5.9342348714168764,0,outer_ring
537,54.696678822059845,5.934494412163438,0,outer_ring
538,54.72254040060406,5.934769916188337,0,outer_ring
539,54.74840180416495,5.9350613833866035,0,outer_ring
540,54.77426302288916,5.93536881364718,0,outer_ring
541,54.800057874713595,5.935691358993019,0,outer_ring
542,54.82575309506098,5.936028450581574,0,outer_ring
543,54.85144810383628,5.936381301083593,0,outer_ring
544,54.87714289137458,5.936749910366359,0,outer_ring
545,54.90283744801093,5.937134278291211,0,outer_ring
546,54.92849264753235,5.937533783588712,0,outer_ring
547,54.954045591940144,5.937947317249453,0,outer_ring
548,54.97959827936604,5.938376436476155,0,outer_ring
549,55.005150700303936,5.93882114110918,0,outer_ring
550,55.030702845247724,5.939281430983094,0,outer_ring
551,55.05623989645311,5.9397570256246865,0,outer_ring
552,55.08167438483488,5.940246189067018,0,outer_ring
553,55.10710857153785,5.940750794729432,0,outer_ring
554,55.13254244718647,5.941270842425908,0,outer_ring
555,55.157976002405306,5.941806331964756,0,outer_ring
556,55.183409227819055,5.942357263148587,0,outer_ring
557,55.20875319201148,5.9429216286292785,0,outer_ring
558,55.23409233410232,5.943501223819361,0,outer_ring
559,55.25943112095367,5.944096146827889,0,outer_ring
560,55.28476954329363,5.944706397437159,0,outer_ring
561,55.310107591850425,5.945331975423876,0,outer_ring
562,55.33539213707087,5.945971520861697,0,outer_ring
563,55.360659387712154,5.946625886136289,0,outer_ring
564,55.38592623901732,5.947295493487211,0,outer_ring
565,55.41119268179184,5.947980342670803,0,outer_ring
566,55.436458706841265,5.948680433437836,0,outer_ring
567,55.461698479443754,5.949395026560637,0,outer_ring
568,55.486916748950165,5.950124214077832,0,outer_ring
569,55.512134574827115,5.950868585875483,0,outer_ring
570,55.537351947931924,5.951628141683727,0,outer_ring
571,55.562568859122095,5.952402881227179,0,outer_ring
572,55.5877773212712,5.953192551905445,0,outer_ring
573,55.612969335977354,5.953996881523963,0,outer_ring
574,55.63816086228282,5.954816365196642,0,outer_ring
575,55.663351891071855,5.955651002626944,0,outer_ring
576,55.688542413228824,5.956500793512838,0,outer_ring
577,55.71373229554731,5.9573657332485865,0,outer_ring
578,55.738920655670405,5.958245790523769,0,outer_ring
579,55.76410848186369,5.959140998966447,0,outer_ring
580,55.78929576501349,5.96005135825272,0,outer_ring
581,55.81448249600637,5.96097686805318,0,outer_ring
582,55.83966866572904,5.961917528032963,0,outer_ring
583,55.86487347693896,5.96287407274562,0,outer_ring
584,55.89008013315785,5.963845884311915,0,outer_ring
585,55.915286199741466,5.964832871060636,0,outer_ring
586,55.9404916675538,5.9658350326340255,0,outer_ring
587,55.96569652745919,5.966852368668874,0,outer_ring
588,55.99093049476363,5.967886105453104,0,outer_ring
589,56.01617849832868,5.968935665773877,0,outer_ring
590,56.04142586431426,5.970000452925383,0,outer_ring
591,56.06667258353721,5.971080466520348,0,outer_ring
592,56.09191864681462,5.97217570616592,0,outer_ring
593,56.117194989384764,5.973287541971949,0,outer_ring
594,56.142506900941456,5.974416267598194,0,outer_ring
595,56.1678181253263,5.975560299212155,0,outer_ring
596,56.19312865328382,5.9767196363954795,0,outer_ring
597,56.2184384755588,5.97789427872425,0,outer_ring
598,56.24377148498822,5.979085356812718,0,outer_ring
599,56.26916996449376,5.980294940700439,0,outer_ring
600,56.294567705279306,5.981519937584125,0,outer_ring
601,56.31996469799155,5.982760347012658,0,outer_ring
602,56.345360933277384,5.984016168529216,0,outer_ring
603,56.370766412182846,5.985287905812946,0,outer_ring
604,56.39627427494045,5.986580324687623,0,outer_ring
605,56.42178134515178,5.987888291906209,0,outer_ring
606,56.447287613339284,5.989211806982702,0,outer_ring
607,56.47279307002575,5.990550869425341,0,outer_ring
608,56.49829770573424,5.991905478736577,0,outer_ring
609,56.52392905148359,5.993282525524478,0,outer_ring
610,56.54956847543257,5.994675761852406,0,outer_ring
611,56.575207040760986,5.996084710326059,0,outer_ring
612,56.60084473784028,5.997509370416324,0,outer_ring
613,56.626481557042126,5.998949741588142,0,outer_ring
614,56.65224682990318,6.000413209641664,0,outer_ring
615,56.67804189989369,6.0018943190357135,0,outer_ring
616,56.703836051656566,6.003391334628937,0,outer_ring
617,56.72962927538345,6.004904255852075,0,outer_ring
618,56.75542156126631,6.006433082129838,0,outer_ring
619,56.7813441627407,6.007985715506138,0,outer_ring
620,56.80731849641139,6.009557620702637,0,outer_ring
621,56.83329184884652,6.0111456568678605,0,outer_ring
622,56.859264210028265,6.012749823389299,0,outer_ring
623,56.885235569939034,6.014370119648227,0,outer_ring
624,56.91134234070745,6.016015183910859,0,outer_ring
625,56.9375199392073,6.017681142272885,0,outer_ring
626,56.963696489641606,6.019363488206693,0,outer_ring
627,56.98987198175156,6.021062221052944,0,outer_ring
628,57.0160464052787,6.0227773401459,0,outer_ring
629,57.042368139779455,6.024518708498341,0,outer_ring
630,57.06877344696973,6.026282330263818,0,outer_ring
631,57.095177634985596,6.028062629330584,0,outer_ring
632,57.12158069329386,6.029859604988438,0,outer_ring
633,57.14798261136177,6.031673256520534,0,outer_ring
634,57.1745545985538,6.033515508313933,0,outer_ring
635,57.20121256143024,6.035380777422532,0,outer_ring
636,57.22786932924656,6.037263048167013,0,outer_ring
637,57.25452489115968,6.039162319781731,0,outer_ring
638,57.281179236326906,6.04107859149412,0,outer_ring
639,57.30804183058292,6.043027124495673,0,outer_ring
640,57.33497796111057,6.044998422201779,0,outer_ring
641,57.36191281537081,6.046987082159518,0,outer_ring
642,57.38884638217245,6.048993103542621,0,outer_ring
643,57.41577865032483,6.051016485517593,0,outer_ring
644,57.44297787656733,6.053077643553635,0,outer_ring
645,57.47021831512084,6.055159775064979,0,outer_ring
646,57.49745739027973,6.057259667611817,0,outer_ring
647,57.52469509046356,6.059377320301408,0,outer_ring
648,57.55194657578982,6.061513926721311,0,outer_ring
649,57.57951960147822,6.06369395007988,0,outer_ring
650,57.6070911820798,6.065892174496959,0,outer_ring
651,57.63466130557993,6.068108599014636,0,outer_ring
652,57.66222995996474,6.070343222667098,0,outer_ring
653,57.68990177873015,6.072604631137587,0,outer_ring
654,57.717833641896,6.074906012166863,0,outer_ring
655,57.745763959441504,6.077226076037739,0,outer_ring
656,57.77369271887023,6.079564821712175,0,outer_ring
657,57.80161990768642,6.081922248143783,0,outer_ring
658,57.829778275205506,6.084318238348494,0,outer_ring
659,57.85809740908705,6.086747203306999,0,outer_ring
660,57.88641488875035,6.089195378155964,0,outer_ring
661,57.914730701164615,6.091662761768852,0,outer_ring
662,57.9430448332998,6.094149353010231,0,outer_ring
663,57.971764412825024,6.096691325980551,0,outer_ring
664,58.00050015360168,6.099254665107615,0,outer_ring
665,58.02923412260414,6.101837789345261,0,outer_ring
666,58.05796630621004,6.104440697468853,0,outer_ring
667,58.086876890024925,6.107079900915345,0,outer_ring
668,58.11606143624288,6.109764601835316,0,outer_ring
669,58.145244097455326,6.112469715795498,0,outer_ring
670,58.17442485938438,6.1151952414724065,0,outer_ring
671,58.20360370775321,6.1179411775325505,0,outer_ring
672,58.23322171797489,6.120749501584051,0,outer_ring
673,58.262884690542904,6.123583358547677,0,outer_ring
674,58.29254564025514,6.126438310215612,0,outer_ring
675,58.322204552110286,6.129314355143947,0,outer_ring
676,58.35211492030646,6.132236348619699,0,outer_ring
677,58.38229099125634,6.135206248751878,0,outer_ring
678,58.41246490507051,6.138197985689281,0,outer_ring
679,58.442636645946834,6.141211557865134,0,outer_ring
680,58.47288685426045,6.144255108204902,0,outer_ring
681,58.503610066575405,6.147368945900169,0,outer_ring
682,58.53433097562535,6.1505054259792615,0,outer_ring
683,58.565049564723374,6.1536645467385185,0,outer_ring
684,58.59576581718366,6.156846306461965,0,outer_ring
685,58.62700198781424,6.160105390145851,0,outer_ring
686,58.658305269966554,6.163395222801974,0,outer_ring
687,58.68960607193283,6.16670856985305,0,outer_ring
688,58.720904376049525,6.170045429429322,0,outer_ring
689,58.75264093735477,6.173453297234737,0,outer_ring
690,58.78456341334382,6.176905802258993,0,outer_ring
691,58.81648323425078,6.180382768965622,0,outer_ring
692,58.848400381331146,6.183884195312807,0,outer_ring
693,58.880716402049856,6.187454601672194,0,outer_ring
694,58.9132964360865,6.191079874514216,0,outer_ring
695,58.94587362386426,6.194730635736512,0,outer_ring
696,58.978447945442724,6.198406883104461,0,outer_ring
697,59.01143446040522,6.202155954570536,0,outer_ring
698,59.044712065512314,6.205964938927984,0,outer_ring
699,59.0779866150823,6.209800524204127,0,outer_ring
700,59.11125808785145,6.213662707947883,0,outer_ring
701,59.14501917109793,6.217609283569118,0,outer_ring
702,59.17903611941851,6.221613852143108,0,outer_ring
703,59.213049782772266,6.225646227096739,0,outer_ring
704,59.24706013842946,6.229706405735371,0,outer_ring
705,59.281714070848096,6.233872423315361,0,outer_ring
706,59.31651400916325,6.238085467727323,0,outer_ring
707,59.35131041061732,6.24232762470281,0,outer_ring
708,59.38615143178135,6.246604826585603,0,outer_ring
709,59.42178379013082,6.251009826263164,0,outer_ring
710,59.457412360807645,6.25544535726069,0,outer_ring
711,59.493037117651355,6.259911416321366,0,outer_ring
712,59.529006737440476,6.264452171734604,0,outer_ring
713,59.56551579568585,6.2690933650130205,0,outer_ring
714,59.60202076325446,6.273766624242768,0,outer_ring
715,59.63852161198268,6.278471945818438,0,outer_ring
716,59.675786460871905,6.283309384168966,0,outer_ring
717,59.7132222692447,6.288203239119774,0,outer_ring
718,59.75065365277349,6.293130823916478,0,outer_ring
719,59.78840736056002,6.298135603549824,0,outer_ring
720,59.826827126988704,6.303264532942336,0,outer_ring
721,59.86524213233928,6.308429001265978,0,outer_ring
722,59.90365234373761,6.313629004101195,0,outer_ring
723,59.9430396795579,6.318998873915845,0,outer_ring
724,59.98249403683977,6.324416048168644,0,outer_ring
725,60.02194322746224,6.329870719986737,0,outer_ring
726,60.062084687128994,6.335460343946558,0,outer_ring
727,60.10263693705186,6.341147368185965,0,outer_ring
728,60.143183609651715,6.34687402162259,0,outer_ring
729,60.184209025437674,6.352709435040673,0,outer_ring
730,60.22592069572249,6.358684908391936,0,outer_ring
731,60.26762633556987,6.364702326828592,0,outer_ring
732,60.309683527461544,6.370813835858613,0,outer_ring
733,60.3526193185082,6.377097961573085,0,outer_ring
734,60.39554857845144,6.383426549845858,0,outer_ring
735,60.438804979114565,6.389849321419128,0,outer_ring
736,60.48303295925085,6.396464073618155,0,outer_ring
737,60.52725385426819,6.403126026594471,0,outer_ring
738,60.5718982803309,6.40990076099073,0,outer_ring
739,60.617490090922054,6.416870071419034,0,outer_ring
740,60.66307420242775,6.423889562786989,0,outer_ring
741,60.70931878348635,6.431063261591177,0,outer_ring
742,60.756349854121126,6.43841322902761,0,outer_ring
743,60.803372544224025,6.44581662296936,0,outer_ring
744,60.851454821627286,6.453443467295003,0,outer_ring
745,60.900004595513366,6.461202592639978,0,outer_ring
746,60.94856836210199,6.4690224199164135,0,outer_ring
747,60.998730439430915,6.4771610377945805,0,outer_ring
748,61.04888260902207,6.4853604882776565,0,outer_ring
749,61.099754746845534,6.493741470332864,0,outer_ring
750,61.15160834016283,6.5023503334483905,0,outer_ring
751,61.20345109289831,6.5110242398846765,0,outer_ring
752,61.25695490566465,6.520046188553337,0,outer_ring
753,61.31059306209338,6.529162338473931,0,outer_ring
754,61.36517985621793,6.53851331369566,0,outer_ring
755,61.42071360103834,6.54810274423631,0,outer_ring
756,61.47656799081803,6.557825157852811,0,outer_ring
757,61.53410318609213,6.567921589565529,0,outer_ring
758,61.59162424964431,6.578098223408823,0,outer_ring
759,61.65108225932821,6.588704501578938,0,outer_ring
760,61.71071534569202,6.59943086852104,0,outer_ring
761,61.7720038179096,6.610547795724685,0,outer_ring
762,61.83386706173154,6.62186445509424,0,outer_ring
763,61.897256221852636,6.633559833052175,0,outer_ring
764,61.961474521498594,6.645511057273325,0,outer_ring
765,62.02726623549276,6.657862566276272,0,outer_ring
766,62.09397165704566,6.670496755647278,0,outer_ring
767,62.16250231844252,6.683593303968522,0,outer_ring
768,62.23183451851133,6.696963454898778,0,outer_ring
769,62.30347818214628,6.710906727145911,0,outer_ring
770,62.375692003885796,6.7250921080345805,0,outer_ring
771,62.45075662822207,6.739977198326436,0,outer_ring
772,62.526790364930726,6.75519980099709,0,outer_ring
773,62.60495368455624,6.771001409930825,0,outer_ring
774,62.68530606872765,6.787407065242519,0,outer_ring
775,62.76703280259679,6.804261481140337,0,outer_ring
776,62.85196525859889,6.82195692482685,0,outer_ring
777,62.938970375603375,6.840274589969638,0,outer_ring
778,63.02800187634291,6.8592186154006285,0,outer_ring
779,63.12050320721338,6.879115244132912,0,outer_ring
780,63.215972885485854,6.89987970216432,0,outer_ring
781,63.31428847795756,6.921507004722322,0,outer_ring
782,63.41580388514905,6.944098266515844,0,outer_ring
783,63.52140574127203,6.967879796681871,0,outer_ring
784,63.63142100205758,6.992960373775425,0,outer_ring
785,63.74575399082261,7.01935585335135,0,outer_ring
786,63.864904056476504,7.047222653723445,0,outer_ring
787,63.98942209298623,7.076737506247014,0,outer_ring
788,64.11991511064734,7.108100145772369,0,outer_ring
789,64.25705116542275,7.141536399945018,0,outer_ring
790,64.40156466370276,7.177301743801728,0,outer_ring
791,64.55426205792982,7.215685397958495,0,outer_ring
792,64.71772958664846,7.257453467495232,0,outer_ring
793,64.89188421282135,7.3027249571143855,0,outer_ring
794,65.07843983976831,7.352107422296008,0,outer_ring
795,65.28119354255196,7.406822306440681,0,outer_ring
796,65.5020248664344,7.467658657797429,0,outer_ring
797,65.74510844974819,7.53613067138393,0,outer_ring
798,66.01634930029918,7.614405996471248,0,outer_ring
799,66.32291443782947,7.705266212735133,0,outer_ring
800,66.6787460908221,7.813931592211105,0,outer_ring
801,67.10169170481107,7.947606509390731,0,outer_ring
802,67.62817828854321,8.120928074489129,0,outer_ring
803,68.32890169163167,8.363681826605152,0,outer_ring
804,69.40266445213791,8.762970337135776,0,outer_ring
805,71.91841387372153,9.833489561131763,0,outer_ring
806,82.26327323999999,47.83225282,1,inner_ring
807,82.2570496760693,48.42257548377871,1,inner_ring
808,82.23838175090208,49.01263572535472,1,inner_ring
809,82.20727776314303,49.60217123918258,1,inner_ring
810,82.16375153976759,50.19091995297944,1,inner_ring
811,82.10782242993534,50.778620144226785,1,inner_ring
812,82.03951529638844,51.36501055651658,1,inner_ring
813,81.95886050439924,51.949830515690316,1,inner_ring
814,81.8658939082716,52.53282004571915,1,inner_ring
815,81.76065683540227,53.1137199842737,1,inner_ring
816,81.64319606790919,53.692272097932204,1,inner_ring
817,81.51356382183488,54.26821919697562,1,inner_ring
818,81.37181772393444,54.84130524971882,1,inner_ring
819,81.21802078605802,55.411275496327036,1,inner_ring
820,81.05224137713954,55.9778765620668,1,inner_ring
821,80.87455319280402,56.54085656994127,1,inner_ring
822,80.68503522260679,57.09996525265967,1,inner_ring
823,80.48377171491953,57.654954063891225,1,inner_ring
824,80.27085213947848,58.20557628875396,1,inner_ring
825,80.04637114761147,58.751587153489446,1,inner_ring
826,79.81042853016163,59.29274393427457,1,inner_ring
827,79.5631291731264,59.82880606512206,1,inner_ring
828,79.30458301103138,60.35953524482177,1,inner_ring
829,79.03490497806004,60.884695542875136,1,inner_ring
830,78.75421495696091,61.404053504375824,1,inner_ring
831,78.46263772575473,61.91737825378982,1,inner_ring
832,78.16030290226576,62.424441597588874,1,inner_ring
833,77.84734488650129,62.925018125691786,1,inner_ring
834,77.52390280090555,63.4188853116682,1,inner_ring
835,77.19012042851406,63.90582361166061,1,inner_ring
836,76.84614614903634,64.38561656198041,1,inner_ring
837,76.49213287289521,64.85805087533478,1,inner_ring
838,76.1282379732518,65.3229165356414,1,inner_ring
839,75.754623216047,65.78000689138912,1,inner_ring
840,75.37145468808984,66.22911874750287,1,inner_ring
841,74.97890272322533,66.67005245567202,1,inner_ring
842,74.57714182661415,67.10261200310218,1,inner_ring
843,74.16635059715809,67.52660509965065,1,inner_ring
844,73.74671164810562,67.94184326330728,1,inner_ring
845,73.31841152587295,68.34814190398217,1,inner_ring
846,72.88164062711668,68.74532040556358,1,inner_ring
847,72.43659311409479,69.13320220620884,1,inner_ring
848,71.98346682835367,69.51161487683345,1,inner_ring
849,71.52246320277959,69.88039019776251,1,inner_ring
850,71.05378717205369,70.23936423351135,1,inner_ring
851,70.57764708155027,70.58837740566133,1,inner_ring
852,70.09425459471885,70.9272745637989,1,inner_ring
853,69.60382459899122,71.25590505448625,1,inner_ring
854,69.10657511025542,71.57412278823274,1,inner_ring
855,68.60272717593872,71.88178630443772,1,inner_ring
856,68.09250477674337,72.17875883427527,1,inner_ring
857,67.57613472707793,72.46490836149364,1,inner_ring
858,67.05384657422924,72.74010768110162,1,inner_ring
859,66.52587249631942,73.00423445591643,1,inner_ring
860,65.99244719909332,73.25717127094742,1,inner_ring
861,65.4538078115823,73.49880568559186,1,inner_ring
862,64.91019378069095,73.72903028361915,1,inner_ring
863,64.36184676475315,73.94774272092192,1,inner_ring
864,63.809010526105354,74.15484577101184,1,inner_ring
865,63.25193082272429,74.35024736824087,1,inner_ring
866,62.690855298977716,74.53386064872817,1,inner_ring
867,62.12603337553649,74.70560398897442,1,inner_ring
868,61.55771613849703,74.86540104214694,1,inner_ring
869,60.98615622776345,75.01318077201887,1,inner_ring
870,60.41160772473896,75.1488774845476,1,inner_ring
871,59.83432603937639,75.2724308570784,1,inner_ring
872,59.25456779663823,75.38378596516043,1,inner_ring
873,58.672590722416494,75.48289330696261,1,inner_ring
874,58.08865352896315,75.56970882527943,1,inner_ring
875,57.503015799882114,75.64419392711599,1,inner_ring
876,56.91593787473391,75.70631550084421,1,inner_ring
877,56.327680733304206,75.75604593092226,1,inner_ring
878,55.73850587958782,75.79336311017079,1,inner_ring
879,55.14867522553965,75.81825044960046,1,inner_ring
880,54.558450974644224,75.83069688578641,1,inner_ring
881,53.96809550535577,75.83069688578641,1,inner_ring
882,53.37787125446035,75.81825044960046,1,inner_ring
883,52.78804060041217,75.79336311017079,1,inner_ring
884,52.19886574669579,75.75604593092226,1,inner_ring
885,51.61060860526609,75.70631550084421,1,inner_ring
886,51.02353068011788,75.64419392711599,1,inner_ring
887,50.43789295103685,75.56970882527943,1,inner_ring
888,49.8539557575835,75.48289330696261,1,inner_ring
889,49.27197868336176,75.38378596516043,1,inner_ring
890,48.69222044062361,75.2724308570784,1,inner_ring
891,48.11493875526103,75.1488774845476,1,inner_ring
892,47.540390252236534,75.01318077201887,1,inner_ring
893,46.968830341502965,74.86540104214694,1,inner_ring
894,46.4005131044635,74.7056039889744,1,inner_ring
895,45.83569118102227,74.53386064872817,1,inner_ring
896,45.2746156572757,74.35024736824089,1,inner_ring
897,44.71753595389464,74.15484577101184,1,inner_ring
898,44.16469971524684,73.94774272092192,1,inner_ring
899,43.616352699309054,73.72903028361917,1,inner_ring
900,43.07273866841769,73.49880568559186,1,inner_ring
901,42.53409928090667,73.25717127094742,1,inner_ring
902,42.00067398368057,73.00423445591643,1,inner_ring
903,41.47269990577075,72.74010768110162,1,inner_ring
904,40.950411752922065,72.46490836149364,1,inner_ring
905,40.43404170325662,72.17875883427529,1,inner_ring
906,39.923819304061254,71.88178630443772,1,inner_ring
907,39.41997136974457,71.57412278823274,1,inner_ring
908,38.92272188100877,71.25590505448625,1,inner_ring
909,38.432291885281145,70.9272745637989,1,inner_ring
910,37.94889939844972,70.58837740566133,1,inner_ring
911,37.472759307946305,70.23936423351137,1,inner_ring
912,37.00408327722041,69.88039019776251,1,inner_ring
913,36.54307965164632,69.51161487683343,1,inner_ring
914,36.0899533659052,69.13320220620885,1,inner_ring
915,35.64490585288331,68.74532040556358,1,inner_ring
916,35.20813495412705,68.34814190398217,1,inner_ring
917,34.77983483189439,67.94184326330728,1,inner_ring
918,34.36019588284191,67.52660509965065,1,inner_ring
919,33.94940465338584,67.10261200310218,1,inner_ring
920,33.54764375677467,66.67005245567204,1,inner_ring
921,33.15509179191015,66.22911874750287,1,inner_ring
922,32.771923263953,65.78000689138912,1,inner_ring
923,32.39830850674818,65.3229165356414,1,inner_ring
924,32.03441360710478,64.85805087533478,1,inner_ring
925,31.68040033096364,64.38561656198041,1,inner_ring
926,31.336426051485937,63.90582361166061,1,inner_ring
927,31.002643679094447,63.418885311668205,1,inner_ring
928,30.6792015934987,62.925018125691786,1,inner_ring
929,30.366243577734238,62.42444159758887,1,inner_ring
930,30.06390875424527,61.91737825378982,1,inner_ring
931,29.772331523039092,61.404053504375824,1,inner_ring
932,29.491641501939945,60.884695542875136,1,inner_ring
933,29.221963468968617,60.35953524482177,1,inner_ring
934,28.96341730687359,59.82880606512206,1,inner_ring
935,28.71611794983836,59.29274393427457,1,inner_ring
936,28.480175332388534,58.75158715348945,1,inner_ring
937,28.25569434052152,58.20557628875396,1,inner_ring
938,28.04277476508046,57.654954063891225,1,inner_ring
939,27.84151125739321,57.09996525265968,1,inner_ring
940,27.651993287195978,56.54085656994127,1,inner_ring
941,27.474305102860452,55.9778765620668,1,inner_ring
942,27.30852569394198,55.41127549632704,1,inner_ring
943,27.154728756065552,54.84130524971883,1,inner_ring
944,27.012982658165107,54.268219196975615,1,inner_ring
945,26.883350412090806,53.69227209793221,1,inner_ring
946,26.765889644597713,53.1137199842737,1,inner_ring
947,26.660652571728388,52.53282004571914,1,inner_ring
948,26.567685975600753,51.949830515690316,1,inner_ring
949,26.48703118361155,51.36501055651659,1,inner_ring
950,26.41872405006466,50.778620144226785,1,inner_ring
951,26.3627949402324,50.19091995297944,1,inner_ring
952,26.319268716856964,49.60217123918258,1,inner_ring
953,26.28816472909791,49.01263572535472,1,inner_ring
954,26.26949680393069,48.42257548377871,1,inner_ring
955,26.263273239999997,47.83225282,1,inner_ring
956,26.26949680393069,47.241930156221294,1,inner_ring
957,26.28816472909791,46.651869914645275,1,inner_ring
958,26.319268716856964,46.06233440081743,1,inner_ring
959,26.3627949402324,45.47358568702056,1,inner_ring
960,26.41872405006466,44.88588549577321,1,inner_ring
961,26.48703118361155,44.29949508348342,1,inner_ring
962,26.567685975600753,43.714675124309686,1,inner_ring
963,26.660652571728388,43.13168559428085,1,inner_ring
964,26.76588964459771,42.5507856557263,1,inner_ring
965,26.883350412090802,41.9722335420678,1,inner_ring
966,27.012982658165107,41.39628644302438,1,inner_ring
967,27.15472875606555,40.82320039028118,1,inner_ring
968,27.30852569394198,40.253230143672965,1,inner_ring
969,27.474305102860452,39.686629077933205,1,inner_ring
970,27.651993287195978,39.12364907005875,1,inner_ring
971,27.841511257393208,38.56454038734033,1,inner_ring
972,28.042774765080463,38.00955157610878,1,inner_ring
973,28.255694340521522,37.45892935124603,1,inner_ring
974,28.480175332388534,36.912918486510556,1,inner_ring
975,28.716117949838363,36.37176170572543,1,inner_ring
976,28.96341730687359,35.835699574877935,1,inner_ring
977,29.221963468968614,35.30497039517824,1,inner_ring
978,29.49164150193995,34.779810097124866,1,inner_ring
979,29.772331523039096,34.26045213562417,1,inner_ring
980,30.063908754245265,33.74712738621019,1,inner_ring
981,30.36624357773424,33.24006404241113,1,inner_ring
982,30.679201593498703,32.739487514308216,1,inner_ring
983,31.002643679094444,32.2456203283318,1,inner_ring
984,31.336426051485937,31.758682028339393,1,inner_ring
985,31.680400330963643,31.27888907801958,1,inner_ring
986,32.03441360710478,30.806454764665226,1,inner_ring
987,32.39830850674819,30.341589104358604,1,inner_ring
988,32.771923263953,29.88449874861088,1,inner_ring
989,33.15509179191015,29.43538689249714,1,inner_ring
990,33.54764375677466,28.994453184327973,1,inner_ring
991,33.94940465338584,28.56189363689782,1,inner_ring
992,34.3601958828419,28.137900540349353,1,inner_ring
993,34.779834831894384,27.722662376692732,1,inner_ring
994,35.20813495412705,27.316363736017824,1,inner_ring
995,35.6449058528833,26.919185234436437,1,inner_ring
996,36.0899533659052,26.531303433791148,1,inner_ring
997,36.54307965164632,26.152890763166567,1,inner_ring
998,37.0040832772204,25.784115442237493,1,inner_ring
999,37.472759307946305,25.425141406488645,1,inner_ring
1000,37.948899398449726,25.076128234338668,1,inner_ring
1001,38.43229188528115,24.73723107620109,1,inner_ring
1002,38.92272188100877,24.408600585513753,1,inner_ring
1003,39.41997136974457,24.09038285176726,1,inner_ring
1004,39.923819304061254,23.782719335562287,1,inner_ring
1005,40.43404170325661,23.485746805724723,1,inner_ring
1006,40.950411752922065,23.199597278506364,1,inner_ring
1007,41.47269990577076,22.924397958898375,1,inner_ring
1008,42.00067398368058,22.660271184083562,1,inner_ring
1009,42.534099280906666,22.407334369052574,1,inner_ring
1010,43.072738668417685,22.16569995440815,1,inner_ring
1011,43.61635269930905,21.93547535638084,1,inner_ring
1012,44.16469971524684,21.716762919078082,1,inner_ring
1013,44.71753595389465,21.509659868988166,1,inner_ring
1014,45.27461565727571,21.31425827175912,1,inner_ring
1015,45.835691181022284,21.13064499127184,1,inner_ring
1016,46.4005131044635,20.958901651025595,1,inner_ring
1017,46.96883034150296,20.799104597853063,1,inner_ring
1018,47.540390252236534,20.65132486798113,1,inner_ring
1019,48.114938755261036,20.51562815545241,1,inner_ring
1020,48.692220440623615,20.39207478292159,1,inner_ring
1021,49.27197868336177,20.280719674839574,1,inner_ring
1022,49.85395575758349,20.181612333037386,1,inner_ring
1023,50.437892951036844,20.094796814720567,1,inner_ring
1024,51.02353068011788,20.02031171288401,1,inner_ring
1025,51.61060860526609,19.95819013915579,1,inner_ring
1026,52.19886574669579,19.908459709077743,1,inner_ring
1027,52.78804060041218,19.87114252982921,1,inner_ring
1028,53.37787125446034,19.846255190399543,1,inner_ring
1029,53.96809550535576,19.833808754213592,1,inner_ring
1030,54.558450974644224,19.833808754213592,1,inner_ring
1031,55.14867522553965,19.846255190399543,1,inner_ring
1032,55.73850587958783,19.87114252982921,1,inner_ring
1033,56.32768073330422,19.908459709077743,1,inner_ring
1034,56.9159378747339,19.95819013915579,1,inner_ring
1035,57.50301579988211,20.020311712884006,1,inner_ring
1036,58.08865352896314,20.094796814720564,1,inner_ring
1037,58.672590722416494,20.181612333037386,1,inner_ring
1038,59.254567796638234,20.280719674839574,1,inner_ring
1039,59.83432603937639,20.39207478292159,1,inner_ring
1040,60.41160772473897,20.515628155452415,1,inner_ring
1041,60.986156227763445,20.65132486798113,1,inner_ring
1042,61.55771613849702,20.79910459785306,1,inner_ring
1043,62.12603337553649,20.95890165102559,1,inner_ring
1044,62.69085529897772,21.130644991271843,1,inner_ring
1045,63.2519308227243,21.314258271759122,1,inner_ring
1046,63.80901052610536,21.50965986898817,1,inner_ring
1047,64.36184676475314,21.71676291907808,1,inner_ring
1048,64.91019378069093,21.935475356380838,1,inner_ring
1049,65.4538078115823,22.165699954408147,1,inner_ring
1050,65.99244719909332,22.40733436905257,1,inner_ring
1051,66.52587249631944,22.66027118408357,1,inner_ring
1052,67.05384657422925,22.924397958898382,1,inner_ring
1053,67.57613472707791,23.199597278506356,1,inner_ring
1054,68.09250477674337,23.48574680572472,1,inner_ring
1055,68.60272717593872,23.78271933556228,1,inner_ring
1056,69.10657511025542,24.090382851767252,1,inner_ring
1057,69.60382459899124,24.408600585513764,1,inner_ring
1058,70.09425459471885,24.737231076201102,1,inner_ring
1059,70.57764708155025,25.07612823433866,1,inner_ring
1060,71.05378717205369,25.42514140648864,1,inner_ring
1061,71.52246320277958,25.784115442237486,1,inner_ring
1062,71.98346682835367,26.15289076316656,1,inner_ring
1063,72.43659311409479,26.53130343379116,1,inner_ring
1064,72.8816406271167,26.919185234436437,1,inner_ring
1065,73.31841152587296,27.316363736017834,1,inner_ring
1066,73.7467116481056,27.722662376692725,1,inner_ring
1067,74.16635059715809,28.137900540349342,1,inner_ring
1068,74.57714182661415,28.56189363689782,1,inner_ring
1069,74.97890272322533,28.994453184327973,1,inner_ring
1070,75.37145468808984,29.435386892497142,1,inner_ring
1071,75.75462321604701,29.88449874861089,1,inner_ring
1072,76.1282379732518,30.341589104358597,1,inner_ring
1073,76.49213287289521,30.806454764665215,1,inner_ring
1074,76.84614614903634,31.27888907801958,1,inner_ring
1075,77.19012042851406,31.758682028339393,1,inner_ring
1076,77.52390280090555,32.24562032833181,1,inner_ring
1077,77.8473448865013,32.73948751430822,1,inner_ring
1078,78.16030290226576,33.24006404241112,1,inner_ring
1079,78.46263772575472,33.74712738621018,1,inner_ring
1080,78.7542149569609,34.26045213562417,1,inner_ring
1081,79.03490497806004,34.779810097124866,1,inner_ring
1082,79.30458301103138,35.30497039517824,1,inner_ring
1083,79.56312917312641,35.83569957487795,1,inner_ring
1084,79.81042853016163,36.37176170572542,1,inner_ring
1085,80.04637114761145,36.91291848651055,1,inner_ring
1086,80.27085213947848,37.458929351246034,1,inner_ring
1087,80.48377171491953,38.00955157610878,1,inner_ring
1088,80.68503522260679,38.56454038734033,1,inner_ring
1089,80.87455319280402,39.12364907005875,1,inner_ring
1090,81.05224137713955,39.68662907793322,1,inner_ring
1091,81.218020786058,40.25323014367296,1,inner_ring
1092,81.37181772393444,40.82320039028117,1,inner_ring
1093,81.51356382183488,41.39628644302438,1,inner_ring
1094,81.64319606790919,41.9722335420678,1,inner_ring
1095,81.76065683540229,42.55078565572631,1,inner_ring
1096,81.8658939082716,43.13168559428087,1,inner_ring
1097,81.95886050439924,43.71467512430967,1,inner_ring
1098,82.03951529638844,44.299495083483414,1,inner_ring
1099,82.10782242993534,44.885885495773216,1,inner_ring
1100,82.16375153976759,45.47358568702056,1,inner_ring
1101,82.20727776314303,46.06233440081743,1,inner_ring
1102,82.23838175090208,46.65186991464529,1,inner_ring
1103,82.2570496760693,47.24193015622128,1,inner_ring
1104,80.13190015031603,58.54738892622252,2,octagram
1105,80.13190015031603,58.54738892622252,2,octagram
1106,79.73983859612788,58.66044373217082,2,octagram
1107,79.34777704193974,58.77349853811912,2,octagram
1108,78.95571548775159,58.88655334406743,2,octagram
1109,78.56365393356344,58.99960815001573,2,octagram
1110,78.1715923793753,59.11266295596403,2,octagram
1111,77.77953082518715,59.225717761912335,2,octagram
1112,77.387469270999,59.338772567860644,2,octagram
1113,77.387469270999,59.338772567860644,2,octagram
1114,76.99540771681085,59.451827373808946,2,octagram
1115,76.6033461626227,59.56488217975725,2,octagram
1116,76.21128460843455,59.67793698570555,2,octagram
1117,75.81922305424641,59.79099179165386,2,octagram
1118,75.42716150005826,59.90404659760216,2,octagram
1119,75.03509994587012,60.01710140355046,2,octagram
1120,74.64303839168197,60.130156209498764,2,octagram
1121,74.25097683749382,60.24321101544707,2,octagram
1122,74.25097683749382,60.24321101544707,2,octagram
1123,73.85891528330568,60.356265821395375,2,octagram
1124,73.46685372911753,60.46932062734368,2,octagram
1125,73.07479217492939,60.58237543329198,2,octagram
1126,72.68273062074124,60.69543023924028,2,octagram
1127,72.2906690665531,60.80848504518859,2,octagram
1128,71.89860751236495,60.92153985113689,2,octagram
1129,71.5065459581768,61.034594657085194,2,octagram
1130,71.11448440398866,61.147649463033495,2,octagram
1131,71.11448440398866,61.147649463033495,2,octagram
1132,70.7224228498005,61.260704268981804,2,octagram
1133,70.33036129561235,61.373759074930106,2,octagram
1134,69.9382997414242,61.48681388087841,2,octagram
1135,69.54623818723606,61.59986868682671,2,octagram
1136,69.15417663304791,61.71292349277502,2,octagram
1137,68.76211507885976,61.82597829872332,2,octagram
1138,68.37005352467162,61.93903310467162,2,octagram
1139,68.25699871872331,62.33109465885977,2,octagram
1140,68.25699871872331,62.33109465885977,2,octagram
1141,68.14394391277501,62.723156213047915,2,octagram
1142,68.0308891068267,63.11521776723606,2,octagram
1143,67.91783430087841,63.507279321424214,2,octagram
1144,67.8047794949301,63.89934087561236,2,octagram
1145,67.6917246889818,64.2914024298005,2,octagram
1146,67.5786698830335,64.68346398398864,2,octagram
1147,67.46561507708519,65.0755255381768,2,octagram
1148,67.3525602711369,65.46758709236495,2,octagram
1149,67.3525602711369,65.46758709236495,2,octagram
1150,67.23950546518859,65.8596486465531,2,octagram
1151,67.12645065924028,66.25171020074124,2,octagram
1152,67.01339585329198,66.64377175492939,2,octagram
1153,66.90034104734367,67.03583330911754,2,octagram
1154,66.78728624139538,67.42789486330568,2,octagram
1155,66.67423143544707,67.81995641749383,2,octagram
1156,66.56117662949876,68.21201797168197,2,octagram
1157,66.44812182355047,68.60407952587012,2,octagram
1158,66.44812182355047,68.60407952587012,2,octagram
1159,66.33506701760216,68.99614108005827,2,octagram
1160,66.22201221165386,69.38820263424641,2,octagram
1161,66.10895740570555,69.78026418843456,2,octagram
1162,65.99590259975724,70.1723257426227,2,octagram
1163,65.88284779380895,70.56438729681085,2,octagram
1164,65.76979298786064,70.95644885099901,2,octagram
1165,65.65673818191235,71.34851040518716,2,octagram
1166,65.54368337596404,71.7405719593753,2,octagram
1167,65.54368337596404,71.7405719593753,2,octagram
1168,65.43062857001573,72.13263351356345,2,octagram
1169,65.31757376406743,72.5246950677516,2,octagram
1170,65.20451895811912,72.91675662193974,2,octagram
1171,65.09146415217083,73.30881817612789,2,octagram
1172,64.97840934622252,73.70087973031603,2,octagram
1173,64.62123814268178,73.50359216663882,2,octagram
1174,64.26406693914102,73.30630460296163,2,octagram
1175,63.906895735600266,73.10901703928442,2,octagram
1176,63.906895735600266,73.10901703928442,2,octagram
1177,63.549724532059514,72.91172947560723,2,octagram
1178,63.19255332851877,72.71444191193002,2,octagram
1179,62.83538212497802,72.51715434825283,2,octagram
1180,62.47821092143727,72.31986678457562,2,octagram
1181,62.121039717896515,72.12257922089842,2,octagram
1182,61.763868514355764,71.92529165722122,2,octagram
1183,61.40669731081501,71.72800409354402,2,octagram
1184,61.04952610727426,71.53071652986682,2,octagram
1185,61.04952610727426,71.53071652986682,2,octagram
1186,60.69235490373351,71.33342896618962,2,octagram
1187,60.33518370019276,71.13614140251242,2,octagram
1188,59.978012496652006,70.93885383883521,2,octagram
1189,59.620841293111255,70.74156627515802,2,octagram
1190,59.26367008957051,70.54427871148081,2,octagram
1191,58.90649888602976,70.3469911478036,2,octagram
1192,58.54932768248901,70.14970358412641,2,octagram
1193,58.192156478948256,69.9524160204492,2,octagram
1194,58.192156478948256,69.9524160204492,2,octagram
1195,57.834985275407504,69.75512845677201,2,octagram
1196,57.47781407186675,69.5578408930948,2,octagram
1197,57.120642868326,69.36055332941761,2,octagram
1198,56.76347166478526,69.1632657657404,2,octagram
1199,56.4063004612445,68.9659782020632,2,octagram
1200,56.049129257703754,68.768690638386,2,octagram
1201,55.691958054162995,68.5714030747088,2,octagram
1202,55.33478685062225,68.3741155110316,2,octagram
1203,55.33478685062225,68.3741155110316,2,octagram
1204,54.9776156470815,68.1768279473544,2,octagram
1205,54.62044444354075,67.9795403836772,2,octagram
1206,54.26327324,67.78225282,2,octagram
1207,53.906102036459245,67.9795403836772,2,octagram
1208,53.548930832918494,68.1768279473544,2,octagram
1209,53.19175962937774,68.3741155110316,2,octagram
1210,52.834588425837,68.5714030747088,2,octagram
1211,52.477417222296246,68.768690638386,2,octagram
1212,52.477417222296246,68.768690638386,2,octagram
1213,52.120246018755495,68.9659782020632,2,octagram
1214,51.76307481521474,69.1632657657404,2,octagram
1215,51.40590361167399,69.36055332941761,2,octagram
1216,51.04873240813325,69.5578408930948,2,octagram
1217,50.691561204592496,69.75512845677201,2,octagram
1218,50.334390001051744,69.9524160204492,2,octagram
1219,49.97721879751099,70.14970358412641,2,octagram
1220,49.62004759397024,70.3469911478036,2,octagram
1221,49.62004759397024,70.3469911478036,2,octagram
1222,49.26287639042949,70.54427871148081,2,octagram
1223,48.90570518688874,70.74156627515802,2,octagram
1224,48.548533983347994,70.93885383883521,2,octagram
1225,48.19136277980724,71.13614140251242,2,octagram
1226,47.83419157626649,71.33342896618962,2,octagram
1227,47.47702037272574,71.53071652986682,2,octagram
1228,47.11984916918499,71.72800409354402,2,octagram
1229,46.762677965644244,71.92529165722122,2,octagram
1230,46.762677965644244,71.92529165722122,2,octagram
1231,46.40550676210349,72.12257922089842,2,octagram
1232,46.04833555856274,72.31986678457562,2,octagram
1233,45.69116435502199,72.51715434825283,2,octagram
1234,45.33399315148124,72.71444191193002,2,octagram
1235,44.976821947940486,72.91172947560723,2,octagram
1236,44.619650744399735,73.10901703928442,2,octagram
1237,44.26247954085899,73.30630460296163,2,octagram
1238,43.90530833731824,73.50359216663882,2,octagram
1239,43.90530833731824,73.50359216663882,2,octagram
1240,43.54813713377749,73.70087973031603,2,octagram
1241,43.435082327829186,73.30881817612789,2,octagram
1242,43.32202752188088,72.91675662193974,2,octagram
1243,43.208972715932575,72.5246950677516,2,octagram
1244,43.09591790998427,72.13263351356345,2,octagram
1245,42.98286310403597,71.7405719593753,2,octagram
1246,42.86980829808766,71.34851040518716,2,octagram
1247,42.75675349213936,70.95644885099901,2,octagram
1248,42.75675349213936,70.95644885099901,2,octagram
1249,42.64369868619106,70.56438729681085,2,octagram
1250,42.530643880242756,70.1723257426227,2,octagram
1251,42.41758907429445,69.78026418843456,2,octagram
1252,42.304534268346146,69.38820263424641,2,octagram
1253,42.191479462397844,68.99614108005827,2,octagram
1254,42.07842465644954,68.60407952587012,2,octagram
1255,41.96536985050123,68.21201797168197,2,octagram
1256,41.85231504455293,67.81995641749383,2,octagram
1257,41.85231504455293,67.81995641749383,2,octagram
1258,41.73926023860463,67.42789486330568,2,octagram
1259,41.62620543265632,67.03583330911754,2,octagram
1260,41.51315062670802,66.64377175492939,2,octagram
1261,41.40009582075972,66.25171020074124,2,octagram
1262,41.287041014811415,65.8596486465531,2,octagram
1263,41.173986208863106,65.46758709236495,2,octagram
1264,41.060931402914804,65.0755255381768,2,octagram
1265,40.9478765969665,64.68346398398864,2,octagram
1266,40.9478765969665,64.68346398398864,2,octagram
1267,40.8348217910182,64.2914024298005,2,octagram
1268,40.72176698506989,63.89934087561235,2,octagram
1269,40.60871217912159,63.50727932142421,2,octagram
1270,40.49565737317329,63.11521776723606,2,octagram
1271,40.38260256722498,62.723156213047915,2,octagram
1272,40.26954776127668,62.33109465885977,2,octagram
1273,40.156492955328375,61.93903310467162,2,octagram
1274,39.76443140114023,61.82597829872332,2,octagram
1275,39.76443140114023,61.82597829872332,2,octagram
1276,39.37236984695208,61.71292349277502,2,octagram
1277,38.98030829276394,61.59986868682671,2,octagram
1278,38.58824673857579,61.48681388087841,2,octagram
1279,38.19618518438764,61.373759074930106,2,octagram
1280,37.80412363019949,61.260704268981804,2,octagram
1281,37.412062076011345,61.147649463033495,2,octagram
1282,37.0200005218232,61.034594657085194,2,octagram
1283,36.62793896763505,60.92153985113689,2,octagram
1284,36.62793896763505,60.92153985113689,2,octagram
1285,36.23587741344691,60.80848504518859,2,octagram
1286,35.84381585925876,60.69543023924028,2,octagram
1287,35.451754305070615,60.58237543329198,2,octagram
1288,35.05969275088246,60.46932062734368,2,octagram
1289,34.667631196694316,60.356265821395375,2,octagram
1290,34.27556964250617,60.24321101544707,2,octagram
1291,33.883508088318024,60.130156209498764,2,octagram
1292,33.49144653412988,60.01710140355046,2,octagram
1293,33.49144653412988,60.01710140355046,2,octagram
1294,33.09938497994173,59.90404659760216,2,octagram
1295,32.707323425753586,59.79099179165386,2,octagram
1296,32.31526187156544,59.67793698570555,2,octagram
1297,31.92320031737729,59.56488217975725,2,octagram
1298,31.531138763189144,59.451827373808946,2,octagram
1299,31.139077209000998,59.338772567860644,2,octagram
1300,30.74701565481285,59.225717761912335,2,octagram
1301,30.354954100624703,59.11266295596403,2,octagram
1302,30.354954100624703,59.11266295596403,2,octagram
1303,29.962892546436557,58.99960815001573,2,octagram
1304,29.57083099224841,58.88655334406743,2,octagram
1305,29.178769438060264,58.77349853811912,2,octagram
1306,28.786707883872115,58.66044373217082,2,octagram
1307,28.39464632968397,58.54738892622252,2,octagram
1308,28.59193389336117,58.190217722681766,2,octagram
1309,28.78922145703837,57.833046519141014,2,octagram
1310,28.986509020715573,57.47587531560026,2,octagram
1311,28.986509020715573,57.47587531560026,2,octagram
1312,29.183796584392773,57.11870411205952,2,octagram
1313,29.381084148069974,56.76153290851877,2,octagram
1314,29.578371711747174,56.404361704978015,2,octagram
1315,29.775659275424378,56.047190501437264,2,octagram
1316,29.972946839101578,55.69001929789651,2,octagram
1317,30.170234402778778,55.33284809435576,2,octagram
1318,30.36752196645598,54.97567689081501,2,octagram
1319,30.564809530133182,54.618505687274265,2,octagram
1320,30.564809530133182,54.618505687274265,2,octagram
1321,30.762097093810382,54.26133448373351,2,octagram
1322,30.959384657487583,53.90416328019276,2,octagram
1323,31.156672221164783,53.54699207665201,2,octagram
1324,31.353959784841983,53.18982087311126,2,octagram
1325,31.551247348519187,52.83264966957051,2,octagram
1326,31.748534912196387,52.475478466029756,2,octagram
1327,31.945822475873587,52.118307262489004,2,octagram
1328,32.14311003955079,51.76113605894826,2,octagram
1329,32.14311003955079,51.76113605894826,2,octagram
1330,32.34039760322799,51.40396485540751,2,octagram
1331,32.53768516690519,51.04679365186676,2,octagram
1332,32.73497273058239,50.689622448326006,2,octagram
1333,32.93226029425959,50.332451244785254,2,octagram
1334,33.12954785793679,49.9752800412445,2,octagram
1335,33.32683542161399,49.61810883770375,2,octagram
1336,33.5241229852912,49.260937634163,2,octagram
1337,33.7214105489684,48.903766430622255,2,octagram
1338,33.7214105489684,48.903766430622255,2,octagram
1339,33.9186981126456,48.546595227081504,2,octagram
1340,34.1159856763228,48.18942402354075,2,octagram
1341,34.31327324,47.83225282,2,octagram
1342,34.1159856763228,47.47508161645925,2,octagram
1343,33.9186981126456,47.1179104129185,2,octagram
1344,33.7214105489684,46.760739209377746,2,octagram
1345,33.52412298529119,46.403568005837,2,octagram
1346,33.32683542161399,46.04639680229625,2,octagram
1347,33.32683542161399,46.04639680229625,2,octagram
1348,33.12954785793679,45.6892255987555,2,octagram
1349,32.93226029425959,45.33205439521475,2,octagram
1350,32.73497273058239,44.974883191673996,2,octagram
1351,32.53768516690519,44.61771198813325,2,octagram
1352,32.34039760322799,44.2605407845925,2,octagram
1353,32.14311003955079,43.90336958105175,2,octagram
1354,31.945822475873587,43.546198377511,2,octagram
1355,31.748534912196384,43.189027173970246,2,octagram
1356,31.748534912196384,43.189027173970246,2,octagram
1357,31.551247348519183,42.831855970429494,2,octagram
1358,31.353959784841983,42.47468476688874,2,octagram
1359,31.156672221164783,42.117513563348,2,octagram
1360,30.959384657487583,41.76034235980725,2,octagram
1361,30.76209709381038,41.403171156266495,2,octagram
1362,30.56480953013318,41.045999952725744,2,octagram
1363,30.36752196645598,40.68882874918499,2,octagram
1364,30.170234402778775,40.33165754564425,2,octagram
1365,30.170234402778775,40.33165754564425,2,octagram
1366,29.972946839101574,39.974486342103496,2,octagram
1367,29.775659275424374,39.617315138562745,2,octagram
1368,29.578371711747174,39.26014393502199,2,octagram
1369,29.38108414806997,38.90297273148124,2,octagram
1370,29.18379658439277,38.54580152794049,2,octagram
1371,28.98650902071557,38.18863032439974,2,octagram
1372,28.789221457038366,37.831459120858995,2,octagram
1373,28.591933893361166,37.47428791731824,2,octagram
1374,28.591933893361166,37.47428791731824,2,octagram
1375,28.394646329683965,37.11711671377749,2,octagram
1376,28.78670788387211,37.00406190782919,2,octagram
1377,29.17876943806026,36.89100710188088,2,octagram
1378,29.570830992248407,36.77795229593258,2,octagram
1379,29.962892546436553,36.66489748998428,2,octagram
1380,30.3549541006247,36.551842684035975,2,octagram
1381,30.74701565481285,36.438787878087666,2,octagram
1382,31.139077209000995,36.325733072139364,2,octagram
1383,31.139077209000995,36.325733072139364,2,octagram
1384,31.53113876318914,36.21267826619106,2,octagram
1385,31.923200317377287,36.09962346024276,2,octagram
1386,32.31526187156543,35.98656865429445,2,octagram
1387,32.70732342575358,35.87351384834615,2,octagram
1388,33.09938497994173,35.76045904239785,2,octagram
1389,33.49144653412988,35.647404236449546,2,octagram
1390,33.883508088318024,35.53434943050124,2,octagram
1391,34.27556964250617,35.421294624552935,2,octagram
1392,34.27556964250617,35.421294624552935,2,octagram
1393,34.667631196694316,35.30823981860463,2,octagram
1394,35.05969275088246,35.195185012656324,2,octagram
1395,35.45175430507061,35.08213020670802,2,octagram
1396,35.843815859258754,34.96907540075972,2,octagram
1397,36.23587741344691,34.85602059481142,2,octagram
1398,36.62793896763505,34.74296578886311,2,octagram
1399,37.0200005218232,34.62991098291481,2,octagram
1400,37.412062076011345,34.516856176966506,2,octagram
1401,37.412062076011345,34.516856176966506,2,octagram
1402,37.80412363019949,34.403801371018204,2,octagram
1403,38.196185184387645,34.290746565069895,2,octagram
1404,38.58824673857579,34.17769175912159,2,octagram
1405,38.98030829276394,34.06463695317329,2,octagram
1406,39.37236984695208,33.95158214722498,2,octagram
1407,39.76443140114023,33.83852734127668,2,octagram
1408,40.156492955328375,33.72547253532838,2,octagram
1409,40.26954776127668,33.33341098114023,2,octagram
1410,40.26954776127668,33.33341098114023,2,octagram
1411,40.38260256722498,32.94134942695209,2,octagram
1412,40.49565737317329,32.54928787276394,2,octagram
1413,40.60871217912159,32.157226318575795,2,octagram
1414,40.72176698506989,31.765164764387645,2,octagram
1415,40.83482179101819,31.3731032101995,2,octagram
1416,40.947876596966495,30.981041656011353,2,octagram
1417,41.0609314029148,30.588980101823203,2,octagram
1418,41.1739862088631,30.196918547635057,2,octagram
1419,41.1739862088631,30.196918547635057,2,octagram
1420,41.28704101481141,29.80485699344691,2,octagram
1421,41.40009582075971,29.412795439258765,2,octagram
1422,41.51315062670801,29.02073388507062,2,octagram
1423,41.62620543265631,28.62867233088247,2,octagram
1424,41.739260238604615,28.236610776694324,2,octagram
1425,41.852315044552924,27.844549222506178,2,octagram
1426,41.965369850501226,27.45248766831803,2,octagram
1427,42.07842465644953,27.060426114129886,2,octagram
1428,42.07842465644953,27.060426114129886,2,octagram
1429,42.19147946239783,26.668364559941736,2,octagram
1430,42.30453426834613,26.27630300575359,2,octagram
1431,42.41758907429443,25.884241451565444,2,octagram
1432,42.530643880242735,25.492179897377298,2,octagram
1433,42.643698686191044,25.100118343189152,2,octagram
1434,42.756753492139346,24.708056789001006,2,octagram
1435,42.86980829808765,24.315995234812856,2,octagram
1436,42.98286310403595,23.92393368062471,2,octagram
1437,42.98286310403595,23.92393368062471,2,octagram
1438,43.09591790998425,23.53187212643656,2,octagram
1439,43.20897271593256,23.139810572248415,2,octagram
1440,43.32202752188086,22.74774901806027,2,octagram
1441,43.435082327829164,22.355687463872123,2,octagram
1442,43.548137133777466,21.963625909683977,2,octagram
1443,43.90530833731822,22.160913473361177,2,octagram
1444,44.26247954085897,22.358201037038377,2,octagram
1445,44.61965074439972,22.555488600715577,2,octagram
1446,44.61965074439972,22.555488600715577,2,octagram
1447,44.97682194794047,22.75277616439278,2,octagram
1448,45.33399315148122,22.95006372806998,2,octagram
1449,45.69116435502197,23.14735129174718,2,octagram
1450,46.04833555856272,23.34463885542438,2,octagram
1451,46.40550676210347,23.541926419101582,2,octagram
1452,46.76267796564422,23.739213982778786,2,octagram
1453,47.119849169184974,23.936501546455986,2,octagram
1454,47.477020372725725,24.133789110133186,2,octagram
1455,47.477020372725725,24.133789110133186,2,octagram
1456,47.83419157626648,24.331076673810387,2,octagram
1457,48.19136277980723,24.528364237487587,2,octagram
1458,48.54853398334798,24.725651801164787,2,octagram
1459,48.905705186888724,24.922939364841987,2,octagram
1460,49.262876390429476,25.12022692851919,2,octagram
1461,49.62004759397023,25.31751449219639,2,octagram
1462,49.97721879751098,25.51480205587359,2,octagram
1463,50.33439000105173,25.71208961955079,2,octagram
1464,50.33439000105173,25.71208961955079,2,octagram
1465,50.69156120459248,25.909377183227992,2,octagram
1466,51.04873240813323,26.106664746905196,2,octagram
1467,51.405903611673985,26.303952310582396,2,octagram
1468,51.763074815214736,26.501239874259596,2,octagram
1469,52.12024601875549,26.698527437936797,2,octagram
1470,52.47741722229624,26.895815001613997,2,octagram
1471,52.834588425836984,27.093102565291197,2,octagram
1472,53.191759629377735,27.290390128968397,2,octagram
1473,53.191759629377735,27.290390128968397,2,octagram
1474,53.54893083291849,27.4876776926456,2,octagram
1475,53.90610203645924,27.6849652563228,2,octagram
1476,54.26327323999999,27.88225282,2,octagram
1477,54.62044444354074,27.6849652563228,2,octagram
1478,54.97761564708149,27.4876776926456,2,octagram
1479,55.334786850622244,27.290390128968397,2,octagram
1480,55.691958054162995,27.093102565291197,2,octagram
1481,56.04912925770375,26.895815001613997,2,octagram
1482,56.04912925770375,26.895815001613997,2,octagram
1483,56.4063004612445,26.698527437936797,2,octagram
1484,56.76347166478525,26.501239874259596,2,octagram
1485,57.120642868325994,26.303952310582396,2,octagram
1486,57.477814071866746,26.106664746905196,2,octagram
1487,57.8349852754075,25.909377183227992,2,octagram
1488,58.19215647894825,25.71208961955079,2,octagram
1489,58.549327682489,25.51480205587359,2,octagram
1490,58.90649888602975,25.31751449219639,2,octagram
1491,58.90649888602975,25.31751449219639,2,octagram
1492,59.2636700895705,25.12022692851919,2,octagram
1493,59.620841293111255,24.922939364841987,2,octagram
1494,59.978012496652006,24.725651801164787,2,octagram
1495,60.33518370019276,24.528364237487587,2,octagram
1496,60.69235490373351,24.331076673810387,2,octagram
1497,61.04952610727426,24.133789110133186,2,octagram
1498,61.40669731081501,23.936501546455986,2,octagram
1499,61.763868514355764,23.739213982778786,2,octagram
1500,61.763868514355764,23.739213982778786,2,octagram
1501,62.12103971789651,23.541926419101586,2,octagram
1502,62.47821092143727,23.34463885542438,2,octagram
1503,62.83538212497801,23.14735129174718,2,octagram
1504,63.19255332851877,22.95006372806998,2,octagram
1505,63.549724532059514,22.752776164392778,2,octagram
1506,63.906895735600266,22.555488600715577,2,octagram
1507,64.26406693914102,22.358201037038377,2,octagram
1508,64.62123814268176,22.160913473361177,2,octagram
1509,64.62123814268176,22.160913473361177,2,octagram
1510,64.97840934622252,21.963625909683977,2,octagram
1511,65.09146415217083,22.355687463872123,2,octagram
1512,65.20451895811912,22.747749018060272,2,octagram
1513,65.31757376406743,23.139810572248418,2,octagram
1514,65.43062857001574,23.531872126436564,2,octagram
1515,65.54368337596404,23.92393368062471,2,octagram
1516,65.65673818191235,24.31599523481286,2,octagram
1517,65.76979298786064,24.708056789001006,2,octagram
1518,65.76979298786064,24.708056789001006,2,octagram
1519,65.88284779380895,25.100118343189152,2,octagram
1520,65.99590259975726,25.492179897377298,2,octagram
1521,66.10895740570555,25.884241451565448,2,octagram
1522,66.22201221165386,26.276303005753594,2,octagram
1523,66.33506701760217,26.66836455994174,2,octagram
1524,66.44812182355047,27.06042611412989,2,octagram
1525,66.56117662949877,27.452487668318035,2,octagram
1526,66.67423143544707,27.84454922250618,2,octagram
1527,66.67423143544707,27.84454922250618,2,octagram
1528,66.78728624139538,28.236610776694327,2,octagram
1529,66.90034104734369,28.628672330882473,2,octagram
1530,67.01339585329198,29.020733885070623,2,octagram
1531,67.12645065924029,29.41279543925877,2,octagram
1532,67.2395054651886,29.804856993446915,2,octagram
1533,67.3525602711369,30.196918547635065,2,octagram
1534,67.4656150770852,30.58898010182321,2,octagram
1535,67.57866988303351,30.981041656011357,2,octagram
1536,67.57866988303351,30.981041656011357,2,octagram
1537,67.69172468898181,31.373103210199503,2,octagram
1538,67.80477949493012,31.765164764387652,2,octagram
1539,67.91783430087841,32.157226318575795,2,octagram
1540,68.03088910682672,32.54928787276395,2,octagram
1541,68.14394391277503,32.941349426952094,2,octagram
1542,68.25699871872332,33.33341098114024,2,octagram
1543,68.37005352467163,33.725472535328386,2,octagram
1544,68.76211507885978,33.83852734127669,2,octagram
1545,68.76211507885978,33.83852734127669,2,octagram
1546,69.15417663304792,33.95158214722499,2,octagram
1547,69.54623818723607,34.06463695317329,2,octagram
1548,69.93829974142422,34.1776917591216,2,octagram
1549,70.33036129561236,34.2907465650699,2,octagram
1550,70.72242284980051,34.403801371018204,2,octagram
1551,71.11448440398866,34.516856176966506,2,octagram
1552,71.5065459581768,34.62991098291481,2,octagram
1553,71.89860751236495,34.74296578886311,2,octagram
1554,71.89860751236495,34.74296578886311,2,octagram
1555,72.2906690665531,34.85602059481141,2,octagram
1556,72.68273062074124,34.96907540075971,2,octagram
1557,73.07479217492939,35.08213020670802,2,octagram
1558,73.46685372911753,35.195185012656324,2,octagram
1559,73.85891528330569,35.308239818604626,2,octagram
1560,74.25097683749382,35.42129462455293,2,octagram
1561,74.64303839168198,35.53434943050123,2,octagram
1562,75.03509994587013,35.64740423644953,2,octagram
1563,75.03509994587013,35.64740423644953,2,octagram
1564,75.42716150005828,35.760459042397834,2,octagram
1565,75.81922305424642,35.873513848346136,2,octagram
1566,76.21128460843457,35.986568654294445,2,octagram
1567,76.60334616262271,36.099623460242746,2,octagram
1568,76.99540771681086,36.21267826619105,2,octagram
1569,77.387469270999,36.32573307213935,2,octagram
1570,77.77953082518715,36.43878787808765,2,octagram
1571,78.1715923793753,36.551842684035954,2,octagram
1572,78.1715923793753,36.551842684035954,2,octagram
1573,78.56365393356344,36.664897489984256,2,octagram
1574,78.95571548775159,36.777952295932565,2,octagram
1575,79.34777704193974,36.89100710188087,2,octagram
1576,79.73983859612788,37.00406190782917,2,octagram
1577,80.13190015031603,37.11711671377747,2,octagram
1578,79.93461258663882,37.47428791731822,2,octagram
1579,79.73732502296163,37.83145912085897,2,octagram
1580,79.54003745928442,38.188630324399725,2,octagram
1581,79.54003745928442,38.188630324399725,2,octagram
1582,79.34274989560723,38.545801527940476,2,octagram
1583,79.14546233193002,38.90297273148123,2,octagram
1584,78.94817476825283,39.26014393502197,2,octagram
1585,78.75088720457562,39.617315138562724,2,octagram
1586,78.55359964089841,39.974486342103475,2,octagram
1587,78.35631207722122,40.33165754564423,2,octagram
1588,78.15902451354401,40.68882874918498,2,octagram
1589,77.96173694986682,41.04599995272573,2,octagram
1590,77.96173694986682,41.04599995272573,2,octagram
1591,77.76444938618961,41.40317115626648,2,octagram
1592,77.56716182251242,41.76034235980723,2,octagram
1593,77.36987425883521,42.117513563347984,2,octagram
1594,77.172586695158,42.47468476688873,2,octagram
1595,76.97529913148081,42.83185597042948,2,octagram
1596,76.7780115678036,43.18902717397023,2,octagram
1597,76.58072400412641,43.54619837751098,2,octagram
1598,76.3834364404492,43.903369581051734,2,octagram
1599,76.3834364404492,43.903369581051734,2,octagram
1600,76.18614887677201,44.260540784592486,2,octagram
1601,75.9888613130948,44.61771198813324,2,octagram
1602,75.79157374941761,44.97488319167399,2,octagram
1603,75.5942861857404,45.33205439521474,2,octagram
1604,75.3969986220632,45.68922559875549,2,octagram
1605,75.199711058386,46.04639680229624,2,octagram
1606,75.0024234947088,46.40356800583699,2,octagram
1607,74.8051359310316,46.76073920937774,2,octagram
1608,74.8051359310316,46.76073920937774,2,octagram
1609,74.60784836735439,47.11791041291849,2,octagram
1610,74.4105608036772,47.47508161645924,2,octagram
1611,74.21327323999999,47.832252819999994,2,octagram
1612,74.4105608036772,48.189424023540745,2,octagram
1613,74.60784836735439,48.5465952270815,2,octagram
1614,74.8051359310316,48.90376643062225,2,octagram
1615,75.0024234947088,49.260937634163,2,octagram
1616,75.199711058386,49.618108837703744,2,octagram
1617,75.199711058386,49.618108837703744,2,octagram
1618,75.3969986220632,49.975280041244496,2,octagram
1619,75.5942861857404,50.33245124478525,2,octagram
1620,75.79157374941761,50.689622448326,2,octagram
1621,75.9888613130948,51.04679365186675,2,octagram
1622,76.18614887677201,51.4039648554075,2,octagram
1623,76.3834364404492,51.76113605894825,2,octagram
1624,76.58072400412641,52.118307262489004,2,octagram
1625,76.7780115678036,52.475478466029756,2,octagram
1626,76.7780115678036,52.475478466029756,2,octagram
1627,76.97529913148081,52.83264966957051,2,octagram
1628,77.172586695158,53.18982087311126,2,octagram
1629,77.36987425883521,53.546992076652,2,octagram
1630,77.56716182251242,53.904163280192755,2,octagram
1631,77.76444938618961,54.261334483733506,2,octagram
1632,77.96173694986682,54.61850568727426,2,octagram
1633,78.15902451354401,54.97567689081501,2,octagram
1634,78.35631207722122,55.33284809435576,2,octagram
1635,78.35631207722122,55.33284809435576,2,octagram
1636,78.55359964089841,55.69001929789651,2,octagram
1637,78.75088720457562,56.04719050143726,2,octagram
1638,78.94817476825283,56.404361704978015,2,octagram
1639,79.14546233193002,56.76153290851876,2,octagram
1640,79.34274989560723,57.11870411205952,2,octagram
1641,79.54003745928442,57.47587531560026,2,octagram
1642,79.73732502296163,57.833046519141014,2,octagram
1643,79.93461258663882,58.190217722681766,2,octagram
1644,46.480172681340775,62.111023769720674,3,stroke_nan
1645,45.66089893832402,61.525828238994414,3,stroke_nan
1646,45.66089893832402,61.05767181441341,3,stroke_nan
1647,46.480172681340775,60.706554495977656,3,stroke_nan
1648,46.24609446905028,60.47247628368715,3,stroke_nan
1649,46.12905536290502,60.121358965251396,3,stroke_nan
1650,45.42682072603351,59.88728075296089,3,stroke_nan
1651,45.54385983217877,59.77024164681564,3,stroke_nan
1652,45.66089893832402,59.53616343452514,3,stroke_nan
1653,45.89497715061452,59.30208522223464,3,stroke_nan
1654,51.86397156402234,59.30208522223464,3,stroke_nan
1655,50.69358050256983,59.06800700994414,3,stroke_nan
1656,51.62989335173184,58.95096790379888,3,stroke_nan
1657,46.71425089363128,58.716889691508385,3,stroke_nan
1658,45.777938044469266,58.59985058536313,3,stroke_nan
1659,50.57654139642458,58.48281147921788,3,stroke_nan
1660,51.746932457877094,58.131694160782125,3,stroke_nan
1661,50.81061960871508,58.014655054636876,3,stroke_nan
1662,45.19274251374301,57.78057684234637,3,stroke_nan
1663,51.27877603329608,57.66353773620112,3,stroke_nan
1664,46.480172681340775,57.546498630055865,3,stroke_nan
1665,46.12905536290502,57.31242041776537,3,stroke_nan
1666,41.44749111709497,57.07834220547486,3,stroke_nan
1667,49.640228547262566,56.96130309932961,3,stroke_nan
1668,41.44749111709497,56.844263993184356,3,stroke_nan
1669,49.055033016536306,56.844263993184356,3,stroke_nan
1670,44.60754698301676,56.72722488703911,3,stroke_nan
1671,48.70391569810056,56.72722488703911,3,stroke_nan
1672,44.13939055843575,56.61018578089386,3,stroke_nan
1673,52.09804977631285,56.61018578089386,3,stroke_nan
1674,45.66089893832402,56.4931466747486,3,stroke_nan
1675,41.798608435530724,56.37610756860335,3,stroke_nan
1676,48.82095480424581,56.37610756860335,3,stroke_nan
1677,42.73492128469273,56.2590684624581,3,stroke_nan
1678,44.72458608916201,56.2590684624581,3,stroke_nan
1679,48.70391569810056,56.2590684624581,3,stroke_nan
1680,41.91564754167597,56.14202935631285,3,stroke_nan
1681,45.777938044469266,56.14202935631285,3,stroke_nan
1682,51.746932457877094,56.14202935631285,3,stroke_nan
1683,45.66089893832402,56.0249902501676,3,stroke_nan
1684,49.055033016536306,56.0249902501676,3,stroke_nan
1685,41.91564754167597,55.90795114402235,3,stroke_nan
1686,48.82095480424581,55.90795114402235,3,stroke_nan
1687,42.03268664782122,55.79091203787709,3,stroke_nan
1688,44.72458608916201,55.79091203787709,3,stroke_nan
1689,40.394139161787706,55.67387293173184,3,stroke_nan
1690,47.29944642435754,55.67387293173184,3,stroke_nan
1691,42.50084307240223,55.556833825586594,3,stroke_nan
1692,45.66089893832402,55.08867740100559,3,stroke_nan
1693,46.59721178748603,54.737560082569836,3,stroke_nan
1694,46.24609446905028,54.50348187027933,3,stroke_nan
1695,46.363133575195526,54.03532544569833,3,stroke_nan
1696,48.1187201673743,53.33309080882682,3,stroke_nan
1697,50.342463184134076,53.21605170268157,3,stroke_nan
1698,42.38380396625698,53.09901259653631,3,stroke_nan
1699,49.99134586569832,53.09901259653631,3,stroke_nan
1700,42.38380396625698,52.98197349039106,3,stroke_nan
1701,46.12905536290502,52.98197349039106,3,stroke_nan
1702,52.09804977631285,52.98197349039106,3,stroke_nan
1703,45.42682072603351,52.864934384245814,3,stroke_nan
1704,48.82095480424581,52.864934384245814,3,stroke_nan
1705,40.394139161787706,52.74789527810056,3,stroke_nan
1706,45.66089893832402,52.74789527810056,3,stroke_nan
1707,50.10838497184357,52.74789527810056,3,stroke_nan
1708,39.4578263126257,52.63085617195531,3,stroke_nan
1709,44.490507876871504,52.63085617195531,3,stroke_nan
1710,48.469837485810054,52.63085617195531,3,stroke_nan
1711,50.459502290279325,52.63085617195531,3,stroke_nan
1712,42.61788217854748,52.51381706581006,3,stroke_nan
1713,47.065368212067035,52.51381706581006,3,stroke_nan
1714,49.055033016536306,52.51381706581006,3,stroke_nan
1715,41.798608435530724,52.3967779596648,3,stroke_nan
1716,46.71425089363128,52.3967779596648,3,stroke_nan
1717,52.2150888824581,52.3967779596648,3,stroke_nan
1718,43.086038603128486,52.279738853519554,3,stroke_nan
1719,47.41648553050279,52.279738853519554,3,stroke_nan
1720,40.511178267932955,52.162699747374305,3,stroke_nan
1721,43.671234133854746,52.162699747374305,3,stroke_nan
1722,48.00168106122905,52.162699747374305,3,stroke_nan
1723,40.511178267932955,52.04566064122905,3,stroke_nan
1724,44.256429664581006,52.04566064122905,3,stroke_nan
1725,48.23575927351955,52.04566064122905,3,stroke_nan
1726,41.213412904804464,51.9286215350838,3,stroke_nan
1727,51.746932457877094,51.81158242893855,3,stroke_nan
1728,41.33045201094971,51.577504216648045,3,stroke_nan
1729,39.22374810033519,51.34342600435754,3,stroke_nan
1730,41.56453022324022,51.22638689821229,3,stroke_nan
1731,39.34078720648044,51.10934779206704,3,stroke_nan
1732,51.62989335173184,50.99230868592179,3,stroke_nan
1733,39.6919045249162,50.758230473631286,3,stroke_nan
1734,52.80028441318436,50.758230473631286,3,stroke_nan
1735,41.68156932938547,50.52415226134078,3,stroke_nan
1736,49.28911122882681,50.40711315519553,3,stroke_nan
1737,39.4578263126257,50.29007404905028,3,stroke_nan
1738,39.4578263126257,50.173034942905026,3,stroke_nan
1739,39.4578263126257,50.05599583675978,3,stroke_nan
1740,52.2150888824581,50.05599583675978,3,stroke_nan
1741,42.38380396625698,49.93895673061453,3,stroke_nan
1742,39.57486541877095,49.82191762446927,3,stroke_nan
1743,52.2150888824581,49.82191762446927,3,stroke_nan
1744,42.73492128469273,49.70487851832402,3,stroke_nan
1745,52.80028441318436,49.70487851832402,3,stroke_nan
1746,51.62989335173184,49.587839412178774,3,stroke_nan
1747,39.9259827372067,49.47080030603352,3,stroke_nan
1748,52.4491670947486,49.47080030603352,3,stroke_nan
1749,48.5868765919553,49.35376119988827,3,stroke_nan
1750,44.60754698301676,49.23672209374302,3,stroke_nan
1751,52.33212798860335,49.23672209374302,3,stroke_nan
1752,51.746932457877094,49.11968298759776,3,stroke_nan
1753,51.746932457877094,49.002643881452514,3,stroke_nan
1754,44.490507876871504,48.885604775307264,3,stroke_nan
1755,45.19274251374301,48.768565669162015,3,stroke_nan
1756,47.41648553050279,48.65152656301676,3,stroke_nan
1757,44.60754698301676,48.53448745687151,3,stroke_nan
1758,51.62989335173184,48.41744835072626,3,stroke_nan
1759,52.2150888824581,48.300409244581004,3,stroke_nan
1760,52.4491670947486,48.183370138435755,3,stroke_nan
1761,47.182407318212285,48.066331032290506,3,stroke_nan
1762,42.61788217854748,47.94929192614525,3,stroke_nan
1763,39.57486541877095,47.83225282,3,stroke_nan
1764,43.20307770927374,47.83225282,3,stroke_nan
1765,39.6919045249162,47.71521371385475,3,stroke_nan
1766,48.5868765919553,47.71521371385475,3,stroke_nan
1767,39.4578263126257,47.598174607709495,3,stroke_nan
1768,46.59721178748603,47.598174607709495,3,stroke_nan
1769,39.9259827372067,47.481135501564246,3,stroke_nan
1770,47.767602848938544,47.481135501564246,3,stroke_nan
1771,51.62989335173184,47.481135501564246,3,stroke_nan
1772,43.20307770927374,47.364096395419,3,stroke_nan
1773,49.055033016536306,47.364096395419,3,stroke_nan
1774,39.22374810033519,47.24705728927374,3,stroke_nan
1775,44.490507876871504,47.24705728927374,3,stroke_nan
1776,52.4491670947486,47.24705728927374,3,stroke_nan
1777,42.96899949698324,47.13001818312849,3,stroke_nan
1778,49.52318944111732,47.13001818312849,3,stroke_nan
1779,44.373468770726255,47.01297907698324,3,stroke_nan
1780,52.56620620089385,47.01297907698324,3,stroke_nan
1781,42.85196039083799,46.895939970837986,3,stroke_nan
1782,49.28911122882681,46.895939970837986,3,stroke_nan
1783,42.96899949698324,46.77890086469274,3,stroke_nan
1784,47.41648553050279,46.77890086469274,3,stroke_nan
1785,40.04302184335195,46.66186175854749,3,stroke_nan
1786,47.884641955083794,46.66186175854749,3,stroke_nan
1787,51.86397156402234,46.66186175854749,3,stroke_nan
1788,52.09804977631285,46.54482265240224,3,stroke_nan
1789,51.86397156402234,46.31074444011173,3,stroke_nan
1790,39.22374810033519,46.07666622782123,3,stroke_nan
1791,52.33212798860335,46.07666622782123,3,stroke_nan
1792,39.9259827372067,45.84258801553073,3,stroke_nan
1793,45.777938044469266,45.72554890938547,3,stroke_nan
1794,52.6832453070391,45.72554890938547,3,stroke_nan
1795,39.9259827372067,45.491470697094975,3,stroke_nan
1796,39.9259827372067,45.37443159094972,3,stroke_nan
1797,51.62989335173184,45.37443159094972,3,stroke_nan
1798,51.62989335173184,45.25739248480447,3,stroke_nan
1799,52.09804977631285,45.14035337865922,3,stroke_nan
1800,51.98101067016759,45.023314272513964,3,stroke_nan
1801,40.1600609494972,44.906275166368715,3,stroke_nan
1802,51.62989335173184,44.789236060223466,3,stroke_nan
1803,52.91732351932961,44.67219695407821,3,stroke_nan
1804,52.09804977631285,44.55515784793296,3,stroke_nan
1805,52.09804977631285,44.43811874178771,3,stroke_nan
1806,45.19274251374301,44.32107963564246,3,stroke_nan
1807,51.98101067016759,44.32107963564246,3,stroke_nan
1808,44.60754698301676,44.204040529497206,3,stroke_nan
1809,42.61788217854748,44.08700142335196,3,stroke_nan
1810,52.09804977631285,44.08700142335196,3,stroke_nan
1811,43.32011681541899,43.96996231720671,3,stroke_nan
1812,39.4578263126257,43.85292321106145,3,stroke_nan
1813,48.82095480424581,43.85292321106145,3,stroke_nan
1814,39.57486541877095,43.7358841049162,3,stroke_nan
1815,46.71425089363128,43.7358841049162,3,stroke_nan
1816,52.80028441318436,43.7358841049162,3,stroke_nan
1817,42.50084307240223,43.61884499877095,3,stroke_nan
1818,46.480172681340775,43.61884499877095,3,stroke_nan
1819,52.33212798860335,43.61884499877095,3,stroke_nan
1820,42.50084307240223,43.5018058926257,3,stroke_nan
1821,48.23575927351955,43.5018058926257,3,stroke_nan
1822,40.27710005564246,43.38476678648045,3,stroke_nan
1823,48.70391569810056,43.38476678648045,3,stroke_nan
1824,52.80028441318436,43.38476678648045,3,stroke_nan
1825,45.89497715061452,43.2677276803352,3,stroke_nan
1826,39.80894363106145,43.15068857418994,3,stroke_nan
1827,43.5541950277095,43.15068857418994,3,stroke_nan
1828,51.86397156402234,43.15068857418994,3,stroke_nan
1829,45.42682072603351,43.03364946804469,3,stroke_nan
1830,49.055033016536306,43.03364946804469,3,stroke_nan
1831,43.90531234614525,42.916610361899444,3,stroke_nan
1832,51.98101067016759,42.79957125575419,3,stroke_nan
1833,46.01201625675977,42.56549304346369,3,stroke_nan
1834,39.6919045249162,42.44845393731843,3,stroke_nan
1835,46.01201625675977,42.331414831173184,3,stroke_nan
1836,46.59721178748603,42.214375725027935,3,stroke_nan
1837,39.80894363106145,42.09733661888268,3,stroke_nan
1838,40.1600609494972,41.98029751273743,3,stroke_nan
1839,45.42682072603351,41.86325840659218,3,stroke_nan
1840,39.22374810033519,41.746219300446924,3,stroke_nan
1841,40.1600609494972,41.629180194301675,3,stroke_nan
1842,45.30978161988826,41.512141088156426,3,stroke_nan
1843,45.777938044469266,41.39510198201118,3,stroke_nan
1844,52.56620620089385,41.39510198201118,3,stroke_nan
1845,40.04302184335195,41.16102376972067,3,stroke_nan
1846,45.30978161988826,41.04398466357542,3,stroke_nan
1847,52.09804977631285,41.04398466357542,3,stroke_nan
1848,52.6832453070391,40.926945557430166,3,stroke_nan
1849,40.27710005564246,40.69286734513967,3,stroke_nan
1850,51.746932457877094,40.69286734513967,3,stroke_nan
1851,52.33212798860335,40.57582823899441,3,stroke_nan
1852,52.80028441318436,40.45878913284916,3,stroke_nan
1853,45.19274251374301,40.22471092055866,3,stroke_nan
1854,51.98101067016759,40.22471092055866,3,stroke_nan
1855,52.80028441318436,40.10767181441341,3,stroke_nan
1856,45.66089893832402,39.87359360212291,3,stroke_nan
1857,40.394139161787706,39.75655449597765,3,stroke_nan
1858,46.480172681340775,39.639515389832404,3,stroke_nan
1859,52.56620620089385,39.522476283687155,3,stroke_nan
1860,51.39581513944134,39.4054371775419,3,stroke_nan
1861,52.2150888824581,39.28839807139665,3,stroke_nan
1862,45.30978161988826,39.054319859106144,3,stroke_nan
1863,46.24609446905028,38.937280752960895,3,stroke_nan
1864,45.19274251374301,38.820241646815646,3,stroke_nan
1865,46.12905536290502,38.70320254067039,3,stroke_nan
1866,51.746932457877094,38.58616343452514,3,stroke_nan
1867,46.01201625675977,38.46912432837989,3,stroke_nan
1868,51.62989335173184,38.352085222234635,3,stroke_nan
1869,52.56620620089385,38.235046116089386,3,stroke_nan
1870,51.51285424558659,38.11800700994414,3,stroke_nan
1871,45.42682072603351,37.88392879765363,3,stroke_nan
1872,45.30978161988826,37.649850585363126,3,stroke_nan
1873,51.746932457877094,37.53281147921788,3,stroke_nan
1874,51.39581513944134,37.41577237307263,3,stroke_nan
1875,52.33212798860335,37.29873326692737,3,stroke_nan
1876,45.66089893832402,37.06465505463687,3,stroke_nan
1877,52.2150888824581,37.06465505463687,3,stroke_nan
1878,51.51285424558659,36.83057684234637,3,stroke_nan
1879,45.30978161988826,36.59649863005586,3,stroke_nan
1880,45.19274251374301,36.47945952391061,3,stroke_nan
1881,51.161736927150834,36.362420417765364,3,stroke_nan
1882,45.19274251374301,36.12834220547486,3,stroke_nan
1883,45.89497715061452,36.01130309932961,3,stroke_nan
1884,52.33212798860335,36.01130309932961,3,stroke_nan
1885,45.30978161988826,35.77722488703911,3,stroke_nan
1886,51.86397156402234,35.660185780893855,3,stroke_nan
1887,46.12905536290502,35.543146674748606,3,stroke_nan
1888,52.2150888824581,35.426107568603356,3,stroke_nan
1889,51.746932457877094,35.19202935631285,3,stroke_nan
1890,46.59721178748603,35.0749902501676,3,stroke_nan
1891,46.71425089363128,34.8409120378771,3,stroke_nan
1892,46.480172681340775,34.48979471944134,3,stroke_nan
1893,46.24609446905028,33.670520976424584,3,stroke_nan
1894,60.290787206480445,62.69621930044693,4,stroke_kai
1895,60.05670899418994,62.34510198201117,4,stroke_kai
1896,60.407826312625694,61.87694555743017,4,stroke_kai
1897,60.52486541877094,61.64286734513966,4,stroke_kai
1898,61.1100609494972,61.05767181441341,4,stroke_kai
1899,61.1100609494972,60.706554495977656,4,stroke_kai
1900,61.22710005564245,60.5895153898324,4,stroke_kai
1901,64.03603860312849,60.3554371775419,4,stroke_kai
1902,61.22710005564245,60.00431985910615,4,stroke_kai
1903,61.34413916178771,59.88728075296089,4,stroke_kai
1904,60.290787206480445,59.65320254067039,4,stroke_kai
1905,63.33380396625698,59.53616343452514,4,stroke_kai
1906,60.8759827372067,59.41912432837989,4,stroke_kai
1907,63.45084307240223,59.30208522223464,4,stroke_kai
1908,56.5455358098324,59.06800700994414,4,stroke_kai
1909,63.80196039083798,59.06800700994414,4,stroke_kai
1910,64.38715592156424,58.95096790379888,4,stroke_kai
1911,65.08939055843575,58.833928797653634,4,stroke_kai
1912,60.17374810033519,58.716889691508385,4,stroke_kai
1913,56.5455358098324,58.59985058536313,4,stroke_kai
1914,66.37682072603351,58.59985058536313,4,stroke_kai
1915,59.93966988804469,58.48281147921788,4,stroke_kai
1916,58.76927882659218,58.36577237307263,4,stroke_kai
1917,57.013692234413405,58.248733266927374,4,stroke_kai
1918,61.46117826793296,58.248733266927374,4,stroke_kai
1919,61.34413916178771,58.131694160782125,4,stroke_kai
1920,63.684921284692734,58.014655054636876,4,stroke_kai
1921,61.46117826793296,57.89761594849162,4,stroke_kai
1922,56.896653128268156,57.66353773620112,4,stroke_kai
1923,64.03603860312849,57.66353773620112,4,stroke_kai
1924,56.7796140221229,57.429459523910616,4,stroke_kai
1925,60.8759827372067,57.31242041776537,4,stroke_kai
1926,56.896653128268156,57.19538131162011,4,stroke_kai
1927,63.80196039083798,57.07834220547486,4,stroke_kai
1928,64.15307770927375,56.96130309932961,4,stroke_kai
1929,60.8759827372067,56.844263993184356,4,stroke_kai
1930,61.1100609494972,56.72722488703911,4,stroke_kai
1931,61.22710005564245,56.61018578089386,4,stroke_kai
1932,56.896653128268156,56.4931466747486,4,stroke_kai
1933,61.57821737407821,56.37610756860335,4,stroke_kai
1934,60.407826312625694,56.14202935631285,4,stroke_kai
1935,68.24944642435754,56.14202935631285,4,stroke_kai
1936,57.013692234413405,55.90795114402235,4,stroke_kai
1937,63.684921284692734,55.79091203787709,4,stroke_kai
1938,60.8759827372067,55.67387293173184,4,stroke_kai
1939,58.30112240201117,55.556833825586594,4,stroke_kai
1940,66.84497715061453,55.556833825586594,4,stroke_kai
1941,59.705591675754185,55.439794719441345,4,stroke_kai
1942,67.89832910592179,55.439794719441345,4,stroke_kai
1943,63.684921284692734,55.32275561329609,4,stroke_kai
1944,68.01536821206703,55.32275561329609,4,stroke_kai
1945,63.684921284692734,55.20571650715084,4,stroke_kai
1946,60.05670899418994,55.08867740100559,4,stroke_kai
1947,66.72793804446927,55.08867740100559,4,stroke_kai
1948,61.1100609494972,54.971638294860334,4,stroke_kai
1949,60.52486541877094,54.854599188715085,4,stroke_kai
1950,56.7796140221229,54.737560082569836,4,stroke_kai
1951,63.45084307240223,54.62052097642458,4,stroke_kai
1952,56.5455358098324,54.50348187027933,4,stroke_kai
1953,57.013692234413405,54.38644276413408,4,stroke_kai
1954,60.75894363106145,54.269403657988825,4,stroke_kai
1955,68.48352463664804,54.269403657988825,4,stroke_kai
1956,61.46117826793296,54.03532544569833,4,stroke_kai
1957,68.01536821206703,53.91828633955308,4,stroke_kai
1958,61.46117826793296,53.80124723340782,4,stroke_kai
1959,68.01536821206703,53.68420812726257,4,stroke_kai
1960,56.428496703687145,53.45012991497207,4,stroke_kai
1961,61.46117826793296,53.45012991497207,4,stroke_kai
1962,63.21676486011173,53.33309080882682,4,stroke_kai
1963,64.27011681541899,53.21605170268157,4,stroke_kai
1964,57.24777044670391,53.09901259653631,4,stroke_kai
1965,60.75894363106145,52.98197349039106,4,stroke_kai
1966,61.22710005564245,52.864934384245814,4,stroke_kai
1967,68.6005637427933,52.864934384245814,4,stroke_kai
1968,56.7796140221229,52.63085617195531,4,stroke_kai
1969,56.66257491597765,52.51381706581006,4,stroke_kai
1970,63.33380396625698,52.51381706581006,4,stroke_kai
1971,60.75894363106145,52.3967779596648,4,stroke_kai
1972,61.34413916178771,52.279738853519554,4,stroke_kai
1973,56.896653128268156,52.162699747374305,4,stroke_kai
1974,60.75894363106145,52.04566064122905,4,stroke_kai
1975,56.5455358098324,51.9286215350838,4,stroke_kai
1976,63.91899949698323,51.9286215350838,4,stroke_kai
1977,60.17374810033519,51.81158242893855,4,stroke_kai
1978,64.27011681541899,51.81158242893855,4,stroke_kai
1979,57.83296597743016,51.694543322793294,4,stroke_kai
1980,66.61089893832403,51.694543322793294,4,stroke_kai
1981,57.130731340558654,51.577504216648045,4,stroke_kai
1982,66.84497715061453,51.577504216648045,4,stroke_kai
1983,63.684921284692734,51.460465110502795,4,stroke_kai
1984,67.66425089363128,51.460465110502795,4,stroke_kai
1985,64.15307770927375,51.34342600435754,4,stroke_kai
1986,64.5041950277095,51.22638689821229,4,stroke_kai
1987,56.7796140221229,51.10934779206704,4,stroke_kai
1988,57.48184865899441,50.99230868592179,4,stroke_kai
1989,56.896653128268156,50.758230473631286,4,stroke_kai
1990,57.24777044670391,50.64119136748604,4,stroke_kai
1991,68.71760284893854,50.29007404905028,4,stroke_kai
1992,56.896653128268156,49.93895673061453,4,stroke_kai
1993,57.013692234413405,49.82191762446927,4,stroke_kai
1994,56.896653128268156,49.587839412178774,4,stroke_kai
1995,64.73827324,49.47080030603352,4,stroke_kai
1996,68.6005637427933,49.47080030603352,4,stroke_kai
1997,64.27011681541899,49.35376119988827,4,stroke_kai
1998,60.290787206480445,49.23672209374302,4,stroke_kai
1999,63.33380396625698,49.23672209374302,4,stroke_kai
2000,56.7796140221229,49.11968298759776,4,stroke_kai
2001,63.684921284692734,49.11968298759776,4,stroke_kai
2002,67.78128999977653,49.11968298759776,4,stroke_kai
2003,61.22710005564245,49.002643881452514,4,stroke_kai
2004,68.24944642435754,49.002643881452514,4,stroke_kai
2005,59.35447435731843,48.885604775307264,4,stroke_kai
2006,65.79162519530726,48.885604775307264,4,stroke_kai
2007,57.24777044670391,48.768565669162015,4,stroke_kai
2008,63.91899949698323,48.768565669162015,4,stroke_kai
2009,59.822630781899434,48.65152656301676,4,stroke_kai
2010,63.09972575396648,48.65152656301676,4,stroke_kai
2011,60.75894363106145,48.53448745687151,4,stroke_kai
2012,59.23743525117318,48.41744835072626,4,stroke_kai
2013,56.7796140221229,48.300409244581004,4,stroke_kai
2014,60.6419045249162,48.183370138435755,4,stroke_kai
2015,63.91899949698323,48.066331032290506,4,stroke_kai
2016,68.8346419550838,48.066331032290506,4,stroke_kai
2017,57.013692234413405,47.83225282,4,stroke_kai
2018,60.17374810033519,47.71521371385475,4,stroke_kai
2019,67.89832910592179,47.71521371385475,4,stroke_kai
2020,64.38715592156424,47.598174607709495,4,stroke_kai
2021,60.993021843351954,47.481135501564246,4,stroke_kai
2022,68.13240731821229,47.481135501564246,4,stroke_kai
2023,64.62123413385474,47.364096395419,4,stroke_kai
2024,61.22710005564245,47.24705728927374,4,stroke_kai
2025,68.36648553050279,47.24705728927374,4,stroke_kai
2026,64.85531234614525,47.13001818312849,4,stroke_kai
2027,63.91899949698323,47.01297907698324,4,stroke_kai
2028,68.6005637427933,47.01297907698324,4,stroke_kai
2029,56.896653128268156,46.77890086469274,4,stroke_kai
2030,67.66425089363128,46.66186175854749,4,stroke_kai
2031,57.24777044670391,46.54482265240224,4,stroke_kai
2032,56.896653128268156,46.42778354625698,4,stroke_kai
2033,64.85531234614525,46.42778354625698,4,stroke_kai
2034,60.993021843351954,46.31074444011173,4,stroke_kai
2035,57.36480955284916,46.193705333966484,4,stroke_kai
2036,61.69525648022346,46.193705333966484,4,stroke_kai
2037,60.6419045249162,46.07666622782123,4,stroke_kai
2038,66.02570340759776,46.07666622782123,4,stroke_kai
2039,59.23743525117318,45.95962712167598,4,stroke_kai
2040,68.24944642435754,45.95962712167598,4,stroke_kai
2041,63.33380396625698,45.84258801553073,4,stroke_kai
2042,68.6005637427933,45.84258801553073,4,stroke_kai
2043,65.674586089162,45.72554890938547,4,stroke_kai
2044,61.69525648022346,45.608509803240224,4,stroke_kai
2045,68.13240731821229,45.608509803240224,4,stroke_kai
2046,65.55754698301675,45.491470697094975,4,stroke_kai
2047,60.6419045249162,45.37443159094972,4,stroke_kai
2048,56.5455358098324,45.25739248480447,4,stroke_kai
2049,56.7796140221229,45.14035337865922,4,stroke_kai
2050,59.822630781899434,45.023314272513964,4,stroke_kai
2051,67.89832910592179,45.023314272513964,4,stroke_kai
2052,67.89832910592179,44.906275166368715,4,stroke_kai
2053,64.9723514522905,44.789236060223466,4,stroke_kai
2054,56.896653128268156,44.67219695407821,4,stroke_kai
2055,68.6005637427933,44.67219695407821,4,stroke_kai
2056,67.66425089363128,44.55515784793296,4,stroke_kai
2057,57.130731340558654,44.43811874178771,4,stroke_kai
2058,56.428496703687145,44.32107963564246,4,stroke_kai
2059,56.428496703687145,44.204040529497206,4,stroke_kai
2060,60.993021843351954,44.204040529497206,4,stroke_kai
2061,57.130731340558654,43.96996231720671,4,stroke_kai
2062,64.38715592156424,43.96996231720671,4,stroke_kai
2063,68.13240731821229,43.85292321106145,4,stroke_kai
2064,67.89832910592179,43.7358841049162,4,stroke_kai
2065,57.24777044670391,43.61884499877095,4,stroke_kai
2066,56.311457597541896,43.5018058926257,4,stroke_kai
2067,68.71760284893854,43.5018058926257,4,stroke_kai
2068,61.1100609494972,43.38476678648045,4,stroke_kai
2069,60.75894363106145,43.2677276803352,4,stroke_kai
2070,57.24777044670391,43.15068857418994,4,stroke_kai
2071,64.62123413385474,43.15068857418994,4,stroke_kai
2072,64.27011681541899,43.03364946804469,4,stroke_kai
2073,63.91899949698323,42.916610361899444,4,stroke_kai
2074,68.48352463664804,42.916610361899444,4,stroke_kai
2075,68.01536821206703,42.79957125575419,4,stroke_kai
2076,67.66425089363128,42.68253214960894,4,stroke_kai
2077,56.7796140221229,42.56549304346369,4,stroke_kai
2078,56.19441849139665,42.44845393731843,4,stroke_kai
2079,68.48352463664804,42.44845393731843,4,stroke_kai
2080,60.05670899418994,42.331414831173184,4,stroke_kai
2081,57.013692234413405,42.214375725027935,4,stroke_kai
2082,60.05670899418994,42.09733661888268,4,stroke_kai
2083,68.6005637427933,42.09733661888268,4,stroke_kai
2084,61.22710005564245,41.86325840659218,4,stroke_kai
2085,60.290787206480445,41.746219300446924,4,stroke_kai
2086,67.78128999977653,41.746219300446924,4,stroke_kai
2087,64.03603860312849,41.629180194301675,4,stroke_kai
2088,68.71760284893854,41.629180194301675,4,stroke_kai
2089,64.9723514522905,41.512141088156426,4,stroke_kai
2090,61.22710005564245,41.39510198201118,4,stroke_kai
2091,68.48352463664804,41.39510198201118,4,stroke_kai
2092,64.9723514522905,41.27806287586592,4,stroke_kai
2093,67.78128999977653,41.16102376972067,4,stroke_kai
2094,63.91899949698323,41.04398466357542,4,stroke_kai
2095,65.08939055843575,40.926945557430166,4,stroke_kai
2096,68.01536821206703,40.80990645128492,4,stroke_kai
2097,60.290787206480445,40.69286734513967,4,stroke_kai
2098,60.993021843351954,40.57582823899441,4,stroke_kai
2099,64.38715592156424,40.45878913284916,4,stroke_kai
2100,56.7796140221229,40.34175002670391,4,stroke_kai
2101,56.896653128268156,40.22471092055866,4,stroke_kai
2102,56.896653128268156,40.10767181441341,4,stroke_kai
2103,64.27011681541899,40.10767181441341,4,stroke_kai
2104,65.08939055843575,39.99063270826816,4,stroke_kai
2105,59.822630781899434,39.75655449597765,4,stroke_kai
2106,64.62123413385474,39.75655449597765,4,stroke_kai
2107,64.5041950277095,39.639515389832404,4,stroke_kai
2108,64.85531234614525,39.522476283687155,4,stroke_kai
2109,57.013692234413405,39.4054371775419,4,stroke_kai
2110,64.9723514522905,39.28839807139665,4,stroke_kai
2111,64.15307770927375,39.054319859106144,4,stroke_kai
2112,60.6419045249162,38.937280752960895,4,stroke_kai
2113,64.15307770927375,38.820241646815646,4,stroke_kai
2114,60.290787206480445,38.58616343452514,4,stroke_kai
2115,59.93966988804469,38.46912432837989,4,stroke_kai
2116,55.37514474837988,38.235046116089386,4,stroke_kai
2117,64.85531234614525,38.235046116089386,4,stroke_kai
2118,65.20642966458101,38.00096790379888,4,stroke_kai
2119,55.60922296067039,37.76688969150838,4,stroke_kai
2120,63.91899949698323,37.76688969150838,4,stroke_kai
2121,64.85531234614525,37.649850585363126,4,stroke_kai
2122,56.5455358098324,37.41577237307263,4,stroke_kai
2123,56.428496703687145,37.29873326692737,4,stroke_kai
2124,63.91899949698323,37.18169416078212,4,stroke_kai
2125,55.726262066815636,36.94761594849162,4,stroke_kai
2126,55.25810564223463,36.83057684234637,4,stroke_kai
2127,55.84330117296089,36.71353773620112,4,stroke_kai
2128,60.17374810033519,36.59649863005586,4,stroke_kai
2129,56.07737938525139,36.47945952391061,4,stroke_kai
2130,64.38715592156424,36.362420417765364,4,stroke_kai
2131,59.705591675754185,36.12834220547486,4,stroke_kai
2132,65.20642966458101,36.12834220547486,4,stroke_kai
2133,64.15307770927375,35.89426399318436,4,stroke_kai
2134,56.311457597541896,35.660185780893855,4,stroke_kai
2135,55.49218385452514,35.543146674748606,4,stroke_kai
2136,56.311457597541896,35.426107568603356,4,stroke_kai
2137,64.62123413385474,35.3090684624581,4,stroke_kai
2138,64.27011681541899,35.19202935631285,4,stroke_kai
2139,55.25810564223463,34.8409120378771,4,stroke_kai
2140,56.07737938525139,34.60683382558659,4,stroke_kai
2141,56.311457597541896,34.48979471944134,4,stroke_kai
2142,58.41816150815642,33.78756008256983,4,stroke_kai
2143,59.12039614502793,32.85124723340782,4,stroke_kai
2144,54.78994921765363,85.98700142335196,5,text_en_1919
2145,53.50251905005586,85.75292321106146,5,text_en_1919
2146,53.619558156201116,85.6358841049162,5,text_en_1919
2147,59.23743525117318,85.6358841049162,5,text_en_1919
2148,58.88631793273743,85.51884499877096,5,text_en_1919
2149,49.28911122882681,85.4018058926257,5,text_en_1919
2150,48.00168106122905,85.28476678648045,5,text_en_1919
2151,58.65223972044692,85.28476678648045,5,text_en_1919
2152,49.17207212268156,85.16772768033519,5,text_en_1919
2153,59.47151346346369,85.16772768033519,5,text_en_1919
2154,53.853636368491614,85.05068857418995,5,text_en_1919
2155,48.23575927351955,84.93364946804469,5,text_en_1919
2156,58.65223972044692,84.93364946804469,5,text_en_1919
2157,48.469837485810054,84.81661036189945,5,text_en_1919
2158,59.003357038882676,84.81661036189945,5,text_en_1919
2159,53.26844083776536,84.6995712557542,5,text_en_1919
2160,59.12039614502793,84.6995712557542,5,text_en_1919
2161,44.373468770726255,84.58253214960894,5,text_en_1919
2162,54.321792793072625,84.58253214960894,5,text_en_1919
2163,63.45084307240223,84.58253214960894,5,text_en_1919
2164,53.26844083776536,84.46549304346368,5,text_en_1919
2165,59.12039614502793,84.46549304346368,5,text_en_1919
2166,44.13939055843575,84.34845393731844,5,text_en_1919
2167,53.97067547463687,84.34845393731844,5,text_en_1919
2168,59.822630781899434,84.34845393731844,5,text_en_1919
2169,53.26844083776536,84.23141483117318,5,text_en_1919
2170,59.822630781899434,84.23141483117318,5,text_en_1919
2171,53.38547994391061,84.11437572502794,5,text_en_1919
2172,63.33380396625698,84.11437572502794,5,text_en_1919
2173,49.52318944111732,83.99733661888268,5,text_en_1919
2174,63.80196039083798,83.99733661888268,5,text_en_1919
2175,53.38547994391061,83.88029751273743,5,text_en_1919
2176,44.0223514522905,83.76325840659217,5,text_en_1919
2177,53.736597262346365,83.76325840659217,5,text_en_1919
2178,67.31313357519552,83.76325840659217,5,text_en_1919
2179,53.736597262346365,83.64621930044693,5,text_en_1919
2180,63.09972575396648,83.64621930044693,5,text_en_1919
2181,49.28911122882681,83.52918019430169,5,text_en_1919
2182,59.003357038882676,83.52918019430169,5,text_en_1919
2183,43.788273239999995,83.41214108815643,5,text_en_1919
2184,55.60922296067039,83.41214108815643,5,text_en_1919
2185,64.03603860312849,83.41214108815643,5,text_en_1919
2186,49.17207212268156,83.29510198201118,5,text_en_1919
2187,58.76927882659218,83.29510198201118,5,text_en_1919
2188,64.27011681541899,83.29510198201118,5,text_en_1919
2189,53.97067547463687,83.17806287586592,5,text_en_1919
2190,59.47151346346369,83.17806287586592,5,text_en_1919
2191,68.71760284893854,83.17806287586592,5,text_en_1919
2192,54.08771458078212,83.06102376972066,5,text_en_1919
2193,59.705591675754185,83.06102376972066,5,text_en_1919
2194,44.13939055843575,82.94398466357542,5,text_en_1919
2195,55.84330117296089,82.94398466357542,5,text_en_1919
2196,43.671234133854746,82.82694555743018,5,text_en_1919
2197,53.26844083776536,82.82694555743018,5,text_en_1919
2198,62.865647541675976,82.82694555743018,5,text_en_1919
2199,68.48352463664804,82.82694555743018,5,text_en_1919
2200,49.52318944111732,82.70990645128492,5,text_en_1919
2201,55.96034027910614,82.70990645128492,5,text_en_1919
2202,68.01536821206703,82.70990645128492,5,text_en_1919
2203,48.93799391039106,82.59286734513967,5,text_en_1919
2204,58.41816150815642,82.59286734513967,5,text_en_1919
2205,68.24944642435754,82.59286734513967,5,text_en_1919
2206,54.20475368692737,82.47582823899441,5,text_en_1919
2207,59.588552569608936,82.47582823899441,5,text_en_1919
2208,49.28911122882681,82.35878913284915,5,text_en_1919
2209,58.53520061430167,82.35878913284915,5,text_en_1919
2210,67.19609446905028,82.35878913284915,5,text_en_1919
2211,49.87430675955307,82.24175002670391,5,text_en_1919
2212,58.41816150815642,82.24175002670391,5,text_en_1919
2213,63.33380396625698,82.24175002670391,5,text_en_1919
2214,48.93799391039106,82.12471092055867,5,text_en_1919
2215,56.311457597541896,82.12471092055867,5,text_en_1919
2216,67.43017268134078,82.12471092055867,5,text_en_1919
2217,53.38547994391061,82.00767181441341,5,text_en_1919
2218,58.88631793273743,82.00767181441341,5,text_en_1919
2219,67.54721178748603,82.00767181441341,5,text_en_1919
2220,53.619558156201116,81.89063270826816,5,text_en_1919
2221,59.588552569608936,81.89063270826816,5,text_en_1919
2222,68.24944642435754,81.89063270826816,5,text_en_1919
2223,53.853636368491614,81.7735936021229,5,text_en_1919
2224,67.19609446905028,81.7735936021229,5,text_en_1919
2225,48.82095480424581,81.65655449597764,5,text_en_1919
2226,53.736597262346365,81.65655449597764,5,text_en_1919
2227,63.21676486011173,81.65655449597764,5,text_en_1919
2228,44.490507876871504,81.5395153898324,5,text_en_1919
2229,53.736597262346365,81.5395153898324,5,text_en_1919
2230,67.31313357519552,81.5395153898324,5,text_en_1919
2231,44.0223514522905,81.42247628368716,5,text_en_1919
2232,53.50251905005586,81.42247628368716,5,text_en_1919
2233,59.47151346346369,81.42247628368716,5,text_en_1919
2234,43.90531234614525,81.3054371775419,5,text_en_1919
2235,54.08771458078212,81.3054371775419,5,text_en_1919
2236,72.6969324578771,81.3054371775419,5,text_en_1919
2237,53.853636368491614,81.18839807139665,5,text_en_1919
2238,59.23743525117318,81.18839807139665,5,text_en_1919
2239,49.055033016536306,81.07135896525139,5,text_en_1919
2240,53.853636368491614,81.07135896525139,5,text_en_1919
2241,59.23743525117318,81.07135896525139,5,text_en_1919
2242,44.84162519530726,80.95431985910615,5,text_en_1919
2243,53.38547994391061,80.95431985910615,5,text_en_1919
2244,58.76927882659218,80.95431985910615,5,text_en_1919
2245,67.89832910592179,80.95431985910615,5,text_en_1919
2246,44.60754698301676,80.8372807529609,5,text_en_1919
2247,58.30112240201117,80.8372807529609,5,text_en_1919
2248,67.19609446905028,80.8372807529609,5,text_en_1919
2249,35.47849670368714,80.72024164681565,5,text_en_1919
2250,54.08771458078212,80.72024164681565,5,text_en_1919
2251,67.43017268134078,80.72024164681565,5,text_en_1919
2252,73.8673235193296,80.72024164681565,5,text_en_1919
2253,57.130731340558654,80.6032025406704,5,text_en_1919
2254,68.13240731821229,80.6032025406704,5,text_en_1919
2255,44.95866430145251,80.48616343452514,5,text_en_1919
2256,54.08771458078212,80.48616343452514,5,text_en_1919
2257,68.36648553050279,80.48616343452514,5,text_en_1919
2258,45.30978161988826,80.36912432837988,5,text_en_1919
2259,54.08771458078212,80.36912432837988,5,text_en_1919
2260,67.54721178748603,80.36912432837988,5,text_en_1919
2261,53.26844083776536,80.25208522223464,5,text_en_1919
2262,62.63156932938547,80.25208522223464,5,text_en_1919
2263,72.46285424558658,80.25208522223464,5,text_en_1919
2264,53.736597262346365,80.13504611608938,5,text_en_1919
2265,62.865647541675976,80.13504611608938,5,text_en_1919
2266,68.13240731821229,80.13504611608938,5,text_en_1919
2267,53.50251905005586,80.01800700994414,5,text_en_1919
2268,59.23743525117318,80.01800700994414,5,text_en_1919
2269,44.490507876871504,79.90096790379889,5,text_en_1919
2270,53.26844083776536,79.90096790379889,5,text_en_1919
2271,58.88631793273743,79.90096790379889,5,text_en_1919
2272,36.41480955284916,79.78392879765363,5,text_en_1919
2273,50.10838497184357,79.78392879765363,5,text_en_1919
2274,58.65223972044692,79.78392879765363,5,text_en_1919
2275,67.78128999977653,79.78392879765363,5,text_en_1919
2276,49.87430675955307,79.66688969150837,5,text_en_1919
2277,58.06704418972067,79.66688969150837,5,text_en_1919
2278,63.33380396625698,79.66688969150837,5,text_en_1919
2279,36.64888776513966,79.54985058536313,5,text_en_1919
2280,58.18408329586592,79.54985058536313,5,text_en_1919
2281,68.24944642435754,79.54985058536313,5,text_en_1919
2282,53.38547994391061,79.43281147921788,5,text_en_1919
2283,71.52654139642458,79.43281147921788,5,text_en_1919
2284,62.16341290480447,79.31577237307263,5,text_en_1919
2285,36.76592687128491,79.19873326692738,5,text_en_1919
2286,58.41816150815642,79.19873326692738,5,text_en_1919
2287,71.29246318413408,79.19873326692738,5,text_en_1919
2288,53.736597262346365,79.08169416078212,5,text_en_1919
2289,62.63156932938547,79.08169416078212,5,text_en_1919
2290,76.20810564223464,79.08169416078212,5,text_en_1919
2291,54.20475368692737,78.96465505463686,5,text_en_1919
2292,67.31313357519552,78.96465505463686,5,text_en_1919
2293,53.15140173162011,78.84761594849162,5,text_en_1919
2294,59.003357038882676,78.84761594849162,5,text_en_1919
2295,67.19609446905028,78.84761594849162,5,text_en_1919
2296,49.17207212268156,78.73057684234637,5,text_en_1919
2297,58.76927882659218,78.73057684234637,5,text_en_1919
2298,76.32514474837988,78.73057684234637,5,text_en_1919
2299,58.41816150815642,78.61353773620112,5,text_en_1919
2300,68.13240731821229,78.61353773620112,5,text_en_1919
2301,53.736597262346365,78.49649863005587,5,text_en_1919
2302,61.81229558636871,78.49649863005587,5,text_en_1919
2303,46.948329105921786,78.37945952391061,5,text_en_1919
2304,53.736597262346365,78.37945952391061,5,text_en_1919
2305,62.04637379865922,78.37945952391061,5,text_en_1919
2306,76.32514474837988,78.37945952391061,5,text_en_1919
2307,48.352798379664804,78.26242041776537,5,text_en_1919
2308,67.19609446905028,78.26242041776537,5,text_en_1919
2309,46.83128999977653,78.14538131162011,5,text_en_1919
2310,58.18408329586592,78.14538131162011,5,text_en_1919
2311,67.66425089363128,78.14538131162011,5,text_en_1919
2312,46.83128999977653,78.02834220547486,5,text_en_1919
2313,59.003357038882676,78.02834220547486,5,text_en_1919
2314,68.01536821206703,78.02834220547486,5,text_en_1919
2315,47.884641955083794,77.91130309932961,5,text_en_1919
2316,62.74860843553073,77.91130309932961,5,text_en_1919
2317,70.12207212268156,77.91130309932961,5,text_en_1919
2318,62.865647541675976,77.79426399318436,5,text_en_1919
2319,75.85698832379887,77.79426399318436,5,text_en_1919
2320,66.84497715061453,77.6772248870391,5,text_en_1919
2321,37.702239720446926,77.56018578089386,5,text_en_1919
2322,68.01536821206703,77.56018578089386,5,text_en_1919
2323,67.43017268134078,77.4431466747486,5,text_en_1919
2324,37.819278826592175,77.2090684624581,5,text_en_1919
2325,66.72793804446927,77.09202935631285,5,text_en_1919
2326,66.96201625675977,76.9749902501676,5,text_en_1919
2327,66.96201625675977,76.85795114402235,5,text_en_1919
2328,67.31313357519552,76.7409120378771,5,text_en_1919
2329,67.43017268134078,76.62387293173185,5,text_en_1919
2330,67.31313357519552,76.5068338255866,5,text_en_1919
2331,30.56285424558659,76.38979471944134,5,text_en_1919
2332,29.392463184134076,76.27275561329608,5,text_en_1919
2333,68.24944642435754,76.27275561329608,5,text_en_1919
2334,67.78128999977653,76.15571650715084,5,text_en_1919
2335,67.89832910592179,76.03867740100559,5,text_en_1919
2336,31.616206200893853,75.80459918871509,5,text_en_1919
2337,74.33547994391061,75.68756008256983,5,text_en_1919
2338,32.20140173162011,75.57052097642458,5,text_en_1919
2339,67.89832910592179,75.45348187027933,5,text_en_1919
2340,73.98436262547486,75.33644276413408,5,text_en_1919
2341,29.977658714860333,75.10236455184358,5,text_en_1919
2342,33.13771458078212,74.98532544569832,5,text_en_1919
2343,33.37179279307262,74.86828633955307,5,text_en_1919
2344,75.62291011150838,74.75124723340782,5,text_en_1919
2345,73.28212798860335,74.51716902111733,5,text_en_1919
2346,30.913971564022344,74.16605170268156,5,text_en_1919
2347,34.308105642234636,73.93197349039106,5,text_en_1919
2348,76.91034027910614,73.81493438424582,5,text_en_1919
2349,72.57989335173184,73.5808561719553,5,text_en_1919
2350,72.57989335173184,73.46381706581006,5,text_en_1919
2351,36.76592687128491,73.3467779596648,5,text_en_1919
2352,36.64888776513966,73.22973885351955,5,text_en_1919
2353,36.18073134055865,73.11269974737431,5,text_en_1919
2354,72.46285424558658,72.99566064122905,5,text_en_1919
2355,36.18073134055865,72.76158242893855,5,text_en_1919
2356,72.9310106701676,72.52750421664805,5,text_en_1919
2357,32.31844083776536,72.17638689821229,5,text_en_1919
2358,73.75028441318435,71.94230868592179,5,text_en_1919
2359,30.679893351731838,71.70823047363129,5,text_en_1919
2360,24.359781619888263,71.47415226134078,5,text_en_1919
2361,82.0600609494972,71.35711315519553,5,text_en_1919
2362,74.68659726234637,71.12303494290504,5,text_en_1919
2363,24.476820726033516,70.88895673061452,5,text_en_1919
2364,75.03771458078212,70.77191762446927,5,text_en_1919
2365,84.40084307240224,70.65487851832403,5,text_en_1919
2366,24.476820726033516,70.42080030603353,5,text_en_1919
2367,84.63492128469274,70.42080030603353,5,text_en_1919
2368,24.710898938324018,70.18672209374301,5,text_en_1919
2369,24.710898938324018,70.06968298759776,5,text_en_1919
2370,31.850284413184355,69.95264388145252,5,text_en_1919
2371,24.359781619888263,69.71856566916202,5,text_en_1919
2372,24.359781619888263,69.60152656301676,5,text_en_1919
2373,85.22011681541899,69.60152656301676,5,text_en_1919
2374,79.83631793273743,69.4844874568715,5,text_en_1919
2375,79.71927882659217,69.36744835072625,5,text_en_1919
2376,81.12374810033519,69.13337013843575,5,text_en_1919
2377,24.476820726033516,68.89929192614525,5,text_en_1919
2378,24.82793804446927,68.78225282,5,text_en_1919
2379,24.476820726033516,68.66521371385475,5,text_en_1919
2380,85.57123413385474,68.66521371385475,5,text_en_1919
2381,85.45419502770949,68.5481746077095,5,text_en_1919
2382,85.68827324,68.43113550156424,5,text_en_1919
2383,85.33715592156425,68.314096395419,5,text_en_1919
2384,77.14441849139665,68.08001818312849,5,text_en_1919
2385,86.27346877072625,68.08001818312849,5,text_en_1919
2386,26.58352463664804,67.84593997083799,5,text_en_1919
2387,26.115368212067036,67.72890086469275,5,text_en_1919
2388,81.70894363106144,67.72890086469275,5,text_en_1919
2389,26.349446424357538,67.61186175854749,5,text_en_1919
2390,81.47486541877095,67.61186175854749,5,text_en_1919
2391,25.881289999776534,67.49482265240223,5,text_en_1919
2392,28.22207212268156,67.49482265240223,5,text_en_1919
2393,82.29413916178771,67.49482265240223,5,text_en_1919
2394,26.115368212067036,67.37778354625698,5,text_en_1919
2395,28.92430675955307,67.37778354625698,5,text_en_1919
2396,83.34749111709496,67.37778354625698,5,text_en_1919
2397,26.349446424357538,67.26074444011174,5,text_en_1919
2398,28.807267653407816,67.26074444011174,5,text_en_1919
2399,77.9636922344134,67.26074444011174,5,text_en_1919
2400,27.28575927351955,67.14370533396648,5,text_en_1919
2401,29.743580502569827,67.14370533396648,5,text_en_1919
2402,21.66788217854748,67.02666622782124,5,text_en_1919
2403,27.753915698100556,67.02666622782124,5,text_en_1919
2404,29.977658714860333,67.02666622782124,5,text_en_1919
2405,26.115368212067036,66.90962712167598,5,text_en_1919
2406,29.04134586569832,66.90962712167598,5,text_en_1919
2407,25.062016256759772,66.79258801553073,5,text_en_1919
2408,28.92430675955307,66.79258801553073,5,text_en_1919
2409,21.316764860111725,66.67554890938547,5,text_en_1919
2410,28.690228547262567,66.67554890938547,5,text_en_1919
2411,20.84860843553072,66.55850980324023,5,text_en_1919
2412,27.51983748581005,66.55850980324023,5,text_en_1919
2413,84.04972575396647,66.55850980324023,5,text_en_1919
2414,28.690228547262567,66.44147069709497,5,text_en_1919
2415,84.28380396625698,66.44147069709497,5,text_en_1919
2416,29.509502290279325,66.32443159094973,5,text_en_1919
2417,84.51788217854748,66.32443159094973,5,text_en_1919
2418,24.59385983217877,66.09035337865922,5,text_en_1919
2419,24.94497715061452,65.97331427251396,5,text_en_1919
2420,25.179055362905025,65.73923606022346,5,text_en_1919
2421,81.8259827372067,65.62219695407822,5,text_en_1919
2422,25.64721178748603,65.27107963564245,5,text_en_1919
2423,25.76425089363128,65.15404052949721,5,text_en_1919
2424,24.359781619888263,64.91996231720671,5,text_en_1919
2425,80.77263078189944,64.56884499877094,5,text_en_1919
2426,80.42151346346368,64.33476678648044,5,text_en_1919
2427,87.56089893832402,63.86661036189945,5,text_en_1919
2428,88.49721178748604,63.63253214960894,5,text_en_1919
2429,88.26313357519552,63.398453937318436,5,text_en_1919
2430,18.9759827372067,63.16437572502794,5,text_en_1919
2431,26.934641955083794,63.04733661888268,5,text_en_1919
2432,19.210060949497205,62.81325840659218,5,text_en_1919
2433,27.1687201673743,62.57918019430168,5,text_en_1919
2434,86.50754698301677,62.46214108815643,5,text_en_1919
2435,19.210060949497205,62.22806287586592,5,text_en_1919
2436,19.67821737407821,62.111023769720674,5,text_en_1919
2437,83.69860843553073,61.99398466357542,5,text_en_1919
2438,86.74162519530725,61.87694555743017,5,text_en_1919
2439,83.93268664782123,61.75990645128492,5,text_en_1919
2440,87.09274251374302,61.75990645128492,5,text_en_1919
2441,86.156429664581,61.64286734513966,5,text_en_1919
2442,21.199725753966476,61.525828238994414,5,text_en_1919
2443,87.20978161988828,61.525828238994414,5,text_en_1919
2444,21.784921284692736,61.29175002670391,5,text_en_1919
2445,90.36983748581005,61.29175002670391,5,text_en_1919
2446,90.2527983796648,61.17471092055866,5,text_en_1919
2447,87.09274251374302,61.05767181441341,5,text_en_1919
2448,86.62458608916201,60.940632708268154,5,text_en_1919
2449,82.87933469251396,60.823593602122905,5,text_en_1919
2450,89.7846419550838,60.823593602122905,5,text_en_1919
2451,86.156429664581,60.706554495977656,5,text_en_1919
2452,90.48687659195531,60.706554495977656,5,text_en_1919
2453,86.74162519530725,60.5895153898324,5,text_en_1919
2454,25.53017268134078,60.47247628368715,5,text_en_1919
2455,87.32682072603352,60.47247628368715,5,text_en_1919
2456,82.99637379865922,60.3554371775419,5,text_en_1919
2457,82.64525648022345,60.238398071396645,5,text_en_1919
2458,25.998329105921783,60.121358965251396,5,text_en_1919
2459,24.242742513743014,60.00431985910615,5,text_en_1919
2460,86.27346877072625,60.00431985910615,5,text_en_1919
2461,24.82793804446927,59.88728075296089,5,text_en_1919
2462,86.8586643014525,59.88728075296089,5,text_en_1919
2463,25.062016256759772,59.77024164681564,5,text_en_1919
2464,87.32682072603352,59.77024164681564,5,text_en_1919
2465,86.62458608916201,59.65320254067039,5,text_en_1919
2466,89.7846419550838,59.65320254067039,5,text_en_1919
2467,83.46453022324022,59.53616343452514,5,text_en_1919
2468,22.018999496983234,59.41912432837989,5,text_en_1919
2469,87.44385983217876,59.41912432837989,5,text_en_1919
2470,83.23045201094972,59.30208522223464,5,text_en_1919
2471,23.18939055843575,59.18504611608939,5,text_en_1919
2472,89.66760284893854,59.18504611608939,5,text_en_1919
2473,24.710898938324018,59.06800700994414,5,text_en_1919
2474,20.146373798659212,58.95096790379888,5,text_en_1919
2475,83.34749111709496,58.95096790379888,5,text_en_1919
2476,21.082686647821227,58.833928797653634,5,text_en_1919
2477,86.8586643014525,58.833928797653634,5,text_en_1919
2478,21.43380396625698,58.716889691508385,5,text_en_1919
2479,86.8586643014525,58.716889691508385,5,text_en_1919
2480,20.731569329385472,58.59985058536313,5,text_en_1919
2481,87.20978161988828,58.59985058536313,5,text_en_1919
2482,20.614530223240223,58.48281147921788,5,text_en_1919
2483,17.337435251173183,58.36577237307263,5,text_en_1919
2484,21.43380396625698,58.36577237307263,5,text_en_1919
2485,19.67821737407821,58.248733266927374,5,text_en_1919
2486,20.84860843553072,58.131694160782125,5,text_en_1919
2487,21.082686647821227,58.014655054636876,5,text_en_1919
2488,83.93268664782123,57.89761594849162,5,text_en_1919
2489,84.40084307240224,57.66353773620112,5,text_en_1919
2490,84.40084307240224,57.546498630055865,5,text_en_1919
2491,85.22011681541899,57.429459523910616,5,text_en_1919
2492,85.57123413385474,57.31242041776537,5,text_en_1919
2493,85.57123413385474,57.19538131162011,5,text_en_1919
2494,85.57123413385474,57.07834220547486,5,text_en_1919
2495,85.68827324,56.96130309932961,5,text_en_1919
2496,85.45419502770949,56.844263993184356,5,text_en_1919
2497,20.029334692513963,56.61018578089386,5,text_en_1919
2498,20.84860843553072,56.37610756860335,5,text_en_1919
2499,21.66788217854748,56.0249902501676,5,text_en_1919
2500,22.604195027709494,55.79091203787709,5,text_en_1919
2501,23.306429664581003,55.556833825586594,5,text_en_1919
2502,23.774586089162007,55.32275561329609,5,text_en_1919
2503,91.89134586569833,55.20571650715084,5,text_en_1919
2504,23.306429664581003,54.971638294860334,5,text_en_1919
2505,24.12570340759776,54.854599188715085,5,text_en_1919
2506,92.00838497184358,54.854599188715085,5,text_en_1919
2507,90.48687659195531,54.737560082569836,5,text_en_1919
2508,89.7846419550838,54.62052097642458,5,text_en_1919
2509,88.96536821206703,54.50348187027933,5,text_en_1919
2510,91.77430675955307,54.50348187027933,5,text_en_1919
2511,89.08240731821229,54.38644276413408,5,text_en_1919
2512,92.00838497184358,54.38644276413408,5,text_en_1919
2513,88.26313357519552,54.269403657988825,5,text_en_1919
2514,90.83799391039105,54.269403657988825,5,text_en_1919
2515,86.74162519530725,54.152364551843576,5,text_en_1919
2516,89.7846419550838,54.152364551843576,5,text_en_1919
2517,84.75196039083798,54.03532544569833,5,text_en_1919
2518,88.14609446905027,54.03532544569833,5,text_en_1919
2519,90.9550330165363,54.03532544569833,5,text_en_1919
2520,86.03939055843576,53.91828633955308,5,text_en_1919
2521,89.08240731821229,53.91828633955308,5,text_en_1919
2522,91.77430675955307,53.91828633955308,5,text_en_1919
2523,87.56089893832402,53.80124723340782,5,text_en_1919
2524,90.7209548042458,53.80124723340782,5,text_en_1919
2525,86.8586643014525,53.68420812726257,5,text_en_1919
2526,90.13575927351954,53.68420812726257,5,text_en_1919
2527,86.156429664581,53.56716902111732,5,text_en_1919
2528,89.31648553050279,53.56716902111732,5,text_en_1919
2529,86.97570340759776,53.45012991497207,5,text_en_1919
2530,84.98603860312849,53.33309080882682,5,text_en_1919
2531,87.91201625675977,53.33309080882682,5,text_en_1919
2532,86.97570340759776,53.21605170268157,5,text_en_1919
2533,84.51788217854748,52.98197349039106,5,text_en_1919
2534,23.774586089162007,52.74789527810056,5,text_en_1919
2535,23.540507876871505,52.279738853519554,5,text_en_1919
2536,23.540507876871505,52.04566064122905,5,text_en_1919
2537,21.901960390837985,51.81158242893855,5,text_en_1919
2538,19.67821737407821,51.460465110502795,5,text_en_1919
2539,20.84860843553072,51.22638689821229,5,text_en_1919
2540,92.00838497184358,51.10934779206704,5,text_en_1919
2541,91.77430675955307,50.99230868592179,5,text_en_1919
2542,19.795256480223458,50.875269579776536,5,text_en_1919
2543,19.327100055642454,50.758230473631286,5,text_en_1919
2544,18.85894363106145,50.64119136748604,5,text_en_1919
2545,92.35950229027932,50.64119136748604,5,text_en_1919
2546,21.901960390837985,50.52415226134078,5,text_en_1919
2547,19.56117826793296,50.40711315519553,5,text_en_1919
2548,92.59358050256984,50.40711315519553,5,text_en_1919
2549,21.43380396625698,50.29007404905028,5,text_en_1919
2550,17.220396145027927,50.173034942905026,5,text_en_1919
2551,21.901960390837985,50.173034942905026,5,text_en_1919
2552,17.220396145027927,50.05599583675978,5,text_en_1919
2553,92.12542407798882,50.05599583675978,5,text_en_1919
2554,20.96564754167597,49.93895673061453,5,text_en_1919
2555,92.71061960871508,49.93895673061453,5,text_en_1919
2556,91.77430675955307,49.82191762446927,5,text_en_1919
2557,16.635200614301674,49.70487851832402,5,text_en_1919
2558,92.47654139642458,49.70487851832402,5,text_en_1919
2559,21.43380396625698,49.587839412178774,5,text_en_1919
2560,16.16704418972067,49.47080030603352,5,text_en_1919
2561,91.89134586569833,49.47080030603352,5,text_en_1919
2562,16.635200614301674,49.35376119988827,5,text_en_1919
2563,92.71061960871508,49.35376119988827,5,text_en_1919
2564,91.89134586569833,49.23672209374302,5,text_en_1919
2565,20.84860843553072,49.11968298759776,5,text_en_1919
2566,92.71061960871508,49.11968298759776,5,text_en_1919
2567,91.77430675955307,49.002643881452514,5,text_en_1919
2568,21.199725753966476,48.885604775307264,5,text_en_1919
2569,20.84860843553072,48.768565669162015,5,text_en_1919
2570,85.68827324,48.768565669162015,5,text_en_1919
2571,92.59358050256984,48.768565669162015,5,text_en_1919
2572,85.10307770927375,48.65152656301676,5,text_en_1919
2573,87.67793804446927,48.65152656301676,5,text_en_1919
2574,89.43352463664804,48.65152656301676,5,text_en_1919
2575,91.07207212268156,48.65152656301676,5,text_en_1919
2576,21.199725753966476,48.53448745687151,5,text_en_1919
2577,86.03939055843576,48.53448745687151,5,text_en_1919
2578,88.61425089363128,48.53448745687151,5,text_en_1919
2579,90.2527983796648,48.53448745687151,5,text_en_1919
2580,92.59358050256984,48.53448745687151,5,text_en_1919
2581,84.98603860312849,48.41744835072626,5,text_en_1919
2582,87.56089893832402,48.41744835072626,5,text_en_1919
2583,89.19944642435755,48.41744835072626,5,text_en_1919
2584,90.9550330165363,48.41744835072626,5,text_en_1919
2585,20.84860843553072,48.300409244581004,5,text_en_1919
2586,85.57123413385474,48.300409244581004,5,text_en_1919
2587,88.38017268134078,48.300409244581004,5,text_en_1919
2588,90.0187201673743,48.300409244581004,5,text_en_1919
2589,92.24246318413407,48.300409244581004,5,text_en_1919
2590,85.57123413385474,48.183370138435755,5,text_en_1919
2591,87.32682072603352,48.183370138435755,5,text_en_1919
2592,88.96536821206703,48.183370138435755,5,text_en_1919
2593,90.60391569810056,48.183370138435755,5,text_en_1919
2594,18.741904524916194,48.066331032290506,5,text_en_1919
2595,86.03939055843576,48.066331032290506,5,text_en_1919
2596,87.67793804446927,48.066331032290506,5,text_en_1919
2597,89.31648553050279,48.066331032290506,5,text_en_1919
2598,91.07207212268156,48.066331032290506,5,text_en_1919
2599,92.71061960871508,48.066331032290506,5,text_en_1919
2600,85.9223514522905,47.94929192614525,5,text_en_1919
2601,87.67793804446927,47.94929192614525,5,text_en_1919
2602,89.31648553050279,47.94929192614525,5,text_en_1919
2603,92.12542407798882,47.94929192614525,5,text_en_1919
2604,84.98603860312849,47.83225282,5,text_en_1919
2605,86.62458608916201,47.83225282,5,text_en_1919
2606,88.26313357519552,47.83225282,5,text_en_1919
2607,90.13575927351954,47.83225282,5,text_en_1919
2608,19.56117826793296,47.71521371385475,5,text_en_1919
2609,85.68827324,47.71521371385475,5,text_en_1919
2610,87.32682072603352,47.71521371385475,5,text_en_1919
2611,89.08240731821229,47.71521371385475,5,text_en_1919
2612,91.30615033497207,47.71521371385475,5,text_en_1919
2613,85.10307770927375,47.598174607709495,5,text_en_1919
2614,86.74162519530725,47.598174607709495,5,text_en_1919
2615,88.49721178748604,47.598174607709495,5,text_en_1919
2616,90.7209548042458,47.598174607709495,5,text_en_1919
2617,20.146373798659212,47.481135501564246,5,text_en_1919
2618,92.47654139642458,47.481135501564246,5,text_en_1919
2619,21.082686647821227,47.24705728927374,5,text_en_1919
2620,92.59358050256984,47.13001818312849,5,text_en_1919
2621,21.55084307240223,46.895939970837986,5,text_en_1919
2622,91.89134586569833,46.77890086469274,5,text_en_1919
2623,92.00838497184358,46.66186175854749,5,text_en_1919
2624,92.12542407798882,46.54482265240224,5,text_en_1919
2625,92.24246318413407,46.42778354625698,5,text_en_1919
2626,92.00838497184358,46.31074444011173,5,text_en_1919
2627,91.89134586569833,46.193705333966484,5,text_en_1919
2628,92.00838497184358,46.07666622782123,5,text_en_1919
2629,23.306429664581003,45.84258801553073,5,text_en_1919
2630,92.00838497184358,45.72554890938547,5,text_en_1919
2631,92.47654139642458,45.608509803240224,5,text_en_1919
2632,92.00838497184358,45.37443159094972,5,text_en_1919
2633,91.77430675955307,45.14035337865922,5,text_en_1919
2634,22.721234133854743,43.5018058926257,5,text_en_1919
2635,23.774586089162007,43.38476678648045,5,text_en_1919
2636,21.199725753966476,43.15068857418994,5,text_en_1919
2637,92.47654139642458,43.15068857418994,5,text_en_1919
2638,19.795256480223458,42.916610361899444,5,text_en_1919
2639,19.210060949497205,42.79957125575419,5,text_en_1919
2640,92.00838497184358,42.79957125575419,5,text_en_1919
2641,21.43380396625698,42.68253214960894,5,text_en_1919
2642,18.039669888044692,42.56549304346369,5,text_en_1919
2643,21.199725753966476,42.56549304346369,5,text_en_1919
2644,23.774586089162007,42.56549304346369,5,text_en_1919
2645,20.146373798659212,42.44845393731843,5,text_en_1919
2646,23.89162519530726,42.44845393731843,5,text_en_1919
2647,18.624865418770945,42.331414831173184,5,text_en_1919
2648,22.604195027709494,42.331414831173184,5,text_en_1919
2649,17.57151346346368,42.214375725027935,5,text_en_1919
2650,20.84860843553072,42.214375725027935,5,text_en_1919
2651,16.40112240201117,42.09733661888268,5,text_en_1919
2652,20.26341290480447,42.09733661888268,5,text_en_1919
2653,16.98631793273743,41.98029751273743,5,text_en_1919
2654,20.84860843553072,41.98029751273743,5,text_en_1919
2655,17.454474357318432,41.86325840659218,5,text_en_1919
2656,90.83799391039105,41.86325840659218,5,text_en_1919
2657,19.67821737407821,41.746219300446924,5,text_en_1919
2658,16.98631793273743,41.629180194301675,5,text_en_1919
2659,89.90168106122906,41.629180194301675,5,text_en_1919
2660,85.10307770927375,41.512141088156426,5,text_en_1919
2661,16.98631793273743,41.39510198201118,5,text_en_1919
2662,85.9223514522905,41.39510198201118,5,text_en_1919
2663,17.688552569608937,41.27806287586592,5,text_en_1919
2664,86.97570340759776,41.27806287586592,5,text_en_1919
2665,21.901960390837985,41.16102376972067,5,text_en_1919
2666,16.40112240201117,41.04398466357542,5,text_en_1919
2667,86.39050787687151,41.04398466357542,5,text_en_1919
2668,85.68827324,40.926945557430166,5,text_en_1919
2669,84.63492128469274,40.80990645128492,5,text_en_1919
2670,89.43352463664804,40.80990645128492,5,text_en_1919
2671,87.09274251374302,40.69286734513967,5,text_en_1919
2672,85.9223514522905,40.57582823899441,5,text_en_1919
2673,85.33715592156425,40.45878913284916,5,text_en_1919
2674,86.97570340759776,40.34175002670391,5,text_en_1919
2675,88.02905536290503,40.10767181441341,5,text_en_1919
2676,20.029334692513963,39.28839807139665,5,text_en_1919
2677,19.444139161787703,38.70320254067039,5,text_en_1919
2678,23.306429664581003,38.46912432837989,5,text_en_1919
2679,24.359781619888263,38.352085222234635,5,text_en_1919
2680,23.89162519530726,38.235046116089386,5,text_en_1919
2681,23.89162519530726,38.11800700994414,5,text_en_1919
2682,22.25307770927374,38.00096790379888,5,text_en_1919
2683,20.497491117094967,37.88392879765363,5,text_en_1919
2684,24.359781619888263,37.88392879765363,5,text_en_1919
2685,21.082686647821227,37.76688969150838,5,text_en_1919
2686,90.60391569810056,37.76688969150838,5,text_en_1919
2687,21.316764860111725,37.649850585363126,5,text_en_1919
2688,24.359781619888263,37.649850585363126,5,text_en_1919
2689,22.721234133854743,37.53281147921788,5,text_en_1919
2690,20.146373798659212,37.41577237307263,5,text_en_1919
2691,17.454474357318432,37.29873326692737,5,text_en_1919
2692,22.25307770927374,37.29873326692737,5,text_en_1919
2693,19.327100055642454,37.18169416078212,5,text_en_1919
2694,22.370116815418992,37.18169416078212,5,text_en_1919
2695,90.9550330165363,37.06465505463687,5,text_en_1919
2696,91.18911122882682,36.94761594849162,5,text_en_1919
2697,18.507826312625696,36.71353773620112,5,text_en_1919
2698,19.795256480223458,36.59649863005586,5,text_en_1919
2699,18.15670899418994,36.245381311620115,5,text_en_1919
2700,27.051681061229047,26.76521371385475,5,text_en_1919
2701,80.65559167575418,26.531135501564247,5,text_en_1919
2702,81.8259827372067,26.180018183128492,5,text_en_1919
2703,79.71927882659217,25.94593997083799,5,text_en_1919
2704,81.8259827372067,25.94593997083799,5,text_en_1919
2705,28.690228547262567,25.828900864692738,5,text_en_1919
2706,81.12374810033519,25.828900864692738,5,text_en_1919
2707,27.28575927351955,25.711861758547485,5,text_en_1919
2708,79.71927882659217,25.711861758547485,5,text_en_1919
2709,81.8259827372067,25.711861758547485,5,text_en_1919
2710,81.8259827372067,25.594822652402236,5,text_en_1919
2711,27.51983748581005,25.24370533396648,5,text_en_1919
2712,27.4027983796648,24.892588015530727,5,text_en_1919
2713,27.4027983796648,24.658509803240225,5,text_en_1919
2714,40.511178267932955,19.27471092055866,5,text_en_1919
2715,66.72793804446927,19.040632708268156,5,text_en_1919
2716,67.43017268134078,18.923593602122907,5,text_en_1919
2717,40.62821737407821,18.6895153898324,5,text_en_1919
2718,40.97933469251396,18.572476283687152,5,text_en_1919
2719,40.1600609494972,18.4554371775419,5,text_en_1919
2720,67.31313357519552,18.4554371775419,5,text_en_1919
2721,66.72793804446927,18.33839807139665,5,text_en_1919
2722,66.61089893832403,18.221358965251397,5,text_en_1919
2723,65.55754698301675,18.104319859106145,5,text_en_1919
2724,65.20642966458101,17.987280752960896,5,text_en_1919
2725,64.85531234614525,17.870241646815643,5,text_en_1919
2726,64.15307770927375,17.63616343452514,5,text_en_1919
2727,63.567882178547485,17.402085222234636,5,text_en_1919
2728,40.27710005564246,17.168007009944134,5,text_en_1919
2729,46.83128999977653,17.050967903798885,5,text_en_1919
2730,46.24609446905028,16.933928797653632,5,text_en_1919
2731,48.5868765919553,16.933928797653632,5,text_en_1919
2732,47.41648553050279,16.81688969150838,5,text_en_1919
2733,68.71760284893854,16.81688969150838,5,text_en_1919
2734,48.469837485810054,16.69985058536313,5,text_en_1919
2735,57.95000508357541,16.69985058536313,5,text_en_1919
2736,46.948329105921786,16.582811479217877,5,text_en_1919
2737,49.28911122882681,16.582811479217877,5,text_en_1919
2738,57.013692234413405,16.582811479217877,5,text_en_1919
2739,46.71425089363128,16.465772373072625,5,text_en_1919
2740,49.28911122882681,16.465772373072625,5,text_en_1919
2741,57.013692234413405,16.465772373072625,5,text_en_1919
2742,62.865647541675976,16.465772373072625,5,text_en_1919
2743,48.469837485810054,16.348733266927375,5,text_en_1919
2744,56.07737938525139,16.348733266927375,5,text_en_1919
2745,58.06704418972067,16.348733266927375,5,text_en_1919
2746,68.8346419550838,16.348733266927375,5,text_en_1919
2747,48.352798379664804,16.231694160782123,5,text_en_1919
2748,56.07737938525139,16.231694160782123,5,text_en_1919
2749,62.16341290480447,16.231694160782123,5,text_en_1919
2750,49.055033016536306,16.114655054636874,5,text_en_1919
2751,57.013692234413405,16.114655054636874,5,text_en_1919
2752,45.54385983217877,15.997615948491621,5,text_en_1919
2753,49.757267653407816,15.997615948491621,5,text_en_1919
2754,57.95000508357541,15.997615948491621,5,text_en_1919
2755,48.93799391039106,15.880576842346368,5,text_en_1919
2756,57.36480955284916,15.880576842346368,5,text_en_1919
2757,69.65391569810055,15.880576842346368,5,text_en_1919
2758,56.66257491597765,15.763537736201116,5,text_en_1919
2759,69.65391569810055,15.763537736201116,5,text_en_1919
2760,58.30112240201117,15.646498630055866,5,text_en_1919
2761,51.62989335173184,15.529459523910617,5,text_en_1919
2762,67.07905536290502,15.529459523910617,5,text_en_1919
2763,52.2150888824581,15.412420417765361,5,text_en_1919
2764,58.30112240201117,15.412420417765361,5,text_en_1919
2765,51.746932457877094,15.295381311620112,5,text_en_1919
2766,58.30112240201117,15.295381311620112,5,text_en_1919
2767,40.1600609494972,15.178342205474863,5,text_en_1919
2768,57.598887765139665,15.178342205474863,5,text_en_1919
2769,68.95168106122905,15.178342205474863,5,text_en_1919
2770,51.746932457877094,15.061303099329606,5,text_en_1919
2771,58.18408329586592,15.061303099329606,5,text_en_1919
2772,68.8346419550838,15.061303099329606,5,text_en_1919
2773,46.59721178748603,14.944263993184357,5,text_en_1919
2774,57.715926871284914,14.944263993184357,5,text_en_1919
2775,69.18575927351955,14.944263993184357,5,text_en_1919
2776,51.39581513944134,14.827224887039108,5,text_en_1919
2777,58.18408329586592,14.827224887039108,5,text_en_1919
2778,45.42682072603351,14.710185780893852,5,text_en_1919
2779,51.51285424558659,14.710185780893852,5,text_en_1919
2780,58.30112240201117,14.710185780893852,5,text_en_1919
2781,45.30978161988826,14.593146674748603,5,text_en_1919
2782,52.09804977631285,14.593146674748603,5,text_en_1919
2783,58.30112240201117,14.593146674748603,5,text_en_1919
2784,40.62821737407821,14.476107568603354,5,text_en_1919
2785,57.36480955284916,14.476107568603354,5,text_en_1919
2786,39.22374810033519,14.359068462458104,5,text_en_1919
2787,57.598887765139665,14.359068462458104,5,text_en_1919
2788,57.130731340558654,14.242029356312848,5,text_en_1919
2789,65.08939055843575,14.242029356312848,5,text_en_1919
2790,58.30112240201117,14.124990250167599,5,text_en_1919
2791,69.18575927351955,14.124990250167599,5,text_en_1919
2792,57.24777044670391,14.00795114402235,5,text_en_1919
2793,69.30279837966481,14.00795114402235,5,text_en_1919
2794,57.130731340558654,13.890912037877094,5,text_en_1919
2795,47.767602848938544,13.773872931731844,5,text_en_1919
2796,57.130731340558654,13.773872931731844,5,text_en_1919
2797,47.767602848938544,13.656833825586595,5,text_en_1919
2798,50.10838497184357,13.656833825586595,5,text_en_1919
2799,39.57486541877095,13.539794719441339,5,text_en_1919
2800,48.93799391039106,13.539794719441339,5,text_en_1919
2801,57.83296597743016,13.539794719441339,5,text_en_1919
2802,47.884641955083794,13.42275561329609,5,text_en_1919
2803,49.87430675955307,13.42275561329609,5,text_en_1919
2804,57.83296597743016,13.42275561329609,5,text_en_1919
2805,48.1187201673743,13.30571650715084,5,text_en_1919
2806,49.757267653407816,13.30571650715084,5,text_en_1919
2807,57.24777044670391,13.30571650715084,5,text_en_1919
2808,47.41648553050279,13.188677401005584,5,text_en_1919
2809,49.87430675955307,13.188677401005584,5,text_en_1919
2810,57.598887765139665,13.188677401005584,5,text_en_1919
2811,48.1187201673743,13.071638294860335,5,text_en_1919
2812,50.92765871486033,13.071638294860335,5,text_en_1919
2813,38.63855256960893,12.954599188715086,5,text_en_1919
2814,49.28911122882681,12.954599188715086,5,text_en_1919
2815,57.715926871284914,12.954599188715086,5,text_en_1919
2816,49.17207212268156,12.83756008256983,5,text_en_1919
2817,57.24777044670391,12.83756008256983,5,text_en_1919
2818,39.6919045249162,12.72052097642458,5,text_en_1919
2819,67.78128999977653,12.72052097642458,5,text_en_1919
2820,39.80894363106145,12.486442764134075,5,text_en_1919
2821,58.30112240201117,12.369403657988826,5,text_en_1919
2822,58.30112240201117,12.252364551843577,5,text_en_1919
2823,67.19609446905028,12.13532544569832,5,text_en_1919
2824,57.598887765139665,11.901247233407823,5,text_en_1919
2825,58.30112240201117,11.784208127262573,5,text_en_1919
2826,58.41816150815642,11.667169021117317,5,text_en_1919
2827,58.65223972044692,11.550129914972068,5,text_en_1919
2828,58.30112240201117,11.316051702681563,5,text_en_1919
2829,57.715926871284914,11.081973490391064,5,text_en_1919
2830,57.83296597743016,10.964934384245808,5,text_en_1919
2831,57.598887765139665,10.73085617195531,5,text_en_1919
2832,58.18408329586592,10.613817065810053,5,text_en_1919
2833,57.95000508357541,10.496777959664804,5,text_en_1919
2834,49.28911122882681,10.379738853519555,5,text_en_1919
2835,47.767602848938544,10.262699747374299,5,text_en_1919
2836,58.18408329586592,10.262699747374299,5,text_en_1919
2837,49.17207212268156,10.14566064122905,5,text_en_1919
2838,49.055033016536306,10.0286215350838,5,text_en_1919
2839,57.598887765139665,9.911582428938544,5,text_en_1919
